seed,time,node,split,accuracy,macro_f1
7,0,a,test,0.11040787398815155,0.05405026925291594
7,0,b,test,0.23456789553165436,0.10732214201311825
7,0,c,test,0.21789321303367615,0.13783978267355482
7,0,d,test,0.14996495842933655,0.07429599770282741
7,0,e,test,0.2177894115447998,0.1010250270949094
7,0,f,test,0.19284148514270782,0.07944344731934942
7,0,g,test,0.15214477479457855,0.0896970262718692
7,0,h,test,0.17192982137203217,0.10669397148301062
7,0,i,test,0.13601532578468323,0.08660943238429324
7,900,a,test,0.3706047832965851,0.28180428748584824
7,900,b,test,0.40805718302726746,0.28304202680414703
7,900,c,test,0.341269850730896,0.22849634529592255
7,900,d,test,0.3889278173446655,0.2523811721466523
7,900,e,test,0.3996075987815857,0.251642165447999
7,900,f,test,0.2578524351119995,0.15835642021984178
7,900,g,test,0.26474529504776,0.17604468898692804
7,900,h,test,0.3347368538379669,0.18757768085968474
7,900,i,test,0.39846742153167725,0.2524062233589088
7,1800,a,test,0.39381152391433716,0.30669083161650534
7,1800,b,test,0.38336580991744995,0.24320507450832707
7,1800,c,test,0.35137084126472473,0.24235739962774383
7,1800,d,test,0.38402241468429565,0.22924587669586483
7,1800,e,test,0.45585349202156067,0.29256604542407655
7,1800,f,test,0.36596056818962097,0.27936163918879925
7,1800,g,test,0.3411528170108795,0.17356969145399462
7,1800,h,test,0.4624561369419098,0.3693533301140876
7,1800,i,test,0.4367816150188446,0.2954712019547807
7,2700,a,test,0.400140643119812,0.25509360033499456
7,2700,b,test,0.44574397802352905,0.28562168549658423
7,2700,c,test,0.35137084126472473,0.20591804446926773
7,2700,d,test,0.3742116391658783,0.25706847930967924
7,2700,e,test,0.4460431635379791,0.28326978069959213
7,2700,f,test,0.3805697560310364,0.3014082025133143
7,2700,g,test,0.3545576333999634,0.17660491442816809
7,2700,h,test,0.5256140232086182,0.4194302660509741
7,2700,i,test,0.4469987154006958,0.30269249113130053
7,3600,a,test,0.4170182943344116,0.2692307220762525
7,3600,b,test,0.44899284839630127,0.28750856781611844
7,3600,c,test,0.39177489280700684,0.28185071080343654
7,3600,d,test,0.3826208710670471,0.23512298545524998
7,3600,e,test,0.45192936062812805,0.2953794970165887
7,3600,f,test,0.42147552967071533,0.34293667098601904
7,3600,g,test,0.35053619742393494,0.18758819659419132
7,3600,h,test,0.5199999809265137,0.40880592264026366
7,3600,i,test,0.43742018938064575,0.2966005322414826
7,4500,a,test,0.424753874540329,0.33255172812364375
7,4500,b,test,0.42690059542655945,0.2791234030937974
7,4500,c,test,0.4365079402923584,0.3484414949783054
7,4500,d,test,0.404344767332077,0.2532479572846407
7,4500,e,test,0.5029430985450745,0.4011378557355633
7,4500,f,test,0.40905770659446716,0.3365227940857887
7,4500,g,test,0.35053619742393494,0.18294472612359733
7,4500,h,test,0.46877193450927734,0.35566812648131263
7,4500,i,test,0.4380587339401245,0.29686993922698696
7,5400,a,test,0.45358648896217346,0.39209469110889783
7,5400,b,test,0.43534761667251587,0.31275862062267185
7,5400,c,test,0.42496392130851746,0.33647171838564444
7,5400,d,test,0.3784162700176239,0.19200965728464814
7,5400,e,test,0.5487246513366699,0.4476433002788534
7,5400,f,test,0.3893352746963501,0.31568306457775974
7,5400,g,test,0.3538874089717865,0.18702076777505383
7,5400,h,test,0.43578946590423584,0.33076262654935235
7,5400,i,test,0.46998724341392517,0.3533763848524638
7,6300,a,test,0.4669479727745056,0.4152282623882817
7,6300,b,test,0.4691357910633087,0.34807925298071646
7,6300,c,test,0.3874458968639374,0.2666852550266922
7,6300,d,test,0.398037850856781,0.23900446047109225
7,6300,e,test,0.48201438784599304,0.3731954846535475
7,6300,f,test,0.40175309777259827,0.34117040381960256
7,6300,g,test,0.41487935185432434,0.30305425441276074
7,6300,h,test,0.4568420946598053,0.3837201861098798
7,6300,i,test,0.46424010396003723,0.3380374197221139
7,7200,a,test,0.4810126721858978,0.43694268661061786
7,7200,b,test,0.4554905891418457,0.29693009527401076
7,7200,c,test,0.43073591589927673,0.3255042009635045
7,7200,d,test,0.428871750831604,0.3126640211958087
7,7200,e,test,0.48201438784599304,0.3766904260109583
7,7200,f,test,0.4426588714122772,0.388943518346418
7,7200,g,test,0.3766756057739258,0.2387129331737998
7,7200,h,test,0.4842105209827423,0.39487393057727166
7,7200,i,test,0.48403576016426086,0.3833109800180709
7,8100,a,test,0.4873417615890503,0.377263773715093
7,8100,b,test,0.47823262214660645,0.32321322273580666
7,8100,c,test,0.4062049090862274,0.28299075953540725
7,8100,d,test,0.47792571783065796,0.415944976068977
7,8100,e,test,0.5101373195648193,0.4213013818039393
7,8100,f,test,0.48794740438461304,0.4727966317152015
7,8100,g,test,0.37466487288475037,0.22855345404697236
7,8100,h,test,0.464561402797699,0.35728906555671247
7,8100,i,test,0.4859514832496643,0.3714647936919613
7,9000,a,test,0.4760900139808655,0.4001781187817672
7,9000,b,test,0.5146198868751526,0.3946949549974137
7,9000,c,test,0.4025973975658417,0.2837593776248497
7,9000,d,test,0.4660126268863678,0.3918720235374234
7,9000,e,test,0.5461085438728333,0.46323933520575017
7,9000,f,test,0.5032870769500732,0.45844716480898
7,9000,g,test,0.40750670433044434,0.29212968502774667
7,9000,h,test,0.5214034914970398,0.4410413582936803
7,9000,i,test,0.5510855913162231,0.5116540751247858
7,9900,a,test,0.4817158877849579,0.4179151428565559
7,9900,b,test,0.4821312427520752,0.3373940496396357
7,9900,c,test,0.4199134111404419,0.3094795850091225
7,9900,d,test,0.4940434396266937,0.4202800731700105
7,9900,e,test,0.5624591112136841,0.48609283400591147
7,9900,f,test,0.5237399339675903,0.5013901298586273
7,9900,g,test,0.43699732422828674,0.34534092937144667
7,9900,h,test,0.5263158082962036,0.45765354999392405
7,9900,i,test,0.5363984704017639,0.47109280619199767
7,10800,a,test,0.5239099860191345,0.4884586176320444
7,10800,b,test,0.5451592206954956,0.4507259448704665
7,10800,c,test,0.44733044505119324,0.4066278633701271
7,10800,d,test,0.5003503561019897,0.42840276444260655
7,10800,e,test,0.577501654624939,0.5248834992290142
7,10800,f,test,0.532505452632904,0.506315465697904
7,10800,g,test,0.4383378028869629,0.3452910013829393
7,10800,h,test,0.5712280869483948,0.512052012670318
7,10800,i,test,0.532567024230957,0.44567672086015936
7,11700,a,test,0.5098453164100647,0.4616663554443074
7,11700,b,test,0.5334632992744446,0.42393828961844027
7,11700,c,test,0.4292929172515869,0.37266879719914253
7,11700,d,test,0.5466012358665466,0.516524320280251
7,11700,e,test,0.6409417986869812,0.5981972002417707
7,11700,f,test,0.5814462900161743,0.5525356659363593
7,11700,g,test,0.40013405680656433,0.27470043763641544
7,11700,h,test,0.5810526609420776,0.5022341924153996
7,11700,i,test,0.5453384518623352,0.46254621432469545
7,12600,a,test,0.5091420412063599,0.4412802404008824
7,12600,b,test,0.5100714564323425,0.37157561338468087
7,12600,c,test,0.4668109714984894,0.38300927742204904
7,12600,d,test,0.5024526715278625,0.4406796640498201
7,12600,e,test,0.6180509924888611,0.5723742655259632
7,12600,f,test,0.6055514812469482,0.6034452137334755
7,12600,g,test,0.4034852683544159,0.27120860038406464
7,12600,h,test,0.6056140065193176,0.5426095937690182
7,12600,i,test,0.5555555820465088,0.495547927519758
7,13500,a,test,0.5077356100082397,0.4524765056751983
7,13500,b,test,0.5711501240730286,0.48281637974838604
7,13500,c,test,0.4675324559211731,0.39529702224253355
7,13500,d,test,0.4898388087749481,0.41796674660951844
7,13500,e,test,0.6474820375442505,0.6127125656037864
7,13500,f,test,0.5938641428947449,0.575093917646793
7,13500,g,test,0.4336461126804352,0.32285500948045365
7,13500,h,test,0.6196491122245789,0.5513971944738493
7,13500,i,test,0.5510855913162231,0.4675754732467348
7,14400,a,test,0.5147679448127747,0.4710273540325079
7,14400,b,test,0.574398934841156,0.4837190220702435
7,14400,c,test,0.4740259647369385,0.42763664852891853
7,14400,d,test,0.5858444571495056,0.5621780662784828
7,14400,e,test,0.6599084138870239,0.6241773417964348
7,14400,f,test,0.6384221911430359,0.6269491113016756
7,14400,g,test,0.4376675486564636,0.33531239431013365
7,14400,h,test,0.6245614290237427,0.5615608554445103
7,14400,i,test,0.5798212289810181,0.5079310639381288
7,15300,a,test,0.5661040544509888,0.5389772595791322
7,15300,b,test,0.5912930369377136,0.5053358453173599
7,15300,c,test,0.46320345997810364,0.4109825252367438
7,15300,d,test,0.5648213028907776,0.532550692476393
7,15300,e,test,0.6638325452804565,0.6285527214873684
7,15300,f,test,0.6084733605384827,0.5644420750145104
7,15300,g,test,0.4530830979347229,0.35603142189787856
7,15300,h,test,0.6028070449829102,0.5535307162048492
7,15300,i,test,0.6079182624816895,0.6081789626300208
7,16200,a,test,0.5112517476081848,0.47247511994183555
7,16200,b,test,0.5964912176132202,0.5119487671312781
7,16200,c,test,0.47258296608924866,0.4298904167872805
7,16200,d,test,0.5550104975700378,0.4963665735702192
7,16200,e,test,0.658600389957428,0.6153750532867764
7,16200,f,test,0.5931336879730225,0.575003467646655
7,16200,g,test,0.46179625391960144,0.3875328913734429
7,16200,h,test,0.621052622795105,0.58315043744102
7,16200,i,test,0.6174967885017395,0.5741900628589452
7,17100,a,test,0.5541490912437439,0.5015015675686997
7,17100,b,test,0.5977907776832581,0.5119993196705135
7,17100,c,test,0.48701298236846924,0.41159682765207234
7,17100,d,test,0.6299930214881897,0.6050924182581041
7,17100,e,test,0.6514061689376831,0.6022640877633638
7,17100,f,test,0.6559532284736633,0.6492168568571438
7,17100,g,test,0.5013405084609985,0.4448450116801182
7,17100,h,test,0.609824538230896,0.5735973933340107
7,17100,i,test,0.5727969408035278,0.501721120556954
7,18000,a,test,0.547819972038269,0.4844090295551173
7,18000,b,test,0.6114360094070435,0.5212642900186427
7,18000,c,test,0.4783549904823303,0.4372283304480559
7,18000,d,test,0.6412053108215332,0.6186718078663406
7,18000,e,test,0.6860693097114563,0.6431979668589517
7,18000,f,test,0.6603360176086426,0.6576740612281254
7,18000,g,test,0.487265408039093,0.39789929149462017
7,18000,h,test,0.6329824328422546,0.6150246139776622
7,18000,i,test,0.5957854390144348,0.5541902886186497
7,18900,a,test,0.5569620132446289,0.5355479058113044
7,18900,b,test,0.61208575963974,0.5325037906880902
7,18900,c,test,0.5014430284500122,0.4406466940507919
7,18900,d,test,0.6594253778457642,0.6485888669813337
7,18900,e,test,0.6919555068016052,0.661620642397405
7,18900,f,test,0.6676406264305115,0.6457277411954531
7,18900,g,test,0.44436997175216675,0.3329036962697302
7,18900,h,test,0.6631578803062439,0.6119324607240997
7,18900,i,test,0.6098339557647705,0.5604578532166621
7,19800,a,test,0.5675105452537537,0.551406750662106
7,19800,b,test,0.5971410274505615,0.4902674952517367
7,19800,c,test,0.4920634925365448,0.45540487811869906
7,19800,d,test,0.6454099416732788,0.6226531880413567
7,19800,e,test,0.7279267311096191,0.7062267416625424
7,19800,f,test,0.701972246170044,0.693838092915004
7,19800,g,test,0.5227882266044617,0.4620469428244445
7,19800,h,test,0.6421052813529968,0.6256773117532829
7,19800,i,test,0.6219667792320251,0.5848436340402027
7,20700,a,test,0.5330520272254944,0.5099580192174878
7,20700,b,test,0.6250812411308289,0.5342227023601133
7,20700,c,test,0.4675324559211731,0.4469597933952179
7,20700,d,test,0.6559215188026428,0.6333257525909355
7,20700,e,test,0.7200784683227539,0.6907014778719652
7,20700,f,test,0.7165814638137817,0.7121241589818226
7,20700,g,test,0.5046916604042053,0.431236723426786
7,20700,h,test,0.6849122643470764,0.6678973435060569
7,20700,i,test,0.6360152959823608,0.6021094926597543
7,21600,a,test,0.6033755540847778,0.5956534334620187
7,21600,b,test,0.6159843802452087,0.5277008647136641
7,21600,c,test,0.5036075115203857,0.45599982296506214
7,21600,d,test,0.6783461570739746,0.6612897506955954
7,21600,e,test,0.7122302055358887,0.6820515808185066
7,21600,f,test,0.694667637348175,0.6831479039561802
7,21600,g,test,0.540214478969574,0.4801029496667648
7,21600,h,test,0.6736842393875122,0.6098518774673248
7,21600,i,test,0.6590038537979126,0.6366044308448181
7,22500,a,test,0.5611814260482788,0.5427585507771138
7,22500,b,test,0.638076663017273,0.5573766472057091
7,22500,c,test,0.5101010203361511,0.45002223326548746
7,22500,d,test,0.7119832038879395,0.7099442613003396
7,22500,e,test,0.7207325100898743,0.6874369744779091
7,22500,f,test,0.718772828578949,0.7164134639065964
7,22500,g,test,0.5878016352653503,0.5573488893959668
7,22500,h,test,0.6554386019706726,0.6279133044705815
7,22500,i,test,0.6704980731010437,0.6590243808261526
7,23400,a,test,0.5421940684318542,0.5226872576832774
7,23400,b,test,0.6341780424118042,0.550634540395216
7,23400,c,test,0.5173160433769226,0.4733378787888705
7,23400,d,test,0.7084793448448181,0.7022924581152935
7,23400,e,test,0.7279267311096191,0.7038759565585563
7,23400,f,test,0.6968590021133423,0.6819544374479055
7,23400,g,test,0.5764074921607971,0.5518315145051348
7,23400,h,test,0.6575438380241394,0.6333096348774375
7,23400,i,test,0.6756066679954529,0.6449676044051512
7,24300,a,test,0.5921237468719482,0.5621234670764056
7,24300,b,test,0.6432748436927795,0.5855944923773456
7,24300,c,test,0.47907647490501404,0.4661238496060301
7,24300,d,test,0.6909600496292114,0.6721792144498012
7,24300,e,test,0.7331589460372925,0.7165348099476881
7,24300,f,test,0.7231556177139282,0.72280950659967
7,24300,g,test,0.580428957939148,0.5369345828580302
7,24300,h,test,0.653333306312561,0.6278988330507274
7,24300,i,test,0.6679438352584839,0.6325623972975937
7,25200,a,test,0.6104078888893127,0.594780253133009
7,25200,b,test,0.6504223346710205,0.580046617330431
7,25200,c,test,0.49711400270462036,0.46209416158110245
7,25200,d,test,0.7049754858016968,0.6928203918063581
7,25200,e,test,0.742969274520874,0.7210548227685325
7,25200,f,test,0.6785975098609924,0.6648562554503116
7,25200,g,test,0.6266756057739258,0.6242659152747563
7,25200,h,test,0.6933333277702332,0.6798116811169058
7,25200,i,test,0.6768837571144104,0.6332226703426453
7,26100,a,test,0.5689170360565186,0.5534669577776118
7,26100,b,test,0.6575698256492615,0.587615729052468
7,26100,c,test,0.47979798913002014,0.44220020589785847
7,26100,d,test,0.7330062985420227,0.7273246639702705
7,26100,e,test,0.7567037343978882,0.7339321490689353
7,26100,f,test,0.7377647757530212,0.7353446239476386
7,26100,g,test,0.5851206183433533,0.5381643961343822
7,26100,h,test,0.7073684334754944,0.6927844013123616
7,26100,i,test,0.6928480267524719,0.6728182894800657
7,27000,a,test,0.5900140404701233,0.5397581083250659
7,27000,b,test,0.6491228342056274,0.5761733459074049
7,27000,c,test,0.5173160433769226,0.5176189656055011
7,27000,d,test,0.6867554187774658,0.6711478971039617
7,27000,e,test,0.7364290356636047,0.7178217616592656
7,27000,f,test,0.7158510088920593,0.7067620320125211
7,27000,g,test,0.6052278876304626,0.5831416649656612
7,27000,h,test,0.6842105388641357,0.666359270154632
7,27000,i,test,0.6743295192718506,0.636105583921985
7,27900,a,test,0.6097046136856079,0.5997947858685946
7,27900,b,test,0.6653671264648438,0.5784062997123758
7,27900,c,test,0.5303030014038086,0.4971125159182999
7,27900,d,test,0.733707070350647,0.729085723565067
7,27900,e,test,0.7580117583274841,0.7394750281731995
7,27900,f,test,0.7392256855964661,0.7351713981959497
7,27900,g,test,0.5723860859870911,0.5311204798294967
7,27900,h,test,0.6982455849647522,0.6899960884654078
7,27900,i,test,0.7349936366081238,0.7171661226718312
7,28800,a,test,0.607594907283783,0.580498859828025
7,28800,b,test,0.6868095993995667,0.6332199708127944
7,28800,c,test,0.551948070526123,0.49198084982091367
7,28800,d,test,0.7330062985420227,0.7247222123164258
7,28800,e,test,0.7704381942749023,0.7537466760173066
7,28800,f,test,0.752373993396759,0.7512811429065348
7,28800,g,test,0.5784182548522949,0.5383143651615886
7,28800,h,test,0.7207017540931702,0.7140366900997613
7,28800,i,test,0.7420178651809692,0.727939471325724
7,29700,a,test,0.5682137608528137,0.5491244694764454
7,29700,b,test,0.6796621084213257,0.6104960959887868
7,29700,c,test,0.5505050420761108,0.5451105903606129
7,29700,d,test,0.7358093857765198,0.728247623012131
7,29700,e,test,0.7658600211143494,0.7493022776279545
7,29700,f,test,0.7406866550445557,0.7363378960140522
7,29700,g,test,0.6320375204086304,0.6069715681081265
7,29700,h,test,0.7319298386573792,0.7223721391225563
7,29700,i,test,0.7273308038711548,0.7030221551691133
7,30600,a,test,0.5773558616638184,0.5512355747085906
7,30600,b,test,0.6939570903778076,0.6338047760623646
7,30600,c,test,0.5598845481872559,0.5427865249739332
7,30600,d,test,0.7589348554611206,0.7548788282795926
7,30600,e,test,0.7586658000946045,0.7392481202179394
7,30600,f,test,0.7421475648880005,0.7332393534979579
7,30600,g,test,0.6246649026870728,0.6114193958404934
7,30600,h,test,0.7256140112876892,0.7156430011480945
7,30600,i,test,0.7311621904373169,0.7063391430864191
7,31500,a,test,0.6090013980865479,0.5666775779211956
7,31500,b,test,0.7024041414260864,0.6492744996985828
7,31500,c,test,0.5382395386695862,0.5225053402960568
7,31500,d,test,0.7414155602455139,0.7360126802248196
7,31500,e,test,0.7769784331321716,0.7626745936429957
7,31500,f,test,0.7567567825317383,0.7546072401625444
7,31500,g,test,0.5904825925827026,0.5475506469371052
7,31500,h,test,0.7326315641403198,0.7209522706681989
7,31500,i,test,0.7298850417137146,0.7060396549472233
7,32400,a,test,0.594936728477478,0.5806128164738553
7,32400,b,test,0.6894087195396423,0.6350087568842787
7,32400,c,test,0.5728715658187866,0.5664807606920365
7,32400,d,test,0.7323055267333984,0.722346337097063
7,32400,e,test,0.7625899314880371,0.7466022617605635
7,32400,f,test,0.7494521737098694,0.7431566958689998
7,32400,g,test,0.6689007878303528,0.663536749676476
7,32400,h,test,0.7382456064224243,0.7332577502231595
7,32400,i,test,0.7145593762397766,0.6758882830648257
7,33300,a,test,0.6230661273002625,0.6097508191209164
7,33300,b,test,0.7115010023117065,0.6695120186712802
7,33300,c,test,0.5454545617103577,0.5240261132601058
7,33300,d,test,0.7589348554611206,0.7535060723176028
7,33300,e,test,0.7802485227584839,0.7634342171299265
7,33300,f,test,0.7494521737098694,0.7437000480717796
7,33300,g,test,0.6494638323783875,0.6276989304168508
7,33300,h,test,0.7066666483879089,0.6927750697857274
7,33300,i,test,0.7381864786148071,0.7165537017007488
7,34200,a,test,0.6188467144966125,0.6062386229104528
7,34200,b,test,0.7082521319389343,0.6603973216293983
7,34200,c,test,0.5721500515937805,0.5436474897554672
7,34200,d,test,0.7463209629058838,0.7415205085417851
7,34200,e,test,0.7606278657913208,0.74345870122539
7,34200,f,test,0.7501826286315918,0.7446165958281612
7,34200,g,test,0.6474530696868896,0.6297441184104172
7,34200,h,test,0.7424561381340027,0.7233071297829338
7,34200,i,test,0.7439336180686951,0.7189377751993326
7,35100,a,test,0.6104078888893127,0.5843551397639944
7,35100,b,test,0.7316439151763916,0.6970986085227181
7,35100,c,test,0.5656565427780151,0.536397904296827
7,35100,d,test,0.7491240501403809,0.7483099530561755
7,35100,e,test,0.7809025645256042,0.7656412110809385
7,35100,f,test,0.7720963954925537,0.7727816009348653
7,35100,g,test,0.6427614092826843,0.6292413354555876
7,35100,h,test,0.750175416469574,0.7456215200899973
7,35100,i,test,0.7707535028457642,0.7587792008669925
7,36000,a,test,0.6286919713020325,0.6194572284397643
7,36000,b,test,0.7063028216362,0.6567114832657842
7,36000,c,test,0.5490620732307434,0.5285442719003506
7,36000,d,test,0.7638401985168457,0.7620383277332788
7,36000,e,test,0.7854806780815125,0.7698551450435129
7,36000,f,test,0.7611395120620728,0.7571579359055836
7,36000,g,test,0.6608579158782959,0.64713970080635
7,36000,h,test,0.7522807121276855,0.7408036503071838
7,36000,i,test,0.7401021718978882,0.7331837682735743
7,36900,a,test,0.6666666865348816,0.6611947243717567
7,36900,b,test,0.7342430353164673,0.6961971439354578
7,36900,c,test,0.5952380895614624,0.5622286935425201
7,36900,d,test,0.7666432857513428,0.7619779915126088
7,36900,e,test,0.7946370244026184,0.7809196136816192
7,36900,f,test,0.780131459236145,0.7784399861549979
7,36900,g,test,0.667560338973999,0.6582672231749448
7,36900,h,test,0.7487719058990479,0.7362053128359757
7,36900,i,test,0.7503193020820618,0.741366677280018
7,37800,a,test,0.6694796085357666,0.6615168437311443
7,37800,b,test,0.7290448546409607,0.6779335462021371
7,37800,c,test,0.5707070827484131,0.5325081652301975
7,37800,d,test,0.7827610373497009,0.7797500138007932
7,37800,e,test,0.7979071140289307,0.7840296236055914
7,37800,f,test,0.7881665229797363,0.7869794981739441
7,37800,g,test,0.6454423666000366,0.6219650044493347
7,37800,h,test,0.7361403703689575,0.7330111055134417
7,37800,i,test,0.7650063633918762,0.75956973496025
7,38700,a,test,0.6631504893302917,0.6513081328452816
7,38700,b,test,0.7290448546409607,0.690873794677886
7,38700,c,test,0.5894660949707031,0.5654381868264471
7,38700,d,test,0.7652417421340942,0.7585868225508728
7,38700,e,test,0.7900588512420654,0.772976950545793
7,38700,f,test,0.76333087682724,0.7592131003348803
7,38700,g,test,0.6300268173217773,0.6024660997111885
7,38700,h,test,0.7515789270401001,0.7403809462693887
7,38700,i,test,0.7650063633918762,0.7571368614101743
7,39600,a,test,0.6118143200874329,0.5940780699005094
7,39600,b,test,0.7485380172729492,0.719366017785623
7,39600,c,test,0.5808081030845642,0.5536710326621445
7,39600,d,test,0.785564124584198,0.7831704408615704
7,39600,e,test,0.7907128930091858,0.7755701219253845
7,39600,f,test,0.7647918462753296,0.761356989835114
7,39600,g,test,0.6642091274261475,0.6444392240916356
7,39600,h,test,0.7628070116043091,0.7660478654554096
7,39600,i,test,0.7688378095626831,0.7625791155247049
7,40500,a,test,0.644866406917572,0.6367509102894613
7,40500,b,test,0.7407407164573669,0.7076531591145422
7,40500,c,test,0.6154401302337646,0.5950877395197957
7,40500,d,test,0.7953749299049377,0.7908970395726107
7,40500,e,test,0.8018312454223633,0.7912556542752306
7,40500,f,test,0.7735573649406433,0.7699943471361825
7,40500,g,test,0.6494638323783875,0.622775539413007
7,40500,h,test,0.7585964798927307,0.7571260519783333
7,40500,i,test,0.7662835121154785,0.7457145444911876
7,41400,a,test,0.6455696225166321,0.6392682871313705
7,41400,b,test,0.7322937250137329,0.6890469570801189
7,41400,c,test,0.630591630935669,0.6030400490452489
7,41400,d,test,0.7883672118186951,0.7824848827965559
7,41400,e,test,0.799869179725647,0.7850636865968689
7,41400,f,test,0.7691745758056641,0.7655078064283053
7,41400,g,test,0.6628686189651489,0.6380279298190978
7,41400,h,test,0.7543859481811523,0.7411364910534797
7,41400,i,test,0.7598978281021118,0.7363087181792681
7,42300,a,test,0.647679328918457,0.6404191789911541
7,42300,b,test,0.7426900863647461,0.711273434715904
7,42300,c,test,0.6053391098976135,0.5671811107529043
7,42300,d,test,0.8107918500900269,0.8090312494145248
7,42300,e,test,0.8116415739059448,0.8004300340797453
7,42300,f,test,0.7888969779014587,0.7857055094121316
7,42300,g,test,0.6843163371086121,0.6692126164696072
7,42300,h,test,0.7719298005104065,0.7653098340347565
7,42300,i,test,0.7311621904373169,0.7023115712660165
7,43200,a,test,0.6300984621047974,0.6124379829041254
7,43200,b,test,0.7576348185539246,0.7202176403196163
7,43200,c,test,0.60317462682724,0.5915923337910939
7,43200,d,test,0.8135949373245239,0.8101325441074181
7,43200,e,test,0.8090255260467529,0.7986397838077567
7,43200,f,test,0.780131459236145,0.7772545929626955
7,43200,g,test,0.6936997175216675,0.6839247777183711
7,43200,h,test,0.7712280750274658,0.7625598921541217
7,43200,i,test,0.7848020195960999,0.7751036159101387
7,44100,a,test,0.6659634113311768,0.6584545992727642
7,44100,b,test,0.7537361979484558,0.7184153658848492
7,44100,c,test,0.6060606241226196,0.5944803712988537
7,44100,d,test,0.8002803325653076,0.7954051965081351
7,44100,e,test,0.8024852871894836,0.7889255942145467
7,44100,f,test,0.7699050307273865,0.7691585668641019
7,44100,g,test,0.6977211833000183,0.7004079752063923
7,44100,h,test,0.7663158178329468,0.7564181387052251
7,44100,i,test,0.7848020195960999,0.7695993108038447
7,45000,a,test,0.6694796085357666,0.6602381634743204
7,45000,b,test,0.7290448546409607,0.6745614248242614
7,45000,c,test,0.6320346593856812,0.6004761021049131
7,45000,d,test,0.7876664400100708,0.7840794317880228
7,45000,e,test,0.8051013946533203,0.7923120920582621
7,45000,f,test,0.7874360680580139,0.7869613219393884
7,45000,g,test,0.6983914375305176,0.6987438977125725
7,45000,h,test,0.7971929907798767,0.7955685620493056
7,45000,i,test,0.7796934843063354,0.7603312332060613
7,45900,a,test,0.6715893149375916,0.6624975313362983
7,45900,b,test,0.7706303000450134,0.7415223704666314
7,45900,c,test,0.6406926512718201,0.6125670331407539
7,45900,d,test,0.8121933937072754,0.8080140017225849
7,45900,e,test,0.8129496574401855,0.7999105966904118
7,45900,f,test,0.7808619141578674,0.7785387846344097
7,45900,g,test,0.7030830979347229,0.7021157507634688
7,45900,h,test,0.7845613956451416,0.7768955646339917
7,45900,i,test,0.7713921070098877,0.7452247446414174
7,46800,a,test,0.6462728381156921,0.6391345069058109
7,46800,b,test,0.768680989742279,0.7401735053576947
7,46800,c,test,0.6161616444587708,0.5989701919002423
7,46800,d,test,0.8199018836021423,0.8143539038794493
7,46800,e,test,0.8037933111190796,0.7898298330047772
7,46800,f,test,0.8151935935020447,0.8148661953271285
7,46800,g,test,0.7104557752609253,0.7098016390481461
7,46800,h,test,0.7873684167861938,0.7818816861809746
7,46800,i,test,0.7611749768257141,0.7561802365240292
7,47700,a,test,0.696905791759491,0.689918866740845
7,47700,b,test,0.7719298005104065,0.7463401342209787
7,47700,c,test,0.6262626051902771,0.5954754174690579
7,47700,d,test,0.7988787889480591,0.7910728933936085
7,47700,e,test,0.8129496574401855,0.8006530843883803
7,47700,f,test,0.7837837934494019,0.781750420327112
7,47700,g,test,0.6829758882522583,0.6702944258459556
7,47700,h,test,0.7950876951217651,0.7872899873034518
7,47700,i,test,0.7701149582862854,0.7460386357380212
7,48600,a,test,0.6736990213394165,0.6718686615464269
7,48600,b,test,0.745289146900177,0.6916123495456219
7,48600,c,test,0.6349206566810608,0.6050832134922949
7,48600,d,test,0.8030834197998047,0.7964179953623239
7,48600,e,test,0.8234139680862427,0.8108323632207434
7,48600,f,test,0.7983930110931396,0.7971754014200445
7,48600,g,test,0.697050929069519,0.6863870386331663
7,48600,h,test,0.7978947162628174,0.795847362072679
7,48600,i,test,0.7643678188323975,0.7469841313202773
7,49500,a,test,0.6828410625457764,0.6689814904554936
7,49500,b,test,0.764132559299469,0.7293838824949107
7,49500,c,test,0.6464646458625793,0.6142662569405801
7,49500,d,test,0.8241065144538879,0.8209698897938492
7,49500,e,test,0.8116415739059448,0.795632952353952
7,49500,f,test,0.7991234660148621,0.7988273209759561
7,49500,g,test,0.7164879441261292,0.7142476296374373
7,49500,h,test,0.8028070330619812,0.7969982081494856
7,49500,i,test,0.7707535028457642,0.7500746292808719
7,50400,a,test,0.6779184341430664,0.6592738703601069
7,50400,b,test,0.7680311799049377,0.740318341148999
7,50400,c,test,0.6262626051902771,0.5991240418459676
7,50400,d,test,0.808689534664154,0.8024114565882406
7,50400,e,test,0.8168737888336182,0.8030121516144021
7,50400,f,test,0.7874360680580139,0.7851636206258359
7,50400,g,test,0.7144772410392761,0.7085772526364424
7,50400,h,test,0.8098245859146118,0.8054856149914507
7,50400,i,test,0.803320586681366,0.7975390926538671
7,51300,a,test,0.6884669661521912,0.6683207995066796
7,51300,b,test,0.7764782309532166,0.7438785670420375
7,51300,c,test,0.6673881411552429,0.6476076428842907
7,51300,d,test,0.8297126889228821,0.8256047642182032
7,51300,e,test,0.8201438784599304,0.8089826714413384
7,51300,f,test,0.806428074836731,0.8055476997236514
7,51300,g,test,0.7252010703086853,0.7238797157451886
7,51300,h,test,0.7943859696388245,0.7874996569886523
7,51300,i,test,0.7713921070098877,0.7496352153904432
7,52200,a,test,0.6954993009567261,0.6794241294551512
7,52200,b,test,0.7745289206504822,0.740041485407402
7,52200,c,test,0.6630591750144958,0.6337236268278238
7,52200,d,test,0.8311142325401306,0.8277277808156788
7,52200,e,test,0.8188358545303345,0.807179948200905
7,52200,f,test,0.7976625561714172,0.7974800802090273
7,52200,g,test,0.7184986472129822,0.7123965774880774
7,52200,h,test,0.8084210753440857,0.8108425997222178
7,52200,i,test,0.7707535028457642,0.7481352772887231
7,53100,a,test,0.6758087277412415,0.6530888488076856
7,53100,b,test,0.7738791704177856,0.7438523016377102
7,53100,c,test,0.6810966730117798,0.6638566689129707
7,53100,d,test,0.8121933937072754,0.8083661647149561
7,53100,e,test,0.8188358545303345,0.8048979326163871
7,53100,f,test,0.7896274924278259,0.7897200562391903
7,53100,g,test,0.7252010703086853,0.7263825533361498
7,53100,h,test,0.8056140542030334,0.7996221442718286
7,53100,i,test,0.7911877632141113,0.7715663382729908
7,54000,a,test,0.6701828241348267,0.6671431674096397
7,54000,b,test,0.794671893119812,0.7778326506155281
7,54000,c,test,0.649350643157959,0.640434099708458
7,54000,d,test,0.8255080580711365,0.8206313357658809
7,54000,e,test,0.8136036396026611,0.7989162419068733
7,54000,f,test,0.7881665229797363,0.7865521234242466
7,54000,g,test,0.6997318863868713,0.6821532284458175
7,54000,h,test,0.8014035224914551,0.7984087368192508
7,54000,i,test,0.7867177724838257,0.7633907621149431
7,54900,a,test,0.6933895945549011,0.6924753413859066
7,54900,b,test,0.7836257219314575,0.7579975603534059
7,54900,c,test,0.6536796689033508,0.6446649419310028
7,54900,d,test,0.834618091583252,0.8291574005866117
7,54900,e,test,0.8293002247810364,0.8172225710805389
7,54900,f,test,0.8298027515411377,0.8294518109307116
7,54900,g,test,0.7071045637130737,0.7064686371829701
7,54900,h,test,0.8133333325386047,0.811058102133051
7,54900,i,test,0.787994921207428,0.7716922872861453
7,55800,a,test,0.7229254841804504,0.7161676280528112
7,55800,b,test,0.7725796103477478,0.7369451914434748
7,55800,c,test,0.6298701167106628,0.6041205897283571
7,55800,d,test,0.8318150043487549,0.8271101063467049
7,55800,e,test,0.8221059441566467,0.8102888931785303
7,55800,f,test,0.823228657245636,0.8225755589158136
7,55800,g,test,0.7292225360870361,0.7246095267027441
7,55800,h,test,0.8119298219680786,0.8091685206317227
7,55800,i,test,0.8135376572608948,0.8084324683355794
7,56700,a,test,0.7201125025749207,0.7116305515002909
7,56700,b,test,0.8005198240280151,0.7807520980188568
7,56700,c,test,0.6746031641960144,0.6578369947930743
7,56700,d,test,0.8430273532867432,0.8398534137809112
7,56700,e,test,0.8221059441566467,0.8108909382726135
7,56700,f,test,0.8115412592887878,0.808762685533201
7,56700,g,test,0.7365951538085938,0.7379733207246671
7,56700,h,test,0.8042105436325073,0.7999259934802918
7,56700,i,test,0.7867177724838257,0.7671618092687241
7,57600,a,test,0.7018284201622009,0.686227272620461
7,57600,b,test,0.77128005027771,0.7402589119976793
7,57600,c,test,0.6558441519737244,0.6481969243647147
7,57600,d,test,0.8290119171142578,0.8218399453552375
7,57600,e,test,0.824068009853363,0.8106535783156198
7,57600,f,test,0.823228657245636,0.8227930392193943
7,57600,g,test,0.7466487884521484,0.7495963537569347
7,57600,h,test,0.8077192902565002,0.8034343816032127
7,57600,i,test,0.8014048337936401,0.7843553708772218
7,58500,a,test,0.7067510485649109,0.7039973728328053
7,58500,b,test,0.7764782309532166,0.7496438859310984
7,58500,c,test,0.6536796689033508,0.6426129767676915
7,58500,d,test,0.8409250378608704,0.8377705346212402
7,58500,e,test,0.8364944458007812,0.8251680169534747
7,58500,f,test,0.8181154131889343,0.817016471199282
7,58500,g,test,0.7345844507217407,0.7382957649294254
7,58500,h,test,0.8175438642501831,0.8149349101909159
7,58500,i,test,0.7924648523330688,0.7809913790578014
7,59400,a,test,0.7067510485649109,0.7026938704709597
7,59400,b,test,0.7849252820014954,0.7575724280964963
7,59400,c,test,0.6796537041664124,0.6430390608628975
7,59400,d,test,0.8388227224349976,0.8347844829666903
7,59400,e,test,0.828646183013916,0.8150101839387656
7,59400,f,test,0.8203067779541016,0.8192109310126824
7,59400,g,test,0.752010703086853,0.7550397253521469
7,59400,h,test,0.804912269115448,0.7990599909655515
7,59400,i,test,0.8058748245239258,0.7997940129890967
7,60300,a,test,0.7208157777786255,0.7115350698963319
7,60300,b,test,0.8076673150062561,0.7889421176493826
7,60300,c,test,0.6659451723098755,0.6479448513243208
7,60300,d,test,0.8472319841384888,0.8438020412302979
7,60300,e,test,0.8456507325172424,0.8351515835252962
7,60300,f,test,0.8151935935020447,0.8151694024310174
7,60300,g,test,0.7513405084609985,0.7538660897879833
7,60300,h,test,0.827368438243866,0.8255323841728658
7,60300,i,test,0.8103448152542114,0.8023751113855698
7,61200,a,test,0.7194092869758606,0.7095627577454021
7,61200,b,test,0.7738791704177856,0.7482633221634215
7,61200,c,test,0.6738816499710083,0.6600991546459011
7,61200,d,test,0.8535388708114624,0.8488182964762236
7,61200,e,test,0.8489208817481995,0.8389525945699212
7,61200,f,test,0.8188458681106567,0.8183852679595859
7,61200,g,test,0.7459785342216492,0.7474034583657572
7,61200,h,test,0.8301754593849182,0.8269882049428324
7,61200,i,test,0.7828863263130188,0.771649057485632
7,62100,a,test,0.7243319153785706,0.7193422669387884
7,62100,b,test,0.8050682544708252,0.7813538234483673
7,62100,c,test,0.682539701461792,0.6610894150711503
7,62100,d,test,0.8521373271942139,0.8474399729089201
7,62100,e,test,0.8436886668205261,0.8331422542667074
7,62100,f,test,0.8188458681106567,0.8181086586579235
7,62100,g,test,0.7359249591827393,0.7280090507711137
7,62100,h,test,0.8308771848678589,0.8278384361933467
7,62100,i,test,0.8199234008789062,0.8155612566855321
7,63000,a,test,0.7257384061813354,0.7207233071433966
7,63000,b,test,0.7992202639579773,0.7760680058622554
7,63000,c,test,0.6948052048683167,0.6774061065125395
7,63000,d,test,0.857743501663208,0.8544557421385299
7,63000,e,test,0.8423806428909302,0.831922113297734
7,63000,f,test,0.8246895670890808,0.8227233843035933
7,63000,g,test,0.7412868738174438,0.7370946335461729
7,63000,h,test,0.8091228008270264,0.8037376427982504
7,63000,i,test,0.7982119917869568,0.7953619515255119
7,63900,a,test,0.7299578189849854,0.7285517988298373
7,63900,b,test,0.801819384098053,0.7804616823516599
7,63900,c,test,0.6933621764183044,0.6840924993884605
7,63900,d,test,0.8563419580459595,0.8534907921800293
7,63900,e,test,0.8345323801040649,0.8231381568903905
7,63900,f,test,0.8276113867759705,0.8262650322562002
7,63900,g,test,0.7432975769042969,0.7387587612552505
7,63900,h,test,0.8245614171028137,0.8194283233304486
7,63900,i,test,0.8141762614250183,0.8110276051297665
7,64800,a,test,0.7194092869758606,0.7109453840565578
7,64800,b,test,0.7868745923042297,0.7541233212117887
7,64800,c,test,0.6753246784210205,0.6510568042183414
7,64800,d,test,0.8465312123298645,0.8408690769123622
7,64800,e,test,0.8364944458007812,0.8242770670396903
7,64800,f,test,0.8319941759109497,0.8314842304601783
7,64800,g,test,0.752010703086853,0.7520667322788014
7,64800,h,test,0.8280701637268066,0.8261385185890783
7,64800,i,test,0.8097062706947327,0.8065952892989704
7,65700,a,test,0.7236286997795105,0.7161782761577501
7,65700,b,test,0.7998700737953186,0.7773201597373736
7,65700,c,test,0.6933621764183044,0.6769349442481741
7,65700,d,test,0.8479326963424683,0.8423530478071335
7,65700,e,test,0.8293002247810364,0.815452782545795
7,65700,f,test,0.8371073603630066,0.8362964952059384
7,65700,g,test,0.7439678311347961,0.7407601323702157
7,65700,h,test,0.8287719488143921,0.8258413750485777
7,65700,i,test,0.8199234008789062,0.8153380972702635
7,66600,a,test,0.7306610345840454,0.7248200083709434
7,66600,b,test,0.790123462677002,0.760781508521664
7,66600,c,test,0.6883116960525513,0.6614827167099434
7,66600,d,test,0.857743501663208,0.8532115897264791
7,66600,e,test,0.8449967503547668,0.8359246212049779
7,66600,f,test,0.8356464505195618,0.8350599471588279
7,66600,g,test,0.7634048461914062,0.7636478734078834
7,66600,h,test,0.8399999737739563,0.8394751503999637
7,66600,i,test,0.8135376572608948,0.8041562274277348
7,67500,a,test,0.7102672457695007,0.6947658954641098
7,67500,b,test,0.7595841288566589,0.7266244642636379
7,67500,c,test,0.6666666865348816,0.6510706970025362
7,67500,d,test,0.8458304405212402,0.8412939808059784
7,67500,e,test,0.8397645354270935,0.8304269100005407
7,67500,f,test,0.8224982023239136,0.8220903263344548
7,67500,g,test,0.7533512115478516,0.7504307169541531
7,67500,h,test,0.8428069949150085,0.8427437870999547
7,67500,i,test,0.8058748245239258,0.7914852634597148
7,68400,a,test,0.7271448373794556,0.7215903557905116
7,68400,b,test,0.8180636763572693,0.7998483432889604
7,68400,c,test,0.6984127163887024,0.6912252042134964
7,68400,d,test,0.8598458170890808,0.8564014522398232
7,68400,e,test,0.8181818127632141,0.806597625353605
7,68400,f,test,0.8035061955451965,0.7998350626288198
7,68400,g,test,0.7654155492782593,0.763777834885122
7,68400,h,test,0.8385964632034302,0.8354472261677759
7,68400,i,test,0.8058748245239258,0.784727727482894
7,69300,a,test,0.7376933693885803,0.7321134234517888
7,69300,b,test,0.7927225232124329,0.7720039205664168
7,69300,c,test,0.677489161491394,0.6570914311176473
7,69300,d,test,0.8493342399597168,0.8457346797806654
7,69300,e,test,0.8293002247810364,0.8182372554340538
7,69300,f,test,0.8349159955978394,0.8341234408283174
7,69300,g,test,0.7258713245391846,0.7133924941541038
7,69300,h,test,0.8308771848678589,0.8273702803743964
7,69300,i,test,0.8371647596359253,0.8324774737112355
7,70200,a,test,0.746835470199585,0.7474007723069853
7,70200,b,test,0.7888239026069641,0.7580406858220711
7,70200,c,test,0.6854256987571716,0.6621956963490596
7,70200,d,test,0.8605465888977051,0.8575243938241428
7,70200,e,test,0.8410726189613342,0.831961167956501
7,70200,f,test,0.8407596945762634,0.839430087758758
7,70200,g,test,0.7446380853652954,0.7390899414189719
7,70200,h,test,0.8385964632034302,0.8376087644414856
7,70200,i,test,0.8365261554718018,0.8301318077465681
7,71100,a,test,0.7433192729949951,0.7392610383932463
7,71100,b,test,0.8174139261245728,0.7980597369785348
7,71100,c,test,0.7164502143859863,0.6942104154873546
7,71100,d,test,0.8591450452804565,0.8555219471421506
7,71100,e,test,0.8436886668205261,0.8342020440507539
7,71100,f,test,0.8319941759109497,0.8281139531155786
7,71100,g,test,0.7560321688652039,0.7527948545481163
7,71100,h,test,0.8399999737739563,0.8387722338513992
7,71100,i,test,0.8135376572608948,0.8056825134299261
7,72000,a,test,0.7517580986022949,0.7504200467524984
7,72000,b,test,0.8193632364273071,0.8003563666529786
7,72000,c,test,0.7157287001609802,0.698567554436445
7,72000,d,test,0.8465312123298645,0.8393887948535673
7,72000,e,test,0.8423806428909302,0.8325220625046454
7,72000,f,test,0.8181154131889343,0.8182036857508533
7,72000,g,test,0.7741286754608154,0.7758173602447055
7,72000,h,test,0.8343859910964966,0.8311587240283412
7,72000,i,test,0.8058748245239258,0.7862337595339132
7,72900,a,test,0.7313642501831055,0.7320916628185473
7,72900,b,test,0.8024691343307495,0.7857643274658238
7,72900,c,test,0.7171717286109924,0.687766903498842
7,72900,d,test,0.857743501663208,0.8529065126327565
7,72900,e,test,0.8371484875679016,0.8270335972418955
7,72900,f,test,0.8195763230323792,0.818335817888511
7,72900,g,test,0.7781501412391663,0.7811536908145434
7,72900,h,test,0.854736864566803,0.8546906141557632
7,72900,i,test,0.835887610912323,0.8313173560720101
7,73800,a,test,0.7517580986022949,0.7490036691629404
7,73800,b,test,0.8174139261245728,0.7967257606362046
7,73800,c,test,0.7077922224998474,0.702099370039209
7,73800,d,test,0.8598458170890808,0.8561112902288645
7,73800,e,test,0.849574863910675,0.8403934904234281
7,73800,f,test,0.8392987847328186,0.8382612198515619
7,73800,g,test,0.7533512115478516,0.7528871434313239
7,73800,h,test,0.8350877165794373,0.832836246315125
7,73800,i,test,0.8314176201820374,0.8241825321560557
7,74700,a,test,0.747538685798645,0.7478144350553882
7,74700,b,test,0.8193632364273071,0.800186397558314
7,74700,c,test,0.7005771994590759,0.6918886575039432
7,74700,d,test,0.8605465888977051,0.8571002285435642
7,74700,e,test,0.8358404040336609,0.8249843345448132
7,74700,f,test,0.8392987847328186,0.8386256478531656
7,74700,g,test,0.7714477181434631,0.7716985226749387
7,74700,h,test,0.8519298434257507,0.8516202183235716
7,74700,i,test,0.8224776387214661,0.8200418074555302
7,75600,a,test,0.7369901537895203,0.7358926991664196
7,75600,b,test,0.8193632364273071,0.7978825108539439
7,75600,c,test,0.7092351913452148,0.6784654720345902
7,75600,d,test,0.865451991558075,0.862534601476553
7,75600,e,test,0.8469588160514832,0.8378909208905251
7,75600,f,test,0.840029239654541,0.8386019142014609
7,75600,g,test,0.7553619146347046,0.7515883364821602
7,75600,h,test,0.8575438857078552,0.8573965405601168
7,75600,i,test,0.8314176201820374,0.8239197642560021
7,76500,a,test,0.7398030757904053,0.7332098736392024
7,76500,b,test,0.8323586583137512,0.8165020923331858
7,76500,c,test,0.728715717792511,0.7139524091232885
7,76500,d,test,0.8675543069839478,0.8646905111749787
7,76500,e,test,0.849574863910675,0.8394586031985978
7,76500,f,test,0.840029239654541,0.8382292595362225
7,76500,g,test,0.7788203954696655,0.7813613550103616
7,76500,h,test,0.8308771848678589,0.827405572984238
7,76500,i,test,0.8224776387214661,0.8127293506731107
7,77400,a,test,0.75035160779953,0.7508226926884488
7,77400,b,test,0.8232618570327759,0.803633728271357
7,77400,c,test,0.7294372320175171,0.6978591479834799
7,77400,d,test,0.868255078792572,0.8653894000551835
7,77400,e,test,0.8502289056777954,0.8398491131948935
7,77400,f,test,0.8363769054412842,0.8365073619041276
7,77400,g,test,0.7835120558738708,0.7864166283992952
7,77400,h,test,0.8456140160560608,0.8435010885439832
7,77400,i,test,0.8192847967147827,0.806456604897965
7,78300,a,test,0.7348804473876953,0.7302179673710026
7,78300,b,test,0.8213125467300415,0.8011919746044603
7,78300,c,test,0.7272727489471436,0.7087631962459967
7,78300,d,test,0.8703573942184448,0.8671063903297896
7,78300,e,test,0.854153037071228,0.8462573068435039
7,78300,f,test,0.8444119691848755,0.8430492626766659
7,78300,g,test,0.7861930131912231,0.7879926308479965
7,78300,h,test,0.8477193117141724,0.8456107592499779
7,78300,i,test,0.8256704807281494,0.8143103455213473
7,79200,a,test,0.752461314201355,0.7543926484209674
7,79200,b,test,0.8096166253089905,0.7853280794566081
7,79200,c,test,0.7041847109794617,0.6959915035979849
7,79200,d,test,0.8689558506011963,0.865150933989848
7,79200,e,test,0.8391105532646179,0.8308518923065472
7,79200,f,test,0.8298027515411377,0.8283761564195409
7,79200,g,test,0.7721179723739624,0.7713963377008529
7,79200,h,test,0.8385964632034302,0.83521744785997
7,79200,i,test,0.8218390941619873,0.809812151952264
7,80100,a,test,0.7545710206031799,0.7527248157176624
7,80100,b,test,0.8154646158218384,0.7951081266570758
7,80100,c,test,0.7344877123832703,0.7097973484407943
7,80100,d,test,0.8731604814529419,0.87001331935428
7,80100,e,test,0.8417266011238098,0.8294928246022546
7,80100,f,test,0.8436815142631531,0.8424036419859088
7,80100,g,test,0.7788203954696655,0.7812955162817433
7,80100,h,test,0.8533333539962769,0.8505964459087924
7,80100,i,test,0.8077905774116516,0.7954478344613194
7,81000,a,test,0.7419127821922302,0.7362252886316968
7,81000,b,test,0.8109161853790283,0.7885262732852434
7,81000,c,test,0.7200577259063721,0.6998327452991292
7,81000,d,test,0.8766643404960632,0.8744203710008348
7,81000,e,test,0.8548070788383484,0.8475874612150576
7,81000,f,test,0.8181154131889343,0.81584266838615
7,81000,g,test,0.7533512115478516,0.7479994847265464
7,81000,h,test,0.859649121761322,0.8586737735216401
7,81000,i,test,0.8326947689056396,0.8287483915598405
7,81900,a,test,0.7517580986022949,0.7480988732508211
7,81900,b,test,0.8297595977783203,0.8111290129305261
7,81900,c,test,0.7243867516517639,0.7102361480765705
7,81900,d,test,0.8668535351753235,0.8627781124157011
7,81900,e,test,0.8593851923942566,0.8506327323590014
7,81900,f,test,0.8290722966194153,0.8276514632973626
7,81900,g,test,0.7801608443260193,0.7844805662459219
7,81900,h,test,0.8399999737739563,0.8380403615926683
7,81900,i,test,0.8333333134651184,0.8298141017381776
7,82800,a,test,0.7538678050041199,0.7511355335584602
7,82800,b,test,0.8278102874755859,0.8082935909472443
7,82800,c,test,0.7337662577629089,0.7217375366061175
7,82800,d,test,0.8549404144287109,0.8504112875049775
7,82800,e,test,0.860039234161377,0.8527794319151506
7,82800,f,test,0.8385682702064514,0.8374057205981579
7,82800,g,test,0.7788203954696655,0.7785645909109022
7,82800,h,test,0.8652631640434265,0.8649781073781447
7,82800,i,test,0.8352490663528442,0.8291553844297156
7,83700,a,test,0.7412095665931702,0.740003010730204
7,83700,b,test,0.8115659356117249,0.7893819000308696
7,83700,c,test,0.7236652374267578,0.7096846380673681
7,83700,d,test,0.878766655921936,0.8753067298197528
7,83700,e,test,0.8574231266975403,0.8482365701321773
7,83700,f,test,0.8407596945762634,0.8391125906618702
7,83700,g,test,0.7868632674217224,0.7875875771199832
7,83700,h,test,0.8449122905731201,0.8408069396819661
7,83700,i,test,0.8403576016426086,0.8375663944279884
7,84600,a,test,0.7440224885940552,0.742154338991261
7,84600,b,test,0.8343079686164856,0.8177296308542571
7,84600,c,test,0.7171717286109924,0.6992145772697577
7,84600,d,test,0.8780658841133118,0.8753718470488622
7,84600,e,test,0.8521909713745117,0.8426413770194369
7,84600,f,test,0.8436815142631531,0.8428811564657085
7,84600,g,test,0.7868632674217224,0.786230086321614
7,84600,h,test,0.8603509068489075,0.8575622128293072
7,84600,i,test,0.8403576016426086,0.8331628219403403
7,85500,a,test,0.7616033554077148,0.7620458727443139
7,85500,b,test,0.8271604776382446,0.8077285128860868
7,85500,c,test,0.7417027354240417,0.7289970010424459
7,85500,d,test,0.8766643404960632,0.8734882661638439
7,85500,e,test,0.8548070788383484,0.8484479876257577
7,85500,f,test,0.8385682702064514,0.8369418682196798
7,85500,g,test,0.7741286754608154,0.7719991687789506
7,85500,h,test,0.8470175266265869,0.8436326054351698
7,85500,i,test,0.8001276850700378,0.7914973489243035
7,86400,a,test,0.7714486718177795,0.7684806326662031
7,86400,b,test,0.8343079686164856,0.8180302560793735
7,86400,c,test,0.7171717286109924,0.7104643357828532
7,86400,d,test,0.8780658841133118,0.8754569158827943
7,86400,e,test,0.8613472580909729,0.8526359248898787
7,86400,f,test,0.8480643033981323,0.8462789589645157
7,86400,g,test,0.7928954362869263,0.7954854098091649
7,86400,h,test,0.8575438857078552,0.8561144773628562
7,86400,i,test,0.8320561647415161,0.8298807020792999
129,0,a,test,0.12728551030158997,0.04428205763355627
129,0,b,test,0.20532813668251038,0.06484814297482182
129,0,c,test,0.16955266892910004,0.04871475953565505
129,0,d,test,0.21723896265029907,0.061061046255700524
129,0,e,test,0.19293655455112457,0.05622168094078206
129,0,f,test,0.1760409027338028,0.05499941140782194
129,0,g,test,0.16420911252498627,0.058300820352960255
129,0,h,test,0.16912280023097992,0.05522454357868615
129,0,i,test,0.18135376274585724,0.0583998667364464
129,900,a,test,0.302390992641449,0.2320418011323566
129,900,b,test,0.20272904634475708,0.057403870639164765
129,900,c,test,0.17027416825294495,0.04972246407908761
129,900,d,test,0.23125438392162323,0.08383243385546928
129,900,e,test,0.3309352397918701,0.18803097190675955
129,900,f,test,0.18845872581005096,0.0529882932840419
129,900,g,test,0.3364611268043518,0.16930924898682487
129,900,h,test,0.17403508722782135,0.054916838233593196
129,900,i,test,0.2675606608390808,0.1416772604698063
129,1800,a,test,0.4303797483444214,0.35344525039577773
129,1800,b,test,0.31578946113586426,0.17141105820351102
129,1800,c,test,0.31385281682014465,0.19807450633639198
129,1800,d,test,0.34477925300598145,0.17433913359418893
129,1800,e,test,0.40941792726516724,0.2756178048001087
129,1800,f,test,0.31190648674964905,0.18545996491578332
129,1800,g,test,0.3518766760826111,0.18279915540772762
129,1800,h,test,0.2743859589099884,0.13865621448945475
129,1800,i,test,0.42848020792007446,0.28248183372988445
129,2700,a,test,0.450070321559906,0.36292720861311795
129,2700,b,test,0.28589993715286255,0.14142362074678144
129,2700,c,test,0.35209235548973083,0.257433680936048
129,2700,d,test,0.36860546469688416,0.218451020084147
129,2700,e,test,0.3400915563106537,0.18170951229344623
129,2700,f,test,0.37180423736572266,0.24741890629035637
129,2700,g,test,0.3518766760826111,0.18227986039123692
129,2700,h,test,0.46315789222717285,0.3477457613976566
129,2700,i,test,0.43742018938064575,0.2861624842549995
129,3600,a,test,0.46624472737312317,0.36844230386716054
129,3600,b,test,0.350227415561676,0.2385477930165941
129,3600,c,test,0.3585858643054962,0.2652549818939141
129,3600,d,test,0.3987386226654053,0.26795557035478507
129,3600,e,test,0.3400915563106537,0.1793309483514581
129,3600,f,test,0.43827611207962036,0.3349970264047979
129,3600,g,test,0.3666219711303711,0.20698312403249255
129,3600,h,test,0.43017545342445374,0.3130411094818489
129,3600,i,test,0.4418901801109314,0.2952023003037387
129,4500,a,test,0.4528832733631134,0.36602067596340393
129,4500,b,test,0.4314489960670471,0.3291609035299618
129,4500,c,test,0.371572881937027,0.2727073236804289
129,4500,d,test,0.47372108697891235,0.37227752737613
129,4500,e,test,0.42446044087409973,0.27838356160332184
129,4500,f,test,0.3915266692638397,0.3261539238441779
129,4500,g,test,0.38002681732177734,0.2422963171734204
129,4500,h,test,0.464561402797699,0.354965044132235
129,4500,i,test,0.45913153886795044,0.3199639332154683
129,5400,a,test,0.43811532855033875,0.3474541119544656
129,5400,b,test,0.3664717376232147,0.254216882182223
129,5400,c,test,0.43145743012428284,0.32688127278736623
129,5400,d,test,0.4183602035045624,0.29332795990135635
129,5400,e,test,0.4911707043647766,0.3728460819090123
129,5400,f,test,0.40686631202697754,0.34138674586901296
129,5400,g,test,0.38471850752830505,0.24336179473916078
129,5400,h,test,0.4435087740421295,0.28971006319426224
129,5400,i,test,0.43486589193344116,0.29866874255886894
129,6300,a,test,0.4120956361293793,0.2834987568834225
129,6300,b,test,0.3794671893119812,0.2659468593380555
129,6300,c,test,0.4054833948612213,0.3122702792429153
129,6300,d,test,0.39313244819641113,0.2403144105262963
129,6300,e,test,0.4336167573928833,0.2959205758462176
129,6300,f,test,0.4024835526943207,0.314433357887222
129,6300,g,test,0.39008042216300964,0.2503826289697129
129,6300,h,test,0.4533333480358124,0.3529598334745558
129,6300,i,test,0.4355044662952423,0.2949320235005903
129,7200,a,test,0.4085794687271118,0.27670456063211263
129,7200,b,test,0.4126055836677551,0.2959160429050593
129,7200,c,test,0.45670995116233826,0.3710692276351734
129,7200,d,test,0.4162578880786896,0.2889089061278143
129,7200,e,test,0.48201438784599304,0.36514031097053423
129,7200,f,test,0.4945215582847595,0.39874882363820113
129,7200,g,test,0.3961125910282135,0.2623231151468281
129,7200,h,test,0.5164912343025208,0.4353091409102848
129,7200,i,test,0.4521072804927826,0.31588974346161913
129,8100,a,test,0.5084388256072998,0.4679835564947716
129,8100,b,test,0.4087069630622864,0.29048499227927777
129,8100,c,test,0.4610389471054077,0.39561609528513997
129,8100,d,test,0.4050455391407013,0.26145649080731953
129,8100,e,test,0.49901896715164185,0.38007696297278226
129,8100,f,test,0.4718772768974304,0.393657292216572
129,8100,g,test,0.4209115207195282,0.30334286940405647
129,8100,h,test,0.5199999809265137,0.4646001164390298
129,8100,i,test,0.44125160574913025,0.3095161996101095
129,9000,a,test,0.4184247553348541,0.3026258732419755
129,9000,b,test,0.46718648076057434,0.33409147613960427
129,9000,c,test,0.4365079402923584,0.3903879044557447
129,9000,d,test,0.5129642486572266,0.4203956042003138
129,9000,e,test,0.45389142632484436,0.34864343410518717
129,9000,f,test,0.48210373520851135,0.42198050192231534
129,9000,g,test,0.3907506763935089,0.242202723693179
129,9000,h,test,0.5136842131614685,0.4355351501738361
129,9000,i,test,0.5,0.3876534503484814
129,9900,a,test,0.44655415415763855,0.3615417166920682
129,9900,b,test,0.48083171248435974,0.36345424463375764
129,9900,c,test,0.47330448031425476,0.40391240764722286
129,9900,d,test,0.48283112049102783,0.3914007127751143
129,9900,e,test,0.48593851923942566,0.37101105460273226
129,9900,f,test,0.4784514307975769,0.38752264712067414
129,9900,g,test,0.4256032109260559,0.315375787414651
129,9900,h,test,0.5459648966789246,0.49261352983831563
129,9900,i,test,0.5242656469345093,0.4763147553925755
129,10800,a,test,0.4458509087562561,0.3451897884915522
129,10800,b,test,0.49967512488365173,0.3849876987210625
129,10800,c,test,0.4545454680919647,0.38274745874104615
129,10800,d,test,0.5080588459968567,0.40827027414138467
129,10800,e,test,0.49705690145492554,0.394434214433778
129,10800,f,test,0.4360847473144531,0.3556482473613812
129,10800,g,test,0.4128686189651489,0.2958856576194496
129,10800,h,test,0.5761403441429138,0.5331876408532814
129,10800,i,test,0.5191571116447449,0.4173776931650099
129,11700,a,test,0.49367088079452515,0.4342446546485939
129,11700,b,test,0.5087719559669495,0.3909729723931156
129,11700,c,test,0.48917749524116516,0.3977523917815899
129,11700,d,test,0.5977575182914734,0.5431886828444878
129,11700,e,test,0.5585349798202515,0.4829101017830257
129,11700,f,test,0.4989043176174164,0.4164586207897963
129,11700,g,test,0.4041554927825928,0.27227739580256477
129,11700,h,test,0.5410526394844055,0.4753886061135226
129,11700,i,test,0.5370370149612427,0.43200572668047205
129,12600,a,test,0.49085795879364014,0.4385367386439387
129,12600,b,test,0.4912280738353729,0.3706407104526359
129,12600,c,test,0.4927850067615509,0.423855664310456
129,12600,d,test,0.49824807047843933,0.4174468179380643
129,12600,e,test,0.5624591112136841,0.5144692767613255
129,12600,f,test,0.5748721957206726,0.5426384191753363
129,12600,g,test,0.42493298649787903,0.3103655242517054
129,12600,h,test,0.5873684287071228,0.5138593577987202
129,12600,i,test,0.5785440802574158,0.4918005438549655
129,13500,a,test,0.47046414017677307,0.40018676960514266
129,13500,b,test,0.5120207667350769,0.402120661635646
129,13500,c,test,0.4668109714984894,0.3972339025291652
129,13500,d,test,0.5977575182914734,0.5327159197148746
129,13500,e,test,0.5591890215873718,0.4984711752488273
129,13500,f,test,0.5441928505897522,0.5132234565807815
129,13500,g,test,0.48525470495224,0.4119438825464545
129,13500,h,test,0.6021052598953247,0.5338504006900305
129,13500,i,test,0.6136654019355774,0.5721553080803271
129,14400,a,test,0.5218002796173096,0.46931278203462573
129,14400,b,test,0.5523067116737366,0.4785387111468004
129,14400,c,test,0.4502164423465729,0.38226841393935745
129,14400,d,test,0.5935528874397278,0.5192244528966322
129,14400,e,test,0.5905820727348328,0.5316306589305381
129,14400,f,test,0.5208181142807007,0.4583686443142558
129,14400,g,test,0.48525470495224,0.40219924136919555
129,14400,h,test,0.5424561500549316,0.46533142173242603
129,14400,i,test,0.5696040987968445,0.48130827362767686
129,15300,a,test,0.49085795879364014,0.41191689912618207
129,15300,b,test,0.5237166881561279,0.42840420392842304
129,15300,c,test,0.43290042877197266,0.37852683077451793
129,15300,d,test,0.6264891624450684,0.5719132597139213
129,15300,e,test,0.5807717442512512,0.5271442427709584
129,15300,f,test,0.5982468724250793,0.5527667120243166
129,15300,g,test,0.43699732422828674,0.3296093135182911
129,15300,h,test,0.6140350699424744,0.5450021897106511
129,15300,i,test,0.5900382995605469,0.5246710368794845
129,16200,a,test,0.5035161972045898,0.44659331845858313
129,16200,b,test,0.535412609577179,0.44338953931500996
129,16200,c,test,0.4458874464035034,0.378191460574876
129,16200,d,test,0.6159775853157043,0.5782943719421814
129,16200,e,test,0.628515362739563,0.592827672883873
129,16200,f,test,0.6274653077125549,0.6039077318829933
129,16200,g,test,0.43498659133911133,0.32072640873208813
129,16200,h,test,0.6133333444595337,0.565001848712433
129,16200,i,test,0.625798225402832,0.5786243831197068
129,17100,a,test,0.5562587976455688,0.5399753966092234
129,17100,b,test,0.5341130495071411,0.43521985260225055
129,17100,c,test,0.5165945291519165,0.4646713354046155
129,17100,d,test,0.5578135848045349,0.5007573803847373
129,17100,e,test,0.6448659300804138,0.6169630460875634
129,17100,f,test,0.6815193295478821,0.6766494096375513
129,17100,g,test,0.459785521030426,0.37237669172469
129,17100,h,test,0.5957894921302795,0.540485715709432
129,17100,i,test,0.654533863067627,0.6090919457871417
129,18000,a,test,0.5604782104492188,0.5489506284634588
129,18000,b,test,0.5549057722091675,0.46716831796455943
129,18000,c,test,0.5144299864768982,0.45154897651433434
129,18000,d,test,0.6117729544639587,0.5794428567431525
129,18000,e,test,0.6494441032409668,0.6192215002177065
129,18000,f,test,0.6362308263778687,0.6192981727966487
129,18000,g,test,0.45911526679992676,0.3599804276444806
129,18000,h,test,0.6849122643470764,0.660333989509223
129,18000,i,test,0.673690915107727,0.6487375586289456
129,18900,a,test,0.5555555820465088,0.5287153602229214
129,18900,b,test,0.5490578413009644,0.46068214702033544
129,18900,c,test,0.49639248847961426,0.4556356658150864
129,18900,d,test,0.5928521156311035,0.5552494902962437
129,18900,e,test,0.6664486527442932,0.640264931431369
129,18900,f,test,0.5748721957206726,0.5313619339280621
129,18900,g,test,0.49597856402397156,0.44163542496792046
129,18900,h,test,0.6547368168830872,0.5926418740053073
129,18900,i,test,0.6839080452919006,0.6700702813962879
129,19800,a,test,0.5358649492263794,0.4914156108211895
129,19800,b,test,0.5549057722091675,0.4722610634794982
129,19800,c,test,0.5158730149269104,0.457197649036903
129,19800,d,test,0.5795375108718872,0.529895086639361
129,19800,e,test,0.658600389957428,0.6274072200442663
129,19800,f,test,0.6698319911956787,0.6565391547368534
129,19800,g,test,0.46179625391960144,0.3616335965508235
129,19800,h,test,0.6224561333656311,0.5758573824579324
129,19800,i,test,0.6232439279556274,0.5684812772487499
129,20700,a,test,0.5794655680656433,0.5633606309712206
129,20700,b,test,0.5633528232574463,0.4801645956393162
129,20700,c,test,0.5050504803657532,0.4447657000721616
129,20700,d,test,0.643307626247406,0.6111527647344265
129,20700,e,test,0.6599084138870239,0.6316334443974182
129,20700,f,test,0.6654492616653442,0.6428455886563088
129,20700,g,test,0.49932974576950073,0.4119638472135632
129,20700,h,test,0.659649133682251,0.6263650452858727
129,20700,i,test,0.673690915107727,0.6545886319927022
129,21600,a,test,0.5513361692428589,0.5064954830011245
129,21600,b,test,0.6068875789642334,0.5514379312071603
129,21600,c,test,0.5281385183334351,0.4866936632097252
129,21600,d,test,0.6440083980560303,0.6123200979374116
129,21600,e,test,0.6926095485687256,0.6679922318954029
129,21600,f,test,0.707815945148468,0.6996727559894554
129,21600,g,test,0.5898123383522034,0.5884420445891513
129,21600,h,test,0.6561403274536133,0.6317934324607622
129,21600,i,test,0.6787995100021362,0.6452743039859002
129,22500,a,test,0.5703234672546387,0.5410425593776726
129,22500,b,test,0.6068875789642334,0.5364935170741352
129,22500,c,test,0.5216450095176697,0.46172038288054434
129,22500,d,test,0.6405045390129089,0.610717648219262
129,22500,e,test,0.7115762233734131,0.69003666958955
129,22500,f,test,0.6968590021133423,0.6893544592618491
129,22500,g,test,0.5093833804130554,0.4238362979254638
129,22500,h,test,0.6329824328422546,0.5723695542988759
129,22500,i,test,0.6762452125549316,0.6480321836898205
129,23400,a,test,0.5717299580574036,0.5430058602076933
129,23400,b,test,0.5912930369377136,0.5231605914679577
129,23400,c,test,0.5382395386695862,0.4928225307860832
129,23400,d,test,0.6860546469688416,0.666523544920301
129,23400,e,test,0.7213865518569946,0.7040316295743071
129,23400,f,test,0.6807888746261597,0.661804451586741
129,23400,g,test,0.5234584212303162,0.4373045526628517
129,23400,h,test,0.6912280917167664,0.6724035615344507
129,23400,i,test,0.6998723149299622,0.6813434007397358
129,24300,a,test,0.5611814260482788,0.5282942610955026
129,24300,b,test,0.6081871390342712,0.5462501754193223
129,24300,c,test,0.5468975305557251,0.4990493291935434
129,24300,d,test,0.6916608214378357,0.6780511204381727
129,24300,e,test,0.7037279009819031,0.681651613236248
129,24300,f,test,0.6924762725830078,0.6694425183192577
129,24300,g,test,0.5495978593826294,0.5009620618004854
129,24300,h,test,0.6849122643470764,0.6516931109623431
129,24300,i,test,0.7183908224105835,0.6962812827628667
129,25200,a,test,0.6097046136856079,0.6086160380996989
129,25200,b,test,0.6127355694770813,0.5397710772526529
129,25200,c,test,0.5483405590057373,0.509816393227991
129,25200,d,test,0.6937631368637085,0.6639502824483118
129,25200,e,test,0.708306074142456,0.6875286671705579
129,25200,f,test,0.6793279647827148,0.6674041267169089
129,25200,g,test,0.5844504237174988,0.545966860907647
129,25200,h,test,0.7101754546165466,0.6908103531083588
129,25200,i,test,0.7005108594894409,0.6916335379480247
129,26100,a,test,0.5689170360565186,0.5347313961084192
129,26100,b,test,0.6393762230873108,0.5892494250190602
129,26100,c,test,0.5591630339622498,0.5200484566474596
129,26100,d,test,0.6671338677406311,0.6476142277703558
129,26100,e,test,0.7056899666786194,0.6808768182796828
129,26100,f,test,0.7370343208312988,0.7351342529557797
129,26100,g,test,0.5241286754608154,0.4517951566454488
129,26100,h,test,0.7094736695289612,0.6848233506856033
129,26100,i,test,0.6934865713119507,0.6614915389700189
129,27000,a,test,0.5717299580574036,0.5363025686602454
129,27000,b,test,0.6413255333900452,0.6065006964257311
129,27000,c,test,0.5526695251464844,0.496573861404682
129,27000,d,test,0.6958654522895813,0.6742497636909993
129,27000,e,test,0.7495094537734985,0.7293598993144058
129,27000,f,test,0.7027027010917664,0.6928084557014363
129,27000,g,test,0.5904825925827026,0.551683731309962
129,27000,h,test,0.6996490955352783,0.6645321225904509
129,27000,i,test,0.7318007946014404,0.7211881637126666
129,27900,a,test,0.6237693428993225,0.6200785187788006
129,27900,b,test,0.6159843802452087,0.5539301194294656
129,27900,c,test,0.5584415793418884,0.5002822500918366
129,27900,d,test,0.7140855193138123,0.6957043497984564
129,27900,e,test,0.738391101360321,0.7266814399635574
129,27900,f,test,0.6968590021133423,0.6771297312900345
129,27900,g,test,0.6333780288696289,0.608935186885258
129,27900,h,test,0.7487719058990479,0.740635515043793
129,27900,i,test,0.7215836644172668,0.7031510577883582
129,28800,a,test,0.6061884760856628,0.598099943711872
129,28800,b,test,0.635477602481842,0.5692019657393078
129,28800,c,test,0.5411255359649658,0.5066991217908428
129,28800,d,test,0.7351086139678955,0.7257070847271114
129,28800,e,test,0.7763243913650513,0.7643823919829499
129,28800,f,test,0.735573410987854,0.7346947208743991
129,28800,g,test,0.5643431544303894,0.5001997063087887
129,28800,h,test,0.6764912009239197,0.6460130539642894
129,28800,i,test,0.7375478744506836,0.7170341117210645
129,29700,a,test,0.5850914120674133,0.5587128649186874
129,29700,b,test,0.6341780424118042,0.5777958820577487
129,29700,c,test,0.5533910393714905,0.5027100773354954
129,29700,d,test,0.7407147884368896,0.7291168979805271
129,29700,e,test,0.7567037343978882,0.7385757364274069
129,29700,f,test,0.7538349032402039,0.7500486933426496
129,29700,g,test,0.6441018581390381,0.6233839125284782
129,29700,h,test,0.7249122858047485,0.7065835314293296
129,29700,i,test,0.7452107071876526,0.7359719131385125
129,30600,a,test,0.6195499300956726,0.6085233340153339
129,30600,b,test,0.6315789222717285,0.5662628690522974
129,30600,c,test,0.5165945291519165,0.46757770488268163
129,30600,d,test,0.7491240501403809,0.7427335788761836
129,30600,e,test,0.7710922360420227,0.7544995058807747
129,30600,f,test,0.7494521737098694,0.7454392670767286
129,30600,g,test,0.6353887319564819,0.6023496990582037
129,30600,h,test,0.7522807121276855,0.7350983176307987
129,30600,i,test,0.7388250231742859,0.7145296619605205
129,31500,a,test,0.6336145997047424,0.624042731007803
129,31500,b,test,0.6471734642982483,0.5883728722141867
129,31500,c,test,0.5642135739326477,0.5078505218203634
129,31500,d,test,0.7386124730110168,0.7243151813957454
129,31500,e,test,0.7782864570617676,0.7657747102005416
129,31500,f,test,0.7173119187355042,0.7091933234927222
129,31500,g,test,0.627345860004425,0.602293232936261
129,31500,h,test,0.7487719058990479,0.741519541092646
129,31500,i,test,0.7407407164573669,0.7224781520465592
129,32400,a,test,0.6490858197212219,0.6406615472342367
129,32400,b,test,0.6556205153465271,0.6037295441399491
129,32400,c,test,0.5721500515937805,0.5192788481432548
129,32400,d,test,0.775052547454834,0.7711095847186176
129,32400,e,test,0.7920209169387817,0.7831331301504343
129,32400,f,test,0.724616527557373,0.7162985095926776
129,32400,g,test,0.6441018581390381,0.6237733612292038
129,32400,h,test,0.7571929693222046,0.742069328241341
129,32400,i,test,0.7311621904373169,0.7109126084193429
129,33300,a,test,0.6125175952911377,0.5930199120742352
129,33300,b,test,0.6770630478858948,0.6403564423437244
129,33300,c,test,0.5829725861549377,0.5255962268749695
129,33300,d,test,0.7764540910720825,0.7741676611631284
129,33300,e,test,0.8037933111190796,0.7933234612623542
129,33300,f,test,0.7516435384750366,0.7453084949840906
129,33300,g,test,0.6501340270042419,0.6261362312114175
129,33300,h,test,0.7438596487045288,0.7265464766114262
129,33300,i,test,0.7171136736869812,0.690966170614872
129,34200,a,test,0.650492250919342,0.6425400691131363
129,34200,b,test,0.6627680063247681,0.6136570667471893
129,34200,c,test,0.5894660949707031,0.5571387168146268
129,34200,d,test,0.7624386548995972,0.7560618369062713
129,34200,e,test,0.768476128578186,0.7492403815725476
129,34200,f,test,0.7289992570877075,0.7288826481655182
129,34200,g,test,0.6655495762825012,0.6426557918466158
129,34200,h,test,0.7410526275634766,0.7350012877710892
129,34200,i,test,0.7503193020820618,0.7423359388849523
129,35100,a,test,0.6455696225166321,0.6314513404971484
129,35100,b,test,0.6783625483512878,0.622671957554357
129,35100,c,test,0.6183261275291443,0.6027170034086957
129,35100,d,test,0.767344057559967,0.7620961333098822
129,35100,e,test,0.799869179725647,0.788037410282485
129,35100,f,test,0.746530294418335,0.7411102526619505
129,35100,g,test,0.640080451965332,0.6153086482914225
129,35100,h,test,0.746666669845581,0.7325843717293633
129,35100,i,test,0.7273308038711548,0.7009543802431241
129,36000,a,test,0.6547116637229919,0.6527845516968321
129,36000,b,test,0.6926575899124146,0.6506223827739911
129,36000,c,test,0.6197690963745117,0.5972531182007427
129,36000,d,test,0.7904695272445679,0.7843426004048739
129,36000,e,test,0.8064094185829163,0.7957274158894898
129,36000,f,test,0.7494521737098694,0.7424640544614428
129,36000,g,test,0.6487935781478882,0.6292893819904396
129,36000,h,test,0.7607017755508423,0.748840131820868
129,36000,i,test,0.7413793206214905,0.7249221689314195
129,36900,a,test,0.6715893149375916,0.6668165012306854
129,36900,b,test,0.6913580298423767,0.6536129925322407
129,36900,c,test,0.6111111044883728,0.5800908041942042
129,36900,d,test,0.7813594937324524,0.7746845806841142
129,36900,e,test,0.7926749587059021,0.7807005375131734
129,36900,f,test,0.7604090571403503,0.7585194849467557
129,36900,g,test,0.640080451965332,0.6151603951837953
129,36900,h,test,0.7424561381340027,0.7272755269538363
129,36900,i,test,0.7311621904373169,0.7067745157797782
129,37800,a,test,0.6645569801330566,0.6541644587714958
129,37800,b,test,0.6959064602851868,0.6569485400762162
129,37800,c,test,0.5966811180114746,0.5467711843912322
129,37800,d,test,0.7876664400100708,0.7805460369187952
129,37800,e,test,0.7874427437782288,0.7710612833322142
129,37800,f,test,0.7662527561187744,0.7655067272721993
129,37800,g,test,0.6588472127914429,0.6296649686474959
129,37800,h,test,0.7431579232215881,0.7307757760466628
129,37800,i,test,0.7605363726615906,0.743862574750824
129,38700,a,test,0.6687763929367065,0.6626351937789052
129,38700,b,test,0.7024041414260864,0.6677682054029539
129,38700,c,test,0.6132755875587463,0.5986494983365861
129,38700,d,test,0.796075701713562,0.7921023923739487
129,38700,e,test,0.8037933111190796,0.7925182035343773
129,38700,f,test,0.7728269100189209,0.7699003918829818
129,38700,g,test,0.6407506465911865,0.6090796209966997
129,38700,h,test,0.75789475440979,0.7527021717743082
129,38700,i,test,0.7586206793785095,0.7458924654811067
129,39600,a,test,0.657524585723877,0.6494006382724354
129,39600,b,test,0.6991552710533142,0.6696601926109831
129,39600,c,test,0.6168830990791321,0.5949417160908315
129,39600,d,test,0.7848633527755737,0.7777107908019256
129,39600,e,test,0.8057553768157959,0.7930213511003371
129,39600,f,test,0.7589481472969055,0.7560094248575181
129,39600,g,test,0.6923592686653137,0.6798750024311483
129,39600,h,test,0.7550877332687378,0.7471685888663885
129,39600,i,test,0.7630906701087952,0.751797037514167
129,40500,a,test,0.6652601957321167,0.6574648646635649
129,40500,b,test,0.7089018821716309,0.6744507612480176
129,40500,c,test,0.612554132938385,0.5852072312756385
129,40500,d,test,0.7848633527755737,0.7748301641336691
129,40500,e,test,0.8044473528862,0.7899058929117051
129,40500,f,test,0.7691745758056641,0.7658548043075232
129,40500,g,test,0.7144772410392761,0.7096590454254468
129,40500,h,test,0.7726315855979919,0.7634993033857017
129,40500,i,test,0.7726691961288452,0.7579052798207719
129,41400,a,test,0.6518987417221069,0.6297558283898441
129,41400,b,test,0.7173489332199097,0.6946833313913642
129,41400,c,test,0.6168830990791321,0.5883474290331465
129,41400,d,test,0.7953749299049377,0.7879439974626115
129,41400,e,test,0.8175277709960938,0.8050505259245915
129,41400,f,test,0.7867056131362915,0.787582233001944
129,41400,g,test,0.6668900847434998,0.6470005808236985
129,41400,h,test,0.7656140327453613,0.7570798889877327
129,41400,i,test,0.7356321811676025,0.7084121056437837
129,42300,a,test,0.6765119433403015,0.6720599133147758
129,42300,b,test,0.7218973636627197,0.6929569099548708
129,42300,c,test,0.5836941003799438,0.5483961839474824
129,42300,d,test,0.8065872192382812,0.8022631271164343
129,42300,e,test,0.7952910661697388,0.7797892711886599
129,42300,f,test,0.776479184627533,0.7732579397793323
129,42300,g,test,0.669571042060852,0.6395693869666872
129,42300,h,test,0.7592982649803162,0.7448303550415546
129,42300,i,test,0.7796934843063354,0.7726510279378335
129,43200,a,test,0.6645569801330566,0.6504643281817579
129,43200,b,test,0.7290448546409607,0.7040486272972603
129,43200,c,test,0.6457431316375732,0.6187573253485924
129,43200,d,test,0.8072879910469055,0.8033864180277926
129,43200,e,test,0.8044473528862,0.7897476868494936
129,43200,f,test,0.780131459236145,0.7755358435873424
129,43200,g,test,0.7131367325782776,0.7049727790399117
129,43200,h,test,0.7866666913032532,0.7826983314330875
129,43200,i,test,0.7841634750366211,0.7722168395099609
129,44100,a,test,0.6638537049293518,0.6532724542313819
129,44100,b,test,0.726445734500885,0.6971454555388016
129,44100,c,test,0.6370851397514343,0.6089694342336597
129,44100,d,test,0.805886447429657,0.7996307136546726
129,44100,e,test,0.8136036396026611,0.8010722696192382
129,44100,f,test,0.79693204164505,0.7958872584156066
129,44100,g,test,0.7010723948478699,0.6881526750629757
129,44100,h,test,0.7754386067390442,0.7638987484390131
129,44100,i,test,0.7911877632141113,0.7766252885487986
129,45000,a,test,0.6800281405448914,0.677084279299065
129,45000,b,test,0.7277452945709229,0.6997455234609449
129,45000,c,test,0.6421356201171875,0.6210046027168491
129,45000,d,test,0.8241065144538879,0.8193873645846644
129,45000,e,test,0.8090255260467529,0.7980165400938692
129,45000,f,test,0.7954711318016052,0.7939168896778193
129,45000,g,test,0.6983914375305176,0.686912562645662
129,45000,h,test,0.7908771634101868,0.7814113591651476
129,45000,i,test,0.7982119917869568,0.785970695812355
129,45900,a,test,0.6666666865348816,0.6578054059155574
129,45900,b,test,0.7309941649436951,0.7027971050903083
129,45900,c,test,0.6190476417541504,0.5932812744952288
129,45900,d,test,0.8290119171142578,0.825468554166411
129,45900,e,test,0.8122956156730652,0.8003946742502136
129,45900,f,test,0.7720963954925537,0.768430046188465
129,45900,g,test,0.7218498587608337,0.7191300839034404
129,45900,h,test,0.7684210538864136,0.7631508443963915
129,45900,i,test,0.7758620977401733,0.7488171425248211
129,46800,a,test,0.6758087277412415,0.6740925931063219
129,46800,b,test,0.7387914061546326,0.7086500907981342
129,46800,c,test,0.6623376607894897,0.6385654592055673
129,46800,d,test,0.8121933937072754,0.803250401741685
129,46800,e,test,0.8214519023895264,0.8099693939805328
129,46800,f,test,0.8035061955451965,0.8028063881961698
129,46800,g,test,0.7024128437042236,0.6936771651415042
129,46800,h,test,0.7901754379272461,0.7853327090915547
129,46800,i,test,0.7969348430633545,0.7876975203149574
129,47700,a,test,0.6772152185440063,0.6663065353859493
129,47700,b,test,0.7426900863647461,0.7140542368208428
129,47700,c,test,0.6262626051902771,0.5890797984217395
129,47700,d,test,0.8114926218986511,0.807581744217052
129,47700,e,test,0.828646183013916,0.8178498752473568
129,47700,f,test,0.7684441208839417,0.7645611032945588
129,47700,g,test,0.6890080571174622,0.6719716134313353
129,47700,h,test,0.7894737124443054,0.7851817023119377
129,47700,i,test,0.7713921070098877,0.7515256715619674
129,48600,a,test,0.6736990213394165,0.6618223340882813
129,48600,b,test,0.7634828090667725,0.7431451251013305
129,48600,c,test,0.6349206566810608,0.5907545918588705
129,48600,d,test,0.8206026554107666,0.8123560044683943
129,48600,e,test,0.8273381590843201,0.8165371451217477
129,48600,f,test,0.8056975603103638,0.804705037139751
129,48600,g,test,0.7138069868087769,0.6982309753997967
129,48600,h,test,0.7607017755508423,0.7525743577656042
129,48600,i,test,0.803320586681366,0.7947178900811765
129,49500,a,test,0.6800281405448914,0.6646630954730325
129,49500,b,test,0.7361923456192017,0.707767274356163
129,49500,c,test,0.6406926512718201,0.6298413387744654
129,49500,d,test,0.8388227224349976,0.8338534406827837
129,49500,e,test,0.8227599859237671,0.8124465509942231
129,49500,f,test,0.8013148307800293,0.8005644237803543
129,49500,g,test,0.6943699717521667,0.6772981980708046
129,49500,h,test,0.7859649062156677,0.7829776267993119
129,49500,i,test,0.7860791683197021,0.7723408724114855
129,50400,a,test,0.6779184341430664,0.6694013023187129
129,50400,b,test,0.7433398365974426,0.7138436540015115
129,50400,c,test,0.6500721573829651,0.6400543247862385
129,50400,d,test,0.8444288969039917,0.8397800172455842
129,50400,e,test,0.8221059441566467,0.8109707942319145
129,50400,f,test,0.7910884022712708,0.7889647963474662
129,50400,g,test,0.739276111125946,0.7368129622118076
129,50400,h,test,0.7971929907798767,0.7895228177332821
129,50400,i,test,0.7937420010566711,0.7858766760012998
129,51300,a,test,0.7039381265640259,0.6995639101320091
129,51300,b,test,0.7504873275756836,0.7291637393530229
129,51300,c,test,0.6464646458625793,0.6110971757134619
129,51300,d,test,0.8255080580711365,0.817570011342322
129,51300,e,test,0.8227599859237671,0.8127111885142776
129,51300,f,test,0.7940102219581604,0.7923562003536254
129,51300,g,test,0.7064343094825745,0.7027453474754952
129,51300,h,test,0.8245614171028137,0.8199433231614631
129,51300,i,test,0.7809706330299377,0.7674041039265845
129,52200,a,test,0.6983122229576111,0.6921403508014566
129,52200,b,test,0.7472384572029114,0.7265481958806097
129,52200,c,test,0.6760461926460266,0.649864806358721
129,52200,d,test,0.834618091583252,0.8281229661994876
129,52200,e,test,0.8234139680862427,0.813593979277385
129,52200,f,test,0.7962015867233276,0.7930365242287589
129,52200,g,test,0.7285522818565369,0.7157226542200269
129,52200,h,test,0.8126316070556641,0.8106032074903253
129,52200,i,test,0.7765006422996521,0.7631435091182204
129,53100,a,test,0.7095639705657959,0.7089624263752055
129,53100,b,test,0.7693307399749756,0.748399937117313
129,53100,c,test,0.6695526838302612,0.6502313648737587
129,53100,d,test,0.8297126889228821,0.8266080524687567
129,53100,e,test,0.8410726189613342,0.8326041861209719
129,53100,f,test,0.7976625561714172,0.7960082386424795
129,53100,g,test,0.7473190426826477,0.7447243722567113
129,53100,h,test,0.804912269115448,0.8007929043348865
129,53100,i,test,0.7918263077735901,0.7840716798718425
129,54000,a,test,0.7201125025749207,0.7173364880670653
129,54000,b,test,0.7751786708831787,0.7604063215717658
129,54000,c,test,0.6558441519737244,0.648305416290433
129,54000,d,test,0.8255080580711365,0.8187500480359424
129,54000,e,test,0.8247220516204834,0.8153950451483828
129,54000,f,test,0.810080349445343,0.8089227933740752
129,54000,g,test,0.739276111125946,0.7358608734581272
129,54000,h,test,0.821052610874176,0.8161154543579189
129,54000,i,test,0.7790549397468567,0.7612959810369332
129,54900,a,test,0.6849507689476013,0.6775063062984751
129,54900,b,test,0.7478882670402527,0.7229010732886284
129,54900,c,test,0.6601731777191162,0.6371098753303484
129,54900,d,test,0.8409250378608704,0.836761796435937
129,54900,e,test,0.8463047742843628,0.8375109910648186
129,54900,f,test,0.8093498945236206,0.8083935818078333
129,54900,g,test,0.7426273226737976,0.7358662056264221
129,54900,h,test,0.8175438642501831,0.8133393869453904
129,54900,i,test,0.7931034564971924,0.7879205166664672
129,55800,a,test,0.703234851360321,0.6989093215510273
129,55800,b,test,0.7699804902076721,0.7494411113866944
129,55800,c,test,0.6486291289329529,0.6286146061658169
129,55800,d,test,0.8479326963424683,0.8432535829720185
129,55800,e,test,0.8404185771942139,0.830728643817463
129,55800,f,test,0.79693204164505,0.7932851195054251
129,55800,g,test,0.7386059165000916,0.730465585765205
129,55800,h,test,0.8105263113975525,0.8053014898609171
129,55800,i,test,0.8180076479911804,0.8108235077825213
129,56700,a,test,0.6954993009567261,0.6879413067223766
129,56700,b,test,0.7654321193695068,0.7440937001416458
129,56700,c,test,0.6760461926460266,0.6573695846733931
129,56700,d,test,0.8465312123298645,0.8408838517524648
129,56700,e,test,0.8266841173171997,0.8152230380341073
129,56700,f,test,0.8071585297584534,0.8050420045994889
129,56700,g,test,0.7332439422607422,0.7260706783587464
129,56700,h,test,0.8021052479743958,0.7990189758725791
129,56700,i,test,0.7726691961288452,0.7471079977310856
129,57600,a,test,0.6962025165557861,0.6846259187731988
129,57600,b,test,0.7836257219314575,0.764343148810561
129,57600,c,test,0.6897546648979187,0.6783899550614486
129,57600,d,test,0.8479326963424683,0.8431180087950046
129,57600,e,test,0.8325703144073486,0.8233945845289137
129,57600,f,test,0.8188458681106567,0.8170349249281793
129,57600,g,test,0.747989296913147,0.7428950542642262
129,57600,h,test,0.8105263113975525,0.801275800254317
129,57600,i,test,0.7937420010566711,0.7762650769765057
129,58500,a,test,0.6870604753494263,0.6741154043188909
129,58500,b,test,0.7810266613960266,0.7604401126151448
129,58500,c,test,0.6327561140060425,0.6016303111127387
129,58500,d,test,0.8500350117683411,0.8463382711152069
129,58500,e,test,0.8508829474449158,0.8434500079632564
129,58500,f,test,0.8137326240539551,0.8112883467169304
129,58500,g,test,0.760723888874054,0.7569487182161846
129,58500,h,test,0.827368438243866,0.8272559137735908
129,58500,i,test,0.8135376572608948,0.8095662394658286
129,59400,a,test,0.7299578189849854,0.7263935760587527
129,59400,b,test,0.7543859481811523,0.7241869619330678
129,59400,c,test,0.6457431316375732,0.6379519074747827
129,59400,d,test,0.8458304405212402,0.840273640154181
129,59400,e,test,0.8489208817481995,0.84072204626769
129,59400,f,test,0.8115412592887878,0.8082969280468909
129,59400,g,test,0.7593833804130554,0.7557925953396314
129,59400,h,test,0.8063157796859741,0.7984628165907689
129,59400,i,test,0.8154534101486206,0.8086755537891642
129,60300,a,test,0.7278481125831604,0.7232308378407977
129,60300,b,test,0.7868745923042297,0.7693422475710471
129,60300,c,test,0.6955267190933228,0.6881081149409264
129,60300,d,test,0.8430273532867432,0.838408433410283
129,60300,e,test,0.8463047742843628,0.8378586753436442
129,60300,f,test,0.7998539209365845,0.7966553864441156
129,60300,g,test,0.747989296913147,0.7415687914092793
129,60300,h,test,0.8364912271499634,0.8336373318708957
129,60300,i,test,0.7969348430633545,0.782543779625759
129,61200,a,test,0.696905791759491,0.6940681626024389
129,61200,b,test,0.7855750322341919,0.7654270974760796
129,61200,c,test,0.6839826703071594,0.6563686148433344
129,61200,d,test,0.8500350117683411,0.8444005404927054
129,61200,e,test,0.8436886668205261,0.8351606692086125
129,61200,f,test,0.8173849582672119,0.8163339638310668
129,61200,g,test,0.76474529504776,0.7622032837885945
129,61200,h,test,0.832280695438385,0.8283211731681274
129,61200,i,test,0.8154534101486206,0.807906843319428
129,62100,a,test,0.6912798881530762,0.6867974935608752
129,62100,b,test,0.7816764116287231,0.7589993352863416
129,62100,c,test,0.7027416825294495,0.6881190021260291
129,62100,d,test,0.8556411862373352,0.8512469638472934
129,62100,e,test,0.8482668399810791,0.8391907022416176
129,62100,f,test,0.8086194396018982,0.8059886893167342
129,62100,g,test,0.7231903672218323,0.7109710007733816
129,62100,h,test,0.8063157796859741,0.8051231925236211
129,62100,i,test,0.8039591312408447,0.7916069860416118
129,63000,a,test,0.7102672457695007,0.7095192100503884
129,63000,b,test,0.7914230227470398,0.776287902815536
129,63000,c,test,0.6926407217979431,0.6908408491174048
129,63000,d,test,0.8444288969039917,0.8398424615030978
129,63000,e,test,0.8476127982139587,0.8400737463028992
129,63000,f,test,0.8181154131889343,0.8169239612466855
129,63000,g,test,0.7808310985565186,0.7780046173819245
129,63000,h,test,0.8203508853912354,0.817383547496358
129,63000,i,test,0.7969348430633545,0.7770630955546128
129,63900,a,test,0.7187060713768005,0.711701640407906
129,63900,b,test,0.7784275412559509,0.7578924377489047
129,63900,c,test,0.6976912021636963,0.6847951712880346
129,63900,d,test,0.8556411862373352,0.851180649797053
129,63900,e,test,0.8397645354270935,0.8316991353981411
129,63900,f,test,0.810080349445343,0.8094136453297002
129,63900,g,test,0.7761394381523132,0.7734454061736886
129,63900,h,test,0.8280701637268066,0.8224414280447214
129,63900,i,test,0.810983419418335,0.8058523970230468
129,64800,a,test,0.7194092869758606,0.7147772300837062
129,64800,b,test,0.7823261618614197,0.7649874317918046
129,64800,c,test,0.7164502143859863,0.6992882342782148
129,64800,d,test,0.8563419580459595,0.8508559110868422
129,64800,e,test,0.8417266011238098,0.8332539989404858
129,64800,f,test,0.8086194396018982,0.8045053225796721
129,64800,g,test,0.7741286754608154,0.7713785825766445
129,64800,h,test,0.8266666531562805,0.8222630638385295
129,64800,i,test,0.8154534101486206,0.808376043005043
129,65700,a,test,0.7215189933776855,0.7237812168279342
129,65700,b,test,0.7972709536552429,0.7810547448627171
129,65700,c,test,0.7027416825294495,0.6832028232550381
129,65700,d,test,0.8549404144287109,0.8486984779714097
129,65700,e,test,0.8502289056777954,0.8420021938903716
129,65700,f,test,0.8195763230323792,0.8174534302194317
129,65700,g,test,0.7734584212303162,0.7699683743868618
129,65700,h,test,0.8456140160560608,0.842575284907377
129,65700,i,test,0.8007662892341614,0.7828839646887538
129,66600,a,test,0.7250351905822754,0.722200603891339
129,66600,b,test,0.7563352584838867,0.7365098517741807
129,66600,c,test,0.7272727489471436,0.7217645741280131
129,66600,d,test,0.8521373271942139,0.8462078774962407
129,66600,e,test,0.8384565114974976,0.8281627507396537
129,66600,f,test,0.840029239654541,0.8396714624558531
129,66600,g,test,0.7747989296913147,0.7733477682810729
129,66600,h,test,0.8308771848678589,0.8254156354415917
129,66600,i,test,0.8243933320045471,0.8198247311665529
129,67500,a,test,0.752461314201355,0.7511271780717532
129,67500,b,test,0.756985068321228,0.7342816301728744
129,67500,c,test,0.6883116960525513,0.6763182351140614
129,67500,d,test,0.8486334681510925,0.8450185618013579
129,67500,e,test,0.8508829474449158,0.8422569063862043
129,67500,f,test,0.8217676877975464,0.8209290399338628
129,67500,g,test,0.7660858035087585,0.7652075855071271
129,67500,h,test,0.8421052694320679,0.8372348943390101
129,67500,i,test,0.8058748245239258,0.7927869414023313
129,68400,a,test,0.7158930897712708,0.7133158480910281
129,68400,b,test,0.7875243425369263,0.766567441415872
129,68400,c,test,0.7171717286109924,0.7139269675688085
129,68400,d,test,0.8416258096694946,0.835576781644685
129,68400,e,test,0.8423806428909302,0.8329165637701409
129,68400,f,test,0.821037232875824,0.8186005166435862
129,68400,g,test,0.7727882266044617,0.7686083846005888
129,68400,h,test,0.8399999737739563,0.8351367501446688
129,68400,i,test,0.8199234008789062,0.813689343413226
129,69300,a,test,0.7334739565849304,0.7284587386127276
129,69300,b,test,0.7979207038879395,0.7823744899039076
129,69300,c,test,0.7092351913452148,0.7029951722823174
129,69300,d,test,0.8612473607063293,0.8560547004014848
129,69300,e,test,0.8528450131416321,0.84507538715107
129,69300,f,test,0.8363769054412842,0.8361402849687177
129,69300,g,test,0.7714477181434631,0.7648642747438444
129,69300,h,test,0.8470175266265869,0.8448834574919069
129,69300,i,test,0.8103448152542114,0.8056786500645324
129,70200,a,test,0.7566807270050049,0.7534802193284996
129,70200,b,test,0.8011695742607117,0.7802191197066756
129,70200,c,test,0.6955267190933228,0.6726092287695259
129,70200,d,test,0.8612473607063293,0.8575190612740718
129,70200,e,test,0.8508829474449158,0.8422879862784494
129,70200,f,test,0.823228657245636,0.821538022011317
129,70200,g,test,0.7747989296913147,0.7725753745126624
129,70200,h,test,0.8512280583381653,0.8484409451334193
129,70200,i,test,0.8231162428855896,0.8179110907850834
129,71100,a,test,0.7151898741722107,0.7057116857145879
129,71100,b,test,0.8024691343307495,0.7830901738328525
129,71100,c,test,0.7041847109794617,0.6841073251799018
129,71100,d,test,0.8458304405212402,0.8428717786463586
129,71100,e,test,0.8567691445350647,0.8468509129429038
129,71100,f,test,0.8071585297584534,0.8038775742832698
129,71100,g,test,0.7855227589607239,0.7829035694758585
129,71100,h,test,0.8329824805259705,0.8298188141958825
129,71100,i,test,0.8001276850700378,0.7895143432973918
129,72000,a,test,0.7517580986022949,0.7472478071249778
129,72000,b,test,0.8011695742607117,0.7828889053547031
129,72000,c,test,0.7135642170906067,0.7017632923403258
129,72000,d,test,0.8458304405212402,0.8417078757916313
129,72000,e,test,0.8561151027679443,0.8482290189425349
129,72000,f,test,0.823228657245636,0.8226816360193719
129,72000,g,test,0.7747989296913147,0.7704797793812572
129,72000,h,test,0.848421037197113,0.8452258420652718
129,72000,i,test,0.8077905774116516,0.7900812105815912
129,72900,a,test,0.7250351905822754,0.7204292571026306
129,72900,b,test,0.8044184446334839,0.7903642963003542
129,72900,c,test,0.7034631967544556,0.6750470440778532
129,72900,d,test,0.8556411862373352,0.8526181385574853
129,72900,e,test,0.8515369296073914,0.844462039527003
129,72900,f,test,0.8020452857017517,0.7987261033696792
129,72900,g,test,0.7694370150566101,0.7617635327530144
129,72900,h,test,0.8378947377204895,0.8338380928620772
129,72900,i,test,0.8212004899978638,0.8175119279044919
129,73800,a,test,0.7489451766014099,0.7439670881953524
129,73800,b,test,0.8005198240280151,0.7879977483841022
129,73800,c,test,0.6976912021636963,0.6707765646295574
129,73800,d,test,0.8563419580459595,0.8529717736824168
129,73800,e,test,0.8482668399810791,0.8398208968931972
129,73800,f,test,0.8144631385803223,0.8177020765295654
129,73800,g,test,0.7747989296913147,0.7712849926394646
129,73800,h,test,0.8477193117141724,0.8463286912052842
129,73800,i,test,0.8256704807281494,0.8211709149332576
129,74700,a,test,0.7320675253868103,0.7253438640218568
129,74700,b,test,0.803118884563446,0.788000721629313
129,74700,c,test,0.7207792401313782,0.7152958317032466
129,74700,d,test,0.8570427298545837,0.8518014920108749
129,74700,e,test,0.855461061000824,0.8465627007599652
129,74700,f,test,0.8224982023239136,0.8227432425570772
129,74700,g,test,0.7801608443260193,0.7753488260737088
129,74700,h,test,0.8526315689086914,0.8512580738835758
129,74700,i,test,0.8212004899978638,0.8122020030529186
129,75600,a,test,0.7594936490058899,0.7592505093827295
129,75600,b,test,0.8122157454490662,0.7998180423406098
129,75600,c,test,0.7128427028656006,0.6969790175923708
129,75600,d,test,0.8535388708114624,0.8489362181975578
129,75600,e,test,0.8672335147857666,0.8606954134269099
129,75600,f,test,0.821037232875824,0.8187906246322166
129,75600,g,test,0.7761394381523132,0.7726703138965099
129,75600,h,test,0.8449122905731201,0.844158310386676
129,75600,i,test,0.8173691034317017,0.8081600477271323
129,76500,a,test,0.7545710206031799,0.7504495985472862
129,76500,b,test,0.7953216433525085,0.7657968102424783
129,76500,c,test,0.7316017150878906,0.727062656305911
129,76500,d,test,0.8605465888977051,0.8563435806682129
129,76500,e,test,0.8548070788383484,0.8451931848483573
129,76500,f,test,0.8327246308326721,0.8339734850799007
129,76500,g,test,0.7815013527870178,0.7773770651427742
129,76500,h,test,0.8617543578147888,0.8592161258394165
129,76500,i,test,0.8333333134651184,0.8256721817709852
129,77400,a,test,0.7587904334068298,0.7561350759614137
129,77400,b,test,0.7972709536552429,0.7793092102210929
129,77400,c,test,0.7200577259063721,0.7146528065387376
129,77400,d,test,0.8675543069839478,0.8654821360219986
129,77400,e,test,0.8626553416252136,0.8549619920439953
129,77400,f,test,0.8246895670890808,0.8216658794966752
129,77400,g,test,0.7989276051521301,0.796588544832712
129,77400,h,test,0.8561403751373291,0.8537261648975685
129,77400,i,test,0.8084291219711304,0.7951252315483556
129,78300,a,test,0.7679324746131897,0.7654655409995047
129,78300,b,test,0.8096166253089905,0.7906868175603222
129,78300,c,test,0.7229437232017517,0.7200081006917353
129,78300,d,test,0.8668535351753235,0.8636516331979527
129,78300,e,test,0.8665794730186462,0.8593704249033305
129,78300,f,test,0.8305332064628601,0.8286343610144117
129,78300,g,test,0.7875335216522217,0.7825293368619238
129,78300,h,test,0.8568421006202698,0.8560726128036248
129,78300,i,test,0.826309084892273,0.8215054050158175
129,79200,a,test,0.7630098462104797,0.7606613499573999
129,79200,b,test,0.8005198240280151,0.7835636282969597
129,79200,c,test,0.7301587462425232,0.7178858466762619
129,79200,d,test,0.8703573942184448,0.8672939096626356
129,79200,e,test,0.8567691445350647,0.850925907266682
129,79200,f,test,0.8246895670890808,0.8249501220130299
129,79200,g,test,0.7942359447479248,0.7904220284800753
129,79200,h,test,0.8645613789558411,0.8631942047935014
129,79200,i,test,0.8167304992675781,0.8119749613601058
129,80100,a,test,0.7426160573959351,0.7411470223117798
129,80100,b,test,0.8063677549362183,0.7923772420450451
129,80100,c,test,0.7243867516517639,0.723164793709323
129,80100,d,test,0.8661527633666992,0.8632914800519874
129,80100,e,test,0.8672335147857666,0.8607811370026646
129,80100,f,test,0.8181154131889343,0.8165729107279641
129,80100,g,test,0.7835120558738708,0.7807423735423323
129,80100,h,test,0.854736864566803,0.8515037460853145
129,80100,i,test,0.8212004899978638,0.812217916165897
129,81000,a,test,0.7616033554077148,0.7564412503623013
129,81000,b,test,0.8044184446334839,0.7849037512362215
129,81000,c,test,0.6933621764183044,0.6728201882130956
129,81000,d,test,0.8507357835769653,0.8458195538203812
129,81000,e,test,0.8685415387153625,0.8621622860520652
129,81000,f,test,0.823228657245636,0.8233015068736412
129,81000,g,test,0.7928954362869263,0.7901223210563603
129,81000,h,test,0.8610526323318481,0.8583794260856447
129,81000,i,test,0.8288633227348328,0.8237372854003615
129,81900,a,test,0.7545710206031799,0.7509460120416424
129,81900,b,test,0.8005198240280151,0.781498347916923
129,81900,c,test,0.7150071859359741,0.6968295845274727
129,81900,d,test,0.8738612532615662,0.8709764600315414
129,81900,e,test,0.8606932759284973,0.8537486260101126
129,81900,f,test,0.8254200220108032,0.8253671258863046
129,81900,g,test,0.7848525643348694,0.7826200602721306
129,81900,h,test,0.8666666746139526,0.8646450849561913
129,81900,i,test,0.8218390941619873,0.8131371848497833
129,82800,a,test,0.753164529800415,0.7519129761653596
129,82800,b,test,0.8083170652389526,0.7919708391491723
129,82800,c,test,0.728715717792511,0.7190918007752557
129,82800,d,test,0.8556411862373352,0.8515111603424547
129,82800,e,test,0.8750817775726318,0.8695091074720299
129,82800,f,test,0.8261504769325256,0.8249983050764403
129,82800,g,test,0.7888739705085754,0.7853887395889768
129,82800,h,test,0.8638596534729004,0.8624481365933253
129,82800,i,test,0.8199234008789062,0.8127574025508135
129,83700,a,test,0.7616033554077148,0.7598327921696364
129,83700,b,test,0.8180636763572693,0.8032498141426062
129,83700,c,test,0.7323232293128967,0.7120975839353297
129,83700,d,test,0.8598458170890808,0.8520327321176949
129,83700,e,test,0.8698495626449585,0.8635546419345633
129,83700,f,test,0.8334550857543945,0.8324975924479068
129,83700,g,test,0.7975871562957764,0.7930189876544764
129,83700,h,test,0.8575438857078552,0.8540872230083657
129,83700,i,test,0.8250319361686707,0.8195583773051275
129,84600,a,test,0.7644163370132446,0.7622558025561185
129,84600,b,test,0.8044184446334839,0.7900084076336915
129,84600,c,test,0.7258297204971313,0.7086894019511617
129,84600,d,test,0.8731604814529419,0.8690479945808409
129,84600,e,test,0.8639633655548096,0.8571012620299828
129,84600,f,test,0.8188458681106567,0.8163659770892789
129,84600,g,test,0.7721179723739624,0.7664962173996784
129,84600,h,test,0.8694736957550049,0.8671345633863706
129,84600,i,test,0.8224776387214661,0.8167415202021665
129,85500,a,test,0.7805907130241394,0.7803334711594926
129,85500,b,test,0.8180636763572693,0.8024071024284664
129,85500,c,test,0.7272727489471436,0.7165210740914141
129,85500,d,test,0.8717589378356934,0.8683373746380768
129,85500,e,test,0.8639633655548096,0.8568913611051546
129,85500,f,test,0.8392987847328186,0.8377296643378784
129,85500,g,test,0.8016085624694824,0.7980679999633978
129,85500,h,test,0.8624561429023743,0.8582818472071049
129,85500,i,test,0.8071519732475281,0.7916654005847142
129,86400,a,test,0.7721518874168396,0.769598221325669
129,86400,b,test,0.8193632364273071,0.8042017486303817
129,86400,c,test,0.7121211886405945,0.7035789931705788
129,86400,d,test,0.8696566224098206,0.8664795350578826
129,86400,e,test,0.87965989112854,0.8737792707781225
129,86400,f,test,0.8414901494979858,0.8401793322281333
129,86400,g,test,0.7908847332000732,0.7868809043684042
129,86400,h,test,0.8631578683853149,0.8595874208624273
129,86400,i,test,0.8256704807281494,0.8176309429141133
56,0,a,test,0.08860759437084198,0.04341624997362703
56,0,b,test,0.12670564651489258,0.062123002470682274
56,0,c,test,0.13275612890720367,0.07137942896456828
56,0,d,test,0.04835318773984909,0.021855492089216225
56,0,e,test,0.05428384616971016,0.025095695982191427
56,0,f,test,0.09349890798330307,0.04688323090430202
56,0,g,test,0.0790884718298912,0.04040858930210169
56,0,h,test,0.05122806876897812,0.022447434742239276
56,0,i,test,0.04406130313873291,0.02229324450895377
56,900,a,test,0.2165963500738144,0.09551981351981352
56,900,b,test,0.2716049253940582,0.14224978508327396
56,900,c,test,0.230158731341362,0.156191787262521
56,900,d,test,0.3987386226654053,0.22678921008481256
56,900,e,test,0.2799215316772461,0.16730158730158728
56,900,f,test,0.2658874988555908,0.1799564856700636
56,900,g,test,0.18900804221630096,0.07317121398753339
56,900,h,test,0.2849122881889343,0.13525782702829287
56,900,i,test,0.35185185074806213,0.1874728049948471
56,1800,a,test,0.37974682450294495,0.24927963980985068
56,1800,b,test,0.30734243988990784,0.16474400846903467
56,1800,c,test,0.341269850730896,0.2296074705082829
56,1800,d,test,0.40574631094932556,0.26148629336608425
56,1800,e,test,0.3655984401702881,0.20059169123335216
56,1800,f,test,0.34989044070243835,0.2513049238743091
56,1800,g,test,0.3632707893848419,0.18107117800986192
56,1800,h,test,0.4014035165309906,0.26434488760324415
56,1800,i,test,0.38058748841285706,0.22012171893898233
56,2700,a,test,0.37130802869796753,0.2414226638470425
56,2700,b,test,0.4197530746459961,0.2739785997226973
56,2700,c,test,0.3470418453216553,0.2378630847696632
56,2700,d,test,0.4204625189304352,0.27561643599885216
56,2700,e,test,0.36036625504493713,0.18656781192304187
56,2700,f,test,0.3462381362915039,0.2473456803516524
56,2700,g,test,0.36461126804351807,0.18345059088609925
56,2700,h,test,0.4547368288040161,0.34323727594848846
56,2700,i,test,0.39591315388679504,0.24336197669213866
56,3600,a,test,0.38818565011024475,0.25771518081505496
56,3600,b,test,0.4736842215061188,0.35610188402822124
56,3600,c,test,0.33044731616973877,0.20033812537403536
56,3600,d,test,0.3833216428756714,0.19040727333268204
56,3600,e,test,0.4087638854980469,0.2697921586093907
56,3600,f,test,0.38495251536369324,0.30323329717412667
56,3600,g,test,0.3666219711303711,0.18574401825516282
56,3600,h,test,0.3908771872520447,0.24677974833792135
56,3600,i,test,0.38825032114982605,0.24497109213183763
56,4500,a,test,0.40787622332572937,0.29928650983555066
56,4500,b,test,0.4769330620765686,0.34066345231564693
56,4500,c,test,0.341269850730896,0.2204217617956686
56,4500,d,test,0.3987386226654053,0.22367322604723136
56,4500,e,test,0.4087638854980469,0.26381830726899835
56,4500,f,test,0.3666910231113434,0.29260484217656363
56,4500,g,test,0.3666219711303711,0.18609733045034582
56,4500,h,test,0.5010526180267334,0.42405732522471107
56,4500,i,test,0.40229883790016174,0.2615118300719825
56,5400,a,test,0.39521801471710205,0.2700163220036263
56,5400,b,test,0.4366471767425537,0.3097892718674508
56,5400,c,test,0.3636363744735718,0.25606672657498647
56,5400,d,test,0.42606866359710693,0.27092192997079434
56,5400,e,test,0.4316546618938446,0.2855589568942814
56,5400,f,test,0.4769904911518097,0.42775134202635695
56,5400,g,test,0.36461126804351807,0.1816070020328547
56,5400,h,test,0.476491242647171,0.3784949124383259
56,5400,i,test,0.4080459773540497,0.26864793160967104
56,6300,a,test,0.42827004194259644,0.33441620386187193
56,6300,b,test,0.490578293800354,0.36113467826215234
56,6300,c,test,0.42424243688583374,0.32662834469899454
56,6300,d,test,0.40784862637519836,0.24415784880057015
56,6300,e,test,0.48855459690093994,0.3681110424062824
56,6300,f,test,0.43681520223617554,0.363597164667053
56,6300,g,test,0.38002681732177734,0.214700311942959
56,6300,h,test,0.5529824495315552,0.49598033150712634
56,6300,i,test,0.42975735664367676,0.306714728168861
56,7200,a,test,0.43952178955078125,0.34204901507338054
56,7200,b,test,0.4827810227870941,0.3576746685871232
56,7200,c,test,0.3874458968639374,0.28203348120710214
56,7200,d,test,0.42326560616493225,0.2658187179258235
56,7200,e,test,0.49444082379341125,0.37494813822862677
56,7200,f,test,0.5040175318717957,0.44179391973161547
56,7200,g,test,0.40214475989341736,0.2573472573368247
56,7200,h,test,0.5677192807197571,0.5022731461592118
56,7200,i,test,0.43358877301216125,0.31535234028450954
56,8100,a,test,0.50492262840271,0.4437607760547914
56,8100,b,test,0.5003249049186707,0.38214728072021936
56,8100,c,test,0.40764790773391724,0.35046092665665407
56,8100,d,test,0.4435879588127136,0.30836942190526784
56,8100,e,test,0.4545454680919647,0.3470768080039259
56,8100,f,test,0.48210373520851135,0.406243067546805
56,8100,g,test,0.3806970417499542,0.2136602400595132
56,8100,h,test,0.5550877451896667,0.4801377515888802
56,8100,i,test,0.5632184147834778,0.5192853616642115
56,9000,a,test,0.46483826637268066,0.38941928340031157
56,9000,b,test,0.5477582812309265,0.45047355101903563
56,9000,c,test,0.39249640703201294,0.2925823155642501
56,9000,d,test,0.4372810125350952,0.3034957787090039
56,9000,e,test,0.5310660600662231,0.4320504840640765
56,9000,f,test,0.4704163670539856,0.39464749620523776
56,9000,g,test,0.39276137948036194,0.23940705946222476
56,9000,h,test,0.5340350866317749,0.4474881703081224
56,9000,i,test,0.48531290888786316,0.41672525957721485
56,9900,a,test,0.5182840824127197,0.48671060268150224
56,9900,b,test,0.5601039528846741,0.48061890286617764
56,9900,c,test,0.4466089606285095,0.3830268564912471
56,9900,d,test,0.4246671199798584,0.28493212359484404
56,9900,e,test,0.5421844124794006,0.4621503990058511
56,9900,f,test,0.47406867146492004,0.3986391036799162
56,9900,g,test,0.4128686189651489,0.2864995071178177
56,9900,h,test,0.5978947281837463,0.5290878999104857
56,9900,i,test,0.4782886207103729,0.3958420388196932
56,10800,a,test,0.552039384841919,0.5227701461565275
56,10800,b,test,0.5821962356567383,0.5071545763629692
56,10800,c,test,0.4545454680919647,0.41264416759486733
56,10800,d,test,0.4919411242008209,0.3826958894516195
56,10800,e,test,0.5546108484268188,0.47914648970461643
56,10800,f,test,0.5814462900161743,0.5591650597670692
56,10800,g,test,0.41420912742614746,0.2842657129963689
56,10800,h,test,0.5319298505783081,0.4944282061527263
56,10800,i,test,0.4974457323551178,0.3866601855557244
56,11700,a,test,0.5288326144218445,0.4830695529242073
56,11700,b,test,0.5568550825119019,0.43458749907090266
56,11700,c,test,0.4538239538669586,0.3932588970049033
56,11700,d,test,0.4926418960094452,0.3865834552297304
56,11700,e,test,0.5703073740005493,0.530384785056036
56,11700,f,test,0.5653761625289917,0.5114526336134579
56,11700,g,test,0.40214475989341736,0.2547093369054598
56,11700,h,test,0.5894736647605896,0.5442359990603861
56,11700,i,test,0.6321839094161987,0.5970048494398701
56,12600,a,test,0.5119549632072449,0.48482271549880446
56,12600,b,test,0.565951943397522,0.4367040557370132
56,12600,c,test,0.4523809552192688,0.39109748780302334
56,12600,d,test,0.5367904901504517,0.44810124559799375
56,12600,e,test,0.6193590760231018,0.5740172507134562
56,12600,f,test,0.5661066174507141,0.5144232643372545
56,12600,g,test,0.41018766164779663,0.2896638474049163
56,12600,h,test,0.6133333444595337,0.5561875502680459
56,12600,i,test,0.6002554297447205,0.5714749144956869
56,13500,a,test,0.5330520272254944,0.4822537118176326
56,13500,b,test,0.5750487446784973,0.47108720399119214
56,13500,c,test,0.4538239538669586,0.3790150606806466
56,13500,d,test,0.5437981486320496,0.4525404505959811
56,13500,e,test,0.6043165326118469,0.5660232808689246
56,13500,f,test,0.5471146702766418,0.48793614163058985
56,13500,g,test,0.5100536346435547,0.4671639912424792
56,13500,h,test,0.6084210276603699,0.570484442701198
56,13500,i,test,0.5376756191253662,0.4606839553334492
56,14400,a,test,0.597046434879303,0.5910198776720944
56,14400,b,test,0.5893437266349792,0.5018081414150294
56,14400,c,test,0.4668109714984894,0.3933547498818058
56,14400,d,test,0.5858444571495056,0.5180019210550086
56,14400,e,test,0.6147809028625488,0.5844452008632198
56,14400,f,test,0.5478451251983643,0.4987944935062106
56,14400,g,test,0.4805630147457123,0.4007490803037104
56,14400,h,test,0.5992982387542725,0.5478013343715412
56,14400,i,test,0.5721583366394043,0.5154956246561834
56,15300,a,test,0.49789029359817505,0.44943993796391535
56,15300,b,test,0.6029889583587646,0.5142360280379132
56,15300,c,test,0.46536797285079956,0.4148394684532304
56,15300,d,test,0.5627189874649048,0.491850440116874
56,15300,e,test,0.6121647953987122,0.565330624541801
56,15300,f,test,0.6223520636558533,0.6163897870752976
56,15300,g,test,0.4530830979347229,0.35341675386374716
56,15300,h,test,0.6617543697357178,0.6231050877491606
56,15300,i,test,0.6475095748901367,0.6048262331917605
56,16200,a,test,0.5808719992637634,0.5724607674694021
56,16200,b,test,0.6036387085914612,0.5106721428840632
56,16200,c,test,0.4740259647369385,0.41839129650810086
56,16200,d,test,0.5739313364028931,0.5098747286102624
56,16200,e,test,0.6245912313461304,0.580560605498955
56,16200,f,test,0.6486486196517944,0.6458666757753196
56,16200,g,test,0.4624664783477783,0.3547322049157778
56,16200,h,test,0.6849122643470764,0.6674196355765987
56,16200,i,test,0.5530012845993042,0.4639321436627672
56,17100,a,test,0.5710267424583435,0.5409792533864847
56,17100,b,test,0.5938921570777893,0.47804395391803817
56,17100,c,test,0.47113996744155884,0.42591042796355216
56,17100,d,test,0.5774351954460144,0.5126248295499576
56,17100,e,test,0.6370176672935486,0.5731158483230933
56,17100,f,test,0.6508400440216064,0.6391111883983676
56,17100,g,test,0.4557640850543976,0.32943911486290284
56,17100,h,test,0.6280701756477356,0.6085719690419144
56,17100,i,test,0.6277139186859131,0.6037185045803627
56,18000,a,test,0.6054852604866028,0.5871234114474545
56,18000,b,test,0.6179337501525879,0.5403930490748843
56,18000,c,test,0.4430014491081238,0.37273529823709756
56,18000,d,test,0.632796049118042,0.5945305227664605
56,18000,e,test,0.6795291304588318,0.6504878194290854
56,18000,f,test,0.6537618637084961,0.6254585807337395
56,18000,g,test,0.48860588669776917,0.4158623452301313
56,18000,h,test,0.7017543911933899,0.6922765344009535
56,18000,i,test,0.6558110117912292,0.6193667381730621
56,18900,a,test,0.5787622928619385,0.5551947292875582
56,18900,b,test,0.6127355694770813,0.513512583242465
56,18900,c,test,0.5064935088157654,0.45322627805549437
56,18900,d,test,0.6384022235870361,0.5941555978835872
56,18900,e,test,0.6736429333686829,0.6226803838393642
56,18900,f,test,0.6603360176086426,0.6361155124147678
56,18900,g,test,0.5435656905174255,0.495634670410853
56,18900,h,test,0.6856140494346619,0.6504305632903252
56,18900,i,test,0.6615580916404724,0.6218480136927339
56,19800,a,test,0.6244725584983826,0.6169725332087551
56,19800,b,test,0.6322287321090698,0.5543245718508755
56,19800,c,test,0.509379506111145,0.45162484072775017
56,19800,d,test,0.651016116142273,0.610244387648719
56,19800,e,test,0.6710268259048462,0.6437169693902032
56,19800,f,test,0.6406136155128479,0.6269744873526409
56,19800,g,test,0.5140750408172607,0.4557614043111828
56,19800,h,test,0.6926316022872925,0.6618192676008109
56,19800,i,test,0.6762452125549316,0.6375111817565912
56,20700,a,test,0.6195499300956726,0.6040768586844741
56,20700,b,test,0.6224821209907532,0.5430268381691145
56,20700,c,test,0.5158730149269104,0.4865401232709528
56,20700,d,test,0.6461107134819031,0.6102341532098604
56,20700,e,test,0.7161543369293213,0.6891087508457542
56,20700,f,test,0.6588751077651978,0.6430109778415264
56,20700,g,test,0.5435656905174255,0.4963237624827959
56,20700,h,test,0.7045614123344421,0.6796883212488161
56,20700,i,test,0.679438054561615,0.6694089466436416
56,21600,a,test,0.6223628520965576,0.6008553560157689
56,21600,b,test,0.6465237140655518,0.5789532721981397
56,21600,c,test,0.5007215142250061,0.4444865977954984
56,21600,d,test,0.6867554187774658,0.6684042371264326
56,21600,e,test,0.6919555068016052,0.6591109537534622
56,21600,f,test,0.7143900394439697,0.7060704156355052
56,21600,g,test,0.5757372379302979,0.5414599865795569
56,21600,h,test,0.7200000286102295,0.6942705043166786
56,21600,i,test,0.6647509336471558,0.6207646396003318
56,22500,a,test,0.6223628520965576,0.6129108817067391
56,22500,b,test,0.6601689457893372,0.6075277745527383
56,22500,c,test,0.49639248847961426,0.44466309418620903
56,22500,d,test,0.6608269214630127,0.6212873880416235
56,22500,e,test,0.6919555068016052,0.6629775726853415
56,22500,f,test,0.6902849078178406,0.6768901326184608
56,22500,g,test,0.5415549874305725,0.5039016997020486
56,22500,h,test,0.6954386234283447,0.6774387952858071
56,22500,i,test,0.6896551847457886,0.660846363921875
56,23400,a,test,0.5921237468719482,0.5676418863887424
56,23400,b,test,0.6673164367675781,0.6039270660017356
56,23400,c,test,0.5194805264472961,0.4848196714206308
56,23400,d,test,0.6867554187774658,0.6592143660012617
56,23400,e,test,0.7135382890701294,0.671187087797613
56,23400,f,test,0.6895543932914734,0.6739013940763389
56,23400,g,test,0.5723860859870911,0.5181846335804113
56,23400,h,test,0.6750876903533936,0.6521696182328108
56,23400,i,test,0.7413793206214905,0.731251907116215
56,24300,a,test,0.647679328918457,0.6477146113117257
56,24300,b,test,0.6634178161621094,0.5987961053903488
56,24300,c,test,0.51875901222229,0.47868010942568207
56,24300,d,test,0.7105816602706909,0.6906331989873812
56,24300,e,test,0.7148463129997253,0.6879181632157715
56,24300,f,test,0.707815945148468,0.6938107031238863
56,24300,g,test,0.582439661026001,0.5475785634682422
56,24300,h,test,0.7585964798927307,0.7428544607829127
56,24300,i,test,0.6749680638313293,0.6387023084788552
56,25200,a,test,0.6357243061065674,0.6248825053051252
56,25200,b,test,0.6562703251838684,0.6003254430652695
56,25200,c,test,0.5165945291519165,0.4715009349256991
56,25200,d,test,0.6993693113327026,0.6775399118537789
56,25200,e,test,0.7364290356636047,0.7124662498159181
56,25200,f,test,0.7100073099136353,0.6992180634415971
56,25200,g,test,0.5904825925827026,0.5493856099926144
56,25200,h,test,0.6856140494346619,0.6795150658148886
56,25200,i,test,0.7394636273384094,0.718662089056263
56,26100,a,test,0.6104078888893127,0.5932215431946041
56,26100,b,test,0.668615996837616,0.5906193131646308
56,26100,c,test,0.569985568523407,0.5525887461749069
56,26100,d,test,0.7112824320793152,0.6942779440013358
56,26100,e,test,0.7161543369293213,0.6747907853904486
56,26100,f,test,0.7384952306747437,0.7359645042172582
56,26100,g,test,0.5878016352653503,0.5552141253768701
56,26100,h,test,0.7599999904632568,0.7507713466438127
56,26100,i,test,0.7439336180686951,0.7365845499178993
56,27000,a,test,0.649789035320282,0.6420699246667422
56,27000,b,test,0.6439246535301208,0.5718451388422789
56,27000,c,test,0.5382395386695862,0.5085905097937122
56,27000,d,test,0.6993693113327026,0.6742242221840185
56,27000,e,test,0.7135382890701294,0.6846776695321136
56,27000,f,test,0.7414171099662781,0.7312541188273333
56,27000,g,test,0.5911527872085571,0.5386323188214509
56,27000,h,test,0.7473683953285217,0.7433094165709774
56,27000,i,test,0.7145593762397766,0.687960759228983
56,27900,a,test,0.6223628520965576,0.6088384383143991
56,27900,b,test,0.6822612285614014,0.642059907572173
56,27900,c,test,0.5209234952926636,0.4848228662288508
56,27900,d,test,0.7112824320793152,0.6886977920170231
56,27900,e,test,0.748855471611023,0.7274893677230633
56,27900,f,test,0.7275383472442627,0.7189360405124708
56,27900,g,test,0.6146112680435181,0.5718810602951244
56,27900,h,test,0.7747368216514587,0.7686308823771189
56,27900,i,test,0.7394636273384094,0.7321127804045598
56,28800,a,test,0.644866406917572,0.6336528655490684
56,28800,b,test,0.6900584697723389,0.6383250718825444
56,28800,c,test,0.5786435604095459,0.5737706248831651
56,28800,d,test,0.7498248219490051,0.7371837939851075
56,28800,e,test,0.7344669699668884,0.712338229736469
56,28800,f,test,0.7545653581619263,0.750023718511687
56,28800,g,test,0.6655495762825012,0.6531816506411187
56,28800,h,test,0.785263180732727,0.7737449129454891
56,28800,i,test,0.7381864786148071,0.7300792287656254
56,29700,a,test,0.6455696225166321,0.6317025492136338
56,29700,b,test,0.7037037014961243,0.6705875434479563
56,29700,c,test,0.5505050420761108,0.5317972538445322
56,29700,d,test,0.705676257610321,0.6874842629479532
56,29700,e,test,0.7612819075584412,0.7403761450205493
56,29700,f,test,0.7574872374534607,0.7523114004147552
56,29700,g,test,0.6293565630912781,0.6046055482395216
56,29700,h,test,0.78877192735672,0.77747089145831
56,29700,i,test,0.7209450602531433,0.6867347210894078
56,30600,a,test,0.6561181545257568,0.648975132000887
56,30600,b,test,0.6907082796096802,0.6491242386628046
56,30600,c,test,0.5844155550003052,0.5605217804921863
56,30600,d,test,0.7295024394989014,0.7119658781226715
56,30600,e,test,0.7527796030044556,0.7360515395236155
56,30600,f,test,0.7457998394966125,0.7370727166800034
56,30600,g,test,0.6581769585609436,0.6323603957257964
56,30600,h,test,0.7768421173095703,0.7634589121340195
56,30600,i,test,0.7203065156936646,0.6870028484489832
56,31500,a,test,0.6624472737312317,0.6556137269476913
56,31500,b,test,0.7043534517288208,0.6698050409003811
56,31500,c,test,0.5786435604095459,0.5444495703303355
56,31500,d,test,0.7498248219490051,0.7345291690669274
56,31500,e,test,0.7573577761650085,0.7343963604513193
56,31500,f,test,0.7450693845748901,0.7365099707184953
56,31500,g,test,0.6662198305130005,0.6346876441173163
56,31500,h,test,0.7817543745040894,0.7715446195327069
56,31500,i,test,0.7432950139045715,0.7329477107935881
56,32400,a,test,0.6511955261230469,0.6478611256781373
56,32400,b,test,0.7095516324043274,0.6692518857104789
56,32400,c,test,0.5714285969734192,0.5630868928022763
56,32400,d,test,0.7484232783317566,0.7336861543761035
56,32400,e,test,0.7462393641471863,0.7309159454679977
56,32400,f,test,0.7516435384750366,0.745754270956645
56,32400,g,test,0.6668900847434998,0.6465079092288543
56,32400,h,test,0.7866666913032532,0.7759521611091241
56,32400,i,test,0.7407407164573669,0.730874352436914
56,33300,a,test,0.6610407829284668,0.6543654060507315
56,33300,b,test,0.7128005027770996,0.6794051070405134
56,33300,c,test,0.5598845481872559,0.5367756457407832
56,33300,d,test,0.7540294528007507,0.7472595035986536
56,33300,e,test,0.774362325668335,0.7594371483102944
56,33300,f,test,0.7647918462753296,0.7595960157524778
56,33300,g,test,0.695040225982666,0.6789917448936128
56,33300,h,test,0.793684184551239,0.7835779161624318
56,33300,i,test,0.7496806979179382,0.7379566218251336
56,34200,a,test,0.6680731177330017,0.6586121207348756
56,34200,b,test,0.6959064602851868,0.6435746993489552
56,34200,c,test,0.5663780570030212,0.5533338232367446
56,34200,d,test,0.744218647480011,0.7348204394644023
56,34200,e,test,0.7606278657913208,0.7412766378641154
56,34200,f,test,0.7677136659622192,0.7638931811338884
56,34200,g,test,0.6487935781478882,0.6211018500768493
56,34200,h,test,0.7761403322219849,0.7691793336283882
56,34200,i,test,0.7752234935760498,0.7526637661184067
56,35100,a,test,0.6751055121421814,0.6696107075599254
56,35100,b,test,0.7212475538253784,0.6903806612197189
56,35100,c,test,0.6024531126022339,0.5805165178258657
56,35100,d,test,0.7554309964179993,0.7446710347428888
56,35100,e,test,0.7737082839012146,0.7518247081269739
56,35100,f,test,0.7837837934494019,0.7796715420018283
56,35100,g,test,0.6467828154563904,0.6159202021023185
56,35100,h,test,0.7922806739807129,0.782830995321467
56,35100,i,test,0.7630906701087952,0.7411864383634167
56,36000,a,test,0.6849507689476013,0.6841321452134924
56,36000,b,test,0.733593225479126,0.7041005424618224
56,36000,c,test,0.6017315983772278,0.5889725022654678
56,36000,d,test,0.7659425139427185,0.7561829449937757
56,36000,e,test,0.7318508625030518,0.7025340186435565
56,36000,f,test,0.7728269100189209,0.7669761473508813
56,36000,g,test,0.6782841682434082,0.6497972626021781
56,36000,h,test,0.7992982268333435,0.788103449240158
56,36000,i,test,0.7713921070098877,0.7464003639696122
56,36900,a,test,0.694796085357666,0.6937351062590084
56,36900,b,test,0.7348927855491638,0.7087393649874408
56,36900,c,test,0.5815295577049255,0.5721005770675689
56,36900,d,test,0.7477225065231323,0.7380574778695741
56,36900,e,test,0.7750163674354553,0.7590354577545432
56,36900,f,test,0.7691745758056641,0.7645600394283183
56,36900,g,test,0.6722519993782043,0.6378705443987291
56,36900,h,test,0.8224561214447021,0.8169494468544576
56,36900,i,test,0.78224778175354,0.7613947420280688
56,37800,a,test,0.6729958057403564,0.6623395132156767
56,37800,b,test,0.733593225479126,0.7028962721310642
56,37800,c,test,0.5396825671195984,0.5013902714295931
56,37800,d,test,0.7631394267082214,0.7552952574505806
56,37800,e,test,0.7763243913650513,0.7596882471307266
56,37800,f,test,0.7618699669837952,0.755107271886802
56,37800,g,test,0.6856568455696106,0.6666280561738123
56,37800,h,test,0.8070175647735596,0.8026045934005541
56,37800,i,test,0.7707535028457642,0.756511194086016
56,38700,a,test,0.6835442781448364,0.680017601435322
56,38700,b,test,0.7316439151763916,0.6881521150240073
56,38700,c,test,0.6334776282310486,0.6170968450935066
56,38700,d,test,0.7708479166030884,0.7616633504352279
56,38700,e,test,0.7724002599716187,0.7567475457045753
56,38700,f,test,0.765522301197052,0.7616728596037986
56,38700,g,test,0.709785521030426,0.6944993859764278
56,38700,h,test,0.8042105436325073,0.7963681275291123
56,38700,i,test,0.7796934843063354,0.7588104894877067
56,39600,a,test,0.6856539845466614,0.682179262484686
56,39600,b,test,0.7498375773429871,0.7199412370805267
56,39600,c,test,0.6356421113014221,0.6202894603988413
56,39600,d,test,0.7848633527755737,0.7806159576994324
56,39600,e,test,0.7841726541519165,0.7703971485674114
56,39600,f,test,0.7888969779014587,0.7881631764435119
56,39600,g,test,0.7084450125694275,0.6875267785424729
56,39600,h,test,0.8084210753440857,0.798101221345545
56,39600,i,test,0.7726691961288452,0.757534782555164
56,40500,a,test,0.6884669661521912,0.6840281593194782
56,40500,b,test,0.7478882670402527,0.7233020984311208
56,40500,c,test,0.6168830990791321,0.6003577404819961
56,40500,d,test,0.7736510038375854,0.7653640534004241
56,40500,e,test,0.8077174425125122,0.7970031220695759
56,40500,f,test,0.7896274924278259,0.788342009452013
56,40500,g,test,0.7231903672218323,0.7122236483963845
56,40500,h,test,0.8238596320152283,0.8179161222717711
56,40500,i,test,0.7867177724838257,0.7766457475067479
56,41400,a,test,0.6849507689476013,0.6765555038362313
56,41400,b,test,0.7530864477157593,0.725639376079497
56,41400,c,test,0.6385281682014465,0.6112122967820693
56,41400,d,test,0.7666432857513428,0.7583261725136573
56,41400,e,test,0.8070634603500366,0.7933187718423694
56,41400,f,test,0.7772096395492554,0.7718515811599859
56,41400,g,test,0.7037533521652222,0.6813500731745048
56,41400,h,test,0.816140353679657,0.8056060931485155
56,41400,i,test,0.7554278373718262,0.7357726746265586
56,42300,a,test,0.6779184341430664,0.6700279760092993
56,42300,b,test,0.7446393966674805,0.7082178047240363
56,42300,c,test,0.6392496228218079,0.6300860823315894
56,42300,d,test,0.7799579501152039,0.7721923304192533
56,42300,e,test,0.8064094185829163,0.7910592552196934
56,42300,f,test,0.7859751582145691,0.7825282144824407
56,42300,g,test,0.7325737476348877,0.725173887651617
56,42300,h,test,0.7922806739807129,0.7815943665323402
56,42300,i,test,0.7209450602531433,0.7017586878544648
56,43200,a,test,0.7018284201622009,0.6946416649194868
56,43200,b,test,0.7316439151763916,0.6943680572143238
56,43200,c,test,0.6500721573829651,0.643928888291836
56,43200,d,test,0.7806587219238281,0.7723878964825786
56,43200,e,test,0.8083714842796326,0.7982547227084368
56,43200,f,test,0.7976625561714172,0.7950756600731159
56,43200,g,test,0.7325737476348877,0.7267881693927213
56,43200,h,test,0.8238596320152283,0.8166909154113244
56,43200,i,test,0.8001276850700378,0.7824238567104193
56,44100,a,test,0.7109704613685608,0.7120819875011803
56,44100,b,test,0.7595841288566589,0.7374155996637852
56,44100,c,test,0.6572871804237366,0.6473981899793941
56,44100,d,test,0.7743517756462097,0.7669199946659644
56,44100,e,test,0.7874427437782288,0.7754065866265267
56,44100,f,test,0.7918188571929932,0.7872508239814492
56,44100,g,test,0.7285522818565369,0.7240323779934199
56,44100,h,test,0.8147368431091309,0.8040944475821373
56,44100,i,test,0.7816091775894165,0.7640495355797993
56,45000,a,test,0.7158930897712708,0.7156280517796804
56,45000,b,test,0.7413905262947083,0.7085025346116974
56,45000,c,test,0.6515151262283325,0.6445137431858955
56,45000,d,test,0.8009811043739319,0.7941090705470056
56,45000,e,test,0.8057553768157959,0.7903935995993473
56,45000,f,test,0.8137326240539551,0.8126610278802061
56,45000,g,test,0.7111260294914246,0.6906577818662032
56,45000,h,test,0.8294736742973328,0.822526730303407
56,45000,i,test,0.7854406237602234,0.7737164584726327
56,45900,a,test,0.7109704613685608,0.7076805531469561
56,45900,b,test,0.7654321193695068,0.7450552554365878
56,45900,c,test,0.6428571343421936,0.637585173328555
56,45900,d,test,0.7694463729858398,0.7595160019731401
56,45900,e,test,0.8312622904777527,0.8218436328005533
56,45900,f,test,0.7954711318016052,0.7923922422766263
56,45900,g,test,0.7379356622695923,0.7293689569179507
56,45900,h,test,0.8231579065322876,0.816972268705462
56,45900,i,test,0.7950191497802734,0.772984244132395
56,46800,a,test,0.7018284201622009,0.7022102483054583
56,46800,b,test,0.7673814296722412,0.7452074289878556
56,46800,c,test,0.6363636255264282,0.6314685760220263
56,46800,d,test,0.7932726144790649,0.7863303882793898
56,46800,e,test,0.8109875917434692,0.8020682238779098
56,46800,f,test,0.8056975603103638,0.8033236658189632
56,46800,g,test,0.7231903672218323,0.7053586022183782
56,46800,h,test,0.8392982482910156,0.8327358188063876
56,46800,i,test,0.7988505959510803,0.7741204243097957
56,47700,a,test,0.7158930897712708,0.7123856238122253
56,47700,b,test,0.7680311799049377,0.736916173218095
56,47700,c,test,0.6536796689033508,0.6266298092321013
56,47700,d,test,0.803784191608429,0.7963765107747727
56,47700,e,test,0.8057553768157959,0.7937323742650002
56,47700,f,test,0.8020452857017517,0.7995606132169931
56,47700,g,test,0.7171581983566284,0.6961008555817844
56,47700,h,test,0.8091228008270264,0.8005905651176572
56,47700,i,test,0.7931034564971924,0.782939301295444
56,48600,a,test,0.7137833833694458,0.7110226899477636
56,48600,b,test,0.7706303000450134,0.7413621100255998
56,48600,c,test,0.6392496228218079,0.6239793202044418
56,48600,d,test,0.8192011117935181,0.8156546053689352
56,48600,e,test,0.8162197470664978,0.8037365524346402
56,48600,f,test,0.8035061955451965,0.8021146717450236
56,48600,g,test,0.7312332391738892,0.7189227291587965
56,48600,h,test,0.8217543959617615,0.814197886971062
56,48600,i,test,0.7962962985038757,0.7747506300481654
56,49500,a,test,0.7172995805740356,0.7162876645237368
56,49500,b,test,0.77128005027771,0.73977200263931
56,49500,c,test,0.6601731777191162,0.6522510644131453
56,49500,d,test,0.8170987963676453,0.8120425135885173
56,49500,e,test,0.8162197470664978,0.8058301548909298
56,49500,f,test,0.7903579473495483,0.7851886877582855
56,49500,g,test,0.7339141964912415,0.7286275272921917
56,49500,h,test,0.8280701637268066,0.8241403057688834
56,49500,i,test,0.7988505959510803,0.778780704426036
56,50400,a,test,0.7116736769676208,0.7095949745660018
56,50400,b,test,0.7706303000450134,0.7461766098406475
56,50400,c,test,0.6717171669006348,0.663066398350387
56,50400,d,test,0.7799579501152039,0.7682642474881604
56,50400,e,test,0.8214519023895264,0.8121926986996343
56,50400,f,test,0.7706354856491089,0.7640176581502408
56,50400,g,test,0.7211796045303345,0.6958008618416422
56,50400,h,test,0.8266666531562805,0.8213169636355916
56,50400,i,test,0.7931034564971924,0.784279420578959
56,51300,a,test,0.6983122229576111,0.69316597332609
56,51300,b,test,0.7543859481811523,0.7416244797764655
56,51300,c,test,0.6572871804237366,0.6479760957394661
56,51300,d,test,0.8248072862625122,0.8214553215959354
56,51300,e,test,0.8162197470664978,0.8028935078828271
56,51300,f,test,0.8086194396018982,0.8039333624906763
56,51300,g,test,0.7131367325782776,0.684332971324365
56,51300,h,test,0.8350877165794373,0.8279415662872966
56,51300,i,test,0.8065134286880493,0.7976132782283734
56,52200,a,test,0.7271448373794556,0.7276956531602964
56,52200,b,test,0.7550357580184937,0.7190086774493966
56,52200,c,test,0.6695526838302612,0.651102315898154
56,52200,d,test,0.803784191608429,0.7979105351079426
56,52200,e,test,0.8234139680862427,0.8139959126192268
56,52200,f,test,0.8188458681106567,0.8173507638594472
56,52200,g,test,0.7218498587608337,0.7121137632101622
56,52200,h,test,0.8378947377204895,0.8331627702792456
56,52200,i,test,0.7886334657669067,0.7568064242553447
56,53100,a,test,0.7271448373794556,0.7245553700733426
56,53100,b,test,0.7485380172729492,0.7098500532760488
56,53100,c,test,0.6847041845321655,0.6714609699309956
56,53100,d,test,0.8206026554107666,0.815479555439281
56,53100,e,test,0.8260300755500793,0.8145491178558172
56,53100,f,test,0.8122717142105103,0.8098410519924625
56,53100,g,test,0.7278820276260376,0.7100349165872512
56,53100,h,test,0.8385964632034302,0.8305692090188463
56,53100,i,test,0.8116219639778137,0.803961050673364
56,54000,a,test,0.7109704613685608,0.7093510890681016
56,54000,b,test,0.7784275412559509,0.7613991941329052
56,54000,c,test,0.6839826703071594,0.6666939035455397
56,54000,d,test,0.8339173197746277,0.8299507596796377
56,54000,e,test,0.8404185771942139,0.8311453296513843
56,54000,f,test,0.8056975603103638,0.8017611521091762
56,54000,g,test,0.7546916604042053,0.7490968254793787
56,54000,h,test,0.848421037197113,0.844256286023601
56,54000,i,test,0.8065134286880493,0.7983305815685645
56,54900,a,test,0.7355836629867554,0.7356571826331054
56,54900,b,test,0.790123462677002,0.7704179032319685
56,54900,c,test,0.668109655380249,0.6634448630988657
56,54900,d,test,0.8325157761573792,0.8274534308326941
56,54900,e,test,0.8351864218711853,0.8262857620230735
56,54900,f,test,0.7896274924278259,0.7884735899057828
56,54900,g,test,0.7278820276260376,0.7078692379514897
56,54900,h,test,0.843508780002594,0.8400035767377619
56,54900,i,test,0.8020434379577637,0.7675805836312617
56,55800,a,test,0.7158930897712708,0.7072426979181937
56,55800,b,test,0.7790773510932922,0.7570491216569487
56,55800,c,test,0.6767676472663879,0.6689324525734311
56,55800,d,test,0.8241065144538879,0.8200685536728213
56,55800,e,test,0.8149117231369019,0.8057745879594495
56,55800,f,test,0.8151935935020447,0.8104983661180897
56,55800,g,test,0.7667560577392578,0.7599543890626048
56,55800,h,test,0.8449122905731201,0.8398893894650654
56,55800,i,test,0.8192847967147827,0.8101600370422432
56,56700,a,test,0.6990154981613159,0.6928783507214864
56,56700,b,test,0.7966212034225464,0.7817060648746597
56,56700,c,test,0.6883116960525513,0.6690360804799339
56,56700,d,test,0.8262088298797607,0.8214785938334046
56,56700,e,test,0.8312622904777527,0.8213066615988786
56,56700,f,test,0.8115412592887878,0.809411093380664
56,56700,g,test,0.75,0.7381898254805495
56,56700,h,test,0.8343859910964966,0.826852157713362
56,56700,i,test,0.795657753944397,0.7609612120699375
56,57600,a,test,0.7278481125831604,0.7285960515228481
56,57600,b,test,0.7732293605804443,0.7422714071855251
56,57600,c,test,0.682539701461792,0.676181278742343
56,57600,d,test,0.816398024559021,0.8117944068927972
56,57600,e,test,0.8391105532646179,0.8304450440188517
56,57600,f,test,0.810080349445343,0.8079234493458611
56,57600,g,test,0.7459785342216492,0.7341626200114381
56,57600,h,test,0.8603509068489075,0.8558372068401314
56,57600,i,test,0.8116219639778137,0.7865705917000692
56,58500,a,test,0.7313642501831055,0.728777559814206
56,58500,b,test,0.7985705137252808,0.7782044154563997
56,58500,c,test,0.6861472129821777,0.6667672666625472
56,58500,d,test,0.8416258096694946,0.8387380302823829
56,58500,e,test,0.8162197470664978,0.8040604197804765
56,58500,f,test,0.8108108043670654,0.8087074285645635
56,58500,g,test,0.7620643377304077,0.756831950376895
56,58500,h,test,0.8554385900497437,0.8502820039844576
56,58500,i,test,0.810983419418335,0.8004039445980835
56,59400,a,test,0.747538685798645,0.749123216829779
56,59400,b,test,0.8063677549362183,0.7863834206895821
56,59400,c,test,0.6810966730117798,0.657130302342136
56,59400,d,test,0.8079887628555298,0.8002797178658675
56,59400,e,test,0.8371484875679016,0.8265876610913147
56,59400,f,test,0.8013148307800293,0.7955808588525676
56,59400,g,test,0.7493297457695007,0.7458444111838305
56,59400,h,test,0.8645613789558411,0.8587772124324428
56,59400,i,test,0.8014048337936401,0.7933891150164601
56,60300,a,test,0.7419127821922302,0.7433205513524821
56,60300,b,test,0.77582848072052,0.7472332441451194
56,60300,c,test,0.6897546648979187,0.6773066249628874
56,60300,d,test,0.8311142325401306,0.8281904717674538
56,60300,e,test,0.8384565114974976,0.8299633237191816
56,60300,f,test,0.826880931854248,0.8259219386575993
56,60300,g,test,0.7593833804130554,0.7524229101095176
56,60300,h,test,0.8652631640434265,0.8597705661584566
56,60300,i,test,0.8154534101486206,0.7945612461816606
56,61200,a,test,0.7313642501831055,0.730311197617714
56,61200,b,test,0.7992202639579773,0.7818028218719962
56,61200,c,test,0.6904761791229248,0.6757184825623367
56,61200,d,test,0.8409250378608704,0.8385817361270161
56,61200,e,test,0.833224356174469,0.8243420205194899
56,61200,f,test,0.8151935935020447,0.8141676132048744
56,61200,g,test,0.7560321688652039,0.7444926899969886
56,61200,h,test,0.8603509068489075,0.8547087234119523
56,61200,i,test,0.8148148059844971,0.7958164390218179
56,62100,a,test,0.7489451766014099,0.747994137382722
56,62100,b,test,0.808966875076294,0.791907706187401
56,62100,c,test,0.6955267190933228,0.6810306655711797
56,62100,d,test,0.8339173197746277,0.8309263842951378
56,62100,e,test,0.8175277709960938,0.8090024696495055
56,62100,f,test,0.8407596945762634,0.8399359333601986
56,62100,g,test,0.7560321688652039,0.7479219783042662
56,62100,h,test,0.8554385900497437,0.8493073845865547
56,62100,i,test,0.8160919547080994,0.7942289570482647
56,63000,a,test,0.753164529800415,0.7560466866479648
56,63000,b,test,0.7998700737953186,0.7793811472072535
56,63000,c,test,0.6782106757164001,0.6576514805853984
56,63000,d,test,0.8521373271942139,0.8498657760234409
56,63000,e,test,0.8404185771942139,0.831937737216702
56,63000,f,test,0.823228657245636,0.8212984783596277
56,63000,g,test,0.7459785342216492,0.7365976989572337
56,63000,h,test,0.8680701851844788,0.8616865839120189
56,63000,i,test,0.8333333134651184,0.8250653405927649
56,63900,a,test,0.74964839220047,0.7501792897223302
56,63900,b,test,0.7862248420715332,0.7656491405990341
56,63900,c,test,0.7063491940498352,0.6991674246536581
56,63900,d,test,0.8402242660522461,0.8377430572516548
56,63900,e,test,0.8436886668205261,0.8342008646535315
56,63900,f,test,0.821037232875824,0.8193191993107786
56,63900,g,test,0.7788203954696655,0.7753873770208909
56,63900,h,test,0.8498245477676392,0.8446036818459745
56,63900,i,test,0.8180076479911804,0.7994033319011583
56,64800,a,test,0.7278481125831604,0.7198173520186258
56,64800,b,test,0.8057180047035217,0.7908595002811118
56,64800,c,test,0.6998556852340698,0.6818872516883046
56,64800,d,test,0.8521373271942139,0.8499037525680543
56,64800,e,test,0.8410726189613342,0.8330306798464718
56,64800,f,test,0.8173849582672119,0.8122162357791202
56,64800,g,test,0.752010703086853,0.7457518829962037
56,64800,h,test,0.8680701851844788,0.8631472237495155
56,64800,i,test,0.8256704807281494,0.8092193128922037
56,65700,a,test,0.7243319153785706,0.7238431341919568
56,65700,b,test,0.7608836889266968,0.7311272603394136
56,65700,c,test,0.6969696879386902,0.6852294850565627
56,65700,d,test,0.8528380990028381,0.8514678783635558
56,65700,e,test,0.8325703144073486,0.8258856381943843
56,65700,f,test,0.810080349445343,0.8076719466480489
56,65700,g,test,0.7473190426826477,0.741027910202405
56,65700,h,test,0.8617543578147888,0.8551403205784579
56,65700,i,test,0.8014048337936401,0.7748016664722558
56,66600,a,test,0.753164529800415,0.7541366224016471
56,66600,b,test,0.7998700737953186,0.7845149882387362
56,66600,c,test,0.7077922224998474,0.6977011804395122
56,66600,d,test,0.8493342399597168,0.8456682286897365
56,66600,e,test,0.8456507325172424,0.8362863854363788
56,66600,f,test,0.8341855406761169,0.8323492109364206
56,66600,g,test,0.747989296913147,0.7376379974572974
56,66600,h,test,0.8631578683853149,0.857605275071597
56,66600,i,test,0.8135376572608948,0.8041238673112066
56,67500,a,test,0.752461314201355,0.7511289063898975
56,67500,b,test,0.803118884563446,0.7836858421355748
56,67500,c,test,0.7135642170906067,0.7049684448884895
56,67500,d,test,0.8542396426200867,0.8512075201245808
56,67500,e,test,0.8221059441566467,0.8082813868395187
56,67500,f,test,0.8254200220108032,0.8225773752608093
56,67500,g,test,0.7640750408172607,0.7573286507738818
56,67500,h,test,0.8533333539962769,0.8490916779056588
56,67500,i,test,0.8333333134651184,0.8203636347900581
56,68400,a,test,0.7616033554077148,0.763767049762725
56,68400,b,test,0.7927225232124329,0.7717359758329163
56,68400,c,test,0.7178932428359985,0.7077824450357894
56,68400,d,test,0.8493342399597168,0.8466353092407418
56,68400,e,test,0.8044473528862,0.7950249693627645
56,68400,f,test,0.837837815284729,0.837075851179902
56,68400,g,test,0.7741286754608154,0.7664980752294676
56,68400,h,test,0.8428069949150085,0.8399484581415414
56,68400,i,test,0.810983419418335,0.7868502279448939
56,69300,a,test,0.7679324746131897,0.7691086341560013
56,69300,b,test,0.8128654956817627,0.797471563789529
56,69300,c,test,0.6940836906433105,0.6897686660117205
56,69300,d,test,0.8640504479408264,0.8617549689841097
56,69300,e,test,0.8423806428909302,0.8356593455252622
56,69300,f,test,0.8334550857543945,0.8320509158911489
56,69300,g,test,0.7821716070175171,0.7774195730509414
56,69300,h,test,0.8645613789558411,0.859791286784611
56,69300,i,test,0.8320561647415161,0.821900391593806
56,70200,a,test,0.7594936490058899,0.7610390357628938
56,70200,b,test,0.7972709536552429,0.7746353694649771
56,70200,c,test,0.6948052048683167,0.6862255313133473
56,70200,d,test,0.8661527633666992,0.8635912515939502
56,70200,e,test,0.8430346846580505,0.8353619888202289
56,70200,f,test,0.8203067779541016,0.8185205896963316
56,70200,g,test,0.7707774639129639,0.7629733703821048
56,70200,h,test,0.8736842274665833,0.8681693975599581
56,70200,i,test,0.8422732949256897,0.8313259354974601
56,71100,a,test,0.7651195526123047,0.7652546699816317
56,71100,b,test,0.7972709536552429,0.7768844049180202
56,71100,c,test,0.6991341710090637,0.6878128691230508
56,71100,d,test,0.8647512197494507,0.8611049030597755
56,71100,e,test,0.8338783383369446,0.8275306637107162
56,71100,f,test,0.8327246308326721,0.8322457499881183
56,71100,g,test,0.7835120558738708,0.7789482235626853
56,71100,h,test,0.8694736957550049,0.8655528697745704
56,71100,i,test,0.8148148059844971,0.7973171866133094
56,72000,a,test,0.7594936490058899,0.7606203222455686
56,72000,b,test,0.820662796497345,0.8052395263368334
56,72000,c,test,0.6969696879386902,0.6852866918257545
56,72000,d,test,0.8605465888977051,0.8587590535547801
56,72000,e,test,0.8476127982139587,0.8407531214404954
56,72000,f,test,0.8363769054412842,0.8342317088375703
56,72000,g,test,0.7781501412391663,0.7729174252723051
56,72000,h,test,0.8652631640434265,0.8592353019213025
56,72000,i,test,0.8237547874450684,0.8151654218767302
56,72900,a,test,0.75527423620224,0.7577436193773074
56,72900,b,test,0.7725796103477478,0.7616390138814308
56,72900,c,test,0.7063491940498352,0.702054146021513
56,72900,d,test,0.8633496761322021,0.860865613104122
56,72900,e,test,0.849574863910675,0.8438957097225407
56,72900,f,test,0.8137326240539551,0.8101233281656798
56,72900,g,test,0.7747989296913147,0.7667265605363722
56,72900,h,test,0.8631578683853149,0.8588467778039895
56,72900,i,test,0.8065134286880493,0.782315092515535
56,73800,a,test,0.7369901537895203,0.7402150231822509
56,73800,b,test,0.8226121068000793,0.8029073435128832
56,73800,c,test,0.7164502143859863,0.7055741490906599
56,73800,d,test,0.875963568687439,0.8749501386436861
56,73800,e,test,0.8515369296073914,0.8444780092825855
56,73800,f,test,0.8217676877975464,0.8163696621812909
56,73800,g,test,0.7868632674217224,0.779618884570244
56,73800,h,test,0.8743859529495239,0.8701688772512447
56,73800,i,test,0.8275862336158752,0.8159699777669727
56,74700,a,test,0.7426160573959351,0.7350549228038664
56,74700,b,test,0.7959713935852051,0.7692473967140301
56,74700,c,test,0.6962481737136841,0.6643353861158514
56,74700,d,test,0.8766643404960632,0.8749232311211469
56,74700,e,test,0.8502289056777954,0.8435118842673046
56,74700,f,test,0.840029239654541,0.8369038732572661
56,74700,g,test,0.7875335216522217,0.7803767532735634
56,74700,h,test,0.8736842274665833,0.866835958051169
56,74700,i,test,0.820561945438385,0.8013618925469302
56,75600,a,test,0.7609001398086548,0.7566268299666709
56,75600,b,test,0.8135152459144592,0.7941034158520403
56,75600,c,test,0.7142857313156128,0.7053922932769909
56,75600,d,test,0.8640504479408264,0.8597475069865149
56,75600,e,test,0.8548070788383484,0.8500365976477271
56,75600,f,test,0.837837815284729,0.8367642895207696
56,75600,g,test,0.7955763936042786,0.7904782404225706
56,75600,h,test,0.8680701851844788,0.8624286213012846
56,75600,i,test,0.8403576016426086,0.8335036737104661
56,76500,a,test,0.7587904334068298,0.7588195988936736
56,76500,b,test,0.8109161853790283,0.7899634308172924
56,76500,c,test,0.7164502143859863,0.713384077117901
56,76500,d,test,0.8598458170890808,0.8569148688329759
56,76500,e,test,0.8561151027679443,0.8497805840613437
56,76500,f,test,0.8429510593414307,0.8414196513649057
56,76500,g,test,0.7808310985565186,0.7751442892562238
56,76500,h,test,0.8736842274665833,0.8700842474325815
56,76500,i,test,0.8403576016426086,0.8319235610679594
56,77400,a,test,0.7679324746131897,0.7715065529507616
56,77400,b,test,0.8154646158218384,0.7965823305899843
56,77400,c,test,0.7005771994590759,0.6975349123543281
56,77400,d,test,0.8612473607063293,0.8591012959795113
56,77400,e,test,0.8502289056777954,0.844909975311038
56,77400,f,test,0.8458728790283203,0.8438911809564674
56,77400,g,test,0.7888739705085754,0.783066973193507
56,77400,h,test,0.8764912486076355,0.8730650952059977
56,77400,i,test,0.8473818898200989,0.8399673475725549
56,78300,a,test,0.7679324746131897,0.767793999321348
56,78300,b,test,0.8284600377082825,0.8129281302533484
56,78300,c,test,0.7034631967544556,0.6955556616504494
56,78300,d,test,0.875963568687439,0.8745390545361982
56,78300,e,test,0.8646174073219299,0.8592596556420607
56,78300,f,test,0.854638397693634,0.8534206527210978
56,78300,g,test,0.7701072096824646,0.7603679804207303
56,78300,h,test,0.8807017803192139,0.8758153784742103
56,78300,i,test,0.8441889882087708,0.8312236376107186
56,79200,a,test,0.7693389654159546,0.7717006908562479
56,79200,b,test,0.8226121068000793,0.8037879793242514
56,79200,c,test,0.7215006947517395,0.7089142800010714
56,79200,d,test,0.8633496761322021,0.8617161050688386
56,79200,e,test,0.8626553416252136,0.8583575887884817
56,79200,f,test,0.8422206044197083,0.840972363704657
56,79200,g,test,0.7955763936042786,0.789577012063508
56,79200,h,test,0.8792982697486877,0.8746095738495138
56,79200,i,test,0.8326947689056396,0.8203314216601053
56,80100,a,test,0.7651195526123047,0.7650233981621164
56,80100,b,test,0.8167641162872314,0.8009316821579393
56,80100,c,test,0.7128427028656006,0.7089129081799853
56,80100,d,test,0.8661527633666992,0.8651504976991083
56,80100,e,test,0.8711576461791992,0.8667925591544338
56,80100,f,test,0.837837815284729,0.8383155540797943
56,80100,g,test,0.7861930131912231,0.7805693964152197
56,80100,h,test,0.8814035058021545,0.8774942485303124
56,80100,i,test,0.8320561647415161,0.8205969851239784
56,81000,a,test,0.74472576379776,0.7405384365988591
56,81000,b,test,0.8297595977783203,0.8149433299124538
56,81000,c,test,0.719336211681366,0.7078344706604122
56,81000,d,test,0.875963568687439,0.874553842415342
56,81000,e,test,0.8620012998580933,0.8557211480441271
56,81000,f,test,0.8517165780067444,0.8507840692903984
56,81000,g,test,0.7855227589607239,0.7785742438960499
56,81000,h,test,0.8842105269432068,0.8790476972080178
56,81000,i,test,0.8492975831031799,0.8363925930525441
56,81900,a,test,0.7742615938186646,0.7762742263449035
56,81900,b,test,0.8330084681510925,0.8181041613630752
56,81900,c,test,0.728715717792511,0.7188894797572201
56,81900,d,test,0.8857743740081787,0.8838892325895645
56,81900,e,test,0.8672335147857666,0.8627896658759134
56,81900,f,test,0.8553688526153564,0.8536197648661245
56,81900,g,test,0.7928954362869263,0.7861976916331247
56,81900,h,test,0.88210529088974,0.8784959599574435
56,81900,i,test,0.8256704807281494,0.8089957570945181
56,82800,a,test,0.7728551626205444,0.776801449795329
56,82800,b,test,0.8245614171028137,0.8043401451516736
56,82800,c,test,0.7164502143859863,0.7067656373902832
56,82800,d,test,0.8773651123046875,0.8753962543993774
56,82800,e,test,0.8620012998580933,0.8574428371423456
56,82800,f,test,0.850986123085022,0.8475561902226739
56,82800,g,test,0.7868632674217224,0.781270695920524
56,82800,h,test,0.8814035058021545,0.8775683680291926
56,82800,i,test,0.8180076479911804,0.7935897752138046
56,83700,a,test,0.7672292590141296,0.7718435651538155
56,83700,b,test,0.8414555191993713,0.8287566954192606
56,83700,c,test,0.7178932428359985,0.7111698491197865
56,83700,d,test,0.8570427298545837,0.8539567281280785
56,83700,e,test,0.8613472580909729,0.8563555247496945
56,83700,f,test,0.8451424241065979,0.8429854243920923
56,83700,g,test,0.7935656905174255,0.786338015755759
56,83700,h,test,0.8785964846611023,0.8734489432746209
56,83700,i,test,0.8314176201820374,0.8236308971326212
56,84600,a,test,0.7819972038269043,0.7850077813451778
56,84600,b,test,0.8356075286865234,0.8224875467385325
56,84600,c,test,0.7200577259063721,0.718360652987152
56,84600,d,test,0.8703573942184448,0.8679520837453899
56,84600,e,test,0.8613472580909729,0.8566077294439549
56,84600,f,test,0.8341855406761169,0.8330279773491801
56,84600,g,test,0.7975871562957764,0.7911045870028643
56,84600,h,test,0.8799999952316284,0.8736007129619656
56,84600,i,test,0.8429118990898132,0.8350433293904643
56,85500,a,test,0.7749648094177246,0.7769565831878896
56,85500,b,test,0.8531513810157776,0.8420206283367223
56,85500,c,test,0.719336211681366,0.7107303924264295
56,85500,d,test,0.8815697431564331,0.8802356172745509
56,85500,e,test,0.8652713894844055,0.8610350457821977
56,85500,f,test,0.856829822063446,0.8555095326883527
56,85500,g,test,0.7942359447479248,0.7896094341850194
56,85500,h,test,0.8814035058021545,0.8784201360761239
56,85500,i,test,0.8480204343795776,0.8409402746635611
56,86400,a,test,0.7707454562187195,0.7734065881874487
56,86400,b,test,0.8154646158218384,0.7943657879021253
56,86400,c,test,0.7150071859359741,0.7070572091418597
56,86400,d,test,0.8871759176254272,0.8865263999425078
56,86400,e,test,0.8646174073219299,0.8604130678008656
56,86400,f,test,0.8597516417503357,0.8588000670367082
56,86400,g,test,0.777479887008667,0.7667130322112213
56,86400,h,test,0.8792982697486877,0.8749533322719912
56,86400,i,test,0.8480204343795776,0.8408090154906337
83,0,a,test,0.07876230776309967,0.03852971996403113
83,0,b,test,0.11500974744558334,0.055307552030853
83,0,c,test,0.11760462075471878,0.04452693842240223
83,0,d,test,0.13174492120742798,0.06611579003125166
83,0,e,test,0.1772400289773941,0.11818534976657062
83,0,f,test,0.09276844561100006,0.050898096853939846
83,0,g,test,0.10723860561847687,0.046635397891165394
83,0,h,test,0.1915789544582367,0.10455104765086759
83,0,i,test,0.1251596361398697,0.06029213807859133
83,900,a,test,0.3734177350997925,0.28129537988545117
83,900,b,test,0.1871345043182373,0.08606527533517298
83,900,c,test,0.16089466214179993,0.0940629430838052
83,900,d,test,0.3307638466358185,0.21651533586853178
83,900,e,test,0.3871811628341675,0.26244789038278576
83,900,f,test,0.3031409680843353,0.23630824063541958
83,900,g,test,0.3639410138130188,0.21835128681205954
83,900,h,test,0.35087719559669495,0.191030649370908
83,900,i,test,0.29374203085899353,0.23692122422055717
83,1800,a,test,0.39662447571754456,0.3083010140639045
83,1800,b,test,0.2527615427970886,0.18439486468854058
83,1800,c,test,0.31240981817245483,0.16997888380033618
83,1800,d,test,0.37491241097450256,0.19621561948356
83,1800,e,test,0.39895355701446533,0.26304456189028447
83,1800,f,test,0.3243243098258972,0.23375350671220718
83,1800,g,test,0.3806970417499542,0.2430438002580916
83,1800,h,test,0.4680701792240143,0.35592710545739265
83,1800,i,test,0.3601532578468323,0.21720930210083647
83,2700,a,test,0.37763711810112,0.2857126518189474
83,2700,b,test,0.3521767258644104,0.24064993254782377
83,2700,c,test,0.2943722903728485,0.1724076927495294
83,2700,d,test,0.3742116391658783,0.18819416715637358
83,2700,e,test,0.4041857421398163,0.27225553596862245
83,2700,f,test,0.31848064064979553,0.23618680940755044
83,2700,g,test,0.36796247959136963,0.21338548080811567
83,2700,h,test,0.3663157820701599,0.2453321907230749
83,2700,i,test,0.36206895112991333,0.21353250678455868
83,3600,a,test,0.37763711810112,0.25887331542337577
83,3600,b,test,0.3846653699874878,0.2647126357457416
83,3600,c,test,0.3239538371562958,0.17018937498022182
83,3600,d,test,0.4218640625476837,0.2777978104452908
83,3600,e,test,0.4081098735332489,0.28232283552619686
83,3600,f,test,0.3513513505458832,0.28339197197779203
83,3600,g,test,0.36260053515434265,0.1969635020395328
83,3600,h,test,0.3592982590198517,0.22376418246679433
83,3600,i,test,0.4163473844528198,0.2855709164912756
83,4500,a,test,0.3945147693157196,0.2940227300692417
83,4500,b,test,0.4152046740055084,0.2816545149391678
83,4500,c,test,0.3492063581943512,0.21864227248199541
83,4500,d,test,0.4218640625476837,0.28050614595604934
83,4500,e,test,0.3911052942276001,0.24112664584530008
83,4500,f,test,0.34112492203712463,0.24661189245877022
83,4500,g,test,0.36260053515434265,0.19185794941979226
83,4500,h,test,0.38385963439941406,0.2622654103771382
83,4500,i,test,0.3850574791431427,0.2508271429174723
83,5400,a,test,0.397327721118927,0.3011360776074568
83,5400,b,test,0.35672515630722046,0.24609977912659634
83,5400,c,test,0.33838382363319397,0.17302427371382323
83,5400,d,test,0.4001401662826538,0.2506753780249795
83,5400,e,test,0.41530412435531616,0.28305220809103954
83,5400,f,test,0.325054794549942,0.2218126279885818
83,5400,g,test,0.3806970417499542,0.24467636092592512
83,5400,h,test,0.42456141114234924,0.31553450771640423
83,5400,i,test,0.3773946464061737,0.23669758711557912
83,6300,a,test,0.3818565309047699,0.25906069459656456
83,6300,b,test,0.4424951374530792,0.32105209483858554
83,6300,c,test,0.3492063581943512,0.20344828506466242
83,6300,d,test,0.3847231864929199,0.20254692824774387
83,6300,e,test,0.4617396891117096,0.3502892432463478
83,6300,f,test,0.3455076813697815,0.2558491695058925
83,6300,g,test,0.38471850752830505,0.2508058565202937
83,6300,h,test,0.46877193450927734,0.35227678973382326
83,6300,i,test,0.38186463713645935,0.24139482607847895
83,7200,a,test,0.4177215099334717,0.3040007916727129
83,7200,b,test,0.40480831265449524,0.2874056201883606
83,7200,c,test,0.4126984179019928,0.3059618539561985
83,7200,d,test,0.4309740662574768,0.31286294526917985
83,7200,e,test,0.4898626506328583,0.3836611417311154
83,7200,f,test,0.3761869966983795,0.3179038750617115
83,7200,g,test,0.3981233239173889,0.28316799978678026
83,7200,h,test,0.5003508925437927,0.4167104900886864
83,7200,i,test,0.40485313534736633,0.2851884129602489
83,8100,a,test,0.4571026861667633,0.3535393941540444
83,8100,b,test,0.40285900235176086,0.2920027404961559
83,8100,c,test,0.39249640703201294,0.3004401575538912
83,8100,d,test,0.4526979625225067,0.34966433699100025
83,8100,e,test,0.5323740839958191,0.4418868446468371
83,8100,f,test,0.3732651472091675,0.3144828732680578
83,8100,g,test,0.3867292106151581,0.24590277433401742
83,8100,h,test,0.5122807025909424,0.45246026480740387
83,8100,i,test,0.41698595881462097,0.2990938293035415
83,9000,a,test,0.4683544337749481,0.3658927915994825
83,9000,b,test,0.3976608216762543,0.2717087298636816
83,9000,c,test,0.41558441519737244,0.30951811566699183
83,9000,d,test,0.4414856433868408,0.32278249077988086
83,9000,e,test,0.5343361496925354,0.4615757628744797
83,9000,f,test,0.41417092084884644,0.36313233377486404
83,9000,g,test,0.3907506763935089,0.2563958118379135
83,9000,h,test,0.5929824709892273,0.5249582026345011
83,9000,i,test,0.4214559495449066,0.3144664740745761
83,9900,a,test,0.48663854598999023,0.41121268763394553
83,9900,b,test,0.43209877610206604,0.29397483961387993
83,9900,c,test,0.430014431476593,0.381792810653711
83,9900,d,test,0.4372810125350952,0.3351490222465286
83,9900,e,test,0.5277959704399109,0.45329868006260843
83,9900,f,test,0.48940831422805786,0.4803211309747331
83,9900,g,test,0.4229222536087036,0.31757027918861563
83,9900,h,test,0.5922806859016418,0.5511510621777232
83,9900,i,test,0.4278416335582733,0.32470743558096543
83,10800,a,test,0.450070321559906,0.3427556455076746
83,10800,b,test,0.46523717045783997,0.34401857144449943
83,10800,c,test,0.3730158805847168,0.27860037054094194
83,10800,d,test,0.4421864151954651,0.3311272650227933
83,10800,e,test,0.5297580361366272,0.46947788246831523
83,10800,f,test,0.46822497248649597,0.445786683699492
83,10800,g,test,0.4162198305130005,0.30464887781884087
83,10800,h,test,0.6112280488014221,0.548113966095678
83,10800,i,test,0.4533844292163849,0.37302303761101213
83,11700,a,test,0.5281293988227844,0.5126940512351533
83,11700,b,test,0.5269655585289001,0.4577249998967697
83,11700,c,test,0.39898988604545593,0.30701422822931923
83,11700,d,test,0.4751226305961609,0.3867294861579911
83,11700,e,test,0.5905820727348328,0.5336511984787959
83,11700,f,test,0.47479912638664246,0.4581450795853202
83,11700,g,test,0.4383378028869629,0.33305689978658964
83,11700,h,test,0.5908771753311157,0.5277865952259199
83,11700,i,test,0.4559386968612671,0.3801450004343467
83,12600,a,test,0.5105485320091248,0.45539276306092163
83,12600,b,test,0.4873294234275818,0.36972501249875894
83,12600,c,test,0.4126984179019928,0.353076617971337
83,12600,d,test,0.48703575134277344,0.4159907156889744
83,12600,e,test,0.6134728789329529,0.5786647095730209
83,12600,f,test,0.4565376043319702,0.42917001697489504
83,12600,g,test,0.4256032109260559,0.30961486302819125
83,12600,h,test,0.5894736647605896,0.5527667224376585
83,12600,i,test,0.45657727122306824,0.3638037290630292
83,13500,a,test,0.50492262840271,0.45908162614764997
83,13500,b,test,0.4925276041030884,0.3678476101688135
83,13500,c,test,0.4119769036769867,0.32678442960179604
83,13500,d,test,0.5178696513175964,0.43757388243229606
83,13500,e,test,0.6324394941329956,0.598516213581171
83,13500,f,test,0.512052595615387,0.4927185703428976
83,13500,g,test,0.4356568455696106,0.32584916694982174
83,13500,h,test,0.6287719011306763,0.5727713938081922
83,13500,i,test,0.5051085352897644,0.4477670073694822
83,14400,a,test,0.5133614540100098,0.4871343019377335
83,14400,b,test,0.5367121696472168,0.4496144925471594
83,14400,c,test,0.4379509389400482,0.346016256749756
83,14400,d,test,0.5430974364280701,0.4916891979651845
83,14400,e,test,0.6252452731132507,0.5857076421216129
83,14400,f,test,0.5273922681808472,0.5019356619376255
83,14400,g,test,0.45710456371307373,0.3543851642233437
83,14400,h,test,0.6112280488014221,0.5515381743305453
83,14400,i,test,0.5242656469345093,0.4609623221752576
83,15300,a,test,0.5182840824127197,0.4942921912898915
83,15300,b,test,0.5412605404853821,0.45966807784726466
83,15300,c,test,0.45598846673965454,0.41234210679554556
83,15300,d,test,0.5571128129959106,0.5098125776831975
83,15300,e,test,0.6599084138870239,0.6231169220111934
83,15300,f,test,0.515704870223999,0.4939941804362267
83,15300,g,test,0.4678284227848053,0.3806913131820924
83,15300,h,test,0.6203508973121643,0.570451200590674
83,15300,i,test,0.5255427956581116,0.46141288290485827
83,16200,a,test,0.5189873576164246,0.49283424287249566
83,16200,b,test,0.5393112301826477,0.44806706922045386
83,16200,c,test,0.4826839864253998,0.4328452075797811
83,16200,d,test,0.5718290209770203,0.5345383597558403
83,16200,e,test,0.6612164974212646,0.6199711041847684
83,16200,f,test,0.6092038154602051,0.6088109339078603
83,16200,g,test,0.4504021406173706,0.34414953863042164
83,16200,h,test,0.6547368168830872,0.6155205642799985
83,16200,i,test,0.553639829158783,0.4748217084639499
83,17100,a,test,0.5203937888145447,0.5007118809992042
83,17100,b,test,0.5464587211608887,0.44901170610358526
83,17100,c,test,0.5158730149269104,0.4377034531774398
83,17100,d,test,0.563419759273529,0.5127761107947456
83,17100,e,test,0.6716808080673218,0.6419550864590015
83,17100,f,test,0.5858290791511536,0.5456948349019928
83,17100,g,test,0.4899463951587677,0.4140023753177735
83,17100,h,test,0.6470175385475159,0.5913747643596828
83,17100,i,test,0.5727969408035278,0.5385398676237935
83,18000,a,test,0.5372714400291443,0.48756141098293154
83,18000,b,test,0.528265118598938,0.4104159237940017
83,18000,c,test,0.4992784857749939,0.45223805600232936
83,18000,d,test,0.6033636927604675,0.5701852977083367
83,18000,e,test,0.6788750886917114,0.6541851521665659
83,18000,f,test,0.5938641428947449,0.5796693140221661
83,18000,g,test,0.5087131261825562,0.4271462072214516
83,18000,h,test,0.6624561548233032,0.6042736132398795
83,18000,i,test,0.5625798106193542,0.4741848104168891
83,18900,a,test,0.5182840824127197,0.44564892393412275
83,18900,b,test,0.5724496245384216,0.493654812850467
83,18900,c,test,0.49567100405693054,0.4595539511399315
83,18900,d,test,0.6461107134819031,0.6270010970116837
83,18900,e,test,0.6795291304588318,0.6500112174252669
83,18900,f,test,0.6289262175559998,0.6188131834460183
83,18900,g,test,0.5073726773262024,0.43272367356760855
83,18900,h,test,0.7073684334754944,0.6893224314252314
83,18900,i,test,0.5255427956581116,0.48385355435055705
83,19800,a,test,0.5541490912437439,0.494357945974983
83,19800,b,test,0.5867446660995483,0.5122662216825126
83,19800,c,test,0.45598846673965454,0.3748767403818927
83,19800,d,test,0.6706377267837524,0.6573680482990197
83,19800,e,test,0.6854153275489807,0.642648931051239
83,19800,f,test,0.6983199119567871,0.6971365995289318
83,19800,g,test,0.48525470495224,0.4017913330404663
83,19800,h,test,0.6996490955352783,0.6979338885154228
83,19800,i,test,0.6123882532119751,0.5643042553088092
83,20700,a,test,0.552742600440979,0.5312049989156463
83,20700,b,test,0.5607537627220154,0.4711815698880373
83,20700,c,test,0.4747474789619446,0.41437776716074187
83,20700,d,test,0.6552207469940186,0.6370784962807384
83,20700,e,test,0.6978417038917542,0.6711029287020271
83,20700,f,test,0.7085464000701904,0.7030466936596209
83,20700,g,test,0.5214477181434631,0.43943662595686955
83,20700,h,test,0.7087719440460205,0.7010289649908198
83,20700,i,test,0.63154536485672,0.6039739184304562
83,21600,a,test,0.554852306842804,0.5071917149855596
83,21600,b,test,0.5815464854240417,0.4997057398617952
83,21600,c,test,0.4668109714984894,0.3710198819434199
83,21600,d,test,0.6811492443084717,0.6678465022488965
83,21600,e,test,0.7030739188194275,0.6807291605263659
83,21600,f,test,0.6895543932914734,0.6828338722789198
83,21600,g,test,0.5556300282478333,0.5154894171667336
83,21600,h,test,0.6800000071525574,0.6577311316060042
83,21600,i,test,0.5938697457313538,0.5461134951730472
83,22500,a,test,0.5801687836647034,0.5765260547105621
83,22500,b,test,0.5750487446784973,0.49325628939191324
83,22500,c,test,0.49639248847961426,0.4325740501893143
83,22500,d,test,0.6678346395492554,0.6504057439976815
83,22500,e,test,0.7037279009819031,0.6769943069428718
83,22500,f,test,0.6617969274520874,0.6487031046276411
83,22500,g,test,0.542225182056427,0.46312854731747977
83,22500,h,test,0.7214034795761108,0.708475823916448
83,22500,i,test,0.6500638723373413,0.6232909254849014
83,23400,a,test,0.5203937888145447,0.4712189940144958
83,23400,b,test,0.5834957957267761,0.5064823352167311
83,23400,c,test,0.5396825671195984,0.4929053316350745
83,23400,d,test,0.6867554187774658,0.6750081996855674
83,23400,e,test,0.7069980502128601,0.670948368734119
83,23400,f,test,0.7063549757003784,0.6970028280274443
83,23400,g,test,0.580428957939148,0.5217164795712841
83,23400,h,test,0.746666669845581,0.7428755977527062
83,23400,i,test,0.6232439279556274,0.5688017643039608
83,24300,a,test,0.5393811464309692,0.5218700998786536
83,24300,b,test,0.5977907776832581,0.5202007422334857
83,24300,c,test,0.536796510219574,0.4722607110367516
83,24300,d,test,0.6650315523147583,0.6428340274505796
83,24300,e,test,0.7194244861602783,0.6774290164294654
83,24300,f,test,0.7100073099136353,0.7100432910408712
83,24300,g,test,0.6132707595825195,0.5892254190754729
83,24300,h,test,0.7108771800994873,0.6924387006088888
83,24300,i,test,0.6155810952186584,0.5521268104068694
83,25200,a,test,0.5541490912437439,0.5315847588624868
83,25200,b,test,0.6062378287315369,0.5351585274521956
83,25200,c,test,0.5259740352630615,0.4759142708292201
83,25200,d,test,0.6503153443336487,0.6159323643804966
83,25200,e,test,0.712884247303009,0.6663493456851352
83,25200,f,test,0.7268078923225403,0.7271065859048319
83,25200,g,test,0.6320375204086304,0.617761627140948
83,25200,h,test,0.7214034795761108,0.7024562316652475
83,25200,i,test,0.623882532119751,0.5314855916080894
83,26100,a,test,0.597749650478363,0.5683294156112842
83,26100,b,test,0.6042885184288025,0.5281456101487356
83,26100,c,test,0.5541125535964966,0.5048656175015845
83,26100,d,test,0.7091801166534424,0.6931789772265086
83,26100,e,test,0.7194244861602783,0.6854099806296605
83,26100,f,test,0.6880934834480286,0.672113672021618
83,26100,g,test,0.6045576333999634,0.5774411489813572
83,26100,h,test,0.6940351128578186,0.6684941218041223
83,26100,i,test,0.6309067606925964,0.5625574283815976
83,27000,a,test,0.5886076092720032,0.5761602959894523
83,27000,b,test,0.6205328106880188,0.5683970895902628
83,27000,c,test,0.5339105129241943,0.49205145723140925
83,27000,d,test,0.7281008958816528,0.7201433093382592
83,27000,e,test,0.7325049042701721,0.7148672741737946
83,27000,f,test,0.7173119187355042,0.7083053716305452
83,27000,g,test,0.6454423666000366,0.6425251092654859
83,27000,h,test,0.7354385852813721,0.733896013285757
83,27000,i,test,0.6609195470809937,0.5990809383166398
83,27900,a,test,0.5717299580574036,0.5297841025801927
83,27900,b,test,0.6302794218063354,0.5670959811521775
83,27900,c,test,0.5468975305557251,0.5027211508870287
83,27900,d,test,0.695164680480957,0.6789769244160521
83,27900,e,test,0.7567037343978882,0.7434653668381421
83,27900,f,test,0.7333820462226868,0.732287464514516
83,27900,g,test,0.6300268173217773,0.5991814605491763
83,27900,h,test,0.741754412651062,0.7300929587456144
83,27900,i,test,0.6819923520088196,0.6601493616252452
83,28800,a,test,0.6181434392929077,0.6063601450205717
83,28800,b,test,0.6172839403152466,0.5531582810942965
83,28800,c,test,0.5245310068130493,0.4845836687350984
83,28800,d,test,0.7217939496040344,0.7140378691621679
83,28800,e,test,0.7403531670570374,0.7205316271977389
83,28800,f,test,0.7341125011444092,0.729950636349927
83,28800,g,test,0.6199731826782227,0.5792716576631604
83,28800,h,test,0.7256140112876892,0.6923662712755158
83,28800,i,test,0.6928480267524719,0.6865255409617057
83,29700,a,test,0.6279887557029724,0.591983113652201
83,29700,b,test,0.6562703251838684,0.6116826597584546
83,29700,c,test,0.5613275766372681,0.5104390068632078
83,29700,d,test,0.7400140166282654,0.7304291946453735
83,29700,e,test,0.7658600211143494,0.7458005442257973
83,29700,f,test,0.7377647757530212,0.7312849204644166
83,29700,g,test,0.6353887319564819,0.603622198557325
83,29700,h,test,0.7403509020805359,0.7227727288791179
83,29700,i,test,0.704342246055603,0.6836440789873387
83,30600,a,test,0.5991561412811279,0.5470703663385547
83,30600,b,test,0.6588693857192993,0.616662206670785
83,30600,c,test,0.5101010203361511,0.48342181639114795
83,30600,d,test,0.7596356272697449,0.7534837387185914
83,30600,e,test,0.7527796030044556,0.7221226826495868
83,30600,f,test,0.7173119187355042,0.7141204208045506
83,30600,g,test,0.6601876616477966,0.6484950729367234
83,30600,h,test,0.7845613956451416,0.7791442794106521
83,30600,i,test,0.6909323334693909,0.6668141436754275
83,31500,a,test,0.6118143200874329,0.5951042910360932
83,31500,b,test,0.6595191955566406,0.6097548762650217
83,31500,c,test,0.5108225345611572,0.48007649188974694
83,31500,d,test,0.7414155602455139,0.7315063109874935
83,31500,e,test,0.7658600211143494,0.7478453758913566
83,31500,f,test,0.7589481472969055,0.7575255568241692
83,31500,g,test,0.6554960012435913,0.6319247140919392
83,31500,h,test,0.7522807121276855,0.7393893555815682
83,31500,i,test,0.6858237385749817,0.66375375120595
83,32400,a,test,0.6406469941139221,0.6195497981420324
83,32400,b,test,0.6491228342056274,0.5999799797893518
83,32400,c,test,0.5692640542984009,0.5267260948464597
83,32400,d,test,0.7274001240730286,0.7131369991331513
83,32400,e,test,0.7495094537734985,0.7310905050214269
83,32400,f,test,0.7582176923751831,0.7554792261993377
83,32400,g,test,0.637399435043335,0.6002040986916491
83,32400,h,test,0.7607017755508423,0.7579348369351497
83,32400,i,test,0.7266921997070312,0.6982262061218116
83,33300,a,test,0.6610407829284668,0.6392077282178985
83,33300,b,test,0.6699155569076538,0.6262574605055425
83,33300,c,test,0.5411255359649658,0.5028697211192729
83,33300,d,test,0.7407147884368896,0.7335389332121157
83,33300,e,test,0.748855471611023,0.7230173207448973
83,33300,f,test,0.7589481472969055,0.7592357211517711
83,33300,g,test,0.6065683364868164,0.5339852461093194
83,33300,h,test,0.785263180732727,0.783745497661835
83,33300,i,test,0.6979565620422363,0.6611450381451184
83,34200,a,test,0.6687763929367065,0.663296866395033
83,34200,b,test,0.6770630478858948,0.6371669341291336
83,34200,c,test,0.5115439891815186,0.4481131135659095
83,34200,d,test,0.7379117012023926,0.7312390509142309
83,34200,e,test,0.7665140628814697,0.7440137866752717
83,34200,f,test,0.7552958130836487,0.7526169651226197
83,34200,g,test,0.5985254645347595,0.5301940971779955
83,34200,h,test,0.7915789484977722,0.7890936291227367
83,34200,i,test,0.7183908224105835,0.6818733445149489
83,35100,a,test,0.6518987417221069,0.6336228428523946
83,35100,b,test,0.6946069002151489,0.6530321465436034
83,35100,c,test,0.5772005915641785,0.5536199214932357
83,35100,d,test,0.7491240501403809,0.7429495145633848
83,35100,e,test,0.7861347198486328,0.7717421263156695
83,35100,f,test,0.7567567825317383,0.7535215830988452
83,35100,g,test,0.6856568455696106,0.6707958398407582
83,35100,h,test,0.7789473533630371,0.7763303178163908
83,35100,i,test,0.7196679711341858,0.685316878433683
83,36000,a,test,0.6610407829284668,0.6538945360007554
83,36000,b,test,0.6712150573730469,0.6226154685740218
83,36000,c,test,0.579365074634552,0.5158590097591939
83,36000,d,test,0.7687456011772156,0.7645113481122355
83,36000,e,test,0.7933290004730225,0.7802865832956701
83,36000,f,test,0.7509130835533142,0.7474906530793222
83,36000,g,test,0.6494638323783875,0.6094240446023781
83,36000,h,test,0.7943859696388245,0.789640983839126
83,36000,i,test,0.7401021718978882,0.7168983012465296
83,36900,a,test,0.6744022369384766,0.6574349181415188
83,36900,b,test,0.6796621084213257,0.6381885613518634
83,36900,c,test,0.5829725861549377,0.5402843106527025
83,36900,d,test,0.7589348554611206,0.7482295240457071
83,36900,e,test,0.7625899314880371,0.7359880006062897
83,36900,f,test,0.7669832110404968,0.7662945450507354
83,36900,g,test,0.6682305335998535,0.6313047072043475
83,36900,h,test,0.7803508639335632,0.7827680950239414
83,36900,i,test,0.7196679711341858,0.687138747826964
83,37800,a,test,0.6617439985275269,0.6607389729765939
83,37800,b,test,0.6757634878158569,0.6265891150470079
83,37800,c,test,0.5396825671195984,0.49591485618745496
83,37800,d,test,0.7722494602203369,0.7611295302863227
83,37800,e,test,0.7854806780815125,0.7739909756290789
83,37800,f,test,0.7735573649406433,0.7715489055723667
83,37800,g,test,0.6715817451477051,0.6473056526723313
83,37800,h,test,0.7649123072624207,0.7577092669457833
83,37800,i,test,0.7203065156936646,0.6904822328257328
83,38700,a,test,0.6751055121421814,0.6602608768196879
83,38700,b,test,0.6946069002151489,0.6590945509897393
83,38700,c,test,0.5728715658187866,0.5575103763737429
83,38700,d,test,0.7722494602203369,0.7665466394894452
83,38700,e,test,0.7835186123847961,0.7656644682567376
83,38700,f,test,0.765522301197052,0.7619799479503023
83,38700,g,test,0.7017426490783691,0.6929345664294936
83,38700,h,test,0.7943859696388245,0.7968584360604996
83,38700,i,test,0.7522349953651428,0.7402626916113565
83,39600,a,test,0.6772152185440063,0.6605850463216326
83,39600,b,test,0.7179986834526062,0.6859238522134993
83,39600,c,test,0.5533910393714905,0.522278756197647
83,39600,d,test,0.7827610373497009,0.7766464762787385
83,39600,e,test,0.7815565466880798,0.7593541531110864
83,39600,f,test,0.782322883605957,0.7801339379615048
83,39600,g,test,0.6923592686653137,0.67708678270657
83,39600,h,test,0.8140350580215454,0.8112821769205206
83,39600,i,test,0.7356321811676025,0.6987220229057137
83,40500,a,test,0.6898733973503113,0.6820698599629913
83,40500,b,test,0.6991552710533142,0.6665800163953982
83,40500,c,test,0.5584415793418884,0.5287395290697346
83,40500,d,test,0.7848633527755737,0.780878230953388
83,40500,e,test,0.803139328956604,0.7864969529489122
83,40500,f,test,0.7808619141578674,0.7798916678850712
83,40500,g,test,0.6896783113479614,0.6681307923036748
83,40500,h,test,0.793684184551239,0.7840972677032302
83,40500,i,test,0.7707535028457642,0.7486667595258503
83,41400,a,test,0.652601957321167,0.6489180973276354
83,41400,b,test,0.6939570903778076,0.6528366081707099
83,41400,c,test,0.5649350881576538,0.5145820302936024
83,41400,d,test,0.7939733862876892,0.7879606261771154
83,41400,e,test,0.8149117231369019,0.7995533115153138
83,41400,f,test,0.7772096395492554,0.7735684851984047
83,41400,g,test,0.6843163371086121,0.656644073310969
83,41400,h,test,0.8105263113975525,0.8105268847018684
83,41400,i,test,0.7432950139045715,0.7103171229945414
83,42300,a,test,0.6694796085357666,0.662695411393992
83,42300,b,test,0.7212475538253784,0.6833972386118838
83,42300,c,test,0.5974025726318359,0.5860212727434955
83,42300,d,test,0.8044849038124084,0.7989968605267196
83,42300,e,test,0.8070634603500366,0.7905630638379737
83,42300,f,test,0.7713659405708313,0.7675214628661279
83,42300,g,test,0.7164879441261292,0.7085272481345822
83,42300,h,test,0.8203508853912354,0.8182255538175869
83,42300,i,test,0.7484035491943359,0.73147978729189
83,43200,a,test,0.6940928101539612,0.6778889125713251
83,43200,b,test,0.7517868876457214,0.7301516883966422
83,43200,c,test,0.598124086856842,0.5673316509319638
83,43200,d,test,0.7918710708618164,0.7820306933325903
83,43200,e,test,0.8005232214927673,0.78707599139259
83,43200,f,test,0.7903579473495483,0.790008011198874
83,43200,g,test,0.7071045637130737,0.6952929265239294
83,43200,h,test,0.8147368431091309,0.812703478056953
83,43200,i,test,0.7720306515693665,0.7554538864820911
83,44100,a,test,0.6849507689476013,0.6801367466792535
83,44100,b,test,0.7433398365974426,0.7127445070054028
83,44100,c,test,0.5808081030845642,0.5603599440980482
83,44100,d,test,0.8051856756210327,0.7997575628480473
83,44100,e,test,0.8175277709960938,0.8024321359679226
83,44100,f,test,0.7859751582145691,0.7851173359955762
83,44100,g,test,0.6702412962913513,0.6331275461747429
83,44100,h,test,0.7726315855979919,0.7604286245015102
83,44100,i,test,0.7733078002929688,0.7669481002551976
83,45000,a,test,0.7088607549667358,0.703153350558237
83,45000,b,test,0.7485380172729492,0.72360676030964
83,45000,c,test,0.6089466214179993,0.5607098438863548
83,45000,d,test,0.7890679836273193,0.7842229145322412
83,45000,e,test,0.8221059441566467,0.8055613822336527
83,45000,f,test,0.793279767036438,0.791878393065837
83,45000,g,test,0.7171581983566284,0.70938393682545
83,45000,h,test,0.8175438642501831,0.8134658401709443
83,45000,i,test,0.766922116279602,0.737606975849281
83,45900,a,test,0.6877636909484863,0.6854112765993948
83,45900,b,test,0.7433398365974426,0.7193981335951728
83,45900,c,test,0.5786435604095459,0.5320824089232916
83,45900,d,test,0.7792571783065796,0.7740333851146265
83,45900,e,test,0.8306082487106323,0.8172045571739286
83,45900,f,test,0.7881665229797363,0.7879978281268062
83,45900,g,test,0.7198391556739807,0.709193571746093
83,45900,h,test,0.8294736742973328,0.8265701552396786
83,45900,i,test,0.7943806052207947,0.7705844786648773
83,46800,a,test,0.6652601957321167,0.6649131217918481
83,46800,b,test,0.7485380172729492,0.7237570838219912
83,46800,c,test,0.6176046133041382,0.5745646031818901
83,46800,d,test,0.7904695272445679,0.7834609130088452
83,46800,e,test,0.8247220516204834,0.8090290020427212
83,46800,f,test,0.7925493121147156,0.7916071651359258
83,46800,g,test,0.7030830979347229,0.6857362956723002
83,46800,h,test,0.8259649276733398,0.8237815616179743
83,46800,i,test,0.7784163355827332,0.7642922163926825
83,47700,a,test,0.6842475533485413,0.6870945736218864
83,47700,b,test,0.7595841288566589,0.7370477197495622
83,47700,c,test,0.6378066539764404,0.6225940148239877
83,47700,d,test,0.8051856756210327,0.8014217353745535
83,47700,e,test,0.8234139680862427,0.8060380028066013
83,47700,f,test,0.7940102219581604,0.793537406321913
83,47700,g,test,0.6997318863868713,0.6809375928077247
83,47700,h,test,0.8294736742973328,0.826422828547284
83,47700,i,test,0.7962962985038757,0.7846838604066008
83,48600,a,test,0.7046413421630859,0.6946671253979576
83,48600,b,test,0.7628329992294312,0.7428409906035096
83,48600,c,test,0.6017315983772278,0.5697622248908512
83,48600,d,test,0.7974772453308105,0.7899308713442067
83,48600,e,test,0.8266841173171997,0.8145053897899205
83,48600,f,test,0.7976625561714172,0.7978848925088154
83,48600,g,test,0.724530816078186,0.7115604546815023
83,48600,h,test,0.8133333325386047,0.811200090627652
83,48600,i,test,0.7969348430633545,0.7846374002479258
83,49500,a,test,0.7102672457695007,0.707701499148467
83,49500,b,test,0.7777777910232544,0.7604692438343196
83,49500,c,test,0.5974025726318359,0.5685801382934561
83,49500,d,test,0.8023826479911804,0.7970479442326441
83,49500,e,test,0.8221059441566467,0.8063344791785343
83,49500,f,test,0.7910884022712708,0.7900192818264772
83,49500,g,test,0.7131367325782776,0.6942052780488681
83,49500,h,test,0.8294736742973328,0.827808162872466
83,49500,i,test,0.7816091775894165,0.7695106839336647
83,50400,a,test,0.6940928101539612,0.6940379574508447
83,50400,b,test,0.7628329992294312,0.738312091994577
83,50400,c,test,0.6053391098976135,0.5663602294652302
83,50400,d,test,0.8199018836021423,0.8150692818164703
83,50400,e,test,0.8378024697303772,0.8236911988446899
83,50400,f,test,0.79693204164505,0.7950725656566483
83,50400,g,test,0.7057640552520752,0.6822176374561145
83,50400,h,test,0.8329824805259705,0.8297149896810537
83,50400,i,test,0.7918263077735901,0.7692211152969072
83,51300,a,test,0.6940928101539612,0.6960118747174989
83,51300,b,test,0.7621832489967346,0.7397614273662456
83,51300,c,test,0.5974025726318359,0.56913652070492
83,51300,d,test,0.8192011117935181,0.8138021082904965
83,51300,e,test,0.8312622904777527,0.8173683277896756
83,51300,f,test,0.8108108043670654,0.8081851347259906
83,51300,g,test,0.737265408039093,0.7286946124906267
83,51300,h,test,0.8308771848678589,0.8294600974687586
83,51300,i,test,0.7707535028457642,0.7395028654274537
83,52200,a,test,0.7257384061813354,0.7270288323049773
83,52200,b,test,0.7615334391593933,0.7375518202536613
83,52200,c,test,0.6226550936698914,0.6032435729582024
83,52200,d,test,0.8128941655158997,0.8086062875907906
83,52200,e,test,0.8358404040336609,0.8229936794607368
83,52200,f,test,0.8056975603103638,0.8052278470228941
83,52200,g,test,0.7272117733955383,0.7146394628987242
83,52200,h,test,0.8357895016670227,0.8347170280775004
83,52200,i,test,0.795657753944397,0.7758521751418997
83,53100,a,test,0.7102672457695007,0.6993010743835885
83,53100,b,test,0.7771279811859131,0.7579469381114112
83,53100,c,test,0.6168830990791321,0.5667882881079522
83,53100,d,test,0.816398024559021,0.8119810585563426
83,53100,e,test,0.8188358545303345,0.8010773168823841
83,53100,f,test,0.8115412592887878,0.8097443503957811
83,53100,g,test,0.7238605618476868,0.7092544578678271
83,53100,h,test,0.8399999737739563,0.8400545083195757
83,53100,i,test,0.7892720103263855,0.7789881556569048
83,54000,a,test,0.7250351905822754,0.7204466019201806
83,54000,b,test,0.7745289206504822,0.7540264334319037
83,54000,c,test,0.6096681356430054,0.5829292065566412
83,54000,d,test,0.8093903064727783,0.8040444338755082
83,54000,e,test,0.8345323801040649,0.8219264096951798
83,54000,f,test,0.7750182747840881,0.7714849161360768
83,54000,g,test,0.7526809573173523,0.7438747450163422
83,54000,h,test,0.8449122905731201,0.8411650607625507
83,54000,i,test,0.8071519732475281,0.8001495605072764
83,54900,a,test,0.7172995805740356,0.7143218095498322
83,54900,b,test,0.7764782309532166,0.7522252951550913
83,54900,c,test,0.6161616444587708,0.59869014456907
83,54900,d,test,0.8262088298797607,0.8209284159866823
83,54900,e,test,0.8404185771942139,0.8273008436326578
83,54900,f,test,0.8173849582672119,0.8169084184015913
83,54900,g,test,0.747989296913147,0.7390245768880449
83,54900,h,test,0.8252631425857544,0.8180184123697455
83,54900,i,test,0.8026819825172424,0.7939267778134829
83,55800,a,test,0.6898733973503113,0.6787936590467981
83,55800,b,test,0.7738791704177856,0.7503333229633244
83,55800,c,test,0.6443001627922058,0.6074713443153013
83,55800,d,test,0.8255080580711365,0.8199226271816534
83,55800,e,test,0.8430346846580505,0.8309865098349493
83,55800,f,test,0.8203067779541016,0.8190286173517313
83,55800,g,test,0.747989296913147,0.739912090228084
83,55800,h,test,0.8421052694320679,0.8393021370651175
83,55800,i,test,0.8148148059844971,0.7992523796664913
83,56700,a,test,0.7257384061813354,0.7218342576670338
83,56700,b,test,0.7537361979484558,0.7234301262096151
83,56700,c,test,0.6464646458625793,0.6299989502034696
83,56700,d,test,0.8381219506263733,0.8341139369112117
83,56700,e,test,0.8443427085876465,0.8308608983627214
83,56700,f,test,0.8130021691322327,0.812605364154742
83,56700,g,test,0.722520112991333,0.7056261393328834
83,56700,h,test,0.843508780002594,0.8379678804782236
83,56700,i,test,0.7860791683197021,0.7508658606068104
83,57600,a,test,0.7172995805740356,0.7095219306105292
83,57600,b,test,0.7563352584838867,0.7241431214617516
83,57600,c,test,0.6695526838302612,0.6479950241578306
83,57600,d,test,0.8353188633918762,0.8302658727963399
83,57600,e,test,0.8521909713745117,0.841900073806087
83,57600,f,test,0.8239591121673584,0.8230242987853097
83,57600,g,test,0.7580428719520569,0.7509659026578887
83,57600,h,test,0.8364912271499634,0.8347180223752226
83,57600,i,test,0.7726691961288452,0.736130370822207
83,58500,a,test,0.697609007358551,0.6878652142332968
83,58500,b,test,0.7894737124443054,0.770396852054203
83,58500,c,test,0.677489161491394,0.6658156496459696
83,58500,d,test,0.8290119171142578,0.8238371746815778
83,58500,e,test,0.8698495626449585,0.8612241948859345
83,58500,f,test,0.8122717142105103,0.8102961868233809
83,58500,g,test,0.752010703086853,0.7429191517863023
83,58500,h,test,0.832280695438385,0.8317279216480685
83,58500,i,test,0.828224778175354,0.8190922785735916
83,59400,a,test,0.7327707409858704,0.729360235613422
83,59400,b,test,0.7959713935852051,0.7794553313124318
83,59400,c,test,0.6551226377487183,0.6456994130123762
83,59400,d,test,0.8402242660522461,0.8349859199816336
83,59400,e,test,0.8548070788383484,0.8447706612851443
83,59400,f,test,0.8246895670890808,0.8244537150228375
83,59400,g,test,0.7446380853652954,0.735429243429607
83,59400,h,test,0.8343859910964966,0.828302042353855
83,59400,i,test,0.8237547874450684,0.8146323408893427
83,60300,a,test,0.7327707409858704,0.72693387469924
83,60300,b,test,0.7979207038879395,0.78070601524428
83,60300,c,test,0.6363636255264282,0.6302603319898921
83,60300,d,test,0.8248072862625122,0.8203869703532071
83,60300,e,test,0.8502289056777954,0.8366699390376463
83,60300,f,test,0.8290722966194153,0.8280893509741789
83,60300,g,test,0.7553619146347046,0.7481623732939742
83,60300,h,test,0.843508780002594,0.8409490112155439
83,60300,i,test,0.810983419418335,0.791272663736417
83,61200,a,test,0.7327707409858704,0.7270728880631996
83,61200,b,test,0.7823261618614197,0.7607537705414923
83,61200,c,test,0.6652236580848694,0.6481814662754777
83,61200,d,test,0.837421178817749,0.8304588569179611
83,61200,e,test,0.8574231266975403,0.8460751098421797
83,61200,f,test,0.8312637209892273,0.8303072384537673
83,61200,g,test,0.7379356622695923,0.722321607362168
83,61200,h,test,0.821052610874176,0.8130378293833723
83,61200,i,test,0.805236279964447,0.7971066455172678
83,62100,a,test,0.7327707409858704,0.7271419819450601
83,62100,b,test,0.7745289206504822,0.7513848812509947
83,62100,c,test,0.6673881411552429,0.6551496430740618
83,62100,d,test,0.8381219506263733,0.8333900994753964
83,62100,e,test,0.8574231266975403,0.8475459345474049
83,62100,f,test,0.8356464505195618,0.8354602997479361
83,62100,g,test,0.7573726773262024,0.7510269590122594
83,62100,h,test,0.8610526323318481,0.8589960568576491
83,62100,i,test,0.8071519732475281,0.784243073631599
83,63000,a,test,0.7433192729949951,0.7410139437500739
83,63000,b,test,0.8044184446334839,0.7872169615989466
83,63000,c,test,0.6226550936698914,0.5948003237716445
83,63000,d,test,0.837421178817749,0.8336958248928102
83,63000,e,test,0.8528450131416321,0.8419728511737542
83,63000,f,test,0.8261504769325256,0.8250004722045934
83,63000,g,test,0.752010703086853,0.7480530841768216
83,63000,h,test,0.8407017588615417,0.8339937069736432
83,63000,i,test,0.8314176201820374,0.8204067202334318
83,63900,a,test,0.7433192729949951,0.7437973213823695
83,63900,b,test,0.8050682544708252,0.7902437388431292
83,63900,c,test,0.6168830990791321,0.6034973238480744
83,63900,d,test,0.8395234942436218,0.8363236205873493
83,63900,e,test,0.854153037071228,0.8433954249048479
83,63900,f,test,0.8371073603630066,0.8365876501194499
83,63900,g,test,0.7761394381523132,0.7705699301490739
83,63900,h,test,0.8421052694320679,0.8406147402440011
83,63900,i,test,0.8180076479911804,0.8111562524318785
83,64800,a,test,0.7517580986022949,0.7531999864127493
83,64800,b,test,0.8011695742607117,0.7835599244438792
83,64800,c,test,0.6673881411552429,0.6471933349075946
83,64800,d,test,0.8388227224349976,0.831227192497925
83,64800,e,test,0.8652713894844055,0.8557340457599921
83,64800,f,test,0.8298027515411377,0.828935934156675
83,64800,g,test,0.76474529504776,0.7576961235706392
83,64800,h,test,0.8266666531562805,0.8278034891702065
83,64800,i,test,0.8077905774116516,0.7813999645990174
83,65700,a,test,0.74472576379776,0.745757443286145
83,65700,b,test,0.7998700737953186,0.781782312385677
83,65700,c,test,0.6695526838302612,0.6628091723018678
83,65700,d,test,0.8339173197746277,0.8295868397812326
83,65700,e,test,0.8633093237876892,0.8507313541260579
83,65700,f,test,0.823228657245636,0.8224351265877368
83,65700,g,test,0.7687667608261108,0.7626384131501464
83,65700,h,test,0.8350877165794373,0.8327873317329372
83,65700,i,test,0.8218390941619873,0.8109361951508965
83,66600,a,test,0.7327707409858704,0.7277394036631896
83,66600,b,test,0.7914230227470398,0.770513224577445
83,66600,c,test,0.6695526838302612,0.6460236287075352
83,66600,d,test,0.8486334681510925,0.844510936036798
83,66600,e,test,0.8672335147857666,0.8574333043633414
83,66600,f,test,0.8254200220108032,0.823972466225413
83,66600,g,test,0.7567024230957031,0.7496069081780719
83,66600,h,test,0.8287719488143921,0.8223997276751839
83,66600,i,test,0.8167304992675781,0.79949903020818
83,67500,a,test,0.7426160573959351,0.7428671443219278
83,67500,b,test,0.803118884563446,0.7856669055783461
83,67500,c,test,0.6818181872367859,0.6770443625917859
83,67500,d,test,0.8465312123298645,0.8417665776359002
83,67500,e,test,0.8633093237876892,0.852345612330132
83,67500,f,test,0.837837815284729,0.8369394092748892
83,67500,g,test,0.7613940834999084,0.7525132083705112
83,67500,h,test,0.8519298434257507,0.8514403640421165
83,67500,i,test,0.8141762614250183,0.7957134780828462
83,68400,a,test,0.752461314201355,0.7514694632054829
83,68400,b,test,0.8083170652389526,0.7917125294936742
83,68400,c,test,0.6753246784210205,0.6724513597521895
83,68400,d,test,0.8507357835769653,0.8463434595313367
83,68400,e,test,0.8489208817481995,0.8379470775504867
83,68400,f,test,0.8458728790283203,0.8457026481248914
83,68400,g,test,0.7640750408172607,0.7561397634019699
83,68400,h,test,0.843508780002594,0.8428349195051584
83,68400,i,test,0.8180076479911804,0.7993568542612218
83,69300,a,test,0.752461314201355,0.7508651563026779
83,69300,b,test,0.7998700737953186,0.7810544936874072
83,69300,c,test,0.6370851397514343,0.6278972790371601
83,69300,d,test,0.8367204070091248,0.8328133754589665
83,69300,e,test,0.8665794730186462,0.8562722019797309
83,69300,f,test,0.8414901494979858,0.8418041049204152
83,69300,g,test,0.760723888874054,0.7535009248080758
83,69300,h,test,0.8554385900497437,0.8520364043375843
83,69300,i,test,0.8326947689056396,0.8214148235957622
83,70200,a,test,0.752461314201355,0.7502052463606965
83,70200,b,test,0.8167641162872314,0.8015627069791713
83,70200,c,test,0.6948052048683167,0.6809662983322097
83,70200,d,test,0.8381219506263733,0.8333609225060788
83,70200,e,test,0.8659254312515259,0.8555898060525721
83,70200,f,test,0.8414901494979858,0.840684702813676
83,70200,g,test,0.762734591960907,0.7532032918537145
83,70200,h,test,0.8575438857078552,0.8548909212753926
83,70200,i,test,0.8160919547080994,0.8061328962186737
83,71100,a,test,0.7348804473876953,0.7326452236955255
83,71100,b,test,0.7953216433525085,0.7727674580655582
83,71100,c,test,0.6746031641960144,0.676449755640645
83,71100,d,test,0.8416258096694946,0.8374634527737547
83,71100,e,test,0.8521909713745117,0.8378762822326417
83,71100,f,test,0.8451424241065979,0.8454868395336314
83,71100,g,test,0.7613940834999084,0.7559417336720732
83,71100,h,test,0.8554385900497437,0.8514983263209417
83,71100,i,test,0.835887610912323,0.8204360811353033
83,72000,a,test,0.747538685798645,0.749010606650256
83,72000,b,test,0.8200129866600037,0.805615068608005
83,72000,c,test,0.6955267190933228,0.686484301384786
83,72000,d,test,0.8437281250953674,0.8363074963866222
83,72000,e,test,0.8757357597351074,0.8656664898032472
83,72000,f,test,0.837837815284729,0.8376942573596192
83,72000,g,test,0.775469183921814,0.7695547840477325
83,72000,h,test,0.8561403751373291,0.8500369829892471
83,72000,i,test,0.8295019268989563,0.8221980564852894
83,72900,a,test,0.7243319153785706,0.717093367882569
83,72900,b,test,0.7992202639579773,0.7810254466612299
83,72900,c,test,0.7063491940498352,0.6923278605988726
83,72900,d,test,0.8290119171142578,0.8216071334145078
83,72900,e,test,0.8626553416252136,0.8506844550765948
83,72900,f,test,0.8246895670890808,0.8243570079305743
83,72900,g,test,0.7734584212303162,0.7649821250682959
83,72900,h,test,0.8512280583381653,0.8486391097676375
83,72900,i,test,0.8301404714584351,0.8229745457517136
83,73800,a,test,0.7419127821922302,0.7331471470552792
83,73800,b,test,0.790123462677002,0.7659514574990517
83,73800,c,test,0.663780689239502,0.6511796102387555
83,73800,d,test,0.8458304405212402,0.8370362486120464
83,73800,e,test,0.8659254312515259,0.8545241782308789
83,73800,f,test,0.8027757406234741,0.8000596211310315
83,73800,g,test,0.777479887008667,0.771860331159691
83,73800,h,test,0.859649121761322,0.8580023594810355
83,73800,i,test,0.8243933320045471,0.8047821133454379
83,74700,a,test,0.752461314201355,0.7519121442881387
83,74700,b,test,0.808966875076294,0.7908755684280179
83,74700,c,test,0.7027416825294495,0.6980943843105384
83,74700,d,test,0.8318150043487549,0.8241352240778563
83,74700,e,test,0.8705036044120789,0.858898409618137
83,74700,f,test,0.8371073603630066,0.836924261269497
83,74700,g,test,0.76474529504776,0.756930888011803
83,74700,h,test,0.8631578683853149,0.8613675948178673
83,74700,i,test,0.8212004899978638,0.7955221600632258
83,75600,a,test,0.7559775114059448,0.7517943234385976
83,75600,b,test,0.8024691343307495,0.7849374964431979
83,75600,c,test,0.6645021438598633,0.6573345894771422
83,75600,d,test,0.8493342399597168,0.8450319453654412
83,75600,e,test,0.8803139328956604,0.8707316348815345
83,75600,f,test,0.8298027515411377,0.8306197546470852
83,75600,g,test,0.7721179723739624,0.7666780294218895
83,75600,h,test,0.8442105054855347,0.8440226771662118
83,75600,i,test,0.8461047410964966,0.8362022637887395
83,76500,a,test,0.7482419013977051,0.7469018960803596
83,76500,b,test,0.8096166253089905,0.7920514790902874
83,76500,c,test,0.6890332102775574,0.6703458269304879
83,76500,d,test,0.8605465888977051,0.8552764167851935
83,76500,e,test,0.8809679746627808,0.8725793592097423
83,76500,f,test,0.8422206044197083,0.8418545542932022
83,76500,g,test,0.7459785342216492,0.7307486835560929
83,76500,h,test,0.8666666746139526,0.8633891183907995
83,76500,i,test,0.8499361276626587,0.8433899158754191
83,77400,a,test,0.75527423620224,0.7526930735635174
83,77400,b,test,0.8161143660545349,0.8006509906094861
83,77400,c,test,0.6904761791229248,0.6821732107150694
83,77400,d,test,0.8486334681510925,0.838078776360744
83,77400,e,test,0.8848921060562134,0.876141955835227
83,77400,f,test,0.8495252132415771,0.8495583662904028
83,77400,g,test,0.777479887008667,0.7699396220585895
83,77400,h,test,0.8399999737739563,0.8397128887483376
83,77400,i,test,0.8256704807281494,0.8194674758377918
83,78300,a,test,0.7580872178077698,0.7594718491491603
83,78300,b,test,0.8252111673355103,0.8095964847660687
83,78300,c,test,0.6580086350440979,0.6553566195224334
83,78300,d,test,0.8612473607063293,0.8571914826981627
83,78300,e,test,0.8848921060562134,0.8749081682400611
83,78300,f,test,0.8385682702064514,0.8379387022121157
83,78300,g,test,0.7741286754608154,0.7668419027756112
83,78300,h,test,0.859649121761322,0.8581410864035354
83,78300,i,test,0.8307790756225586,0.8169808961684404
83,79200,a,test,0.7658227682113647,0.7615350054468409
83,79200,b,test,0.8044184446334839,0.7862014043249811
83,79200,c,test,0.7027416825294495,0.6876498114844503
83,79200,d,test,0.8570427298545837,0.8533118951597092
83,79200,e,test,0.8881621956825256,0.879082350632455
83,79200,f,test,0.8553688526153564,0.8553278887096591
83,79200,g,test,0.7855227589607239,0.7796511507463365
83,79200,h,test,0.8610526323318481,0.8553931289111064
83,79200,i,test,0.8384419083595276,0.8301854251518371
83,80100,a,test,0.7700421810150146,0.7703437248514681
83,80100,b,test,0.8239116072654724,0.8077323510545181
83,80100,c,test,0.7034631967544556,0.6879028380864193
83,80100,d,test,0.8563419580459595,0.8521728805471039
83,80100,e,test,0.8809679746627808,0.8709985184623421
83,80100,f,test,0.8604820966720581,0.8600648439269277
83,80100,g,test,0.7875335216522217,0.780326361582023
83,80100,h,test,0.859649121761322,0.8556456660669011
83,80100,i,test,0.835887610912323,0.8285553680420334
83,81000,a,test,0.7510548233985901,0.7528594605502947
83,81000,b,test,0.8167641162872314,0.8005934847701353
83,81000,c,test,0.7171717286109924,0.6945833242151189
83,81000,d,test,0.8535388708114624,0.8479685248454613
83,81000,e,test,0.8776978254318237,0.8671983272706424
83,81000,f,test,0.8502556681632996,0.8496794838190538
83,81000,g,test,0.7861930131912231,0.780564372681273
83,81000,h,test,0.8512280583381653,0.8451286319408434
83,81000,i,test,0.8307790756225586,0.8239790972568435
83,81900,a,test,0.7510548233985901,0.7521149884541538
83,81900,b,test,0.8193632364273071,0.8037128499234933
83,81900,c,test,0.701298713684082,0.7008750237685913
83,81900,d,test,0.865451991558075,0.8592635283856289
83,81900,e,test,0.8822759985923767,0.8727892036257021
83,81900,f,test,0.854638397693634,0.8544955839352809
83,81900,g,test,0.7828418016433716,0.7781139838283679
83,81900,h,test,0.8680701851844788,0.8657234407046696
83,81900,i,test,0.8371647596359253,0.8217100809547823
83,82800,a,test,0.7630098462104797,0.7656353013011884
83,82800,b,test,0.8200129866600037,0.8045985861358856
83,82800,c,test,0.6991341710090637,0.6985119081640736
83,82800,d,test,0.8626489043235779,0.8569109087675866
83,82800,e,test,0.8862001299858093,0.8778347299688581
83,82800,f,test,0.8553688526153564,0.8548187714893771
83,82800,g,test,0.7741286754608154,0.7635953559560779
83,82800,h,test,0.8701754212379456,0.8665470979031248
83,82800,i,test,0.8365261554718018,0.8283138151881609
83,83700,a,test,0.7327707409858704,0.730717910549422
83,83700,b,test,0.8213125467300415,0.8074008544877395
83,83700,c,test,0.7150071859359741,0.6940269144935208
83,83700,d,test,0.8542396426200867,0.8488695739899459
83,83700,e,test,0.8783518671989441,0.8692093609594319
83,83700,f,test,0.8560993671417236,0.8558724732286724
83,83700,g,test,0.7908847332000732,0.7844134837468674
83,83700,h,test,0.8631578683853149,0.858382268494731
83,83700,i,test,0.8243933320045471,0.8135371385224875
83,84600,a,test,0.7672292590141296,0.7649040263444328
83,84600,b,test,0.8239116072654724,0.8079244192652637
83,84600,c,test,0.7041847109794617,0.7010757941643098
83,84600,d,test,0.8640504479408264,0.8591109657473811
83,84600,e,test,0.8790059089660645,0.868809714112437
83,84600,f,test,0.8575602769851685,0.8571513254427604
83,84600,g,test,0.7888739705085754,0.7817950161889136
83,84600,h,test,0.8638596534729004,0.8602194238616455
83,84600,i,test,0.8352490663528442,0.8157513466991558
83,85500,a,test,0.7679324746131897,0.769469499672187
83,85500,b,test,0.820662796497345,0.8043472217981117
83,85500,c,test,0.7316017150878906,0.7140971731984548
83,85500,d,test,0.8689558506011963,0.8648070295493624
83,85500,e,test,0.8862001299858093,0.8770573927716873
83,85500,f,test,0.856829822063446,0.8564163690909604
83,85500,g,test,0.788203775882721,0.781387784978739
83,85500,h,test,0.8631578683853149,0.8612566988777376
83,85500,i,test,0.853128969669342,0.8435483978032966
83,86400,a,test,0.752461314201355,0.7530903360384226
83,86400,b,test,0.8044184446334839,0.7859754616116915
83,86400,c,test,0.7200577259063721,0.7199611342587082
83,86400,d,test,0.8689558506011963,0.8651930835857061
83,86400,e,test,0.87965989112854,0.8703660465216245
83,86400,f,test,0.856829822063446,0.8567787453337709
83,86400,g,test,0.7848525643348694,0.7768632478072739
83,86400,h,test,0.8666666746139526,0.8626195219315523
83,86400,i,test,0.8237547874450684,0.8063214926681539
