seed,time,node,split,accuracy,macro_f1
7,0,S11,test,0.4545454680919647,0.2222222222222222
7,0,S13,test,0.3636363744735718,0.3148148148148148
7,0,S15,test,0.3636363744735718,0.29523809523809524
7,0,S16,test,0.27272728085517883,0.22857142857142856
7,0,S3,test,0.27272728085517883,0.25925925925925924
7,0,S5,test,0.1818181872367859,0.14814814814814814
7,0,S6,test,0.27272728085517883,0.24074074074074073
7,0,S7,test,0.27272728085517883,0.16666666666666666
7,0,S8,test,0.27272728085517883,0.14285714285714285
7,0,S9,test,0.4545454680919647,0.3162393162393162
7,900,S11,test,0.6363636255264282,0.4230769230769231
7,900,S13,test,0.4545454680919647,0.20833333333333334
7,900,S15,test,0.4545454680919647,0.20833333333333334
7,900,S16,test,0.7272727489471436,0.5523809523809523
7,900,S3,test,0.7272727489471436,0.4411764705882353
7,900,S5,test,0.7272727489471436,0.48888888888888893
7,900,S6,test,0.4545454680919647,0.20833333333333334
7,900,S7,test,0.7272727489471436,0.5333333333333333
7,900,S8,test,0.4545454680919647,0.20833333333333334
7,900,S9,test,0.5454545617103577,0.35555555555555557
7,1800,S11,test,0.7272727489471436,0.5064102564102564
7,1800,S13,test,0.4545454680919647,0.20833333333333334
7,1800,S15,test,0.5454545617103577,0.35555555555555557
7,1800,S16,test,0.7272727489471436,0.5299145299145299
7,1800,S3,test,0.7272727489471436,0.4411764705882353
7,1800,S5,test,0.8181818127632141,0.5714285714285714
7,1800,S6,test,0.4545454680919647,0.20833333333333334
7,1800,S7,test,0.7272727489471436,0.5333333333333333
7,1800,S8,test,0.4545454680919647,0.20833333333333334
7,1800,S9,test,0.5454545617103577,0.35555555555555557
7,2700,S11,test,0.9090909361839294,0.6363636363636364
7,2700,S13,test,0.4545454680919647,0.20833333333333334
7,2700,S15,test,0.5454545617103577,0.35555555555555557
7,2700,S16,test,0.7272727489471436,0.5299145299145299
7,2700,S3,test,0.8181818127632141,0.5583333333333333
7,2700,S5,test,0.7272727489471436,0.5064102564102564
7,2700,S6,test,0.4545454680919647,0.20833333333333334
7,2700,S7,test,0.8181818127632141,0.6190476190476191
7,2700,S8,test,0.4545454680919647,0.20833333333333334
7,2700,S9,test,0.5454545617103577,0.35555555555555557
7,3600,S11,test,0.9090909361839294,0.6363636363636364
7,3600,S13,test,0.4545454680919647,0.20833333333333334
7,3600,S15,test,0.6363636255264282,0.4603174603174603
7,3600,S16,test,0.7272727489471436,0.5299145299145299
7,3600,S3,test,0.7272727489471436,0.4411764705882353
7,3600,S5,test,0.8181818127632141,0.5740740740740741
7,3600,S6,test,0.4545454680919647,0.2222222222222222
7,3600,S7,test,0.8181818127632141,0.6190476190476191
7,3600,S8,test,0.4545454680919647,0.20833333333333334
7,3600,S9,test,0.7272727489471436,0.5277777777777778
7,4500,S11,test,0.9090909361839294,0.6363636363636364
7,4500,S13,test,0.5454545617103577,0.37142857142857144
7,4500,S15,test,0.5454545617103577,0.35555555555555557
7,4500,S16,test,0.7272727489471436,0.5299145299145299
7,4500,S3,test,0.7272727489471436,0.48888888888888893
7,4500,S5,test,0.8181818127632141,0.5740740740740741
7,4500,S6,test,0.5454545617103577,0.34920634920634924
7,4500,S7,test,0.8181818127632141,0.6190476190476191
7,4500,S8,test,0.4545454680919647,0.20833333333333334
7,4500,S9,test,0.7272727489471436,0.5277777777777778
7,5400,S11,test,0.9090909361839294,0.6363636363636364
7,5400,S13,test,0.5454545617103577,0.38888888888888884
7,5400,S15,test,0.6363636255264282,0.4603174603174603
7,5400,S16,test,0.7272727489471436,0.5299145299145299
7,5400,S3,test,0.7272727489471436,0.48888888888888893
7,5400,S5,test,0.8181818127632141,0.5740740740740741
7,5400,S6,test,0.5454545617103577,0.34920634920634924
7,5400,S7,test,0.8181818127632141,0.6190476190476191
7,5400,S8,test,0.4545454680919647,0.20833333333333334
7,5400,S9,test,0.8181818127632141,0.5993265993265994
7,6300,S11,test,0.9090909361839294,0.6363636363636364
7,6300,S13,test,0.6363636255264282,0.47863247863247865
7,6300,S15,test,0.7272727489471436,0.5421245421245421
7,6300,S16,test,0.7272727489471436,0.5299145299145299
7,6300,S3,test,0.7272727489471436,0.48888888888888893
7,6300,S5,test,0.8181818127632141,0.5740740740740741
7,6300,S6,test,0.5454545617103577,0.34920634920634924
7,6300,S7,test,0.8181818127632141,0.6190476190476191
7,6300,S8,test,0.4545454680919647,0.20833333333333334
7,6300,S9,test,0.7272727489471436,0.5277777777777778
7,7200,S11,test,0.9090909361839294,0.6363636363636364
7,7200,S13,test,0.6363636255264282,0.47863247863247865
7,7200,S15,test,0.7272727489471436,0.5421245421245421
7,7200,S16,test,0.7272727489471436,0.5299145299145299
7,7200,S3,test,0.7272727489471436,0.48888888888888893
7,7200,S5,test,0.7272727489471436,0.5090909090909091
7,7200,S6,test,0.5454545617103577,0.34920634920634924
7,7200,S7,test,0.8181818127632141,0.6190476190476191
7,7200,S8,test,0.4545454680919647,0.20833333333333334
7,7200,S9,test,0.7272727489471436,0.5333333333333333
7,8100,S11,test,0.9090909361839294,0.6363636363636364
7,8100,S13,test,0.6363636255264282,0.47863247863247865
7,8100,S15,test,0.7272727489471436,0.5421245421245421
7,8100,S16,test,0.7272727489471436,0.5299145299145299
7,8100,S3,test,0.7272727489471436,0.48888888888888893
7,8100,S5,test,0.7272727489471436,0.5090909090909091
7,8100,S6,test,0.6363636255264282,0.4468864468864469
7,8100,S7,test,0.8181818127632141,0.6190476190476191
7,8100,S8,test,0.4545454680919647,0.20833333333333334
7,8100,S9,test,0.8181818127632141,0.5993265993265994
7,9000,S11,test,0.9090909361839294,0.6363636363636364
7,9000,S13,test,0.6363636255264282,0.47863247863247865
7,9000,S15,test,0.7272727489471436,0.5421245421245421
7,9000,S16,test,0.7272727489471436,0.5299145299145299
7,9000,S3,test,0.7272727489471436,0.48888888888888893
7,9000,S5,test,0.8181818127632141,0.5740740740740741
7,9000,S6,test,0.6363636255264282,0.4468864468864469
7,9000,S7,test,0.8181818127632141,0.6190476190476191
7,9000,S8,test,0.5454545617103577,0.38888888888888884
7,9000,S9,test,0.8181818127632141,0.5993265993265994
7,9900,S11,test,0.9090909361839294,0.6363636363636364
7,9900,S13,test,0.6363636255264282,0.47863247863247865
7,9900,S15,test,0.7272727489471436,0.5421245421245421
7,9900,S16,test,0.8181818127632141,0.7410256410256411
7,9900,S3,test,0.7272727489471436,0.48888888888888893
7,9900,S5,test,0.8181818127632141,0.5740740740740741
7,9900,S6,test,0.6363636255264282,0.4468864468864469
7,9900,S7,test,0.7272727489471436,0.5523809523809523
7,9900,S8,test,0.4545454680919647,0.20833333333333334
7,9900,S9,test,0.9090909361839294,0.8585858585858586
7,10800,S11,test,0.9090909361839294,0.6363636363636364
7,10800,S13,test,0.6363636255264282,0.47863247863247865
7,10800,S15,test,0.7272727489471436,0.5421245421245421
7,10800,S16,test,0.7272727489471436,0.5299145299145299
7,10800,S3,test,0.7272727489471436,0.48888888888888893
7,10800,S5,test,0.8181818127632141,0.5740740740740741
7,10800,S6,test,0.6363636255264282,0.4468864468864469
7,10800,S7,test,0.7272727489471436,0.5523809523809523
7,10800,S8,test,0.4545454680919647,0.20833333333333334
7,10800,S9,test,0.9090909361839294,0.8585858585858586
7,11700,S11,test,0.9090909361839294,0.6363636363636364
7,11700,S13,test,0.6363636255264282,0.47863247863247865
7,11700,S15,test,0.7272727489471436,0.5421245421245421
7,11700,S16,test,0.8181818127632141,0.7410256410256411
7,11700,S3,test,0.7272727489471436,0.48888888888888893
7,11700,S5,test,0.7272727489471436,0.5090909090909091
7,11700,S6,test,0.6363636255264282,0.4468864468864469
7,11700,S7,test,0.8181818127632141,0.7410256410256411
7,11700,S8,test,0.4545454680919647,0.20833333333333334
7,11700,S9,test,0.9090909361839294,0.8585858585858586
7,12600,S11,test,0.9090909361839294,0.6363636363636364
7,12600,S13,test,0.6363636255264282,0.47863247863247865
7,12600,S15,test,0.7272727489471436,0.5421245421245421
7,12600,S16,test,0.8181818127632141,0.7410256410256411
7,12600,S3,test,0.7272727489471436,0.48888888888888893
7,12600,S5,test,0.7272727489471436,0.5090909090909091
7,12600,S6,test,0.6363636255264282,0.4468864468864469
7,12600,S7,test,0.8181818127632141,0.7410256410256411
7,12600,S8,test,0.7272727489471436,0.5897435897435898
7,12600,S9,test,0.9090909361839294,0.8585858585858586
7,13500,S11,test,0.9090909361839294,0.6363636363636364
7,13500,S13,test,0.6363636255264282,0.47863247863247865
7,13500,S15,test,0.7272727489471436,0.5421245421245421
7,13500,S16,test,0.8181818127632141,0.7410256410256411
7,13500,S3,test,0.7272727489471436,0.48888888888888893
7,13500,S5,test,0.8181818127632141,0.5696969696969697
7,13500,S6,test,0.6363636255264282,0.4468864468864469
7,13500,S7,test,0.8181818127632141,0.7410256410256411
7,13500,S8,test,0.6363636255264282,0.5047619047619047
7,13500,S9,test,0.9090909361839294,0.8585858585858586
7,14400,S11,test,0.9090909361839294,0.6363636363636364
7,14400,S13,test,0.6363636255264282,0.4682539682539682
7,14400,S15,test,0.7272727489471436,0.5421245421245421
7,14400,S16,test,0.8181818127632141,0.7410256410256411
7,14400,S3,test,0.8181818127632141,0.5714285714285714
7,14400,S5,test,0.7272727489471436,0.5090909090909091
7,14400,S6,test,0.6363636255264282,0.4468864468864469
7,14400,S7,test,0.8181818127632141,0.7410256410256411
7,14400,S8,test,0.6363636255264282,0.5047619047619047
7,14400,S9,test,0.8181818127632141,0.7851851851851852
7,15300,S11,test,0.9090909361839294,0.6363636363636364
7,15300,S13,test,0.6363636255264282,0.4682539682539682
7,15300,S15,test,0.7272727489471436,0.5421245421245421
7,15300,S16,test,0.8181818127632141,0.7410256410256411
7,15300,S3,test,0.8181818127632141,0.5714285714285714
7,15300,S5,test,0.7272727489471436,0.5090909090909091
7,15300,S6,test,0.6363636255264282,0.4468864468864469
7,15300,S7,test,0.8181818127632141,0.7410256410256411
7,15300,S8,test,0.4545454680919647,0.20833333333333334
7,15300,S9,test,0.8181818127632141,0.7851851851851852
7,16200,S11,test,0.9090909361839294,0.6363636363636364
7,16200,S13,test,0.6363636255264282,0.4682539682539682
7,16200,S15,test,0.7272727489471436,0.5421245421245421
7,16200,S16,test,0.8181818127632141,0.7410256410256411
7,16200,S3,test,0.8181818127632141,0.5714285714285714
7,16200,S5,test,0.7272727489471436,0.5090909090909091
7,16200,S6,test,0.6363636255264282,0.4468864468864469
7,16200,S7,test,0.8181818127632141,0.7410256410256411
7,16200,S8,test,0.4545454680919647,0.20833333333333334
7,16200,S9,test,0.8181818127632141,0.7851851851851852
7,17100,S11,test,0.9090909361839294,0.6363636363636364
7,17100,S13,test,0.6363636255264282,0.4682539682539682
7,17100,S15,test,0.7272727489471436,0.5421245421245421
7,17100,S16,test,0.9090909361839294,0.9076923076923077
7,17100,S3,test,0.7272727489471436,0.48888888888888893
7,17100,S5,test,0.7272727489471436,0.5090909090909091
7,17100,S6,test,0.6363636255264282,0.4468864468864469
7,17100,S7,test,0.8181818127632141,0.7410256410256411
7,17100,S8,test,0.6363636255264282,0.5047619047619047
7,17100,S9,test,0.8181818127632141,0.7851851851851852
7,18000,S11,test,0.9090909361839294,0.6363636363636364
7,18000,S13,test,0.6363636255264282,0.4682539682539682
7,18000,S15,test,0.7272727489471436,0.5421245421245421
7,18000,S16,test,0.8181818127632141,0.7410256410256411
7,18000,S3,test,0.8181818127632141,0.5714285714285714
7,18000,S5,test,0.7272727489471436,0.5090909090909091
7,18000,S6,test,0.7272727489471436,0.5277777777777778
7,18000,S7,test,0.8181818127632141,0.7410256410256411
7,18000,S8,test,0.6363636255264282,0.5047619047619047
7,18000,S9,test,0.9090909361839294,0.8585858585858586
7,18900,S11,test,0.9090909361839294,0.6363636363636364
7,18900,S13,test,0.6363636255264282,0.4682539682539682
7,18900,S15,test,0.7272727489471436,0.5421245421245421
7,18900,S16,test,0.8181818127632141,0.7410256410256411
7,18900,S3,test,0.7272727489471436,0.48888888888888893
7,18900,S5,test,0.7272727489471436,0.5090909090909091
7,18900,S6,test,0.6363636255264282,0.4468864468864469
7,18900,S7,test,0.8181818127632141,0.7410256410256411
7,18900,S8,test,0.4545454680919647,0.20833333333333334
7,18900,S9,test,0.9090909361839294,0.8585858585858586
7,19800,S11,test,0.9090909361839294,0.6363636363636364
7,19800,S13,test,0.6363636255264282,0.4682539682539682
7,19800,S15,test,0.7272727489471436,0.5421245421245421
7,19800,S16,test,0.8181818127632141,0.7410256410256411
7,19800,S3,test,0.7272727489471436,0.48888888888888893
7,19800,S5,test,0.8181818127632141,0.5740740740740741
7,19800,S6,test,0.7272727489471436,0.5277777777777778
7,19800,S7,test,0.8181818127632141,0.7410256410256411
7,19800,S8,test,0.6363636255264282,0.5047619047619047
7,19800,S9,test,0.8181818127632141,0.7666666666666666
7,20700,S11,test,0.9090909361839294,0.6363636363636364
7,20700,S13,test,0.6363636255264282,0.4682539682539682
7,20700,S15,test,0.7272727489471436,0.5421245421245421
7,20700,S16,test,0.9090909361839294,0.9076923076923077
7,20700,S3,test,0.8181818127632141,0.5714285714285714
7,20700,S5,test,0.7272727489471436,0.5090909090909091
7,20700,S6,test,0.7272727489471436,0.5277777777777778
7,20700,S7,test,0.8181818127632141,0.7410256410256411
7,20700,S8,test,0.6363636255264282,0.5047619047619047
7,20700,S9,test,0.9090909361839294,0.8585858585858586
7,21600,S11,test,0.9090909361839294,0.6363636363636364
7,21600,S13,test,0.6363636255264282,0.4682539682539682
7,21600,S15,test,0.7272727489471436,0.5421245421245421
7,21600,S16,test,0.9090909361839294,0.9076923076923077
7,21600,S3,test,0.7272727489471436,0.48888888888888893
7,21600,S5,test,0.8181818127632141,0.5696969696969697
7,21600,S6,test,0.7272727489471436,0.5277777777777778
7,21600,S7,test,0.8181818127632141,0.7410256410256411
7,21600,S8,test,0.6363636255264282,0.5047619047619047
7,21600,S9,test,0.9090909361839294,0.8585858585858586
7,22500,S11,test,0.9090909361839294,0.6363636363636364
7,22500,S13,test,0.6363636255264282,0.4696969696969697
7,22500,S15,test,0.7272727489471436,0.5421245421245421
7,22500,S16,test,0.8181818127632141,0.7410256410256411
7,22500,S3,test,0.8181818127632141,0.5714285714285714
7,22500,S5,test,0.7272727489471436,0.5090909090909091
7,22500,S6,test,0.6363636255264282,0.4468864468864469
7,22500,S7,test,0.8181818127632141,0.7410256410256411
7,22500,S8,test,0.4545454680919647,0.20833333333333334
7,22500,S9,test,0.8181818127632141,0.7666666666666666
7,23400,S11,test,0.9090909361839294,0.6363636363636364
7,23400,S13,test,0.6363636255264282,0.4696969696969697
7,23400,S15,test,0.7272727489471436,0.5421245421245421
7,23400,S16,test,0.9090909361839294,0.9076923076923077
7,23400,S3,test,0.7272727489471436,0.48888888888888893
7,23400,S5,test,0.8181818127632141,0.5696969696969697
7,23400,S6,test,0.6363636255264282,0.4468864468864469
7,23400,S7,test,0.8181818127632141,0.7410256410256411
7,23400,S8,test,0.4545454680919647,0.20833333333333334
7,23400,S9,test,0.9090909361839294,0.8585858585858586
7,24300,S11,test,0.9090909361839294,0.6363636363636364
7,24300,S13,test,0.6363636255264282,0.4696969696969697
7,24300,S15,test,0.7272727489471436,0.5421245421245421
7,24300,S16,test,0.9090909361839294,0.9076923076923077
7,24300,S3,test,0.8181818127632141,0.5714285714285714
7,24300,S5,test,0.7272727489471436,0.5090909090909091
7,24300,S6,test,0.7272727489471436,0.5277777777777778
7,24300,S7,test,0.8181818127632141,0.7410256410256411
7,24300,S8,test,0.6363636255264282,0.5047619047619047
7,24300,S9,test,0.8181818127632141,0.7851851851851852
7,25200,S11,test,0.9090909361839294,0.6363636363636364
7,25200,S13,test,0.6363636255264282,0.4696969696969697
7,25200,S15,test,0.7272727489471436,0.5421245421245421
7,25200,S16,test,0.9090909361839294,0.9076923076923077
7,25200,S3,test,0.8181818127632141,0.5576923076923077
7,25200,S5,test,0.7272727489471436,0.5090909090909091
7,25200,S6,test,0.7272727489471436,0.5277777777777778
7,25200,S7,test,0.8181818127632141,0.7410256410256411
7,25200,S8,test,0.7272727489471436,0.5897435897435898
7,25200,S9,test,0.9090909361839294,0.9259259259259259
7,26100,S11,test,0.9090909361839294,0.6363636363636364
7,26100,S13,test,0.6363636255264282,0.4696969696969697
7,26100,S15,test,0.7272727489471436,0.5421245421245421
7,26100,S16,test,0.9090909361839294,0.9076923076923077
7,26100,S3,test,0.8181818127632141,0.5714285714285714
7,26100,S5,test,0.7272727489471436,0.5090909090909091
7,26100,S6,test,0.7272727489471436,0.5277777777777778
7,26100,S7,test,0.8181818127632141,0.7410256410256411
7,26100,S8,test,0.6363636255264282,0.5047619047619047
7,26100,S9,test,0.9090909361839294,0.8585858585858586
7,27000,S11,test,0.9090909361839294,0.6363636363636364
7,27000,S13,test,0.6363636255264282,0.4696969696969697
7,27000,S15,test,0.7272727489471436,0.5421245421245421
7,27000,S16,test,0.9090909361839294,0.9076923076923077
7,27000,S3,test,0.8181818127632141,0.5714285714285714
7,27000,S5,test,0.7272727489471436,0.5090909090909091
7,27000,S6,test,0.7272727489471436,0.5277777777777778
7,27000,S7,test,0.8181818127632141,0.7410256410256411
7,27000,S8,test,0.6363636255264282,0.5047619047619047
7,27000,S9,test,0.9090909361839294,0.8585858585858586
7,27900,S11,test,0.9090909361839294,0.6363636363636364
7,27900,S13,test,0.6363636255264282,0.4696969696969697
7,27900,S15,test,0.7272727489471436,0.5421245421245421
7,27900,S16,test,0.9090909361839294,0.9076923076923077
7,27900,S3,test,0.8181818127632141,0.5714285714285714
7,27900,S5,test,0.7272727489471436,0.5090909090909091
7,27900,S6,test,0.7272727489471436,0.5277777777777778
7,27900,S7,test,0.8181818127632141,0.7410256410256411
7,27900,S8,test,0.7272727489471436,0.5897435897435898
7,27900,S9,test,0.9090909361839294,0.8585858585858586
7,28800,S11,test,0.9090909361839294,0.6363636363636364
7,28800,S13,test,0.6363636255264282,0.4696969696969697
7,28800,S15,test,0.7272727489471436,0.5421245421245421
7,28800,S16,test,0.9090909361839294,0.9076923076923077
7,28800,S3,test,0.7272727489471436,0.48888888888888893
7,28800,S5,test,0.8181818127632141,0.5696969696969697
7,28800,S6,test,0.7272727489471436,0.5277777777777778
7,28800,S7,test,0.8181818127632141,0.7410256410256411
7,28800,S8,test,0.7272727489471436,0.5897435897435898
7,28800,S9,test,0.9090909361839294,0.9259259259259259
7,29700,S11,test,0.9090909361839294,0.6363636363636364
7,29700,S13,test,0.6363636255264282,0.4696969696969697
7,29700,S15,test,0.7272727489471436,0.5421245421245421
7,29700,S16,test,0.9090909361839294,0.9076923076923077
7,29700,S3,test,0.7272727489471436,0.48888888888888893
7,29700,S5,test,0.7272727489471436,0.5090909090909091
7,29700,S6,test,0.8181818127632141,0.5993265993265994
7,29700,S7,test,0.8181818127632141,0.7410256410256411
7,29700,S8,test,0.4545454680919647,0.20833333333333334
7,29700,S9,test,1.0,1.0
7,30600,S11,test,0.9090909361839294,0.6363636363636364
7,30600,S13,test,0.6363636255264282,0.4696969696969697
7,30600,S15,test,0.7272727489471436,0.5421245421245421
7,30600,S16,test,0.9090909361839294,0.9076923076923077
7,30600,S3,test,0.7272727489471436,0.48888888888888893
7,30600,S5,test,0.7272727489471436,0.5090909090909091
7,30600,S6,test,0.7272727489471436,0.5277777777777778
7,30600,S7,test,0.8181818127632141,0.7410256410256411
7,30600,S8,test,0.4545454680919647,0.20833333333333334
7,30600,S9,test,0.9090909361839294,0.8585858585858586
7,31500,S11,test,0.9090909361839294,0.6363636363636364
7,31500,S13,test,0.6363636255264282,0.4696969696969697
7,31500,S15,test,0.7272727489471436,0.5421245421245421
7,31500,S16,test,0.9090909361839294,0.9076923076923077
7,31500,S3,test,0.8181818127632141,0.5714285714285714
7,31500,S5,test,0.7272727489471436,0.5090909090909091
7,31500,S6,test,0.7272727489471436,0.5277777777777778
7,31500,S7,test,0.8181818127632141,0.7410256410256411
7,31500,S8,test,0.6363636255264282,0.5047619047619047
7,31500,S9,test,0.9090909361839294,0.8962962962962964
7,32400,S11,test,0.9090909361839294,0.6363636363636364
7,32400,S13,test,0.6363636255264282,0.4696969696969697
7,32400,S15,test,0.7272727489471436,0.5421245421245421
7,32400,S16,test,0.9090909361839294,0.9076923076923077
7,32400,S3,test,0.7272727489471436,0.48888888888888893
7,32400,S5,test,0.7272727489471436,0.5090909090909091
7,32400,S6,test,0.7272727489471436,0.5277777777777778
7,32400,S7,test,0.8181818127632141,0.7410256410256411
7,32400,S8,test,0.7272727489471436,0.5897435897435898
7,32400,S9,test,1.0,1.0
7,33300,S11,test,0.9090909361839294,0.6363636363636364
7,33300,S13,test,0.6363636255264282,0.4696969696969697
7,33300,S15,test,0.7272727489471436,0.5277777777777778
7,33300,S16,test,0.9090909361839294,0.9076923076923077
7,33300,S3,test,0.8181818127632141,0.5714285714285714
7,33300,S5,test,0.7272727489471436,0.5090909090909091
7,33300,S6,test,0.7272727489471436,0.5277777777777778
7,33300,S7,test,0.8181818127632141,0.7410256410256411
7,33300,S8,test,0.7272727489471436,0.5897435897435898
7,33300,S9,test,1.0,1.0
7,34200,S11,test,0.9090909361839294,0.6363636363636364
7,34200,S13,test,0.6363636255264282,0.4696969696969697
7,34200,S15,test,0.7272727489471436,0.5421245421245421
7,34200,S16,test,0.9090909361839294,0.9076923076923077
7,34200,S3,test,0.7272727489471436,0.48888888888888893
7,34200,S5,test,0.7272727489471436,0.5090909090909091
7,34200,S6,test,0.7272727489471436,0.5277777777777778
7,34200,S7,test,0.8181818127632141,0.7410256410256411
7,34200,S8,test,0.6363636255264282,0.5047619047619047
7,34200,S9,test,1.0,1.0
7,35100,S11,test,0.9090909361839294,0.6363636363636364
7,35100,S13,test,0.6363636255264282,0.4696969696969697
7,35100,S15,test,0.7272727489471436,0.5277777777777778
7,35100,S16,test,0.9090909361839294,0.9076923076923077
7,35100,S3,test,0.7272727489471436,0.48888888888888893
7,35100,S5,test,0.7272727489471436,0.5090909090909091
7,35100,S6,test,0.7272727489471436,0.5277777777777778
7,35100,S7,test,0.8181818127632141,0.7410256410256411
7,35100,S8,test,0.4545454680919647,0.20833333333333334
7,35100,S9,test,1.0,1.0
7,36000,S11,test,0.9090909361839294,0.6363636363636364
7,36000,S13,test,0.6363636255264282,0.4696969696969697
7,36000,S15,test,0.7272727489471436,0.5277777777777778
7,36000,S16,test,0.9090909361839294,0.9076923076923077
7,36000,S3,test,0.8181818127632141,0.5576923076923077
7,36000,S5,test,0.7272727489471436,0.5090909090909091
7,36000,S6,test,0.7272727489471436,0.5277777777777778
7,36000,S7,test,0.8181818127632141,0.7410256410256411
7,36000,S8,test,0.6363636255264282,0.5047619047619047
7,36000,S9,test,1.0,1.0
7,36900,S11,test,0.9090909361839294,0.6363636363636364
7,36900,S13,test,0.6363636255264282,0.4696969696969697
7,36900,S15,test,0.7272727489471436,0.5421245421245421
7,36900,S16,test,0.9090909361839294,0.9076923076923077
7,36900,S3,test,0.7272727489471436,0.48888888888888893
7,36900,S5,test,0.7272727489471436,0.5090909090909091
7,36900,S6,test,0.7272727489471436,0.5277777777777778
7,36900,S7,test,0.8181818127632141,0.7410256410256411
7,36900,S8,test,0.6363636255264282,0.5047619047619047
7,36900,S9,test,0.9090909361839294,0.8857142857142857
7,37800,S11,test,0.9090909361839294,0.6363636363636364
7,37800,S13,test,0.6363636255264282,0.4696969696969697
7,37800,S15,test,0.7272727489471436,0.5421245421245421
7,37800,S16,test,0.9090909361839294,0.9076923076923077
7,37800,S3,test,0.7272727489471436,0.48888888888888893
7,37800,S5,test,0.7272727489471436,0.5090909090909091
7,37800,S6,test,0.7272727489471436,0.5277777777777778
7,37800,S7,test,0.8181818127632141,0.7410256410256411
7,37800,S8,test,0.6363636255264282,0.5047619047619047
7,37800,S9,test,1.0,1.0
7,38700,S11,test,0.9090909361839294,0.6363636363636364
7,38700,S13,test,0.6363636255264282,0.4696969696969697
7,38700,S15,test,0.7272727489471436,0.5421245421245421
7,38700,S16,test,0.9090909361839294,0.9076923076923077
7,38700,S3,test,0.8181818127632141,0.5714285714285714
7,38700,S5,test,0.7272727489471436,0.5090909090909091
7,38700,S6,test,0.7272727489471436,0.5277777777777778
7,38700,S7,test,0.8181818127632141,0.7410256410256411
7,38700,S8,test,0.4545454680919647,0.20833333333333334
7,38700,S9,test,1.0,1.0
7,39600,S11,test,1.0,1.0
7,39600,S13,test,0.6363636255264282,0.4696969696969697
7,39600,S15,test,0.7272727489471436,0.5277777777777778
7,39600,S16,test,0.9090909361839294,0.9076923076923077
7,39600,S3,test,0.8181818127632141,0.5714285714285714
7,39600,S5,test,0.7272727489471436,0.5090909090909091
7,39600,S6,test,0.7272727489471436,0.5277777777777778
7,39600,S7,test,0.8181818127632141,0.7410256410256411
7,39600,S8,test,0.4545454680919647,0.20833333333333334
7,39600,S9,test,0.9090909361839294,0.9259259259259259
7,40500,S11,test,0.9090909361839294,0.6363636363636364
7,40500,S13,test,0.6363636255264282,0.4696969696969697
7,40500,S15,test,0.7272727489471436,0.5421245421245421
7,40500,S16,test,0.9090909361839294,0.9076923076923077
7,40500,S3,test,0.7272727489471436,0.48888888888888893
7,40500,S5,test,0.7272727489471436,0.5090909090909091
7,40500,S6,test,0.7272727489471436,0.5277777777777778
7,40500,S7,test,0.8181818127632141,0.7410256410256411
7,40500,S8,test,0.4545454680919647,0.20833333333333334
7,40500,S9,test,0.9090909361839294,0.8962962962962964
7,41400,S11,test,0.9090909361839294,0.6363636363636364
7,41400,S13,test,0.6363636255264282,0.4696969696969697
7,41400,S15,test,0.7272727489471436,0.5421245421245421
7,41400,S16,test,0.9090909361839294,0.9076923076923077
7,41400,S3,test,0.8181818127632141,0.5714285714285714
7,41400,S5,test,0.8181818127632141,0.5696969696969697
7,41400,S6,test,0.7272727489471436,0.5277777777777778
7,41400,S7,test,0.8181818127632141,0.7410256410256411
7,41400,S8,test,0.6363636255264282,0.5047619047619047
7,41400,S9,test,0.9090909361839294,0.9259259259259259
7,42300,S11,test,0.9090909361839294,0.6363636363636364
7,42300,S13,test,0.6363636255264282,0.4696969696969697
7,42300,S15,test,0.7272727489471436,0.5421245421245421
7,42300,S16,test,0.9090909361839294,0.9076923076923077
7,42300,S3,test,0.8181818127632141,0.5576923076923077
7,42300,S5,test,0.7272727489471436,0.5090909090909091
7,42300,S6,test,0.8181818127632141,0.5993265993265994
7,42300,S7,test,0.8181818127632141,0.7410256410256411
7,42300,S8,test,0.6363636255264282,0.5047619047619047
7,42300,S9,test,0.9090909361839294,0.8857142857142857
7,43200,S11,test,0.9090909361839294,0.6363636363636364
7,43200,S13,test,0.6363636255264282,0.4696969696969697
7,43200,S15,test,0.7272727489471436,0.5277777777777778
7,43200,S16,test,0.9090909361839294,0.9076923076923077
7,43200,S3,test,0.7272727489471436,0.48888888888888893
7,43200,S5,test,0.7272727489471436,0.5090909090909091
7,43200,S6,test,0.7272727489471436,0.5277777777777778
7,43200,S7,test,0.8181818127632141,0.7410256410256411
7,43200,S8,test,0.7272727489471436,0.5897435897435898
7,43200,S9,test,0.9090909361839294,0.8857142857142857
7,44100,S11,test,0.9090909361839294,0.6363636363636364
7,44100,S13,test,0.6363636255264282,0.4696969696969697
7,44100,S15,test,0.7272727489471436,0.5421245421245421
7,44100,S16,test,0.9090909361839294,0.9076923076923077
7,44100,S3,test,0.8181818127632141,0.5714285714285714
7,44100,S5,test,0.7272727489471436,0.5090909090909091
7,44100,S6,test,0.7272727489471436,0.5277777777777778
7,44100,S7,test,0.8181818127632141,0.7410256410256411
7,44100,S8,test,0.4545454680919647,0.20833333333333334
7,44100,S9,test,0.9090909361839294,0.8857142857142857
7,45000,S11,test,0.9090909361839294,0.6363636363636364
7,45000,S13,test,0.6363636255264282,0.4696969696969697
7,45000,S15,test,0.7272727489471436,0.5277777777777778
7,45000,S16,test,0.9090909361839294,0.9076923076923077
7,45000,S3,test,0.8181818127632141,0.5714285714285714
7,45000,S5,test,0.8181818127632141,0.5696969696969697
7,45000,S6,test,0.8181818127632141,0.5993265993265994
7,45000,S7,test,0.8181818127632141,0.7410256410256411
7,45000,S8,test,0.4545454680919647,0.20833333333333334
7,45000,S9,test,1.0,1.0
7,45900,S11,test,1.0,1.0
7,45900,S13,test,0.6363636255264282,0.4696969696969697
7,45900,S15,test,0.7272727489471436,0.5421245421245421
7,45900,S16,test,0.9090909361839294,0.9076923076923077
7,45900,S3,test,0.8181818127632141,0.5576923076923077
7,45900,S5,test,0.7272727489471436,0.5090909090909091
7,45900,S6,test,0.7272727489471436,0.5277777777777778
7,45900,S7,test,0.8181818127632141,0.7410256410256411
7,45900,S8,test,0.5454545617103577,0.38888888888888884
7,45900,S9,test,1.0,1.0
7,46800,S11,test,1.0,1.0
7,46800,S13,test,0.6363636255264282,0.4696969696969697
7,46800,S15,test,0.7272727489471436,0.5421245421245421
7,46800,S16,test,0.9090909361839294,0.9076923076923077
7,46800,S3,test,0.8181818127632141,0.5714285714285714
7,46800,S5,test,0.8181818127632141,0.5696969696969697
7,46800,S6,test,0.7272727489471436,0.5277777777777778
7,46800,S7,test,0.8181818127632141,0.7410256410256411
7,46800,S8,test,0.6363636255264282,0.5047619047619047
7,46800,S9,test,1.0,1.0
7,47700,S11,test,1.0,1.0
7,47700,S13,test,0.6363636255264282,0.4696969696969697
7,47700,S15,test,0.7272727489471436,0.5421245421245421
7,47700,S16,test,0.9090909361839294,0.9076923076923077
7,47700,S3,test,0.7272727489471436,0.48888888888888893
7,47700,S5,test,0.8181818127632141,0.5696969696969697
7,47700,S6,test,0.7272727489471436,0.5277777777777778
7,47700,S7,test,0.8181818127632141,0.7410256410256411
7,47700,S8,test,0.6363636255264282,0.5047619047619047
7,47700,S9,test,1.0,1.0
7,48600,S11,test,0.9090909361839294,0.6363636363636364
7,48600,S13,test,0.6363636255264282,0.4696969696969697
7,48600,S15,test,0.7272727489471436,0.5277777777777778
7,48600,S16,test,0.9090909361839294,0.9076923076923077
7,48600,S3,test,0.8181818127632141,0.5714285714285714
7,48600,S5,test,0.7272727489471436,0.5090909090909091
7,48600,S6,test,0.7272727489471436,0.5277777777777778
7,48600,S7,test,0.8181818127632141,0.7410256410256411
7,48600,S8,test,0.4545454680919647,0.20833333333333334
7,48600,S9,test,0.9090909361839294,0.8857142857142857
7,49500,S11,test,0.9090909361839294,0.6363636363636364
7,49500,S13,test,0.6363636255264282,0.4696969696969697
7,49500,S15,test,0.7272727489471436,0.5277777777777778
7,49500,S16,test,0.9090909361839294,0.9076923076923077
7,49500,S3,test,0.8181818127632141,0.5714285714285714
7,49500,S5,test,0.7272727489471436,0.5090909090909091
7,49500,S6,test,0.7272727489471436,0.5277777777777778
7,49500,S7,test,0.8181818127632141,0.7410256410256411
7,49500,S8,test,0.6363636255264282,0.5047619047619047
7,49500,S9,test,0.9090909361839294,0.8857142857142857
7,50400,S11,test,0.9090909361839294,0.6363636363636364
7,50400,S13,test,0.6363636255264282,0.4696969696969697
7,50400,S15,test,0.8181818127632141,0.5993265993265994
7,50400,S16,test,0.9090909361839294,0.9076923076923077
7,50400,S3,test,0.8181818127632141,0.5714285714285714
7,50400,S5,test,0.7272727489471436,0.5090909090909091
7,50400,S6,test,0.8181818127632141,0.5993265993265994
7,50400,S7,test,0.7272727489471436,0.6076923076923078
7,50400,S8,test,0.6363636255264282,0.5047619047619047
7,50400,S9,test,0.9090909361839294,0.9259259259259259
7,51300,S11,test,1.0,1.0
7,51300,S13,test,0.6363636255264282,0.4696969696969697
7,51300,S15,test,0.7272727489471436,0.5421245421245421
7,51300,S16,test,0.9090909361839294,0.9076923076923077
7,51300,S3,test,0.8181818127632141,0.5714285714285714
7,51300,S5,test,0.7272727489471436,0.5090909090909091
7,51300,S6,test,0.7272727489471436,0.5277777777777778
7,51300,S7,test,0.8181818127632141,0.7410256410256411
7,51300,S8,test,0.4545454680919647,0.20833333333333334
7,51300,S9,test,1.0,1.0
7,52200,S11,test,1.0,1.0
7,52200,S13,test,0.6363636255264282,0.4696969696969697
7,52200,S15,test,0.7272727489471436,0.5421245421245421
7,52200,S16,test,0.9090909361839294,0.9076923076923077
7,52200,S3,test,0.8181818127632141,0.5714285714285714
7,52200,S5,test,0.7272727489471436,0.5090909090909091
7,52200,S6,test,0.8181818127632141,0.5993265993265994
7,52200,S7,test,0.7272727489471436,0.6076923076923078
7,52200,S8,test,0.6363636255264282,0.5047619047619047
7,52200,S9,test,1.0,1.0
7,53100,S11,test,1.0,1.0
7,53100,S13,test,0.6363636255264282,0.4696969696969697
7,53100,S15,test,0.7272727489471436,0.5277777777777778
7,53100,S16,test,0.9090909361839294,0.9076923076923077
7,53100,S3,test,0.8181818127632141,0.5714285714285714
7,53100,S5,test,0.7272727489471436,0.5090909090909091
7,53100,S6,test,0.8181818127632141,0.5993265993265994
7,53100,S7,test,0.7272727489471436,0.6076923076923078
7,53100,S8,test,0.6363636255264282,0.5047619047619047
7,53100,S9,test,0.9090909361839294,0.8857142857142857
7,54000,S11,test,1.0,1.0
7,54000,S13,test,0.6363636255264282,0.4696969696969697
7,54000,S15,test,0.7272727489471436,0.5277777777777778
7,54000,S16,test,0.9090909361839294,0.9076923076923077
7,54000,S3,test,0.8181818127632141,0.5714285714285714
7,54000,S5,test,0.7272727489471436,0.5090909090909091
7,54000,S6,test,0.8181818127632141,0.5993265993265994
7,54000,S7,test,0.8181818127632141,0.7410256410256411
7,54000,S8,test,0.4545454680919647,0.20833333333333334
7,54000,S9,test,0.9090909361839294,0.8857142857142857
7,54900,S11,test,0.9090909361839294,0.6363636363636364
7,54900,S13,test,0.6363636255264282,0.4696969696969697
7,54900,S15,test,0.7272727489471436,0.5277777777777778
7,54900,S16,test,0.9090909361839294,0.9076923076923077
7,54900,S3,test,0.8181818127632141,0.5714285714285714
7,54900,S5,test,0.7272727489471436,0.5090909090909091
7,54900,S6,test,0.8181818127632141,0.5993265993265994
7,54900,S7,test,0.8181818127632141,0.7410256410256411
7,54900,S8,test,0.4545454680919647,0.20833333333333334
7,54900,S9,test,1.0,1.0
7,55800,S11,test,1.0,1.0
7,55800,S13,test,0.6363636255264282,0.4696969696969697
7,55800,S15,test,0.8181818127632141,0.5993265993265994
7,55800,S16,test,0.9090909361839294,0.9076923076923077
7,55800,S3,test,0.8181818127632141,0.5714285714285714
7,55800,S5,test,0.8181818127632141,0.5696969696969697
7,55800,S6,test,0.8181818127632141,0.5993265993265994
7,55800,S7,test,0.7272727489471436,0.6076923076923078
7,55800,S8,test,0.6363636255264282,0.5047619047619047
7,55800,S9,test,1.0,1.0
7,56700,S11,test,1.0,1.0
7,56700,S13,test,0.6363636255264282,0.4696969696969697
7,56700,S15,test,0.7272727489471436,0.5277777777777778
7,56700,S16,test,0.9090909361839294,0.9076923076923077
7,56700,S3,test,0.8181818127632141,0.5714285714285714
7,56700,S5,test,0.7272727489471436,0.5090909090909091
7,56700,S6,test,0.7272727489471436,0.562962962962963
7,56700,S7,test,0.8181818127632141,0.7410256410256411
7,56700,S8,test,0.4545454680919647,0.20833333333333334
7,56700,S9,test,1.0,1.0
7,57600,S11,test,1.0,1.0
7,57600,S13,test,0.6363636255264282,0.4696969696969697
7,57600,S15,test,0.7272727489471436,0.5277777777777778
7,57600,S16,test,0.9090909361839294,0.9076923076923077
7,57600,S3,test,0.8181818127632141,0.5576923076923077
7,57600,S5,test,0.7272727489471436,0.5090909090909091
7,57600,S6,test,0.7272727489471436,0.5277777777777778
7,57600,S7,test,0.7272727489471436,0.6076923076923078
7,57600,S8,test,0.4545454680919647,0.20833333333333334
7,57600,S9,test,1.0,1.0
7,58500,S11,test,1.0,1.0
7,58500,S13,test,0.6363636255264282,0.4696969696969697
7,58500,S15,test,0.7272727489471436,0.5277777777777778
7,58500,S16,test,0.9090909361839294,0.9076923076923077
7,58500,S3,test,0.8181818127632141,0.5714285714285714
7,58500,S5,test,0.8181818127632141,0.5696969696969697
7,58500,S6,test,0.8181818127632141,0.5993265993265994
7,58500,S7,test,0.8181818127632141,0.7410256410256411
7,58500,S8,test,0.7272727489471436,0.6897435897435898
7,58500,S9,test,1.0,1.0
7,59400,S11,test,1.0,1.0
7,59400,S13,test,0.6363636255264282,0.4696969696969697
7,59400,S15,test,0.7272727489471436,0.5421245421245421
7,59400,S16,test,0.9090909361839294,0.9076923076923077
7,59400,S3,test,0.8181818127632141,0.5714285714285714
7,59400,S5,test,0.8181818127632141,0.5696969696969697
7,59400,S6,test,0.7272727489471436,0.5530303030303031
7,59400,S7,test,0.8181818127632141,0.7410256410256411
7,59400,S8,test,0.7272727489471436,0.6897435897435898
7,59400,S9,test,0.9090909361839294,0.8857142857142857
7,60300,S11,test,1.0,1.0
7,60300,S13,test,0.6363636255264282,0.4696969696969697
7,60300,S15,test,0.7272727489471436,0.5277777777777778
7,60300,S16,test,0.9090909361839294,0.9076923076923077
7,60300,S3,test,0.8181818127632141,0.5714285714285714
7,60300,S5,test,0.7272727489471436,0.5090909090909091
7,60300,S6,test,0.8181818127632141,0.5993265993265994
7,60300,S7,test,0.8181818127632141,0.7410256410256411
7,60300,S8,test,0.6363636255264282,0.5047619047619047
7,60300,S9,test,0.9090909361839294,0.8857142857142857
7,61200,S11,test,1.0,1.0
7,61200,S13,test,0.6363636255264282,0.4696969696969697
7,61200,S15,test,0.7272727489471436,0.5277777777777778
7,61200,S16,test,0.9090909361839294,0.9076923076923077
7,61200,S3,test,0.8181818127632141,0.5714285714285714
7,61200,S5,test,0.7272727489471436,0.5090909090909091
7,61200,S6,test,0.7272727489471436,0.5277777777777778
7,61200,S7,test,0.7272727489471436,0.6076923076923078
7,61200,S8,test,0.6363636255264282,0.5047619047619047
7,61200,S9,test,0.9090909361839294,0.8857142857142857
7,62100,S11,test,1.0,1.0
7,62100,S13,test,0.6363636255264282,0.4696969696969697
7,62100,S15,test,0.7272727489471436,0.5421245421245421
7,62100,S16,test,0.9090909361839294,0.9076923076923077
7,62100,S3,test,0.7272727489471436,0.48888888888888893
7,62100,S5,test,0.7272727489471436,0.5090909090909091
7,62100,S6,test,0.8181818127632141,0.5993265993265994
7,62100,S7,test,0.8181818127632141,0.7410256410256411
7,62100,S8,test,0.6363636255264282,0.5047619047619047
7,62100,S9,test,1.0,1.0
7,63000,S11,test,1.0,1.0
7,63000,S13,test,0.6363636255264282,0.4696969696969697
7,63000,S15,test,0.7272727489471436,0.5421245421245421
7,63000,S16,test,0.9090909361839294,0.9076923076923077
7,63000,S3,test,0.8181818127632141,0.5714285714285714
7,63000,S5,test,0.8181818127632141,0.5696969696969697
7,63000,S6,test,0.7272727489471436,0.5277777777777778
7,63000,S7,test,0.7272727489471436,0.6076923076923078
7,63000,S8,test,0.7272727489471436,0.6897435897435898
7,63000,S9,test,1.0,1.0
7,63900,S11,test,1.0,1.0
7,63900,S13,test,0.6363636255264282,0.4696969696969697
7,63900,S15,test,0.7272727489471436,0.5421245421245421
7,63900,S16,test,0.9090909361839294,0.9076923076923077
7,63900,S3,test,0.8181818127632141,0.5714285714285714
7,63900,S5,test,0.8181818127632141,0.5696969696969697
7,63900,S6,test,0.8181818127632141,0.5993265993265994
7,63900,S7,test,0.8181818127632141,0.7410256410256411
7,63900,S8,test,0.7272727489471436,0.6897435897435898
7,63900,S9,test,0.9090909361839294,0.9259259259259259
7,64800,S11,test,1.0,1.0
7,64800,S13,test,0.6363636255264282,0.4696969696969697
7,64800,S15,test,0.7272727489471436,0.5277777777777778
7,64800,S16,test,0.9090909361839294,0.9076923076923077
7,64800,S3,test,0.8181818127632141,0.5714285714285714
7,64800,S5,test,0.8181818127632141,0.5696969696969697
7,64800,S6,test,0.8181818127632141,0.5993265993265994
7,64800,S7,test,0.8181818127632141,0.7410256410256411
7,64800,S8,test,0.6363636255264282,0.5047619047619047
7,64800,S9,test,1.0,1.0
7,65700,S11,test,1.0,1.0
7,65700,S13,test,0.6363636255264282,0.4696969696969697
7,65700,S15,test,0.7272727489471436,0.5277777777777778
7,65700,S16,test,0.9090909361839294,0.9076923076923077
7,65700,S3,test,0.8181818127632141,0.5714285714285714
7,65700,S5,test,0.8181818127632141,0.5696969696969697
7,65700,S6,test,0.8181818127632141,0.5993265993265994
7,65700,S7,test,0.7272727489471436,0.6076923076923078
7,65700,S8,test,0.7272727489471436,0.5897435897435898
7,65700,S9,test,1.0,1.0
7,66600,S11,test,1.0,1.0
7,66600,S13,test,0.6363636255264282,0.4696969696969697
7,66600,S15,test,0.7272727489471436,0.5277777777777778
7,66600,S16,test,0.9090909361839294,0.9076923076923077
7,66600,S3,test,0.8181818127632141,0.5714285714285714
7,66600,S5,test,0.7272727489471436,0.5090909090909091
7,66600,S6,test,0.8181818127632141,0.5993265993265994
7,66600,S7,test,0.8181818127632141,0.7410256410256411
7,66600,S8,test,0.6363636255264282,0.5047619047619047
7,66600,S9,test,0.9090909361839294,0.8857142857142857
7,67500,S11,test,1.0,1.0
7,67500,S13,test,0.6363636255264282,0.4696969696969697
7,67500,S15,test,0.7272727489471436,0.5421245421245421
7,67500,S16,test,0.9090909361839294,0.9076923076923077
7,67500,S3,test,0.8181818127632141,0.5714285714285714
7,67500,S5,test,0.7272727489471436,0.5090909090909091
7,67500,S6,test,0.7272727489471436,0.5277777777777778
7,67500,S7,test,0.8181818127632141,0.7410256410256411
7,67500,S8,test,0.6363636255264282,0.5047619047619047
7,67500,S9,test,1.0,1.0
7,68400,S11,test,1.0,1.0
7,68400,S13,test,0.6363636255264282,0.4696969696969697
7,68400,S15,test,0.7272727489471436,0.5277777777777778
7,68400,S16,test,0.9090909361839294,0.9076923076923077
7,68400,S3,test,0.8181818127632141,0.5714285714285714
7,68400,S5,test,0.7272727489471436,0.5090909090909091
7,68400,S6,test,0.8181818127632141,0.5993265993265994
7,68400,S7,test,0.8181818127632141,0.7410256410256411
7,68400,S8,test,0.6363636255264282,0.5047619047619047
7,68400,S9,test,1.0,1.0
7,69300,S11,test,1.0,1.0
7,69300,S13,test,0.6363636255264282,0.4696969696969697
7,69300,S15,test,0.7272727489471436,0.5421245421245421
7,69300,S16,test,0.9090909361839294,0.9076923076923077
7,69300,S3,test,0.8181818127632141,0.5576923076923077
7,69300,S5,test,0.8181818127632141,0.5696969696969697
7,69300,S6,test,0.7272727489471436,0.5277777777777778
7,69300,S7,test,0.8181818127632141,0.7410256410256411
7,69300,S8,test,0.7272727489471436,0.6897435897435898
7,69300,S9,test,1.0,1.0
7,70200,S11,test,1.0,1.0
7,70200,S13,test,0.6363636255264282,0.4696969696969697
7,70200,S15,test,0.7272727489471436,0.5277777777777778
7,70200,S16,test,0.9090909361839294,0.9076923076923077
7,70200,S3,test,0.8181818127632141,0.5714285714285714
7,70200,S5,test,0.7272727489471436,0.5090909090909091
7,70200,S6,test,0.7272727489471436,0.5277777777777778
7,70200,S7,test,0.8181818127632141,0.7410256410256411
7,70200,S8,test,0.4545454680919647,0.20833333333333334
7,70200,S9,test,1.0,1.0
7,71100,S11,test,1.0,1.0
7,71100,S13,test,0.6363636255264282,0.4696969696969697
7,71100,S15,test,0.7272727489471436,0.5277777777777778
7,71100,S16,test,0.9090909361839294,0.9076923076923077
7,71100,S3,test,0.8181818127632141,0.5714285714285714
7,71100,S5,test,0.8181818127632141,0.5696969696969697
7,71100,S6,test,0.7272727489471436,0.5277777777777778
7,71100,S7,test,0.7272727489471436,0.6076923076923078
7,71100,S8,test,0.6363636255264282,0.5047619047619047
7,71100,S9,test,1.0,1.0
7,72000,S11,test,1.0,1.0
7,72000,S13,test,0.6363636255264282,0.4696969696969697
7,72000,S15,test,0.7272727489471436,0.5421245421245421
7,72000,S16,test,0.9090909361839294,0.9076923076923077
7,72000,S3,test,0.8181818127632141,0.5714285714285714
7,72000,S5,test,0.7272727489471436,0.5090909090909091
7,72000,S6,test,0.8181818127632141,0.5993265993265994
7,72000,S7,test,0.7272727489471436,0.6076923076923078
7,72000,S8,test,0.5454545617103577,0.38888888888888884
7,72000,S9,test,1.0,1.0
7,72900,S11,test,1.0,1.0
7,72900,S13,test,0.6363636255264282,0.4696969696969697
7,72900,S15,test,0.7272727489471436,0.5277777777777778
7,72900,S16,test,0.9090909361839294,0.9076923076923077
7,72900,S3,test,0.8181818127632141,0.5576923076923077
7,72900,S5,test,0.7272727489471436,0.5090909090909091
7,72900,S6,test,0.8181818127632141,0.5993265993265994
7,72900,S7,test,0.7272727489471436,0.6076923076923078
7,72900,S8,test,0.7272727489471436,0.6897435897435898
7,72900,S9,test,1.0,1.0
7,73800,S11,test,1.0,1.0
7,73800,S13,test,0.6363636255264282,0.4696969696969697
7,73800,S15,test,0.8181818127632141,0.5993265993265994
7,73800,S16,test,0.9090909361839294,0.9076923076923077
7,73800,S3,test,0.8181818127632141,0.5714285714285714
7,73800,S5,test,0.8181818127632141,0.5696969696969697
7,73800,S6,test,0.8181818127632141,0.5993265993265994
7,73800,S7,test,0.7272727489471436,0.6076923076923078
7,73800,S8,test,0.7272727489471436,0.6897435897435898
7,73800,S9,test,1.0,1.0
7,74700,S11,test,1.0,1.0
7,74700,S13,test,0.6363636255264282,0.4696969696969697
7,74700,S15,test,0.7272727489471436,0.5277777777777778
7,74700,S16,test,0.9090909361839294,0.9076923076923077
7,74700,S3,test,0.8181818127632141,0.5714285714285714
7,74700,S5,test,0.7272727489471436,0.5090909090909091
7,74700,S6,test,0.8181818127632141,0.5993265993265994
7,74700,S7,test,0.8181818127632141,0.7410256410256411
7,74700,S8,test,0.7272727489471436,0.6897435897435898
7,74700,S9,test,1.0,1.0
7,75600,S11,test,1.0,1.0
7,75600,S13,test,0.6363636255264282,0.4696969696969697
7,75600,S15,test,0.7272727489471436,0.5277777777777778
7,75600,S16,test,0.9090909361839294,0.9076923076923077
7,75600,S3,test,0.7272727489471436,0.48888888888888893
7,75600,S5,test,0.8181818127632141,0.5696969696969697
7,75600,S6,test,0.8181818127632141,0.5993265993265994
7,75600,S7,test,0.7272727489471436,0.6076923076923078
7,75600,S8,test,0.7272727489471436,0.6897435897435898
7,75600,S9,test,1.0,1.0
7,76500,S11,test,1.0,1.0
7,76500,S13,test,0.6363636255264282,0.4696969696969697
7,76500,S15,test,0.7272727489471436,0.5277777777777778
7,76500,S16,test,0.9090909361839294,0.9076923076923077
7,76500,S3,test,0.8181818127632141,0.5576923076923077
7,76500,S5,test,0.7272727489471436,0.5090909090909091
7,76500,S6,test,0.7272727489471436,0.5530303030303031
7,76500,S7,test,0.8181818127632141,0.7222222222222222
7,76500,S8,test,0.7272727489471436,0.6897435897435898
7,76500,S9,test,1.0,1.0
7,77400,S11,test,1.0,1.0
7,77400,S13,test,0.6363636255264282,0.4696969696969697
7,77400,S15,test,0.7272727489471436,0.5277777777777778
7,77400,S16,test,0.9090909361839294,0.9076923076923077
7,77400,S3,test,0.8181818127632141,0.5714285714285714
7,77400,S5,test,0.7272727489471436,0.5090909090909091
7,77400,S6,test,0.8181818127632141,0.5993265993265994
7,77400,S7,test,0.7272727489471436,0.6076923076923078
7,77400,S8,test,0.7272727489471436,0.6897435897435898
7,77400,S9,test,0.9090909361839294,0.8857142857142857
7,78300,S11,test,1.0,1.0
7,78300,S13,test,0.6363636255264282,0.4696969696969697
7,78300,S15,test,0.7272727489471436,0.5277777777777778
7,78300,S16,test,0.9090909361839294,0.9076923076923077
7,78300,S3,test,0.8181818127632141,0.5714285714285714
7,78300,S5,test,0.8181818127632141,0.5696969696969697
7,78300,S6,test,0.8181818127632141,0.5993265993265994
7,78300,S7,test,0.7272727489471436,0.6076923076923078
7,78300,S8,test,0.7272727489471436,0.6897435897435898
7,78300,S9,test,1.0,1.0
7,79200,S11,test,1.0,1.0
7,79200,S13,test,0.6363636255264282,0.4696969696969697
7,79200,S15,test,0.7272727489471436,0.5277777777777778
7,79200,S16,test,0.9090909361839294,0.9076923076923077
7,79200,S3,test,0.8181818127632141,0.5714285714285714
7,79200,S5,test,0.7272727489471436,0.5090909090909091
7,79200,S6,test,0.8181818127632141,0.5993265993265994
7,79200,S7,test,0.7272727489471436,0.6076923076923078
7,79200,S8,test,0.4545454680919647,0.20833333333333334
7,79200,S9,test,1.0,1.0
7,80100,S11,test,1.0,1.0
7,80100,S13,test,0.7272727489471436,0.6601731601731601
7,80100,S15,test,0.7272727489471436,0.5277777777777778
7,80100,S16,test,0.9090909361839294,0.9076923076923077
7,80100,S3,test,0.8181818127632141,0.5714285714285714
7,80100,S5,test,0.7272727489471436,0.5333333333333333
7,80100,S6,test,0.8181818127632141,0.5993265993265994
7,80100,S7,test,0.8181818127632141,0.7410256410256411
7,80100,S8,test,0.7272727489471436,0.6897435897435898
7,80100,S9,test,0.9090909361839294,0.8857142857142857
7,81000,S11,test,1.0,1.0
7,81000,S13,test,0.6363636255264282,0.4696969696969697
7,81000,S15,test,0.7272727489471436,0.5277777777777778
7,81000,S16,test,0.9090909361839294,0.9076923076923077
7,81000,S3,test,0.8181818127632141,0.5576923076923077
7,81000,S5,test,0.7272727489471436,0.5333333333333333
7,81000,S6,test,0.7272727489471436,0.5277777777777778
7,81000,S7,test,0.7272727489471436,0.6076923076923078
7,81000,S8,test,0.5454545617103577,0.38888888888888884
7,81000,S9,test,0.9090909361839294,0.8857142857142857
7,81900,S11,test,1.0,1.0
7,81900,S13,test,0.7272727489471436,0.6601731601731601
7,81900,S15,test,0.7272727489471436,0.5277777777777778
7,81900,S16,test,0.9090909361839294,0.9076923076923077
7,81900,S3,test,0.8181818127632141,0.5714285714285714
7,81900,S5,test,0.7272727489471436,0.5333333333333333
7,81900,S6,test,0.8181818127632141,0.5993265993265994
7,81900,S7,test,0.7272727489471436,0.6076923076923078
7,81900,S8,test,0.7272727489471436,0.6897435897435898
7,81900,S9,test,1.0,1.0
7,82800,S11,test,1.0,1.0
7,82800,S13,test,0.6363636255264282,0.4696969696969697
7,82800,S15,test,0.7272727489471436,0.5277777777777778
7,82800,S16,test,0.9090909361839294,0.9076923076923077
7,82800,S3,test,0.8181818127632141,0.5714285714285714
7,82800,S5,test,0.7272727489471436,0.5090909090909091
7,82800,S6,test,0.8181818127632141,0.5993265993265994
7,82800,S7,test,0.7272727489471436,0.6076923076923078
7,82800,S8,test,0.7272727489471436,0.6897435897435898
7,82800,S9,test,1.0,1.0
7,83700,S11,test,1.0,1.0
7,83700,S13,test,0.6363636255264282,0.4696969696969697
7,83700,S15,test,0.7272727489471436,0.5277777777777778
7,83700,S16,test,0.9090909361839294,0.9076923076923077
7,83700,S3,test,0.8181818127632141,0.5576923076923077
7,83700,S5,test,0.7272727489471436,0.5333333333333333
7,83700,S6,test,0.8181818127632141,0.5993265993265994
7,83700,S7,test,0.7272727489471436,0.6076923076923078
7,83700,S8,test,0.8181818127632141,0.7777777777777778
7,83700,S9,test,1.0,1.0
7,84600,S11,test,1.0,1.0
7,84600,S13,test,0.6363636255264282,0.4696969696969697
7,84600,S15,test,0.8181818127632141,0.5993265993265994
7,84600,S16,test,0.9090909361839294,0.9076923076923077
7,84600,S3,test,0.8181818127632141,0.5576923076923077
7,84600,S5,test,0.7272727489471436,0.5090909090909091
7,84600,S6,test,0.8181818127632141,0.5993265993265994
7,84600,S7,test,0.7272727489471436,0.6076923076923078
7,84600,S8,test,0.6363636255264282,0.5714285714285715
7,84600,S9,test,0.9090909361839294,0.8857142857142857
7,85500,S11,test,1.0,1.0
7,85500,S13,test,0.5454545617103577,0.4148148148148148
7,85500,S15,test,0.7272727489471436,0.5277777777777778
7,85500,S16,test,0.9090909361839294,0.9076923076923077
7,85500,S3,test,0.8181818127632141,0.5714285714285714
7,85500,S5,test,0.8181818127632141,0.5696969696969697
7,85500,S6,test,0.8181818127632141,0.5993265993265994
7,85500,S7,test,0.8181818127632141,0.7222222222222222
7,85500,S8,test,0.7272727489471436,0.6897435897435898
7,85500,S9,test,1.0,1.0
7,86340,S11,test,1.0,1.0
7,86340,S13,test,0.6363636255264282,0.4696969696969697
7,86340,S15,test,0.7272727489471436,0.5277777777777778
7,86340,S16,test,0.9090909361839294,0.9076923076923077
7,86340,S3,test,0.8181818127632141,0.5714285714285714
7,86340,S5,test,0.8181818127632141,0.5696969696969697
7,86340,S6,test,0.8181818127632141,0.5993265993265994
7,86340,S7,test,0.8181818127632141,0.7222222222222222
7,86340,S8,test,0.7272727489471436,0.6897435897435898
7,86340,S9,test,1.0,1.0
129,0,S11,test,0.27272728085517883,0.14285714285714285
129,0,S13,test,0.3636363744735718,0.17777777777777778
129,0,S15,test,0.27272728085517883,0.14285714285714285
129,0,S16,test,0.1818181872367859,0.10256410256410257
129,0,S3,test,0.5454545617103577,0.3516483516483517
129,0,S5,test,0.0,0.0
129,0,S6,test,0.3636363744735718,0.25
129,0,S7,test,0.9090909361839294,0.6470588235294118
129,0,S8,test,0.09090909361839294,0.05555555555555555
129,0,S9,test,0.09090909361839294,0.05555555555555555
129,900,S11,test,0.4545454680919647,0.20833333333333334
129,900,S13,test,0.5454545617103577,0.23529411764705885
129,900,S15,test,0.6363636255264282,0.25925925925925924
129,900,S16,test,0.9090909361839294,0.6
129,900,S3,test,0.4545454680919647,0.2222222222222222
129,900,S5,test,0.8181818127632141,0.3
129,900,S6,test,0.4545454680919647,0.20833333333333334
129,900,S7,test,0.7272727489471436,0.2807017543859649
129,900,S8,test,0.6363636255264282,0.25925925925925924
129,900,S9,test,0.8181818127632141,0.3157894736842105
129,1800,S11,test,0.7272727489471436,0.5897435897435898
129,1800,S13,test,0.5454545617103577,0.23529411764705885
129,1800,S15,test,0.6363636255264282,0.25925925925925924
129,1800,S16,test,0.9090909361839294,0.6
129,1800,S3,test,0.4545454680919647,0.2222222222222222
129,1800,S5,test,0.8181818127632141,0.3157894736842105
129,1800,S6,test,0.4545454680919647,0.20833333333333334
129,1800,S7,test,0.9090909361839294,0.6470588235294118
129,1800,S8,test,0.6363636255264282,0.25925925925925924
129,1800,S9,test,0.8181818127632141,0.3
129,2700,S11,test,0.7272727489471436,0.5634920634920635
129,2700,S13,test,0.5454545617103577,0.23529411764705885
129,2700,S15,test,0.6363636255264282,0.25925925925925924
129,2700,S16,test,0.9090909361839294,0.6
129,2700,S3,test,0.6363636255264282,0.4468864468864469
129,2700,S5,test,0.8181818127632141,0.3333333333333333
129,2700,S6,test,0.4545454680919647,0.20833333333333334
129,2700,S7,test,0.9090909361839294,0.6470588235294118
129,2700,S8,test,0.6363636255264282,0.25925925925925924
129,2700,S9,test,0.8181818127632141,0.3
129,3600,S11,test,0.7272727489471436,0.5634920634920635
129,3600,S13,test,0.5454545617103577,0.23529411764705885
129,3600,S15,test,0.6363636255264282,0.25925925925925924
129,3600,S16,test,0.9090909361839294,0.6
129,3600,S3,test,0.7272727489471436,0.5277777777777778
129,3600,S5,test,0.8181818127632141,0.3333333333333333
129,3600,S6,test,0.5454545617103577,0.34920634920634924
129,3600,S7,test,0.9090909361839294,0.6470588235294118
129,3600,S8,test,0.7272727489471436,0.407843137254902
129,3600,S9,test,0.8181818127632141,0.3
129,4500,S11,test,0.7272727489471436,0.5634920634920635
129,4500,S13,test,0.5454545617103577,0.23529411764705885
129,4500,S15,test,0.6363636255264282,0.25925925925925924
129,4500,S16,test,0.9090909361839294,0.6
129,4500,S3,test,0.7272727489471436,0.5277777777777778
129,4500,S5,test,0.7272727489471436,0.3137254901960784
129,4500,S6,test,0.6363636255264282,0.4444444444444445
129,4500,S7,test,0.9090909361839294,0.6
129,4500,S8,test,0.8181818127632141,0.5138888888888888
129,4500,S9,test,0.8181818127632141,0.3
129,5400,S11,test,0.7272727489471436,0.5634920634920635
129,5400,S13,test,0.6363636255264282,0.3833333333333333
129,5400,S15,test,0.7272727489471436,0.4411764705882353
129,5400,S16,test,0.9090909361839294,0.6
129,5400,S3,test,0.7272727489471436,0.5277777777777778
129,5400,S5,test,0.8181818127632141,0.3333333333333333
129,5400,S6,test,0.6363636255264282,0.4444444444444445
129,5400,S7,test,0.9090909361839294,0.6
129,5400,S8,test,0.7272727489471436,0.407843137254902
129,5400,S9,test,0.9090909361839294,0.5555555555555555
129,6300,S11,test,0.7272727489471436,0.5634920634920635
129,6300,S13,test,0.6363636255264282,0.3833333333333333
129,6300,S15,test,0.7272727489471436,0.4411764705882353
129,6300,S16,test,0.9090909361839294,0.6
129,6300,S3,test,0.7272727489471436,0.5277777777777778
129,6300,S5,test,0.7272727489471436,0.3137254901960784
129,6300,S6,test,0.6363636255264282,0.4444444444444445
129,6300,S7,test,0.9090909361839294,0.6
129,6300,S8,test,0.7272727489471436,0.407843137254902
129,6300,S9,test,0.9090909361839294,0.5555555555555555
129,7200,S11,test,0.7272727489471436,0.5634920634920635
129,7200,S13,test,0.6363636255264282,0.3833333333333333
129,7200,S15,test,0.7272727489471436,0.4411764705882353
129,7200,S16,test,0.9090909361839294,0.6
129,7200,S3,test,0.7272727489471436,0.5277777777777778
129,7200,S5,test,0.7272727489471436,0.3137254901960784
129,7200,S6,test,0.6363636255264282,0.4444444444444445
129,7200,S7,test,0.9090909361839294,0.6
129,7200,S8,test,0.9090909361839294,0.5968253968253968
129,7200,S9,test,0.9090909361839294,0.5555555555555555
129,8100,S11,test,0.7272727489471436,0.5634920634920635
129,8100,S13,test,0.6363636255264282,0.3833333333333333
129,8100,S15,test,0.7272727489471436,0.4411764705882353
129,8100,S16,test,0.9090909361839294,0.6
129,8100,S3,test,0.8181818127632141,0.5993265993265994
129,8100,S5,test,0.7272727489471436,0.3137254901960784
129,8100,S6,test,0.6363636255264282,0.4444444444444445
129,8100,S7,test,0.9090909361839294,0.6
129,8100,S8,test,0.9090909361839294,0.5968253968253968
129,8100,S9,test,0.9090909361839294,0.5555555555555555
129,9000,S11,test,0.7272727489471436,0.5634920634920635
129,9000,S13,test,0.7272727489471436,0.48888888888888893
129,9000,S15,test,0.7272727489471436,0.4411764705882353
129,9000,S16,test,0.9090909361839294,0.6
129,9000,S3,test,0.8181818127632141,0.5993265993265994
129,9000,S5,test,0.7272727489471436,0.3137254901960784
129,9000,S6,test,0.6363636255264282,0.4444444444444445
129,9000,S7,test,0.9090909361839294,0.6
129,9000,S8,test,0.9090909361839294,0.5968253968253968
129,9000,S9,test,0.9090909361839294,0.5555555555555555
129,9900,S11,test,0.7272727489471436,0.5634920634920635
129,9900,S13,test,0.7272727489471436,0.48888888888888893
129,9900,S15,test,0.8181818127632141,0.5583333333333333
129,9900,S16,test,0.9090909361839294,0.6
129,9900,S3,test,0.8181818127632141,0.5993265993265994
129,9900,S5,test,0.8181818127632141,0.3333333333333333
129,9900,S6,test,0.6363636255264282,0.4444444444444445
129,9900,S7,test,0.9090909361839294,0.6
129,9900,S8,test,0.9090909361839294,0.5968253968253968
129,9900,S9,test,0.9090909361839294,0.5555555555555555
129,10800,S11,test,0.7272727489471436,0.5634920634920635
129,10800,S13,test,0.7272727489471436,0.48888888888888893
129,10800,S15,test,0.8181818127632141,0.5583333333333333
129,10800,S16,test,0.9090909361839294,0.6
129,10800,S3,test,0.8181818127632141,0.5993265993265994
129,10800,S5,test,0.7272727489471436,0.3137254901960784
129,10800,S6,test,0.6363636255264282,0.4444444444444445
129,10800,S7,test,0.9090909361839294,0.6
129,10800,S8,test,0.9090909361839294,0.5968253968253968
129,10800,S9,test,0.9090909361839294,0.5555555555555555
129,11700,S11,test,0.7272727489471436,0.5634920634920635
129,11700,S13,test,0.7272727489471436,0.48888888888888893
129,11700,S15,test,0.7272727489471436,0.4411764705882353
129,11700,S16,test,0.9090909361839294,0.6
129,11700,S3,test,0.8181818127632141,0.5993265993265994
129,11700,S5,test,0.7272727489471436,0.3137254901960784
129,11700,S6,test,0.6363636255264282,0.4444444444444445
129,11700,S7,test,0.9090909361839294,0.6
129,11700,S8,test,0.9090909361839294,0.5968253968253968
129,11700,S9,test,0.9090909361839294,0.5555555555555555
129,12600,S11,test,0.7272727489471436,0.5634920634920635
129,12600,S13,test,0.7272727489471436,0.4761904761904761
129,12600,S15,test,0.7272727489471436,0.4411764705882353
129,12600,S16,test,0.9090909361839294,0.6
129,12600,S3,test,0.8181818127632141,0.5993265993265994
129,12600,S5,test,0.7272727489471436,0.3137254901960784
129,12600,S6,test,0.6363636255264282,0.4444444444444445
129,12600,S7,test,0.9090909361839294,0.6
129,12600,S8,test,0.9090909361839294,0.5968253968253968
129,12600,S9,test,0.9090909361839294,0.5555555555555555
129,13500,S11,test,0.7272727489471436,0.5634920634920635
129,13500,S13,test,0.7272727489471436,0.48888888888888893
129,13500,S15,test,0.8181818127632141,0.5583333333333333
129,13500,S16,test,0.9090909361839294,0.6
129,13500,S3,test,0.8181818127632141,0.5993265993265994
129,13500,S5,test,0.8181818127632141,0.3333333333333333
129,13500,S6,test,0.6363636255264282,0.4444444444444445
129,13500,S7,test,0.9090909361839294,0.6
129,13500,S8,test,0.9090909361839294,0.5968253968253968
129,13500,S9,test,1.0,1.0
129,14400,S11,test,0.7272727489471436,0.5634920634920635
129,14400,S13,test,0.7272727489471436,0.48888888888888893
129,14400,S15,test,0.7272727489471436,0.4411764705882353
129,14400,S16,test,0.9090909361839294,0.6
129,14400,S3,test,0.8181818127632141,0.5993265993265994
129,14400,S5,test,0.7272727489471436,0.3137254901960784
129,14400,S6,test,0.6363636255264282,0.4444444444444445
129,14400,S7,test,0.9090909361839294,0.6
129,14400,S8,test,0.9090909361839294,0.5968253968253968
129,14400,S9,test,1.0,1.0
129,15300,S11,test,0.7272727489471436,0.5634920634920635
129,15300,S13,test,0.7272727489471436,0.48888888888888893
129,15300,S15,test,0.8181818127632141,0.5583333333333333
129,15300,S16,test,0.9090909361839294,0.6
129,15300,S3,test,0.8181818127632141,0.5993265993265994
129,15300,S5,test,0.7272727489471436,0.3137254901960784
129,15300,S6,test,0.6363636255264282,0.4444444444444445
129,15300,S7,test,0.9090909361839294,0.6
129,15300,S8,test,0.9090909361839294,0.5968253968253968
129,15300,S9,test,1.0,1.0
129,16200,S11,test,0.7272727489471436,0.5634920634920635
129,16200,S13,test,0.7272727489471436,0.48888888888888893
129,16200,S15,test,0.7272727489471436,0.4411764705882353
129,16200,S16,test,0.9090909361839294,0.6
129,16200,S3,test,0.8181818127632141,0.5993265993265994
129,16200,S5,test,0.7272727489471436,0.3137254901960784
129,16200,S6,test,0.6363636255264282,0.4444444444444445
129,16200,S7,test,0.9090909361839294,0.6
129,16200,S8,test,0.9090909361839294,0.5968253968253968
129,16200,S9,test,1.0,1.0
129,17100,S11,test,0.7272727489471436,0.5634920634920635
129,17100,S13,test,0.7272727489471436,0.4761904761904761
129,17100,S15,test,0.8181818127632141,0.5583333333333333
129,17100,S16,test,0.9090909361839294,0.6
129,17100,S3,test,0.8181818127632141,0.5993265993265994
129,17100,S5,test,0.7272727489471436,0.3137254901960784
129,17100,S6,test,0.6363636255264282,0.4444444444444445
129,17100,S7,test,0.9090909361839294,0.6
129,17100,S8,test,0.9090909361839294,0.5968253968253968
129,17100,S9,test,1.0,1.0
129,18000,S11,test,0.7272727489471436,0.5634920634920635
129,18000,S13,test,0.7272727489471436,0.48888888888888893
129,18000,S15,test,0.8181818127632141,0.5583333333333333
129,18000,S16,test,0.9090909361839294,0.6
129,18000,S3,test,0.8181818127632141,0.5993265993265994
129,18000,S5,test,0.7272727489471436,0.3137254901960784
129,18000,S6,test,0.6363636255264282,0.4444444444444445
129,18000,S7,test,0.9090909361839294,0.6
129,18000,S8,test,0.9090909361839294,0.5968253968253968
129,18000,S9,test,1.0,1.0
129,18900,S11,test,0.7272727489471436,0.5634920634920635
129,18900,S13,test,0.8181818127632141,0.5576923076923077
129,18900,S15,test,0.8181818127632141,0.5583333333333333
129,18900,S16,test,0.9090909361839294,0.6
129,18900,S3,test,0.8181818127632141,0.5993265993265994
129,18900,S5,test,0.7272727489471436,0.3137254901960784
129,18900,S6,test,0.6363636255264282,0.4444444444444445
129,18900,S7,test,0.9090909361839294,0.6
129,18900,S8,test,0.9090909361839294,0.5968253968253968
129,18900,S9,test,1.0,1.0
129,19800,S11,test,0.7272727489471436,0.5634920634920635
129,19800,S13,test,0.8181818127632141,0.5576923076923077
129,19800,S15,test,0.8181818127632141,0.5583333333333333
129,19800,S16,test,0.9090909361839294,0.6
129,19800,S3,test,0.8181818127632141,0.5993265993265994
129,19800,S5,test,0.7272727489471436,0.3137254901960784
129,19800,S6,test,0.6363636255264282,0.4444444444444445
129,19800,S7,test,0.9090909361839294,0.6
129,19800,S8,test,0.9090909361839294,0.5968253968253968
129,19800,S9,test,0.9090909361839294,0.869281045751634
129,20700,S11,test,0.7272727489471436,0.5634920634920635
129,20700,S13,test,0.8181818127632141,0.5576923076923077
129,20700,S15,test,0.8181818127632141,0.5583333333333333
129,20700,S16,test,0.9090909361839294,0.6
129,20700,S3,test,0.8181818127632141,0.5993265993265994
129,20700,S5,test,0.8181818127632141,0.3333333333333333
129,20700,S6,test,0.6363636255264282,0.4444444444444445
129,20700,S7,test,0.9090909361839294,0.6
129,20700,S8,test,0.9090909361839294,0.5968253968253968
129,20700,S9,test,1.0,1.0
129,21600,S11,test,0.7272727489471436,0.5634920634920635
129,21600,S13,test,0.8181818127632141,0.5576923076923077
129,21600,S15,test,0.8181818127632141,0.5583333333333333
129,21600,S16,test,0.9090909361839294,0.6
129,21600,S3,test,0.8181818127632141,0.5993265993265994
129,21600,S5,test,0.7272727489471436,0.3137254901960784
129,21600,S6,test,0.6363636255264282,0.4444444444444445
129,21600,S7,test,0.9090909361839294,0.6
129,21600,S8,test,0.9090909361839294,0.5968253968253968
129,21600,S9,test,1.0,1.0
129,22500,S11,test,0.7272727489471436,0.5634920634920635
129,22500,S13,test,0.8181818127632141,0.5576923076923077
129,22500,S15,test,0.8181818127632141,0.5583333333333333
129,22500,S16,test,0.9090909361839294,0.6
129,22500,S3,test,0.8181818127632141,0.5993265993265994
129,22500,S5,test,0.7272727489471436,0.3137254901960784
129,22500,S6,test,0.6363636255264282,0.4444444444444445
129,22500,S7,test,0.9090909361839294,0.6
129,22500,S8,test,0.9090909361839294,0.5968253968253968
129,22500,S9,test,0.9090909361839294,0.869281045751634
129,23400,S11,test,0.7272727489471436,0.5634920634920635
129,23400,S13,test,0.8181818127632141,0.5576923076923077
129,23400,S15,test,0.8181818127632141,0.5583333333333333
129,23400,S16,test,0.9090909361839294,0.6
129,23400,S3,test,0.8181818127632141,0.5993265993265994
129,23400,S5,test,0.8181818127632141,0.3333333333333333
129,23400,S6,test,0.6363636255264282,0.4444444444444445
129,23400,S7,test,0.9090909361839294,0.6
129,23400,S8,test,0.9090909361839294,0.5968253968253968
129,23400,S9,test,1.0,1.0
129,24300,S11,test,0.7272727489471436,0.5634920634920635
129,24300,S13,test,0.8181818127632141,0.5576923076923077
129,24300,S15,test,0.8181818127632141,0.5583333333333333
129,24300,S16,test,0.9090909361839294,0.6
129,24300,S3,test,0.8181818127632141,0.5993265993265994
129,24300,S5,test,0.7272727489471436,0.3137254901960784
129,24300,S6,test,0.6363636255264282,0.4444444444444445
129,24300,S7,test,0.9090909361839294,0.6
129,24300,S8,test,0.9090909361839294,0.5968253968253968
129,24300,S9,test,0.9090909361839294,0.869281045751634
129,25200,S11,test,0.7272727489471436,0.5634920634920635
129,25200,S13,test,0.8181818127632141,0.5576923076923077
129,25200,S15,test,0.7272727489471436,0.4411764705882353
129,25200,S16,test,0.9090909361839294,0.6
129,25200,S3,test,0.8181818127632141,0.5993265993265994
129,25200,S5,test,0.7272727489471436,0.3137254901960784
129,25200,S6,test,0.6363636255264282,0.4444444444444445
129,25200,S7,test,0.9090909361839294,0.6
129,25200,S8,test,0.9090909361839294,0.5968253968253968
129,25200,S9,test,1.0,1.0
129,26100,S11,test,0.7272727489471436,0.5634920634920635
129,26100,S13,test,0.8181818127632141,0.5576923076923077
129,26100,S15,test,0.8181818127632141,0.5583333333333333
129,26100,S16,test,0.9090909361839294,0.6
129,26100,S3,test,0.8181818127632141,0.5993265993265994
129,26100,S5,test,0.8181818127632141,0.3333333333333333
129,26100,S6,test,0.6363636255264282,0.4444444444444445
129,26100,S7,test,0.9090909361839294,0.6
129,26100,S8,test,0.9090909361839294,0.5968253968253968
129,26100,S9,test,0.9090909361839294,0.869281045751634
129,27000,S11,test,0.7272727489471436,0.5634920634920635
129,27000,S13,test,0.7272727489471436,0.48888888888888893
129,27000,S15,test,0.8181818127632141,0.5583333333333333
129,27000,S16,test,0.9090909361839294,0.6
129,27000,S3,test,0.8181818127632141,0.5993265993265994
129,27000,S5,test,0.7272727489471436,0.3137254901960784
129,27000,S6,test,0.6363636255264282,0.4444444444444445
129,27000,S7,test,0.9090909361839294,0.6
129,27000,S8,test,0.9090909361839294,0.5968253968253968
129,27000,S9,test,1.0,1.0
129,27900,S11,test,0.7272727489471436,0.5634920634920635
129,27900,S13,test,0.8181818127632141,0.5714285714285714
129,27900,S15,test,0.8181818127632141,0.5583333333333333
129,27900,S16,test,0.9090909361839294,0.6
129,27900,S3,test,0.8181818127632141,0.5993265993265994
129,27900,S5,test,0.6363636255264282,0.2916666666666667
129,27900,S6,test,0.6363636255264282,0.4444444444444445
129,27900,S7,test,0.9090909361839294,0.6
129,27900,S8,test,0.9090909361839294,0.5968253968253968
129,27900,S9,test,0.9090909361839294,0.869281045751634
129,28800,S11,test,0.7272727489471436,0.5634920634920635
129,28800,S13,test,0.8181818127632141,0.5576923076923077
129,28800,S15,test,0.8181818127632141,0.5583333333333333
129,28800,S16,test,0.9090909361839294,0.6
129,28800,S3,test,0.8181818127632141,0.5993265993265994
129,28800,S5,test,0.7272727489471436,0.3137254901960784
129,28800,S6,test,0.6363636255264282,0.4444444444444445
129,28800,S7,test,0.9090909361839294,0.6
129,28800,S8,test,0.9090909361839294,0.5968253968253968
129,28800,S9,test,0.9090909361839294,0.869281045751634
129,29700,S11,test,0.7272727489471436,0.5634920634920635
129,29700,S13,test,0.8181818127632141,0.5714285714285714
129,29700,S15,test,0.8181818127632141,0.5583333333333333
129,29700,S16,test,0.9090909361839294,0.6
129,29700,S3,test,0.8181818127632141,0.5993265993265994
129,29700,S5,test,0.9090909361839294,0.5555555555555555
129,29700,S6,test,0.6363636255264282,0.4444444444444445
129,29700,S7,test,0.9090909361839294,0.6
129,29700,S8,test,0.9090909361839294,0.5968253968253968
129,29700,S9,test,1.0,1.0
129,30600,S11,test,0.7272727489471436,0.5634920634920635
129,30600,S13,test,0.8181818127632141,0.5576923076923077
129,30600,S15,test,0.8181818127632141,0.5583333333333333
129,30600,S16,test,0.9090909361839294,0.6
129,30600,S3,test,0.8181818127632141,0.5993265993265994
129,30600,S5,test,0.7272727489471436,0.3137254901960784
129,30600,S6,test,0.6363636255264282,0.4444444444444445
129,30600,S7,test,0.9090909361839294,0.6
129,30600,S8,test,0.9090909361839294,0.5968253968253968
129,30600,S9,test,1.0,1.0
129,31500,S11,test,0.7272727489471436,0.5634920634920635
129,31500,S13,test,0.8181818127632141,0.5576923076923077
129,31500,S15,test,0.8181818127632141,0.5583333333333333
129,31500,S16,test,0.9090909361839294,0.6
129,31500,S3,test,0.8181818127632141,0.5993265993265994
129,31500,S5,test,0.7272727489471436,0.3137254901960784
129,31500,S6,test,0.6363636255264282,0.4444444444444445
129,31500,S7,test,0.9090909361839294,0.6
129,31500,S8,test,0.9090909361839294,0.5968253968253968
129,31500,S9,test,1.0,1.0
129,32400,S11,test,0.7272727489471436,0.5634920634920635
129,32400,S13,test,0.8181818127632141,0.5576923076923077
129,32400,S15,test,0.8181818127632141,0.5583333333333333
129,32400,S16,test,0.9090909361839294,0.6
129,32400,S3,test,0.8181818127632141,0.5993265993265994
129,32400,S5,test,0.7272727489471436,0.3137254901960784
129,32400,S6,test,0.6363636255264282,0.4444444444444445
129,32400,S7,test,0.9090909361839294,0.6
129,32400,S8,test,0.9090909361839294,0.5968253968253968
129,32400,S9,test,0.9090909361839294,0.869281045751634
129,33300,S11,test,0.7272727489471436,0.5634920634920635
129,33300,S13,test,0.8181818127632141,0.5576923076923077
129,33300,S15,test,0.8181818127632141,0.5583333333333333
129,33300,S16,test,0.9090909361839294,0.6
129,33300,S3,test,0.8181818127632141,0.5993265993265994
129,33300,S5,test,0.7272727489471436,0.3137254901960784
129,33300,S6,test,0.6363636255264282,0.4444444444444445
129,33300,S7,test,0.9090909361839294,0.6
129,33300,S8,test,0.9090909361839294,0.5968253968253968
129,33300,S9,test,0.9090909361839294,0.869281045751634
129,34200,S11,test,0.7272727489471436,0.5634920634920635
129,34200,S13,test,0.8181818127632141,0.5576923076923077
129,34200,S15,test,0.8181818127632141,0.5583333333333333
129,34200,S16,test,0.9090909361839294,0.6
129,34200,S3,test,0.8181818127632141,0.5993265993265994
129,34200,S5,test,0.7272727489471436,0.3137254901960784
129,34200,S6,test,0.6363636255264282,0.4444444444444445
129,34200,S7,test,0.9090909361839294,0.6
129,34200,S8,test,0.9090909361839294,0.5968253968253968
129,34200,S9,test,0.9090909361839294,0.869281045751634
129,35100,S11,test,0.7272727489471436,0.5634920634920635
129,35100,S13,test,0.8181818127632141,0.5576923076923077
129,35100,S15,test,0.8181818127632141,0.5583333333333333
129,35100,S16,test,0.9090909361839294,0.6
129,35100,S3,test,0.9090909361839294,0.8518518518518517
129,35100,S5,test,0.7272727489471436,0.3137254901960784
129,35100,S6,test,0.6363636255264282,0.4444444444444445
129,35100,S7,test,0.9090909361839294,0.6
129,35100,S8,test,0.9090909361839294,0.5968253968253968
129,35100,S9,test,0.9090909361839294,0.869281045751634
129,36000,S11,test,0.7272727489471436,0.5634920634920635
129,36000,S13,test,0.8181818127632141,0.5576923076923077
129,36000,S15,test,0.8181818127632141,0.5583333333333333
129,36000,S16,test,0.9090909361839294,0.6
129,36000,S3,test,0.8181818127632141,0.5993265993265994
129,36000,S5,test,0.7272727489471436,0.3137254901960784
129,36000,S6,test,0.6363636255264282,0.4444444444444445
129,36000,S7,test,0.9090909361839294,0.6
129,36000,S8,test,0.9090909361839294,0.5968253968253968
129,36000,S9,test,0.9090909361839294,0.869281045751634
129,36900,S11,test,0.7272727489471436,0.5634920634920635
129,36900,S13,test,0.8181818127632141,0.5576923076923077
129,36900,S15,test,0.8181818127632141,0.5583333333333333
129,36900,S16,test,0.9090909361839294,0.6
129,36900,S3,test,0.8181818127632141,0.5993265993265994
129,36900,S5,test,0.8181818127632141,0.4803921568627451
129,36900,S6,test,0.6363636255264282,0.4444444444444445
129,36900,S7,test,0.9090909361839294,0.6
129,36900,S8,test,0.9090909361839294,0.5968253968253968
129,36900,S9,test,1.0,1.0
129,37800,S11,test,0.7272727489471436,0.5634920634920635
129,37800,S13,test,0.8181818127632141,0.5576923076923077
129,37800,S15,test,0.8181818127632141,0.5583333333333333
129,37800,S16,test,0.9090909361839294,0.6
129,37800,S3,test,0.9090909361839294,0.8518518518518517
129,37800,S5,test,0.7272727489471436,0.3137254901960784
129,37800,S6,test,0.6363636255264282,0.4444444444444445
129,37800,S7,test,0.9090909361839294,0.6
129,37800,S8,test,0.9090909361839294,0.5968253968253968
129,37800,S9,test,0.9090909361839294,0.869281045751634
129,38700,S11,test,0.7272727489471436,0.5634920634920635
129,38700,S13,test,0.8181818127632141,0.5576923076923077
129,38700,S15,test,0.8181818127632141,0.5583333333333333
129,38700,S16,test,0.9090909361839294,0.6
129,38700,S3,test,0.9090909361839294,0.8518518518518517
129,38700,S5,test,0.7272727489471436,0.3137254901960784
129,38700,S6,test,0.6363636255264282,0.4444444444444445
129,38700,S7,test,0.9090909361839294,0.6
129,38700,S8,test,0.9090909361839294,0.5968253968253968
129,38700,S9,test,0.9090909361839294,0.869281045751634
129,39600,S11,test,0.7272727489471436,0.5634920634920635
129,39600,S13,test,0.8181818127632141,0.5714285714285714
129,39600,S15,test,0.8181818127632141,0.5583333333333333
129,39600,S16,test,0.9090909361839294,0.6
129,39600,S3,test,0.8181818127632141,0.5993265993265994
129,39600,S5,test,0.8181818127632141,0.4803921568627451
129,39600,S6,test,0.6363636255264282,0.4444444444444445
129,39600,S7,test,0.9090909361839294,0.6
129,39600,S8,test,0.9090909361839294,0.5968253968253968
129,39600,S9,test,1.0,1.0
129,40500,S11,test,0.7272727489471436,0.5634920634920635
129,40500,S13,test,0.8181818127632141,0.5714285714285714
129,40500,S15,test,0.8181818127632141,0.5583333333333333
129,40500,S16,test,0.9090909361839294,0.6
129,40500,S3,test,0.9090909361839294,0.8518518518518517
129,40500,S5,test,0.7272727489471436,0.3137254901960784
129,40500,S6,test,0.6363636255264282,0.4444444444444445
129,40500,S7,test,0.9090909361839294,0.6
129,40500,S8,test,0.9090909361839294,0.5968253968253968
129,40500,S9,test,0.9090909361839294,0.869281045751634
129,41400,S11,test,0.7272727489471436,0.5634920634920635
129,41400,S13,test,0.8181818127632141,0.5576923076923077
129,41400,S15,test,0.8181818127632141,0.5583333333333333
129,41400,S16,test,0.9090909361839294,0.6
129,41400,S3,test,0.9090909361839294,0.8518518518518517
129,41400,S5,test,0.7272727489471436,0.3137254901960784
129,41400,S6,test,0.6363636255264282,0.4444444444444445
129,41400,S7,test,0.9090909361839294,0.6
129,41400,S8,test,0.9090909361839294,0.5968253968253968
129,41400,S9,test,1.0,1.0
129,42300,S11,test,0.7272727489471436,0.5634920634920635
129,42300,S13,test,0.8181818127632141,0.5714285714285714
129,42300,S15,test,0.8181818127632141,0.5583333333333333
129,42300,S16,test,0.9090909361839294,0.6
129,42300,S3,test,0.8181818127632141,0.5993265993265994
129,42300,S5,test,0.7272727489471436,0.3137254901960784
129,42300,S6,test,0.6363636255264282,0.4444444444444445
129,42300,S7,test,0.9090909361839294,0.6
129,42300,S8,test,0.9090909361839294,0.5968253968253968
129,42300,S9,test,1.0,1.0
129,43200,S11,test,0.7272727489471436,0.5634920634920635
129,43200,S13,test,0.8181818127632141,0.5714285714285714
129,43200,S15,test,0.8181818127632141,0.5583333333333333
129,43200,S16,test,0.9090909361839294,0.6
129,43200,S3,test,0.8181818127632141,0.5993265993265994
129,43200,S5,test,0.6363636255264282,0.2916666666666667
129,43200,S6,test,0.6363636255264282,0.4444444444444445
129,43200,S7,test,0.9090909361839294,0.6
129,43200,S8,test,0.9090909361839294,0.5968253968253968
129,43200,S9,test,0.8181818127632141,0.7916666666666666
129,44100,S11,test,0.7272727489471436,0.5634920634920635
129,44100,S13,test,0.9090909361839294,0.6296296296296297
129,44100,S15,test,0.8181818127632141,0.5583333333333333
129,44100,S16,test,0.9090909361839294,0.6
129,44100,S3,test,0.9090909361839294,0.8518518518518517
129,44100,S5,test,0.7272727489471436,0.3137254901960784
129,44100,S6,test,0.6363636255264282,0.4444444444444445
129,44100,S7,test,0.9090909361839294,0.6
129,44100,S8,test,0.9090909361839294,0.5968253968253968
129,44100,S9,test,0.8181818127632141,0.7916666666666666
129,45000,S11,test,0.7272727489471436,0.5634920634920635
129,45000,S13,test,0.8181818127632141,0.5576923076923077
129,45000,S15,test,0.8181818127632141,0.5583333333333333
129,45000,S16,test,0.9090909361839294,0.6
129,45000,S3,test,0.8181818127632141,0.5993265993265994
129,45000,S5,test,0.7272727489471436,0.3137254901960784
129,45000,S6,test,0.6363636255264282,0.4444444444444445
129,45000,S7,test,0.9090909361839294,0.6
129,45000,S8,test,0.9090909361839294,0.5968253968253968
129,45000,S9,test,0.8181818127632141,0.7916666666666666
129,45900,S11,test,0.7272727489471436,0.5634920634920635
129,45900,S13,test,0.8181818127632141,0.5576923076923077
129,45900,S15,test,0.8181818127632141,0.5333333333333333
129,45900,S16,test,0.9090909361839294,0.6
129,45900,S3,test,0.9090909361839294,0.8518518518518517
129,45900,S5,test,0.8181818127632141,0.4803921568627451
129,45900,S6,test,0.6363636255264282,0.4444444444444445
129,45900,S7,test,0.9090909361839294,0.6
129,45900,S8,test,0.9090909361839294,0.5968253968253968
129,45900,S9,test,1.0,1.0
129,46800,S11,test,0.7272727489471436,0.5634920634920635
129,46800,S13,test,0.9090909361839294,0.6296296296296297
129,46800,S15,test,0.8181818127632141,0.5583333333333333
129,46800,S16,test,0.9090909361839294,0.6
129,46800,S3,test,0.8181818127632141,0.5993265993265994
129,46800,S5,test,0.7272727489471436,0.3137254901960784
129,46800,S6,test,0.6363636255264282,0.4444444444444445
129,46800,S7,test,0.9090909361839294,0.6
129,46800,S8,test,0.9090909361839294,0.5968253968253968
129,46800,S9,test,1.0,1.0
129,47700,S11,test,0.7272727489471436,0.5634920634920635
129,47700,S13,test,0.8181818127632141,0.5576923076923077
129,47700,S15,test,0.8181818127632141,0.5583333333333333
129,47700,S16,test,0.9090909361839294,0.6
129,47700,S3,test,0.8181818127632141,0.5993265993265994
129,47700,S5,test,0.7272727489471436,0.3137254901960784
129,47700,S6,test,0.6363636255264282,0.4444444444444445
129,47700,S7,test,0.9090909361839294,0.6
129,47700,S8,test,0.9090909361839294,0.5968253968253968
129,47700,S9,test,1.0,1.0
129,48600,S11,test,0.7272727489471436,0.5634920634920635
129,48600,S13,test,0.9090909361839294,0.6296296296296297
129,48600,S15,test,0.8181818127632141,0.5583333333333333
129,48600,S16,test,0.9090909361839294,0.6
129,48600,S3,test,0.9090909361839294,0.8518518518518517
129,48600,S5,test,0.8181818127632141,0.4803921568627451
129,48600,S6,test,0.6363636255264282,0.4444444444444445
129,48600,S7,test,0.8181818127632141,0.5333333333333333
129,48600,S8,test,0.9090909361839294,0.5968253968253968
129,48600,S9,test,0.8181818127632141,0.7916666666666666
129,49500,S11,test,0.7272727489471436,0.5634920634920635
129,49500,S13,test,0.9090909361839294,0.6296296296296297
129,49500,S15,test,0.8181818127632141,0.5583333333333333
129,49500,S16,test,0.9090909361839294,0.6
129,49500,S3,test,0.9090909361839294,0.8518518518518517
129,49500,S5,test,0.7272727489471436,0.3137254901960784
129,49500,S6,test,0.6363636255264282,0.4444444444444445
129,49500,S7,test,0.9090909361839294,0.6
129,49500,S8,test,0.9090909361839294,0.5968253968253968
129,49500,S9,test,0.8181818127632141,0.7916666666666666
129,50400,S11,test,0.7272727489471436,0.5634920634920635
129,50400,S13,test,0.9090909361839294,0.6296296296296297
129,50400,S15,test,0.8181818127632141,0.5583333333333333
129,50400,S16,test,0.9090909361839294,0.6
129,50400,S3,test,0.8181818127632141,0.5993265993265994
129,50400,S5,test,0.7272727489471436,0.3137254901960784
129,50400,S6,test,0.6363636255264282,0.4444444444444445
129,50400,S7,test,0.9090909361839294,0.6
129,50400,S8,test,0.9090909361839294,0.5968253968253968
129,50400,S9,test,0.8181818127632141,0.7916666666666666
129,51300,S11,test,0.7272727489471436,0.5634920634920635
129,51300,S13,test,0.9090909361839294,0.6296296296296297
129,51300,S15,test,0.8181818127632141,0.5583333333333333
129,51300,S16,test,0.9090909361839294,0.6
129,51300,S3,test,0.9090909361839294,0.8518518518518517
129,51300,S5,test,0.8181818127632141,0.4803921568627451
129,51300,S6,test,0.6363636255264282,0.4444444444444445
129,51300,S7,test,0.9090909361839294,0.6
129,51300,S8,test,0.9090909361839294,0.5968253968253968
129,51300,S9,test,0.9090909361839294,0.869281045751634
129,52200,S11,test,0.8181818127632141,0.7777777777777778
129,52200,S13,test,0.9090909361839294,0.6296296296296297
129,52200,S15,test,0.8181818127632141,0.5583333333333333
129,52200,S16,test,0.9090909361839294,0.6
129,52200,S3,test,0.9090909361839294,0.8518518518518517
129,52200,S5,test,0.8181818127632141,0.4803921568627451
129,52200,S6,test,0.6363636255264282,0.4444444444444445
129,52200,S7,test,0.9090909361839294,0.6
129,52200,S8,test,0.9090909361839294,0.5968253968253968
129,52200,S9,test,0.9090909361839294,0.869281045751634
129,53100,S11,test,0.7272727489471436,0.5634920634920635
129,53100,S13,test,0.9090909361839294,0.6296296296296297
129,53100,S15,test,0.8181818127632141,0.5583333333333333
129,53100,S16,test,0.9090909361839294,0.6
129,53100,S3,test,0.9090909361839294,0.8518518518518517
129,53100,S5,test,0.8181818127632141,0.4803921568627451
129,53100,S6,test,0.6363636255264282,0.4444444444444445
129,53100,S7,test,0.9090909361839294,0.6
129,53100,S8,test,0.9090909361839294,0.5968253968253968
129,53100,S9,test,0.9090909361839294,0.869281045751634
129,54000,S11,test,0.7272727489471436,0.5634920634920635
129,54000,S13,test,0.9090909361839294,0.6296296296296297
129,54000,S15,test,0.8181818127632141,0.5583333333333333
129,54000,S16,test,0.9090909361839294,0.6
129,54000,S3,test,0.9090909361839294,0.8518518518518517
129,54000,S5,test,0.8181818127632141,0.4803921568627451
129,54000,S6,test,0.6363636255264282,0.4444444444444445
129,54000,S7,test,0.9090909361839294,0.6
129,54000,S8,test,0.9090909361839294,0.5968253968253968
129,54000,S9,test,0.8181818127632141,0.7916666666666666
129,54900,S11,test,0.7272727489471436,0.5634920634920635
129,54900,S13,test,0.8181818127632141,0.5576923076923077
129,54900,S15,test,0.8181818127632141,0.5583333333333333
129,54900,S16,test,0.9090909361839294,0.6
129,54900,S3,test,1.0,1.0
129,54900,S5,test,0.8181818127632141,0.4803921568627451
129,54900,S6,test,0.6363636255264282,0.4444444444444445
129,54900,S7,test,0.9090909361839294,0.6
129,54900,S8,test,0.9090909361839294,0.5968253968253968
129,54900,S9,test,0.8181818127632141,0.7916666666666666
129,55800,S11,test,0.7272727489471436,0.5634920634920635
129,55800,S13,test,0.8181818127632141,0.5576923076923077
129,55800,S15,test,0.8181818127632141,0.5583333333333333
129,55800,S16,test,0.9090909361839294,0.6
129,55800,S3,test,0.9090909361839294,0.8518518518518517
129,55800,S5,test,0.7272727489471436,0.425
129,55800,S6,test,0.6363636255264282,0.4444444444444445
129,55800,S7,test,0.9090909361839294,0.6
129,55800,S8,test,0.9090909361839294,0.5968253968253968
129,55800,S9,test,0.8181818127632141,0.7916666666666666
129,56700,S11,test,0.8181818127632141,0.7777777777777778
129,56700,S13,test,0.9090909361839294,0.6296296296296297
129,56700,S15,test,0.8181818127632141,0.5583333333333333
129,56700,S16,test,0.9090909361839294,0.6
129,56700,S3,test,0.9090909361839294,0.8518518518518517
129,56700,S5,test,0.8181818127632141,0.4803921568627451
129,56700,S6,test,0.6363636255264282,0.4444444444444445
129,56700,S7,test,0.9090909361839294,0.6
129,56700,S8,test,0.9090909361839294,0.5968253968253968
129,56700,S9,test,0.8181818127632141,0.7916666666666666
129,57600,S11,test,0.7272727489471436,0.5634920634920635
129,57600,S13,test,0.9090909361839294,0.6296296296296297
129,57600,S15,test,0.8181818127632141,0.5583333333333333
129,57600,S16,test,0.9090909361839294,0.6
129,57600,S3,test,1.0,1.0
129,57600,S5,test,0.7272727489471436,0.3137254901960784
129,57600,S6,test,0.6363636255264282,0.4444444444444445
129,57600,S7,test,0.9090909361839294,0.6
129,57600,S8,test,0.9090909361839294,0.5968253968253968
129,57600,S9,test,1.0,1.0
129,58500,S11,test,0.8181818127632141,0.7777777777777778
129,58500,S13,test,0.8181818127632141,0.5576923076923077
129,58500,S15,test,0.8181818127632141,0.5583333333333333
129,58500,S16,test,0.9090909361839294,0.6
129,58500,S3,test,0.9090909361839294,0.8518518518518517
129,58500,S5,test,0.7272727489471436,0.3137254901960784
129,58500,S6,test,0.6363636255264282,0.4444444444444445
129,58500,S7,test,0.9090909361839294,0.6
129,58500,S8,test,0.9090909361839294,0.5968253968253968
129,58500,S9,test,0.8181818127632141,0.7916666666666666
129,59400,S11,test,0.8181818127632141,0.7777777777777778
129,59400,S13,test,0.8181818127632141,0.5714285714285714
129,59400,S15,test,0.8181818127632141,0.5583333333333333
129,59400,S16,test,0.9090909361839294,0.6
129,59400,S3,test,1.0,1.0
129,59400,S5,test,0.7272727489471436,0.425
129,59400,S6,test,0.6363636255264282,0.4444444444444445
129,59400,S7,test,0.9090909361839294,0.6
129,59400,S8,test,0.9090909361839294,0.5968253968253968
129,59400,S9,test,1.0,1.0
129,60300,S11,test,0.8181818127632141,0.7777777777777778
129,60300,S13,test,0.9090909361839294,0.6296296296296297
129,60300,S15,test,0.8181818127632141,0.5583333333333333
129,60300,S16,test,0.9090909361839294,0.6
129,60300,S3,test,1.0,1.0
129,60300,S5,test,0.8181818127632141,0.4803921568627451
129,60300,S6,test,0.6363636255264282,0.4444444444444445
129,60300,S7,test,0.9090909361839294,0.6
129,60300,S8,test,0.9090909361839294,0.5968253968253968
129,60300,S9,test,0.9090909361839294,0.869281045751634
129,61200,S11,test,0.8181818127632141,0.7777777777777778
129,61200,S13,test,0.8181818127632141,0.5576923076923077
129,61200,S15,test,0.8181818127632141,0.5583333333333333
129,61200,S16,test,0.9090909361839294,0.6
129,61200,S3,test,1.0,1.0
129,61200,S5,test,0.8181818127632141,0.4803921568627451
129,61200,S6,test,0.6363636255264282,0.4444444444444445
129,61200,S7,test,0.9090909361839294,0.6
129,61200,S8,test,0.9090909361839294,0.5968253968253968
129,61200,S9,test,0.8181818127632141,0.7916666666666666
129,62100,S11,test,0.8181818127632141,0.7777777777777778
129,62100,S13,test,0.9090909361839294,0.6296296296296297
129,62100,S15,test,0.8181818127632141,0.5583333333333333
129,62100,S16,test,0.9090909361839294,0.6
129,62100,S3,test,1.0,1.0
129,62100,S5,test,0.8181818127632141,0.4803921568627451
129,62100,S6,test,0.6363636255264282,0.4444444444444445
129,62100,S7,test,0.9090909361839294,0.6
129,62100,S8,test,0.9090909361839294,0.5968253968253968
129,62100,S9,test,0.8181818127632141,0.7916666666666666
129,63000,S11,test,0.8181818127632141,0.7777777777777778
129,63000,S13,test,0.9090909361839294,0.6296296296296297
129,63000,S15,test,0.8181818127632141,0.5583333333333333
129,63000,S16,test,0.9090909361839294,0.6
129,63000,S3,test,1.0,1.0
129,63000,S5,test,0.8181818127632141,0.4803921568627451
129,63000,S6,test,0.6363636255264282,0.4444444444444445
129,63000,S7,test,0.9090909361839294,0.6
129,63000,S8,test,0.9090909361839294,0.5968253968253968
129,63000,S9,test,1.0,1.0
129,63900,S11,test,0.8181818127632141,0.7777777777777778
129,63900,S13,test,0.9090909361839294,0.6296296296296297
129,63900,S15,test,0.8181818127632141,0.5583333333333333
129,63900,S16,test,0.9090909361839294,0.6
129,63900,S3,test,1.0,1.0
129,63900,S5,test,0.8181818127632141,0.4803921568627451
129,63900,S6,test,0.6363636255264282,0.4444444444444445
129,63900,S7,test,0.9090909361839294,0.6
129,63900,S8,test,0.9090909361839294,0.5968253968253968
129,63900,S9,test,0.8181818127632141,0.7916666666666666
129,64800,S11,test,0.7272727489471436,0.5634920634920635
129,64800,S13,test,0.9090909361839294,0.6296296296296297
129,64800,S15,test,0.8181818127632141,0.5583333333333333
129,64800,S16,test,0.9090909361839294,0.6
129,64800,S3,test,1.0,1.0
129,64800,S5,test,0.7272727489471436,0.3137254901960784
129,64800,S6,test,0.6363636255264282,0.4444444444444445
129,64800,S7,test,0.9090909361839294,0.6
129,64800,S8,test,0.9090909361839294,0.5968253968253968
129,64800,S9,test,0.8181818127632141,0.7916666666666666
129,65700,S11,test,0.8181818127632141,0.7777777777777778
129,65700,S13,test,0.9090909361839294,0.6296296296296297
129,65700,S15,test,0.8181818127632141,0.5583333333333333
129,65700,S16,test,0.9090909361839294,0.6
129,65700,S3,test,1.0,1.0
129,65700,S5,test,0.8181818127632141,0.4803921568627451
129,65700,S6,test,0.6363636255264282,0.4444444444444445
129,65700,S7,test,0.9090909361839294,0.6
129,65700,S8,test,0.9090909361839294,0.5968253968253968
129,65700,S9,test,0.8181818127632141,0.7916666666666666
129,66600,S11,test,0.8181818127632141,0.7777777777777778
129,66600,S13,test,0.9090909361839294,0.6296296296296297
129,66600,S15,test,0.8181818127632141,0.5583333333333333
129,66600,S16,test,0.9090909361839294,0.6
129,66600,S3,test,1.0,1.0
129,66600,S5,test,0.8181818127632141,0.4803921568627451
129,66600,S6,test,0.6363636255264282,0.4444444444444445
129,66600,S7,test,0.9090909361839294,0.6
129,66600,S8,test,0.9090909361839294,0.5968253968253968
129,66600,S9,test,0.8181818127632141,0.7916666666666666
129,67500,S11,test,0.8181818127632141,0.7777777777777778
129,67500,S13,test,0.8181818127632141,0.5576923076923077
129,67500,S15,test,0.8181818127632141,0.5583333333333333
129,67500,S16,test,0.9090909361839294,0.6
129,67500,S3,test,1.0,1.0
129,67500,S5,test,0.8181818127632141,0.4803921568627451
129,67500,S6,test,0.6363636255264282,0.4444444444444445
129,67500,S7,test,0.9090909361839294,0.6
129,67500,S8,test,0.9090909361839294,0.5968253968253968
129,67500,S9,test,0.8181818127632141,0.7916666666666666
129,68400,S11,test,0.8181818127632141,0.7777777777777778
129,68400,S13,test,0.9090909361839294,0.6296296296296297
129,68400,S15,test,0.8181818127632141,0.5583333333333333
129,68400,S16,test,0.9090909361839294,0.6
129,68400,S3,test,1.0,1.0
129,68400,S5,test,0.7272727489471436,0.425
129,68400,S6,test,0.6363636255264282,0.4444444444444445
129,68400,S7,test,0.9090909361839294,0.6
129,68400,S8,test,0.9090909361839294,0.5968253968253968
129,68400,S9,test,1.0,1.0
129,69300,S11,test,0.8181818127632141,0.7777777777777778
129,69300,S13,test,0.9090909361839294,0.6296296296296297
129,69300,S15,test,0.8181818127632141,0.5583333333333333
129,69300,S16,test,0.9090909361839294,0.6
129,69300,S3,test,1.0,1.0
129,69300,S5,test,0.8181818127632141,0.4803921568627451
129,69300,S6,test,0.6363636255264282,0.4444444444444445
129,69300,S7,test,0.9090909361839294,0.6
129,69300,S8,test,0.9090909361839294,0.5968253968253968
129,69300,S9,test,1.0,1.0
129,70200,S11,test,0.7272727489471436,0.5634920634920635
129,70200,S13,test,0.8181818127632141,0.5576923076923077
129,70200,S15,test,0.8181818127632141,0.5583333333333333
129,70200,S16,test,0.9090909361839294,0.6
129,70200,S3,test,1.0,1.0
129,70200,S5,test,0.7272727489471436,0.425
129,70200,S6,test,0.6363636255264282,0.4444444444444445
129,70200,S7,test,0.9090909361839294,0.6
129,70200,S8,test,0.9090909361839294,0.5968253968253968
129,70200,S9,test,0.8181818127632141,0.7916666666666666
129,71100,S11,test,0.7272727489471436,0.5634920634920635
129,71100,S13,test,0.9090909361839294,0.6296296296296297
129,71100,S15,test,0.8181818127632141,0.5583333333333333
129,71100,S16,test,0.9090909361839294,0.6
129,71100,S3,test,1.0,1.0
129,71100,S5,test,0.7272727489471436,0.425
129,71100,S6,test,0.6363636255264282,0.4444444444444445
129,71100,S7,test,0.9090909361839294,0.6
129,71100,S8,test,0.9090909361839294,0.5968253968253968
129,71100,S9,test,1.0,1.0
129,72000,S11,test,0.8181818127632141,0.7777777777777778
129,72000,S13,test,0.9090909361839294,0.6296296296296297
129,72000,S15,test,0.8181818127632141,0.5583333333333333
129,72000,S16,test,0.9090909361839294,0.6
129,72000,S3,test,1.0,1.0
129,72000,S5,test,0.8181818127632141,0.4803921568627451
129,72000,S6,test,0.6363636255264282,0.4444444444444445
129,72000,S7,test,0.9090909361839294,0.6
129,72000,S8,test,0.9090909361839294,0.5968253968253968
129,72000,S9,test,0.8181818127632141,0.7916666666666666
129,72900,S11,test,0.8181818127632141,0.7777777777777778
129,72900,S13,test,0.9090909361839294,0.6296296296296297
129,72900,S15,test,0.8181818127632141,0.5583333333333333
129,72900,S16,test,0.9090909361839294,0.6
129,72900,S3,test,1.0,1.0
129,72900,S5,test,0.7272727489471436,0.3137254901960784
129,72900,S6,test,0.6363636255264282,0.4444444444444445
129,72900,S7,test,0.9090909361839294,0.6
129,72900,S8,test,0.9090909361839294,0.5968253968253968
129,72900,S9,test,1.0,1.0
129,73800,S11,test,0.8181818127632141,0.7777777777777778
129,73800,S13,test,0.9090909361839294,0.6296296296296297
129,73800,S15,test,0.8181818127632141,0.5583333333333333
129,73800,S16,test,0.9090909361839294,0.6
129,73800,S3,test,1.0,1.0
129,73800,S5,test,0.7272727489471436,0.3137254901960784
129,73800,S6,test,0.6363636255264282,0.4444444444444445
129,73800,S7,test,0.9090909361839294,0.6
129,73800,S8,test,0.9090909361839294,0.5968253968253968
129,73800,S9,test,0.8181818127632141,0.7916666666666666
129,74700,S11,test,0.8181818127632141,0.7777777777777778
129,74700,S13,test,0.9090909361839294,0.6296296296296297
129,74700,S15,test,0.8181818127632141,0.5583333333333333
129,74700,S16,test,0.9090909361839294,0.6
129,74700,S3,test,1.0,1.0
129,74700,S5,test,0.8181818127632141,0.4803921568627451
129,74700,S6,test,0.6363636255264282,0.4444444444444445
129,74700,S7,test,0.9090909361839294,0.6
129,74700,S8,test,0.9090909361839294,0.5968253968253968
129,74700,S9,test,0.8181818127632141,0.7916666666666666
129,75600,S11,test,0.8181818127632141,0.7777777777777778
129,75600,S13,test,0.9090909361839294,0.6296296296296297
129,75600,S15,test,0.8181818127632141,0.5583333333333333
129,75600,S16,test,0.9090909361839294,0.6
129,75600,S3,test,1.0,1.0
129,75600,S5,test,0.8181818127632141,0.4803921568627451
129,75600,S6,test,0.6363636255264282,0.4444444444444445
129,75600,S7,test,0.9090909361839294,0.6
129,75600,S8,test,0.9090909361839294,0.5968253968253968
129,75600,S9,test,0.8181818127632141,0.7916666666666666
129,76500,S11,test,0.8181818127632141,0.7777777777777778
129,76500,S13,test,0.9090909361839294,0.6296296296296297
129,76500,S15,test,0.8181818127632141,0.5583333333333333
129,76500,S16,test,0.9090909361839294,0.6
129,76500,S3,test,1.0,1.0
129,76500,S5,test,0.7272727489471436,0.425
129,76500,S6,test,0.6363636255264282,0.4444444444444445
129,76500,S7,test,0.9090909361839294,0.6
129,76500,S8,test,0.9090909361839294,0.5968253968253968
129,76500,S9,test,0.8181818127632141,0.7916666666666666
129,77400,S11,test,0.8181818127632141,0.7777777777777778
129,77400,S13,test,0.9090909361839294,0.6296296296296297
129,77400,S15,test,0.8181818127632141,0.5583333333333333
129,77400,S16,test,0.9090909361839294,0.6
129,77400,S3,test,1.0,1.0
129,77400,S5,test,0.8181818127632141,0.4803921568627451
129,77400,S6,test,0.8181818127632141,0.6
129,77400,S7,test,0.9090909361839294,0.6
129,77400,S8,test,0.9090909361839294,0.5968253968253968
129,77400,S9,test,0.8181818127632141,0.7916666666666666
129,78300,S11,test,0.8181818127632141,0.7777777777777778
129,78300,S13,test,0.8181818127632141,0.5714285714285714
129,78300,S15,test,0.8181818127632141,0.5583333333333333
129,78300,S16,test,0.9090909361839294,0.6
129,78300,S3,test,1.0,1.0
129,78300,S5,test,0.6363636255264282,0.2916666666666667
129,78300,S6,test,0.6363636255264282,0.4444444444444445
129,78300,S7,test,0.9090909361839294,0.6
129,78300,S8,test,0.9090909361839294,0.5968253968253968
129,78300,S9,test,1.0,1.0
129,79200,S11,test,0.8181818127632141,0.7777777777777778
129,79200,S13,test,0.8181818127632141,0.5576923076923077
129,79200,S15,test,0.8181818127632141,0.5583333333333333
129,79200,S16,test,0.9090909361839294,0.6
129,79200,S3,test,1.0,1.0
129,79200,S5,test,0.8181818127632141,0.4803921568627451
129,79200,S6,test,0.6363636255264282,0.4444444444444445
129,79200,S7,test,0.9090909361839294,0.6
129,79200,S8,test,0.9090909361839294,0.5968253968253968
129,79200,S9,test,1.0,1.0
129,80100,S11,test,0.8181818127632141,0.7777777777777778
129,80100,S13,test,0.9090909361839294,0.6296296296296297
129,80100,S15,test,0.8181818127632141,0.5583333333333333
129,80100,S16,test,0.9090909361839294,0.6
129,80100,S3,test,1.0,1.0
129,80100,S5,test,0.8181818127632141,0.4803921568627451
129,80100,S6,test,0.6363636255264282,0.4444444444444445
129,80100,S7,test,0.9090909361839294,0.6
129,80100,S8,test,0.9090909361839294,0.5968253968253968
129,80100,S9,test,0.8181818127632141,0.7916666666666666
129,81000,S11,test,0.8181818127632141,0.7777777777777778
129,81000,S13,test,0.9090909361839294,0.6296296296296297
129,81000,S15,test,0.8181818127632141,0.5583333333333333
129,81000,S16,test,0.9090909361839294,0.6
129,81000,S3,test,1.0,1.0
129,81000,S5,test,0.8181818127632141,0.4803921568627451
129,81000,S6,test,0.6363636255264282,0.4444444444444445
129,81000,S7,test,0.9090909361839294,0.6
129,81000,S8,test,0.9090909361839294,0.5968253968253968
129,81000,S9,test,0.8181818127632141,0.7916666666666666
129,81900,S11,test,0.8181818127632141,0.7777777777777778
129,81900,S13,test,0.9090909361839294,0.6296296296296297
129,81900,S15,test,0.8181818127632141,0.5583333333333333
129,81900,S16,test,0.9090909361839294,0.6
129,81900,S3,test,1.0,1.0
129,81900,S5,test,0.7272727489471436,0.425
129,81900,S6,test,0.6363636255264282,0.4444444444444445
129,81900,S7,test,0.9090909361839294,0.6
129,81900,S8,test,0.9090909361839294,0.5968253968253968
129,81900,S9,test,0.8181818127632141,0.7916666666666666
129,82800,S11,test,0.8181818127632141,0.7777777777777778
129,82800,S13,test,0.9090909361839294,0.6296296296296297
129,82800,S15,test,0.8181818127632141,0.5583333333333333
129,82800,S16,test,0.9090909361839294,0.6
129,82800,S3,test,1.0,1.0
129,82800,S5,test,0.8181818127632141,0.4803921568627451
129,82800,S6,test,0.8181818127632141,0.6
129,82800,S7,test,0.9090909361839294,0.6
129,82800,S8,test,0.9090909361839294,0.5968253968253968
129,82800,S9,test,0.8181818127632141,0.7916666666666666
129,83700,S11,test,0.8181818127632141,0.7777777777777778
129,83700,S13,test,0.9090909361839294,0.9267399267399267
129,83700,S15,test,0.8181818127632141,0.5583333333333333
129,83700,S16,test,0.9090909361839294,0.6
129,83700,S3,test,1.0,1.0
129,83700,S5,test,0.7272727489471436,0.425
129,83700,S6,test,0.7272727489471436,0.5252525252525252
129,83700,S7,test,0.9090909361839294,0.6
129,83700,S8,test,0.9090909361839294,0.5968253968253968
129,83700,S9,test,0.8181818127632141,0.7916666666666666
129,84600,S11,test,0.8181818127632141,0.7777777777777778
129,84600,S13,test,0.9090909361839294,0.6296296296296297
129,84600,S15,test,0.8181818127632141,0.5583333333333333
129,84600,S16,test,0.9090909361839294,0.6
129,84600,S3,test,1.0,1.0
129,84600,S5,test,0.8181818127632141,0.4803921568627451
129,84600,S6,test,0.6363636255264282,0.4444444444444445
129,84600,S7,test,0.9090909361839294,0.6
129,84600,S8,test,0.9090909361839294,0.5968253968253968
129,84600,S9,test,1.0,1.0
129,85500,S11,test,0.8181818127632141,0.7777777777777778
129,85500,S13,test,0.8181818127632141,0.5714285714285714
129,85500,S15,test,0.8181818127632141,0.5583333333333333
129,85500,S16,test,0.9090909361839294,0.6
129,85500,S3,test,1.0,1.0
129,85500,S5,test,0.8181818127632141,0.4803921568627451
129,85500,S6,test,0.7272727489471436,0.5252525252525252
129,85500,S7,test,0.9090909361839294,0.6
129,85500,S8,test,0.9090909361839294,0.5968253968253968
129,85500,S9,test,0.8181818127632141,0.7916666666666666
129,86340,S11,test,0.8181818127632141,0.7777777777777778
129,86340,S13,test,0.9090909361839294,0.6296296296296297
129,86340,S15,test,0.8181818127632141,0.5583333333333333
129,86340,S16,test,0.9090909361839294,0.6
129,86340,S3,test,1.0,1.0
129,86340,S5,test,0.8181818127632141,0.4803921568627451
129,86340,S6,test,0.6363636255264282,0.4444444444444445
129,86340,S7,test,0.9090909361839294,0.6
129,86340,S8,test,0.9090909361839294,0.5968253968253968
129,86340,S9,test,0.8181818127632141,0.7916666666666666
56,0,S11,test,0.27272728085517883,0.14285714285714285
56,0,S13,test,0.09090909361839294,0.05555555555555555
56,0,S15,test,0.0,0.0
56,0,S16,test,0.7272727489471436,0.4444444444444445
56,0,S3,test,0.1818181872367859,0.10256410256410257
56,0,S5,test,0.7272727489471436,0.6796296296296296
56,0,S6,test,0.5454545617103577,0.41111111111111115
56,0,S7,test,0.09090909361839294,0.06060606060606061
56,0,S8,test,0.09090909361839294,0.05555555555555555
56,0,S9,test,0.27272728085517883,0.14285714285714285
56,900,S11,test,0.3636363744735718,0.17777777777777778
56,900,S13,test,0.7272727489471436,0.2807017543859649
56,900,S15,test,0.5454545617103577,0.23529411764705885
56,900,S16,test,0.7272727489471436,0.2807017543859649
56,900,S3,test,0.6363636255264282,0.4000000000000001
56,900,S5,test,0.7272727489471436,0.5421245421245421
56,900,S6,test,0.4545454680919647,0.20833333333333334
56,900,S7,test,0.6363636255264282,0.25925925925925924
56,900,S8,test,0.5454545617103577,0.23529411764705885
56,900,S9,test,0.6363636255264282,0.25925925925925924
56,1800,S11,test,0.5454545617103577,0.42735042735042733
56,1800,S13,test,0.7272727489471436,0.2807017543859649
56,1800,S15,test,0.5454545617103577,0.23529411764705885
56,1800,S16,test,0.7272727489471436,0.2807017543859649
56,1800,S3,test,0.5454545617103577,0.34920634920634924
56,1800,S5,test,0.8181818127632141,0.6
56,1800,S6,test,0.5454545617103577,0.3333333333333333
56,1800,S7,test,0.6363636255264282,0.25925925925925924
56,1800,S8,test,0.5454545617103577,0.23529411764705885
56,1800,S9,test,0.6363636255264282,0.25925925925925924
56,2700,S11,test,0.6363636255264282,0.5079365079365079
56,2700,S13,test,0.7272727489471436,0.2807017543859649
56,2700,S15,test,0.8181818127632141,0.5357142857142857
56,2700,S16,test,0.9090909361839294,0.6470588235294118
56,2700,S3,test,0.5454545617103577,0.34920634920634924
56,2700,S5,test,0.8181818127632141,0.6
56,2700,S6,test,0.5454545617103577,0.3333333333333333
56,2700,S7,test,0.6363636255264282,0.2745098039215686
56,2700,S8,test,0.5454545617103577,0.23529411764705885
56,2700,S9,test,0.6363636255264282,0.25925925925925924
56,3600,S11,test,0.7272727489471436,0.5757575757575758
56,3600,S13,test,0.7272727489471436,0.2807017543859649
56,3600,S15,test,0.6363636255264282,0.3611111111111111
56,3600,S16,test,0.9090909361839294,0.6470588235294118
56,3600,S3,test,0.5454545617103577,0.34920634920634924
56,3600,S5,test,0.8181818127632141,0.6
56,3600,S6,test,0.6363636255264282,0.4230769230769231
56,3600,S7,test,0.5454545617103577,0.25
56,3600,S8,test,0.5454545617103577,0.23529411764705885
56,3600,S9,test,0.6363636255264282,0.25925925925925924
56,4500,S11,test,0.7272727489471436,0.5757575757575758
56,4500,S13,test,0.9090909361839294,0.6
56,4500,S15,test,0.9090909361839294,0.603988603988604
56,4500,S16,test,0.9090909361839294,0.6470588235294118
56,4500,S3,test,0.6363636255264282,0.4468864468864469
56,4500,S5,test,0.8181818127632141,0.6
56,4500,S6,test,0.6363636255264282,0.4230769230769231
56,4500,S7,test,0.4545454680919647,0.2222222222222222
56,4500,S8,test,0.5454545617103577,0.23529411764705885
56,4500,S9,test,0.7272727489471436,0.5138888888888888
56,5400,S11,test,0.7272727489471436,0.5757575757575758
56,5400,S13,test,0.7272727489471436,0.2807017543859649
56,5400,S15,test,0.9090909361839294,0.603988603988604
56,5400,S16,test,0.9090909361839294,0.6470588235294118
56,5400,S3,test,0.7272727489471436,0.5277777777777778
56,5400,S5,test,0.8181818127632141,0.6
56,5400,S6,test,0.6363636255264282,0.4230769230769231
56,5400,S7,test,0.4545454680919647,0.2222222222222222
56,5400,S8,test,0.8181818127632141,0.6190476190476191
56,5400,S9,test,0.7272727489471436,0.6078431372549019
56,6300,S11,test,0.7272727489471436,0.5757575757575758
56,6300,S13,test,0.9090909361839294,0.6
56,6300,S15,test,0.9090909361839294,0.603988603988604
56,6300,S16,test,0.9090909361839294,0.6
56,6300,S3,test,0.7272727489471436,0.5277777777777778
56,6300,S5,test,0.8181818127632141,0.6
56,6300,S6,test,0.6363636255264282,0.4230769230769231
56,6300,S7,test,0.5454545617103577,0.37142857142857144
56,6300,S8,test,0.6363636255264282,0.4166666666666667
56,6300,S9,test,0.7272727489471436,0.5138888888888888
56,7200,S11,test,0.7272727489471436,0.5757575757575758
56,7200,S13,test,0.9090909361839294,0.6
56,7200,S15,test,0.9090909361839294,0.603988603988604
56,7200,S16,test,0.9090909361839294,0.6470588235294118
56,7200,S3,test,0.6363636255264282,0.4468864468864469
56,7200,S5,test,0.8181818127632141,0.6
56,7200,S6,test,0.6363636255264282,0.4230769230769231
56,7200,S7,test,0.4545454680919647,0.2222222222222222
56,7200,S8,test,0.7272727489471436,0.5333333333333333
56,7200,S9,test,0.7272727489471436,0.5138888888888888
56,8100,S11,test,0.7272727489471436,0.5757575757575758
56,8100,S13,test,0.9090909361839294,0.6
56,8100,S15,test,0.9090909361839294,0.603988603988604
56,8100,S16,test,0.9090909361839294,0.6470588235294118
56,8100,S3,test,0.6363636255264282,0.4468864468864469
56,8100,S5,test,0.8181818127632141,0.6
56,8100,S6,test,0.6363636255264282,0.4230769230769231
56,8100,S7,test,0.5454545617103577,0.37142857142857144
56,8100,S8,test,0.6363636255264282,0.4166666666666667
56,8100,S9,test,0.7272727489471436,0.5138888888888888
56,9000,S11,test,0.7272727489471436,0.5757575757575758
56,9000,S13,test,0.9090909361839294,0.6
56,9000,S15,test,0.9090909361839294,0.603988603988604
56,9000,S16,test,1.0,1.0
56,9000,S3,test,0.7272727489471436,0.5277777777777778
56,9000,S5,test,0.8181818127632141,0.6
56,9000,S6,test,0.6363636255264282,0.4230769230769231
56,9000,S7,test,0.5454545617103577,0.37142857142857144
56,9000,S8,test,0.7272727489471436,0.5333333333333333
56,9000,S9,test,0.7272727489471436,0.5138888888888888
56,9900,S11,test,0.7272727489471436,0.5757575757575758
56,9900,S13,test,0.9090909361839294,0.6
56,9900,S15,test,0.9090909361839294,0.603988603988604
56,9900,S16,test,0.9090909361839294,0.6470588235294118
56,9900,S3,test,0.7272727489471436,0.5277777777777778
56,9900,S5,test,0.8181818127632141,0.6
56,9900,S6,test,0.6363636255264282,0.4230769230769231
56,9900,S7,test,0.5454545617103577,0.25
56,9900,S8,test,0.8181818127632141,0.6190476190476191
56,9900,S9,test,0.7272727489471436,0.5138888888888888
56,10800,S11,test,0.7272727489471436,0.5757575757575758
56,10800,S13,test,0.9090909361839294,0.6
56,10800,S15,test,0.9090909361839294,0.603988603988604
56,10800,S16,test,1.0,1.0
56,10800,S3,test,0.7272727489471436,0.5252525252525252
56,10800,S5,test,0.8181818127632141,0.6
56,10800,S6,test,0.6363636255264282,0.4230769230769231
56,10800,S7,test,0.5454545617103577,0.37142857142857144
56,10800,S8,test,0.8181818127632141,0.6190476190476191
56,10800,S9,test,0.7272727489471436,0.5138888888888888
56,11700,S11,test,0.7272727489471436,0.5757575757575758
56,11700,S13,test,0.9090909361839294,0.6
56,11700,S15,test,0.9090909361839294,0.603988603988604
56,11700,S16,test,1.0,1.0
56,11700,S3,test,0.7272727489471436,0.5277777777777778
56,11700,S5,test,0.8181818127632141,0.6
56,11700,S6,test,0.6363636255264282,0.4230769230769231
56,11700,S7,test,0.5454545617103577,0.37142857142857144
56,11700,S8,test,0.8181818127632141,0.6190476190476191
56,11700,S9,test,0.7272727489471436,0.5138888888888888
56,12600,S11,test,0.7272727489471436,0.5757575757575758
56,12600,S13,test,0.9090909361839294,0.6
56,12600,S15,test,0.9090909361839294,0.603988603988604
56,12600,S16,test,0.9090909361839294,0.6470588235294118
56,12600,S3,test,0.7272727489471436,0.5252525252525252
56,12600,S5,test,0.8181818127632141,0.6
56,12600,S6,test,0.6363636255264282,0.4230769230769231
56,12600,S7,test,0.5454545617103577,0.37142857142857144
56,12600,S8,test,0.8181818127632141,0.6190476190476191
56,12600,S9,test,0.7272727489471436,0.5138888888888888
56,13500,S11,test,0.7272727489471436,0.5757575757575758
56,13500,S13,test,0.9090909361839294,0.6
56,13500,S15,test,0.9090909361839294,0.603988603988604
56,13500,S16,test,1.0,1.0
56,13500,S3,test,0.7272727489471436,0.5277777777777778
56,13500,S5,test,0.8181818127632141,0.6
56,13500,S6,test,0.6363636255264282,0.4230769230769231
56,13500,S7,test,0.5454545617103577,0.37142857142857144
56,13500,S8,test,0.8181818127632141,0.6190476190476191
56,13500,S9,test,0.7272727489471436,0.5138888888888888
56,14400,S11,test,0.7272727489471436,0.5757575757575758
56,14400,S13,test,0.9090909361839294,0.6
56,14400,S15,test,0.9090909361839294,0.603988603988604
56,14400,S16,test,1.0,1.0
56,14400,S3,test,0.7272727489471436,0.5277777777777778
56,14400,S5,test,0.8181818127632141,0.6
56,14400,S6,test,0.6363636255264282,0.4230769230769231
56,14400,S7,test,0.5454545617103577,0.37142857142857144
56,14400,S8,test,0.8181818127632141,0.6190476190476191
56,14400,S9,test,0.7272727489471436,0.5138888888888888
56,15300,S11,test,0.7272727489471436,0.5757575757575758
56,15300,S13,test,0.9090909361839294,0.6
56,15300,S15,test,0.9090909361839294,0.603988603988604
56,15300,S16,test,1.0,1.0
56,15300,S3,test,0.7272727489471436,0.5277777777777778
56,15300,S5,test,0.8181818127632141,0.6
56,15300,S6,test,0.6363636255264282,0.4230769230769231
56,15300,S7,test,0.5454545617103577,0.37142857142857144
56,15300,S8,test,0.8181818127632141,0.6190476190476191
56,15300,S9,test,0.7272727489471436,0.5138888888888888
56,16200,S11,test,0.7272727489471436,0.5757575757575758
56,16200,S13,test,0.9090909361839294,0.6
56,16200,S15,test,0.9090909361839294,0.603988603988604
56,16200,S16,test,0.9090909361839294,0.6470588235294118
56,16200,S3,test,0.7272727489471436,0.5277777777777778
56,16200,S5,test,0.8181818127632141,0.6
56,16200,S6,test,0.6363636255264282,0.4230769230769231
56,16200,S7,test,0.4545454680919647,0.2380952380952381
56,16200,S8,test,0.8181818127632141,0.6190476190476191
56,16200,S9,test,0.7272727489471436,0.5138888888888888
56,17100,S11,test,0.7272727489471436,0.5757575757575758
56,17100,S13,test,0.9090909361839294,0.6
56,17100,S15,test,0.9090909361839294,0.603988603988604
56,17100,S16,test,1.0,1.0
56,17100,S3,test,0.7272727489471436,0.5252525252525252
56,17100,S5,test,0.8181818127632141,0.6
56,17100,S6,test,0.6363636255264282,0.4230769230769231
56,17100,S7,test,0.4545454680919647,0.2380952380952381
56,17100,S8,test,0.8181818127632141,0.6190476190476191
56,17100,S9,test,0.8181818127632141,0.7000000000000001
56,18000,S11,test,0.7272727489471436,0.5757575757575758
56,18000,S13,test,0.9090909361839294,0.6
56,18000,S15,test,0.9090909361839294,0.603988603988604
56,18000,S16,test,1.0,1.0
56,18000,S3,test,0.7272727489471436,0.5277777777777778
56,18000,S5,test,0.8181818127632141,0.6
56,18000,S6,test,0.6363636255264282,0.4230769230769231
56,18000,S7,test,0.4545454680919647,0.2380952380952381
56,18000,S8,test,0.8181818127632141,0.6190476190476191
56,18000,S9,test,0.7272727489471436,0.5138888888888888
56,18900,S11,test,0.7272727489471436,0.5757575757575758
56,18900,S13,test,0.9090909361839294,0.6
56,18900,S15,test,0.9090909361839294,0.603988603988604
56,18900,S16,test,1.0,1.0
56,18900,S3,test,0.7272727489471436,0.5277777777777778
56,18900,S5,test,0.8181818127632141,0.6
56,18900,S6,test,0.6363636255264282,0.4230769230769231
56,18900,S7,test,0.5454545617103577,0.38974358974358975
56,18900,S8,test,0.8181818127632141,0.6190476190476191
56,18900,S9,test,0.7272727489471436,0.5138888888888888
56,19800,S11,test,0.7272727489471436,0.5757575757575758
56,19800,S13,test,0.9090909361839294,0.6
56,19800,S15,test,0.9090909361839294,0.603988603988604
56,19800,S16,test,1.0,1.0
56,19800,S3,test,0.7272727489471436,0.5252525252525252
56,19800,S5,test,0.8181818127632141,0.6
56,19800,S6,test,0.6363636255264282,0.4230769230769231
56,19800,S7,test,0.4545454680919647,0.2380952380952381
56,19800,S8,test,0.8181818127632141,0.6190476190476191
56,19800,S9,test,0.8181818127632141,0.7000000000000001
56,20700,S11,test,0.7272727489471436,0.5757575757575758
56,20700,S13,test,0.9090909361839294,0.6
56,20700,S15,test,0.9090909361839294,0.603988603988604
56,20700,S16,test,1.0,1.0
56,20700,S3,test,0.7272727489471436,0.5277777777777778
56,20700,S5,test,0.8181818127632141,0.6
56,20700,S6,test,0.7272727489471436,0.5
56,20700,S7,test,0.4545454680919647,0.2380952380952381
56,20700,S8,test,0.8181818127632141,0.6190476190476191
56,20700,S9,test,0.8181818127632141,0.7000000000000001
56,21600,S11,test,0.7272727489471436,0.5757575757575758
56,21600,S13,test,0.9090909361839294,0.6
56,21600,S15,test,0.9090909361839294,0.603988603988604
56,21600,S16,test,1.0,1.0
56,21600,S3,test,0.7272727489471436,0.5277777777777778
56,21600,S5,test,0.8181818127632141,0.6
56,21600,S6,test,0.7272727489471436,0.5
56,21600,S7,test,0.4545454680919647,0.2380952380952381
56,21600,S8,test,0.8181818127632141,0.6190476190476191
56,21600,S9,test,0.7272727489471436,0.5138888888888888
56,22500,S11,test,0.7272727489471436,0.5757575757575758
56,22500,S13,test,0.9090909361839294,0.6
56,22500,S15,test,0.9090909361839294,0.603988603988604
56,22500,S16,test,1.0,1.0
56,22500,S3,test,0.7272727489471436,0.5277777777777778
56,22500,S5,test,0.8181818127632141,0.6
56,22500,S6,test,0.6363636255264282,0.4230769230769231
56,22500,S7,test,0.4545454680919647,0.2380952380952381
56,22500,S8,test,0.8181818127632141,0.6190476190476191
56,22500,S9,test,0.8181818127632141,0.7000000000000001
56,23400,S11,test,0.7272727489471436,0.5757575757575758
56,23400,S13,test,0.9090909361839294,0.6
56,23400,S15,test,0.9090909361839294,0.603988603988604
56,23400,S16,test,1.0,1.0
56,23400,S3,test,0.7272727489471436,0.5277777777777778
56,23400,S5,test,0.8181818127632141,0.6
56,23400,S6,test,0.6363636255264282,0.4230769230769231
56,23400,S7,test,0.4545454680919647,0.2380952380952381
56,23400,S8,test,0.8181818127632141,0.6190476190476191
56,23400,S9,test,0.8181818127632141,0.7000000000000001
56,24300,S11,test,0.7272727489471436,0.5757575757575758
56,24300,S13,test,0.9090909361839294,0.6
56,24300,S15,test,0.9090909361839294,0.603988603988604
56,24300,S16,test,1.0,1.0
56,24300,S3,test,0.7272727489471436,0.5277777777777778
56,24300,S5,test,0.8181818127632141,0.6
56,24300,S6,test,0.6363636255264282,0.4230769230769231
56,24300,S7,test,0.5454545617103577,0.38974358974358975
56,24300,S8,test,0.8181818127632141,0.6190476190476191
56,24300,S9,test,0.8181818127632141,0.7000000000000001
56,25200,S11,test,0.7272727489471436,0.5757575757575758
56,25200,S13,test,0.9090909361839294,0.6
56,25200,S15,test,0.9090909361839294,0.603988603988604
56,25200,S16,test,1.0,1.0
56,25200,S3,test,0.7272727489471436,0.5277777777777778
56,25200,S5,test,0.8181818127632141,0.6
56,25200,S6,test,0.6363636255264282,0.4230769230769231
56,25200,S7,test,0.5454545617103577,0.38974358974358975
56,25200,S8,test,0.8181818127632141,0.6190476190476191
56,25200,S9,test,0.8181818127632141,0.7000000000000001
56,26100,S11,test,0.7272727489471436,0.5757575757575758
56,26100,S13,test,0.9090909361839294,0.6
56,26100,S15,test,0.9090909361839294,0.603988603988604
56,26100,S16,test,1.0,1.0
56,26100,S3,test,0.7272727489471436,0.5277777777777778
56,26100,S5,test,0.8181818127632141,0.6
56,26100,S6,test,0.6363636255264282,0.4230769230769231
56,26100,S7,test,0.5454545617103577,0.38974358974358975
56,26100,S8,test,0.8181818127632141,0.6190476190476191
56,26100,S9,test,0.8181818127632141,0.7000000000000001
56,27000,S11,test,0.7272727489471436,0.5757575757575758
56,27000,S13,test,0.9090909361839294,0.6
56,27000,S15,test,0.8181818127632141,0.5444444444444444
56,27000,S16,test,1.0,1.0
56,27000,S3,test,0.7272727489471436,0.5277777777777778
56,27000,S5,test,0.8181818127632141,0.6
56,27000,S6,test,0.7272727489471436,0.5
56,27000,S7,test,0.5454545617103577,0.38974358974358975
56,27000,S8,test,0.8181818127632141,0.6190476190476191
56,27000,S9,test,0.8181818127632141,0.7000000000000001
56,27900,S11,test,0.7272727489471436,0.5757575757575758
56,27900,S13,test,0.9090909361839294,0.6
56,27900,S15,test,0.9090909361839294,0.603988603988604
56,27900,S16,test,1.0,1.0
56,27900,S3,test,0.7272727489471436,0.5277777777777778
56,27900,S5,test,0.8181818127632141,0.6
56,27900,S6,test,0.6363636255264282,0.4230769230769231
56,27900,S7,test,0.5454545617103577,0.38974358974358975
56,27900,S8,test,0.8181818127632141,0.6190476190476191
56,27900,S9,test,0.8181818127632141,0.7916666666666666
56,28800,S11,test,0.7272727489471436,0.5757575757575758
56,28800,S13,test,0.9090909361839294,0.6
56,28800,S15,test,0.9090909361839294,0.603988603988604
56,28800,S16,test,1.0,1.0
56,28800,S3,test,0.7272727489471436,0.5277777777777778
56,28800,S5,test,0.8181818127632141,0.6
56,28800,S6,test,0.6363636255264282,0.4230769230769231
56,28800,S7,test,0.5454545617103577,0.38974358974358975
56,28800,S8,test,0.8181818127632141,0.6190476190476191
56,28800,S9,test,0.8181818127632141,0.7000000000000001
56,29700,S11,test,0.7272727489471436,0.5757575757575758
56,29700,S13,test,0.9090909361839294,0.6
56,29700,S15,test,0.8181818127632141,0.5444444444444444
56,29700,S16,test,1.0,1.0
56,29700,S3,test,0.7272727489471436,0.5277777777777778
56,29700,S5,test,0.8181818127632141,0.6
56,29700,S6,test,0.6363636255264282,0.4230769230769231
56,29700,S7,test,0.5454545617103577,0.38974358974358975
56,29700,S8,test,0.8181818127632141,0.6190476190476191
56,29700,S9,test,0.8181818127632141,0.7000000000000001
56,30600,S11,test,0.7272727489471436,0.5757575757575758
56,30600,S13,test,0.9090909361839294,0.6
56,30600,S15,test,0.9090909361839294,0.603988603988604
56,30600,S16,test,1.0,1.0
56,30600,S3,test,0.8181818127632141,0.7752525252525252
56,30600,S5,test,0.8181818127632141,0.6
56,30600,S6,test,0.6363636255264282,0.4230769230769231
56,30600,S7,test,0.5454545617103577,0.38974358974358975
56,30600,S8,test,0.8181818127632141,0.6190476190476191
56,30600,S9,test,0.8181818127632141,0.7000000000000001
56,31500,S11,test,0.7272727489471436,0.5757575757575758
56,31500,S13,test,0.9090909361839294,0.6
56,31500,S15,test,0.9090909361839294,0.603988603988604
56,31500,S16,test,1.0,1.0
56,31500,S3,test,0.7272727489471436,0.5252525252525252
56,31500,S5,test,0.8181818127632141,0.6
56,31500,S6,test,0.6363636255264282,0.4230769230769231
56,31500,S7,test,0.5454545617103577,0.38974358974358975
56,31500,S8,test,0.8181818127632141,0.6190476190476191
56,31500,S9,test,0.9090909361839294,0.8222222222222223
56,32400,S11,test,0.7272727489471436,0.5757575757575758
56,32400,S13,test,0.9090909361839294,0.6
56,32400,S15,test,0.9090909361839294,0.603988603988604
56,32400,S16,test,1.0,1.0
56,32400,S3,test,0.8181818127632141,0.7752525252525252
56,32400,S5,test,0.8181818127632141,0.6
56,32400,S6,test,0.6363636255264282,0.4230769230769231
56,32400,S7,test,0.5454545617103577,0.38974358974358975
56,32400,S8,test,0.8181818127632141,0.6190476190476191
56,32400,S9,test,0.9090909361839294,0.9111111111111111
56,33300,S11,test,0.7272727489471436,0.5757575757575758
56,33300,S13,test,0.9090909361839294,0.6
56,33300,S15,test,0.9090909361839294,0.603988603988604
56,33300,S16,test,1.0,1.0
56,33300,S3,test,0.8181818127632141,0.7752525252525252
56,33300,S5,test,0.8181818127632141,0.6
56,33300,S6,test,0.6363636255264282,0.4230769230769231
56,33300,S7,test,0.5454545617103577,0.38974358974358975
56,33300,S8,test,0.8181818127632141,0.6190476190476191
56,33300,S9,test,0.9090909361839294,0.8222222222222223
56,34200,S11,test,0.7272727489471436,0.5757575757575758
56,34200,S13,test,0.9090909361839294,0.6
56,34200,S15,test,0.9090909361839294,0.603988603988604
56,34200,S16,test,1.0,1.0
56,34200,S3,test,0.7272727489471436,0.5277777777777778
56,34200,S5,test,0.8181818127632141,0.6
56,34200,S6,test,0.6363636255264282,0.4230769230769231
56,34200,S7,test,0.5454545617103577,0.38974358974358975
56,34200,S8,test,0.8181818127632141,0.6190476190476191
56,34200,S9,test,0.9090909361839294,0.9111111111111111
56,35100,S11,test,0.7272727489471436,0.5757575757575758
56,35100,S13,test,0.9090909361839294,0.6
56,35100,S15,test,0.9090909361839294,0.603988603988604
56,35100,S16,test,1.0,1.0
56,35100,S3,test,0.7272727489471436,0.5277777777777778
56,35100,S5,test,0.8181818127632141,0.6
56,35100,S6,test,0.6363636255264282,0.4230769230769231
56,35100,S7,test,0.6363636255264282,0.41904761904761906
56,35100,S8,test,0.8181818127632141,0.6190476190476191
56,35100,S9,test,0.9090909361839294,0.9111111111111111
56,36000,S11,test,0.7272727489471436,0.5757575757575758
56,36000,S13,test,0.9090909361839294,0.6
56,36000,S15,test,0.9090909361839294,0.603988603988604
56,36000,S16,test,1.0,1.0
56,36000,S3,test,0.7272727489471436,0.5277777777777778
56,36000,S5,test,0.8181818127632141,0.6
56,36000,S6,test,0.6363636255264282,0.4230769230769231
56,36000,S7,test,0.7272727489471436,0.5079365079365079
56,36000,S8,test,0.8181818127632141,0.6190476190476191
56,36000,S9,test,0.9090909361839294,0.8222222222222223
56,36900,S11,test,0.7272727489471436,0.5757575757575758
56,36900,S13,test,0.9090909361839294,0.6
56,36900,S15,test,0.9090909361839294,0.603988603988604
56,36900,S16,test,1.0,1.0
56,36900,S3,test,0.8181818127632141,0.7752525252525252
56,36900,S5,test,0.8181818127632141,0.6
56,36900,S6,test,0.6363636255264282,0.4646464646464647
56,36900,S7,test,0.5454545617103577,0.38974358974358975
56,36900,S8,test,0.8181818127632141,0.6190476190476191
56,36900,S9,test,0.9090909361839294,0.8222222222222223
56,37800,S11,test,0.7272727489471436,0.5757575757575758
56,37800,S13,test,0.9090909361839294,0.6
56,37800,S15,test,0.8181818127632141,0.5444444444444444
56,37800,S16,test,1.0,1.0
56,37800,S3,test,0.7272727489471436,0.5277777777777778
56,37800,S5,test,0.8181818127632141,0.6
56,37800,S6,test,0.7272727489471436,0.5
56,37800,S7,test,0.5454545617103577,0.38974358974358975
56,37800,S8,test,0.8181818127632141,0.6190476190476191
56,37800,S9,test,0.9090909361839294,0.8222222222222223
56,38700,S11,test,0.7272727489471436,0.5757575757575758
56,38700,S13,test,0.9090909361839294,0.6
56,38700,S15,test,0.9090909361839294,0.603988603988604
56,38700,S16,test,1.0,1.0
56,38700,S3,test,0.7272727489471436,0.5277777777777778
56,38700,S5,test,0.8181818127632141,0.6
56,38700,S6,test,0.6363636255264282,0.4230769230769231
56,38700,S7,test,0.5454545617103577,0.38974358974358975
56,38700,S8,test,0.8181818127632141,0.6190476190476191
56,38700,S9,test,0.9090909361839294,0.8222222222222223
56,39600,S11,test,0.7272727489471436,0.5757575757575758
56,39600,S13,test,0.9090909361839294,0.6
56,39600,S15,test,0.9090909361839294,0.603988603988604
56,39600,S16,test,1.0,1.0
56,39600,S3,test,0.7272727489471436,0.5277777777777778
56,39600,S5,test,0.8181818127632141,0.6
56,39600,S6,test,0.6363636255264282,0.4230769230769231
56,39600,S7,test,0.5454545617103577,0.38974358974358975
56,39600,S8,test,0.8181818127632141,0.6190476190476191
56,39600,S9,test,0.9090909361839294,0.9111111111111111
56,40500,S11,test,0.7272727489471436,0.5757575757575758
56,40500,S13,test,0.9090909361839294,0.6
56,40500,S15,test,0.9090909361839294,0.603988603988604
56,40500,S16,test,1.0,1.0
56,40500,S3,test,0.8181818127632141,0.7752525252525252
56,40500,S5,test,0.8181818127632141,0.6
56,40500,S6,test,0.6363636255264282,0.4230769230769231
56,40500,S7,test,0.5454545617103577,0.38974358974358975
56,40500,S8,test,0.8181818127632141,0.6190476190476191
56,40500,S9,test,0.9090909361839294,0.9111111111111111
56,41400,S11,test,0.7272727489471436,0.5757575757575758
56,41400,S13,test,0.9090909361839294,0.6
56,41400,S15,test,0.9090909361839294,0.603988603988604
56,41400,S16,test,1.0,1.0
56,41400,S3,test,0.8181818127632141,0.7752525252525252
56,41400,S5,test,0.8181818127632141,0.6
56,41400,S6,test,0.6363636255264282,0.4230769230769231
56,41400,S7,test,0.5454545617103577,0.38974358974358975
56,41400,S8,test,0.8181818127632141,0.6190476190476191
56,41400,S9,test,0.9090909361839294,0.8222222222222223
56,42300,S11,test,0.7272727489471436,0.5757575757575758
56,42300,S13,test,0.9090909361839294,0.6
56,42300,S15,test,0.9090909361839294,0.603988603988604
56,42300,S16,test,1.0,1.0
56,42300,S3,test,0.7272727489471436,0.5277777777777778
56,42300,S5,test,0.8181818127632141,0.6
56,42300,S6,test,0.6363636255264282,0.4646464646464647
56,42300,S7,test,0.6363636255264282,0.41904761904761906
56,42300,S8,test,0.8181818127632141,0.6190476190476191
56,42300,S9,test,0.9090909361839294,0.8222222222222223
56,43200,S11,test,0.7272727489471436,0.5757575757575758
56,43200,S13,test,0.9090909361839294,0.6
56,43200,S15,test,0.9090909361839294,0.603988603988604
56,43200,S16,test,1.0,1.0
56,43200,S3,test,0.8181818127632141,0.7752525252525252
56,43200,S5,test,0.8181818127632141,0.6
56,43200,S6,test,0.6363636255264282,0.4230769230769231
56,43200,S7,test,0.5454545617103577,0.36752136752136755
56,43200,S8,test,0.8181818127632141,0.6190476190476191
56,43200,S9,test,1.0,1.0
56,44100,S11,test,0.7272727489471436,0.5757575757575758
56,44100,S13,test,0.9090909361839294,0.6
56,44100,S15,test,0.9090909361839294,0.603988603988604
56,44100,S16,test,1.0,1.0
56,44100,S3,test,0.8181818127632141,0.7752525252525252
56,44100,S5,test,0.8181818127632141,0.6
56,44100,S6,test,0.6363636255264282,0.4646464646464647
56,44100,S7,test,0.5454545617103577,0.38974358974358975
56,44100,S8,test,0.8181818127632141,0.6190476190476191
56,44100,S9,test,0.9090909361839294,0.8222222222222223
56,45000,S11,test,0.7272727489471436,0.5757575757575758
56,45000,S13,test,0.9090909361839294,0.6
56,45000,S15,test,0.8181818127632141,0.5444444444444444
56,45000,S16,test,1.0,1.0
56,45000,S3,test,0.8181818127632141,0.7752525252525252
56,45000,S5,test,0.8181818127632141,0.6
56,45000,S6,test,0.6363636255264282,0.4230769230769231
56,45000,S7,test,0.6363636255264282,0.4468864468864469
56,45000,S8,test,0.8181818127632141,0.6190476190476191
56,45000,S9,test,0.9090909361839294,0.8222222222222223
56,45900,S11,test,0.7272727489471436,0.5757575757575758
56,45900,S13,test,0.9090909361839294,0.6
56,45900,S15,test,0.9090909361839294,0.603988603988604
56,45900,S16,test,1.0,1.0
56,45900,S3,test,0.8181818127632141,0.7752525252525252
56,45900,S5,test,0.8181818127632141,0.6
56,45900,S6,test,0.5454545617103577,0.38888888888888884
56,45900,S7,test,0.5454545617103577,0.36752136752136755
56,45900,S8,test,0.8181818127632141,0.6190476190476191
56,45900,S9,test,1.0,1.0
56,46800,S11,test,0.7272727489471436,0.5757575757575758
56,46800,S13,test,0.9090909361839294,0.6
56,46800,S15,test,0.8181818127632141,0.5444444444444444
56,46800,S16,test,1.0,1.0
56,46800,S3,test,0.8181818127632141,0.7752525252525252
56,46800,S5,test,0.8181818127632141,0.6
56,46800,S6,test,0.6363636255264282,0.4230769230769231
56,46800,S7,test,0.5454545617103577,0.38974358974358975
56,46800,S8,test,0.8181818127632141,0.6190476190476191
56,46800,S9,test,1.0,1.0
56,47700,S11,test,0.7272727489471436,0.5757575757575758
56,47700,S13,test,0.9090909361839294,0.6
56,47700,S15,test,0.9090909361839294,0.603988603988604
56,47700,S16,test,1.0,1.0
56,47700,S3,test,0.8181818127632141,0.7752525252525252
56,47700,S5,test,0.8181818127632141,0.6
56,47700,S6,test,0.5454545617103577,0.38888888888888884
56,47700,S7,test,0.5454545617103577,0.38974358974358975
56,47700,S8,test,0.8181818127632141,0.6190476190476191
56,47700,S9,test,1.0,1.0
56,48600,S11,test,0.7272727489471436,0.5757575757575758
56,48600,S13,test,0.9090909361839294,0.6
56,48600,S15,test,0.9090909361839294,0.603988603988604
56,48600,S16,test,1.0,1.0
56,48600,S3,test,0.8181818127632141,0.7752525252525252
56,48600,S5,test,0.8181818127632141,0.6
56,48600,S6,test,0.6363636255264282,0.4646464646464647
56,48600,S7,test,0.5454545617103577,0.36752136752136755
56,48600,S8,test,0.8181818127632141,0.6190476190476191
56,48600,S9,test,0.9090909361839294,0.8222222222222223
56,49500,S11,test,0.7272727489471436,0.5757575757575758
56,49500,S13,test,0.9090909361839294,0.6
56,49500,S15,test,0.9090909361839294,0.603988603988604
56,49500,S16,test,1.0,1.0
56,49500,S3,test,0.8181818127632141,0.7752525252525252
56,49500,S5,test,0.8181818127632141,0.6
56,49500,S6,test,0.6363636255264282,0.4646464646464647
56,49500,S7,test,0.5454545617103577,0.38974358974358975
56,49500,S8,test,0.8181818127632141,0.6190476190476191
56,49500,S9,test,1.0,1.0
56,50400,S11,test,0.7272727489471436,0.5757575757575758
56,50400,S13,test,0.9090909361839294,0.6
56,50400,S15,test,0.8181818127632141,0.5444444444444444
56,50400,S16,test,1.0,1.0
56,50400,S3,test,0.8181818127632141,0.7752525252525252
56,50400,S5,test,0.8181818127632141,0.6
56,50400,S6,test,0.6363636255264282,0.4230769230769231
56,50400,S7,test,0.5454545617103577,0.38974358974358975
56,50400,S8,test,0.8181818127632141,0.6190476190476191
56,50400,S9,test,0.9090909361839294,0.8222222222222223
56,51300,S11,test,0.7272727489471436,0.5757575757575758
56,51300,S13,test,0.9090909361839294,0.6
56,51300,S15,test,0.9090909361839294,0.603988603988604
56,51300,S16,test,1.0,1.0
56,51300,S3,test,0.7272727489471436,0.5277777777777778
56,51300,S5,test,0.8181818127632141,0.6
56,51300,S6,test,0.6363636255264282,0.4646464646464647
56,51300,S7,test,0.5454545617103577,0.36752136752136755
56,51300,S8,test,0.8181818127632141,0.6190476190476191
56,51300,S9,test,1.0,1.0
56,52200,S11,test,0.7272727489471436,0.5757575757575758
56,52200,S13,test,0.9090909361839294,0.6
56,52200,S15,test,0.9090909361839294,0.603988603988604
56,52200,S16,test,1.0,1.0
56,52200,S3,test,0.8181818127632141,0.7752525252525252
56,52200,S5,test,0.8181818127632141,0.6
56,52200,S6,test,0.5454545617103577,0.38888888888888884
56,52200,S7,test,0.5454545617103577,0.38974358974358975
56,52200,S8,test,0.8181818127632141,0.6190476190476191
56,52200,S9,test,1.0,1.0
56,53100,S11,test,0.7272727489471436,0.5757575757575758
56,53100,S13,test,0.9090909361839294,0.6
56,53100,S15,test,0.9090909361839294,0.603988603988604
56,53100,S16,test,1.0,1.0
56,53100,S3,test,0.7272727489471436,0.5277777777777778
56,53100,S5,test,0.8181818127632141,0.6
56,53100,S6,test,0.5454545617103577,0.38888888888888884
56,53100,S7,test,0.6363636255264282,0.4468864468864469
56,53100,S8,test,0.8181818127632141,0.6190476190476191
56,53100,S9,test,0.9090909361839294,0.8222222222222223
56,54000,S11,test,0.7272727489471436,0.5757575757575758
56,54000,S13,test,0.9090909361839294,0.6
56,54000,S15,test,0.9090909361839294,0.603988603988604
56,54000,S16,test,1.0,1.0
56,54000,S3,test,0.8181818127632141,0.7752525252525252
56,54000,S5,test,0.8181818127632141,0.6
56,54000,S6,test,0.6363636255264282,0.4646464646464647
56,54000,S7,test,0.6363636255264282,0.4468864468864469
56,54000,S8,test,0.8181818127632141,0.6190476190476191
56,54000,S9,test,1.0,1.0
56,54900,S11,test,0.7272727489471436,0.5757575757575758
56,54900,S13,test,0.9090909361839294,0.6
56,54900,S15,test,0.8181818127632141,0.5444444444444444
56,54900,S16,test,1.0,1.0
56,54900,S3,test,0.8181818127632141,0.7752525252525252
56,54900,S5,test,0.8181818127632141,0.6
56,54900,S6,test,0.6363636255264282,0.4646464646464647
56,54900,S7,test,0.5454545617103577,0.36752136752136755
56,54900,S8,test,0.8181818127632141,0.6190476190476191
56,54900,S9,test,1.0,1.0
56,55800,S11,test,0.7272727489471436,0.5757575757575758
56,55800,S13,test,0.9090909361839294,0.6
56,55800,S15,test,0.9090909361839294,0.603988603988604
56,55800,S16,test,1.0,1.0
56,55800,S3,test,0.8181818127632141,0.7752525252525252
56,55800,S5,test,0.8181818127632141,0.6
56,55800,S6,test,0.5454545617103577,0.38888888888888884
56,55800,S7,test,0.5454545617103577,0.36752136752136755
56,55800,S8,test,0.8181818127632141,0.6190476190476191
56,55800,S9,test,1.0,1.0
56,56700,S11,test,0.7272727489471436,0.5757575757575758
56,56700,S13,test,0.9090909361839294,0.6
56,56700,S15,test,0.9090909361839294,0.603988603988604
56,56700,S16,test,1.0,1.0
56,56700,S3,test,0.7272727489471436,0.5277777777777778
56,56700,S5,test,0.8181818127632141,0.6
56,56700,S6,test,0.5454545617103577,0.38888888888888884
56,56700,S7,test,0.5454545617103577,0.38974358974358975
56,56700,S8,test,0.8181818127632141,0.6190476190476191
56,56700,S9,test,1.0,1.0
56,57600,S11,test,0.7272727489471436,0.5757575757575758
56,57600,S13,test,0.9090909361839294,0.6
56,57600,S15,test,0.8181818127632141,0.5444444444444444
56,57600,S16,test,1.0,1.0
56,57600,S3,test,0.8181818127632141,0.7752525252525252
56,57600,S5,test,0.8181818127632141,0.6
56,57600,S6,test,0.6363636255264282,0.4230769230769231
56,57600,S7,test,0.5454545617103577,0.36752136752136755
56,57600,S8,test,0.8181818127632141,0.6190476190476191
56,57600,S9,test,1.0,1.0
56,58500,S11,test,0.7272727489471436,0.5757575757575758
56,58500,S13,test,0.9090909361839294,0.6
56,58500,S15,test,0.8181818127632141,0.5444444444444444
56,58500,S16,test,1.0,1.0
56,58500,S3,test,0.8181818127632141,0.7752525252525252
56,58500,S5,test,0.8181818127632141,0.6
56,58500,S6,test,0.5454545617103577,0.38888888888888884
56,58500,S7,test,0.5454545617103577,0.38974358974358975
56,58500,S8,test,0.8181818127632141,0.6190476190476191
56,58500,S9,test,1.0,1.0
56,59400,S11,test,0.7272727489471436,0.5757575757575758
56,59400,S13,test,0.9090909361839294,0.6
56,59400,S15,test,0.9090909361839294,0.603988603988604
56,59400,S16,test,1.0,1.0
56,59400,S3,test,0.8181818127632141,0.7752525252525252
56,59400,S5,test,0.8181818127632141,0.6
56,59400,S6,test,0.5454545617103577,0.38888888888888884
56,59400,S7,test,0.5454545617103577,0.38974358974358975
56,59400,S8,test,0.8181818127632141,0.6190476190476191
56,59400,S9,test,1.0,1.0
56,60300,S11,test,0.7272727489471436,0.5757575757575758
56,60300,S13,test,0.9090909361839294,0.6
56,60300,S15,test,0.8181818127632141,0.5444444444444444
56,60300,S16,test,1.0,1.0
56,60300,S3,test,0.8181818127632141,0.7752525252525252
56,60300,S5,test,0.8181818127632141,0.6
56,60300,S6,test,0.5454545617103577,0.38888888888888884
56,60300,S7,test,0.5454545617103577,0.38974358974358975
56,60300,S8,test,0.8181818127632141,0.6190476190476191
56,60300,S9,test,1.0,1.0
56,61200,S11,test,0.7272727489471436,0.5757575757575758
56,61200,S13,test,0.9090909361839294,0.6
56,61200,S15,test,0.9090909361839294,0.603988603988604
56,61200,S16,test,1.0,1.0
56,61200,S3,test,0.8181818127632141,0.7752525252525252
56,61200,S5,test,0.8181818127632141,0.6
56,61200,S6,test,0.5454545617103577,0.38888888888888884
56,61200,S7,test,0.5454545617103577,0.36752136752136755
56,61200,S8,test,0.8181818127632141,0.6190476190476191
56,61200,S9,test,1.0,1.0
56,62100,S11,test,0.7272727489471436,0.5757575757575758
56,62100,S13,test,0.9090909361839294,0.6
56,62100,S15,test,0.8181818127632141,0.5444444444444444
56,62100,S16,test,1.0,1.0
56,62100,S3,test,0.7272727489471436,0.5277777777777778
56,62100,S5,test,0.9090909361839294,0.8518518518518517
56,62100,S6,test,0.5454545617103577,0.38888888888888884
56,62100,S7,test,0.6363636255264282,0.41904761904761906
56,62100,S8,test,0.8181818127632141,0.6190476190476191
56,62100,S9,test,1.0,1.0
56,63000,S11,test,0.7272727489471436,0.5757575757575758
56,63000,S13,test,0.9090909361839294,0.6
56,63000,S15,test,0.9090909361839294,0.603988603988604
56,63000,S16,test,1.0,1.0
56,63000,S3,test,0.8181818127632141,0.7752525252525252
56,63000,S5,test,0.8181818127632141,0.6
56,63000,S6,test,0.5454545617103577,0.38888888888888884
56,63000,S7,test,0.5454545617103577,0.36752136752136755
56,63000,S8,test,0.8181818127632141,0.6190476190476191
56,63000,S9,test,1.0,1.0
56,63900,S11,test,0.7272727489471436,0.5757575757575758
56,63900,S13,test,0.9090909361839294,0.6
56,63900,S15,test,0.9090909361839294,0.603988603988604
56,63900,S16,test,1.0,1.0
56,63900,S3,test,0.8181818127632141,0.7752525252525252
56,63900,S5,test,0.8181818127632141,0.6
56,63900,S6,test,0.5454545617103577,0.38888888888888884
56,63900,S7,test,0.5454545617103577,0.38974358974358975
56,63900,S8,test,0.8181818127632141,0.6190476190476191
56,63900,S9,test,0.8181818127632141,0.7410256410256411
56,64800,S11,test,0.7272727489471436,0.5757575757575758
56,64800,S13,test,0.9090909361839294,0.6
56,64800,S15,test,0.9090909361839294,0.603988603988604
56,64800,S16,test,1.0,1.0
56,64800,S3,test,0.8181818127632141,0.7752525252525252
56,64800,S5,test,0.8181818127632141,0.6
56,64800,S6,test,0.5454545617103577,0.38888888888888884
56,64800,S7,test,0.5454545617103577,0.36752136752136755
56,64800,S8,test,0.8181818127632141,0.6190476190476191
56,64800,S9,test,1.0,1.0
56,65700,S11,test,0.7272727489471436,0.5757575757575758
56,65700,S13,test,0.9090909361839294,0.6
56,65700,S15,test,0.8181818127632141,0.5444444444444444
56,65700,S16,test,1.0,1.0
56,65700,S3,test,0.8181818127632141,0.7752525252525252
56,65700,S5,test,0.8181818127632141,0.6
56,65700,S6,test,0.5454545617103577,0.4222222222222222
56,65700,S7,test,0.6363636255264282,0.4468864468864469
56,65700,S8,test,0.8181818127632141,0.6190476190476191
56,65700,S9,test,1.0,1.0
56,66600,S11,test,0.7272727489471436,0.5757575757575758
56,66600,S13,test,0.9090909361839294,0.6
56,66600,S15,test,0.9090909361839294,0.603988603988604
56,66600,S16,test,1.0,1.0
56,66600,S3,test,0.8181818127632141,0.7752525252525252
56,66600,S5,test,0.8181818127632141,0.6
56,66600,S6,test,0.5454545617103577,0.4222222222222222
56,66600,S7,test,0.5454545617103577,0.36752136752136755
56,66600,S8,test,0.8181818127632141,0.6190476190476191
56,66600,S9,test,1.0,1.0
56,67500,S11,test,0.7272727489471436,0.5757575757575758
56,67500,S13,test,0.9090909361839294,0.6
56,67500,S15,test,0.8181818127632141,0.5444444444444444
56,67500,S16,test,1.0,1.0
56,67500,S3,test,0.8181818127632141,0.7752525252525252
56,67500,S5,test,0.8181818127632141,0.6
56,67500,S6,test,0.5454545617103577,0.38888888888888884
56,67500,S7,test,0.5454545617103577,0.38974358974358975
56,67500,S8,test,0.8181818127632141,0.6190476190476191
56,67500,S9,test,1.0,1.0
56,68400,S11,test,0.7272727489471436,0.5757575757575758
56,68400,S13,test,0.9090909361839294,0.6
56,68400,S15,test,0.8181818127632141,0.5444444444444444
56,68400,S16,test,1.0,1.0
56,68400,S3,test,0.8181818127632141,0.7752525252525252
56,68400,S5,test,0.8181818127632141,0.6
56,68400,S6,test,0.5454545617103577,0.38888888888888884
56,68400,S7,test,0.5454545617103577,0.38974358974358975
56,68400,S8,test,0.8181818127632141,0.6190476190476191
56,68400,S9,test,1.0,1.0
56,69300,S11,test,0.7272727489471436,0.5757575757575758
56,69300,S13,test,0.9090909361839294,0.6
56,69300,S15,test,0.9090909361839294,0.603988603988604
56,69300,S16,test,1.0,1.0
56,69300,S3,test,0.8181818127632141,0.7752525252525252
56,69300,S5,test,0.8181818127632141,0.6
56,69300,S6,test,0.5454545617103577,0.38888888888888884
56,69300,S7,test,0.5454545617103577,0.38974358974358975
56,69300,S8,test,0.8181818127632141,0.6190476190476191
56,69300,S9,test,1.0,1.0
56,70200,S11,test,0.7272727489471436,0.5757575757575758
56,70200,S13,test,0.9090909361839294,0.6
56,70200,S15,test,0.9090909361839294,0.603988603988604
56,70200,S16,test,1.0,1.0
56,70200,S3,test,0.8181818127632141,0.7752525252525252
56,70200,S5,test,0.8181818127632141,0.6
56,70200,S6,test,0.5454545617103577,0.38888888888888884
56,70200,S7,test,0.6363636255264282,0.4468864468864469
56,70200,S8,test,0.8181818127632141,0.6190476190476191
56,70200,S9,test,1.0,1.0
56,71100,S11,test,0.7272727489471436,0.5757575757575758
56,71100,S13,test,0.9090909361839294,0.6
56,71100,S15,test,0.9090909361839294,0.603988603988604
56,71100,S16,test,1.0,1.0
56,71100,S3,test,0.8181818127632141,0.7752525252525252
56,71100,S5,test,0.8181818127632141,0.6
56,71100,S6,test,0.5454545617103577,0.38888888888888884
56,71100,S7,test,0.5454545617103577,0.36752136752136755
56,71100,S8,test,0.8181818127632141,0.6190476190476191
56,71100,S9,test,1.0,1.0
56,72000,S11,test,0.7272727489471436,0.5757575757575758
56,72000,S13,test,0.9090909361839294,0.6
56,72000,S15,test,0.8181818127632141,0.5444444444444444
56,72000,S16,test,1.0,1.0
56,72000,S3,test,0.8181818127632141,0.7752525252525252
56,72000,S5,test,0.8181818127632141,0.6
56,72000,S6,test,0.5454545617103577,0.38888888888888884
56,72000,S7,test,0.5454545617103577,0.38974358974358975
56,72000,S8,test,0.8181818127632141,0.6190476190476191
56,72000,S9,test,1.0,1.0
56,72900,S11,test,0.7272727489471436,0.5757575757575758
56,72900,S13,test,0.9090909361839294,0.6
56,72900,S15,test,0.9090909361839294,0.603988603988604
56,72900,S16,test,1.0,1.0
56,72900,S3,test,0.8181818127632141,0.7752525252525252
56,72900,S5,test,0.8181818127632141,0.6
56,72900,S6,test,0.5454545617103577,0.38888888888888884
56,72900,S7,test,0.5454545617103577,0.38974358974358975
56,72900,S8,test,0.8181818127632141,0.6190476190476191
56,72900,S9,test,1.0,1.0
56,73800,S11,test,0.7272727489471436,0.5757575757575758
56,73800,S13,test,0.9090909361839294,0.6
56,73800,S15,test,0.9090909361839294,0.603988603988604
56,73800,S16,test,1.0,1.0
56,73800,S3,test,0.8181818127632141,0.7752525252525252
56,73800,S5,test,0.8181818127632141,0.6
56,73800,S6,test,0.5454545617103577,0.38888888888888884
56,73800,S7,test,0.6363636255264282,0.4468864468864469
56,73800,S8,test,0.8181818127632141,0.6190476190476191
56,73800,S9,test,1.0,1.0
56,74700,S11,test,0.7272727489471436,0.5757575757575758
56,74700,S13,test,0.9090909361839294,0.6
56,74700,S15,test,0.9090909361839294,0.603988603988604
56,74700,S16,test,1.0,1.0
56,74700,S3,test,0.8181818127632141,0.7752525252525252
56,74700,S5,test,0.9090909361839294,0.8518518518518517
56,74700,S6,test,0.5454545617103577,0.38888888888888884
56,74700,S7,test,0.6363636255264282,0.4468864468864469
56,74700,S8,test,0.8181818127632141,0.6190476190476191
56,74700,S9,test,1.0,1.0
56,75600,S11,test,0.7272727489471436,0.5757575757575758
56,75600,S13,test,0.9090909361839294,0.6
56,75600,S15,test,0.8181818127632141,0.5444444444444444
56,75600,S16,test,1.0,1.0
56,75600,S3,test,0.8181818127632141,0.7752525252525252
56,75600,S5,test,0.8181818127632141,0.6
56,75600,S6,test,0.5454545617103577,0.4222222222222222
56,75600,S7,test,0.5454545617103577,0.36752136752136755
56,75600,S8,test,0.8181818127632141,0.6190476190476191
56,75600,S9,test,1.0,1.0
56,76500,S11,test,0.7272727489471436,0.5757575757575758
56,76500,S13,test,0.9090909361839294,0.6
56,76500,S15,test,0.8181818127632141,0.5444444444444444
56,76500,S16,test,1.0,1.0
56,76500,S3,test,0.8181818127632141,0.7752525252525252
56,76500,S5,test,0.8181818127632141,0.6
56,76500,S6,test,0.5454545617103577,0.38888888888888884
56,76500,S7,test,0.5454545617103577,0.38974358974358975
56,76500,S8,test,0.8181818127632141,0.6190476190476191
56,76500,S9,test,1.0,1.0
56,77400,S11,test,0.7272727489471436,0.5757575757575758
56,77400,S13,test,0.9090909361839294,0.6
56,77400,S15,test,0.8181818127632141,0.5444444444444444
56,77400,S16,test,1.0,1.0
56,77400,S3,test,0.8181818127632141,0.7752525252525252
56,77400,S5,test,0.8181818127632141,0.6
56,77400,S6,test,0.5454545617103577,0.4222222222222222
56,77400,S7,test,0.6363636255264282,0.4468864468864469
56,77400,S8,test,0.8181818127632141,0.6190476190476191
56,77400,S9,test,1.0,1.0
56,78300,S11,test,0.7272727489471436,0.5757575757575758
56,78300,S13,test,0.9090909361839294,0.6
56,78300,S15,test,0.8181818127632141,0.5444444444444444
56,78300,S16,test,1.0,1.0
56,78300,S3,test,0.8181818127632141,0.7752525252525252
56,78300,S5,test,0.8181818127632141,0.6
56,78300,S6,test,0.5454545617103577,0.38888888888888884
56,78300,S7,test,0.5454545617103577,0.38974358974358975
56,78300,S8,test,0.8181818127632141,0.6190476190476191
56,78300,S9,test,1.0,1.0
56,79200,S11,test,0.7272727489471436,0.5757575757575758
56,79200,S13,test,0.9090909361839294,0.6
56,79200,S15,test,0.9090909361839294,0.603988603988604
56,79200,S16,test,1.0,1.0
56,79200,S3,test,0.8181818127632141,0.7752525252525252
56,79200,S5,test,0.8181818127632141,0.6
56,79200,S6,test,0.5454545617103577,0.38888888888888884
56,79200,S7,test,0.6363636255264282,0.4468864468864469
56,79200,S8,test,0.8181818127632141,0.6190476190476191
56,79200,S9,test,1.0,1.0
56,80100,S11,test,0.7272727489471436,0.5757575757575758
56,80100,S13,test,0.9090909361839294,0.6
56,80100,S15,test,0.9090909361839294,0.603988603988604
56,80100,S16,test,1.0,1.0
56,80100,S3,test,0.8181818127632141,0.7752525252525252
56,80100,S5,test,0.8181818127632141,0.6
56,80100,S6,test,0.5454545617103577,0.4222222222222222
56,80100,S7,test,0.7272727489471436,0.5079365079365079
56,80100,S8,test,0.8181818127632141,0.6190476190476191
56,80100,S9,test,0.9090909361839294,0.8632478632478633
56,81000,S11,test,0.7272727489471436,0.5757575757575758
56,81000,S13,test,0.9090909361839294,0.6
56,81000,S15,test,0.9090909361839294,0.603988603988604
56,81000,S16,test,1.0,1.0
56,81000,S3,test,0.8181818127632141,0.7752525252525252
56,81000,S5,test,0.8181818127632141,0.6
56,81000,S6,test,0.5454545617103577,0.4222222222222222
56,81000,S7,test,0.5454545617103577,0.38974358974358975
56,81000,S8,test,0.8181818127632141,0.6190476190476191
56,81000,S9,test,1.0,1.0
56,81900,S11,test,0.7272727489471436,0.5757575757575758
56,81900,S13,test,0.9090909361839294,0.6
56,81900,S15,test,0.9090909361839294,0.603988603988604
56,81900,S16,test,1.0,1.0
56,81900,S3,test,0.8181818127632141,0.7752525252525252
56,81900,S5,test,0.8181818127632141,0.6
56,81900,S6,test,0.5454545617103577,0.38888888888888884
56,81900,S7,test,0.5454545617103577,0.38974358974358975
56,81900,S8,test,0.8181818127632141,0.6190476190476191
56,81900,S9,test,1.0,1.0
56,82800,S11,test,0.7272727489471436,0.5757575757575758
56,82800,S13,test,0.9090909361839294,0.6
56,82800,S15,test,0.9090909361839294,0.603988603988604
56,82800,S16,test,1.0,1.0
56,82800,S3,test,0.8181818127632141,0.7752525252525252
56,82800,S5,test,0.8181818127632141,0.6
56,82800,S6,test,0.5454545617103577,0.38888888888888884
56,82800,S7,test,0.6363636255264282,0.4468864468864469
56,82800,S8,test,0.8181818127632141,0.6190476190476191
56,82800,S9,test,1.0,1.0
56,83700,S11,test,0.7272727489471436,0.5757575757575758
56,83700,S13,test,0.9090909361839294,0.6
56,83700,S15,test,0.9090909361839294,0.603988603988604
56,83700,S16,test,1.0,1.0
56,83700,S3,test,0.8181818127632141,0.7752525252525252
56,83700,S5,test,0.8181818127632141,0.6
56,83700,S6,test,0.4545454680919647,0.34848484848484845
56,83700,S7,test,0.5454545617103577,0.38974358974358975
56,83700,S8,test,0.8181818127632141,0.6190476190476191
56,83700,S9,test,1.0,1.0
56,84600,S11,test,0.7272727489471436,0.5757575757575758
56,84600,S13,test,0.9090909361839294,0.6
56,84600,S15,test,0.8181818127632141,0.5444444444444444
56,84600,S16,test,1.0,1.0
56,84600,S3,test,0.8181818127632141,0.7752525252525252
56,84600,S5,test,0.8181818127632141,0.6
56,84600,S6,test,0.5454545617103577,0.4222222222222222
56,84600,S7,test,0.6363636255264282,0.4468864468864469
56,84600,S8,test,0.8181818127632141,0.6190476190476191
56,84600,S9,test,1.0,1.0
56,85500,S11,test,0.7272727489471436,0.5757575757575758
56,85500,S13,test,0.9090909361839294,0.6
56,85500,S15,test,0.9090909361839294,0.603988603988604
56,85500,S16,test,1.0,1.0
56,85500,S3,test,0.8181818127632141,0.7752525252525252
56,85500,S5,test,0.8181818127632141,0.6
56,85500,S6,test,0.5454545617103577,0.38888888888888884
56,85500,S7,test,0.7272727489471436,0.5277777777777778
56,85500,S8,test,0.8181818127632141,0.6190476190476191
56,85500,S9,test,1.0,1.0
56,86340,S11,test,0.7272727489471436,0.5757575757575758
56,86340,S13,test,0.9090909361839294,0.6
56,86340,S15,test,0.9090909361839294,0.603988603988604
56,86340,S16,test,1.0,1.0
56,86340,S3,test,0.8181818127632141,0.7752525252525252
56,86340,S5,test,0.9090909361839294,0.8518518518518517
56,86340,S6,test,0.5454545617103577,0.4222222222222222
56,86340,S7,test,0.5454545617103577,0.36752136752136755
56,86340,S8,test,0.8181818127632141,0.6190476190476191
56,86340,S9,test,1.0,1.0
83,0,S11,test,0.09090909361839294,0.05555555555555555
83,0,S13,test,0.09090909361839294,0.05555555555555555
83,0,S15,test,0.3636363744735718,0.2833333333333333
83,0,S16,test,0.6363636255264282,0.3333333333333333
83,0,S3,test,0.3636363744735718,0.2558922558922559
83,0,S5,test,0.27272728085517883,0.14285714285714285
83,0,S6,test,0.7272727489471436,0.4583333333333333
83,0,S7,test,0.09090909361839294,0.05555555555555555
83,0,S8,test,0.09090909361839294,0.05555555555555555
83,0,S9,test,0.0,0.0
83,900,S11,test,0.7272727489471436,0.2807017543859649
83,900,S13,test,0.6363636255264282,0.25925925925925924
83,900,S15,test,0.4545454680919647,0.20833333333333334
83,900,S16,test,0.6363636255264282,0.3111111111111111
83,900,S3,test,0.6363636255264282,0.25925925925925924
83,900,S5,test,0.6363636255264282,0.5079365079365079
83,900,S6,test,0.6363636255264282,0.25925925925925924
83,900,S7,test,0.6363636255264282,0.25925925925925924
83,900,S8,test,0.4545454680919647,0.20833333333333334
83,900,S9,test,0.8181818127632141,0.3
83,1800,S11,test,0.8181818127632141,0.5185185185185185
83,1800,S13,test,0.6363636255264282,0.25925925925925924
83,1800,S15,test,0.4545454680919647,0.20833333333333334
83,1800,S16,test,1.0,0.6666666666666666
83,1800,S3,test,0.6363636255264282,0.25925925925925924
83,1800,S5,test,0.7272727489471436,0.562962962962963
83,1800,S6,test,0.7272727489471436,0.49673202614379086
83,1800,S7,test,0.9090909361839294,0.6444444444444445
83,1800,S8,test,0.4545454680919647,0.20833333333333334
83,1800,S9,test,0.8181818127632141,0.3
83,2700,S11,test,0.9090909361839294,0.6470588235294118
83,2700,S13,test,0.6363636255264282,0.25925925925925924
83,2700,S15,test,0.5454545617103577,0.35555555555555557
83,2700,S16,test,1.0,0.6666666666666666
83,2700,S3,test,0.7272727489471436,0.49673202614379086
83,2700,S5,test,0.7272727489471436,0.562962962962963
83,2700,S6,test,0.7272727489471436,0.4583333333333333
83,2700,S7,test,0.8181818127632141,0.5576923076923077
83,2700,S8,test,0.4545454680919647,0.20833333333333334
83,2700,S9,test,0.9090909361839294,0.5380116959064327
83,3600,S11,test,0.9090909361839294,0.6470588235294118
83,3600,S13,test,0.6363636255264282,0.25925925925925924
83,3600,S15,test,0.6363636255264282,0.4468864468864469
83,3600,S16,test,1.0,0.6666666666666666
83,3600,S3,test,0.7272727489471436,0.49673202614379086
83,3600,S5,test,0.7272727489471436,0.562962962962963
83,3600,S6,test,0.7272727489471436,0.4583333333333333
83,3600,S7,test,0.8181818127632141,0.5576923076923077
83,3600,S8,test,0.4545454680919647,0.20833333333333334
83,3600,S9,test,0.8181818127632141,0.3
83,4500,S11,test,0.9090909361839294,0.6470588235294118
83,4500,S13,test,0.6363636255264282,0.25925925925925924
83,4500,S15,test,0.6363636255264282,0.4468864468864469
83,4500,S16,test,1.0,0.6666666666666666
83,4500,S3,test,0.7272727489471436,0.49673202614379086
83,4500,S5,test,0.7272727489471436,0.562962962962963
83,4500,S6,test,0.7272727489471436,0.4583333333333333
83,4500,S7,test,0.8181818127632141,0.5576923076923077
83,4500,S8,test,0.6363636255264282,0.42857142857142855
83,4500,S9,test,1.0,0.6666666666666666
83,5400,S11,test,0.9090909361839294,0.6470588235294118
83,5400,S13,test,0.6363636255264282,0.25925925925925924
83,5400,S15,test,0.6363636255264282,0.4468864468864469
83,5400,S16,test,1.0,0.6666666666666666
83,5400,S3,test,0.6363636255264282,0.4166666666666667
83,5400,S5,test,0.7272727489471436,0.562962962962963
83,5400,S6,test,0.7272727489471436,0.4583333333333333
83,5400,S7,test,0.8181818127632141,0.5576923076923077
83,5400,S8,test,0.6363636255264282,0.42857142857142855
83,5400,S9,test,1.0,0.6666666666666666
83,6300,S11,test,0.9090909361839294,0.6470588235294118
83,6300,S13,test,0.7272727489471436,0.4411764705882353
83,6300,S15,test,0.6363636255264282,0.4468864468864469
83,6300,S16,test,1.0,0.6666666666666666
83,6300,S3,test,0.7272727489471436,0.49673202614379086
83,6300,S5,test,0.7272727489471436,0.562962962962963
83,6300,S6,test,0.7272727489471436,0.4583333333333333
83,6300,S7,test,0.8181818127632141,0.5576923076923077
83,6300,S8,test,0.6363636255264282,0.42857142857142855
83,6300,S9,test,1.0,0.6666666666666666
83,7200,S11,test,0.9090909361839294,0.6470588235294118
83,7200,S13,test,0.7272727489471436,0.4411764705882353
83,7200,S15,test,0.6363636255264282,0.4646464646464647
83,7200,S16,test,1.0,0.6666666666666666
83,7200,S3,test,0.7272727489471436,0.5333333333333333
83,7200,S5,test,0.7272727489471436,0.562962962962963
83,7200,S6,test,0.7272727489471436,0.4583333333333333
83,7200,S7,test,0.8181818127632141,0.5576923076923077
83,7200,S8,test,0.6363636255264282,0.42857142857142855
83,7200,S9,test,1.0,0.6666666666666666
83,8100,S11,test,0.9090909361839294,0.6470588235294118
83,8100,S13,test,0.7272727489471436,0.4411764705882353
83,8100,S15,test,0.6363636255264282,0.4468864468864469
83,8100,S16,test,1.0,0.6666666666666666
83,8100,S3,test,0.7272727489471436,0.5333333333333333
83,8100,S5,test,0.7272727489471436,0.562962962962963
83,8100,S6,test,0.7272727489471436,0.4583333333333333
83,8100,S7,test,0.8181818127632141,0.5576923076923077
83,8100,S8,test,0.6363636255264282,0.42857142857142855
83,8100,S9,test,1.0,0.6666666666666666
83,9000,S11,test,0.9090909361839294,0.6470588235294118
83,9000,S13,test,0.7272727489471436,0.4411764705882353
83,9000,S15,test,0.6363636255264282,0.4468864468864469
83,9000,S16,test,1.0,0.6666666666666666
83,9000,S3,test,0.7272727489471436,0.49673202614379086
83,9000,S5,test,0.7272727489471436,0.562962962962963
83,9000,S6,test,0.7272727489471436,0.4583333333333333
83,9000,S7,test,0.8181818127632141,0.5576923076923077
83,9000,S8,test,0.6363636255264282,0.42857142857142855
83,9000,S9,test,1.0,0.6666666666666666
83,9900,S11,test,0.9090909361839294,0.6470588235294118
83,9900,S13,test,0.6363636255264282,0.25925925925925924
83,9900,S15,test,0.6363636255264282,0.4468864468864469
83,9900,S16,test,1.0,0.6666666666666666
83,9900,S3,test,0.7272727489471436,0.6
83,9900,S5,test,0.7272727489471436,0.562962962962963
83,9900,S6,test,0.7272727489471436,0.4583333333333333
83,9900,S7,test,0.8181818127632141,0.5576923076923077
83,9900,S8,test,0.8181818127632141,0.5740740740740741
83,9900,S9,test,1.0,0.6666666666666666
83,10800,S11,test,0.9090909361839294,0.6470588235294118
83,10800,S13,test,0.6363636255264282,0.25925925925925924
83,10800,S15,test,0.6363636255264282,0.4646464646464647
83,10800,S16,test,1.0,0.6666666666666666
83,10800,S3,test,0.8181818127632141,0.7746031746031745
83,10800,S5,test,0.7272727489471436,0.5757575757575758
83,10800,S6,test,0.7272727489471436,0.4583333333333333
83,10800,S7,test,0.8181818127632141,0.5576923076923077
83,10800,S8,test,0.8181818127632141,0.5740740740740741
83,10800,S9,test,1.0,0.6666666666666666
83,11700,S11,test,0.9090909361839294,0.6470588235294118
83,11700,S13,test,0.7272727489471436,0.4411764705882353
83,11700,S15,test,0.6363636255264282,0.4646464646464647
83,11700,S16,test,1.0,0.6666666666666666
83,11700,S3,test,0.8181818127632141,0.7746031746031745
83,11700,S5,test,0.7272727489471436,0.562962962962963
83,11700,S6,test,0.7272727489471436,0.4583333333333333
83,11700,S7,test,0.8181818127632141,0.5576923076923077
83,11700,S8,test,0.8181818127632141,0.5740740740740741
83,11700,S9,test,1.0,0.6666666666666666
83,12600,S11,test,0.9090909361839294,0.6470588235294118
83,12600,S13,test,0.7272727489471436,0.4411764705882353
83,12600,S15,test,0.6363636255264282,0.4646464646464647
83,12600,S16,test,1.0,0.6666666666666666
83,12600,S3,test,0.8181818127632141,0.7746031746031745
83,12600,S5,test,0.7272727489471436,0.562962962962963
83,12600,S6,test,0.7272727489471436,0.4583333333333333
83,12600,S7,test,0.8181818127632141,0.5576923076923077
83,12600,S8,test,0.8181818127632141,0.5740740740740741
83,12600,S9,test,1.0,0.6666666666666666
83,13500,S11,test,0.9090909361839294,0.6470588235294118
83,13500,S13,test,0.7272727489471436,0.4411764705882353
83,13500,S15,test,0.6363636255264282,0.4646464646464647
83,13500,S16,test,1.0,0.6666666666666666
83,13500,S3,test,0.8181818127632141,0.7746031746031745
83,13500,S5,test,0.7272727489471436,0.5757575757575758
83,13500,S6,test,0.7272727489471436,0.4583333333333333
83,13500,S7,test,0.8181818127632141,0.5576923076923077
83,13500,S8,test,0.8181818127632141,0.5740740740740741
83,13500,S9,test,1.0,0.6666666666666666
83,14400,S11,test,0.9090909361839294,0.6470588235294118
83,14400,S13,test,0.7272727489471436,0.4411764705882353
83,14400,S15,test,0.6363636255264282,0.4666666666666666
83,14400,S16,test,1.0,0.6666666666666666
83,14400,S3,test,0.8181818127632141,0.7746031746031745
83,14400,S5,test,0.7272727489471436,0.562962962962963
83,14400,S6,test,0.7272727489471436,0.4583333333333333
83,14400,S7,test,0.8181818127632141,0.5576923076923077
83,14400,S8,test,0.7272727489471436,0.5064102564102564
83,14400,S9,test,1.0,0.6666666666666666
83,15300,S11,test,0.9090909361839294,0.6470588235294118
83,15300,S13,test,0.7272727489471436,0.4411764705882353
83,15300,S15,test,0.6363636255264282,0.4666666666666666
83,15300,S16,test,1.0,0.6666666666666666
83,15300,S3,test,0.8181818127632141,0.7746031746031745
83,15300,S5,test,0.7272727489471436,0.5757575757575758
83,15300,S6,test,0.7272727489471436,0.4583333333333333
83,15300,S7,test,0.8181818127632141,0.5576923076923077
83,15300,S8,test,0.6363636255264282,0.42857142857142855
83,15300,S9,test,1.0,0.6666666666666666
83,16200,S11,test,0.9090909361839294,0.6470588235294118
83,16200,S13,test,0.7272727489471436,0.4411764705882353
83,16200,S15,test,0.6363636255264282,0.4666666666666666
83,16200,S16,test,1.0,0.6666666666666666
83,16200,S3,test,0.8181818127632141,0.7857142857142857
83,16200,S5,test,0.7272727489471436,0.5757575757575758
83,16200,S6,test,0.7272727489471436,0.4583333333333333
83,16200,S7,test,0.8181818127632141,0.5576923076923077
83,16200,S8,test,0.6363636255264282,0.42857142857142855
83,16200,S9,test,1.0,0.6666666666666666
83,17100,S11,test,0.9090909361839294,0.6470588235294118
83,17100,S13,test,0.6363636255264282,0.25925925925925924
83,17100,S15,test,0.6363636255264282,0.4646464646464647
83,17100,S16,test,1.0,0.6666666666666666
83,17100,S3,test,0.8181818127632141,0.7857142857142857
83,17100,S5,test,0.7272727489471436,0.5757575757575758
83,17100,S6,test,0.7272727489471436,0.4583333333333333
83,17100,S7,test,0.8181818127632141,0.5576923076923077
83,17100,S8,test,0.8181818127632141,0.5740740740740741
83,17100,S9,test,1.0,0.6666666666666666
83,18000,S11,test,0.9090909361839294,0.6470588235294118
83,18000,S13,test,0.7272727489471436,0.4411764705882353
83,18000,S15,test,0.6363636255264282,0.4646464646464647
83,18000,S16,test,1.0,0.6666666666666666
83,18000,S3,test,0.8181818127632141,0.7857142857142857
83,18000,S5,test,0.7272727489471436,0.562962962962963
83,18000,S6,test,0.7272727489471436,0.4583333333333333
83,18000,S7,test,0.8181818127632141,0.5576923076923077
83,18000,S8,test,0.8181818127632141,0.5740740740740741
83,18000,S9,test,1.0,0.6666666666666666
83,18900,S11,test,0.9090909361839294,0.6470588235294118
83,18900,S13,test,0.7272727489471436,0.4411764705882353
83,18900,S15,test,0.6363636255264282,0.4646464646464647
83,18900,S16,test,1.0,0.6666666666666666
83,18900,S3,test,0.8181818127632141,0.7857142857142857
83,18900,S5,test,0.7272727489471436,0.5757575757575758
83,18900,S6,test,0.7272727489471436,0.4583333333333333
83,18900,S7,test,0.8181818127632141,0.5576923076923077
83,18900,S8,test,0.7272727489471436,0.5064102564102564
83,18900,S9,test,1.0,0.6666666666666666
83,19800,S11,test,0.9090909361839294,0.6470588235294118
83,19800,S13,test,0.7272727489471436,0.4411764705882353
83,19800,S15,test,0.6363636255264282,0.4666666666666666
83,19800,S16,test,1.0,0.6666666666666666
83,19800,S3,test,0.8181818127632141,0.7857142857142857
83,19800,S5,test,0.7272727489471436,0.562962962962963
83,19800,S6,test,0.7272727489471436,0.4583333333333333
83,19800,S7,test,0.8181818127632141,0.5576923076923077
83,19800,S8,test,0.8181818127632141,0.5740740740740741
83,19800,S9,test,1.0,0.6666666666666666
83,20700,S11,test,0.9090909361839294,0.6470588235294118
83,20700,S13,test,0.7272727489471436,0.4411764705882353
83,20700,S15,test,0.6363636255264282,0.4646464646464647
83,20700,S16,test,1.0,0.6666666666666666
83,20700,S3,test,0.8181818127632141,0.7857142857142857
83,20700,S5,test,0.7272727489471436,0.5757575757575758
83,20700,S6,test,0.7272727489471436,0.4583333333333333
83,20700,S7,test,0.8181818127632141,0.5576923076923077
83,20700,S8,test,0.8181818127632141,0.5740740740740741
83,20700,S9,test,1.0,0.6666666666666666
83,21600,S11,test,0.9090909361839294,0.6470588235294118
83,21600,S13,test,0.7272727489471436,0.4411764705882353
83,21600,S15,test,0.6363636255264282,0.4646464646464647
83,21600,S16,test,1.0,0.6666666666666666
83,21600,S3,test,0.8181818127632141,0.7857142857142857
83,21600,S5,test,0.7272727489471436,0.5757575757575758
83,21600,S6,test,0.7272727489471436,0.4583333333333333
83,21600,S7,test,0.8181818127632141,0.5576923076923077
83,21600,S8,test,0.6363636255264282,0.42857142857142855
83,21600,S9,test,1.0,0.6666666666666666
83,22500,S11,test,0.9090909361839294,0.6470588235294118
83,22500,S13,test,0.7272727489471436,0.4411764705882353
83,22500,S15,test,0.6363636255264282,0.4666666666666666
83,22500,S16,test,1.0,0.6666666666666666
83,22500,S3,test,0.6363636255264282,0.47222222222222215
83,22500,S5,test,0.7272727489471436,0.5757575757575758
83,22500,S6,test,0.7272727489471436,0.4583333333333333
83,22500,S7,test,0.8181818127632141,0.5576923076923077
83,22500,S8,test,0.8181818127632141,0.5740740740740741
83,22500,S9,test,1.0,0.6666666666666666
83,23400,S11,test,0.9090909361839294,0.6470588235294118
83,23400,S13,test,0.7272727489471436,0.4411764705882353
83,23400,S15,test,0.6363636255264282,0.4666666666666666
83,23400,S16,test,1.0,0.6666666666666666
83,23400,S3,test,0.8181818127632141,0.7857142857142857
83,23400,S5,test,0.7272727489471436,0.5757575757575758
83,23400,S6,test,0.7272727489471436,0.4583333333333333
83,23400,S7,test,0.8181818127632141,0.5576923076923077
83,23400,S8,test,0.8181818127632141,0.5740740740740741
83,23400,S9,test,1.0,0.6666666666666666
83,24300,S11,test,0.9090909361839294,0.6470588235294118
83,24300,S13,test,0.7272727489471436,0.4411764705882353
83,24300,S15,test,0.6363636255264282,0.4666666666666666
83,24300,S16,test,1.0,0.6666666666666666
83,24300,S3,test,0.8181818127632141,0.7857142857142857
83,24300,S5,test,0.7272727489471436,0.562962962962963
83,24300,S6,test,0.7272727489471436,0.4583333333333333
83,24300,S7,test,0.8181818127632141,0.5576923076923077
83,24300,S8,test,0.7272727489471436,0.5064102564102564
83,24300,S9,test,1.0,0.6666666666666666
83,25200,S11,test,0.9090909361839294,0.6470588235294118
83,25200,S13,test,0.7272727489471436,0.4411764705882353
83,25200,S15,test,0.7272727489471436,0.7146464646464646
83,25200,S16,test,1.0,0.6666666666666666
83,25200,S3,test,0.8181818127632141,0.7857142857142857
83,25200,S5,test,0.7272727489471436,0.5757575757575758
83,25200,S6,test,0.7272727489471436,0.4583333333333333
83,25200,S7,test,0.8181818127632141,0.5576923076923077
83,25200,S8,test,0.7272727489471436,0.5064102564102564
83,25200,S9,test,1.0,0.6666666666666666
83,26100,S11,test,0.9090909361839294,0.6470588235294118
83,26100,S13,test,0.7272727489471436,0.4411764705882353
83,26100,S15,test,0.6363636255264282,0.4666666666666666
83,26100,S16,test,1.0,0.6666666666666666
83,26100,S3,test,0.8181818127632141,0.7857142857142857
83,26100,S5,test,0.7272727489471436,0.5757575757575758
83,26100,S6,test,0.7272727489471436,0.4583333333333333
83,26100,S7,test,0.8181818127632141,0.5576923076923077
83,26100,S8,test,0.7272727489471436,0.5090909090909091
83,26100,S9,test,1.0,0.6666666666666666
83,27000,S11,test,0.9090909361839294,0.6470588235294118
83,27000,S13,test,0.7272727489471436,0.425
83,27000,S15,test,0.7272727489471436,0.7146464646464646
83,27000,S16,test,1.0,0.6666666666666666
83,27000,S3,test,0.8181818127632141,0.7857142857142857
83,27000,S5,test,0.7272727489471436,0.562962962962963
83,27000,S6,test,0.7272727489471436,0.4583333333333333
83,27000,S7,test,0.8181818127632141,0.5576923076923077
83,27000,S8,test,0.6363636255264282,0.42857142857142855
83,27000,S9,test,1.0,0.6666666666666666
83,27900,S11,test,0.9090909361839294,0.6470588235294118
83,27900,S13,test,0.7272727489471436,0.4411764705882353
83,27900,S15,test,0.6363636255264282,0.4666666666666666
83,27900,S16,test,1.0,0.6666666666666666
83,27900,S3,test,0.8181818127632141,0.7857142857142857
83,27900,S5,test,0.7272727489471436,0.562962962962963
83,27900,S6,test,0.7272727489471436,0.4583333333333333
83,27900,S7,test,0.8181818127632141,0.5576923076923077
83,27900,S8,test,0.6363636255264282,0.42857142857142855
83,27900,S9,test,1.0,0.6666666666666666
83,28800,S11,test,0.9090909361839294,0.6470588235294118
83,28800,S13,test,0.7272727489471436,0.4411764705882353
83,28800,S15,test,0.7272727489471436,0.7146464646464646
83,28800,S16,test,1.0,0.6666666666666666
83,28800,S3,test,0.8181818127632141,0.7857142857142857
83,28800,S5,test,0.7272727489471436,0.5757575757575758
83,28800,S6,test,0.7272727489471436,0.4583333333333333
83,28800,S7,test,0.8181818127632141,0.5576923076923077
83,28800,S8,test,0.8181818127632141,0.5740740740740741
83,28800,S9,test,1.0,0.6666666666666666
83,29700,S11,test,0.9090909361839294,0.6470588235294118
83,29700,S13,test,0.7272727489471436,0.425
83,29700,S15,test,0.6363636255264282,0.4666666666666666
83,29700,S16,test,1.0,0.6666666666666666
83,29700,S3,test,0.8181818127632141,0.7857142857142857
83,29700,S5,test,0.7272727489471436,0.5757575757575758
83,29700,S6,test,0.7272727489471436,0.4583333333333333
83,29700,S7,test,0.8181818127632141,0.5576923076923077
83,29700,S8,test,0.7272727489471436,0.5064102564102564
83,29700,S9,test,0.9090909361839294,0.5803921568627451
83,30600,S11,test,0.9090909361839294,0.6470588235294118
83,30600,S13,test,0.7272727489471436,0.4411764705882353
83,30600,S15,test,0.6363636255264282,0.4666666666666666
83,30600,S16,test,1.0,0.6666666666666666
83,30600,S3,test,0.8181818127632141,0.7857142857142857
83,30600,S5,test,0.7272727489471436,0.5757575757575758
83,30600,S6,test,0.7272727489471436,0.4583333333333333
83,30600,S7,test,0.8181818127632141,0.5576923076923077
83,30600,S8,test,0.8181818127632141,0.5740740740740741
83,30600,S9,test,1.0,0.6666666666666666
83,31500,S11,test,0.9090909361839294,0.6470588235294118
83,31500,S13,test,0.7272727489471436,0.4411764705882353
83,31500,S15,test,0.6363636255264282,0.4666666666666666
83,31500,S16,test,1.0,0.6666666666666666
83,31500,S3,test,0.8181818127632141,0.7857142857142857
83,31500,S5,test,0.7272727489471436,0.5757575757575758
83,31500,S6,test,0.7272727489471436,0.4583333333333333
83,31500,S7,test,0.8181818127632141,0.5576923076923077
83,31500,S8,test,0.8181818127632141,0.5740740740740741
83,31500,S9,test,1.0,0.6666666666666666
83,32400,S11,test,0.9090909361839294,0.6470588235294118
83,32400,S13,test,0.7272727489471436,0.4411764705882353
83,32400,S15,test,0.7272727489471436,0.6948051948051948
83,32400,S16,test,1.0,0.6666666666666666
83,32400,S3,test,0.8181818127632141,0.7857142857142857
83,32400,S5,test,0.7272727489471436,0.5757575757575758
83,32400,S6,test,0.7272727489471436,0.4583333333333333
83,32400,S7,test,0.8181818127632141,0.5576923076923077
83,32400,S8,test,0.8181818127632141,0.5740740740740741
83,32400,S9,test,1.0,0.6666666666666666
83,33300,S11,test,0.9090909361839294,0.6470588235294118
83,33300,S13,test,0.7272727489471436,0.4411764705882353
83,33300,S15,test,0.7272727489471436,0.7111111111111111
83,33300,S16,test,1.0,0.6666666666666666
83,33300,S3,test,0.8181818127632141,0.7857142857142857
83,33300,S5,test,0.7272727489471436,0.5757575757575758
83,33300,S6,test,0.7272727489471436,0.4583333333333333
83,33300,S7,test,0.8181818127632141,0.5576923076923077
83,33300,S8,test,0.8181818127632141,0.5740740740740741
83,33300,S9,test,1.0,0.6666666666666666
83,34200,S11,test,0.9090909361839294,0.6470588235294118
83,34200,S13,test,0.7272727489471436,0.4411764705882353
83,34200,S15,test,0.7272727489471436,0.7111111111111111
83,34200,S16,test,1.0,0.6666666666666666
83,34200,S3,test,0.8181818127632141,0.7857142857142857
83,34200,S5,test,0.7272727489471436,0.5757575757575758
83,34200,S6,test,0.7272727489471436,0.4583333333333333
83,34200,S7,test,0.8181818127632141,0.5576923076923077
83,34200,S8,test,0.7272727489471436,0.5064102564102564
83,34200,S9,test,1.0,0.6666666666666666
83,35100,S11,test,0.9090909361839294,0.6470588235294118
83,35100,S13,test,0.7272727489471436,0.4411764705882353
83,35100,S15,test,0.7272727489471436,0.7111111111111111
83,35100,S16,test,1.0,0.6666666666666666
83,35100,S3,test,0.8181818127632141,0.7857142857142857
83,35100,S5,test,0.7272727489471436,0.5757575757575758
83,35100,S6,test,0.7272727489471436,0.4583333333333333
83,35100,S7,test,0.8181818127632141,0.5576923076923077
83,35100,S8,test,0.7272727489471436,0.5064102564102564
83,35100,S9,test,0.9090909361839294,0.5803921568627451
83,36000,S11,test,0.9090909361839294,0.6470588235294118
83,36000,S13,test,0.7272727489471436,0.4411764705882353
83,36000,S15,test,0.7272727489471436,0.7111111111111111
83,36000,S16,test,1.0,0.6666666666666666
83,36000,S3,test,0.8181818127632141,0.7857142857142857
83,36000,S5,test,0.7272727489471436,0.5757575757575758
83,36000,S6,test,0.7272727489471436,0.4583333333333333
83,36000,S7,test,0.8181818127632141,0.5576923076923077
83,36000,S8,test,0.6363636255264282,0.42857142857142855
83,36000,S9,test,1.0,0.6666666666666666
83,36900,S11,test,0.9090909361839294,0.6470588235294118
83,36900,S13,test,0.7272727489471436,0.4411764705882353
83,36900,S15,test,0.7272727489471436,0.7146464646464646
83,36900,S16,test,1.0,0.6666666666666666
83,36900,S3,test,0.8181818127632141,0.7857142857142857
83,36900,S5,test,0.7272727489471436,0.5757575757575758
83,36900,S6,test,0.7272727489471436,0.4583333333333333
83,36900,S7,test,0.8181818127632141,0.5576923076923077
83,36900,S8,test,0.8181818127632141,0.5740740740740741
83,36900,S9,test,0.9090909361839294,0.5803921568627451
83,37800,S11,test,0.9090909361839294,0.6470588235294118
83,37800,S13,test,0.7272727489471436,0.425
83,37800,S15,test,0.8181818127632141,0.7857142857142857
83,37800,S16,test,1.0,0.6666666666666666
83,37800,S3,test,0.8181818127632141,0.7857142857142857
83,37800,S5,test,0.7272727489471436,0.5757575757575758
83,37800,S6,test,0.7272727489471436,0.4583333333333333
83,37800,S7,test,0.8181818127632141,0.5576923076923077
83,37800,S8,test,0.8181818127632141,0.5740740740740741
83,37800,S9,test,1.0,0.6666666666666666
83,38700,S11,test,0.9090909361839294,0.6470588235294118
83,38700,S13,test,0.7272727489471436,0.4411764705882353
83,38700,S15,test,0.7272727489471436,0.7146464646464646
83,38700,S16,test,1.0,0.6666666666666666
83,38700,S3,test,0.8181818127632141,0.7857142857142857
83,38700,S5,test,0.7272727489471436,0.5757575757575758
83,38700,S6,test,0.7272727489471436,0.4583333333333333
83,38700,S7,test,0.8181818127632141,0.5576923076923077
83,38700,S8,test,0.8181818127632141,0.5740740740740741
83,38700,S9,test,0.9090909361839294,0.5803921568627451
83,39600,S11,test,0.9090909361839294,0.6470588235294118
83,39600,S13,test,0.7272727489471436,0.425
83,39600,S15,test,0.6363636255264282,0.4666666666666666
83,39600,S16,test,1.0,0.6666666666666666
83,39600,S3,test,0.8181818127632141,0.7857142857142857
83,39600,S5,test,0.7272727489471436,0.5757575757575758
83,39600,S6,test,0.7272727489471436,0.4583333333333333
83,39600,S7,test,0.8181818127632141,0.5576923076923077
83,39600,S8,test,0.6363636255264282,0.42857142857142855
83,39600,S9,test,1.0,0.6666666666666666
83,40500,S11,test,0.9090909361839294,0.6470588235294118
83,40500,S13,test,0.7272727489471436,0.425
83,40500,S15,test,0.8181818127632141,0.7857142857142857
83,40500,S16,test,1.0,0.6666666666666666
83,40500,S3,test,0.7272727489471436,0.6412698412698412
83,40500,S5,test,0.7272727489471436,0.5757575757575758
83,40500,S6,test,0.7272727489471436,0.4583333333333333
83,40500,S7,test,0.8181818127632141,0.5576923076923077
83,40500,S8,test,0.8181818127632141,0.5740740740740741
83,40500,S9,test,1.0,0.6666666666666666
83,41400,S11,test,0.9090909361839294,0.6470588235294118
83,41400,S13,test,0.7272727489471436,0.425
83,41400,S15,test,0.7272727489471436,0.7111111111111111
83,41400,S16,test,1.0,0.6666666666666666
83,41400,S3,test,0.8181818127632141,0.7857142857142857
83,41400,S5,test,0.7272727489471436,0.5757575757575758
83,41400,S6,test,0.7272727489471436,0.4583333333333333
83,41400,S7,test,0.8181818127632141,0.5576923076923077
83,41400,S8,test,0.7272727489471436,0.5090909090909091
83,41400,S9,test,1.0,0.6666666666666666
83,42300,S11,test,0.9090909361839294,0.6470588235294118
83,42300,S13,test,0.7272727489471436,0.4411764705882353
83,42300,S15,test,0.7272727489471436,0.7111111111111111
83,42300,S16,test,1.0,0.6666666666666666
83,42300,S3,test,0.8181818127632141,0.7857142857142857
83,42300,S5,test,0.7272727489471436,0.5757575757575758
83,42300,S6,test,0.7272727489471436,0.4583333333333333
83,42300,S7,test,0.8181818127632141,0.5576923076923077
83,42300,S8,test,0.6363636255264282,0.42857142857142855
83,42300,S9,test,0.9090909361839294,0.5803921568627451
83,43200,S11,test,0.9090909361839294,0.6470588235294118
83,43200,S13,test,0.7272727489471436,0.4411764705882353
83,43200,S15,test,0.7272727489471436,0.7111111111111111
83,43200,S16,test,1.0,0.6666666666666666
83,43200,S3,test,0.7272727489471436,0.6412698412698412
83,43200,S5,test,0.7272727489471436,0.562962962962963
83,43200,S6,test,0.7272727489471436,0.4583333333333333
83,43200,S7,test,0.8181818127632141,0.5576923076923077
83,43200,S8,test,0.7272727489471436,0.5064102564102564
83,43200,S9,test,1.0,0.6666666666666666
83,44100,S11,test,0.9090909361839294,0.6470588235294118
83,44100,S13,test,0.7272727489471436,0.4411764705882353
83,44100,S15,test,0.7272727489471436,0.7146464646464646
83,44100,S16,test,1.0,0.6666666666666666
83,44100,S3,test,0.8181818127632141,0.7857142857142857
83,44100,S5,test,0.7272727489471436,0.5757575757575758
83,44100,S6,test,0.7272727489471436,0.4583333333333333
83,44100,S7,test,0.8181818127632141,0.5576923076923077
83,44100,S8,test,0.8181818127632141,0.5740740740740741
83,44100,S9,test,1.0,0.6666666666666666
83,45000,S11,test,0.9090909361839294,0.6470588235294118
83,45000,S13,test,0.7272727489471436,0.425
83,45000,S15,test,0.7272727489471436,0.7111111111111111
83,45000,S16,test,1.0,0.6666666666666666
83,45000,S3,test,0.8181818127632141,0.7857142857142857
83,45000,S5,test,0.7272727489471436,0.5757575757575758
83,45000,S6,test,0.7272727489471436,0.4583333333333333
83,45000,S7,test,0.8181818127632141,0.5576923076923077
83,45000,S8,test,0.7272727489471436,0.5064102564102564
83,45000,S9,test,1.0,0.6666666666666666
83,45900,S11,test,0.9090909361839294,0.6470588235294118
83,45900,S13,test,0.7272727489471436,0.425
83,45900,S15,test,0.7272727489471436,0.7146464646464646
83,45900,S16,test,1.0,0.6666666666666666
83,45900,S3,test,0.8181818127632141,0.7857142857142857
83,45900,S5,test,0.7272727489471436,0.562962962962963
83,45900,S6,test,0.7272727489471436,0.4583333333333333
83,45900,S7,test,0.8181818127632141,0.5576923076923077
83,45900,S8,test,0.7272727489471436,0.5064102564102564
83,45900,S9,test,1.0,0.6666666666666666
83,46800,S11,test,0.9090909361839294,0.6470588235294118
83,46800,S13,test,0.7272727489471436,0.425
83,46800,S15,test,0.7272727489471436,0.7111111111111111
83,46800,S16,test,1.0,0.6666666666666666
83,46800,S3,test,0.7272727489471436,0.6412698412698412
83,46800,S5,test,0.7272727489471436,0.5757575757575758
83,46800,S6,test,0.7272727489471436,0.4583333333333333
83,46800,S7,test,0.8181818127632141,0.5576923076923077
83,46800,S8,test,0.8181818127632141,0.5740740740740741
83,46800,S9,test,1.0,0.6666666666666666
83,47700,S11,test,0.9090909361839294,0.6470588235294118
83,47700,S13,test,0.7272727489471436,0.4411764705882353
83,47700,S15,test,0.7272727489471436,0.7146464646464646
83,47700,S16,test,1.0,0.6666666666666666
83,47700,S3,test,0.8181818127632141,0.7857142857142857
83,47700,S5,test,0.7272727489471436,0.5757575757575758
83,47700,S6,test,0.7272727489471436,0.4583333333333333
83,47700,S7,test,0.8181818127632141,0.5576923076923077
83,47700,S8,test,0.8181818127632141,0.5740740740740741
83,47700,S9,test,0.9090909361839294,0.5803921568627451
83,48600,S11,test,0.9090909361839294,0.6470588235294118
83,48600,S13,test,0.7272727489471436,0.425
83,48600,S15,test,0.7272727489471436,0.7111111111111111
83,48600,S16,test,1.0,0.6666666666666666
83,48600,S3,test,0.8181818127632141,0.7857142857142857
83,48600,S5,test,0.7272727489471436,0.5757575757575758
83,48600,S6,test,0.7272727489471436,0.4583333333333333
83,48600,S7,test,0.8181818127632141,0.5576923076923077
83,48600,S8,test,0.7272727489471436,0.5064102564102564
83,48600,S9,test,1.0,0.6666666666666666
83,49500,S11,test,0.9090909361839294,0.6470588235294118
83,49500,S13,test,0.7272727489471436,0.4411764705882353
83,49500,S15,test,0.7272727489471436,0.6948051948051948
83,49500,S16,test,1.0,0.6666666666666666
83,49500,S3,test,0.7272727489471436,0.6412698412698412
83,49500,S5,test,0.7272727489471436,0.5757575757575758
83,49500,S6,test,0.7272727489471436,0.4583333333333333
83,49500,S7,test,0.8181818127632141,0.5576923076923077
83,49500,S8,test,0.7272727489471436,0.5064102564102564
83,49500,S9,test,0.9090909361839294,0.5555555555555555
83,50400,S11,test,0.9090909361839294,0.6470588235294118
83,50400,S13,test,0.7272727489471436,0.425
83,50400,S15,test,0.7272727489471436,0.7111111111111111
83,50400,S16,test,1.0,0.6666666666666666
83,50400,S3,test,0.7272727489471436,0.6412698412698412
83,50400,S5,test,0.7272727489471436,0.5757575757575758
83,50400,S6,test,0.7272727489471436,0.4583333333333333
83,50400,S7,test,0.8181818127632141,0.5576923076923077
83,50400,S8,test,0.8181818127632141,0.5740740740740741
83,50400,S9,test,1.0,0.6666666666666666
83,51300,S11,test,0.9090909361839294,0.6470588235294118
83,51300,S13,test,0.7272727489471436,0.425
83,51300,S15,test,0.7272727489471436,0.7111111111111111
83,51300,S16,test,1.0,0.6666666666666666
83,51300,S3,test,0.7272727489471436,0.6412698412698412
83,51300,S5,test,0.7272727489471436,0.5757575757575758
83,51300,S6,test,0.7272727489471436,0.4583333333333333
83,51300,S7,test,0.8181818127632141,0.5576923076923077
83,51300,S8,test,0.8181818127632141,0.5740740740740741
83,51300,S9,test,1.0,0.6666666666666666
83,52200,S11,test,0.9090909361839294,0.6470588235294118
83,52200,S13,test,0.7272727489471436,0.4411764705882353
83,52200,S15,test,0.7272727489471436,0.6833333333333332
83,52200,S16,test,1.0,0.6666666666666666
83,52200,S3,test,0.8181818127632141,0.7857142857142857
83,52200,S5,test,0.7272727489471436,0.5757575757575758
83,52200,S6,test,0.7272727489471436,0.4583333333333333
83,52200,S7,test,0.8181818127632141,0.5576923076923077
83,52200,S8,test,0.8181818127632141,0.5740740740740741
83,52200,S9,test,1.0,0.6666666666666666
83,53100,S11,test,0.9090909361839294,0.6470588235294118
83,53100,S13,test,0.7272727489471436,0.4411764705882353
83,53100,S15,test,0.7272727489471436,0.7111111111111111
83,53100,S16,test,1.0,0.6666666666666666
83,53100,S3,test,0.8181818127632141,0.7857142857142857
83,53100,S5,test,0.7272727489471436,0.5757575757575758
83,53100,S6,test,0.8181818127632141,0.5777777777777778
83,53100,S7,test,0.8181818127632141,0.5576923076923077
83,53100,S8,test,0.7272727489471436,0.5064102564102564
83,53100,S9,test,1.0,0.6666666666666666
83,54000,S11,test,0.9090909361839294,0.6470588235294118
83,54000,S13,test,0.7272727489471436,0.4411764705882353
83,54000,S15,test,0.7272727489471436,0.7111111111111111
83,54000,S16,test,1.0,0.6666666666666666
83,54000,S3,test,0.7272727489471436,0.6412698412698412
83,54000,S5,test,0.7272727489471436,0.5757575757575758
83,54000,S6,test,0.7272727489471436,0.4583333333333333
83,54000,S7,test,0.8181818127632141,0.5576923076923077
83,54000,S8,test,0.6363636255264282,0.42857142857142855
83,54000,S9,test,0.9090909361839294,0.5555555555555555
83,54900,S11,test,0.9090909361839294,0.6470588235294118
83,54900,S13,test,0.7272727489471436,0.4411764705882353
83,54900,S15,test,0.7272727489471436,0.7111111111111111
83,54900,S16,test,1.0,0.6666666666666666
83,54900,S3,test,0.7272727489471436,0.6412698412698412
83,54900,S5,test,0.7272727489471436,0.5757575757575758
83,54900,S6,test,0.7272727489471436,0.4583333333333333
83,54900,S7,test,0.8181818127632141,0.5576923076923077
83,54900,S8,test,0.7272727489471436,0.5064102564102564
83,54900,S9,test,1.0,0.6666666666666666
83,55800,S11,test,0.9090909361839294,0.6470588235294118
83,55800,S13,test,0.7272727489471436,0.4411764705882353
83,55800,S15,test,0.7272727489471436,0.7111111111111111
83,55800,S16,test,1.0,0.6666666666666666
83,55800,S3,test,0.7272727489471436,0.6412698412698412
83,55800,S5,test,0.7272727489471436,0.5757575757575758
83,55800,S6,test,0.8181818127632141,0.5777777777777778
83,55800,S7,test,0.8181818127632141,0.5576923076923077
83,55800,S8,test,0.8181818127632141,0.5740740740740741
83,55800,S9,test,0.9090909361839294,0.5555555555555555
83,56700,S11,test,0.9090909361839294,0.6470588235294118
83,56700,S13,test,0.7272727489471436,0.425
83,56700,S15,test,0.7272727489471436,0.7111111111111111
83,56700,S16,test,1.0,0.6666666666666666
83,56700,S3,test,0.7272727489471436,0.6412698412698412
83,56700,S5,test,0.7272727489471436,0.5757575757575758
83,56700,S6,test,0.7272727489471436,0.4583333333333333
83,56700,S7,test,0.8181818127632141,0.5576923076923077
83,56700,S8,test,0.6363636255264282,0.42857142857142855
83,56700,S9,test,0.9090909361839294,0.5555555555555555
83,57600,S11,test,0.9090909361839294,0.6470588235294118
83,57600,S13,test,0.7272727489471436,0.425
83,57600,S15,test,0.7272727489471436,0.7111111111111111
83,57600,S16,test,1.0,0.6666666666666666
83,57600,S3,test,0.8181818127632141,0.7857142857142857
83,57600,S5,test,0.7272727489471436,0.5757575757575758
83,57600,S6,test,0.7272727489471436,0.4583333333333333
83,57600,S7,test,0.8181818127632141,0.5576923076923077
83,57600,S8,test,0.7272727489471436,0.5064102564102564
83,57600,S9,test,1.0,0.6666666666666666
83,58500,S11,test,0.9090909361839294,0.6470588235294118
83,58500,S13,test,0.7272727489471436,0.425
83,58500,S15,test,0.7272727489471436,0.7111111111111111
83,58500,S16,test,1.0,0.6666666666666666
83,58500,S3,test,0.7272727489471436,0.6412698412698412
83,58500,S5,test,0.7272727489471436,0.5757575757575758
83,58500,S6,test,0.8181818127632141,0.5777777777777778
83,58500,S7,test,0.8181818127632141,0.5576923076923077
83,58500,S8,test,0.8181818127632141,0.5740740740740741
83,58500,S9,test,1.0,0.6666666666666666
83,59400,S11,test,0.9090909361839294,0.6470588235294118
83,59400,S13,test,0.7272727489471436,0.4411764705882353
83,59400,S15,test,0.7272727489471436,0.7146464646464646
83,59400,S16,test,1.0,0.6666666666666666
83,59400,S3,test,0.7272727489471436,0.6412698412698412
83,59400,S5,test,0.7272727489471436,0.5757575757575758
83,59400,S6,test,0.7272727489471436,0.4583333333333333
83,59400,S7,test,0.8181818127632141,0.5576923076923077
83,59400,S8,test,0.8181818127632141,0.5740740740740741
83,59400,S9,test,1.0,0.6666666666666666
83,60300,S11,test,0.9090909361839294,0.6470588235294118
83,60300,S13,test,0.7272727489471436,0.4411764705882353
83,60300,S15,test,0.7272727489471436,0.7111111111111111
83,60300,S16,test,1.0,0.6666666666666666
83,60300,S3,test,0.8181818127632141,0.7857142857142857
83,60300,S5,test,0.7272727489471436,0.5757575757575758
83,60300,S6,test,0.7272727489471436,0.4583333333333333
83,60300,S7,test,0.8181818127632141,0.5576923076923077
83,60300,S8,test,0.7272727489471436,0.5064102564102564
83,60300,S9,test,1.0,0.6666666666666666
83,61200,S11,test,0.9090909361839294,0.6470588235294118
83,61200,S13,test,0.7272727489471436,0.4411764705882353
83,61200,S15,test,0.7272727489471436,0.7111111111111111
83,61200,S16,test,1.0,0.6666666666666666
83,61200,S3,test,0.7272727489471436,0.6412698412698412
83,61200,S5,test,0.7272727489471436,0.5757575757575758
83,61200,S6,test,0.7272727489471436,0.4583333333333333
83,61200,S7,test,0.8181818127632141,0.5576923076923077
83,61200,S8,test,0.6363636255264282,0.42857142857142855
83,61200,S9,test,0.9090909361839294,0.5555555555555555
83,62100,S11,test,0.9090909361839294,0.6470588235294118
83,62100,S13,test,0.7272727489471436,0.4411764705882353
83,62100,S15,test,0.7272727489471436,0.6948051948051948
83,62100,S16,test,1.0,0.6666666666666666
83,62100,S3,test,0.7272727489471436,0.6412698412698412
83,62100,S5,test,0.7272727489471436,0.5757575757575758
83,62100,S6,test,0.8181818127632141,0.5777777777777778
83,62100,S7,test,0.8181818127632141,0.5576923076923077
83,62100,S8,test,0.8181818127632141,0.5740740740740741
83,62100,S9,test,0.9090909361839294,0.5803921568627451
83,63000,S11,test,0.9090909361839294,0.6470588235294118
83,63000,S13,test,0.7272727489471436,0.4411764705882353
83,63000,S15,test,0.6363636255264282,0.4666666666666666
83,63000,S16,test,1.0,0.6666666666666666
83,63000,S3,test,0.7272727489471436,0.6412698412698412
83,63000,S5,test,0.7272727489471436,0.5757575757575758
83,63000,S6,test,0.7272727489471436,0.4583333333333333
83,63000,S7,test,0.8181818127632141,0.5576923076923077
83,63000,S8,test,0.8181818127632141,0.5740740740740741
83,63000,S9,test,0.9090909361839294,0.5555555555555555
83,63900,S11,test,0.9090909361839294,0.6470588235294118
83,63900,S13,test,0.7272727489471436,0.4411764705882353
83,63900,S15,test,0.7272727489471436,0.7111111111111111
83,63900,S16,test,1.0,0.6666666666666666
83,63900,S3,test,0.8181818127632141,0.7857142857142857
83,63900,S5,test,0.7272727489471436,0.5757575757575758
83,63900,S6,test,0.7272727489471436,0.4583333333333333
83,63900,S7,test,0.8181818127632141,0.5576923076923077
83,63900,S8,test,0.8181818127632141,0.5740740740740741
83,63900,S9,test,0.9090909361839294,0.5555555555555555
83,64800,S11,test,0.9090909361839294,0.6470588235294118
83,64800,S13,test,0.7272727489471436,0.4411764705882353
83,64800,S15,test,0.7272727489471436,0.7111111111111111
83,64800,S16,test,1.0,0.6666666666666666
83,64800,S3,test,0.7272727489471436,0.6412698412698412
83,64800,S5,test,0.7272727489471436,0.5757575757575758
83,64800,S6,test,0.7272727489471436,0.4583333333333333
83,64800,S7,test,0.8181818127632141,0.5576923076923077
83,64800,S8,test,0.8181818127632141,0.5740740740740741
83,64800,S9,test,0.9090909361839294,0.5555555555555555
83,65700,S11,test,0.9090909361839294,0.6470588235294118
83,65700,S13,test,0.7272727489471436,0.4411764705882353
83,65700,S15,test,0.7272727489471436,0.6948051948051948
83,65700,S16,test,1.0,0.6666666666666666
83,65700,S3,test,0.7272727489471436,0.6412698412698412
83,65700,S5,test,0.7272727489471436,0.5757575757575758
83,65700,S6,test,0.8181818127632141,0.5777777777777778
83,65700,S7,test,0.8181818127632141,0.5576923076923077
83,65700,S8,test,0.7272727489471436,0.5090909090909091
83,65700,S9,test,0.9090909361839294,0.5555555555555555
83,66600,S11,test,0.9090909361839294,0.6470588235294118
83,66600,S13,test,0.7272727489471436,0.4411764705882353
83,66600,S15,test,0.7272727489471436,0.7111111111111111
83,66600,S16,test,1.0,0.6666666666666666
83,66600,S3,test,0.7272727489471436,0.6412698412698412
83,66600,S5,test,0.7272727489471436,0.5757575757575758
83,66600,S6,test,0.7272727489471436,0.4583333333333333
83,66600,S7,test,0.8181818127632141,0.5576923076923077
83,66600,S8,test,0.8181818127632141,0.5740740740740741
83,66600,S9,test,1.0,0.6666666666666666
83,67500,S11,test,0.9090909361839294,0.6470588235294118
83,67500,S13,test,0.7272727489471436,0.425
83,67500,S15,test,0.7272727489471436,0.7111111111111111
83,67500,S16,test,1.0,0.6666666666666666
83,67500,S3,test,0.7272727489471436,0.6412698412698412
83,67500,S5,test,0.7272727489471436,0.5757575757575758
83,67500,S6,test,0.8181818127632141,0.5777777777777778
83,67500,S7,test,0.8181818127632141,0.5576923076923077
83,67500,S8,test,0.7272727489471436,0.5064102564102564
83,67500,S9,test,1.0,0.6666666666666666
83,68400,S11,test,0.9090909361839294,0.6470588235294118
83,68400,S13,test,0.7272727489471436,0.425
83,68400,S15,test,0.7272727489471436,0.7111111111111111
83,68400,S16,test,1.0,0.6666666666666666
83,68400,S3,test,0.7272727489471436,0.6412698412698412
83,68400,S5,test,0.7272727489471436,0.5757575757575758
83,68400,S6,test,0.7272727489471436,0.4583333333333333
83,68400,S7,test,0.8181818127632141,0.5576923076923077
83,68400,S8,test,0.8181818127632141,0.5740740740740741
83,68400,S9,test,0.9090909361839294,0.5555555555555555
83,69300,S11,test,0.9090909361839294,0.6470588235294118
83,69300,S13,test,0.7272727489471436,0.4411764705882353
83,69300,S15,test,0.7272727489471436,0.7111111111111111
83,69300,S16,test,1.0,0.6666666666666666
83,69300,S3,test,0.7272727489471436,0.6412698412698412
83,69300,S5,test,0.7272727489471436,0.5757575757575758
83,69300,S6,test,0.7272727489471436,0.4583333333333333
83,69300,S7,test,0.8181818127632141,0.5576923076923077
83,69300,S8,test,0.8181818127632141,0.5740740740740741
83,69300,S9,test,0.9090909361839294,0.5555555555555555
83,70200,S11,test,0.9090909361839294,0.6470588235294118
83,70200,S13,test,0.7272727489471436,0.4411764705882353
83,70200,S15,test,0.7272727489471436,0.7111111111111111
83,70200,S16,test,1.0,0.6666666666666666
83,70200,S3,test,0.7272727489471436,0.6412698412698412
83,70200,S5,test,0.7272727489471436,0.5757575757575758
83,70200,S6,test,0.8181818127632141,0.5777777777777778
83,70200,S7,test,0.8181818127632141,0.5576923076923077
83,70200,S8,test,0.7272727489471436,0.5064102564102564
83,70200,S9,test,0.9090909361839294,0.5803921568627451
83,71100,S11,test,0.9090909361839294,0.6470588235294118
83,71100,S13,test,0.7272727489471436,0.4411764705882353
83,71100,S15,test,0.7272727489471436,0.7111111111111111
83,71100,S16,test,1.0,0.6666666666666666
83,71100,S3,test,0.7272727489471436,0.6412698412698412
83,71100,S5,test,0.7272727489471436,0.5757575757575758
83,71100,S6,test,0.8181818127632141,0.5777777777777778
83,71100,S7,test,0.8181818127632141,0.5576923076923077
83,71100,S8,test,0.8181818127632141,0.5740740740740741
83,71100,S9,test,0.9090909361839294,0.5803921568627451
83,72000,S11,test,0.9090909361839294,0.6470588235294118
83,72000,S13,test,0.7272727489471436,0.4411764705882353
83,72000,S15,test,0.8181818127632141,0.7857142857142857
83,72000,S16,test,1.0,0.6666666666666666
83,72000,S3,test,0.7272727489471436,0.6412698412698412
83,72000,S5,test,0.7272727489471436,0.5757575757575758
83,72000,S6,test,0.8181818127632141,0.5777777777777778
83,72000,S7,test,0.8181818127632141,0.5576923076923077
83,72000,S8,test,0.7272727489471436,0.5064102564102564
83,72000,S9,test,0.9090909361839294,0.5555555555555555
83,72900,S11,test,0.9090909361839294,0.6470588235294118
83,72900,S13,test,0.7272727489471436,0.4411764705882353
83,72900,S15,test,0.8181818127632141,0.7857142857142857
83,72900,S16,test,1.0,0.6666666666666666
83,72900,S3,test,0.7272727489471436,0.6412698412698412
83,72900,S5,test,0.7272727489471436,0.5757575757575758
83,72900,S6,test,0.8181818127632141,0.5777777777777778
83,72900,S7,test,0.8181818127632141,0.5576923076923077
83,72900,S8,test,0.7272727489471436,0.5064102564102564
83,72900,S9,test,0.9090909361839294,0.5555555555555555
83,73800,S11,test,0.9090909361839294,0.6470588235294118
83,73800,S13,test,0.7272727489471436,0.425
83,73800,S15,test,0.7272727489471436,0.7111111111111111
83,73800,S16,test,1.0,0.6666666666666666
83,73800,S3,test,0.7272727489471436,0.6412698412698412
83,73800,S5,test,0.7272727489471436,0.5757575757575758
83,73800,S6,test,0.8181818127632141,0.5777777777777778
83,73800,S7,test,0.8181818127632141,0.5576923076923077
83,73800,S8,test,0.8181818127632141,0.5740740740740741
83,73800,S9,test,1.0,0.6666666666666666
83,74700,S11,test,0.9090909361839294,0.6470588235294118
83,74700,S13,test,0.7272727489471436,0.4411764705882353
83,74700,S15,test,0.7272727489471436,0.7111111111111111
83,74700,S16,test,1.0,0.6666666666666666
83,74700,S3,test,0.7272727489471436,0.6412698412698412
83,74700,S5,test,0.7272727489471436,0.5757575757575758
83,74700,S6,test,0.7272727489471436,0.4583333333333333
83,74700,S7,test,0.8181818127632141,0.5576923076923077
83,74700,S8,test,0.7272727489471436,0.5064102564102564
83,74700,S9,test,0.9090909361839294,0.5555555555555555
83,75600,S11,test,0.9090909361839294,0.6470588235294118
83,75600,S13,test,0.7272727489471436,0.4411764705882353
83,75600,S15,test,0.8181818127632141,0.7857142857142857
83,75600,S16,test,1.0,0.6666666666666666
83,75600,S3,test,0.7272727489471436,0.6412698412698412
83,75600,S5,test,0.7272727489471436,0.5757575757575758
83,75600,S6,test,0.7272727489471436,0.4583333333333333
83,75600,S7,test,0.8181818127632141,0.5576923076923077
83,75600,S8,test,0.8181818127632141,0.5740740740740741
83,75600,S9,test,0.9090909361839294,0.5555555555555555
83,76500,S11,test,0.9090909361839294,0.6470588235294118
83,76500,S13,test,0.7272727489471436,0.425
83,76500,S15,test,0.7272727489471436,0.6833333333333332
83,76500,S16,test,1.0,0.6666666666666666
83,76500,S3,test,0.7272727489471436,0.6412698412698412
83,76500,S5,test,0.7272727489471436,0.5757575757575758
83,76500,S6,test,0.8181818127632141,0.5777777777777778
83,76500,S7,test,0.8181818127632141,0.5576923076923077
83,76500,S8,test,0.8181818127632141,0.5740740740740741
83,76500,S9,test,0.9090909361839294,0.5555555555555555
83,77400,S11,test,0.9090909361839294,0.6470588235294118
83,77400,S13,test,0.7272727489471436,0.425
83,77400,S15,test,0.7272727489471436,0.7111111111111111
83,77400,S16,test,1.0,0.6666666666666666
83,77400,S3,test,0.7272727489471436,0.6412698412698412
83,77400,S5,test,0.7272727489471436,0.5757575757575758
83,77400,S6,test,0.8181818127632141,0.5777777777777778
83,77400,S7,test,0.8181818127632141,0.5576923076923077
83,77400,S8,test,0.7272727489471436,0.5064102564102564
83,77400,S9,test,0.9090909361839294,0.5803921568627451
83,78300,S11,test,0.9090909361839294,0.6470588235294118
83,78300,S13,test,0.7272727489471436,0.4411764705882353
83,78300,S15,test,0.7272727489471436,0.7111111111111111
83,78300,S16,test,1.0,0.6666666666666666
83,78300,S3,test,0.8181818127632141,0.7857142857142857
83,78300,S5,test,0.7272727489471436,0.562962962962963
83,78300,S6,test,0.7272727489471436,0.4583333333333333
83,78300,S7,test,0.8181818127632141,0.5576923076923077
83,78300,S8,test,0.8181818127632141,0.5740740740740741
83,78300,S9,test,0.9090909361839294,0.5803921568627451
83,79200,S11,test,0.9090909361839294,0.6470588235294118
83,79200,S13,test,0.7272727489471436,0.4411764705882353
83,79200,S15,test,0.7272727489471436,0.6833333333333332
83,79200,S16,test,1.0,0.6666666666666666
83,79200,S3,test,0.7272727489471436,0.6412698412698412
83,79200,S5,test,0.7272727489471436,0.5757575757575758
83,79200,S6,test,0.8181818127632141,0.5777777777777778
83,79200,S7,test,0.8181818127632141,0.5576923076923077
83,79200,S8,test,0.6363636255264282,0.42857142857142855
83,79200,S9,test,0.9090909361839294,0.5555555555555555
83,80100,S11,test,0.9090909361839294,0.6470588235294118
83,80100,S13,test,0.7272727489471436,0.4411764705882353
83,80100,S15,test,0.7272727489471436,0.7111111111111111
83,80100,S16,test,1.0,0.6666666666666666
83,80100,S3,test,0.7272727489471436,0.6412698412698412
83,80100,S5,test,0.7272727489471436,0.5757575757575758
83,80100,S6,test,0.8181818127632141,0.5777777777777778
83,80100,S7,test,0.8181818127632141,0.5576923076923077
83,80100,S8,test,0.8181818127632141,0.5740740740740741
83,80100,S9,test,1.0,0.6666666666666666
83,81000,S11,test,0.9090909361839294,0.6470588235294118
83,81000,S13,test,0.7272727489471436,0.4411764705882353
83,81000,S15,test,0.7272727489471436,0.6833333333333332
83,81000,S16,test,1.0,0.6666666666666666
83,81000,S3,test,0.7272727489471436,0.6412698412698412
83,81000,S5,test,0.7272727489471436,0.5757575757575758
83,81000,S6,test,0.8181818127632141,0.5777777777777778
83,81000,S7,test,0.8181818127632141,0.5576923076923077
83,81000,S8,test,0.8181818127632141,0.5740740740740741
83,81000,S9,test,0.9090909361839294,0.5555555555555555
83,81900,S11,test,0.9090909361839294,0.6470588235294118
83,81900,S13,test,0.7272727489471436,0.4411764705882353
83,81900,S15,test,0.7272727489471436,0.7111111111111111
83,81900,S16,test,1.0,0.6666666666666666
83,81900,S3,test,0.7272727489471436,0.6412698412698412
83,81900,S5,test,0.7272727489471436,0.5757575757575758
83,81900,S6,test,0.8181818127632141,0.5777777777777778
83,81900,S7,test,0.8181818127632141,0.5576923076923077
83,81900,S8,test,0.8181818127632141,0.5740740740740741
83,81900,S9,test,0.9090909361839294,0.5555555555555555
83,82800,S11,test,0.9090909361839294,0.6470588235294118
83,82800,S13,test,0.7272727489471436,0.4411764705882353
83,82800,S15,test,0.8181818127632141,0.7857142857142857
83,82800,S16,test,1.0,0.6666666666666666
83,82800,S3,test,0.7272727489471436,0.6412698412698412
83,82800,S5,test,0.7272727489471436,0.5757575757575758
83,82800,S6,test,0.7272727489471436,0.4583333333333333
83,82800,S7,test,0.8181818127632141,0.5576923076923077
83,82800,S8,test,0.7272727489471436,0.5064102564102564
83,82800,S9,test,0.9090909361839294,0.5555555555555555
83,83700,S11,test,0.9090909361839294,0.6470588235294118
83,83700,S13,test,0.7272727489471436,0.4411764705882353
83,83700,S15,test,0.7272727489471436,0.7111111111111111
83,83700,S16,test,1.0,0.6666666666666666
83,83700,S3,test,0.7272727489471436,0.6412698412698412
83,83700,S5,test,0.7272727489471436,0.5757575757575758
83,83700,S6,test,0.8181818127632141,0.5777777777777778
83,83700,S7,test,0.8181818127632141,0.5576923076923077
83,83700,S8,test,0.8181818127632141,0.5740740740740741
83,83700,S9,test,0.9090909361839294,0.5555555555555555
83,84600,S11,test,0.9090909361839294,0.6470588235294118
83,84600,S13,test,0.7272727489471436,0.425
83,84600,S15,test,0.7272727489471436,0.6833333333333332
83,84600,S16,test,1.0,0.6666666666666666
83,84600,S3,test,0.7272727489471436,0.6412698412698412
83,84600,S5,test,0.7272727489471436,0.5757575757575758
83,84600,S6,test,0.8181818127632141,0.5777777777777778
83,84600,S7,test,0.8181818127632141,0.5576923076923077
83,84600,S8,test,0.7272727489471436,0.5064102564102564
83,84600,S9,test,1.0,0.6666666666666666
83,85500,S11,test,0.9090909361839294,0.6470588235294118
83,85500,S13,test,0.7272727489471436,0.4411764705882353
83,85500,S15,test,0.7272727489471436,0.7111111111111111
83,85500,S16,test,1.0,0.6666666666666666
83,85500,S3,test,0.7272727489471436,0.6412698412698412
83,85500,S5,test,0.7272727489471436,0.562962962962963
83,85500,S6,test,0.7272727489471436,0.4583333333333333
83,85500,S7,test,0.8181818127632141,0.5576923076923077
83,85500,S8,test,0.8181818127632141,0.5740740740740741
83,85500,S9,test,0.9090909361839294,0.5555555555555555
83,86340,S11,test,0.9090909361839294,0.6470588235294118
83,86340,S13,test,0.7272727489471436,0.425
83,86340,S15,test,0.7272727489471436,0.6833333333333332
83,86340,S16,test,1.0,0.6666666666666666
83,86340,S3,test,0.6363636255264282,0.5897435897435898
83,86340,S5,test,0.7272727489471436,0.5757575757575758
83,86340,S6,test,0.8181818127632141,0.5777777777777778
83,86340,S7,test,0.8181818127632141,0.5576923076923077
83,86340,S8,test,0.8181818127632141,0.5740740740740741
83,86340,S9,test,0.9090909361839294,0.5555555555555555
