seed,time,node,loss,sgd_steps,total_sgd_steps,details
7,0,a,1.8597581386566162,2,2,
7,0,b,1.821827471256256,2,2,
7,0,c,1.7688507437705994,2,2,
7,0,d,1.7856345176696777,2,2,
7,0,e,1.796581506729126,2,2,
7,0,f,1.8339264392852783,2,2,
7,0,g,1.7721988558769226,2,2,
7,0,h,1.8500813245773315,2,2,
7,0,i,1.8098152875900269,2,2,
7,300,a,1.7907578349113464,2,7,
7,300,b,1.7740207314491272,2,8,
7,300,c,1.8163894414901733,2,8,
7,300,d,1.757401943206787,2,7,
7,300,e,1.768139123916626,2,7,
7,300,f,1.786473274230957,2,7,
7,300,g,1.7958131432533264,2,5,
7,300,h,1.7375520467758179,2,8,
7,300,i,1.823602557182312,2,5,
7,600,a,1.7388601303100586,2,11,
7,600,b,1.8067920804023743,2,14,
7,600,c,1.692446231842041,2,10,
7,600,d,1.7890000939369202,2,10,
7,600,e,1.7821133732795715,2,12,
7,600,f,1.750938057899475,2,13,
7,600,g,1.7675687074661255,2,9,
7,600,h,1.7549775838851929,2,11,
7,600,i,1.7582871913909912,2,10,
7,900,a,1.7524447441101074,2,17,
7,900,b,1.771458387374878,2,17,
7,900,c,1.7692976593971252,2,14,
7,900,d,1.705031394958496,2,13,
7,900,e,1.7290195226669312,2,16,
7,900,f,1.7294397354125977,2,16,
7,900,g,1.7744457125663757,2,13,
7,900,h,1.7777662873268127,2,14,
7,900,i,1.7687153816223145,2,14,
7,1200,a,1.7587503790855408,2,22,
7,1200,b,1.7477465867996216,2,22,
7,1200,c,1.760822355747223,2,17,
7,1200,d,1.7607215642929077,2,17,
7,1200,e,1.7619668245315552,2,18,
7,1200,f,1.7491141557693481,2,19,
7,1200,g,1.7889798283576965,2,16,
7,1200,h,1.8076568841934204,2,16,
7,1200,i,1.7325007319450378,2,19,
7,1500,a,1.6730109453201294,2,30,
7,1500,b,1.7404823303222656,2,25,
7,1500,c,1.7346441149711609,2,23,
7,1500,d,1.7700013518333435,2,22,
7,1500,e,1.7420939803123474,2,22,
7,1500,f,1.7123004794120789,2,24,
7,1500,g,1.785926342010498,2,21,
7,1500,h,1.7954382300376892,2,19,
7,1500,i,1.7497594952583313,2,27,
7,1800,a,1.6980546712875366,2,35,
7,1800,b,1.736253261566162,2,29,
7,1800,c,1.8082857131958008,2,27,
7,1800,d,1.7761568427085876,2,29,
7,1800,e,1.708348035812378,2,26,
7,1800,f,1.7225356101989746,2,31,
7,1800,g,1.7728644013404846,2,25,
7,1800,h,1.7812660932540894,2,24,
7,1800,i,1.666383981704712,2,30,
7,2100,a,1.698190689086914,2,42,
7,2100,b,1.7592564225196838,2,35,
7,2100,c,1.733763337135315,2,34,
7,2100,d,1.697487711906433,2,33,
7,2100,e,1.7384459972381592,2,30,
7,2100,f,1.6875800490379333,2,35,
7,2100,g,1.7462005019187927,2,29,
7,2100,h,1.681858241558075,2,27,
7,2100,i,1.667754888534546,2,36,
7,2400,a,1.6106845140457153,2,49,
7,2400,b,1.7525115013122559,2,39,
7,2400,c,1.731586515903473,2,36,
7,2400,d,1.6808084845542908,2,39,
7,2400,e,1.6610646843910217,2,32,
7,2400,f,1.7024995684623718,2,44,
7,2400,g,1.6865248680114746,2,33,
7,2400,h,1.7069284915924072,2,34,
7,2400,i,1.6072505712509155,2,40,
7,2700,a,1.6558836698532104,2,55,
7,2700,b,1.7671884894371033,2,45,
7,2700,c,1.7023454904556274,2,39,
7,2700,d,1.680625081062317,2,45,
7,2700,e,1.7141780853271484,2,36,
7,2700,f,1.705085813999176,2,51,
7,2700,g,1.7240949869155884,2,38,
7,2700,h,1.6781467199325562,2,40,
7,2700,i,1.657459318637848,2,47,
7,3000,a,1.717631757259369,2,58,
7,3000,b,1.7433959245681763,2,48,
7,3000,c,1.7813555002212524,2,43,
7,3000,d,1.6365330219268799,2,51,
7,3000,e,1.676918089389801,2,41,
7,3000,f,1.7049334049224854,2,54,
7,3000,g,1.7293480038642883,2,43,
7,3000,h,1.7189195156097412,2,44,
7,3000,i,1.5816962122917175,2,51,
7,3300,a,1.6502167582511902,2,63,
7,3300,b,1.7503702044487,2,51,
7,3300,c,1.7662173509597778,2,49,
7,3300,d,1.6092398762702942,2,56,
7,3300,e,1.710340142250061,2,45,
7,3300,f,1.703611671924591,2,59,
7,3300,g,1.7290406823158264,2,47,
7,3300,h,1.697342336177826,2,49,
7,3300,i,1.6218949556350708,2,54,
7,3600,a,1.5948953032493591,2,67,
7,3600,b,1.6934043765068054,2,55,
7,3600,c,1.7432342767715454,2,52,
7,3600,d,1.5983759760856628,2,61,
7,3600,e,1.621563732624054,2,49,
7,3600,f,1.6487977504730225,2,62,
7,3600,g,1.6526891589164734,2,52,
7,3600,h,1.6621988415718079,2,53,
7,3600,i,1.6234608888626099,2,56,
7,3900,a,1.5629874467849731,2,70,
7,3900,b,1.730638027191162,2,57,
7,3900,c,1.740395724773407,2,60,
7,3900,d,1.617121696472168,2,64,
7,3900,e,1.6172005534172058,2,56,
7,3900,f,1.6246631145477295,2,66,
7,3900,g,1.6310476660728455,2,57,
7,3900,h,1.7123109102249146,2,56,
7,3900,i,1.717020034790039,2,59,
7,4200,a,1.569230079650879,2,72,
7,4200,b,1.7671692371368408,2,61,
7,4200,c,1.68099045753479,2,65,
7,4200,d,1.617579996585846,2,68,
7,4200,e,1.6628564596176147,2,61,
7,4200,f,1.6408419609069824,2,73,
7,4200,g,1.644774317741394,2,62,
7,4200,h,1.6594513654708862,2,62,
7,4200,i,1.5893789529800415,2,63,
7,4500,a,1.5556005239486694,2,79,
7,4500,b,1.6980400085449219,2,65,
7,4500,c,1.693786859512329,2,70,
7,4500,d,1.5689556002616882,2,75,
7,4500,e,1.620422124862671,2,65,
7,4500,f,1.600028395652771,2,79,
7,4500,g,1.6930660009384155,2,65,
7,4500,h,1.61234712600708,2,66,
7,4500,i,1.6443296670913696,2,67,
7,4800,a,1.5693341493606567,2,81,
7,4800,b,1.703885555267334,2,70,
7,4800,c,1.7136361598968506,2,74,
7,4800,d,1.525469958782196,2,81,
7,4800,e,1.5909157395362854,2,71,
7,4800,f,1.6442382335662842,2,83,
7,4800,g,1.645487666130066,2,70,
7,4800,h,1.586332619190216,2,72,
7,4800,i,1.5818076729774475,2,72,
7,5100,a,1.5318450927734375,2,86,
7,5100,b,1.6752395629882812,2,73,
7,5100,c,1.6575957536697388,2,77,
7,5100,d,1.5732580423355103,2,84,
7,5100,e,1.6706200242042542,2,77,
7,5100,f,1.5853930711746216,2,86,
7,5100,g,1.6598315238952637,2,74,
7,5100,h,1.4885274171829224,2,78,
7,5100,i,1.6329187750816345,2,76,
7,5400,a,1.5145769119262695,2,90,
7,5400,b,1.6839969754219055,2,78,
7,5400,c,1.7319060564041138,2,79,
7,5400,d,1.5192290544509888,2,88,
7,5400,e,1.5817277431488037,2,80,
7,5400,f,1.5653582215309143,2,89,
7,5400,g,1.582951545715332,2,77,
7,5400,h,1.526468575000763,2,83,
7,5400,i,1.528873324394226,2,79,
7,5700,a,1.4184659719467163,2,94,
7,5700,b,1.7118026614189148,2,81,
7,5700,c,1.7392038702964783,2,83,
7,5700,d,1.51618230342865,2,90,
7,5700,e,1.4787263870239258,2,86,
7,5700,f,1.5800536274909973,2,92,
7,5700,g,1.6267458200454712,2,82,
7,5700,h,1.50638747215271,2,85,
7,5700,i,1.5814298391342163,2,83,
7,6000,a,1.4622512459754944,2,98,
7,6000,b,1.6902493238449097,2,85,
7,6000,c,1.6070996522903442,2,87,
7,6000,d,1.5762933492660522,2,96,
7,6000,e,1.5682023167610168,2,92,
7,6000,f,1.6158620715141296,2,96,
7,6000,g,1.6173036098480225,2,87,
7,6000,h,1.5375189781188965,2,90,
7,6000,i,1.4579712748527527,2,86,
7,6300,a,1.4870835542678833,2,103,
7,6300,b,1.7232854962348938,2,88,
7,6300,c,1.6742767095565796,2,91,
7,6300,d,1.4332625269889832,2,100,
7,6300,e,1.5557600259780884,2,96,
7,6300,f,1.5228464603424072,2,102,
7,6300,g,1.5540356636047363,2,89,
7,6300,h,1.4925708770751953,2,95,
7,6300,i,1.4862481951713562,2,92,
7,6600,a,1.4339848160743713,2,107,
7,6600,b,1.6679574251174927,2,91,
7,6600,c,1.6882548928260803,2,93,
7,6600,d,1.4990577101707458,2,105,
7,6600,e,1.640644371509552,2,98,
7,6600,f,1.6406067609786987,2,106,
7,6600,g,1.5178667902946472,2,94,
7,6600,h,1.6220881938934326,2,99,
7,6600,i,1.5238773822784424,2,95,
7,6900,a,1.481776237487793,2,112,
7,6900,b,1.6922733783721924,2,96,
7,6900,c,1.6845503449440002,2,98,
7,6900,d,1.4238924980163574,2,110,
7,6900,e,1.4570256471633911,2,102,
7,6900,f,1.5011355876922607,2,109,
7,6900,g,1.5267985463142395,2,97,
7,6900,h,1.5080575942993164,2,103,
7,6900,i,1.4291324019432068,2,97,
7,7200,a,1.4010696411132812,2,116,
7,7200,b,1.6437894701957703,2,101,
7,7200,c,1.6416232585906982,2,103,
7,7200,d,1.4073442220687866,2,115,
7,7200,e,1.4438155889511108,2,106,
7,7200,f,1.496832251548767,2,114,
7,7200,g,1.4386422038078308,2,101,
7,7200,h,1.5035588145256042,2,110,
7,7200,i,1.4711568355560303,2,102,
7,7500,a,1.2780117988586426,2,118,
7,7500,b,1.6815733909606934,2,104,
7,7500,c,1.6836943626403809,2,107,
7,7500,d,1.3926379680633545,2,120,
7,7500,e,1.4044851660728455,2,110,
7,7500,f,1.4705743789672852,2,119,
7,7500,g,1.492161512374878,2,107,
7,7500,h,1.413820207118988,2,116,
7,7500,i,1.4361460208892822,2,106,
7,7800,a,1.385048270225525,2,125,
7,7800,b,1.6528784036636353,2,109,
7,7800,c,1.6165882349014282,2,111,
7,7800,d,1.3375222086906433,2,126,
7,7800,e,1.44486665725708,2,114,
7,7800,f,1.5437425374984741,2,124,
7,7800,g,1.4274458289146423,2,113,
7,7800,h,1.4651048183441162,2,119,
7,7800,i,1.5203572511672974,2,111,
7,8100,a,1.5576180815696716,2,130,
7,8100,b,1.664083182811737,2,112,
7,8100,c,1.5994146466255188,2,116,
7,8100,d,1.3462928533554077,2,132,
7,8100,e,1.5525685548782349,2,119,
7,8100,f,1.53668612241745,2,126,
7,8100,g,1.4659086465835571,2,117,
7,8100,h,1.5133609771728516,2,126,
7,8100,i,1.5227771997451782,2,114,
7,8400,a,1.3099004626274109,2,134,
7,8400,b,1.610948383808136,2,116,
7,8400,c,1.6285523176193237,2,120,
7,8400,d,1.4580304026603699,2,139,
7,8400,e,1.4692909121513367,2,124,
7,8400,f,1.4592117071151733,2,132,
7,8400,g,1.4812162518501282,2,122,
7,8400,h,1.4321765899658203,2,132,
7,8400,i,1.4903075695037842,2,117,
7,8700,a,1.432271957397461,2,138,
7,8700,b,1.6556551456451416,2,119,
7,8700,c,1.6079238653182983,2,126,
7,8700,d,1.3935030698776245,2,146,
7,8700,e,1.458494484424591,2,130,
7,8700,f,1.5225255489349365,2,139,
7,8700,g,1.3696345090866089,2,126,
7,8700,h,1.2920165657997131,2,136,
7,8700,i,1.3836382031440735,2,120,
7,9000,a,1.356768250465393,2,141,
7,9000,b,1.6115137934684753,2,122,
7,9000,c,1.5636784434318542,2,130,
7,9000,d,1.26234769821167,2,148,
7,9000,e,1.4267866611480713,2,134,
7,9000,f,1.470176339149475,2,141,
7,9000,g,1.3406717777252197,2,128,
7,9000,h,1.4068694710731506,2,139,
7,9000,i,1.3529403805732727,2,123,
7,9300,a,1.3526819944381714,2,144,
7,9300,b,1.5817853808403015,2,125,
7,9300,c,1.602463960647583,2,133,
7,9300,d,1.4406956434249878,2,150,
7,9300,e,1.3697372078895569,2,136,
7,9300,f,1.498128890991211,2,144,
7,9300,g,1.4706473350524902,2,131,
7,9300,h,1.4005047082901,2,142,
7,9300,i,1.4660084247589111,2,127,
7,9600,a,1.3211913108825684,2,147,
7,9600,b,1.6053591966629028,2,132,
7,9600,c,1.5263943076133728,2,139,
7,9600,d,1.332559883594513,2,154,
7,9600,e,1.3915320038795471,2,139,
7,9600,f,1.4193555116653442,2,148,
7,9600,g,1.6017940044403076,2,137,
7,9600,h,1.2753140926361084,2,145,
7,9600,i,1.4524015188217163,2,131,
7,9900,a,1.2583543062210083,2,151,
7,9900,b,1.5376800298690796,2,137,
7,9900,c,1.567913293838501,2,143,
7,9900,d,1.2982662916183472,2,159,
7,9900,e,1.445935845375061,2,144,
7,9900,f,1.4032286405563354,2,150,
7,9900,g,1.468912959098816,2,141,
7,9900,h,1.4604472517967224,2,149,
7,9900,i,1.2939608693122864,2,135,
7,10200,a,1.3201823830604553,2,157,
7,10200,b,1.5597431063652039,2,141,
7,10200,c,1.4893547892570496,2,147,
7,10200,d,1.329992949962616,2,163,
7,10200,e,1.36540025472641,2,149,
7,10200,f,1.3626840710639954,2,157,
7,10200,g,1.4452240467071533,2,145,
7,10200,h,1.4220114350318909,2,155,
7,10200,i,1.4971598386764526,2,140,
7,10500,a,1.3098812103271484,2,162,
7,10500,b,1.5769875645637512,2,145,
7,10500,c,1.584635078907013,2,150,
7,10500,d,1.2316078543663025,2,169,
7,10500,e,1.2874864339828491,2,152,
7,10500,f,1.393281638622284,2,164,
7,10500,g,1.4655123353004456,2,149,
7,10500,h,1.3460805416107178,2,158,
7,10500,i,1.3909626603126526,2,143,
7,10800,a,1.2815325260162354,2,165,
7,10800,b,1.522859513759613,2,147,
7,10800,c,1.5149116516113281,2,157,
7,10800,d,1.3008596897125244,2,174,
7,10800,e,1.3440537452697754,2,156,
7,10800,f,1.3971869945526123,2,169,
7,10800,g,1.2959616780281067,2,154,
7,10800,h,1.327424168586731,2,162,
7,10800,i,1.320625901222229,2,145,
7,11100,a,1.3850966691970825,2,170,
7,11100,b,1.497840940952301,2,151,
7,11100,c,1.4935048818588257,2,163,
7,11100,d,1.3030638098716736,2,179,
7,11100,e,1.2937006950378418,2,160,
7,11100,f,1.418608009815216,2,175,
7,11100,g,1.3861784934997559,2,158,
7,11100,h,1.3988345265388489,2,167,
7,11100,i,1.4370386600494385,2,150,
7,11400,a,1.3026411533355713,2,172,
7,11400,b,1.6226699352264404,2,153,
7,11400,c,1.5066421031951904,2,167,
7,11400,d,1.2906216979026794,2,182,
7,11400,e,1.6362807750701904,2,163,
7,11400,f,1.3813647031784058,2,181,
7,11400,g,1.5129375457763672,2,161,
7,11400,h,1.2860041856765747,2,174,
7,11400,i,1.2759599089622498,2,152,
7,11700,a,1.5582316517829895,2,176,
7,11700,b,1.5023292303085327,2,157,
7,11700,c,1.4410116076469421,2,171,
7,11700,d,1.2489533424377441,2,189,
7,11700,e,1.360323429107666,2,167,
7,11700,f,1.4031145572662354,2,184,
7,11700,g,1.32634699344635,2,166,
7,11700,h,1.223763644695282,2,180,
7,11700,i,1.3046387434005737,2,155,
7,12000,a,1.3466597199440002,2,178,
7,12000,b,1.519370973110199,2,160,
7,12000,c,1.5117135643959045,2,175,
7,12000,d,1.3253819346427917,2,191,
7,12000,e,1.2844429016113281,2,171,
7,12000,f,1.348546326160431,2,189,
7,12000,g,1.3728811740875244,2,170,
7,12000,h,1.3596418499946594,2,185,
7,12000,i,1.3756323456764221,2,158,
7,12300,a,1.303662896156311,2,180,
7,12300,b,1.5254290699958801,2,165,
7,12300,c,1.528785228729248,2,179,
7,12300,d,1.3304927349090576,2,197,
7,12300,e,1.4404728412628174,2,176,
7,12300,f,1.411552369594574,2,192,
7,12300,g,1.442672312259674,2,175,
7,12300,h,1.2925580739974976,2,189,
7,12300,i,1.3411515951156616,2,162,
7,12600,a,1.3107066750526428,2,184,
7,12600,b,1.4232624769210815,2,169,
7,12600,c,1.4688456058502197,2,182,
7,12600,d,1.2299079298973083,2,200,
7,12600,e,1.4365924000740051,2,180,
7,12600,f,1.3601557612419128,2,196,
7,12600,g,1.2414735555648804,2,178,
7,12600,h,1.2893290519714355,2,194,
7,12600,i,1.3431147933006287,2,165,
7,12900,a,1.312318742275238,2,190,
7,12900,b,1.3964172005653381,2,173,
7,12900,c,1.3894687294960022,2,186,
7,12900,d,1.1795223951339722,2,204,
7,12900,e,1.2409617900848389,2,186,
7,12900,f,1.5037577152252197,2,198,
7,12900,g,1.321986436843872,2,182,
7,12900,h,1.4987139701843262,2,199,
7,12900,i,1.3939393162727356,2,169,
7,13200,a,1.2326140403747559,2,193,
7,13200,b,1.4218034148216248,2,175,
7,13200,c,1.4799681305885315,2,190,
7,13200,d,1.2269840836524963,2,208,
7,13200,e,1.3305625319480896,2,189,
7,13200,f,1.4389716386795044,2,201,
7,13200,g,1.3963931202888489,2,187,
7,13200,h,1.2215754985809326,2,202,
7,13200,i,1.3644970655441284,2,173,
7,13500,a,1.2924206256866455,2,198,
7,13500,b,1.6000385284423828,2,180,
7,13500,c,1.6087260246276855,2,192,
7,13500,d,1.3115917444229126,2,212,
7,13500,e,1.2522459030151367,2,192,
7,13500,f,1.6010700464248657,2,204,
7,13500,g,1.3434107303619385,2,189,
7,13500,h,1.2989364862442017,2,207,
7,13500,i,1.3077043890953064,2,180,
7,13800,a,1.521142065525055,2,202,
7,13800,b,1.446286916732788,2,186,
7,13800,c,1.6115466356277466,2,195,
7,13800,d,1.1893630623817444,2,215,
7,13800,e,1.249160885810852,2,197,
7,13800,f,1.3673022985458374,2,207,
7,13800,g,1.3650351166725159,2,193,
7,13800,h,1.2128359079360962,2,209,
7,13800,i,1.1749235391616821,2,185,
7,14100,a,1.2820536494255066,2,206,
7,14100,b,1.4943760633468628,2,191,
7,14100,c,1.4547092914581299,2,198,
7,14100,d,1.3612539172172546,2,218,
7,14100,e,1.3704757690429688,2,200,
7,14100,f,1.438972294330597,2,213,
7,14100,g,1.4501360654830933,2,195,
7,14100,h,1.2269662022590637,2,213,
7,14100,i,1.4313599467277527,2,190,
7,14400,a,1.2097952365875244,2,211,
7,14400,b,1.4772175550460815,2,196,
7,14400,c,1.4725292921066284,2,204,
7,14400,d,1.4385295510292053,2,223,
7,14400,e,1.5100457072257996,2,205,
7,14400,f,1.3830654621124268,2,217,
7,14400,g,1.3426495790481567,2,198,
7,14400,h,1.4483866095542908,2,220,
7,14400,i,1.2140302062034607,2,194,
7,14700,a,1.2468685507774353,2,216,
7,14700,b,1.4805896878242493,2,200,
7,14700,c,1.5088184475898743,2,209,
7,14700,d,1.1599451899528503,2,228,
7,14700,e,1.4932132959365845,2,208,
7,14700,f,1.2319657802581787,2,222,
7,14700,g,1.3071356415748596,2,204,
7,14700,h,1.314818561077118,2,222,
7,14700,i,1.1333497762680054,2,199,
7,15000,a,1.3147614002227783,2,219,
7,15000,b,1.3372389078140259,2,204,
7,15000,c,1.4903820753097534,2,214,
7,15000,d,1.3098958730697632,2,232,
7,15000,e,1.2417070269584656,2,214,
7,15000,f,1.325235366821289,2,226,
7,15000,g,1.357547104358673,2,209,
7,15000,h,1.2523859143257141,2,225,
7,15000,i,1.1439473032951355,2,203,
7,15300,a,1.109818935394287,2,223,
7,15300,b,1.4963581562042236,2,210,
7,15300,c,1.3849501013755798,2,217,
7,15300,d,1.3171113729476929,2,236,
7,15300,e,1.3349508047103882,2,217,
7,15300,f,1.3301111459732056,2,231,
7,15300,g,1.2958344221115112,2,213,
7,15300,h,1.3947908878326416,2,232,
7,15300,i,1.2358213067054749,2,210,
7,15600,a,1.0788689255714417,2,226,
7,15600,b,1.4443504810333252,2,213,
7,15600,c,1.5227466225624084,2,221,
7,15600,d,1.3609455227851868,2,239,
7,15600,e,1.1860744953155518,2,221,
7,15600,f,1.2691869735717773,2,234,
7,15600,g,1.339819073677063,2,215,
7,15600,h,1.2501182556152344,2,234,
7,15600,i,1.2691907286643982,2,214,
7,15900,a,1.2253368496894836,2,234,
7,15900,b,1.4228483438491821,2,220,
7,15900,c,1.348496913909912,2,227,
7,15900,d,1.3556528091430664,2,242,
7,15900,e,1.1667828559875488,2,226,
7,15900,f,1.3533474206924438,2,237,
7,15900,g,1.2736599445343018,2,220,
7,15900,h,1.0645243525505066,2,236,
7,15900,i,1.2275944948196411,2,219,
7,16200,a,1.0813218355178833,2,237,
7,16200,b,1.3417549133300781,2,226,
7,16200,c,1.3812962174415588,2,231,
7,16200,d,1.2178314924240112,2,249,
7,16200,e,1.3794339299201965,2,229,
7,16200,f,1.3007073998451233,2,244,
7,16200,g,1.2209288477897644,2,223,
7,16200,h,1.2288068532943726,2,242,
7,16200,i,1.269109845161438,2,228,
7,16500,a,1.151303231716156,2,241,
7,16500,b,1.5779554843902588,2,229,
7,16500,c,1.3386850357055664,2,234,
7,16500,d,1.1677741408348083,2,256,
7,16500,e,1.3048622012138367,2,232,
7,16500,f,1.3587307333946228,2,250,
7,16500,g,1.4179560542106628,2,225,
7,16500,h,1.1926626563072205,2,247,
7,16500,i,1.356570065021515,2,233,
7,16800,a,1.1851919889450073,2,246,
7,16800,b,1.461104929447174,2,233,
7,16800,c,1.4711378812789917,2,239,
7,16800,d,1.3287658095359802,2,260,
7,16800,e,1.2091906666755676,2,237,
7,16800,f,1.325561285018921,2,254,
7,16800,g,1.3188530802726746,2,231,
7,16800,h,1.3309361338615417,2,252,
7,16800,i,1.1832326650619507,2,236,
7,17100,a,1.1173417568206787,2,250,
7,17100,b,1.4261760711669922,2,237,
7,17100,c,1.4927737712860107,2,246,
7,17100,d,1.2378491759300232,2,263,
7,17100,e,1.0550593435764313,2,242,
7,17100,f,1.3432081937789917,2,258,
7,17100,g,1.1953551173210144,2,236,
7,17100,h,1.2175447344779968,2,256,
7,17100,i,1.3302858471870422,2,239,
7,17400,a,1.170904278755188,2,258,
7,17400,b,1.3739569783210754,2,241,
7,17400,c,1.486367106437683,2,249,
7,17400,d,1.2843758463859558,2,268,
7,17400,e,1.249428629875183,2,247,
7,17400,f,1.3625497221946716,2,264,
7,17400,g,1.3570149540901184,2,241,
7,17400,h,1.3460072875022888,2,262,
7,17400,i,1.111603856086731,2,243,
7,17700,a,1.3013858199119568,2,261,
7,17700,b,1.4496294856071472,2,244,
7,17700,c,1.3713769316673279,2,252,
7,17700,d,1.1981618404388428,2,272,
7,17700,e,1.2256029844284058,2,251,
7,17700,f,1.2566595077514648,2,266,
7,17700,g,1.3019018173217773,2,247,
7,17700,h,1.195768654346466,2,268,
7,17700,i,1.1497611999511719,2,248,
7,18000,a,1.058541178703308,2,265,
7,18000,b,1.4010785818099976,2,249,
7,18000,c,1.472083568572998,2,255,
7,18000,d,1.0699847340583801,2,275,
7,18000,e,1.1462454199790955,2,256,
7,18000,f,1.3349280953407288,2,271,
7,18000,g,1.3028618097305298,2,251,
7,18000,h,1.2677344679832458,2,271,
7,18000,i,1.1353249549865723,2,254,
7,18300,a,1.1385639905929565,2,270,
7,18300,b,1.2720602750778198,2,254,
7,18300,c,1.3640310168266296,2,258,
7,18300,d,1.1263663172721863,2,278,
7,18300,e,1.1161284446716309,2,260,
7,18300,f,1.2564775943756104,2,274,
7,18300,g,1.3203101754188538,2,254,
7,18300,h,1.256116807460785,2,274,
7,18300,i,1.320259928703308,2,257,
7,18600,a,1.2027812600135803,2,273,
7,18600,b,1.234039306640625,2,257,
7,18600,c,1.5132107734680176,2,261,
7,18600,d,1.168481707572937,2,284,
7,18600,e,1.0457972884178162,2,263,
7,18600,f,1.3012105822563171,2,278,
7,18600,g,1.4881420135498047,2,257,
7,18600,h,1.1997607350349426,2,282,
7,18600,i,1.2005221247673035,2,261,
7,18900,a,1.1317805051803589,2,279,
7,18900,b,1.3656792640686035,2,264,
7,18900,c,1.4066369533538818,2,265,
7,18900,d,1.20755273103714,2,288,
7,18900,e,1.1725584268569946,2,269,
7,18900,f,1.2558077573776245,2,281,
7,18900,g,1.2851085662841797,2,262,
7,18900,h,1.1460948586463928,2,288,
7,18900,i,1.2404219508171082,2,265,
7,19200,a,1.2302165031433105,2,282,
7,19200,b,1.3705610036849976,2,269,
7,19200,c,1.2724421620368958,2,268,
7,19200,d,1.1488313674926758,2,291,
7,19200,e,1.1061112880706787,2,272,
7,19200,f,1.3825120329856873,2,285,
7,19200,g,1.455958902835846,2,265,
7,19200,h,1.1353894770145416,2,293,
7,19200,i,1.1593559980392456,2,269,
7,19500,a,1.1926497220993042,2,290,
7,19500,b,1.3102428913116455,2,275,
7,19500,c,1.302388608455658,2,275,
7,19500,d,1.221449375152588,2,297,
7,19500,e,1.2359226942062378,2,279,
7,19500,f,1.267976701259613,2,291,
7,19500,g,1.1345033049583435,2,270,
7,19500,h,1.0944579243659973,2,298,
7,19500,i,1.1401506066322327,2,275,
7,19800,a,1.1306241750717163,2,294,
7,19800,b,1.2389277815818787,2,278,
7,19800,c,1.2281753420829773,2,278,
7,19800,d,1.0778627395629883,2,301,
7,19800,e,1.144985556602478,2,282,
7,19800,f,1.270523190498352,2,295,
7,19800,g,1.3603427410125732,2,275,
7,19800,h,1.038451075553894,2,302,
7,19800,i,1.1485632061958313,2,277,
7,20100,a,1.1933131217956543,2,299,
7,20100,b,1.2463853359222412,2,281,
7,20100,c,1.3709835410118103,2,281,
7,20100,d,1.219299554824829,2,306,
7,20100,e,1.2573156356811523,2,286,
7,20100,f,1.2233501076698303,2,300,
7,20100,g,1.2633600234985352,2,280,
7,20100,h,1.271307349205017,2,308,
7,20100,i,1.2077351808547974,2,282,
7,20400,a,1.097549021244049,2,303,
7,20400,b,1.3379392623901367,2,285,
7,20400,c,1.3084583282470703,2,288,
7,20400,d,1.1020964086055756,2,310,
7,20400,e,1.258036732673645,2,293,
7,20400,f,1.1312766671180725,2,304,
7,20400,g,1.3659663200378418,2,285,
7,20400,h,1.11672443151474,2,312,
7,20400,i,1.1751927733421326,2,286,
7,20700,a,1.2194579243659973,2,309,
7,20700,b,1.2828795313835144,2,290,
7,20700,c,1.3167195320129395,2,291,
7,20700,d,1.074608325958252,2,314,
7,20700,e,1.212393343448639,2,297,
7,20700,f,1.1114226579666138,2,307,
7,20700,g,1.2335485219955444,2,288,
7,20700,h,1.2207908630371094,2,316,
7,20700,i,1.2289454936981201,2,293,
7,21000,a,1.0454946160316467,2,312,
7,21000,b,1.1669078469276428,2,293,
7,21000,c,1.1851301193237305,2,296,
7,21000,d,1.1000516414642334,2,316,
7,21000,e,1.088333547115326,2,301,
7,21000,f,1.2542725205421448,2,309,
7,21000,g,1.1976841688156128,2,291,
7,21000,h,1.3862870931625366,2,318,
7,21000,i,1.1091657876968384,2,297,
7,21300,a,1.2150274515151978,2,316,
7,21300,b,1.351856768131256,2,296,
7,21300,c,1.2583549618721008,2,300,
7,21300,d,1.1517932415008545,2,320,
7,21300,e,1.021114706993103,2,306,
7,21300,f,1.209362506866455,2,314,
7,21300,g,1.1903470754623413,2,297,
7,21300,h,1.0929168462753296,2,323,
7,21300,i,1.0380363762378693,2,300,
7,21600,a,1.155597746372223,2,320,
7,21600,b,1.3622804880142212,2,300,
7,21600,c,1.3104717135429382,2,306,
7,21600,d,1.0811285376548767,2,324,
7,21600,e,1.216968059539795,2,309,
7,21600,f,1.3129845261573792,2,320,
7,21600,g,1.3673624992370605,2,302,
7,21600,h,1.0674667954444885,2,327,
7,21600,i,1.3358014225959778,2,302,
7,21900,a,1.1238545179367065,2,325,
7,21900,b,1.2385791540145874,2,303,
7,21900,c,1.2615588307380676,2,309,
7,21900,d,1.2653979659080505,2,329,
7,21900,e,1.0557612776756287,2,312,
7,21900,f,1.3034228086471558,2,326,
7,21900,g,1.232333481311798,2,304,
7,21900,h,1.1381809711456299,2,334,
7,21900,i,1.0783599615097046,2,305,
7,22200,a,1.1030011773109436,2,329,
7,22200,b,1.2541622519493103,2,307,
7,22200,c,1.3784812688827515,2,312,
7,22200,d,1.2852420806884766,2,335,
7,22200,e,1.225321352481842,2,314,
7,22200,f,1.1398062705993652,2,330,
7,22200,g,1.3261449933052063,2,307,
7,22200,h,1.1298757195472717,2,338,
7,22200,i,1.189454197883606,2,308,
7,22500,a,1.1954402327537537,2,334,
7,22500,b,1.1206288039684296,2,310,
7,22500,c,1.1740193367004395,2,317,
7,22500,d,1.1499029994010925,2,338,
7,22500,e,1.0866696536540985,2,318,
7,22500,f,1.271885871887207,2,332,
7,22500,g,1.1374670267105103,2,311,
7,22500,h,1.099702775478363,2,341,
7,22500,i,1.1788731813430786,2,312,
7,22800,a,1.1994382739067078,2,338,
7,22800,b,1.220304250717163,2,316,
7,22800,c,1.3832231760025024,2,322,
7,22800,d,1.2004384994506836,2,342,
7,22800,e,1.3145888447761536,2,321,
7,22800,f,1.1560062170028687,2,334,
7,22800,g,1.385481595993042,2,315,
7,22800,h,1.158051311969757,2,345,
7,22800,i,1.2506177425384521,2,317,
7,23100,a,1.153368353843689,2,342,
7,23100,b,1.5439485311508179,2,321,
7,23100,c,1.1927533149719238,2,328,
7,23100,d,1.1181738078594208,2,346,
7,23100,e,1.3743076920509338,2,328,
7,23100,f,1.1630821824073792,2,338,
7,23100,g,1.162229061126709,2,320,
7,23100,h,0.9558533430099487,2,348,
7,23100,i,1.2385241389274597,2,321,
7,23400,a,1.0758854746818542,2,348,
7,23400,b,1.2388570308685303,2,326,
7,23400,c,1.280894935131073,2,331,
7,23400,d,1.2535802125930786,2,354,
7,23400,e,1.3422600030899048,2,333,
7,23400,f,1.1777074337005615,2,345,
7,23400,g,1.2500815391540527,2,324,
7,23400,h,1.3728644251823425,2,351,
7,23400,i,1.1108267307281494,2,326,
7,23700,a,1.099321037530899,2,354,
7,23700,b,1.3052279949188232,2,330,
7,23700,c,1.2746796607971191,2,333,
7,23700,d,0.9620161950588226,2,360,
7,23700,e,1.1547753810882568,2,338,
7,23700,f,1.2822498083114624,2,348,
7,23700,g,1.2252982258796692,2,328,
7,23700,h,1.1304125785827637,2,357,
7,23700,i,0.9103361666202545,2,333,
7,24000,a,1.1452895402908325,2,357,
7,24000,b,1.1800217032432556,2,334,
7,24000,c,1.3642974495887756,2,337,
7,24000,d,1.1791366934776306,2,364,
7,24000,e,1.103569209575653,2,342,
7,24000,f,1.1664268374443054,2,354,
7,24000,g,1.3087228536605835,2,330,
7,24000,h,1.074319064617157,2,360,
7,24000,i,1.0097818970680237,2,335,
7,24300,a,1.1168283820152283,2,363,
7,24300,b,1.1927670240402222,2,339,
7,24300,c,1.2136648893356323,2,343,
7,24300,d,1.218682587146759,2,368,
7,24300,e,1.1439402103424072,2,347,
7,24300,f,1.200027883052826,2,358,
7,24300,g,1.1444935202598572,2,338,
7,24300,h,1.0573362112045288,2,365,
7,24300,i,1.2547739148139954,2,339,
7,24600,a,1.1158742904663086,2,365,
7,24600,b,1.3257532119750977,2,341,
7,24600,c,1.3914368152618408,2,345,
7,24600,d,1.1141160130500793,2,373,
7,24600,e,1.1116312742233276,2,351,
7,24600,f,1.2592179775238037,2,361,
7,24600,g,1.3028650283813477,2,342,
7,24600,h,1.1565534174442291,2,371,
7,24600,i,1.1570379734039307,2,343,
7,24900,a,1.1456952691078186,2,367,
7,24900,b,1.1892337203025818,2,343,
7,24900,c,1.2699519991874695,2,350,
7,24900,d,1.038495659828186,2,377,
7,24900,e,1.276740312576294,2,355,
7,24900,f,1.0820682048797607,2,365,
7,24900,g,1.150755226612091,2,345,
7,24900,h,0.9816621243953705,2,376,
7,24900,i,1.2366774678230286,2,346,
7,25200,a,1.2086323499679565,2,372,
7,25200,b,1.1247285604476929,2,348,
7,25200,c,1.2152734398841858,2,353,
7,25200,d,1.1349273920059204,2,383,
7,25200,e,1.1971431970596313,2,359,
7,25200,f,1.2428419589996338,2,370,
7,25200,g,1.09840989112854,2,350,
7,25200,h,1.1469393372535706,2,379,
7,25200,i,1.1291474103927612,2,348,
7,25500,a,1.183759868144989,2,375,
7,25500,b,1.3620922565460205,2,351,
7,25500,c,1.2838752269744873,2,359,
7,25500,d,1.0627687573432922,2,388,
7,25500,e,0.9324285984039307,2,363,
7,25500,f,1.0201013088226318,2,378,
7,25500,g,1.1708719730377197,2,354,
7,25500,h,0.9641540050506592,2,384,
7,25500,i,1.105416715145111,2,353,
7,25800,a,1.0206219553947449,2,379,
7,25800,b,1.2720447182655334,2,356,
7,25800,c,1.1777644753456116,2,365,
7,25800,d,1.1918405890464783,2,390,
7,25800,e,1.1839542388916016,2,368,
7,25800,f,1.3306543827056885,2,381,
7,25800,g,1.1488032341003418,2,361,
7,25800,h,0.8808516561985016,2,387,
7,25800,i,1.062956154346466,2,357,
7,26100,a,1.098388671875,2,381,
7,26100,b,1.2504683136940002,2,358,
7,26100,c,1.2474629878997803,2,371,
7,26100,d,1.1112066507339478,2,397,
7,26100,e,0.9134004414081573,2,374,
7,26100,f,1.1218376159667969,2,385,
7,26100,g,1.2463775873184204,2,364,
7,26100,h,1.0905784964561462,2,396,
7,26100,i,1.0716705918312073,2,359,
7,26400,a,1.182845652103424,2,385,
7,26400,b,1.1738211512565613,2,362,
7,26400,c,1.2884423732757568,2,374,
7,26400,d,1.1800931096076965,2,401,
7,26400,e,0.9985107183456421,2,378,
7,26400,f,1.0204901695251465,2,388,
7,26400,g,1.279610812664032,2,367,
7,26400,h,0.8776706755161285,2,400,
7,26400,i,1.0628679394721985,2,364,
7,26700,a,1.080399990081787,2,388,
7,26700,b,1.0548115968704224,2,365,
7,26700,c,1.2609177827835083,2,376,
7,26700,d,1.1586767137050629,2,404,
7,26700,e,0.980833113193512,2,380,
7,26700,f,1.006934404373169,2,390,
7,26700,g,1.271627426147461,2,369,
7,26700,h,1.031699001789093,2,404,
7,26700,i,1.172085165977478,2,367,
7,27000,a,0.9981725215911865,2,392,
7,27000,b,1.2573534846305847,2,371,
7,27000,c,1.2198549509048462,2,379,
7,27000,d,1.0919862389564514,2,407,
7,27000,e,0.9469513595104218,2,385,
7,27000,f,1.00831738114357,2,395,
7,27000,g,1.1394796967506409,2,373,
7,27000,h,1.0841556787490845,2,408,
7,27000,i,1.080085575580597,2,372,
7,27300,a,0.9877436757087708,2,396,
7,27300,b,1.12112557888031,2,373,
7,27300,c,1.2360969185829163,2,385,
7,27300,d,1.0296270251274109,2,413,
7,27300,e,1.3130865097045898,2,390,
7,27300,f,1.1007234752178192,2,399,
7,27300,g,1.2588942050933838,2,377,
7,27300,h,1.2060223817825317,2,413,
7,27300,i,1.0428149104118347,2,375,
7,27600,a,1.1781796216964722,2,398,
7,27600,b,1.2204758524894714,2,375,
7,27600,c,1.2183763980865479,2,387,
7,27600,d,1.1376433372497559,2,416,
7,27600,e,0.9478186964988708,2,394,
7,27600,f,1.1943320035934448,2,401,
7,27600,g,1.2394862174987793,2,381,
7,27600,h,0.9058700501918793,2,416,
7,27600,i,1.0337628722190857,2,377,
7,27900,a,1.0432570576667786,2,403,
7,27900,b,1.2676804065704346,2,380,
7,27900,c,1.20318603515625,2,389,
7,27900,d,1.152129888534546,2,419,
7,27900,e,0.7820011377334595,2,400,
7,27900,f,1.1131508946418762,2,405,
7,27900,g,1.1953823566436768,2,386,
7,27900,h,1.1532455682754517,2,420,
7,27900,i,0.9360549747943878,2,381,
7,28200,a,1.2147496938705444,2,406,
7,28200,b,1.2573926448822021,2,384,
7,28200,c,1.2719917297363281,2,394,
7,28200,d,1.1143709421157837,2,424,
7,28200,e,1.0983937978744507,2,403,
7,28200,f,1.1317956447601318,2,412,
7,28200,g,1.2585036754608154,2,389,
7,28200,h,1.0344865322113037,2,426,
7,28200,i,1.0662633180618286,2,383,
7,28500,a,0.998997688293457,2,411,
7,28500,b,1.1286489367485046,2,389,
7,28500,c,1.1383199095726013,2,400,
7,28500,d,1.086100161075592,2,428,
7,28500,e,0.918404221534729,2,407,
7,28500,f,0.9998483955860138,2,417,
7,28500,g,1.270816147327423,2,392,
7,28500,h,1.1072861552238464,2,429,
7,28500,i,1.0960342586040497,2,386,
7,28800,a,0.9673464298248291,2,414,
7,28800,b,1.3222948908805847,2,391,
7,28800,c,1.3406294584274292,2,405,
7,28800,d,1.2108991146087646,2,430,
7,28800,e,0.8945715427398682,2,411,
7,28800,f,1.0151360034942627,2,422,
7,28800,g,1.1693817973136902,2,398,
7,28800,h,1.0951213836669922,2,434,
7,28800,i,1.0226379930973053,2,388,
7,29100,a,1.093707799911499,2,419,
7,29100,b,1.0712929368019104,2,396,
7,29100,c,1.098246991634369,2,409,
7,29100,d,1.0062567591667175,2,434,
7,29100,e,1.0776223540306091,2,414,
7,29100,f,1.1233685314655304,2,427,
7,29100,g,1.2625916600227356,2,401,
7,29100,h,1.1872592568397522,2,437,
7,29100,i,1.129671037197113,2,392,
7,29400,a,1.1628923416137695,2,424,
7,29400,b,0.9388290643692017,2,401,
7,29400,c,1.166406512260437,2,414,
7,29400,d,1.0703983306884766,2,439,
7,29400,e,1.0697014331817627,2,418,
7,29400,f,1.0533925890922546,2,430,
7,29400,g,1.1300434470176697,2,405,
7,29400,h,1.1969588696956635,2,443,
7,29400,i,1.2318808138370514,2,398,
7,29700,a,1.225528597831726,2,429,
7,29700,b,1.2266753315925598,2,405,
7,29700,c,1.0104924440383911,2,419,
7,29700,d,1.1802788376808167,2,443,
7,29700,e,0.9333502650260925,2,423,
7,29700,f,1.1021442413330078,2,433,
7,29700,g,1.2943536043167114,2,410,
7,29700,h,1.0104874670505524,2,448,
7,29700,i,1.163255512714386,2,404,
7,30000,a,0.9656307101249695,2,432,
7,30000,b,1.1982955932617188,2,409,
7,30000,c,1.2147245407104492,2,425,
7,30000,d,1.0408714413642883,2,448,
7,30000,e,0.9676696956157684,2,429,
7,30000,f,1.0530351102352142,2,441,
7,30000,g,1.1914037466049194,2,415,
7,30000,h,1.0902087986469269,2,453,
7,30000,i,1.0136018991470337,2,408,
7,30300,a,1.0099508464336395,2,434,
7,30300,b,1.3969611525535583,2,411,
7,30300,c,1.187925100326538,2,428,
7,30300,d,0.9690724611282349,2,454,
7,30300,e,0.9274873435497284,2,432,
7,30300,f,1.0568926334381104,2,446,
7,30300,g,1.1154153943061829,2,420,
7,30300,h,0.8712915480136871,2,458,
7,30300,i,0.9438721835613251,2,410,
7,30600,a,0.9991722702980042,2,437,
7,30600,b,1.063692033290863,2,417,
7,30600,c,1.1170064210891724,2,434,
7,30600,d,1.0339089334011078,2,460,
7,30600,e,1.0641315579414368,2,437,
7,30600,f,1.072805643081665,2,452,
7,30600,g,1.0935340523719788,2,425,
7,30600,h,1.0348646640777588,2,463,
7,30600,i,1.2135043740272522,2,414,
7,30900,a,1.1274309754371643,2,441,
7,30900,b,1.0442487597465515,2,420,
7,30900,c,1.198918640613556,2,437,
7,30900,d,1.0163368582725525,2,462,
7,30900,e,1.0661415457725525,2,440,
7,30900,f,0.89288130402565,2,455,
7,30900,g,1.2658605575561523,2,428,
7,30900,h,0.8122158646583557,2,466,
7,30900,i,1.0010360479354858,2,419,
7,31200,a,0.9611934423446655,2,447,
7,31200,b,1.2877821028232574,2,426,
7,31200,c,1.2205409407615662,2,441,
7,31200,d,1.0660133361816406,2,465,
7,31200,e,1.2394282817840576,2,444,
7,31200,f,0.983748197555542,2,458,
7,31200,g,1.1682274341583252,2,431,
7,31200,h,0.9410809874534607,2,470,
7,31200,i,0.8802235722541809,2,423,
7,31500,a,1.0865509510040283,2,451,
7,31500,b,1.0676832795143127,2,429,
7,31500,c,1.1676995754241943,2,444,
7,31500,d,1.1059605479240417,2,469,
7,31500,e,0.862983226776123,2,447,
7,31500,f,0.9790506064891815,2,462,
7,31500,g,1.1051805019378662,2,435,
7,31500,h,1.1660580039024353,2,473,
7,31500,i,1.0848562717437744,2,426,
7,31800,a,1.218668520450592,2,456,
7,31800,b,1.1418576836585999,2,434,
7,31800,c,1.2304930686950684,2,447,
7,31800,d,0.9213660955429077,2,472,
7,31800,e,1.0078860223293304,2,451,
7,31800,f,1.1609267592430115,2,464,
7,31800,g,1.256506860256195,2,437,
7,31800,h,0.9300283491611481,2,476,
7,31800,i,1.0815719366073608,2,430,
7,32100,a,1.0630983114242554,2,461,
7,32100,b,1.1213037967681885,2,440,
7,32100,c,1.2189145684242249,2,453,
7,32100,d,1.0247416496276855,2,478,
7,32100,e,0.9464919567108154,2,456,
7,32100,f,1.1582247614860535,2,468,
7,32100,g,1.1045780181884766,2,444,
7,32100,h,0.9776831865310669,2,482,
7,32100,i,0.9684760570526123,2,434,
7,32400,a,1.0286793112754822,2,465,
7,32400,b,1.0617923736572266,2,444,
7,32400,c,1.2502598762512207,2,458,
7,32400,d,1.129902422428131,2,484,
7,32400,e,0.9829641580581665,2,462,
7,32400,f,1.0103372931480408,2,472,
7,32400,g,1.1723688840866089,2,450,
7,32400,h,1.2063267230987549,2,488,
7,32400,i,0.8691356778144836,2,436,
7,32700,a,1.1011298298835754,2,469,
7,32700,b,0.9041076004505157,2,448,
7,32700,c,1.19121515750885,2,465,
7,32700,d,0.9379802644252777,2,486,
7,32700,e,0.98997962474823,2,468,
7,32700,f,0.9052041471004486,2,476,
7,32700,g,1.17083740234375,2,456,
7,32700,h,0.8989023566246033,2,493,
7,32700,i,1.0706366002559662,2,440,
7,33000,a,1.0499886274337769,2,473,
7,33000,b,1.0324504971504211,2,454,
7,33000,c,1.2538162469863892,2,471,
7,33000,d,0.8657298386096954,2,491,
7,33000,e,0.9845299422740936,2,472,
7,33000,f,1.015137791633606,2,479,
7,33000,g,1.289214849472046,2,460,
7,33000,h,0.9658077359199524,2,498,
7,33000,i,0.8827520310878754,2,444,
7,33300,a,1.0598037242889404,2,477,
7,33300,b,0.9470444917678833,2,458,
7,33300,c,1.1069757342338562,2,477,
7,33300,d,0.9887813329696655,2,495,
7,33300,e,0.9108052253723145,2,477,
7,33300,f,1.009941041469574,2,482,
7,33300,g,1.128242164850235,2,464,
7,33300,h,0.9621663093566895,2,501,
7,33300,i,0.9572357535362244,2,448,
7,33600,a,1.2332216501235962,2,479,
7,33600,b,1.1127986907958984,2,462,
7,33600,c,1.3359779715538025,2,482,
7,33600,d,1.063417673110962,2,501,
7,33600,e,0.9561415314674377,2,483,
7,33600,f,1.0032168626785278,2,488,
7,33600,g,1.2269797921180725,2,467,
7,33600,h,0.9779139757156372,2,506,
7,33600,i,0.8525724112987518,2,452,
7,33900,a,1.033505231142044,2,484,
7,33900,b,1.1310349702835083,2,466,
7,33900,c,1.140346348285675,2,485,
7,33900,d,1.0443278551101685,2,505,
7,33900,e,0.9385141134262085,2,485,
7,33900,f,1.2218838334083557,2,493,
7,33900,g,1.3331577777862549,2,469,
7,33900,h,0.9940378665924072,2,510,
7,33900,i,0.9960772395133972,2,455,
7,34200,a,1.069094717502594,2,488,
7,34200,b,1.188454031944275,2,469,
7,34200,c,1.1956942677497864,2,488,
7,34200,d,0.9806888103485107,2,509,
7,34200,e,1.088663399219513,2,488,
7,34200,f,0.9933680593967438,2,496,
7,34200,g,1.0925635695457458,2,473,
7,34200,h,1.0454870462417603,2,514,
7,34200,i,1.0068106949329376,2,459,
7,34500,a,0.9087418913841248,2,493,
7,34500,b,1.2182925939559937,2,474,
7,34500,c,1.0684773921966553,2,494,
7,34500,d,0.947221964597702,2,515,
7,34500,e,1.098412275314331,2,493,
7,34500,f,0.970549464225769,2,502,
7,34500,g,1.1714367866516113,2,480,
7,34500,h,0.9484846591949463,2,520,
7,34500,i,0.9415027499198914,2,463,
7,34800,a,1.0451030135154724,2,496,
7,34800,b,1.0812849402427673,2,478,
7,34800,c,1.295592188835144,2,498,
7,34800,d,1.0690066814422607,2,519,
7,34800,e,0.9253007769584656,2,497,
7,34800,f,1.2896808981895447,2,505,
7,34800,g,1.2408310174942017,2,485,
7,34800,h,0.9021812081336975,2,522,
7,34800,i,1.172896385192871,2,466,
7,35100,a,1.031495749950409,2,502,
7,35100,b,0.9840976893901825,2,482,
7,35100,c,1.1680715084075928,2,501,
7,35100,d,1.0696044564247131,2,526,
7,35100,e,0.9194921255111694,2,500,
7,35100,f,1.152326077222824,2,509,
7,35100,g,1.1534550487995148,2,489,
7,35100,h,0.9878736436367035,2,527,
7,35100,i,1.0319143533706665,2,470,
7,35400,a,1.2025449872016907,2,507,
7,35400,b,0.870189756155014,2,487,
7,35400,c,1.2046730518341064,2,504,
7,35400,d,1.0679092407226562,2,529,
7,35400,e,0.9094970524311066,2,504,
7,35400,f,0.9008658826351166,2,514,
7,35400,g,1.119230031967163,2,492,
7,35400,h,1.1055232286453247,2,529,
7,35400,i,1.034472107887268,2,473,
7,35700,a,1.0796183347702026,2,511,
7,35700,b,1.0345164835453033,2,493,
7,35700,c,1.120453655719757,2,509,
7,35700,d,1.004030853509903,2,533,
7,35700,e,1.203884780406952,2,510,
7,35700,f,0.9160694777965546,2,517,
7,35700,g,1.4196323156356812,2,499,
7,35700,h,0.9108100831508636,2,531,
7,35700,i,0.9297966361045837,2,478,
7,36000,a,1.0239218473434448,2,514,
7,36000,b,1.1339883208274841,2,497,
7,36000,c,1.089933842420578,2,513,
7,36000,d,0.9803055226802826,2,537,
7,36000,e,0.9774812757968903,2,515,
7,36000,f,1.1262624263763428,2,521,
7,36000,g,1.1311891674995422,2,502,
7,36000,h,0.8782510161399841,2,536,
7,36000,i,1.14107346534729,2,482,
7,36300,a,0.9610989093780518,2,519,
7,36300,b,1.0860373973846436,2,500,
7,36300,c,1.0308004021644592,2,515,
7,36300,d,1.0438933372497559,2,541,
7,36300,e,0.8205570876598358,2,518,
7,36300,f,0.9303976595401764,2,526,
7,36300,g,1.1303930878639221,2,504,
7,36300,h,0.8667546808719635,2,539,
7,36300,i,0.9752394258975983,2,485,
7,36600,a,1.279976725578308,2,524,
7,36600,b,1.0206591486930847,2,502,
7,36600,c,1.2163563966751099,2,519,
7,36600,d,1.0054776072502136,2,546,
7,36600,e,0.9643705189228058,2,522,
7,36600,f,1.4069077968597412,2,531,
7,36600,g,1.1008707880973816,2,507,
7,36600,h,1.0329734683036804,2,544,
7,36600,i,1.1187343001365662,2,490,
7,36900,a,0.9753043055534363,2,530,
7,36900,b,0.83229860663414,2,507,
7,36900,c,1.1947265267372131,2,522,
7,36900,d,0.8793720006942749,2,549,
7,36900,e,0.9709629118442535,2,527,
7,36900,f,0.978084146976471,2,533,
7,36900,g,1.1563077569007874,2,513,
7,36900,h,0.7698533833026886,2,547,
7,36900,i,1.1178041398525238,2,493,
7,37200,a,1.0456121861934662,2,534,
7,37200,b,0.8968077600002289,2,511,
7,37200,c,1.1458047032356262,2,526,
7,37200,d,0.8819179534912109,2,552,
7,37200,e,1.040438711643219,2,529,
7,37200,f,1.2798610925674438,2,537,
7,37200,g,1.0977811217308044,2,517,
7,37200,h,0.7451279759407043,2,549,
7,37200,i,0.9459031820297241,2,499,
7,37500,a,1.0125964879989624,2,538,
7,37500,b,1.0480252802371979,2,514,
7,37500,c,1.1642301678657532,2,534,
7,37500,d,0.7373080849647522,2,555,
7,37500,e,0.7688722312450409,2,533,
7,37500,f,0.996804416179657,2,541,
7,37500,g,1.0534265637397766,2,520,
7,37500,h,0.919952392578125,2,552,
7,37500,i,0.8820400238037109,2,505,
7,37800,a,1.123284935951233,2,540,
7,37800,b,1.5304729342460632,2,520,
7,37800,c,1.1753395795822144,2,539,
7,37800,d,1.0618691146373749,2,560,
7,37800,e,0.9550246596336365,2,535,
7,37800,f,1.0821609795093536,2,543,
7,37800,g,1.035647451877594,2,524,
7,37800,h,0.6767489910125732,2,559,
7,37800,i,0.7958448827266693,2,511,
7,38100,a,1.1067871451377869,2,544,
7,38100,b,1.006116807460785,2,526,
7,38100,c,1.1497601866722107,2,541,
7,38100,d,0.9771906733512878,2,565,
7,38100,e,0.8674333989620209,2,537,
7,38100,f,1.0030344724655151,2,546,
7,38100,g,1.103956162929535,2,527,
7,38100,h,0.8078024983406067,2,564,
7,38100,i,0.9743543863296509,2,517,
7,38400,a,1.0339024066925049,2,550,
7,38400,b,1.0825607180595398,2,531,
7,38400,c,1.2560961246490479,2,544,
7,38400,d,0.9899322986602783,2,571,
7,38400,e,0.8320867419242859,2,540,
7,38400,f,1.0317209661006927,2,551,
7,38400,g,1.2811519503593445,2,530,
7,38400,h,0.838794618844986,2,568,
7,38400,i,0.9301618933677673,2,523,
7,38700,a,0.9363729953765869,2,556,
7,38700,b,1.3208016753196716,2,537,
7,38700,c,0.992343544960022,2,548,
7,38700,d,0.8256667852401733,2,575,
7,38700,e,0.939536988735199,2,543,
7,38700,f,0.9548718333244324,2,554,
7,38700,g,1.066364586353302,2,533,
7,38700,h,0.9669700264930725,2,572,
7,38700,i,0.8799079060554504,2,530,
7,39000,a,1.0707444548606873,2,558,
7,39000,b,1.041024923324585,2,541,
7,39000,c,1.2473490238189697,2,552,
7,39000,d,1.0006373226642609,2,580,
7,39000,e,0.9836030602455139,2,548,
7,39000,f,0.9665379822254181,2,558,
7,39000,g,1.2252277135849,2,539,
7,39000,h,0.7209752798080444,2,578,
7,39000,i,0.8906128406524658,2,534,
7,39300,a,0.8542838394641876,2,564,
7,39300,b,1.035966396331787,2,546,
7,39300,c,1.2135348320007324,2,554,
7,39300,d,0.9866847395896912,2,587,
7,39300,e,0.8081295490264893,2,552,
7,39300,f,0.8287997543811798,2,560,
7,39300,g,1.1185977458953857,2,543,
7,39300,h,0.7172901630401611,2,583,
7,39300,i,0.846131443977356,2,539,
7,39600,a,1.0452394783496857,2,568,
7,39600,b,0.8694200813770294,2,550,
7,39600,c,1.2564820051193237,2,558,
7,39600,d,0.8601223230361938,2,595,
7,39600,e,0.9811728894710541,2,556,
7,39600,f,1.036015808582306,2,565,
7,39600,g,1.227825939655304,2,549,
7,39600,h,0.9558406472206116,2,588,
7,39600,i,1.0163975954055786,2,544,
7,39900,a,1.0136731266975403,2,572,
7,39900,b,1.182329535484314,2,554,
7,39900,c,1.0874465703964233,2,560,
7,39900,d,0.8827274143695831,2,598,
7,39900,e,0.9761042296886444,2,561,
7,39900,f,1.2032329440116882,2,568,
7,39900,g,1.1260761618614197,2,555,
7,39900,h,0.737347275018692,2,591,
7,39900,i,0.8459762930870056,2,548,
7,40200,a,1.2311191856861115,2,580,
7,40200,b,0.9334990382194519,2,560,
7,40200,c,1.0973291993141174,2,565,
7,40200,d,1.0497443079948425,2,600,
7,40200,e,1.096409410238266,2,565,
7,40200,f,1.2379635572433472,2,570,
7,40200,g,1.311519205570221,2,558,
7,40200,h,1.0236974954605103,2,594,
7,40200,i,0.9580701291561127,2,555,
7,40500,a,1.0669382214546204,2,586,
7,40500,b,1.1996617913246155,2,565,
7,40500,c,1.1379052996635437,2,567,
7,40500,d,0.9223742485046387,2,606,
7,40500,e,0.7574655711650848,2,568,
7,40500,f,0.9790197312831879,2,576,
7,40500,g,1.2379850149154663,2,560,
7,40500,h,1.0576481819152832,2,599,
7,40500,i,0.9398221969604492,2,558,
7,40800,a,1.0797159075737,2,590,
7,40800,b,0.971796065568924,2,569,
7,40800,c,1.4181100130081177,2,571,
7,40800,d,0.8035488426685333,2,610,
7,40800,e,0.8918158113956451,2,574,
7,40800,f,0.8521199822425842,2,580,
7,40800,g,1.2063538432121277,2,567,
7,40800,h,0.8389707803726196,2,604,
7,40800,i,0.769517183303833,2,564,
7,41100,a,0.9793155193328857,2,597,
7,41100,b,1.0599393844604492,2,573,
7,41100,c,1.317632019519806,2,574,
7,41100,d,0.8283214569091797,2,615,
7,41100,e,0.8127209544181824,2,578,
7,41100,f,0.7286041975021362,2,585,
7,41100,g,0.9798550605773926,2,570,
7,41100,h,0.803274393081665,2,607,
7,41100,i,0.8576084077358246,2,571,
7,41400,a,0.933688223361969,2,602,
7,41400,b,1.0863295197486877,2,575,
7,41400,c,1.3275105953216553,2,580,
7,41400,d,0.8909473717212677,2,620,
7,41400,e,0.8024709224700928,2,583,
7,41400,f,0.9727761149406433,2,590,
7,41400,g,1.107157289981842,2,576,
7,41400,h,0.8987747132778168,2,610,
7,41400,i,0.8103896975517273,2,576,
7,41700,a,1.0182020664215088,2,605,
7,41700,b,0.9738113880157471,2,580,
7,41700,c,1.1713355779647827,2,586,
7,41700,d,0.9570674002170563,2,622,
7,41700,e,0.9033926427364349,2,590,
7,41700,f,1.2513026893138885,2,594,
7,41700,g,1.1594120264053345,2,581,
7,41700,h,0.8422154486179352,2,614,
7,41700,i,0.8271384537220001,2,580,
7,42000,a,0.9756006896495819,2,607,
7,42000,b,1.4287384152412415,2,583,
7,42000,c,1.1171482801437378,2,590,
7,42000,d,0.8929252326488495,2,628,
7,42000,e,0.776348203420639,2,595,
7,42000,f,1.0347394347190857,2,599,
7,42000,g,1.1177851557731628,2,584,
7,42000,h,0.9304728209972382,2,619,
7,42000,i,0.8439958691596985,2,583,
7,42300,a,0.8415798842906952,2,609,
7,42300,b,1.018538475036621,2,587,
7,42300,c,1.0480065941810608,2,596,
7,42300,d,1.0088735818862915,2,634,
7,42300,e,0.7450080811977386,2,600,
7,42300,f,1.0330676138401031,2,605,
7,42300,g,1.1320268511772156,2,590,
7,42300,h,0.697450190782547,2,624,
7,42300,i,0.8298555016517639,2,586,
7,42600,a,1.0098364353179932,2,613,
7,42600,b,1.0114795863628387,2,591,
7,42600,c,1.1921961307525635,2,598,
7,42600,d,0.9452859461307526,2,637,
7,42600,e,0.8865176439285278,2,604,
7,42600,f,0.7884912192821503,2,609,
7,42600,g,1.122682273387909,2,596,
7,42600,h,0.9282443821430206,2,626,
7,42600,i,1.053515076637268,2,589,
7,42900,a,0.9903465509414673,2,618,
7,42900,b,0.8866540789604187,2,598,
7,42900,c,1.1376091241836548,2,602,
7,42900,d,0.916098028421402,2,645,
7,42900,e,0.768530011177063,2,607,
7,42900,f,1.064270555973053,2,613,
7,42900,g,0.9416461288928986,2,600,
7,42900,h,0.8672488033771515,2,630,
7,42900,i,0.8588888049125671,2,594,
7,43200,a,1.0758096575737,2,620,
7,43200,b,1.0346496105194092,2,600,
7,43200,c,1.0971547961235046,2,607,
7,43200,d,0.8117339313030243,2,648,
7,43200,e,0.7520570755004883,2,611,
7,43200,f,0.8742381930351257,2,616,
7,43200,g,1.2305060029029846,2,607,
7,43200,h,0.6518247425556183,2,632,
7,43200,i,0.9347022175788879,2,596,
7,43500,a,0.9636868834495544,2,624,
7,43500,b,1.0500120520591736,2,603,
7,43500,c,1.0568730235099792,2,612,
7,43500,d,0.8645445704460144,2,650,
7,43500,e,0.8127983212471008,2,617,
7,43500,f,0.6376018822193146,2,618,
7,43500,g,1.2087920904159546,2,610,
7,43500,h,0.661913126707077,2,635,
7,43500,i,0.932419627904892,2,602,
7,43800,a,1.0192594528198242,2,629,
7,43800,b,0.9521371722221375,2,606,
7,43800,c,1.3449913263320923,2,619,
7,43800,d,0.8259046077728271,2,656,
7,43800,e,0.6451304256916046,2,624,
7,43800,f,0.9264453053474426,2,623,
7,43800,g,0.9898586869239807,2,614,
7,43800,h,0.7890284061431885,2,641,
7,43800,i,0.8575426638126373,2,606,
7,44100,a,0.998173177242279,2,635,
7,44100,b,1.0967788696289062,2,612,
7,44100,c,1.069813847541809,2,621,
7,44100,d,0.9926332235336304,2,660,
7,44100,e,0.9378897249698639,2,630,
7,44100,f,0.86872398853302,2,629,
7,44100,g,1.2340834140777588,2,620,
7,44100,h,1.0910398662090302,2,648,
7,44100,i,0.919259250164032,2,612,
7,44400,a,1.0055627822875977,2,639,
7,44400,b,1.1364394426345825,2,617,
7,44400,c,1.0697255730628967,2,623,
7,44400,d,0.8607805371284485,2,665,
7,44400,e,0.9064913392066956,2,632,
7,44400,f,0.7603885233402252,2,634,
7,44400,g,0.9942624568939209,2,625,
7,44400,h,0.7459774017333984,2,654,
7,44400,i,0.7999951839447021,2,614,
7,44700,a,0.9673724174499512,2,643,
7,44700,b,1.0455939173698425,2,621,
7,44700,c,1.1403002738952637,2,626,
7,44700,d,0.7813034057617188,2,669,
7,44700,e,0.9248331487178802,2,636,
7,44700,f,0.9146289229393005,2,638,
7,44700,g,1.0772041082382202,2,627,
7,44700,h,0.8003818094730377,2,659,
7,44700,i,0.8660928308963776,2,617,
7,45000,a,1.033467173576355,2,648,
7,45000,b,0.9449994564056396,2,626,
7,45000,c,1.1079130172729492,2,631,
7,45000,d,0.8558340072631836,2,672,
7,45000,e,0.765672117471695,2,640,
7,45000,f,0.9012221395969391,2,641,
7,45000,g,1.08977472782135,2,632,
7,45000,h,0.8142267465591431,2,664,
7,45000,i,0.8093892931938171,2,620,
7,45300,a,0.9010478556156158,2,652,
7,45300,b,0.9795719087123871,2,631,
7,45300,c,1.0201213359832764,2,636,
7,45300,d,0.9775955677032471,2,678,
7,45300,e,0.8574049472808838,2,645,
7,45300,f,0.8607876300811768,2,646,
7,45300,g,1.3500307202339172,2,637,
7,45300,h,0.73904088139534,2,667,
7,45300,i,0.9069285690784454,2,625,
7,45600,a,1.0775235295295715,2,655,
7,45600,b,0.9805053770542145,2,635,
7,45600,c,1.2660644054412842,2,641,
7,45600,d,0.9720511436462402,2,684,
7,45600,e,0.6542202830314636,2,649,
7,45600,f,0.8918363749980927,2,652,
7,45600,g,1.2886050939559937,2,642,
7,45600,h,0.6880356073379517,2,673,
7,45600,i,0.8610097169876099,2,629,
7,45900,a,1.051828145980835,2,660,
7,45900,b,0.9805803894996643,2,639,
7,45900,c,1.376627802848816,2,647,
7,45900,d,0.6897039413452148,2,690,
7,45900,e,0.8112242221832275,2,653,
7,45900,f,0.8467217087745667,2,657,
7,45900,g,1.2149662971496582,2,646,
7,45900,h,0.6421522200107574,2,677,
7,45900,i,0.8936406373977661,2,633,
7,46200,a,0.9164156019687653,2,667,
7,46200,b,1.1570523381233215,2,644,
7,46200,c,1.1739276051521301,2,652,
7,46200,d,0.9515388906002045,2,696,
7,46200,e,0.7730213403701782,2,657,
7,46200,f,0.9716280102729797,2,661,
7,46200,g,1.0610251128673553,2,651,
7,46200,h,0.9053077697753906,2,683,
7,46200,i,0.8711478114128113,2,641,
7,46500,a,0.8740147054195404,2,670,
7,46500,b,0.7345107197761536,2,648,
7,46500,c,1.1661320924758911,2,654,
7,46500,d,1.1028238236904144,2,702,
7,46500,e,0.8536107838153839,2,661,
7,46500,f,0.8071580529212952,2,668,
7,46500,g,1.138588011264801,2,655,
7,46500,h,0.8572685122489929,2,688,
7,46500,i,0.9344764351844788,2,644,
7,46800,a,1.0749088525772095,2,676,
7,46800,b,0.847505509853363,2,652,
7,46800,c,1.1946791410446167,2,657,
7,46800,d,0.7858021855354309,2,704,
7,46800,e,0.8340159356594086,2,665,
7,46800,f,0.8381451070308685,2,672,
7,46800,g,1.107635736465454,2,658,
7,46800,h,0.6483011990785599,2,692,
7,46800,i,0.7955261766910553,2,650,
7,47100,a,0.9950048327445984,2,681,
7,47100,b,0.8840140700340271,2,658,
7,47100,c,0.9862967133522034,2,659,
7,47100,d,1.0121116042137146,2,708,
7,47100,e,0.7023910284042358,2,668,
7,47100,f,0.9616898894309998,2,676,
7,47100,g,1.008453607559204,2,663,
7,47100,h,0.7681422233581543,2,696,
7,47100,i,0.9715316891670227,2,653,
7,47400,a,1.3882142901420593,2,686,
7,47400,b,0.8739450871944427,2,663,
7,47400,c,1.1743134260177612,2,662,
7,47400,d,0.8346650302410126,2,712,
7,47400,e,0.5525887906551361,2,672,
7,47400,f,0.8301841020584106,2,680,
7,47400,g,0.9992440342903137,2,667,
7,47400,h,0.8814420700073242,2,700,
7,47400,i,0.8928379416465759,2,656,
7,47700,a,0.9908598065376282,2,688,
7,47700,b,1.0363259017467499,2,666,
7,47700,c,1.237459659576416,2,666,
7,47700,d,0.8729086816310883,2,717,
7,47700,e,0.8872754275798798,2,676,
7,47700,f,0.8012292385101318,2,684,
7,47700,g,0.9803475141525269,2,672,
7,47700,h,0.791577160358429,2,705,
7,47700,i,0.7153319418430328,2,660,
7,48000,a,0.9058758020401001,2,690,
7,48000,b,0.9491740465164185,2,670,
7,48000,c,0.8889988362789154,2,670,
7,48000,d,0.8084187209606171,2,721,
7,48000,e,0.6676120162010193,2,683,
7,48000,f,0.6011339128017426,2,687,
7,48000,g,1.0416821539402008,2,680,
7,48000,h,0.7396998703479767,2,710,
7,48000,i,0.8163034915924072,2,663,
7,48300,a,0.8391119241714478,2,693,
7,48300,b,1.040800303220749,2,672,
7,48300,c,1.1604386568069458,2,676,
7,48300,d,1.0368333160877228,2,726,
7,48300,e,0.6665807366371155,2,687,
7,48300,f,0.6073468923568726,2,690,
7,48300,g,0.9890820384025574,2,686,
7,48300,h,0.8280971944332123,2,714,
7,48300,i,0.6272352039813995,2,666,
7,48600,a,0.9751906096935272,2,695,
7,48600,b,0.947158008813858,2,676,
7,48600,c,1.2052951455116272,2,679,
7,48600,d,1.1373164355754852,2,729,
7,48600,e,0.7133373618125916,2,690,
7,48600,f,0.791358232498169,2,694,
7,48600,g,1.0766551196575165,2,690,
7,48600,h,0.9288507103919983,2,718,
7,48600,i,0.997122049331665,2,671,
7,48900,a,0.9376507997512817,2,698,
7,48900,b,0.7596208155155182,2,681,
7,48900,c,0.9846469461917877,2,683,
7,48900,d,0.9743634760379791,2,734,
7,48900,e,0.7960952818393707,2,694,
7,48900,f,0.9894037842750549,2,699,
7,48900,g,1.0871366262435913,2,696,
7,48900,h,0.9880582392215729,2,721,
7,48900,i,0.8283225893974304,2,677,
7,49200,a,1.0851592123508453,2,700,
7,49200,b,0.682129293680191,2,684,
7,49200,c,1.2623933553695679,2,685,
7,49200,d,0.712347000837326,2,739,
7,49200,e,0.8461450040340424,2,697,
7,49200,f,0.8839397430419922,2,702,
7,49200,g,1.0117351412773132,2,699,
7,49200,h,0.6977991461753845,2,725,
7,49200,i,0.9292833209037781,2,680,
7,49500,a,1.0398337841033936,2,707,
7,49500,b,0.9080374240875244,2,688,
7,49500,c,1.2095898985862732,2,689,
7,49500,d,0.9351277649402618,2,749,
7,49500,e,0.7482400834560394,2,702,
7,49500,f,0.8475555777549744,2,709,
7,49500,g,1.0964462161064148,2,704,
7,49500,h,1.1003841161727905,2,732,
7,49500,i,0.8601574599742889,2,685,
7,49800,a,0.837819516658783,2,711,
7,49800,b,1.1244206428527832,2,692,
7,49800,c,1.104322999715805,2,695,
7,49800,d,0.7051624655723572,2,755,
7,49800,e,0.881700873374939,2,707,
7,49800,f,1.0292137563228607,2,713,
7,49800,g,1.0912704467773438,2,710,
7,49800,h,0.8061606884002686,2,737,
7,49800,i,0.7893294394016266,2,689,
7,50100,a,0.9529630541801453,2,717,
7,50100,b,1.1357080340385437,2,697,
7,50100,c,1.1302591562271118,2,700,
7,50100,d,0.7549896240234375,2,759,
7,50100,e,0.7117966115474701,2,712,
7,50100,f,0.9128100872039795,2,716,
7,50100,g,1.059785932302475,2,714,
7,50100,h,0.8363342881202698,2,740,
7,50100,i,0.7183672487735748,2,694,
7,50400,a,0.992818295955658,2,723,
7,50400,b,1.164738416671753,2,701,
7,50400,c,1.1098572611808777,2,704,
7,50400,d,0.8247133493423462,2,761,
7,50400,e,0.7389729022979736,2,715,
7,50400,f,0.7316161394119263,2,719,
7,50400,g,1.1046502590179443,2,718,
7,50400,h,0.7883406281471252,2,743,
7,50400,i,0.9221369922161102,2,699,
7,50700,a,0.7668896317481995,2,729,
7,50700,b,0.8538356721401215,2,706,
7,50700,c,1.1719769835472107,2,708,
7,50700,d,0.7231587171554565,2,767,
7,50700,e,0.8529474437236786,2,722,
7,50700,f,0.6146763563156128,2,724,
7,50700,g,0.9810001850128174,2,724,
7,50700,h,0.6483865976333618,2,748,
7,50700,i,1.0183031260967255,2,704,
7,51000,a,1.1260013580322266,2,735,
7,51000,b,0.8430543541908264,2,709,
7,51000,c,1.2102542519569397,2,712,
7,51000,d,0.7010397911071777,2,772,
7,51000,e,0.9415751695632935,2,727,
7,51000,f,0.6732904613018036,2,729,
7,51000,g,0.7502438724040985,2,727,
7,51000,h,0.7013055086135864,2,751,
7,51000,i,1.0849508047103882,2,709,
7,51300,a,0.8636641800403595,2,738,
7,51300,b,0.8857758641242981,2,713,
7,51300,c,0.9687313437461853,2,718,
7,51300,d,1.0224195718765259,2,775,
7,51300,e,0.7680403888225555,2,731,
7,51300,f,0.8280307352542877,2,733,
7,51300,g,1.228590488433838,2,732,
7,51300,h,0.8833314776420593,2,754,
7,51300,i,0.7142091691493988,2,712,
7,51600,a,0.9241868555545807,2,743,
7,51600,b,1.0116871893405914,2,716,
7,51600,c,1.144838809967041,2,721,
7,51600,d,0.9579737484455109,2,779,
7,51600,e,1.010476291179657,2,736,
7,51600,f,0.7425936460494995,2,738,
7,51600,g,1.0687310099601746,2,739,
7,51600,h,0.8452476561069489,2,758,
7,51600,i,0.7203188538551331,2,716,
7,51900,a,0.9019353985786438,2,746,
7,51900,b,1.1923523545265198,2,718,
7,51900,c,1.054896891117096,2,726,
7,51900,d,0.730236291885376,2,783,
7,51900,e,0.6983945071697235,2,740,
7,51900,f,0.675937294960022,2,744,
7,51900,g,0.9611947238445282,2,744,
7,51900,h,0.8713773787021637,2,763,
7,51900,i,0.8702524304389954,2,719,
7,52200,a,0.9804762899875641,2,750,
7,52200,b,0.8577739894390106,2,723,
7,52200,c,0.9686322212219238,2,731,
7,52200,d,0.9332748651504517,2,787,
7,52200,e,0.5893975496292114,2,742,
7,52200,f,0.8949854373931885,2,746,
7,52200,g,1.018530249595642,2,749,
7,52200,h,0.82473024725914,2,768,
7,52200,i,0.8825893402099609,2,724,
7,52500,a,1.1135523617267609,2,755,
7,52500,b,0.8416708111763,2,727,
7,52500,c,1.0816841125488281,2,735,
7,52500,d,0.8375838994979858,2,789,
7,52500,e,0.7260257303714752,2,745,
7,52500,f,0.6890680193901062,2,749,
7,52500,g,0.9028282165527344,2,753,
7,52500,h,0.9150493443012238,2,771,
7,52500,i,0.6836402118206024,2,728,
7,52800,a,0.8310370147228241,2,760,
7,52800,b,0.9574244618415833,2,729,
7,52800,c,1.0532249808311462,2,740,
7,52800,d,0.9113766849040985,2,794,
7,52800,e,0.743193507194519,2,749,
7,52800,f,0.7462933659553528,2,753,
7,52800,g,0.9065099358558655,2,759,
7,52800,h,0.8265588879585266,2,775,
7,52800,i,0.7586731016635895,2,733,
7,53100,a,1.157189428806305,2,764,
7,53100,b,0.9600870013237,2,735,
7,53100,c,1.0102760195732117,2,745,
7,53100,d,1.0063815712928772,2,798,
7,53100,e,0.708373636007309,2,753,
7,53100,f,1.0302264094352722,2,759,
7,53100,g,0.914689838886261,2,764,
7,53100,h,0.8171049356460571,2,780,
7,53100,i,0.7385078370571136,2,738,
7,53400,a,0.9043006598949432,2,767,
7,53400,b,0.8735142350196838,2,740,
7,53400,c,0.9070143699645996,2,748,
7,53400,d,0.8462677001953125,2,803,
7,53400,e,0.5970033705234528,2,759,
7,53400,f,0.6447904407978058,2,763,
7,53400,g,0.9724953174591064,2,770,
7,53400,h,0.9220285415649414,2,783,
7,53400,i,0.8421370387077332,2,742,
7,53700,a,1.0860657095909119,2,773,
7,53700,b,0.8629109263420105,2,745,
7,53700,c,0.9620649516582489,2,753,
7,53700,d,0.7536690831184387,2,807,
7,53700,e,0.7376001477241516,2,762,
7,53700,f,0.6583453118801117,2,768,
7,53700,g,0.9228397011756897,2,774,
7,53700,h,0.711323618888855,2,786,
7,53700,i,1.026286005973816,2,746,
7,54000,a,0.8358717858791351,2,780,
7,54000,b,0.9564016461372375,2,752,
7,54000,c,1.2932975888252258,2,758,
7,54000,d,0.762073278427124,2,811,
7,54000,e,0.680536538362503,2,765,
7,54000,f,0.7606216967105865,2,771,
7,54000,g,0.9938052594661713,2,779,
7,54000,h,0.8927472829818726,2,790,
7,54000,i,0.8405137658119202,2,752,
7,54300,a,0.9833669066429138,2,785,
7,54300,b,0.8818954229354858,2,756,
7,54300,c,1.3125879168510437,2,761,
7,54300,d,0.9772046506404877,2,815,
7,54300,e,0.9774704873561859,2,768,
7,54300,f,0.8544872105121613,2,777,
7,54300,g,1.1369682252407074,2,784,
7,54300,h,0.8372645080089569,2,797,
7,54300,i,0.8168974816799164,2,755,
7,54600,a,0.8415025472640991,2,791,
7,54600,b,1.0172122716903687,2,761,
7,54600,c,1.1737219095230103,2,763,
7,54600,d,1.000238835811615,2,821,
7,54600,e,0.9590177536010742,2,772,
7,54600,f,0.6133764982223511,2,782,
7,54600,g,1.2168681025505066,2,789,
7,54600,h,1.00233656167984,2,803,
7,54600,i,0.8676158785820007,2,760,
7,54900,a,0.9648116528987885,2,797,
7,54900,b,0.8844746649265289,2,764,
7,54900,c,0.9990459978580475,2,768,
7,54900,d,0.7918261587619781,2,824,
7,54900,e,0.91363924741745,2,778,
7,54900,f,0.970538318157196,2,788,
7,54900,g,0.9989340901374817,2,793,
7,54900,h,0.7646605372428894,2,809,
7,54900,i,0.659949392080307,2,765,
7,55200,a,0.8837665617465973,2,800,
7,55200,b,0.8941445648670197,2,770,
7,55200,c,1.107821762561798,2,771,
7,55200,d,0.6553108096122742,2,828,
7,55200,e,0.606963574886322,2,782,
7,55200,f,0.612460196018219,2,791,
7,55200,g,1.1008979082107544,2,797,
7,55200,h,0.7326682507991791,2,812,
7,55200,i,0.9736200273036957,2,771,
7,55500,a,0.9939468204975128,2,803,
7,55500,b,0.9370871186256409,2,774,
7,55500,c,1.349735587835312,2,775,
7,55500,d,0.6161010265350342,2,833,
7,55500,e,0.763783723115921,2,786,
7,55500,f,0.9559191465377808,2,795,
7,55500,g,0.9702090919017792,2,802,
7,55500,h,0.5948329865932465,2,816,
7,55500,i,0.5711102485656738,2,775,
7,55800,a,1.0656620264053345,2,808,
7,55800,b,0.8236672878265381,2,781,
7,55800,c,1.1164729595184326,2,783,
7,55800,d,0.8404458463191986,2,837,
7,55800,e,0.5209271013736725,2,791,
7,55800,f,0.8105121552944183,2,798,
7,55800,g,0.9178797900676727,2,808,
7,55800,h,0.5149491131305695,2,820,
7,55800,i,0.7578663229942322,2,778,
7,56100,a,0.93025803565979,2,813,
7,56100,b,0.8038953542709351,2,786,
7,56100,c,1.0306963920593262,2,788,
7,56100,d,0.7595088481903076,2,842,
7,56100,e,0.7789833843708038,2,795,
7,56100,f,0.9129926562309265,2,804,
7,56100,g,1.0391010344028473,2,814,
7,56100,h,0.6597114503383636,2,825,
7,56100,i,0.8597628474235535,2,784,
7,56400,a,0.9000844657421112,2,819,
7,56400,b,0.9482118487358093,2,790,
7,56400,c,1.013845145702362,2,793,
7,56400,d,0.878640353679657,2,845,
7,56400,e,0.7282638847827911,2,799,
7,56400,f,0.9160459637641907,2,807,
7,56400,g,1.083753615617752,2,820,
7,56400,h,0.7290732264518738,2,831,
7,56400,i,0.9967740774154663,2,788,
7,56700,a,0.7505581378936768,2,824,
7,56700,b,1.1737931370735168,2,794,
7,56700,c,1.0101155638694763,2,796,
7,56700,d,0.7246389389038086,2,847,
7,56700,e,0.7615649998188019,2,803,
7,56700,f,0.6211207211017609,2,809,
7,56700,g,0.9494998455047607,2,825,
7,56700,h,0.6303205490112305,2,833,
7,56700,i,0.6360178589820862,2,793,
7,57000,a,0.7880120575428009,2,830,
7,57000,b,0.9484269320964813,2,801,
7,57000,c,1.0030778348445892,2,798,
7,57000,d,0.8189431428909302,2,851,
7,57000,e,0.8161465525627136,2,807,
7,57000,f,0.788695216178894,2,813,
7,57000,g,0.9638833999633789,2,829,
7,57000,h,0.8244272172451019,2,835,
7,57000,i,0.8183093965053558,2,797,
7,57300,a,0.7674289345741272,2,835,
7,57300,b,1.0101923942565918,2,805,
7,57300,c,1.023650348186493,2,802,
7,57300,d,0.7877148687839508,2,854,
7,57300,e,0.5356277823448181,2,811,
7,57300,f,0.6865059733390808,2,817,
7,57300,g,0.8752814829349518,2,834,
7,57300,h,0.8060814142227173,2,838,
7,57300,i,1.0255456268787384,2,801,
7,57600,a,0.8644509315490723,2,838,
7,57600,b,0.7304742634296417,2,808,
7,57600,c,1.1186802387237549,2,805,
7,57600,d,0.66841059923172,2,858,
7,57600,e,0.47529561817646027,2,814,
7,57600,f,0.8054544031620026,2,825,
7,57600,g,0.9751670360565186,2,837,
7,57600,h,0.8694356679916382,2,845,
7,57600,i,0.9115777015686035,2,804,
7,57900,a,1.095528244972229,2,842,
7,57900,b,0.7852678298950195,2,811,
7,57900,c,1.1376928091049194,2,810,
7,57900,d,1.0054259598255157,2,862,
7,57900,e,0.5625032484531403,2,819,
7,57900,f,0.9134686589241028,2,829,
7,57900,g,0.8922807574272156,2,843,
7,57900,h,0.6923104226589203,2,848,
7,57900,i,0.7216821610927582,2,808,
7,58200,a,1.1778242588043213,2,846,
7,58200,b,0.8593014478683472,2,815,
7,58200,c,1.138019621372223,2,815,
7,58200,d,0.9892787337303162,2,867,
7,58200,e,0.8075254261493683,2,823,
7,58200,f,0.6074298024177551,2,836,
7,58200,g,1.016135811805725,2,850,
7,58200,h,0.7751077711582184,2,853,
7,58200,i,0.7352316379547119,2,814,
7,58500,a,1.1061561107635498,2,852,
7,58500,b,0.9605480432510376,2,820,
7,58500,c,1.1755936741828918,2,820,
7,58500,d,0.6755821108818054,2,873,
7,58500,e,0.7790960967540741,2,828,
7,58500,f,1.1894468069076538,2,843,
7,58500,g,0.9857695996761322,2,853,
7,58500,h,0.6233885288238525,2,859,
7,58500,i,0.8567003309726715,2,817,
7,58800,a,0.8487361371517181,2,856,
7,58800,b,0.8619100451469421,2,824,
7,58800,c,1.0544052124023438,2,823,
7,58800,d,0.7734740078449249,2,875,
7,58800,e,0.9132717847824097,2,832,
7,58800,f,0.7790322005748749,2,847,
7,58800,g,0.9636006951332092,2,857,
7,58800,h,0.7709041237831116,2,863,
7,58800,i,0.6963370442390442,2,822,
7,59100,a,0.8584267497062683,2,860,
7,59100,b,0.9173986911773682,2,827,
7,59100,c,0.9441638588905334,2,827,
7,59100,d,0.8541387319564819,2,879,
7,59100,e,0.7301061153411865,2,838,
7,59100,f,0.6996943056583405,2,850,
7,59100,g,1.1273619532585144,2,862,
7,59100,h,0.7899399995803833,2,867,
7,59100,i,0.7979759871959686,2,826,
7,59400,a,0.9915054440498352,2,863,
7,59400,b,0.8973155915737152,2,830,
7,59400,c,0.974500298500061,2,830,
7,59400,d,0.7439310252666473,2,885,
7,59400,e,0.928019255399704,2,842,
7,59400,f,0.8915475606918335,2,854,
7,59400,g,1.0097870826721191,2,864,
7,59400,h,0.6426382660865784,2,870,
7,59400,i,0.7682575583457947,2,828,
7,59700,a,0.7332046031951904,2,866,
7,59700,b,0.8642686605453491,2,834,
7,59700,c,1.0611984729766846,2,834,
7,59700,d,0.6862012147903442,2,887,
7,59700,e,0.5796197652816772,2,847,
7,59700,f,0.8160070776939392,2,857,
7,59700,g,1.0764657855033875,2,869,
7,59700,h,0.7280286550521851,2,874,
7,59700,i,0.6697773039340973,2,832,
7,60000,a,0.8035313189029694,2,870,
7,60000,b,1.0298720598220825,2,840,
7,60000,c,1.1261846423149109,2,837,
7,60000,d,0.5348963737487793,2,890,
7,60000,e,0.753920316696167,2,850,
7,60000,f,0.8862367272377014,2,862,
7,60000,g,0.948642373085022,2,872,
7,60000,h,0.5831075012683868,2,878,
7,60000,i,0.9903335273265839,2,837,
7,60300,a,0.9791850745677948,2,876,
7,60300,b,0.8451378345489502,2,844,
7,60300,c,1.026115894317627,2,841,
7,60300,d,0.5691805779933929,2,895,
7,60300,e,0.5231482088565826,2,856,
7,60300,f,0.7309392094612122,2,867,
7,60300,g,1.0021533966064453,2,880,
7,60300,h,1.1175668239593506,2,881,
7,60300,i,0.6068434715270996,2,841,
7,60600,a,0.6881076097488403,2,881,
7,60600,b,0.7524823546409607,2,848,
7,60600,c,1.0084776878356934,2,846,
7,60600,d,0.4442766606807709,2,897,
7,60600,e,0.6850209534168243,2,862,
7,60600,f,0.45587158203125,2,871,
7,60600,g,0.88365039229393,2,885,
7,60600,h,0.6378311365842819,2,887,
7,60600,i,0.7122952044010162,2,846,
7,60900,a,1.0731977820396423,2,884,
7,60900,b,0.89900141954422,2,851,
7,60900,c,1.099894940853119,2,850,
7,60900,d,0.5678987205028534,2,902,
7,60900,e,0.47135981917381287,2,867,
7,60900,f,0.8085861504077911,2,876,
7,60900,g,0.8066831827163696,2,890,
7,60900,h,0.6012753248214722,2,894,
7,60900,i,0.7483388781547546,2,850,
7,61200,a,0.7806699872016907,2,886,
7,61200,b,0.8117299377918243,2,855,
7,61200,c,1.2483621835708618,2,853,
7,61200,d,0.6887671947479248,2,909,
7,61200,e,0.5010395050048828,2,871,
7,61200,f,0.9706830978393555,2,881,
7,61200,g,0.943043053150177,2,894,
7,61200,h,0.5549119412899017,2,901,
7,61200,i,0.6376854479312897,2,853,
7,61500,a,0.7758646011352539,2,888,
7,61500,b,0.8443913757801056,2,859,
7,61500,c,1.0787805914878845,2,861,
7,61500,d,0.7407336831092834,2,914,
7,61500,e,0.5923847258090973,2,878,
7,61500,f,0.6110684722661972,2,887,
7,61500,g,0.9739404916763306,2,898,
7,61500,h,0.8230804204940796,2,905,
7,61500,i,0.5093598663806915,2,858,
7,61800,a,0.907282292842865,2,892,
7,61800,b,0.9027183651924133,2,862,
7,61800,c,1.0190265774726868,2,866,
7,61800,d,0.6209054738283157,2,917,
7,61800,e,0.6820645034313202,2,884,
7,61800,f,0.9763242602348328,2,890,
7,61800,g,0.8779089748859406,2,903,
7,61800,h,0.501130998134613,2,911,
7,61800,i,0.5683397948741913,2,861,
7,62100,a,1.015656054019928,2,900,
7,62100,b,0.9457751214504242,2,869,
7,62100,c,1.0003525912761688,2,870,
7,62100,d,0.6358500421047211,2,921,
7,62100,e,0.49765658378601074,2,886,
7,62100,f,0.6192750930786133,2,894,
7,62100,g,0.961377739906311,2,908,
7,62100,h,0.575920581817627,2,915,
7,62100,i,0.7239481210708618,2,867,
7,62400,a,0.8988776206970215,2,903,
7,62400,b,0.7377541661262512,2,873,
7,62400,c,0.984190970659256,2,873,
7,62400,d,0.7191614508628845,2,925,
7,62400,e,0.6771045923233032,2,888,
7,62400,f,0.8885161876678467,2,898,
7,62400,g,0.7848471403121948,2,911,
7,62400,h,0.6982645392417908,2,918,
7,62400,i,0.7309266924858093,2,872,
7,62700,a,0.8490488231182098,2,907,
7,62700,b,0.9032545685768127,2,876,
7,62700,c,1.0316850543022156,2,876,
7,62700,d,0.6568337082862854,2,933,
7,62700,e,0.7071967124938965,2,890,
7,62700,f,0.7451374530792236,2,902,
7,62700,g,1.0309280157089233,2,913,
7,62700,h,0.665107250213623,2,927,
7,62700,i,0.6735328137874603,2,877,
7,63000,a,0.9404769241809845,2,910,
7,63000,b,0.9053575396537781,2,878,
7,63000,c,1.0175882577896118,2,880,
7,63000,d,0.624961793422699,2,937,
7,63000,e,0.5470916032791138,2,894,
7,63000,f,0.7259299457073212,2,906,
7,63000,g,0.8354669213294983,2,915,
7,63000,h,0.7955697178840637,2,930,
7,63000,i,0.9031800031661987,2,879,
7,63300,a,0.8368572294712067,2,913,
7,63300,b,0.7124583423137665,2,880,
7,63300,c,1.0396100282669067,2,882,
7,63300,d,0.7093717753887177,2,940,
7,63300,e,0.558996245265007,2,898,
7,63300,f,0.608834981918335,2,911,
7,63300,g,0.9010710716247559,2,919,
7,63300,h,0.78223916888237,2,934,
7,63300,i,0.8789921402931213,2,883,
7,63600,a,0.8446307182312012,2,916,
7,63600,b,0.9937238693237305,2,883,
7,63600,c,0.9114974141120911,2,887,
7,63600,d,0.8531942963600159,2,944,
7,63600,e,0.727979838848114,2,902,
7,63600,f,0.8642948269844055,2,917,
7,63600,g,0.8180427253246307,2,924,
7,63600,h,0.7181391417980194,2,938,
7,63600,i,0.6904382705688477,2,885,
7,63900,a,1.0102713108062744,2,922,
7,63900,b,0.7765105962753296,2,887,
7,63900,c,0.870189368724823,2,891,
7,63900,d,0.6988077759742737,2,950,
7,63900,e,0.8451419472694397,2,905,
7,63900,f,0.8218138813972473,2,924,
7,63900,g,0.8676193952560425,2,927,
7,63900,h,0.8120138049125671,2,943,
7,63900,i,0.9399480223655701,2,890,
7,64200,a,0.9280514419078827,2,925,
7,64200,b,0.9807644486427307,2,891,
7,64200,c,1.1185543537139893,2,897,
7,64200,d,0.5956462323665619,2,956,
7,64200,e,0.7989215850830078,2,908,
7,64200,f,0.7405058443546295,2,929,
7,64200,g,1.2463571429252625,2,933,
7,64200,h,0.6947022974491119,2,947,
7,64200,i,0.7578299939632416,2,892,
7,64500,a,0.7610124051570892,2,929,
7,64500,b,0.7222444415092468,2,894,
7,64500,c,0.8037662208080292,2,900,
7,64500,d,0.6208868026733398,2,960,
7,64500,e,0.5567291975021362,2,912,
7,64500,f,0.586678683757782,2,932,
7,64500,g,0.8834388852119446,2,938,
7,64500,h,0.6586614847183228,2,952,
7,64500,i,0.9137265384197235,2,896,
7,64800,a,0.8859420418739319,2,932,
7,64800,b,0.9414194226264954,2,896,
7,64800,c,0.9450992941856384,2,902,
7,64800,d,0.8969202637672424,2,966,
7,64800,e,0.6039301753044128,2,915,
7,64800,f,0.870178610086441,2,940,
7,64800,g,0.8285242915153503,2,941,
7,64800,h,0.6516132801771164,2,957,
7,64800,i,0.7785264253616333,2,899,
7,65100,a,0.8599022030830383,2,936,
7,65100,b,0.7470742464065552,2,898,
7,65100,c,0.8863182067871094,2,906,
7,65100,d,0.774563193321228,2,970,
7,65100,e,0.4585164189338684,2,919,
7,65100,f,0.9744951725006104,2,945,
7,65100,g,0.7491955161094666,2,944,
7,65100,h,0.607823371887207,2,959,
7,65100,i,0.7019212543964386,2,903,
7,65400,a,0.9363429248332977,2,941,
7,65400,b,0.8336127400398254,2,901,
7,65400,c,0.9514952600002289,2,909,
7,65400,d,0.6237820088863373,2,974,
7,65400,e,0.582171231508255,2,922,
7,65400,f,0.5139244645833969,2,950,
7,65400,g,0.6795501708984375,2,948,
7,65400,h,0.8446879684925079,2,963,
7,65400,i,0.680542528629303,2,908,
7,65700,a,0.931082159280777,2,946,
7,65700,b,0.6362489461898804,2,905,
7,65700,c,1.1153689622879028,2,912,
7,65700,d,0.7807414531707764,2,979,
7,65700,e,0.752434253692627,2,924,
7,65700,f,0.8321952819824219,2,954,
7,65700,g,0.9454481601715088,2,951,
7,65700,h,0.6909753084182739,2,968,
7,65700,i,0.6818270683288574,2,914,
7,66000,a,0.8420169949531555,2,950,
7,66000,b,0.8066236674785614,2,909,
7,66000,c,1.2124249339103699,2,914,
7,66000,d,0.887174516916275,2,982,
7,66000,e,0.615219235420227,2,928,
7,66000,f,0.7390127182006836,2,958,
7,66000,g,0.9486261606216431,2,956,
7,66000,h,0.5893303453922272,2,972,
7,66000,i,0.7429984211921692,2,919,
7,66300,a,0.8042527735233307,2,955,
7,66300,b,0.990883082151413,2,913,
7,66300,c,1.211725890636444,2,917,
7,66300,d,0.6333377957344055,2,987,
7,66300,e,0.5728032141923904,2,933,
7,66300,f,0.8524703681468964,2,961,
7,66300,g,0.7704074680805206,2,962,
7,66300,h,0.7077608704566956,2,976,
7,66300,i,0.6737574934959412,2,922,
7,66600,a,0.9986992478370667,2,959,
7,66600,b,0.7578173577785492,2,917,
7,66600,c,1.0399973392486572,2,922,
7,66600,d,0.6846054494380951,2,992,
7,66600,e,0.8741664886474609,2,939,
7,66600,f,0.8496177196502686,2,966,
7,66600,g,0.9765512943267822,2,967,
7,66600,h,0.6737868785858154,2,980,
7,66600,i,0.6968793272972107,2,926,
7,66900,a,0.9670941233634949,2,963,
7,66900,b,0.5958153903484344,2,920,
7,66900,c,1.0634822249412537,2,927,
7,66900,d,0.6991577744483948,2,999,
7,66900,e,0.7262027114629745,2,944,
7,66900,f,0.6099822819232941,2,971,
7,66900,g,0.7817794978618622,2,975,
7,66900,h,0.5944583415985107,2,986,
7,66900,i,0.6371826827526093,2,931,
7,67200,a,0.7185748517513275,2,968,
7,67200,b,0.9124499261379242,2,925,
7,67200,c,0.9883573353290558,2,930,
7,67200,d,0.921878457069397,2,1005,
7,67200,e,0.5917367041110992,2,948,
7,67200,f,0.5630723536014557,2,976,
7,67200,g,0.7073525786399841,2,978,
7,67200,h,0.6540720164775848,2,990,
7,67200,i,0.692550390958786,2,935,
7,67500,a,0.8139394819736481,2,974,
7,67500,b,0.7452135980129242,2,929,
7,67500,c,1.0778876543045044,2,933,
7,67500,d,0.6184593439102173,2,1008,
7,67500,e,0.6449415981769562,2,951,
7,67500,f,0.9740228652954102,2,978,
7,67500,g,0.9915980100631714,2,982,
7,67500,h,0.6170931458473206,2,993,
7,67500,i,0.8162862062454224,2,939,
7,67800,a,0.770814061164856,2,979,
7,67800,b,0.6895837485790253,2,934,
7,67800,c,1.031645268201828,2,938,
7,67800,d,0.7004929780960083,2,1013,
7,67800,e,0.46979761123657227,2,956,
7,67800,f,0.720342606306076,2,983,
7,67800,g,0.9065415561199188,2,986,
7,67800,h,0.7191298604011536,2,997,
7,67800,i,0.6895503103733063,2,943,
7,68100,a,0.7973542213439941,2,981,
7,68100,b,0.9386280179023743,2,937,
7,68100,c,0.9567842781543732,2,943,
7,68100,d,0.9488993883132935,2,1017,
7,68100,e,0.8845403790473938,2,959,
7,68100,f,0.696334570646286,2,986,
7,68100,g,0.8195136785507202,2,991,
7,68100,h,0.8895473480224609,2,1001,
7,68100,i,0.6984372437000275,2,945,
7,68400,a,0.8968459665775299,2,985,
7,68400,b,0.7878077626228333,2,941,
7,68400,c,0.9425856173038483,2,947,
7,68400,d,0.6021875739097595,2,1023,
7,68400,e,0.3857031762599945,2,963,
7,68400,f,0.5829538702964783,2,992,
7,68400,g,1.0152685642242432,2,997,
7,68400,h,0.6724393665790558,2,1005,
7,68400,i,0.8707351684570312,2,949,
7,68700,a,0.8307603299617767,2,989,
7,68700,b,0.7439724206924438,2,944,
7,68700,c,1.0791850090026855,2,950,
7,68700,d,0.5431337505578995,2,1029,
7,68700,e,0.6739647090435028,2,966,
7,68700,f,0.9164779186248779,2,997,
7,68700,g,0.9777415990829468,2,1001,
7,68700,h,0.7195013761520386,2,1010,
7,68700,i,0.890413373708725,2,952,
7,69000,a,0.9376440644264221,2,992,
7,69000,b,0.9424289166927338,2,948,
7,69000,c,1.0171177983283997,2,955,
7,69000,d,0.6440595388412476,2,1033,
7,69000,e,0.6619619131088257,2,972,
7,69000,f,0.8519071936607361,2,1002,
7,69000,g,0.9174844622612,2,1007,
7,69000,h,0.6420099437236786,2,1015,
7,69000,i,0.6169810891151428,2,955,
7,69300,a,0.9986691474914551,2,998,
7,69300,b,0.7559292316436768,2,954,
7,69300,c,1.0644783973693848,2,961,
7,69300,d,0.7865720987319946,2,1035,
7,69300,e,0.83257856965065,2,976,
7,69300,f,0.5741455852985382,2,1005,
7,69300,g,1.0991052985191345,2,1012,
7,69300,h,0.6543749570846558,2,1018,
7,69300,i,0.5509349703788757,2,963,
7,69600,a,0.9287331104278564,2,1000,
7,69600,b,0.8127647340297699,2,956,
7,69600,c,0.9825042188167572,2,963,
7,69600,d,0.5781433880329132,2,1040,
7,69600,e,0.6024608016014099,2,978,
7,69600,f,0.9666417837142944,2,1010,
7,69600,g,0.8990446329116821,2,1014,
7,69600,h,0.6010798513889313,2,1022,
7,69600,i,0.8210154473781586,2,965,
7,69900,a,0.8937200307846069,2,1002,
7,69900,b,0.9657909572124481,2,960,
7,69900,c,0.9111157357692719,2,965,
7,69900,d,0.5883370041847229,2,1046,
7,69900,e,0.6381092369556427,2,980,
7,69900,f,0.7817704081535339,2,1017,
7,69900,g,0.8867852985858917,2,1017,
7,69900,h,0.4431276023387909,2,1028,
7,69900,i,0.738680362701416,2,968,
7,70200,a,0.9798432886600494,2,1007,
7,70200,b,0.8872387111186981,2,965,
7,70200,c,1.0556632280349731,2,969,
7,70200,d,0.6826089322566986,2,1054,
7,70200,e,0.7187807261943817,2,986,
7,70200,f,0.7130506634712219,2,1022,
7,70200,g,0.8948040902614594,2,1021,
7,70200,h,0.697060227394104,2,1033,
7,70200,i,0.7717839777469635,2,971,
7,70500,a,0.8501872420310974,2,1011,
7,70500,b,0.7144003510475159,2,968,
7,70500,c,1.0738554000854492,2,972,
7,70500,d,0.7029111087322235,2,1060,
7,70500,e,0.6812917292118073,2,989,
7,70500,f,0.7140693664550781,2,1025,
7,70500,g,1.0185036063194275,2,1024,
7,70500,h,0.6312418729066849,2,1036,
7,70500,i,0.685353010892868,2,974,
7,70800,a,0.906416118144989,2,1014,
7,70800,b,0.865001916885376,2,971,
7,70800,c,0.8244321942329407,2,978,
7,70800,d,0.805852472782135,2,1063,
7,70800,e,0.6932596564292908,2,993,
7,70800,f,0.6498945951461792,2,1030,
7,70800,g,0.9986433982849121,2,1029,
7,70800,h,0.7335017025470734,2,1041,
7,70800,i,0.8352966606616974,2,977,
7,71100,a,0.9681051075458527,2,1017,
7,71100,b,1.128499448299408,2,975,
7,71100,c,0.944444477558136,2,986,
7,71100,d,0.5276085883378983,2,1068,
7,71100,e,0.7142444849014282,2,999,
7,71100,f,0.7327218353748322,2,1036,
7,71100,g,0.8966701626777649,2,1036,
7,71100,h,0.7937692999839783,2,1043,
7,71100,i,0.6310338228940964,2,982,
7,71400,a,0.9159120619297028,2,1020,
7,71400,b,0.7977096736431122,2,980,
7,71400,c,0.9750021994113922,2,989,
7,71400,d,0.590138778090477,2,1074,
7,71400,e,0.3695896863937378,2,1005,
7,71400,f,0.9352837800979614,2,1042,
7,71400,g,0.8104864656925201,2,1042,
7,71400,h,0.5697409510612488,2,1049,
7,71400,i,0.6489528715610504,2,984,
7,71700,a,0.9842810034751892,2,1024,
7,71700,b,0.6646110117435455,2,983,
7,71700,c,1.074586272239685,2,995,
7,71700,d,0.47557322680950165,2,1080,
7,71700,e,0.32021456956863403,2,1011,
7,71700,f,0.9293737411499023,2,1046,
7,71700,g,0.9323945939540863,2,1046,
7,71700,h,0.8158788681030273,2,1056,
7,71700,i,0.6808165460824966,2,987,
7,72000,a,1.1042839288711548,2,1029,
7,72000,b,0.6711342930793762,2,991,
7,72000,c,1.4870269298553467,2,997,
7,72000,d,0.6657909154891968,2,1084,
7,72000,e,0.7217267155647278,2,1014,
7,72000,f,0.7582413554191589,2,1051,
7,72000,g,1.025880753993988,2,1049,
7,72000,h,0.7820760011672974,2,1061,
7,72000,i,0.5815112888813019,2,991,
7,72300,a,0.865315854549408,2,1032,
7,72300,b,0.8076139688491821,2,996,
7,72300,c,0.9995494484901428,2,1003,
7,72300,d,0.6713280379772186,2,1087,
7,72300,e,0.49128589034080505,2,1018,
7,72300,f,0.7513104379177094,2,1055,
7,72300,g,0.937691330909729,2,1052,
7,72300,h,0.642140805721283,2,1064,
7,72300,i,0.631767749786377,2,995,
7,72600,a,1.0756338834762573,2,1035,
7,72600,b,0.8268587291240692,2,999,
7,72600,c,1.2507184445858002,2,1007,
7,72600,d,0.5146045684814453,2,1090,
7,72600,e,0.5790931880474091,2,1023,
7,72600,f,0.9535500109195709,2,1059,
7,72600,g,0.8064922392368317,2,1056,
7,72600,h,0.4412478357553482,2,1068,
7,72600,i,0.5546983629465103,2,999,
7,72900,a,0.7931379079818726,2,1040,
7,72900,b,0.880247175693512,2,1004,
7,72900,c,1.0370473265647888,2,1009,
7,72900,d,0.5455839335918427,2,1096,
7,72900,e,0.3923426866531372,2,1025,
7,72900,f,0.6923199594020844,2,1066,
7,72900,g,0.8273544311523438,2,1058,
7,72900,h,0.6961104571819305,2,1074,
7,72900,i,0.8746343851089478,2,1004,
7,73200,a,0.779125988483429,2,1043,
7,73200,b,0.7030811905860901,2,1008,
7,73200,c,1.132483422756195,2,1012,
7,73200,d,0.519177570939064,2,1099,
7,73200,e,0.6268512904644012,2,1030,
7,73200,f,0.8723439276218414,2,1069,
7,73200,g,0.912373960018158,2,1061,
7,73200,h,0.5491786599159241,2,1078,
7,73200,i,0.6426860988140106,2,1008,
7,73500,a,0.9879915416240692,2,1046,
7,73500,b,0.7107372879981995,2,1011,
7,73500,c,1.213544249534607,2,1017,
7,73500,d,0.5601081848144531,2,1102,
7,73500,e,0.5152474641799927,2,1035,
7,73500,f,0.6761801838874817,2,1073,
7,73500,g,0.8415257334709167,2,1065,
7,73500,h,0.6389381289482117,2,1082,
7,73500,i,0.4231608211994171,2,1011,
7,73800,a,0.7574681639671326,2,1049,
7,73800,b,0.765942394733429,2,1016,
7,73800,c,1.116304099559784,2,1020,
7,73800,d,0.9195385575294495,2,1107,
7,73800,e,0.5374159514904022,2,1039,
7,73800,f,0.48721881210803986,2,1078,
7,73800,g,0.9410479664802551,2,1069,
7,73800,h,0.606070339679718,2,1086,
7,73800,i,0.7440136969089508,2,1015,
7,74100,a,0.908177375793457,2,1054,
7,74100,b,0.8793278634548187,2,1021,
7,74100,c,0.8104672729969025,2,1026,
7,74100,d,0.5704241693019867,2,1112,
7,74100,e,0.43212033808231354,2,1043,
7,74100,f,0.645771712064743,2,1086,
7,74100,g,0.803929328918457,2,1073,
7,74100,h,0.7029178738594055,2,1091,
7,74100,i,0.7487494945526123,2,1021,
7,74400,a,0.7500869035720825,2,1059,
7,74400,b,0.9255978167057037,2,1025,
7,74400,c,0.919833242893219,2,1031,
7,74400,d,0.5150983035564423,2,1116,
7,74400,e,0.5135854482650757,2,1046,
7,74400,f,0.5654035955667496,2,1090,
7,74400,g,0.9092265367507935,2,1076,
7,74400,h,0.6511795520782471,2,1096,
7,74400,i,0.5069521367549896,2,1025,
7,74700,a,0.9194791316986084,2,1063,
7,74700,b,0.7159005403518677,2,1030,
7,74700,c,1.014761358499527,2,1036,
7,74700,d,0.42947204411029816,2,1122,
7,74700,e,0.5345306694507599,2,1050,
7,74700,f,0.9030171036720276,2,1093,
7,74700,g,0.6477506756782532,2,1083,
7,74700,h,0.6199648380279541,2,1101,
7,74700,i,0.8658427298069,2,1031,
7,75000,a,0.7788496613502502,2,1069,
7,75000,b,0.6948769986629486,2,1033,
7,75000,c,0.9010120034217834,2,1040,
7,75000,d,0.6693985462188721,2,1127,
7,75000,e,0.6004973948001862,2,1054,
7,75000,f,0.7742010951042175,2,1098,
7,75000,g,1.0572494864463806,2,1086,
7,75000,h,0.6505770683288574,2,1104,
7,75000,i,0.9650254249572754,2,1037,
7,75300,a,0.6471485495567322,2,1071,
7,75300,b,0.8512607514858246,2,1037,
7,75300,c,0.9681046307086945,2,1044,
7,75300,d,0.5235065817832947,2,1129,
7,75300,e,0.42376741766929626,2,1062,
7,75300,f,0.7384544610977173,2,1102,
7,75300,g,0.7442995011806488,2,1091,
7,75300,h,0.7994033098220825,2,1109,
7,75300,i,0.6376107782125473,2,1041,
7,75600,a,0.7185777425765991,2,1078,
7,75600,b,0.8894177675247192,2,1043,
7,75600,c,0.9801052808761597,2,1049,
7,75600,d,0.5786027014255524,2,1133,
7,75600,e,0.6186997592449188,2,1065,
7,75600,f,0.6424440443515778,2,1108,
7,75600,g,0.6951566636562347,2,1094,
7,75600,h,0.7289662957191467,2,1112,
7,75600,i,0.5784938037395477,2,1048,
7,75900,a,0.8068605959415436,2,1083,
7,75900,b,1.2040230631828308,2,1049,
7,75900,c,0.9279927015304565,2,1052,
7,75900,d,0.7768188118934631,2,1135,
7,75900,e,0.7179650366306305,2,1071,
7,75900,f,0.7341198921203613,2,1112,
7,75900,g,0.8308154046535492,2,1099,
7,75900,h,0.59759621322155,2,1116,
7,75900,i,0.6131854951381683,2,1054,
7,76200,a,0.9072847068309784,2,1088,
7,76200,b,0.7940508723258972,2,1055,
7,76200,c,1.0727915167808533,2,1057,
7,76200,d,0.9174647927284241,2,1140,
7,76200,e,0.6129792928695679,2,1075,
7,76200,f,0.7456670701503754,2,1116,
7,76200,g,0.9025481343269348,2,1103,
7,76200,h,0.7429811954498291,2,1122,
7,76200,i,0.7151143550872803,2,1057,
7,76500,a,0.8030224144458771,2,1093,
7,76500,b,0.6854468584060669,2,1058,
7,76500,c,0.8303793668746948,2,1062,
7,76500,d,0.48673398792743683,2,1145,
7,76500,e,0.47424253821372986,2,1079,
7,76500,f,0.696488618850708,2,1120,
7,76500,g,0.7380975186824799,2,1109,
7,76500,h,0.5312911570072174,2,1126,
7,76500,i,0.6389672458171844,2,1062,
7,76800,a,1.2264864444732666,2,1100,
7,76800,b,0.8441112637519836,2,1065,
7,76800,c,1.250647246837616,2,1069,
7,76800,d,0.8781701624393463,2,1148,
7,76800,e,0.6589709669351578,2,1084,
7,76800,f,0.8017043173313141,2,1126,
7,76800,g,0.875576913356781,2,1113,
7,76800,h,0.6214148998260498,2,1131,
7,76800,i,0.8694967031478882,2,1068,
7,77100,a,0.8685324490070343,2,1102,
7,77100,b,0.7761580348014832,2,1067,
7,77100,c,0.9504269957542419,2,1074,
7,77100,d,0.7385520339012146,2,1153,
7,77100,e,0.7397947907447815,2,1089,
7,77100,f,0.5892467796802521,2,1129,
7,77100,g,0.658300131559372,2,1116,
7,77100,h,0.8039804100990295,2,1134,
7,77100,i,0.8190732598304749,2,1070,
7,77400,a,0.8614610433578491,2,1106,
7,77400,b,0.8609795868396759,2,1072,
7,77400,c,1.0030035972595215,2,1079,
7,77400,d,0.5639636665582657,2,1156,
7,77400,e,0.6267155110836029,2,1093,
7,77400,f,0.7024698257446289,2,1131,
7,77400,g,1.0776957273483276,2,1124,
7,77400,h,0.8939341008663177,2,1137,
7,77400,i,0.5575916171073914,2,1073,
7,77700,a,0.6895111799240112,2,1110,
7,77700,b,0.7319779098033905,2,1077,
7,77700,c,0.9702572524547577,2,1081,
7,77700,d,0.5935665369033813,2,1158,
7,77700,e,0.5350306332111359,2,1096,
7,77700,f,0.5584359467029572,2,1135,
7,77700,g,0.7738230526447296,2,1127,
7,77700,h,0.7032942175865173,2,1141,
7,77700,i,0.6536555588245392,2,1076,
7,78000,a,0.8895452618598938,2,1116,
7,78000,b,0.9365434646606445,2,1082,
7,78000,c,0.9752327501773834,2,1084,
7,78000,d,0.6901792585849762,2,1161,
7,78000,e,0.4374147057533264,2,1098,
7,78000,f,0.8498862087726593,2,1138,
7,78000,g,0.8492932617664337,2,1129,
7,78000,h,0.8048760145902634,2,1144,
7,78000,i,0.6556919813156128,2,1083,
7,78300,a,0.9724853038787842,2,1120,
7,78300,b,1.0044482946395874,2,1086,
7,78300,c,1.003644198179245,2,1087,
7,78300,d,0.5842636823654175,2,1165,
7,78300,e,0.4714113473892212,2,1100,
7,78300,f,0.6877744942903519,2,1141,
7,78300,g,0.9223983287811279,2,1132,
7,78300,h,0.42635974287986755,2,1149,
7,78300,i,0.5600765645503998,2,1087,
7,78600,a,0.761658787727356,2,1124,
7,78600,b,0.8823908567428589,2,1089,
7,78600,c,0.9453519284725189,2,1093,
7,78600,d,0.5268903374671936,2,1171,
7,78600,e,0.5435235798358917,2,1108,
7,78600,f,0.6916761696338654,2,1146,
7,78600,g,0.8505493402481079,2,1139,
7,78600,h,0.6131002306938171,2,1155,
7,78600,i,0.752125084400177,2,1090,
7,78900,a,0.8616551756858826,2,1129,
7,78900,b,0.7236291468143463,2,1094,
7,78900,c,1.2462210357189178,2,1096,
7,78900,d,0.7608838081359863,2,1175,
7,78900,e,0.5290105640888214,2,1112,
7,78900,f,0.5427877008914948,2,1150,
7,78900,g,0.8348605334758759,2,1143,
7,78900,h,0.8078524470329285,2,1160,
7,78900,i,0.43061363697052,2,1093,
7,79200,a,0.8712529838085175,2,1132,
7,79200,b,0.6764817237854004,2,1100,
7,79200,c,0.9921336770057678,2,1102,
7,79200,d,0.567429706454277,2,1180,
7,79200,e,0.7776334285736084,2,1117,
7,79200,f,0.5202357172966003,2,1155,
7,79200,g,0.8876363039016724,2,1149,
7,79200,h,0.6966820657253265,2,1164,
7,79200,i,0.5439983606338501,2,1096,
7,79500,a,0.7792883813381195,2,1136,
7,79500,b,0.8219550549983978,2,1104,
7,79500,c,1.1446383893489838,2,1105,
7,79500,d,0.6930938363075256,2,1184,
7,79500,e,0.7610154449939728,2,1119,
7,79500,f,0.5870502442121506,2,1162,
7,79500,g,0.7574314475059509,2,1152,
7,79500,h,0.6363543570041656,2,1171,
7,79500,i,0.7551919519901276,2,1100,
7,79800,a,0.8289423584938049,2,1141,
7,79800,b,0.7636500895023346,2,1109,
7,79800,c,1.3866212368011475,2,1108,
7,79800,d,0.6536474823951721,2,1188,
7,79800,e,0.7595834732055664,2,1122,
7,79800,f,0.45238320529460907,2,1165,
7,79800,g,0.6130548715591431,2,1156,
7,79800,h,0.46919137239456177,2,1175,
7,79800,i,0.8173064887523651,2,1106,
7,80100,a,0.8548163175582886,2,1147,
7,80100,b,0.9543180465698242,2,1111,
7,80100,c,0.860265851020813,2,1112,
7,80100,d,0.8994663655757904,2,1194,
7,80100,e,0.6282134354114532,2,1126,
7,80100,f,0.588886946439743,2,1171,
7,80100,g,0.9466394186019897,2,1161,
7,80100,h,0.8739741742610931,2,1181,
7,80100,i,0.6592086553573608,2,1112,
7,80400,a,0.7983599305152893,2,1152,
7,80400,b,0.7477814555168152,2,1115,
7,80400,c,0.8651595711708069,2,1114,
7,80400,d,0.7916862368583679,2,1196,
7,80400,e,0.42043641209602356,2,1129,
7,80400,f,0.6074872761964798,2,1174,
7,80400,g,0.7669328153133392,2,1164,
7,80400,h,0.48783130943775177,2,1183,
7,80400,i,0.7178949415683746,2,1118,
7,80700,a,1.2974296808242798,2,1156,
7,80700,b,0.8195918202400208,2,1120,
7,80700,c,0.9212959110736847,2,1119,
7,80700,d,0.5930736511945724,2,1201,
7,80700,e,0.6686844229698181,2,1136,
7,80700,f,0.6838949918746948,2,1181,
7,80700,g,0.7067258954048157,2,1169,
7,80700,h,0.5772531032562256,2,1187,
7,80700,i,0.4212333858013153,2,1123,
7,81000,a,1.082287073135376,2,1159,
7,81000,b,0.742967039346695,2,1125,
7,81000,c,0.9030358791351318,2,1122,
7,81000,d,0.4179263114929199,2,1204,
7,81000,e,0.43842802941799164,2,1140,
7,81000,f,0.6889691054821014,2,1186,
7,81000,g,0.5800842642784119,2,1172,
7,81000,h,0.735961377620697,2,1191,
7,81000,i,0.7238425314426422,2,1129,
7,81300,a,0.7935562133789062,2,1161,
7,81300,b,0.7696100771427155,2,1130,
7,81300,c,0.8147198557853699,2,1124,
7,81300,d,0.5993632972240448,2,1207,
7,81300,e,0.5536315143108368,2,1143,
7,81300,f,0.5270747542381287,2,1188,
7,81300,g,0.6728910505771637,2,1174,
7,81300,h,0.7835484445095062,2,1194,
7,81300,i,0.6416054219007492,2,1133,
7,81600,a,0.8547049164772034,2,1166,
7,81600,b,0.6643095016479492,2,1135,
7,81600,c,1.030057430267334,2,1129,
7,81600,d,1.0934290885925293,2,1212,
7,81600,e,0.5601862221956253,2,1149,
7,81600,f,0.7009699940681458,2,1193,
7,81600,g,0.7741467952728271,2,1179,
7,81600,h,0.4223266690969467,2,1200,
7,81600,i,0.8682223558425903,2,1138,
7,81900,a,0.8144799470901489,2,1170,
7,81900,b,0.6904219388961792,2,1139,
7,81900,c,0.882705569267273,2,1133,
7,81900,d,0.44093137979507446,2,1215,
7,81900,e,0.6857757866382599,2,1152,
7,81900,f,0.5312045812606812,2,1196,
7,81900,g,0.815622091293335,2,1183,
7,81900,h,0.7882651090621948,2,1204,
7,81900,i,0.7661361694335938,2,1142,
7,82200,a,0.6693355441093445,2,1174,
7,82200,b,0.705689936876297,2,1144,
7,82200,c,0.8554356396198273,2,1138,
7,82200,d,0.5635646283626556,2,1218,
7,82200,e,0.4893636852502823,2,1161,
7,82200,f,0.6412941068410873,2,1200,
7,82200,g,0.7664294540882111,2,1194,
7,82200,h,0.8517469167709351,2,1206,
7,82200,i,0.5660605132579803,2,1147,
7,82500,a,1.153863549232483,2,1180,
7,82500,b,0.7607221007347107,2,1148,
7,82500,c,0.8185093104839325,2,1142,
7,82500,d,0.6808200478553772,2,1221,
7,82500,e,0.46643897891044617,2,1163,
7,82500,f,0.7197179794311523,2,1205,
7,82500,g,0.6732063293457031,2,1200,
7,82500,h,0.611680805683136,2,1209,
7,82500,i,0.5476333498954773,2,1153,
7,82800,a,1.0539059042930603,2,1186,
7,82800,b,0.8788775503635406,2,1155,
7,82800,c,1.0457330346107483,2,1148,
7,82800,d,0.6095166206359863,2,1228,
7,82800,e,0.4870040714740753,2,1167,
7,82800,f,0.9673433601856232,2,1211,
7,82800,g,0.8158512115478516,2,1206,
7,82800,h,0.7401413023471832,2,1213,
7,82800,i,0.5969721078872681,2,1157,
7,83100,a,0.6382163763046265,2,1190,
7,83100,b,0.7436398565769196,2,1160,
7,83100,c,1.1507784128189087,2,1154,
7,83100,d,0.7227919101715088,2,1232,
7,83100,e,0.37695537507534027,2,1172,
7,83100,f,0.5309023261070251,2,1217,
7,83100,g,0.7228972911834717,2,1213,
7,83100,h,0.5583924949169159,2,1217,
7,83100,i,0.7291476726531982,2,1159,
7,83400,a,0.7719016075134277,2,1195,
7,83400,b,0.836442619562149,2,1163,
7,83400,c,1.0356879234313965,2,1159,
7,83400,d,0.8040823936462402,2,1236,
7,83400,e,0.5182422995567322,2,1175,
7,83400,f,0.7053938508033752,2,1221,
7,83400,g,0.7619115710258484,2,1218,
7,83400,h,0.6436076164245605,2,1221,
7,83400,i,0.6245740652084351,2,1165,
7,83700,a,0.8808373808860779,2,1201,
7,83700,b,0.8058738708496094,2,1168,
7,83700,c,1.3422921299934387,2,1162,
7,83700,d,0.5633213818073273,2,1240,
7,83700,e,0.378852516412735,2,1180,
7,83700,f,0.6001684963703156,2,1226,
7,83700,g,0.8808298707008362,2,1222,
7,83700,h,0.5943455398082733,2,1226,
7,83700,i,0.544483482837677,2,1171,
7,84000,a,0.9801645874977112,2,1204,
7,84000,b,0.6188639104366302,2,1171,
7,84000,c,0.8743487000465393,2,1166,
7,84000,d,0.8557238578796387,2,1242,
7,84000,e,0.5768569111824036,2,1185,
7,84000,f,0.7155252397060394,2,1230,
7,84000,g,0.7319697737693787,2,1225,
7,84000,h,0.4622619152069092,2,1229,
7,84000,i,0.7549911439418793,2,1174,
7,84300,a,0.9609760046005249,2,1207,
7,84300,b,0.7789913415908813,2,1174,
7,84300,c,1.0887921750545502,2,1170,
7,84300,d,0.529724195599556,2,1246,
7,84300,e,0.7197378873825073,2,1189,
7,84300,f,0.8106269538402557,2,1233,
7,84300,g,0.7285916209220886,2,1229,
7,84300,h,0.6047658026218414,2,1233,
7,84300,i,0.7334127724170685,2,1178,
7,84600,a,0.7880141735076904,2,1212,
7,84600,b,0.9551489651203156,2,1177,
7,84600,c,0.7713054418563843,2,1175,
7,84600,d,0.7178182303905487,2,1248,
7,84600,e,0.82200688123703,2,1193,
7,84600,f,0.7783886790275574,2,1235,
7,84600,g,0.9130134582519531,2,1234,
7,84600,h,0.6378762722015381,2,1235,
7,84600,i,0.7540563941001892,2,1183,
7,84900,a,0.6847390532493591,2,1216,
7,84900,b,0.7776824235916138,2,1180,
7,84900,c,0.8358089327812195,2,1181,
7,84900,d,0.7779865264892578,2,1253,
7,84900,e,0.7525085806846619,2,1199,
7,84900,f,0.49111104011535645,2,1239,
7,84900,g,0.8723984360694885,2,1238,
7,84900,h,0.517987996339798,2,1239,
7,84900,i,0.4674032926559448,2,1186,
7,85200,a,1.0278090834617615,2,1221,
7,85200,b,0.7631899416446686,2,1184,
7,85200,c,0.7885738015174866,2,1185,
7,85200,d,0.4925607144832611,2,1257,
7,85200,e,0.7641283571720123,2,1202,
7,85200,f,0.8678180575370789,2,1242,
7,85200,g,0.9691157341003418,2,1242,
7,85200,h,0.6530845165252686,2,1245,
7,85200,i,0.4843088835477829,2,1190,
7,85500,a,0.9516575932502747,2,1224,
7,85500,b,0.6827010810375214,2,1186,
7,85500,c,0.9183168709278107,2,1190,
7,85500,d,0.4199625551700592,2,1261,
7,85500,e,0.629680871963501,2,1205,
7,85500,f,0.41552087664604187,2,1248,
7,85500,g,0.7150047421455383,2,1246,
7,85500,h,0.49696873128414154,2,1248,
7,85500,i,0.7201965749263763,2,1193,
7,85800,a,0.7131177484989166,2,1230,
7,85800,b,0.8095964789390564,2,1192,
7,85800,c,0.9198507368564606,2,1194,
7,85800,d,0.7457876801490784,2,1267,
7,85800,e,0.5524393320083618,2,1207,
7,85800,f,0.6032086759805679,2,1250,
7,85800,g,0.7741737067699432,2,1250,
7,85800,h,0.7567868232727051,2,1253,
7,85800,i,0.472397580742836,2,1197,
7,86100,a,0.8258771300315857,2,1233,
7,86100,b,0.7223912328481674,2,1194,
7,86100,c,0.9988853633403778,2,1198,
7,86100,d,0.47943076491355896,2,1269,
7,86100,e,0.4721245914697647,2,1211,
7,86100,f,0.4939607083797455,2,1252,
7,86100,g,0.8191031813621521,2,1253,
7,86100,h,0.7129386365413666,2,1256,
7,86100,i,0.5749953091144562,2,1200,
7,86400,a,0.6941337585449219,2,1236,
7,86400,b,0.718076765537262,2,1198,
7,86400,c,0.9994385838508606,2,1200,
7,86400,d,0.6087653338909149,2,1273,
7,86400,e,0.44130076467990875,2,1214,
7,86400,f,0.5793063640594482,2,1256,
7,86400,g,0.9814882576465607,2,1256,
7,86400,h,0.6409955620765686,2,1260,
7,86400,i,0.5394791662693024,2,1204,
129,0,a,1.8473540544509888,2,2,
129,0,b,1.811236023902893,2,2,
129,0,c,1.7997583746910095,2,2,
129,0,d,1.8130435943603516,2,2,
129,0,e,1.8066732287406921,2,2,
129,0,f,1.8353991508483887,2,2,
129,0,g,1.810715913772583,2,2,
129,0,h,1.805147409439087,2,2,
129,0,i,1.8267672657966614,2,2,
129,300,a,1.7806264162063599,2,7,
129,300,b,1.8097163438796997,2,7,
129,300,c,1.7891619801521301,2,8,
129,300,d,1.853003740310669,2,7,
129,300,e,1.8227721452713013,2,7,
129,300,f,1.8356893062591553,2,8,
129,300,g,1.790881633758545,2,5,
129,300,h,1.8113030791282654,2,5,
129,300,i,1.8363398909568787,2,8,
129,600,a,1.7910285592079163,2,11,
129,600,b,1.815834641456604,2,13,
129,600,c,1.7485057711601257,2,14,
129,600,d,1.8049267530441284,2,10,
129,600,e,1.8019071221351624,2,12,
129,600,f,1.799034059047699,2,10,
129,600,g,1.7709307670593262,2,10,
129,600,h,1.7995402812957764,2,9,
129,600,i,1.8112140893936157,2,11,
129,900,a,1.7665092945098877,2,17,
129,900,b,1.8119747638702393,2,16,
129,900,c,1.8103374242782593,2,17,
129,900,d,1.7896602153778076,2,13,
129,900,e,1.7919192910194397,2,16,
129,900,f,1.8319106698036194,2,14,
129,900,g,1.777071237564087,2,14,
129,900,h,1.7786123752593994,2,13,
129,900,i,1.80485999584198,2,14,
129,1200,a,1.8298901319503784,2,22,
129,1200,b,1.8171797394752502,2,19,
129,1200,c,1.767317771911621,2,22,
129,1200,d,1.751805305480957,2,17,
129,1200,e,1.7765512466430664,2,18,
129,1200,f,1.7967456579208374,2,17,
129,1200,g,1.7982162833213806,2,19,
129,1200,h,1.8274363279342651,2,16,
129,1200,i,1.813977301120758,2,16,
129,1500,a,1.7080246210098267,2,30,
129,1500,b,1.7460896372795105,2,24,
129,1500,c,1.75547456741333,2,25,
129,1500,d,1.7443534135818481,2,22,
129,1500,e,1.7629450559616089,2,22,
129,1500,f,1.7523781061172485,2,23,
129,1500,g,1.774585247039795,2,27,
129,1500,h,1.750591516494751,2,21,
129,1500,i,1.7838515043258667,2,19,
129,1800,a,1.689522922039032,2,35,
129,1800,b,1.7393081188201904,2,31,
129,1800,c,1.8150280117988586,2,29,
129,1800,d,1.7288765907287598,2,29,
129,1800,e,1.7202669382095337,2,26,
129,1800,f,1.7511137127876282,2,27,
129,1800,g,1.7274173498153687,2,30,
129,1800,h,1.7359824776649475,2,25,
129,1800,i,1.8191901445388794,2,24,
129,2100,a,1.7322102189064026,2,42,
129,2100,b,1.76784747838974,2,35,
129,2100,c,1.8204770684242249,2,35,
129,2100,d,1.7112234234809875,2,33,
129,2100,e,1.7977384328842163,2,30,
129,2100,f,1.735293447971344,2,34,
129,2100,g,1.6839872598648071,2,36,
129,2100,h,1.8066816329956055,2,29,
129,2100,i,1.723093569278717,2,27,
129,2400,a,1.6320776343345642,2,49,
129,2400,b,1.7246128916740417,2,44,
129,2400,c,1.7624588012695312,2,39,
129,2400,d,1.6693567633628845,2,39,
129,2400,e,1.7349984049797058,2,32,
129,2400,f,1.815097153186798,2,36,
129,2400,g,1.6888384222984314,2,40,
129,2400,h,1.6738490462303162,2,33,
129,2400,i,1.635894775390625,2,34,
129,2700,a,1.622763454914093,2,55,
129,2700,b,1.7423086166381836,2,51,
129,2700,c,1.7308737635612488,2,45,
129,2700,d,1.6931912899017334,2,45,
129,2700,e,1.710240364074707,2,36,
129,2700,f,1.7284100651741028,2,39,
129,2700,g,1.722806990146637,2,47,
129,2700,h,1.7346567511558533,2,38,
129,2700,i,1.719978153705597,2,40,
129,3000,a,1.715038776397705,2,58,
129,3000,b,1.7392840385437012,2,54,
129,3000,c,1.7238819003105164,2,48,
129,3000,d,1.6699206829071045,2,51,
129,3000,e,1.7120728492736816,2,41,
129,3000,f,1.7525774836540222,2,43,
129,3000,g,1.6807118654251099,2,51,
129,3000,h,1.6893989443778992,2,43,
129,3000,i,1.6757656335830688,2,44,
129,3300,a,1.636180341243744,2,63,
129,3300,b,1.7294833064079285,2,59,
129,3300,c,1.7506885528564453,2,51,
129,3300,d,1.6366169452667236,2,56,
129,3300,e,1.6730567812919617,2,45,
129,3300,f,1.7344823479652405,2,49,
129,3300,g,1.6371272802352905,2,54,
129,3300,h,1.7192928194999695,2,47,
129,3300,i,1.6861016750335693,2,49,
129,3600,a,1.607920527458191,2,67,
129,3600,b,1.6999569535255432,2,62,
129,3600,c,1.720900535583496,2,55,
129,3600,d,1.631600022315979,2,61,
129,3600,e,1.7159040570259094,2,49,
129,3600,f,1.6964542865753174,2,52,
129,3600,g,1.6752700805664062,2,56,
129,3600,h,1.6662073135375977,2,52,
129,3600,i,1.6751937866210938,2,53,
129,3900,a,1.6022628545761108,2,70,
129,3900,b,1.7289819121360779,2,66,
129,3900,c,1.7685323357582092,2,57,
129,3900,d,1.6066280007362366,2,64,
129,3900,e,1.666207492351532,2,56,
129,3900,f,1.7096933722496033,2,60,
129,3900,g,1.7017070651054382,2,59,
129,3900,h,1.654215693473816,2,57,
129,3900,i,1.6596633195877075,2,56,
129,4200,a,1.6240114569664001,2,72,
129,4200,b,1.7248120307922363,2,73,
129,4200,c,1.7422279119491577,2,61,
129,4200,d,1.636606216430664,2,68,
129,4200,e,1.568393588066101,2,61,
129,4200,f,1.7281261682510376,2,65,
129,4200,g,1.634840726852417,2,63,
129,4200,h,1.6515174508094788,2,62,
129,4200,i,1.6868748664855957,2,62,
129,4500,a,1.6191179752349854,2,79,
129,4500,b,1.7387077808380127,2,79,
129,4500,c,1.7175766825675964,2,65,
129,4500,d,1.559230625629425,2,75,
129,4500,e,1.7081964015960693,2,65,
129,4500,f,1.6715129017829895,2,70,
129,4500,g,1.6175852417945862,2,67,
129,4500,h,1.6366713047027588,2,65,
129,4500,i,1.6316624879837036,2,66,
129,4800,a,1.5541802644729614,2,81,
129,4800,b,1.7052554488182068,2,83,
129,4800,c,1.675964117050171,2,70,
129,4800,d,1.5832595825195312,2,81,
129,4800,e,1.6793712377548218,2,71,
129,4800,f,1.647472083568573,2,74,
129,4800,g,1.6573941111564636,2,72,
129,4800,h,1.5965043902397156,2,70,
129,4800,i,1.6635193228721619,2,72,
129,5100,a,1.507374107837677,2,86,
129,5100,b,1.6570964455604553,2,86,
129,5100,c,1.6946026682853699,2,73,
129,5100,d,1.522487998008728,2,84,
129,5100,e,1.5594788789749146,2,77,
129,5100,f,1.6614389419555664,2,77,
129,5100,g,1.6309311389923096,2,76,
129,5100,h,1.5558336973190308,2,74,
129,5100,i,1.6286179423332214,2,78,
129,5400,a,1.5361812114715576,2,90,
129,5400,b,1.6738114953041077,2,89,
129,5400,c,1.6727176904678345,2,78,
129,5400,d,1.5587133765220642,2,88,
129,5400,e,1.5889822244644165,2,80,
129,5400,f,1.6389028429985046,2,79,
129,5400,g,1.578619122505188,2,79,
129,5400,h,1.5056408047676086,2,77,
129,5400,i,1.6725653409957886,2,83,
129,5700,a,1.4802882075309753,2,94,
129,5700,b,1.6368805170059204,2,92,
129,5700,c,1.6701900362968445,2,81,
129,5700,d,1.5355875492095947,2,90,
129,5700,e,1.6212407350540161,2,86,
129,5700,f,1.643109381198883,2,83,
129,5700,g,1.5809388160705566,2,83,
129,5700,h,1.5393425226211548,2,82,
129,5700,i,1.5527570843696594,2,85,
129,6000,a,1.4727740287780762,2,98,
129,6000,b,1.6901212334632874,2,96,
129,6000,c,1.6786845326423645,2,85,
129,6000,d,1.5632489323616028,2,96,
129,6000,e,1.6036769151687622,2,92,
129,6000,f,1.6922829151153564,2,87,
129,6000,g,1.6086106300354004,2,86,
129,6000,h,1.6537851691246033,2,87,
129,6000,i,1.5802913308143616,2,90,
129,6300,a,1.4489217400550842,2,103,
129,6300,b,1.723697543144226,2,102,
129,6300,c,1.6946300268173218,2,88,
129,6300,d,1.5326250791549683,2,100,
129,6300,e,1.4291781187057495,2,96,
129,6300,f,1.6228601336479187,2,91,
129,6300,g,1.5855274200439453,2,92,
129,6300,h,1.6162943243980408,2,89,
129,6300,i,1.5462109446525574,2,95,
129,6600,a,1.4206536412239075,2,107,
129,6600,b,1.6814373135566711,2,106,
129,6600,c,1.6535572409629822,2,91,
129,6600,d,1.4643927812576294,2,105,
129,6600,e,1.5462341904640198,2,98,
129,6600,f,1.521551787853241,2,93,
129,6600,g,1.5001137852668762,2,95,
129,6600,h,1.5397512912750244,2,94,
129,6600,i,1.5111322402954102,2,99,
129,6900,a,1.5779844522476196,2,112,
129,6900,b,1.6409909129142761,2,109,
129,6900,c,1.643605649471283,2,96,
129,6900,d,1.4817610383033752,2,110,
129,6900,e,1.5293280482292175,2,102,
129,6900,f,1.6178207397460938,2,98,
129,6900,g,1.4491779208183289,2,97,
129,6900,h,1.5021589994430542,2,97,
129,6900,i,1.5405014753341675,2,103,
129,7200,a,1.4450067281723022,2,116,
129,7200,b,1.6899475455284119,2,114,
129,7200,c,1.6206899881362915,2,101,
129,7200,d,1.4267507791519165,2,115,
129,7200,e,1.4567956328392029,2,106,
129,7200,f,1.6211183667182922,2,103,
129,7200,g,1.5492379069328308,2,102,
129,7200,h,1.502090573310852,2,101,
129,7200,i,1.493238389492035,2,110,
129,7500,a,1.442187488079071,2,118,
129,7500,b,1.6496363878250122,2,119,
129,7500,c,1.605181336402893,2,104,
129,7500,d,1.4150367379188538,2,120,
129,7500,e,1.5345721244812012,2,110,
129,7500,f,1.6086406111717224,2,107,
129,7500,g,1.6077059507369995,2,106,
129,7500,h,1.6145378351211548,2,107,
129,7500,i,1.476332426071167,2,116,
129,7800,a,1.3865851163864136,2,125,
129,7800,b,1.694062054157257,2,124,
129,7800,c,1.6565388441085815,2,109,
129,7800,d,1.4093514680862427,2,126,
129,7800,e,1.3879724144935608,2,114,
129,7800,f,1.5158398747444153,2,111,
129,7800,g,1.531003475189209,2,111,
129,7800,h,1.4667237997055054,2,113,
129,7800,i,1.525061011314392,2,119,
129,8100,a,1.2894451022148132,2,130,
129,8100,b,1.5335190892219543,2,126,
129,8100,c,1.6753946542739868,2,112,
129,8100,d,1.4001194834709167,2,132,
129,8100,e,1.4832910299301147,2,119,
129,8100,f,1.5842769742012024,2,116,
129,8100,g,1.4593247771263123,2,114,
129,8100,h,1.406034231185913,2,117,
129,8100,i,1.5023024678230286,2,126,
129,8400,a,1.3826627731323242,2,134,
129,8400,b,1.530748724937439,2,132,
129,8400,c,1.6292040348052979,2,116,
129,8400,d,1.3000085353851318,2,139,
129,8400,e,1.5151609182357788,2,124,
129,8400,f,1.5523699522018433,2,120,
129,8400,g,1.5168717503547668,2,117,
129,8400,h,1.4486956596374512,2,122,
129,8400,i,1.4262436628341675,2,132,
129,8700,a,1.3486170172691345,2,138,
129,8700,b,1.516270935535431,2,139,
129,8700,c,1.6323291659355164,2,119,
129,8700,d,1.3953534364700317,2,146,
129,8700,e,1.5558420419692993,2,130,
129,8700,f,1.541300654411316,2,126,
129,8700,g,1.4243765473365784,2,120,
129,8700,h,1.4283414483070374,2,126,
129,8700,i,1.3535134196281433,2,136,
129,9000,a,1.3088988065719604,2,141,
129,9000,b,1.596575379371643,2,141,
129,9000,c,1.6425805687904358,2,122,
129,9000,d,1.4369306564331055,2,148,
129,9000,e,1.3790662288665771,2,134,
129,9000,f,1.5356690883636475,2,130,
129,9000,g,1.375680923461914,2,123,
129,9000,h,1.518168032169342,2,128,
129,9000,i,1.4879134893417358,2,139,
129,9300,a,1.339931845664978,2,144,
129,9300,b,1.6060678958892822,2,144,
129,9300,c,1.6076695919036865,2,125,
129,9300,d,1.4394819736480713,2,150,
129,9300,e,1.4199806451797485,2,136,
129,9300,f,1.6316584944725037,2,133,
129,9300,g,1.406222403049469,2,127,
129,9300,h,1.4671245217323303,2,131,
129,9300,i,1.4198941588401794,2,142,
129,9600,a,1.4386825561523438,2,147,
129,9600,b,1.584061861038208,2,148,
129,9600,c,1.5457410216331482,2,132,
129,9600,d,1.4112721681594849,2,154,
129,9600,e,1.503415584564209,2,139,
129,9600,f,1.455884575843811,2,139,
129,9600,g,1.3853195905685425,2,131,
129,9600,h,1.566158413887024,2,137,
129,9600,i,1.5397047996520996,2,145,
129,9900,a,1.3352534174919128,2,151,
129,9900,b,1.6271978616714478,2,150,
129,9900,c,1.594569742679596,2,137,
129,9900,d,1.4104983806610107,2,159,
129,9900,e,1.4423004388809204,2,144,
129,9900,f,1.5520772337913513,2,143,
129,9900,g,1.4643712639808655,2,135,
129,9900,h,1.3795709609985352,2,141,
129,9900,i,1.3851674795150757,2,149,
129,10200,a,1.3322165608406067,2,157,
129,10200,b,1.498581349849701,2,157,
129,10200,c,1.6782774925231934,2,141,
129,10200,d,1.3224740624427795,2,163,
129,10200,e,1.5623233318328857,2,149,
129,10200,f,1.577236831188202,2,147,
129,10200,g,1.3538825511932373,2,140,
129,10200,h,1.4632234573364258,2,145,
129,10200,i,1.4622963070869446,2,155,
129,10500,a,1.4098305106163025,2,162,
129,10500,b,1.6810121536254883,2,164,
129,10500,c,1.5993837714195251,2,145,
129,10500,d,1.3392482995986938,2,169,
129,10500,e,1.3790165185928345,2,152,
129,10500,f,1.453635036945343,2,150,
129,10500,g,1.506505310535431,2,143,
129,10500,h,1.3596192002296448,2,149,
129,10500,i,1.4946333765983582,2,158,
129,10800,a,1.209704577922821,2,165,
129,10800,b,1.6025972962379456,2,169,
129,10800,c,1.4887774586677551,2,147,
129,10800,d,1.4473575949668884,2,174,
129,10800,e,1.2711045145988464,2,156,
129,10800,f,1.4733508229255676,2,157,
129,10800,g,1.3638601899147034,2,145,
129,10800,h,1.38514244556427,2,154,
129,10800,i,1.3482250571250916,2,162,
129,11100,a,1.368193805217743,2,170,
129,11100,b,1.490885615348816,2,175,
129,11100,c,1.53958398103714,2,151,
129,11100,d,1.3032011985778809,2,179,
129,11100,e,1.3922778964042664,2,160,
129,11100,f,1.4410889744758606,2,163,
129,11100,g,1.3629885911941528,2,150,
129,11100,h,1.3437053561210632,2,158,
129,11100,i,1.325089693069458,2,167,
129,11400,a,1.3214561939239502,2,172,
129,11400,b,1.5350834727287292,2,181,
129,11400,c,1.6077923774719238,2,153,
129,11400,d,1.3802602291107178,2,182,
129,11400,e,1.2617801427841187,2,163,
129,11400,f,1.416315495967865,2,167,
129,11400,g,1.4413477182388306,2,152,
129,11400,h,1.41182941198349,2,161,
129,11400,i,1.3414318561553955,2,174,
129,11700,a,1.2875789999961853,2,176,
129,11700,b,1.4998331665992737,2,184,
129,11700,c,1.4805487990379333,2,157,
129,11700,d,1.2697291374206543,2,189,
129,11700,e,1.400931715965271,2,167,
129,11700,f,1.4489926099777222,2,171,
129,11700,g,1.3858429193496704,2,155,
129,11700,h,1.4423439502716064,2,166,
129,11700,i,1.3175459504127502,2,180,
129,12000,a,1.283477544784546,2,178,
129,12000,b,1.511863350868225,2,189,
129,12000,c,1.594705581665039,2,160,
129,12000,d,1.248391568660736,2,191,
129,12000,e,1.3261398673057556,2,171,
129,12000,f,1.6085871458053589,2,175,
129,12000,g,1.370675265789032,2,158,
129,12000,h,1.46583890914917,2,170,
129,12000,i,1.4132184982299805,2,185,
129,12300,a,1.203023374080658,2,180,
129,12300,b,1.4876870512962341,2,192,
129,12300,c,1.4972853660583496,2,165,
129,12300,d,1.3041781783103943,2,197,
129,12300,e,1.3162572383880615,2,176,
129,12300,f,1.5416694283485413,2,179,
129,12300,g,1.4648866057395935,2,162,
129,12300,h,1.3841555714607239,2,175,
129,12300,i,1.346429169178009,2,189,
129,12600,a,1.2127965688705444,2,184,
129,12600,b,1.479685366153717,2,196,
129,12600,c,1.6034659147262573,2,169,
129,12600,d,1.268211841583252,2,200,
129,12600,e,1.4812678098678589,2,180,
129,12600,f,1.4351946711540222,2,182,
129,12600,g,1.3439273834228516,2,165,
129,12600,h,1.3084437847137451,2,178,
129,12600,i,1.4080016613006592,2,194,
129,12900,a,1.3887979388237,2,190,
129,12900,b,1.4718823432922363,2,198,
129,12900,c,1.5681524276733398,2,173,
129,12900,d,1.38694167137146,2,204,
129,12900,e,1.1911788582801819,2,186,
129,12900,f,1.4217966198921204,2,186,
129,12900,g,1.3288434743881226,2,169,
129,12900,h,1.3376078605651855,2,182,
129,12900,i,1.3472462892532349,2,199,
129,13200,a,1.2893721461296082,2,193,
129,13200,b,1.590410053730011,2,201,
129,13200,c,1.560940444469452,2,175,
129,13200,d,1.249460756778717,2,208,
129,13200,e,1.212569534778595,2,189,
129,13200,f,1.4601677656173706,2,190,
129,13200,g,1.3961979746818542,2,173,
129,13200,h,1.3257527351379395,2,187,
129,13200,i,1.3226853609085083,2,202,
129,13500,a,1.263247311115265,2,198,
129,13500,b,1.5291767120361328,2,204,
129,13500,c,1.5644956231117249,2,180,
129,13500,d,1.2829551696777344,2,212,
129,13500,e,1.331860065460205,2,192,
129,13500,f,1.4516907930374146,2,192,
129,13500,g,1.404976487159729,2,180,
129,13500,h,1.3289945125579834,2,189,
129,13500,i,1.3103460669517517,2,207,
129,13800,a,1.1948062777519226,2,202,
129,13800,b,1.4709104299545288,2,207,
129,13800,c,1.559249222278595,2,186,
129,13800,d,1.1940268874168396,2,215,
129,13800,e,1.1967834830284119,2,197,
129,13800,f,1.4446852207183838,2,195,
129,13800,g,1.346956491470337,2,185,
129,13800,h,1.2090643048286438,2,193,
129,13800,i,1.334924042224884,2,209,
129,14100,a,1.1128325462341309,2,206,
129,14100,b,1.5200910568237305,2,213,
129,14100,c,1.4807122349739075,2,191,
129,14100,d,1.2705751657485962,2,218,
129,14100,e,1.251266896724701,2,200,
129,14100,f,1.3570780158042908,2,198,
129,14100,g,1.290939211845398,2,190,
129,14100,h,1.3694615364074707,2,195,
129,14100,i,1.3415015935897827,2,213,
129,14400,a,1.3172410130500793,2,211,
129,14400,b,1.6236907243728638,2,217,
129,14400,c,1.3794280886650085,2,196,
129,14400,d,1.3057752847671509,2,223,
129,14400,e,1.3291210532188416,2,205,
129,14400,f,1.4157401323318481,2,204,
129,14400,g,1.5145974159240723,2,194,
129,14400,h,1.2345507144927979,2,198,
129,14400,i,1.1300637125968933,2,220,
129,14700,a,1.2602704763412476,2,216,
129,14700,b,1.392478585243225,2,222,
129,14700,c,1.4728572964668274,2,200,
129,14700,d,1.2975940108299255,2,228,
129,14700,e,1.3470946550369263,2,208,
129,14700,f,1.3729482293128967,2,209,
129,14700,g,1.2376877665519714,2,199,
129,14700,h,1.266605794429779,2,204,
129,14700,i,1.1768932342529297,2,222,
129,15000,a,1.2816221714019775,2,219,
129,15000,b,1.4891785979270935,2,226,
129,15000,c,1.4490916728973389,2,204,
129,15000,d,1.3099737167358398,2,232,
129,15000,e,1.2842094898223877,2,214,
129,15000,f,1.4360729455947876,2,214,
129,15000,g,1.359453797340393,2,203,
129,15000,h,1.3015739917755127,2,209,
129,15000,i,1.2076692581176758,2,225,
129,15300,a,1.1708161234855652,2,223,
129,15300,b,1.3736634254455566,2,231,
129,15300,c,1.3427206873893738,2,210,
129,15300,d,1.2248254418373108,2,236,
129,15300,e,1.363006353378296,2,217,
129,15300,f,1.4654099345207214,2,217,
129,15300,g,1.4782596826553345,2,210,
129,15300,h,1.4011029601097107,2,213,
129,15300,i,1.303332805633545,2,232,
129,15600,a,1.3099478483200073,2,226,
129,15600,b,1.38250070810318,2,234,
129,15600,c,1.5635830760002136,2,213,
129,15600,d,1.1626149415969849,2,239,
129,15600,e,1.1352952122688293,2,221,
129,15600,f,1.4331883192062378,2,221,
129,15600,g,1.2834357023239136,2,214,
129,15600,h,1.3497586250305176,2,215,
129,15600,i,1.22666734457016,2,234,
129,15900,a,1.213219702243805,2,234,
129,15900,b,1.4929227232933044,2,237,
129,15900,c,1.5351611971855164,2,220,
129,15900,d,1.2796630859375,2,242,
129,15900,e,1.254594087600708,2,226,
129,15900,f,1.3136855959892273,2,227,
129,15900,g,1.6314094066619873,2,219,
129,15900,h,1.311493158340454,2,220,
129,15900,i,1.4497458338737488,2,236,
129,16200,a,1.2029048800468445,2,237,
129,16200,b,1.5179705619812012,2,244,
129,16200,c,1.408317506313324,2,226,
129,16200,d,1.2306894063949585,2,249,
129,16200,e,1.2804858684539795,2,229,
129,16200,f,1.3396435976028442,2,231,
129,16200,g,1.2833375930786133,2,228,
129,16200,h,1.3037729263305664,2,223,
129,16200,i,1.2606720924377441,2,242,
129,16500,a,1.1651340126991272,2,241,
129,16500,b,1.3622639179229736,2,250,
129,16500,c,1.3123095631599426,2,229,
129,16500,d,1.2392972707748413,2,256,
129,16500,e,1.168504238128662,2,232,
129,16500,f,1.3693755269050598,2,234,
129,16500,g,1.2273871302604675,2,233,
129,16500,h,1.2152419686317444,2,225,
129,16500,i,1.134814739227295,2,247,
129,16800,a,1.3251492381095886,2,246,
129,16800,b,1.4403541088104248,2,254,
129,16800,c,1.4998449087142944,2,233,
129,16800,d,1.2107375264167786,2,260,
129,16800,e,1.2200058102607727,2,237,
129,16800,f,1.2989594340324402,2,239,
129,16800,g,1.3817368745803833,2,236,
129,16800,h,1.154060959815979,2,231,
129,16800,i,1.0761772394180298,2,252,
129,17100,a,1.0685219168663025,2,250,
129,17100,b,1.2769287824630737,2,258,
129,17100,c,1.368309736251831,2,237,
129,17100,d,1.2541238069534302,2,263,
129,17100,e,1.1952038407325745,2,242,
129,17100,f,1.320336103439331,2,246,
129,17100,g,1.4769546389579773,2,239,
129,17100,h,1.1827136278152466,2,236,
129,17100,i,1.1156718730926514,2,256,
129,17400,a,1.2116921544075012,2,258,
129,17400,b,1.4191364645957947,2,264,
129,17400,c,1.4019538760185242,2,241,
129,17400,d,1.1481367349624634,2,268,
129,17400,e,1.163909137248993,2,247,
129,17400,f,1.452803611755371,2,249,
129,17400,g,1.3349217176437378,2,243,
129,17400,h,1.145002841949463,2,241,
129,17400,i,1.2145677208900452,2,262,
129,17700,a,1.1313180923461914,2,261,
129,17700,b,1.4276005029678345,2,266,
129,17700,c,1.428512454032898,2,244,
129,17700,d,1.2758235335350037,2,272,
129,17700,e,1.1569346189498901,2,251,
129,17700,f,1.3536605834960938,2,252,
129,17700,g,1.2272897362709045,2,248,
129,17700,h,1.2562493085861206,2,247,
129,17700,i,1.1237121224403381,2,268,
129,18000,a,1.324451208114624,2,265,
129,18000,b,1.3696998357772827,2,271,
129,18000,c,1.4567987322807312,2,249,
129,18000,d,1.2435872554779053,2,275,
129,18000,e,1.112072229385376,2,256,
129,18000,f,1.3531360626220703,2,255,
129,18000,g,1.3015669584274292,2,254,
129,18000,h,1.3040673732757568,2,251,
129,18000,i,1.307981252670288,2,271,
129,18300,a,1.1578575372695923,2,270,
129,18300,b,1.3389575481414795,2,274,
129,18300,c,1.3749780654907227,2,254,
129,18300,d,1.4030314683914185,2,278,
129,18300,e,1.2643593549728394,2,260,
129,18300,f,1.28633451461792,2,258,
129,18300,g,1.3068218231201172,2,257,
129,18300,h,1.1385015845298767,2,254,
129,18300,i,1.2606989741325378,2,274,
129,18600,a,1.3068920373916626,2,273,
129,18600,b,1.5149762630462646,2,278,
129,18600,c,1.3779118061065674,2,257,
129,18600,d,1.2993327975273132,2,284,
129,18600,e,1.2558643817901611,2,263,
129,18600,f,1.2513513565063477,2,261,
129,18600,g,1.36319899559021,2,261,
129,18600,h,1.2516518831253052,2,257,
129,18600,i,1.201008141040802,2,282,
129,18900,a,1.5079882740974426,2,279,
129,18900,b,1.3070340156555176,2,281,
129,18900,c,1.476722776889801,2,264,
129,18900,d,1.3540061712265015,2,288,
129,18900,e,1.1252511143684387,2,269,
129,18900,f,1.3118183016777039,2,265,
129,18900,g,1.360893726348877,2,265,
129,18900,h,1.1371341347694397,2,262,
129,18900,i,1.1674060821533203,2,288,
129,19200,a,1.1615853309631348,2,282,
129,19200,b,1.4107306599617004,2,285,
129,19200,c,1.3772600889205933,2,269,
129,19200,d,1.2229180335998535,2,291,
129,19200,e,1.3369539380073547,2,272,
129,19200,f,1.2607289552688599,2,268,
129,19200,g,1.3407829999923706,2,269,
129,19200,h,1.199149489402771,2,265,
129,19200,i,1.237755537033081,2,293,
129,19500,a,1.0803964138031006,2,290,
129,19500,b,1.3299965262413025,2,291,
129,19500,c,1.3519267439842224,2,275,
129,19500,d,1.1342930793762207,2,297,
129,19500,e,1.1678327918052673,2,279,
129,19500,f,1.309634029865265,2,275,
129,19500,g,1.3044835925102234,2,275,
129,19500,h,1.1944401264190674,2,270,
129,19500,i,1.2038636803627014,2,298,
129,19800,a,1.2188404202461243,2,294,
129,19800,b,1.3888094425201416,2,295,
129,19800,c,1.5252774953842163,2,278,
129,19800,d,1.2662435173988342,2,301,
129,19800,e,1.1551568508148193,2,282,
129,19800,f,1.4620596170425415,2,278,
129,19800,g,1.383255422115326,2,277,
129,19800,h,1.3318600058555603,2,275,
129,19800,i,1.3342148065567017,2,302,
129,20100,a,1.164326548576355,2,299,
129,20100,b,1.5083421468734741,2,300,
129,20100,c,1.340244472026825,2,281,
129,20100,d,1.109759271144867,2,306,
129,20100,e,1.1751083731651306,2,286,
129,20100,f,1.2528250813484192,2,281,
129,20100,g,1.1615330576896667,2,282,
129,20100,h,0.8944745063781738,2,280,
129,20100,i,1.1491585969924927,2,308,
129,20400,a,1.1735665202140808,2,303,
129,20400,b,1.38762629032135,2,304,
129,20400,c,1.418190836906433,2,285,
129,20400,d,1.3257453441619873,2,310,
129,20400,e,1.2292348146438599,2,293,
129,20400,f,1.3170234560966492,2,288,
129,20400,g,1.2751668095588684,2,286,
129,20400,h,1.1333504915237427,2,285,
129,20400,i,1.1696086525917053,2,312,
129,20700,a,1.1154841184616089,2,309,
129,20700,b,1.4688180088996887,2,307,
129,20700,c,1.3205686807632446,2,290,
129,20700,d,1.2925785779953003,2,314,
129,20700,e,1.2358018159866333,2,297,
129,20700,f,1.2864590883255005,2,291,
129,20700,g,1.1904736161231995,2,293,
129,20700,h,1.256160318851471,2,288,
129,20700,i,1.2869422435760498,2,316,
129,21000,a,1.2296562194824219,2,312,
129,21000,b,1.2553861737251282,2,309,
129,21000,c,1.3343153595924377,2,293,
129,21000,d,1.138949453830719,2,316,
129,21000,e,1.3365842700004578,2,301,
129,21000,f,1.265691339969635,2,296,
129,21000,g,1.2671332955360413,2,297,
129,21000,h,1.2799805402755737,2,291,
129,21000,i,1.2237415313720703,2,318,
129,21300,a,1.2515852451324463,2,316,
129,21300,b,1.3561288118362427,2,314,
129,21300,c,1.2991795539855957,2,296,
129,21300,d,1.389786422252655,2,320,
129,21300,e,1.162184715270996,2,306,
129,21300,f,1.3111323118209839,2,300,
129,21300,g,1.3028743267059326,2,300,
129,21300,h,1.1885626316070557,2,297,
129,21300,i,1.0324629545211792,2,323,
129,21600,a,1.0708661079406738,2,320,
129,21600,b,1.3670788407325745,2,320,
129,21600,c,1.524117648601532,2,300,
129,21600,d,1.0921019315719604,2,324,
129,21600,e,1.1758854985237122,2,309,
129,21600,f,1.2288241386413574,2,306,
129,21600,g,1.3665356040000916,2,302,
129,21600,h,1.1110456585884094,2,302,
129,21600,i,1.2568262815475464,2,327,
129,21900,a,1.10639089345932,2,325,
129,21900,b,1.372004210948944,2,326,
129,21900,c,1.370319902896881,2,303,
129,21900,d,1.2057693004608154,2,329,
129,21900,e,1.1250770688056946,2,312,
129,21900,f,1.4342666268348694,2,309,
129,21900,g,1.3349236249923706,2,305,
129,21900,h,1.0776068568229675,2,304,
129,21900,i,1.2431066632270813,2,334,
129,22200,a,1.1154495775699615,2,329,
129,22200,b,1.4548417329788208,2,330,
129,22200,c,1.212374210357666,2,307,
129,22200,d,1.1485702991485596,2,335,
129,22200,e,1.2693868279457092,2,314,
129,22200,f,1.2550354599952698,2,312,
129,22200,g,1.2483100891113281,2,308,
129,22200,h,1.2346578240394592,2,307,
129,22200,i,1.0332883596420288,2,338,
129,22500,a,1.0563527941703796,2,334,
129,22500,b,1.272680640220642,2,332,
129,22500,c,1.3478283286094666,2,310,
129,22500,d,1.2080069780349731,2,338,
129,22500,e,1.1832241415977478,2,318,
129,22500,f,1.2061392068862915,2,317,
129,22500,g,1.2289623022079468,2,312,
129,22500,h,1.1895698308944702,2,311,
129,22500,i,1.0326209366321564,2,341,
129,22800,a,1.2299102544784546,2,338,
129,22800,b,1.1882452964782715,2,334,
129,22800,c,1.36600923538208,2,316,
129,22800,d,1.2564861178398132,2,342,
129,22800,e,1.2137819528579712,2,321,
129,22800,f,1.1251769065856934,2,322,
129,22800,g,1.1705905199050903,2,317,
129,22800,h,1.059737503528595,2,315,
129,22800,i,1.076695442199707,2,345,
129,23100,a,1.0634360313415527,2,342,
129,23100,b,1.4640754461288452,2,338,
129,23100,c,1.5613785982131958,2,321,
129,23100,d,1.1466997861862183,2,346,
129,23100,e,1.3244357705116272,2,328,
129,23100,f,1.3881667852401733,2,328,
129,23100,g,1.328311800956726,2,321,
129,23100,h,0.9994445145130157,2,320,
129,23100,i,1.195462167263031,2,348,
129,23400,a,1.241750419139862,2,348,
129,23400,b,1.308656096458435,2,345,
129,23400,c,1.3364689350128174,2,326,
129,23400,d,1.1130861043930054,2,354,
129,23400,e,1.175222635269165,2,333,
129,23400,f,1.297599971294403,2,331,
129,23400,g,1.2778849005699158,2,326,
129,23400,h,1.16118586063385,2,324,
129,23400,i,1.166624128818512,2,351,
129,23700,a,1.0970426499843597,2,354,
129,23700,b,1.4211454391479492,2,348,
129,23700,c,1.3026971220970154,2,330,
129,23700,d,1.0932812094688416,2,360,
129,23700,e,1.3041771054267883,2,338,
129,23700,f,1.3425623178482056,2,333,
129,23700,g,1.182946801185608,2,333,
129,23700,h,1.1698623895645142,2,328,
129,23700,i,1.2693533897399902,2,357,
129,24000,a,1.1276638507843018,2,357,
129,24000,b,1.1462934017181396,2,354,
129,24000,c,1.3076760172843933,2,334,
129,24000,d,1.0849298238754272,2,364,
129,24000,e,1.2239277958869934,2,342,
129,24000,f,1.2661786675453186,2,337,
129,24000,g,1.3141211867332458,2,335,
129,24000,h,1.042681485414505,2,330,
129,24000,i,1.1399114727973938,2,360,
129,24300,a,1.0674272179603577,2,363,
129,24300,b,1.2109057307243347,2,358,
129,24300,c,1.2070390582084656,2,339,
129,24300,d,1.065362274646759,2,368,
129,24300,e,1.206966519355774,2,347,
129,24300,f,1.3031520247459412,2,343,
129,24300,g,1.1267536282539368,2,339,
129,24300,h,1.1776887774467468,2,338,
129,24300,i,1.1238526105880737,2,365,
129,24600,a,1.1537481546401978,2,365,
129,24600,b,1.2381789684295654,2,361,
129,24600,c,1.293329119682312,2,341,
129,24600,d,1.0884822607040405,2,373,
129,24600,e,1.3038923144340515,2,351,
129,24600,f,1.1702386736869812,2,345,
129,24600,g,1.1764605045318604,2,343,
129,24600,h,1.070214569568634,2,342,
129,24600,i,1.1201121807098389,2,371,
129,24900,a,1.0023113489151,2,367,
129,24900,b,1.0973031520843506,2,365,
129,24900,c,1.2567602396011353,2,343,
129,24900,d,1.0507270693778992,2,377,
129,24900,e,1.1267385482788086,2,355,
129,24900,f,1.3458251357078552,2,350,
129,24900,g,1.5120878219604492,2,346,
129,24900,h,1.1863037943840027,2,345,
129,24900,i,1.0202128887176514,2,376,
129,25200,a,1.0116474032402039,2,372,
129,25200,b,1.1315012574195862,2,370,
129,25200,c,1.2386147379875183,2,348,
129,25200,d,1.1632622480392456,2,383,
129,25200,e,1.282291054725647,2,359,
129,25200,f,1.23529714345932,2,353,
129,25200,g,1.4531099796295166,2,348,
129,25200,h,1.1456962823867798,2,350,
129,25200,i,1.0389216542243958,2,379,
129,25500,a,1.0544268190860748,2,375,
129,25500,b,1.3356707096099854,2,378,
129,25500,c,1.4444963932037354,2,351,
129,25500,d,1.1495270729064941,2,388,
129,25500,e,1.229857623577118,2,363,
129,25500,f,1.2601637840270996,2,359,
129,25500,g,1.148055911064148,2,353,
129,25500,h,1.055604338645935,2,354,
129,25500,i,1.0623988509178162,2,384,
129,25800,a,1.1452728509902954,2,379,
129,25800,b,1.2351840138435364,2,381,
129,25800,c,1.485675573348999,2,356,
129,25800,d,1.159231424331665,2,390,
129,25800,e,1.1971744298934937,2,368,
129,25800,f,1.2426561117172241,2,365,
129,25800,g,1.2965198159217834,2,357,
129,25800,h,1.1123942732810974,2,361,
129,25800,i,1.0518848896026611,2,387,
129,26100,a,1.073922038078308,2,381,
129,26100,b,1.3795806169509888,2,385,
129,26100,c,1.3668298125267029,2,358,
129,26100,d,1.1763215065002441,2,397,
129,26100,e,1.180329978466034,2,374,
129,26100,f,1.0908306241035461,2,371,
129,26100,g,1.1877961158752441,2,359,
129,26100,h,1.1534721851348877,2,364,
129,26100,i,1.1635317206382751,2,396,
129,26400,a,1.1036673784255981,2,385,
129,26400,b,1.2236523628234863,2,388,
129,26400,c,1.2231155037879944,2,362,
129,26400,d,1.1328766345977783,2,401,
129,26400,e,1.1267906427383423,2,378,
129,26400,f,1.2510608434677124,2,374,
129,26400,g,1.1330646276474,2,364,
129,26400,h,1.07673579454422,2,367,
129,26400,i,1.0931960046291351,2,400,
129,26700,a,1.1863961815834045,2,388,
129,26700,b,1.3493484258651733,2,390,
129,26700,c,1.2602921724319458,2,365,
129,26700,d,1.0849695205688477,2,404,
129,26700,e,1.1161422729492188,2,380,
129,26700,f,1.1565994024276733,2,376,
129,26700,g,1.199607491493225,2,367,
129,26700,h,1.0477544069290161,2,369,
129,26700,i,0.9706750512123108,2,404,
129,27000,a,1.120388388633728,2,392,
129,27000,b,1.3619067072868347,2,395,
129,27000,c,1.1681211590766907,2,371,
129,27000,d,1.1217713356018066,2,407,
129,27000,e,1.1501789093017578,2,385,
129,27000,f,1.3489283323287964,2,379,
129,27000,g,1.2265323996543884,2,372,
129,27000,h,1.0364459156990051,2,373,
129,27000,i,0.9111749827861786,2,408,
129,27300,a,1.068942278623581,2,396,
129,27300,b,1.0972040891647339,2,399,
129,27300,c,1.3022503852844238,2,373,
129,27300,d,1.0561055541038513,2,413,
129,27300,e,1.0523518323898315,2,390,
129,27300,f,1.1866849660873413,2,385,
129,27300,g,1.3259516954421997,2,375,
129,27300,h,1.0774802565574646,2,377,
129,27300,i,1.0738801956176758,2,413,
129,27600,a,1.080651879310608,2,398,
129,27600,b,1.2134380340576172,2,401,
129,27600,c,1.1718428134918213,2,375,
129,27600,d,1.1841236352920532,2,416,
129,27600,e,0.9310069680213928,2,394,
129,27600,f,1.1153600215911865,2,387,
129,27600,g,1.5324035286903381,2,377,
129,27600,h,0.9760233759880066,2,381,
129,27600,i,1.2352334856987,2,416,
129,27900,a,1.030945599079132,2,403,
129,27900,b,1.100320816040039,2,405,
129,27900,c,1.3102116584777832,2,380,
129,27900,d,1.184377670288086,2,419,
129,27900,e,0.9827777743339539,2,400,
129,27900,f,1.1769081354141235,2,389,
129,27900,g,1.187441110610962,2,381,
129,27900,h,1.1097591519355774,2,386,
129,27900,i,1.1984785795211792,2,420,
129,28200,a,1.047746479511261,2,406,
129,28200,b,1.3683460354804993,2,412,
129,28200,c,1.2413934469223022,2,384,
129,28200,d,1.1450088024139404,2,424,
129,28200,e,1.235418438911438,2,403,
129,28200,f,1.2802535891532898,2,394,
129,28200,g,1.2307897210121155,2,383,
129,28200,h,0.9313153624534607,2,389,
129,28200,i,0.9713017046451569,2,426,
129,28500,a,0.9402450919151306,2,411,
129,28500,b,1.1108448505401611,2,417,
129,28500,c,1.3206905126571655,2,389,
129,28500,d,0.9648959636688232,2,428,
129,28500,e,1.1421194672584534,2,407,
129,28500,f,1.1344139575958252,2,400,
129,28500,g,1.2103080749511719,2,386,
129,28500,h,1.331521987915039,2,392,
129,28500,i,0.9960641264915466,2,429,
129,28800,a,1.104143500328064,2,414,
129,28800,b,1.1266652941703796,2,422,
129,28800,c,1.2187080383300781,2,391,
129,28800,d,1.134178638458252,2,430,
129,28800,e,1.1730784177780151,2,411,
129,28800,f,1.1368324756622314,2,405,
129,28800,g,1.2930133938789368,2,388,
129,28800,h,1.0677338540554047,2,398,
129,28800,i,1.0775474607944489,2,434,
129,29100,a,1.0852803587913513,2,419,
129,29100,b,1.167517602443695,2,427,
129,29100,c,1.096349835395813,2,396,
129,29100,d,1.049427092075348,2,434,
129,29100,e,1.2263264656066895,2,414,
129,29100,f,1.1647920608520508,2,409,
129,29100,g,1.251155138015747,2,392,
129,29100,h,0.9241583943367004,2,401,
129,29100,i,1.0752105712890625,2,437,
129,29400,a,0.9643712639808655,2,424,
129,29400,b,1.2561001181602478,2,430,
129,29400,c,1.4985027313232422,2,401,
129,29400,d,1.1206094026565552,2,439,
129,29400,e,1.0184192657470703,2,418,
129,29400,f,1.0222107470035553,2,414,
129,29400,g,1.095436453819275,2,398,
129,29400,h,1.0137777030467987,2,405,
129,29400,i,0.9717152118682861,2,443,
129,29700,a,0.990127831697464,2,429,
129,29700,b,1.0728374123573303,2,433,
129,29700,c,1.2578750848770142,2,405,
129,29700,d,1.1917052268981934,2,443,
129,29700,e,1.0880833268165588,2,423,
129,29700,f,1.0815825462341309,2,419,
129,29700,g,1.2169684171676636,2,404,
129,29700,h,1.2317630052566528,2,410,
129,29700,i,1.0001140236854553,2,448,
129,30000,a,0.9465748071670532,2,432,
129,30000,b,1.089498221874237,2,441,
129,30000,c,1.3015140295028687,2,409,
129,30000,d,1.058704912662506,2,448,
129,30000,e,1.1723275184631348,2,429,
129,30000,f,1.1674981713294983,2,425,
129,30000,g,1.303062915802002,2,408,
129,30000,h,1.0851933062076569,2,415,
129,30000,i,1.0884746313095093,2,453,
129,30300,a,0.9843698143959045,2,434,
129,30300,b,1.44500070810318,2,446,
129,30300,c,1.2461996674537659,2,411,
129,30300,d,1.212505578994751,2,454,
129,30300,e,0.9794826209545135,2,432,
129,30300,f,1.0913711786270142,2,428,
129,30300,g,1.1901654601097107,2,410,
129,30300,h,1.1448361277580261,2,420,
129,30300,i,1.0841142535209656,2,458,
129,30600,a,1.0171379446983337,2,437,
129,30600,b,1.1020293235778809,2,452,
129,30600,c,1.0040468275547028,2,417,
129,30600,d,1.00997394323349,2,460,
129,30600,e,1.0020551979541779,2,437,
129,30600,f,1.1278460025787354,2,434,
129,30600,g,1.2552978992462158,2,414,
129,30600,h,1.1912057399749756,2,425,
129,30600,i,1.000092089176178,2,463,
129,30900,a,0.915313184261322,2,441,
129,30900,b,1.2874267101287842,2,455,
129,30900,c,1.2067083716392517,2,420,
129,30900,d,1.1425398588180542,2,462,
129,30900,e,1.2678359150886536,2,440,
129,30900,f,0.9895625412464142,2,437,
129,30900,g,1.3176803588867188,2,419,
129,30900,h,1.0412780940532684,2,428,
129,30900,i,0.9583749771118164,2,466,
129,31200,a,1.2078825235366821,2,447,
129,31200,b,0.9254293739795685,2,458,
129,31200,c,1.1973406672477722,2,426,
129,31200,d,1.302697241306305,2,465,
129,31200,e,0.961087167263031,2,444,
129,31200,f,0.9888046979904175,2,441,
129,31200,g,1.1346860527992249,2,423,
129,31200,h,0.9587503373622894,2,431,
129,31200,i,1.091059148311615,2,470,
129,31500,a,0.9970129728317261,2,451,
129,31500,b,0.9926730394363403,2,462,
129,31500,c,1.164319634437561,2,429,
129,31500,d,1.0401659905910492,2,469,
129,31500,e,1.0129229426383972,2,447,
129,31500,f,1.1564757823944092,2,444,
129,31500,g,1.0087227523326874,2,426,
129,31500,h,0.8521293997764587,2,435,
129,31500,i,0.8579919338226318,2,473,
129,31800,a,1.0704074501991272,2,456,
129,31800,b,1.0923141241073608,2,464,
129,31800,c,1.3767336010932922,2,434,
129,31800,d,1.131682574748993,2,472,
129,31800,e,1.1295132637023926,2,451,
129,31800,f,1.1910303831100464,2,447,
129,31800,g,1.2191765308380127,2,430,
129,31800,h,0.9139714241027832,2,437,
129,31800,i,1.0668518543243408,2,476,
129,32100,a,1.0904943943023682,2,461,
129,32100,b,1.0691500902175903,2,468,
129,32100,c,1.175413191318512,2,440,
129,32100,d,1.1641870141029358,2,478,
129,32100,e,1.0176403224468231,2,456,
129,32100,f,1.1087014377117157,2,453,
129,32100,g,1.1855499744415283,2,434,
129,32100,h,1.042063295841217,2,444,
129,32100,i,0.985257625579834,2,482,
129,32400,a,1.17226904630661,2,465,
129,32400,b,0.9820125102996826,2,472,
129,32400,c,1.2476426362991333,2,444,
129,32400,d,1.2494711875915527,2,484,
129,32400,e,1.0271990895271301,2,462,
129,32400,f,1.0989345908164978,2,458,
129,32400,g,1.2456469535827637,2,436,
129,32400,h,1.0492556691169739,2,450,
129,32400,i,0.9286192655563354,2,488,
129,32700,a,1.2426906824111938,2,469,
129,32700,b,1.0730961561203003,2,476,
129,32700,c,1.0304240584373474,2,448,
129,32700,d,0.9703346490859985,2,486,
129,32700,e,0.9798576235771179,2,468,
129,32700,f,0.9283467531204224,2,465,
129,32700,g,1.0654079914093018,2,440,
129,32700,h,0.914521723985672,2,456,
129,32700,i,0.7459041476249695,2,493,
129,33000,a,1.0939341187477112,2,473,
129,33000,b,1.2752538323402405,2,479,
129,33000,c,1.3254629969596863,2,454,
129,33000,d,1.1467456817626953,2,491,
129,33000,e,1.0532322227954865,2,472,
129,33000,f,1.0619211196899414,2,471,
129,33000,g,1.4542521834373474,2,444,
129,33000,h,0.9210975766181946,2,460,
129,33000,i,1.0887299478054047,2,498,
129,33300,a,0.9224994480609894,2,477,
129,33300,b,1.243375837802887,2,482,
129,33300,c,1.1466857194900513,2,458,
129,33300,d,1.003175139427185,2,495,
129,33300,e,1.0961095094680786,2,477,
129,33300,f,1.146510511636734,2,477,
129,33300,g,1.16132390499115,2,448,
129,33300,h,1.0398272275924683,2,464,
129,33300,i,1.06385138630867,2,501,
129,33600,a,1.4890397191047668,2,479,
129,33600,b,1.0577672719955444,2,488,
129,33600,c,1.0015455186367035,2,462,
129,33600,d,0.949064314365387,2,501,
129,33600,e,0.9462137818336487,2,483,
129,33600,f,1.1462988257408142,2,482,
129,33600,g,1.3833804726600647,2,452,
129,33600,h,1.1042702794075012,2,467,
129,33600,i,0.807386964559555,2,506,
129,33900,a,1.1688066720962524,2,484,
129,33900,b,1.101369857788086,2,493,
129,33900,c,1.276687502861023,2,466,
129,33900,d,0.960297167301178,2,505,
129,33900,e,0.8417582511901855,2,485,
129,33900,f,1.1483618021011353,2,485,
129,33900,g,1.3727893233299255,2,455,
129,33900,h,0.9860506355762482,2,469,
129,33900,i,0.892402172088623,2,510,
129,34200,a,1.174534022808075,2,488,
129,34200,b,1.1266847252845764,2,496,
129,34200,c,1.2493840456008911,2,469,
129,34200,d,1.1045262813568115,2,509,
129,34200,e,0.97458216547966,2,488,
129,34200,f,1.010423719882965,2,488,
129,34200,g,1.2317485809326172,2,459,
129,34200,h,0.7539482116699219,2,473,
129,34200,i,1.1092605590820312,2,514,
129,34500,a,0.9816305637359619,2,493,
129,34500,b,1.2335555851459503,2,502,
129,34500,c,1.3001352548599243,2,474,
129,34500,d,0.9701058864593506,2,515,
129,34500,e,1.075867772102356,2,493,
129,34500,f,1.1741846799850464,2,494,
129,34500,g,1.4553229212760925,2,463,
129,34500,h,1.011513501405716,2,480,
129,34500,i,0.9962934851646423,2,520,
129,34800,a,1.0880098342895508,2,496,
129,34800,b,1.0182786583900452,2,505,
129,34800,c,1.073725700378418,2,478,
129,34800,d,0.9891487956047058,2,519,
129,34800,e,1.0679531693458557,2,497,
129,34800,f,1.184276282787323,2,498,
129,34800,g,1.233534336090088,2,466,
129,34800,h,0.7753515839576721,2,485,
129,34800,i,0.8687282800674438,2,522,
129,35100,a,1.319434642791748,2,502,
129,35100,b,1.1632992625236511,2,509,
129,35100,c,1.3339760303497314,2,482,
129,35100,d,1.1497004628181458,2,526,
129,35100,e,1.1825979351997375,2,500,
129,35100,f,0.9845070838928223,2,501,
129,35100,g,1.1430482864379883,2,470,
129,35100,h,1.0095260739326477,2,489,
129,35100,i,1.0455896854400635,2,527,
129,35400,a,1.1851390600204468,2,507,
129,35400,b,1.2019537687301636,2,514,
129,35400,c,1.1766669154167175,2,487,
129,35400,d,0.9960584342479706,2,529,
129,35400,e,0.9639548659324646,2,504,
129,35400,f,0.968273252248764,2,504,
129,35400,g,1.168450951576233,2,473,
129,35400,h,0.8595870733261108,2,492,
129,35400,i,0.8030988574028015,2,529,
129,35700,a,0.9856485724449158,2,511,
129,35700,b,1.1241306066513062,2,517,
129,35700,c,1.1593315601348877,2,493,
129,35700,d,1.0388449728488922,2,533,
129,35700,e,0.8171393871307373,2,510,
129,35700,f,1.1402025818824768,2,509,
129,35700,g,1.1790930032730103,2,478,
129,35700,h,0.9575036466121674,2,499,
129,35700,i,0.7943257093429565,2,531,
129,36000,a,1.0183835327625275,2,514,
129,36000,b,0.999327540397644,2,521,
129,36000,c,1.4332225322723389,2,497,
129,36000,d,0.9728685617446899,2,537,
129,36000,e,1.0509528517723083,2,515,
129,36000,f,0.8964717090129852,2,513,
129,36000,g,1.2044138312339783,2,482,
129,36000,h,0.9776277542114258,2,502,
129,36000,i,0.9346582889556885,2,536,
129,36300,a,1.0945935249328613,2,519,
129,36300,b,1.204800933599472,2,526,
129,36300,c,1.0489091277122498,2,500,
129,36300,d,1.0746585726737976,2,541,
129,36300,e,1.0727676749229431,2,518,
129,36300,f,1.0677602887153625,2,515,
129,36300,g,1.2422346472740173,2,485,
129,36300,h,0.9450715482234955,2,504,
129,36300,i,0.8823436796665192,2,539,
129,36600,a,1.20407235622406,2,524,
129,36600,b,0.8183277249336243,2,531,
129,36600,c,1.2746313214302063,2,502,
129,36600,d,1.0233752131462097,2,546,
129,36600,e,1.1078158020973206,2,522,
129,36600,f,0.9493586122989655,2,519,
129,36600,g,1.1344250440597534,2,490,
129,36600,h,0.899612545967102,2,507,
129,36600,i,0.9227874279022217,2,544,
129,36900,a,1.0204519033432007,2,530,
129,36900,b,1.062222957611084,2,533,
129,36900,c,1.2420809268951416,2,507,
129,36900,d,1.0213231146335602,2,549,
129,36900,e,1.0507447719573975,2,527,
129,36900,f,1.0223049819469452,2,522,
129,36900,g,1.089220643043518,2,493,
129,36900,h,1.0892446637153625,2,513,
129,36900,i,0.9506085813045502,2,547,
129,37200,a,1.078997254371643,2,534,
129,37200,b,1.1218835413455963,2,537,
129,37200,c,1.0658990144729614,2,511,
129,37200,d,1.0121556520462036,2,552,
129,37200,e,0.987390011548996,2,529,
129,37200,f,0.870560884475708,2,526,
129,37200,g,1.1381878852844238,2,499,
129,37200,h,1.0339629650115967,2,517,
129,37200,i,0.9250233471393585,2,549,
129,37500,a,1.0606912970542908,2,538,
129,37500,b,1.022258311510086,2,541,
129,37500,c,1.1098748445510864,2,514,
129,37500,d,1.0129577219486237,2,555,
129,37500,e,0.8928829431533813,2,533,
129,37500,f,1.0080710053443909,2,534,
129,37500,g,1.0858547687530518,2,505,
129,37500,h,1.159826934337616,2,520,
129,37500,i,1.182475745677948,2,552,
129,37800,a,1.0923588275909424,2,540,
129,37800,b,1.124444305896759,2,543,
129,37800,c,1.1367581486701965,2,520,
129,37800,d,0.9653148353099823,2,560,
129,37800,e,1.4012548923492432,2,535,
129,37800,f,1.013667345046997,2,539,
129,37800,g,1.1629542410373688,2,511,
129,37800,h,1.096869945526123,2,524,
129,37800,i,0.8301219642162323,2,559,
129,38100,a,0.9811919331550598,2,544,
129,38100,b,0.9603760540485382,2,546,
129,38100,c,1.096441388130188,2,526,
129,38100,d,0.9766660332679749,2,565,
129,38100,e,0.9865204095840454,2,537,
129,38100,f,0.8464356660842896,2,541,
129,38100,g,1.1616491675376892,2,517,
129,38100,h,0.8965834379196167,2,527,
129,38100,i,0.9143513143062592,2,564,
129,38400,a,0.9600574672222137,2,550,
129,38400,b,1.294140636920929,2,551,
129,38400,c,1.0801299214363098,2,531,
129,38400,d,0.9030819535255432,2,571,
129,38400,e,1.0008643865585327,2,540,
129,38400,f,0.8027901947498322,2,544,
129,38400,g,1.4453211426734924,2,523,
129,38400,h,0.892262190580368,2,530,
129,38400,i,1.1009383797645569,2,568,
129,38700,a,0.9580105245113373,2,556,
129,38700,b,0.8386208713054657,2,554,
129,38700,c,1.2384236454963684,2,537,
129,38700,d,0.8733528554439545,2,575,
129,38700,e,1.2255083918571472,2,543,
129,38700,f,0.8969303369522095,2,548,
129,38700,g,1.2721995115280151,2,530,
129,38700,h,0.8612326383590698,2,533,
129,38700,i,1.1025621891021729,2,572,
129,39000,a,0.8761008381843567,2,558,
129,39000,b,1.059914231300354,2,558,
129,39000,c,1.3174151182174683,2,541,
129,39000,d,1.0776201784610748,2,580,
129,39000,e,0.8503907024860382,2,548,
129,39000,f,0.933692991733551,2,552,
129,39000,g,1.2098180055618286,2,534,
129,39000,h,0.9545644521713257,2,539,
129,39000,i,0.8641782999038696,2,578,
129,39300,a,1.0578857064247131,2,564,
129,39300,b,1.0522702932357788,2,560,
129,39300,c,1.1439570188522339,2,546,
129,39300,d,0.9761139154434204,2,587,
129,39300,e,1.1003597378730774,2,552,
129,39300,f,0.850132018327713,2,554,
129,39300,g,1.3051661252975464,2,539,
129,39300,h,0.9565861225128174,2,543,
129,39300,i,1.180353045463562,2,583,
129,39600,a,1.0489763617515564,2,568,
129,39600,b,1.0564508438110352,2,565,
129,39600,c,1.1688304841518402,2,550,
129,39600,d,0.9495039582252502,2,595,
129,39600,e,0.8279361128807068,2,556,
129,39600,f,0.9544358849525452,2,558,
129,39600,g,1.0547309517860413,2,544,
129,39600,h,0.9498662650585175,2,549,
129,39600,i,0.9658138751983643,2,588,
129,39900,a,1.1975537538528442,2,572,
129,39900,b,0.875857412815094,2,568,
129,39900,c,1.1624260544776917,2,554,
129,39900,d,1.2197837233543396,2,598,
129,39900,e,1.2121071219444275,2,561,
129,39900,f,0.9215073585510254,2,560,
129,39900,g,1.1079711019992828,2,548,
129,39900,h,0.8837146759033203,2,555,
129,39900,i,0.9665732383728027,2,591,
129,40200,a,0.9499147534370422,2,580,
129,40200,b,1.0169977843761444,2,570,
129,40200,c,1.3372138738632202,2,560,
129,40200,d,0.7524948716163635,2,600,
129,40200,e,0.9728912711143494,2,565,
129,40200,f,0.7707523703575134,2,565,
129,40200,g,1.2295708656311035,2,555,
129,40200,h,1.0729616284370422,2,558,
129,40200,i,0.9953150749206543,2,594,
129,40500,a,0.9354124367237091,2,586,
129,40500,b,0.9569707810878754,2,576,
129,40500,c,1.2042302787303925,2,565,
129,40500,d,1.138016164302826,2,606,
129,40500,e,0.9123578071594238,2,568,
129,40500,f,0.8484090268611908,2,567,
129,40500,g,1.1909462809562683,2,558,
129,40500,h,0.8897131681442261,2,560,
129,40500,i,1.0434061884880066,2,599,
129,40800,a,1.0320879220962524,2,590,
129,40800,b,1.1862314939498901,2,580,
129,40800,c,1.1132714748382568,2,569,
129,40800,d,0.9490557909011841,2,610,
129,40800,e,1.2665551900863647,2,574,
129,40800,f,1.0276394486427307,2,571,
129,40800,g,1.1913859844207764,2,564,
129,40800,h,1.125451922416687,2,567,
129,40800,i,0.807298868894577,2,604,
129,41100,a,1.0415743291378021,2,597,
129,41100,b,1.1664664149284363,2,585,
129,41100,c,1.033482849597931,2,573,
129,41100,d,1.053951770067215,2,615,
129,41100,e,0.8949677646160126,2,578,
129,41100,f,1.1967262029647827,2,574,
129,41100,g,1.1408265829086304,2,571,
129,41100,h,0.8734186589717865,2,570,
129,41100,i,0.9341227114200592,2,607,
129,41400,a,1.1347515881061554,2,602,
129,41400,b,0.8606642186641693,2,590,
129,41400,c,1.1568171977996826,2,575,
129,41400,d,0.9767322540283203,2,620,
129,41400,e,0.8499226272106171,2,583,
129,41400,f,1.1688728332519531,2,580,
129,41400,g,1.2226707339286804,2,576,
129,41400,h,0.8278036117553711,2,576,
129,41400,i,1.1309774816036224,2,610,
129,41700,a,1.2380395531654358,2,605,
129,41700,b,1.0497761964797974,2,594,
129,41700,c,1.020095705986023,2,580,
129,41700,d,1.103825032711029,2,622,
129,41700,e,0.9156451225280762,2,590,
129,41700,f,1.09290611743927,2,586,
129,41700,g,1.1346953511238098,2,580,
129,41700,h,1.027736246585846,2,581,
129,41700,i,0.8952897191047668,2,614,
129,42000,a,0.9468348324298859,2,607,
129,42000,b,1.0470916628837585,2,599,
129,42000,c,1.2424331307411194,2,583,
129,42000,d,0.9471741020679474,2,628,
129,42000,e,0.972598671913147,2,595,
129,42000,f,1.0903993546962738,2,590,
129,42000,g,1.0653502345085144,2,583,
129,42000,h,0.8184506595134735,2,584,
129,42000,i,0.9431817829608917,2,619,
129,42300,a,1.035345435142517,2,609,
129,42300,b,0.8977707624435425,2,605,
129,42300,c,1.2425491213798523,2,587,
129,42300,d,0.8934006094932556,2,634,
129,42300,e,0.9259385466575623,2,600,
129,42300,f,0.9467548429965973,2,596,
129,42300,g,1.1034777760505676,2,586,
129,42300,h,0.943560779094696,2,590,
129,42300,i,0.7875306010246277,2,624,
129,42600,a,0.9847198128700256,2,613,
129,42600,b,0.8358052372932434,2,609,
129,42600,c,1.1889771223068237,2,591,
129,42600,d,0.8902892172336578,2,637,
129,42600,e,1.1256685256958008,2,604,
129,42600,f,0.8969612717628479,2,598,
129,42600,g,1.3043389320373535,2,589,
129,42600,h,0.9674282371997833,2,596,
129,42600,i,1.0174574255943298,2,626,
129,42900,a,1.1922043561935425,2,618,
129,42900,b,1.065187692642212,2,613,
129,42900,c,1.2135791778564453,2,598,
129,42900,d,1.001133531332016,2,645,
129,42900,e,0.9359716773033142,2,607,
129,42900,f,0.9814769327640533,2,602,
129,42900,g,1.2136169075965881,2,594,
129,42900,h,0.8519268035888672,2,600,
129,42900,i,0.7933646142482758,2,630,
129,43200,a,1.0559258460998535,2,620,
129,43200,b,0.8553146421909332,2,616,
129,43200,c,1.1352921724319458,2,600,
129,43200,d,0.961072713136673,2,648,
129,43200,e,1.1448143124580383,2,611,
129,43200,f,0.9848717451095581,2,607,
129,43200,g,1.1489486694335938,2,596,
129,43200,h,0.8758275508880615,2,607,
129,43200,i,0.8949773907661438,2,632,
129,43500,a,0.854718953371048,2,624,
129,43500,b,0.8894456624984741,2,618,
129,43500,c,1.1007546186447144,2,603,
129,43500,d,0.8973632454872131,2,650,
129,43500,e,0.8734555840492249,2,617,
129,43500,f,1.059766173362732,2,612,
129,43500,g,1.245473861694336,2,602,
129,43500,h,0.8836774528026581,2,610,
129,43500,i,0.8360360562801361,2,635,
129,43800,a,1.0272839069366455,2,629,
129,43800,b,1.039106011390686,2,623,
129,43800,c,1.0159355401992798,2,606,
129,43800,d,0.8704369068145752,2,656,
129,43800,e,0.9880906045436859,2,624,
129,43800,f,0.9275831282138824,2,619,
129,43800,g,0.9857709407806396,2,606,
129,43800,h,0.8658028542995453,2,614,
129,43800,i,0.8919711112976074,2,641,
129,44100,a,0.9245778024196625,2,635,
129,44100,b,0.9152118563652039,2,629,
129,44100,c,1.1601439118385315,2,612,
129,44100,d,0.8194442391395569,2,660,
129,44100,e,0.9610594511032104,2,630,
129,44100,f,0.9735170602798462,2,621,
129,44100,g,0.9747915863990784,2,612,
129,44100,h,0.8115172684192657,2,620,
129,44100,i,1.0345718264579773,2,648,
129,44400,a,0.9748495817184448,2,639,
129,44400,b,0.96571284532547,2,634,
129,44400,c,1.0216062366962433,2,617,
129,44400,d,0.7785474061965942,2,665,
129,44400,e,0.9939329326152802,2,632,
129,44400,f,0.896582305431366,2,623,
129,44400,g,1.1654342412948608,2,614,
129,44400,h,0.938698798418045,2,625,
129,44400,i,1.0219509303569794,2,654,
129,44700,a,0.8644161224365234,2,643,
129,44700,b,0.9625232815742493,2,638,
129,44700,c,1.100411057472229,2,621,
129,44700,d,0.9763849377632141,2,669,
129,44700,e,0.855004221200943,2,636,
129,44700,f,0.9980404376983643,2,626,
129,44700,g,1.1323237419128418,2,617,
129,44700,h,0.8090026080608368,2,627,
129,44700,i,0.944903552532196,2,659,
129,45000,a,1.0658681988716125,2,648,
129,45000,b,0.9645124971866608,2,641,
129,45000,c,1.3541489243507385,2,626,
129,45000,d,0.9353386759757996,2,672,
129,45000,e,1.005715250968933,2,640,
129,45000,f,0.9178763926029205,2,631,
129,45000,g,1.0672615766525269,2,620,
129,45000,h,0.8095439970493317,2,632,
129,45000,i,0.7435512244701385,2,664,
129,45300,a,0.9982976615428925,2,652,
129,45300,b,1.1857382655143738,2,646,
129,45300,c,1.044042944908142,2,631,
129,45300,d,0.9487824440002441,2,678,
129,45300,e,0.9734626412391663,2,645,
129,45300,f,1.1413384675979614,2,636,
129,45300,g,1.111680030822754,2,625,
129,45300,h,0.8795825242996216,2,637,
129,45300,i,0.9226832687854767,2,667,
129,45600,a,0.9538612961769104,2,655,
129,45600,b,0.9156684577465057,2,652,
129,45600,c,1.0959931015968323,2,635,
129,45600,d,0.9527026116847992,2,684,
129,45600,e,1.0819091498851776,2,649,
129,45600,f,0.8262335658073425,2,641,
129,45600,g,1.0029162168502808,2,629,
129,45600,h,0.9075568914413452,2,642,
129,45600,i,0.8280468583106995,2,673,
129,45900,a,1.037037879228592,2,660,
129,45900,b,1.0589008927345276,2,657,
129,45900,c,1.2562404870986938,2,639,
129,45900,d,0.860546737909317,2,690,
129,45900,e,0.7406847774982452,2,653,
129,45900,f,0.7285486459732056,2,647,
129,45900,g,1.0001048147678375,2,633,
129,45900,h,0.7977970242500305,2,646,
129,45900,i,1.0052840411663055,2,677,
129,46200,a,0.9843586087226868,2,667,
129,46200,b,1.12420254945755,2,661,
129,46200,c,1.0471401810646057,2,644,
129,46200,d,1.0607962608337402,2,696,
129,46200,e,0.9154081046581268,2,657,
129,46200,f,0.859398603439331,2,652,
129,46200,g,1.2531136274337769,2,641,
129,46200,h,0.7480200231075287,2,651,
129,46200,i,0.7097384333610535,2,683,
129,46500,a,0.9615717232227325,2,670,
129,46500,b,1.01914444565773,2,668,
129,46500,c,1.0311271846294403,2,648,
129,46500,d,0.8798708319664001,2,702,
129,46500,e,0.8239940404891968,2,661,
129,46500,f,0.9422357380390167,2,654,
129,46500,g,1.011375606060028,2,644,
129,46500,h,0.6885045170783997,2,655,
129,46500,i,0.87328240275383,2,688,
129,46800,a,0.9059716165065765,2,676,
129,46800,b,0.8697424232959747,2,672,
129,46800,c,1.0405208766460419,2,652,
129,46800,d,0.8607299029827118,2,704,
129,46800,e,0.7635035812854767,2,665,
129,46800,f,1.0906077921390533,2,657,
129,46800,g,1.0878798961639404,2,650,
129,46800,h,0.7414721250534058,2,658,
129,46800,i,0.7306964099407196,2,692,
129,47100,a,1.1052041053771973,2,681,
129,47100,b,1.0103254914283752,2,676,
129,47100,c,1.0241928100585938,2,658,
129,47100,d,0.8303951025009155,2,708,
129,47100,e,1.0410853326320648,2,668,
129,47100,f,0.811567485332489,2,659,
129,47100,g,1.1081753969192505,2,653,
129,47100,h,0.9568339586257935,2,663,
129,47100,i,1.0232269763946533,2,696,
129,47400,a,0.9149767458438873,2,686,
129,47400,b,0.8997653126716614,2,680,
129,47400,c,0.8743001222610474,2,663,
129,47400,d,0.9945752620697021,2,712,
129,47400,e,0.7615596055984497,2,672,
129,47400,f,1.0909861326217651,2,662,
129,47400,g,1.1026111841201782,2,656,
129,47400,h,1.0322852730751038,2,667,
129,47400,i,1.37143674492836,2,700,
129,47700,a,0.9303441047668457,2,688,
129,47700,b,0.891284704208374,2,684,
129,47700,c,1.0261651873588562,2,666,
129,47700,d,0.794103592634201,2,717,
129,47700,e,0.7363086640834808,2,676,
129,47700,f,1.0019886493682861,2,666,
129,47700,g,1.1684868335723877,2,660,
129,47700,h,1.0221123695373535,2,672,
129,47700,i,1.1644429564476013,2,705,
129,48000,a,1.1375784873962402,2,690,
129,48000,b,1.0122856199741364,2,687,
129,48000,c,1.0666226744651794,2,670,
129,48000,d,0.7611576020717621,2,721,
129,48000,e,0.7495445013046265,2,683,
129,48000,f,1.0663442611694336,2,670,
129,48000,g,1.0556128919124603,2,663,
129,48000,h,0.8524799346923828,2,680,
129,48000,i,0.7661508321762085,2,710,
129,48300,a,1.14162939786911,2,693,
129,48300,b,1.0919771194458008,2,690,
129,48300,c,1.1227460503578186,2,672,
129,48300,d,0.8572978377342224,2,726,
129,48300,e,0.7245870232582092,2,687,
129,48300,f,0.8865227997303009,2,676,
129,48300,g,1.0942148566246033,2,666,
129,48300,h,0.9550761580467224,2,686,
129,48300,i,0.6897336542606354,2,714,
129,48600,a,0.9203899204730988,2,695,
129,48600,b,0.8009123802185059,2,694,
129,48600,c,1.0839878916740417,2,676,
129,48600,d,0.6545956134796143,2,729,
129,48600,e,0.8339660167694092,2,690,
129,48600,f,0.9508933424949646,2,679,
129,48600,g,1.019295871257782,2,671,
129,48600,h,1.0252724885940552,2,690,
129,48600,i,0.7100771069526672,2,718,
129,48900,a,0.9890916049480438,2,698,
129,48900,b,0.9640651345252991,2,699,
129,48900,c,1.1444813013076782,2,681,
129,48900,d,0.8687490522861481,2,734,
129,48900,e,0.9025607705116272,2,694,
129,48900,f,1.1148048639297485,2,683,
129,48900,g,1.0426462888717651,2,677,
129,48900,h,0.8534905910491943,2,696,
129,48900,i,0.8230319619178772,2,721,
129,49200,a,0.915877103805542,2,700,
129,49200,b,1.2995007634162903,2,702,
129,49200,c,1.3907963633537292,2,684,
129,49200,d,1.0352782309055328,2,739,
129,49200,e,0.7457384467124939,2,697,
129,49200,f,0.7312508225440979,2,685,
129,49200,g,0.9916043877601624,2,680,
129,49200,h,0.8688211143016815,2,699,
129,49200,i,0.7612840235233307,2,725,
129,49500,a,0.9405011534690857,2,707,
129,49500,b,0.9530282616615295,2,709,
129,49500,c,1.1768075823783875,2,688,
129,49500,d,0.7894934117794037,2,749,
129,49500,e,0.8339216709136963,2,702,
129,49500,f,0.9043105244636536,2,689,
129,49500,g,1.075192630290985,2,685,
129,49500,h,0.698374480009079,2,704,
129,49500,i,0.8146561682224274,2,732,
129,49800,a,0.9207116365432739,2,711,
129,49800,b,0.803659200668335,2,713,
129,49800,c,1.1102023720741272,2,692,
129,49800,d,0.9138009548187256,2,755,
129,49800,e,0.7723128199577332,2,707,
129,49800,f,0.773699939250946,2,695,
129,49800,g,1.0993672609329224,2,689,
129,49800,h,1.0082870423793793,2,710,
129,49800,i,0.7359924018383026,2,737,
129,50100,a,0.9899510145187378,2,717,
129,50100,b,0.7284877896308899,2,716,
129,50100,c,0.9449430704116821,2,697,
129,50100,d,0.8332625031471252,2,759,
129,50100,e,0.8722282946109772,2,712,
129,50100,f,0.8665397763252258,2,700,
129,50100,g,1.0557492673397064,2,694,
129,50100,h,0.773317962884903,2,714,
129,50100,i,0.8303225338459015,2,740,
129,50400,a,0.8693373203277588,2,723,
129,50400,b,1.0171397626399994,2,719,
129,50400,c,1.052896112203598,2,701,
129,50400,d,0.8502995371818542,2,761,
129,50400,e,0.8070084750652313,2,715,
129,50400,f,0.8411175608634949,2,704,
129,50400,g,1.0038345456123352,2,699,
129,50400,h,1.0067732334136963,2,718,
129,50400,i,0.715374231338501,2,743,
129,50700,a,0.9854819774627686,2,729,
129,50700,b,1.2140499353408813,2,724,
129,50700,c,1.0920529961585999,2,706,
129,50700,d,0.8609700798988342,2,767,
129,50700,e,0.794873982667923,2,722,
129,50700,f,0.5576368272304535,2,708,
129,50700,g,1.1438807249069214,2,704,
129,50700,h,0.7389550507068634,2,724,
129,50700,i,1.0812081694602966,2,748,
129,51000,a,0.9513839781284332,2,735,
129,51000,b,1.100515604019165,2,729,
129,51000,c,1.0550597608089447,2,709,
129,51000,d,1.0360199213027954,2,772,
129,51000,e,0.9871091246604919,2,727,
129,51000,f,0.699514776468277,2,712,
129,51000,g,1.1484643816947937,2,709,
129,51000,h,0.9597604274749756,2,727,
129,51000,i,0.7974005043506622,2,751,
129,51300,a,1.082388699054718,2,738,
129,51300,b,0.9456314742565155,2,733,
129,51300,c,1.1265406012535095,2,713,
129,51300,d,0.673274576663971,2,775,
129,51300,e,0.613961398601532,2,731,
129,51300,f,0.7967192530632019,2,718,
129,51300,g,1.0490339696407318,2,712,
129,51300,h,0.7181365787982941,2,732,
129,51300,i,0.8586743175983429,2,754,
129,51600,a,0.9223839342594147,2,743,
129,51600,b,1.010420709848404,2,738,
129,51600,c,1.2490344643592834,2,716,
129,51600,d,0.7733837962150574,2,779,
129,51600,e,0.6930241584777832,2,736,
129,51600,f,0.8378396034240723,2,721,
129,51600,g,1.2100616097450256,2,716,
129,51600,h,0.8426933586597443,2,739,
129,51600,i,0.708486944437027,2,758,
129,51900,a,1.17637899518013,2,746,
129,51900,b,0.9345122575759888,2,744,
129,51900,c,0.9326928853988647,2,718,
129,51900,d,0.8157232105731964,2,783,
129,51900,e,0.9909030795097351,2,740,
129,51900,f,0.8073265254497528,2,726,
129,51900,g,0.9473660588264465,2,719,
129,51900,h,0.9161528944969177,2,744,
129,51900,i,0.7885481715202332,2,763,
129,52200,a,0.9389990866184235,2,750,
129,52200,b,0.7247952520847321,2,746,
129,52200,c,1.0684494376182556,2,723,
129,52200,d,0.6196652352809906,2,787,
129,52200,e,0.7234096527099609,2,742,
129,52200,f,0.7662108540534973,2,731,
129,52200,g,1.454872041940689,2,724,
129,52200,h,0.7543359398841858,2,749,
129,52200,i,0.7878785133361816,2,768,
129,52500,a,0.9228060245513916,2,755,
129,52500,b,1.0052728652954102,2,749,
129,52500,c,1.0514256954193115,2,727,
129,52500,d,0.7154191732406616,2,789,
129,52500,e,0.699820339679718,2,745,
129,52500,f,0.8211521506309509,2,735,
129,52500,g,1.5777550637722015,2,728,
129,52500,h,0.7723143696784973,2,753,
129,52500,i,0.6743575036525726,2,771,
129,52800,a,1.0880170464515686,2,760,
129,52800,b,1.0313973426818848,2,753,
129,52800,c,1.113229215145111,2,729,
129,52800,d,0.8452796339988708,2,794,
129,52800,e,1.1090080738067627,2,749,
129,52800,f,0.7268767952919006,2,740,
129,52800,g,0.9900923371315002,2,733,
129,52800,h,0.7351688742637634,2,759,
129,52800,i,0.8586416840553284,2,775,
129,53100,a,0.8801022171974182,2,764,
129,53100,b,0.8051138818264008,2,759,
129,53100,c,1.1092926859855652,2,735,
129,53100,d,1.0281475186347961,2,798,
129,53100,e,0.7986308634281158,2,753,
129,53100,f,0.6943768858909607,2,745,
129,53100,g,0.968733012676239,2,738,
129,53100,h,0.7563308477401733,2,764,
129,53100,i,0.7978309988975525,2,780,
129,53400,a,0.8858387172222137,2,767,
129,53400,b,0.7959480881690979,2,763,
129,53400,c,1.1084458231925964,2,740,
129,53400,d,0.9529016613960266,2,803,
129,53400,e,0.6519232392311096,2,759,
129,53400,f,0.8215565979480743,2,748,
129,53400,g,1.0538796186447144,2,742,
129,53400,h,0.5860134363174438,2,770,
129,53400,i,0.6514015197753906,2,783,
129,53700,a,0.8846485316753387,2,773,
129,53700,b,0.9475510716438293,2,768,
129,53700,c,0.9969328045845032,2,745,
129,53700,d,0.7038366943597794,2,807,
129,53700,e,0.6969288885593414,2,762,
129,53700,f,0.8907555937767029,2,753,
129,53700,g,1.1391197443008423,2,746,
129,53700,h,0.7293802499771118,2,774,
129,53700,i,0.9464810192584991,2,786,
129,54000,a,0.8267039060592651,2,780,
129,54000,b,0.8618170022964478,2,771,
129,54000,c,1.2591425776481628,2,752,
129,54000,d,0.8496973812580109,2,811,
129,54000,e,0.9203178882598877,2,765,
129,54000,f,0.7377929091453552,2,758,
129,54000,g,0.9541586637496948,2,752,
129,54000,h,0.7566912770271301,2,779,
129,54000,i,0.6529565155506134,2,790,
129,54300,a,0.9469653964042664,2,785,
129,54300,b,0.8340503573417664,2,777,
129,54300,c,1.1758177876472473,2,756,
129,54300,d,0.7321191132068634,2,815,
129,54300,e,0.9959661960601807,2,768,
129,54300,f,0.7575473487377167,2,761,
129,54300,g,1.0458506345748901,2,755,
129,54300,h,0.7857519388198853,2,784,
129,54300,i,0.7292189300060272,2,797,
129,54600,a,0.7718257009983063,2,791,
129,54600,b,0.8036178350448608,2,782,
129,54600,c,1.1778368949890137,2,761,
129,54600,d,0.6277769207954407,2,821,
129,54600,e,0.9276615083217621,2,772,
129,54600,f,0.9389998316764832,2,763,
129,54600,g,1.246145486831665,2,760,
129,54600,h,0.8785203099250793,2,789,
129,54600,i,0.7591995596885681,2,803,
129,54900,a,1.0086503326892853,2,797,
129,54900,b,0.6893990337848663,2,788,
129,54900,c,1.149942547082901,2,764,
129,54900,d,0.7891203165054321,2,824,
129,54900,e,1.0190855264663696,2,778,
129,54900,f,0.8736313879489899,2,768,
129,54900,g,1.2414720058441162,2,765,
129,54900,h,1.0884412825107574,2,793,
129,54900,i,0.6812825202941895,2,809,
129,55200,a,1.0537911653518677,2,800,
129,55200,b,0.9178431332111359,2,791,
129,55200,c,1.019351840019226,2,770,
129,55200,d,0.779755026102066,2,828,
129,55200,e,0.8419687747955322,2,782,
129,55200,f,0.6712731420993805,2,771,
129,55200,g,0.9474450051784515,2,771,
129,55200,h,0.896567702293396,2,797,
129,55200,i,0.7828024923801422,2,812,
129,55500,a,0.8933088779449463,2,803,
129,55500,b,0.797984778881073,2,795,
129,55500,c,0.9871357977390289,2,774,
129,55500,d,0.8342548906803131,2,833,
129,55500,e,0.7829578816890717,2,786,
129,55500,f,0.7766931653022766,2,775,
129,55500,g,1.041809618473053,2,775,
129,55500,h,0.7117375135421753,2,802,
129,55500,i,0.7807744145393372,2,816,
129,55800,a,1.0459196269512177,2,808,
129,55800,b,0.8811494708061218,2,798,
129,55800,c,1.2582257390022278,2,781,
129,55800,d,0.6807650923728943,2,837,
129,55800,e,0.7516064345836639,2,791,
129,55800,f,0.6728886067867279,2,783,
129,55800,g,0.9586084187030792,2,778,
129,55800,h,0.634483814239502,2,808,
129,55800,i,0.6650578379631042,2,820,
129,56100,a,0.9799320697784424,2,813,
129,56100,b,1.1303348541259766,2,804,
129,56100,c,1.037452518939972,2,786,
129,56100,d,1.0463180840015411,2,842,
129,56100,e,0.6075630336999893,2,795,
129,56100,f,0.6591919362545013,2,788,
129,56100,g,0.922567754983902,2,784,
129,56100,h,0.6885929107666016,2,814,
129,56100,i,0.9112342894077301,2,825,
129,56400,a,0.960628867149353,2,819,
129,56400,b,0.9315166473388672,2,807,
129,56400,c,0.9547677636146545,2,790,
129,56400,d,0.6250529885292053,2,845,
129,56400,e,0.8203027844429016,2,799,
129,56400,f,0.8488297462463379,2,793,
129,56400,g,0.8837468028068542,2,788,
129,56400,h,0.7550989985466003,2,820,
129,56400,i,0.906837522983551,2,831,
129,56700,a,0.9573721587657928,2,824,
129,56700,b,0.841729998588562,2,809,
129,56700,c,0.9740658402442932,2,794,
129,56700,d,0.7238976955413818,2,847,
129,56700,e,0.7753747403621674,2,803,
129,56700,f,0.8121934533119202,2,796,
129,56700,g,1.0038707256317139,2,793,
129,56700,h,0.7527889311313629,2,825,
129,56700,i,0.6533278822898865,2,833,
129,57000,a,0.7701058089733124,2,830,
129,57000,b,0.9822202622890472,2,813,
129,57000,c,1.0333000719547272,2,801,
129,57000,d,0.6577592194080353,2,851,
129,57000,e,0.7409337162971497,2,807,
129,57000,f,0.8387351334095001,2,798,
129,57000,g,1.0376448929309845,2,797,
129,57000,h,1.0405877232551575,2,829,
129,57000,i,0.8742200136184692,2,835,
129,57300,a,0.9490086734294891,2,835,
129,57300,b,0.9462812542915344,2,817,
129,57300,c,1.109080970287323,2,805,
129,57300,d,0.8230792582035065,2,854,
129,57300,e,0.8784042000770569,2,811,
129,57300,f,0.8470263779163361,2,802,
129,57300,g,0.9094815254211426,2,801,
129,57300,h,0.9345526695251465,2,834,
129,57300,i,0.7870291471481323,2,838,
129,57600,a,0.8694324493408203,2,838,
129,57600,b,0.6719887852668762,2,825,
129,57600,c,1.0936735272407532,2,808,
129,57600,d,0.7193237841129303,2,858,
129,57600,e,0.9267763495445251,2,814,
129,57600,f,0.7805327773094177,2,805,
129,57600,g,1.0976631045341492,2,804,
129,57600,h,0.7308106124401093,2,837,
129,57600,i,0.9573550820350647,2,845,
129,57900,a,0.946164608001709,2,842,
129,57900,b,0.7877373099327087,2,829,
129,57900,c,0.9827712178230286,2,811,
129,57900,d,0.8912302851676941,2,862,
129,57900,e,0.8249718546867371,2,819,
129,57900,f,0.6699488461017609,2,810,
129,57900,g,1.0324931740760803,2,808,
129,57900,h,0.7532017230987549,2,843,
129,57900,i,1.0755644142627716,2,848,
129,58200,a,0.9907339215278625,2,846,
129,58200,b,1.1110053658485413,2,836,
129,58200,c,1.1115561127662659,2,815,
129,58200,d,0.7671887874603271,2,867,
129,58200,e,0.516814112663269,2,823,
129,58200,f,0.8129550516605377,2,815,
129,58200,g,1.152697116136551,2,814,
129,58200,h,0.9753767251968384,2,850,
129,58200,i,0.6402539163827896,2,853,
129,58500,a,1.0257911086082458,2,852,
129,58500,b,0.8280588090419769,2,843,
129,58500,c,0.9056653678417206,2,820,
129,58500,d,0.7008862495422363,2,873,
129,58500,e,0.9451166987419128,2,828,
129,58500,f,0.768286943435669,2,820,
129,58500,g,0.8052966296672821,2,817,
129,58500,h,0.7103529274463654,2,853,
129,58500,i,0.7650989294052124,2,859,
129,58800,a,1.191079318523407,2,856,
129,58800,b,0.846345454454422,2,847,
129,58800,c,0.8412154316902161,2,824,
129,58800,d,0.6991003751754761,2,875,
129,58800,e,0.8869673311710358,2,832,
129,58800,f,0.9166136384010315,2,823,
129,58800,g,1.0497196018695831,2,822,
129,58800,h,0.6666166484355927,2,857,
129,58800,i,0.7580194175243378,2,863,
129,59100,a,0.8522388339042664,2,860,
129,59100,b,0.9345112144947052,2,850,
129,59100,c,1.2258993983268738,2,827,
129,59100,d,0.6231436431407928,2,879,
129,59100,e,0.9047200083732605,2,838,
129,59100,f,0.817202627658844,2,827,
129,59100,g,0.9584468901157379,2,826,
129,59100,h,0.7433687448501587,2,862,
129,59100,i,0.6395361721515656,2,867,
129,59400,a,1.0154712200164795,2,863,
129,59400,b,0.9222747981548309,2,854,
129,59400,c,0.992117166519165,2,830,
129,59400,d,0.6079853475093842,2,885,
129,59400,e,0.6841826438903809,2,842,
129,59400,f,0.9727656245231628,2,830,
129,59400,g,1.018427461385727,2,828,
129,59400,h,0.967010885477066,2,864,
129,59400,i,0.7590593695640564,2,870,
129,59700,a,0.9028376340866089,2,866,
129,59700,b,0.8413708806037903,2,857,
129,59700,c,1.28341144323349,2,834,
129,59700,d,0.7486376166343689,2,887,
129,59700,e,0.6546739637851715,2,847,
129,59700,f,0.6773825883865356,2,834,
129,59700,g,1.259011447429657,2,832,
129,59700,h,0.720526397228241,2,869,
129,59700,i,0.7587268054485321,2,874,
129,60000,a,0.769486665725708,2,870,
129,60000,b,0.815399169921875,2,862,
129,60000,c,1.2023024559020996,2,840,
129,60000,d,0.7833230495452881,2,890,
129,60000,e,0.7460275292396545,2,850,
129,60000,f,0.5784513354301453,2,837,
129,60000,g,1.1485087275505066,2,837,
129,60000,h,0.6145539879798889,2,872,
129,60000,i,0.9595485329627991,2,878,
129,60300,a,0.8138130009174347,2,876,
129,60300,b,0.9516666829586029,2,867,
129,60300,c,1.1806285977363586,2,844,
129,60300,d,0.6831434369087219,2,895,
129,60300,e,0.649447113275528,2,856,
129,60300,f,0.9683713912963867,2,841,
129,60300,g,1.1198557019233704,2,841,
129,60300,h,0.7928245961666107,2,880,
129,60300,i,0.6736566424369812,2,881,
129,60600,a,1.0546727180480957,2,881,
129,60600,b,0.7611108124256134,2,871,
129,60600,c,0.7907903790473938,2,848,
129,60600,d,0.7434417605400085,2,897,
129,60600,e,0.7274744212627411,2,862,
129,60600,f,0.7527801096439362,2,846,
129,60600,g,0.8860344886779785,2,846,
129,60600,h,0.6561960577964783,2,885,
129,60600,i,0.7706724107265472,2,887,
129,60900,a,0.8109442293643951,2,884,
129,60900,b,0.8668802976608276,2,876,
129,60900,c,0.9652078449726105,2,851,
129,60900,d,0.7145940065383911,2,902,
129,60900,e,0.7763979732990265,2,867,
129,60900,f,0.6532111167907715,2,850,
129,60900,g,0.907135546207428,2,850,
129,60900,h,0.7327557504177094,2,890,
129,60900,i,0.6750147342681885,2,894,
129,61200,a,0.8356873691082001,2,886,
129,61200,b,0.8585073947906494,2,881,
129,61200,c,1.1342211961746216,2,855,
129,61200,d,0.6929707527160645,2,909,
129,61200,e,0.6281290054321289,2,871,
129,61200,f,0.6969442665576935,2,853,
129,61200,g,0.7855273485183716,2,853,
129,61200,h,0.9910786151885986,2,894,
129,61200,i,0.6044324338436127,2,901,
129,61500,a,0.9288601577281952,2,888,
129,61500,b,1.017803817987442,2,887,
129,61500,c,1.0324490666389465,2,859,
129,61500,d,0.6485958993434906,2,914,
129,61500,e,0.656090646982193,2,878,
129,61500,f,0.9401159882545471,2,861,
129,61500,g,1.0871846079826355,2,858,
129,61500,h,0.8648599982261658,2,898,
129,61500,i,0.6008324325084686,2,905,
129,61800,a,0.8332872092723846,2,892,
129,61800,b,0.7460957169532776,2,890,
129,61800,c,1.1353941857814789,2,862,
129,61800,d,0.7094935178756714,2,917,
129,61800,e,0.5819326341152191,2,884,
129,61800,f,1.092486411333084,2,866,
129,61800,g,0.8861792087554932,2,861,
129,61800,h,0.7049123346805573,2,903,
129,61800,i,0.840269923210144,2,911,
129,62100,a,0.7515557408332825,2,900,
129,62100,b,0.8531238436698914,2,894,
129,62100,c,0.9089192748069763,2,869,
129,62100,d,0.7237410843372345,2,921,
129,62100,e,0.9357999265193939,2,886,
129,62100,f,0.7496136128902435,2,870,
129,62100,g,0.9601786732673645,2,867,
129,62100,h,0.9761712551116943,2,908,
129,62100,i,0.8204743266105652,2,915,
129,62400,a,1.024623155593872,2,903,
129,62400,b,0.9497203528881073,2,898,
129,62400,c,1.0590627789497375,2,873,
129,62400,d,0.6866101920604706,2,925,
129,62400,e,0.8678977191448212,2,888,
129,62400,f,0.8087118268013,2,873,
129,62400,g,0.9914161860942841,2,872,
129,62400,h,0.8251253366470337,2,911,
129,62400,i,0.6617842614650726,2,918,
129,62700,a,0.7462127804756165,2,907,
129,62700,b,0.651023805141449,2,902,
129,62700,c,1.075983464717865,2,876,
129,62700,d,0.6430519223213196,2,933,
129,62700,e,0.8904201984405518,2,890,
129,62700,f,0.6483142375946045,2,876,
129,62700,g,0.8032107353210449,2,877,
129,62700,h,0.8659642338752747,2,913,
129,62700,i,0.592706561088562,2,927,
129,63000,a,0.7617473900318146,2,910,
129,63000,b,0.8622311949729919,2,906,
129,63000,c,1.0313045382499695,2,878,
129,63000,d,0.5957980751991272,2,937,
129,63000,e,0.7162241637706757,2,894,
129,63000,f,0.5548402667045593,2,880,
129,63000,g,0.8671438694000244,2,879,
129,63000,h,0.5623990297317505,2,915,
129,63000,i,0.7641080021858215,2,930,
129,63300,a,0.7738102674484253,2,913,
129,63300,b,0.83692866563797,2,911,
129,63300,c,1.156393587589264,2,880,
129,63300,d,0.7528591156005859,2,940,
129,63300,e,0.4941440522670746,2,898,
129,63300,f,0.6788137853145599,2,882,
129,63300,g,1.0061666369438171,2,883,
129,63300,h,0.7318066656589508,2,919,
129,63300,i,0.6362991333007812,2,934,
129,63600,a,0.6714615225791931,2,916,
129,63600,b,0.9867651164531708,2,917,
129,63600,c,0.936214029788971,2,883,
129,63600,d,1.2229799032211304,2,944,
129,63600,e,0.6546299159526825,2,902,
129,63600,f,0.7150373458862305,2,887,
129,63600,g,0.8698565661907196,2,885,
129,63600,h,1.132768452167511,2,924,
129,63600,i,0.7075364291667938,2,938,
129,63900,a,0.9983574748039246,2,922,
129,63900,b,0.5874346494674683,2,924,
129,63900,c,1.1846508383750916,2,887,
129,63900,d,0.6747199296951294,2,950,
129,63900,e,0.7415889799594879,2,905,
129,63900,f,0.677900493144989,2,891,
129,63900,g,1.0477609932422638,2,890,
129,63900,h,1.0476582050323486,2,927,
129,63900,i,0.6673368811607361,2,943,
129,64200,a,0.9642426371574402,2,925,
129,64200,b,0.7967915534973145,2,929,
129,64200,c,1.036836862564087,2,891,
129,64200,d,0.741844654083252,2,956,
129,64200,e,0.5525379776954651,2,908,
129,64200,f,0.6261333525180817,2,897,
129,64200,g,0.9112747311592102,2,892,
129,64200,h,0.6430149674415588,2,933,
129,64200,i,0.688714474439621,2,947,
129,64500,a,0.7977607846260071,2,929,
129,64500,b,0.9365172386169434,2,932,
129,64500,c,1.174562394618988,2,894,
129,64500,d,0.7514451742172241,2,960,
129,64500,e,0.7953636050224304,2,912,
129,64500,f,0.6946901381015778,2,900,
129,64500,g,0.9889892041683197,2,896,
129,64500,h,0.8731304705142975,2,938,
129,64500,i,0.6319664716720581,2,952,
129,64800,a,0.770915299654007,2,932,
129,64800,b,0.7950989007949829,2,940,
129,64800,c,1.0456650257110596,2,896,
129,64800,d,0.5664380788803101,2,966,
129,64800,e,0.8790823817253113,2,915,
129,64800,f,0.5335701107978821,2,902,
129,64800,g,0.9135443568229675,2,899,
129,64800,h,0.8884453773498535,2,941,
129,64800,i,0.8206007182598114,2,957,
129,65100,a,0.7857760787010193,2,936,
129,65100,b,0.8188359141349792,2,945,
129,65100,c,1.0404636859893799,2,898,
129,65100,d,0.6178004443645477,2,970,
129,65100,e,0.5323862433433533,2,919,
129,65100,f,0.7877553403377533,2,906,
129,65100,g,0.9976305663585663,2,903,
129,65100,h,0.6777234971523285,2,944,
129,65100,i,0.6699880659580231,2,959,
129,65400,a,0.8674353361129761,2,941,
129,65400,b,0.7476763427257538,2,950,
129,65400,c,0.9913968443870544,2,901,
129,65400,d,0.6551714241504669,2,974,
129,65400,e,0.7742758691310883,2,922,
129,65400,f,0.7974785566329956,2,909,
129,65400,g,0.9717323184013367,2,908,
129,65400,h,0.797750860452652,2,948,
129,65400,i,0.7012624144554138,2,963,
129,65700,a,1.0614442229270935,2,946,
129,65700,b,0.7293482422828674,2,954,
129,65700,c,1.0648057460784912,2,905,
129,65700,d,0.6608892679214478,2,979,
129,65700,e,0.4764169156551361,2,924,
129,65700,f,0.7762884795665741,2,912,
129,65700,g,0.978541374206543,2,914,
129,65700,h,0.6840426325798035,2,951,
129,65700,i,0.672369122505188,2,968,
129,66000,a,0.9184573888778687,2,950,
129,66000,b,0.8240863084793091,2,958,
129,66000,c,1.178082525730133,2,909,
129,66000,d,0.486930251121521,2,982,
129,66000,e,0.5498574376106262,2,928,
129,66000,f,0.9836077392101288,2,914,
129,66000,g,1.0759724378585815,2,919,
129,66000,h,0.8847590088844299,2,956,
129,66000,i,0.6674742102622986,2,972,
129,66300,a,1.0878025591373444,2,955,
129,66300,b,0.8528575003147125,2,961,
129,66300,c,1.0102888345718384,2,913,
129,66300,d,0.5302318036556244,2,987,
129,66300,e,0.5826534330844879,2,933,
129,66300,f,0.7933385968208313,2,917,
129,66300,g,0.9165099263191223,2,922,
129,66300,h,0.8720918297767639,2,962,
129,66300,i,0.6578778922557831,2,976,
129,66600,a,0.996814489364624,2,959,
129,66600,b,0.8820805549621582,2,966,
129,66600,c,0.9361352324485779,2,917,
129,66600,d,0.8759498298168182,2,992,
129,66600,e,0.7481546401977539,2,939,
129,66600,f,1.027842178940773,2,922,
129,66600,g,1.2221480011940002,2,926,
129,66600,h,0.8660184442996979,2,967,
129,66600,i,0.5473737418651581,2,980,
129,66900,a,1.0028660595417023,2,963,
129,66900,b,0.7076491117477417,2,971,
129,66900,c,0.9428304433822632,2,920,
129,66900,d,0.6311241686344147,2,999,
129,66900,e,0.6231053471565247,2,944,
129,66900,f,0.574097216129303,2,927,
129,66900,g,1.0152645707130432,2,931,
129,66900,h,0.742318868637085,2,975,
129,66900,i,0.7825608849525452,2,986,
129,67200,a,1.0064562559127808,2,968,
129,67200,b,0.7313188016414642,2,976,
129,67200,c,0.9660595059394836,2,925,
129,67200,d,0.6128232479095459,2,1005,
129,67200,e,0.6409421265125275,2,948,
129,67200,f,0.6367996633052826,2,930,
129,67200,g,1.076161950826645,2,935,
129,67200,h,0.7788572311401367,2,978,
129,67200,i,0.7233695983886719,2,990,
129,67500,a,0.8029804825782776,2,974,
129,67500,b,1.0169481337070465,2,978,
129,67500,c,0.7933839857578278,2,929,
129,67500,d,0.5478103756904602,2,1008,
129,67500,e,0.4751552641391754,2,951,
129,67500,f,0.7037568688392639,2,933,
129,67500,g,0.8647905588150024,2,939,
129,67500,h,0.9250349402427673,2,982,
129,67500,i,0.704304039478302,2,993,
129,67800,a,0.7232144474983215,2,979,
129,67800,b,0.6549167931079865,2,983,
129,67800,c,1.0874881744384766,2,934,
129,67800,d,0.5270678997039795,2,1013,
129,67800,e,0.8597690463066101,2,956,
129,67800,f,0.9081636965274811,2,938,
129,67800,g,0.8871966898441315,2,943,
129,67800,h,0.6093760430812836,2,986,
129,67800,i,0.5653411149978638,2,997,
129,68100,a,0.9406756162643433,2,981,
129,68100,b,0.7011860013008118,2,986,
129,68100,c,0.8403310179710388,2,937,
129,68100,d,0.7888864874839783,2,1017,
129,68100,e,0.6573303937911987,2,959,
129,68100,f,1.0173055231571198,2,943,
129,68100,g,0.8168478608131409,2,945,
129,68100,h,0.6538667678833008,2,991,
129,68100,i,0.6175232827663422,2,1001,
129,68400,a,0.8117468357086182,2,985,
129,68400,b,0.7115887105464935,2,992,
129,68400,c,1.207809329032898,2,941,
129,68400,d,0.5040340274572372,2,1023,
129,68400,e,0.6295620799064636,2,963,
129,68400,f,0.6452988982200623,2,947,
129,68400,g,1.0711724162101746,2,949,
129,68400,h,0.8124040365219116,2,997,
129,68400,i,0.825240433216095,2,1005,
129,68700,a,0.9037177860736847,2,989,
129,68700,b,0.7940139770507812,2,997,
129,68700,c,0.8679441809654236,2,944,
129,68700,d,0.5251691341400146,2,1029,
129,68700,e,0.6937169432640076,2,966,
129,68700,f,0.7231122553348541,2,950,
129,68700,g,0.9744928479194641,2,952,
129,68700,h,0.7583431601524353,2,1001,
129,68700,i,0.5459958612918854,2,1010,
129,69000,a,0.6780674159526825,2,992,
129,69000,b,0.8193117082118988,2,1002,
129,69000,c,0.9269748032093048,2,948,
129,69000,d,0.7784394919872284,2,1033,
129,69000,e,0.5890939086675644,2,972,
129,69000,f,1.2425671815872192,2,955,
129,69000,g,0.9733679294586182,2,955,
129,69000,h,0.848617821931839,2,1007,
129,69000,i,0.724375307559967,2,1015,
129,69300,a,0.8341522216796875,2,998,
129,69300,b,0.6230139136314392,2,1005,
129,69300,c,1.0017603635787964,2,954,
129,69300,d,0.5660237669944763,2,1035,
129,69300,e,0.8094953000545502,2,976,
129,69300,f,0.7773533165454865,2,961,
129,69300,g,1.0413870215415955,2,963,
129,69300,h,0.6333888173103333,2,1012,
129,69300,i,0.5187059938907623,2,1018,
129,69600,a,0.8769952654838562,2,1000,
129,69600,b,0.6545877158641815,2,1010,
129,69600,c,0.9624201655387878,2,956,
129,69600,d,0.6009706854820251,2,1040,
129,69600,e,0.7861781716346741,2,978,
129,69600,f,0.6219813227653503,2,963,
129,69600,g,0.8630366325378418,2,965,
129,69600,h,0.8787192106246948,2,1014,
129,69600,i,0.9315298199653625,2,1022,
129,69900,a,0.8753162920475006,2,1002,
129,69900,b,0.6580201089382172,2,1017,
129,69900,c,0.8914527595043182,2,960,
129,69900,d,0.5153480470180511,2,1046,
129,69900,e,0.7967788875102997,2,980,
129,69900,f,0.7480929493904114,2,965,
129,69900,g,0.9553064703941345,2,968,
129,69900,h,0.5110422670841217,2,1017,
129,69900,i,0.5636094808578491,2,1028,
129,70200,a,0.8854405581951141,2,1007,
129,70200,b,0.6380793750286102,2,1022,
129,70200,c,1.0771097838878632,2,965,
129,70200,d,0.7445739805698395,2,1054,
129,70200,e,0.6785515546798706,2,986,
129,70200,f,0.6353779137134552,2,969,
129,70200,g,0.9651644229888916,2,971,
129,70200,h,0.5553727447986603,2,1021,
129,70200,i,0.6163170337677002,2,1033,
129,70500,a,0.7773250937461853,2,1011,
129,70500,b,0.8839615285396576,2,1025,
129,70500,c,0.8713429868221283,2,968,
129,70500,d,0.8410125374794006,2,1060,
129,70500,e,0.6284981369972229,2,989,
129,70500,f,0.6326667666435242,2,972,
129,70500,g,0.8151302933692932,2,974,
129,70500,h,0.4511798173189163,2,1024,
129,70500,i,0.5274985730648041,2,1036,
129,70800,a,0.7968574464321136,2,1014,
129,70800,b,0.6950889229774475,2,1030,
129,70800,c,1.0836940109729767,2,971,
129,70800,d,0.6996018588542938,2,1063,
129,70800,e,0.6482943296432495,2,993,
129,70800,f,0.6046977937221527,2,978,
129,70800,g,0.8803646564483643,2,977,
129,70800,h,0.9110812544822693,2,1029,
129,70800,i,0.7266651093959808,2,1041,
129,71100,a,0.6454327702522278,2,1017,
129,71100,b,0.5614214837551117,2,1036,
129,71100,c,1.0579403340816498,2,975,
129,71100,d,0.4947434663772583,2,1068,
129,71100,e,0.5985834300518036,2,999,
129,71100,f,0.73880535364151,2,986,
129,71100,g,0.9279502928256989,2,982,
129,71100,h,0.547992080450058,2,1036,
129,71100,i,0.8391427993774414,2,1043,
129,71400,a,0.8296557664871216,2,1020,
129,71400,b,0.8261216580867767,2,1042,
129,71400,c,0.8717606067657471,2,980,
129,71400,d,0.6159253120422363,2,1074,
129,71400,e,0.6520923674106598,2,1005,
129,71400,f,0.5793114304542542,2,989,
129,71400,g,0.7198024392127991,2,984,
129,71400,h,0.6800470054149628,2,1042,
129,71400,i,0.5209410637617111,2,1049,
129,71700,a,0.9089040160179138,2,1024,
129,71700,b,0.833176463842392,2,1046,
129,71700,c,1.0536505579948425,2,983,
129,71700,d,0.5949838161468506,2,1080,
129,71700,e,0.8571192026138306,2,1011,
129,71700,f,1.054088294506073,2,995,
129,71700,g,0.8819162249565125,2,987,
129,71700,h,0.7014551162719727,2,1046,
129,71700,i,0.6426139771938324,2,1056,
129,72000,a,0.9998070895671844,2,1029,
129,72000,b,0.8925696313381195,2,1051,
129,72000,c,1.099433422088623,2,991,
129,72000,d,0.536757230758667,2,1084,
129,72000,e,0.7531250715255737,2,1014,
129,72000,f,0.40265364944934845,2,997,
129,72000,g,0.9049603641033173,2,991,
129,72000,h,0.6527847647666931,2,1049,
129,72000,i,0.6030134856700897,2,1061,
129,72300,a,0.839921236038208,2,1032,
129,72300,b,0.7644557654857635,2,1055,
129,72300,c,1.1611753404140472,2,996,
129,72300,d,0.7586449086666107,2,1087,
129,72300,e,0.43902722001075745,2,1018,
129,72300,f,0.7340917885303497,2,1003,
129,72300,g,0.8393440246582031,2,995,
129,72300,h,0.591381311416626,2,1052,
129,72300,i,0.5204146951436996,2,1064,
129,72600,a,0.8390530347824097,2,1035,
129,72600,b,0.7988829910755157,2,1059,
129,72600,c,1.047379732131958,2,999,
129,72600,d,0.7506501972675323,2,1090,
129,72600,e,0.6672053635120392,2,1023,
129,72600,f,0.5841223150491714,2,1007,
129,72600,g,0.7938050031661987,2,999,
129,72600,h,0.787262812256813,2,1056,
129,72600,i,0.7017249166965485,2,1068,
129,72900,a,0.8525767624378204,2,1040,
129,72900,b,0.8106251955032349,2,1066,
129,72900,c,1.2339385151863098,2,1004,
129,72900,d,0.6675031781196594,2,1096,
129,72900,e,0.6805740892887115,2,1025,
129,72900,f,0.7931360006332397,2,1009,
129,72900,g,1.0234630107879639,2,1004,
129,72900,h,0.6995404064655304,2,1058,
129,72900,i,0.6596914529800415,2,1074,
129,73200,a,0.8971081078052521,2,1043,
129,73200,b,0.6671745479106903,2,1069,
129,73200,c,0.9748023152351379,2,1008,
129,73200,d,0.5363883227109909,2,1099,
129,73200,e,0.9463133215904236,2,1030,
129,73200,f,0.776392787694931,2,1012,
129,73200,g,0.696128785610199,2,1008,
129,73200,h,0.5602461099624634,2,1061,
129,73200,i,0.6271108388900757,2,1078,
129,73500,a,0.8217009902000427,2,1046,
129,73500,b,0.711141973733902,2,1073,
129,73500,c,1.0101922154426575,2,1011,
129,73500,d,0.48054908215999603,2,1102,
129,73500,e,0.5159996002912521,2,1035,
129,73500,f,0.5899671912193298,2,1017,
129,73500,g,1.018441379070282,2,1011,
129,73500,h,0.7272932529449463,2,1065,
129,73500,i,0.5263850390911102,2,1082,
129,73800,a,0.9415241479873657,2,1049,
129,73800,b,0.6350425481796265,2,1078,
129,73800,c,0.850225180387497,2,1016,
129,73800,d,0.7259513139724731,2,1107,
129,73800,e,0.62762051820755,2,1039,
129,73800,f,0.5429040938615799,2,1020,
129,73800,g,0.9618521332740784,2,1015,
129,73800,h,0.7298235595226288,2,1069,
129,73800,i,0.678230881690979,2,1086,
129,74100,a,1.0361599922180176,2,1054,
129,74100,b,0.8308730721473694,2,1086,
129,74100,c,0.9353348016738892,2,1021,
129,74100,d,0.5611695051193237,2,1112,
129,74100,e,0.6313633024692535,2,1043,
129,74100,f,0.5390110015869141,2,1026,
129,74100,g,0.8826844692230225,2,1021,
129,74100,h,0.655732274055481,2,1073,
129,74100,i,0.5599755793809891,2,1091,
129,74400,a,0.8821376860141754,2,1059,
129,74400,b,1.040647804737091,2,1090,
129,74400,c,1.010248839855194,2,1025,
129,74400,d,0.9563399851322174,2,1116,
129,74400,e,0.6064209938049316,2,1046,
129,74400,f,0.8385388255119324,2,1031,
129,74400,g,0.8519009649753571,2,1025,
129,74400,h,0.7183943390846252,2,1076,
129,74400,i,0.5643055438995361,2,1096,
129,74700,a,0.7069495916366577,2,1063,
129,74700,b,0.841296523809433,2,1093,
129,74700,c,0.842012494802475,2,1030,
129,74700,d,0.596768319606781,2,1122,
129,74700,e,0.40937216579914093,2,1050,
129,74700,f,0.8990675210952759,2,1036,
129,74700,g,0.9390982091426849,2,1031,
129,74700,h,0.9585578739643097,2,1083,
129,74700,i,0.5883685052394867,2,1101,
129,75000,a,0.8351159393787384,2,1069,
129,75000,b,0.6513151824474335,2,1098,
129,75000,c,1.125629037618637,2,1033,
129,75000,d,0.7723746299743652,2,1127,
129,75000,e,0.662763923406601,2,1054,
129,75000,f,0.8545956611633301,2,1040,
129,75000,g,0.9057182669639587,2,1037,
129,75000,h,0.6268559098243713,2,1086,
129,75000,i,0.605867326259613,2,1104,
129,75300,a,0.8325304388999939,2,1071,
129,75300,b,0.739295482635498,2,1102,
129,75300,c,1.361948013305664,2,1037,
129,75300,d,0.6870326101779938,2,1129,
129,75300,e,0.6006605923175812,2,1062,
129,75300,f,0.886853814125061,2,1044,
129,75300,g,0.7240417003631592,2,1041,
129,75300,h,0.6226308643817902,2,1091,
129,75300,i,0.48586997389793396,2,1109,
129,75600,a,0.57582226395607,2,1078,
129,75600,b,0.9633623957633972,2,1108,
129,75600,c,1.0753029584884644,2,1043,
129,75600,d,0.5271070301532745,2,1133,
129,75600,e,0.4556747376918793,2,1065,
129,75600,f,0.889758825302124,2,1049,
129,75600,g,1.1466680765151978,2,1048,
129,75600,h,0.8501722514629364,2,1094,
129,75600,i,0.6344255805015564,2,1112,
129,75900,a,0.8479018807411194,2,1083,
129,75900,b,0.7519168257713318,2,1112,
129,75900,c,0.9445178210735321,2,1049,
129,75900,d,0.46290549635887146,2,1135,
129,75900,e,1.0032775402069092,2,1071,
129,75900,f,0.6032077372074127,2,1052,
129,75900,g,0.9602481126785278,2,1054,
129,75900,h,0.5645083785057068,2,1099,
129,75900,i,0.6445624530315399,2,1116,
129,76200,a,0.8232676386833191,2,1088,
129,76200,b,0.8991426229476929,2,1116,
129,76200,c,1.050492525100708,2,1055,
129,76200,d,0.5995057225227356,2,1140,
129,76200,e,0.7015640735626221,2,1075,
129,76200,f,0.7669201195240021,2,1057,
129,76200,g,0.7471401393413544,2,1057,
129,76200,h,0.6021635234355927,2,1103,
129,76200,i,0.6729194223880768,2,1122,
129,76500,a,1.0678201913833618,2,1093,
129,76500,b,0.7667301893234253,2,1120,
129,76500,c,1.0038621127605438,2,1058,
129,76500,d,0.641017884016037,2,1145,
129,76500,e,0.5434888303279877,2,1079,
129,76500,f,0.6731832921504974,2,1062,
129,76500,g,0.7972989082336426,2,1062,
129,76500,h,0.6894147396087646,2,1109,
129,76500,i,0.7530363202095032,2,1126,
129,76800,a,0.9205398857593536,2,1100,
129,76800,b,0.8053964376449585,2,1126,
129,76800,c,1.0646584630012512,2,1065,
129,76800,d,0.4316856265068054,2,1148,
129,76800,e,0.5335427671670914,2,1084,
129,76800,f,0.536406010389328,2,1069,
129,76800,g,0.7311819493770599,2,1068,
129,76800,h,1.5188910961151123,2,1113,
129,76800,i,0.68912473320961,2,1131,
129,77100,a,0.8864485025405884,2,1102,
129,77100,b,0.7734809815883636,2,1129,
129,77100,c,1.031304806470871,2,1067,
129,77100,d,0.5210474729537964,2,1153,
129,77100,e,0.7846426069736481,2,1089,
129,77100,f,0.5484984219074249,2,1074,
129,77100,g,0.7000558376312256,2,1070,
129,77100,h,0.6579001247882843,2,1116,
129,77100,i,0.9074971079826355,2,1134,
129,77400,a,0.7325079441070557,2,1106,
129,77400,b,0.6702589988708496,2,1131,
129,77400,c,0.9512209594249725,2,1072,
129,77400,d,0.6854255050420761,2,1156,
129,77400,e,1.004835307598114,2,1093,
129,77400,f,0.5028315484523773,2,1079,
129,77400,g,0.9942618310451508,2,1073,
129,77400,h,0.6579700708389282,2,1124,
129,77400,i,0.6577310264110565,2,1137,
129,77700,a,1.133869469165802,2,1110,
129,77700,b,0.942632645368576,2,1135,
129,77700,c,0.9429686367511749,2,1077,
129,77700,d,0.4981483817100525,2,1158,
129,77700,e,0.41500723361968994,2,1096,
129,77700,f,0.7190782427787781,2,1081,
129,77700,g,0.8318032622337341,2,1076,
129,77700,h,0.4775538891553879,2,1127,
129,77700,i,0.4426933228969574,2,1141,
129,78000,a,0.9005340933799744,2,1116,
129,78000,b,0.7837002873420715,2,1138,
129,78000,c,1.0388834178447723,2,1082,
129,78000,d,0.5745033323764801,2,1161,
129,78000,e,0.43885958194732666,2,1098,
129,78000,f,0.7864209711551666,2,1084,
129,78000,g,0.9858160614967346,2,1083,
129,78000,h,0.6648566126823425,2,1129,
129,78000,i,0.6665046513080597,2,1144,
129,78300,a,0.8014051914215088,2,1120,
129,78300,b,0.6428668797016144,2,1141,
129,78300,c,1.0372748672962189,2,1086,
129,78300,d,0.7465406060218811,2,1165,
129,78300,e,0.5021956861019135,2,1100,
129,78300,f,0.7416478991508484,2,1087,
129,78300,g,0.9175036549568176,2,1087,
129,78300,h,0.9133309721946716,2,1132,
129,78300,i,0.7496128082275391,2,1149,
129,78600,a,0.6426436305046082,2,1124,
129,78600,b,0.6622169017791748,2,1146,
129,78600,c,0.9842621982097626,2,1089,
129,78600,d,0.5469713807106018,2,1171,
129,78600,e,0.58324334025383,2,1108,
129,78600,f,0.6931519508361816,2,1093,
129,78600,g,0.9518818855285645,2,1090,
129,78600,h,0.6836557388305664,2,1139,
129,78600,i,0.5647574663162231,2,1155,
129,78900,a,0.8098284006118774,2,1129,
129,78900,b,0.7241921722888947,2,1150,
129,78900,c,1.0664761662483215,2,1094,
129,78900,d,0.5218264162540436,2,1175,
129,78900,e,0.5242379903793335,2,1112,
129,78900,f,0.6308749318122864,2,1096,
129,78900,g,0.8008228540420532,2,1093,
129,78900,h,0.5945397615432739,2,1143,
129,78900,i,0.8134421408176422,2,1160,
129,79200,a,0.8948323726654053,2,1132,
129,79200,b,0.7514594495296478,2,1155,
129,79200,c,0.9640717208385468,2,1100,
129,79200,d,0.9667609333992004,2,1180,
129,79200,e,0.5236136764287949,2,1117,
129,79200,f,0.6793496906757355,2,1102,
129,79200,g,0.9075749814510345,2,1096,
129,79200,h,0.627442479133606,2,1149,
129,79200,i,0.34243127703666687,2,1164,
129,79500,a,0.7989413142204285,2,1136,
129,79500,b,0.669155478477478,2,1162,
129,79500,c,0.9945266246795654,2,1104,
129,79500,d,0.6430574655532837,2,1184,
129,79500,e,0.6417483687400818,2,1119,
129,79500,f,0.6910578906536102,2,1105,
129,79500,g,0.7158989608287811,2,1100,
129,79500,h,0.6104245781898499,2,1152,
129,79500,i,0.5869818925857544,2,1171,
129,79800,a,0.8405861556529999,2,1141,
129,79800,b,0.809401273727417,2,1165,
129,79800,c,0.7767657339572906,2,1109,
129,79800,d,0.6701999008655548,2,1188,
129,79800,e,0.44764797389507294,2,1122,
129,79800,f,1.136379897594452,2,1108,
129,79800,g,0.8761495053768158,2,1106,
129,79800,h,0.6354134380817413,2,1156,
129,79800,i,0.43473662436008453,2,1175,
129,80100,a,1.1115564703941345,2,1147,
129,80100,b,1.0318341255187988,2,1171,
129,80100,c,1.1437599658966064,2,1111,
129,80100,d,0.8274087309837341,2,1194,
129,80100,e,0.7098314464092255,2,1126,
129,80100,f,0.40336140990257263,2,1112,
129,80100,g,0.771258533000946,2,1112,
129,80100,h,0.5498925298452377,2,1161,
129,80100,i,0.7909130156040192,2,1181,
129,80400,a,1.3820652961730957,2,1152,
129,80400,b,0.9233804941177368,2,1174,
129,80400,c,1.1545836925506592,2,1115,
129,80400,d,0.6162897944450378,2,1196,
129,80400,e,0.646435409784317,2,1129,
129,80400,f,0.6230449974536896,2,1114,
129,80400,g,0.8180175721645355,2,1118,
129,80400,h,0.6090532839298248,2,1164,
129,80400,i,0.5139091610908508,2,1183,
129,80700,a,0.9130961000919342,2,1156,
129,80700,b,0.8558299541473389,2,1181,
129,80700,c,0.8990605771541595,2,1120,
129,80700,d,0.7220759391784668,2,1201,
129,80700,e,0.46128907799720764,2,1136,
129,80700,f,0.6925904154777527,2,1119,
129,80700,g,0.777013897895813,2,1123,
129,80700,h,0.9394243657588959,2,1169,
129,80700,i,0.7075305283069611,2,1187,
129,81000,a,0.757345974445343,2,1159,
129,81000,b,0.8804435133934021,2,1186,
129,81000,c,1.2396794557571411,2,1125,
129,81000,d,0.7534677088260651,2,1204,
129,81000,e,0.5887569934129715,2,1140,
129,81000,f,0.6094483137130737,2,1122,
129,81000,g,0.9341315031051636,2,1129,
129,81000,h,0.4996636062860489,2,1172,
129,81000,i,0.5081605464220047,2,1191,
129,81300,a,0.7749696969985962,2,1161,
129,81300,b,0.7173562943935394,2,1188,
129,81300,c,0.8957974314689636,2,1130,
129,81300,d,0.8393471539020538,2,1207,
129,81300,e,0.5873425304889679,2,1143,
129,81300,f,0.6122403740882874,2,1124,
129,81300,g,0.743669718503952,2,1133,
129,81300,h,0.6241088807582855,2,1174,
129,81300,i,0.4529610425233841,2,1194,
129,81600,a,0.8759679794311523,2,1166,
129,81600,b,0.7718401551246643,2,1193,
129,81600,c,0.9105848073959351,2,1135,
129,81600,d,0.6042272448539734,2,1212,
129,81600,e,0.7092187702655792,2,1149,
129,81600,f,0.6526739001274109,2,1129,
129,81600,g,0.662607878446579,2,1138,
129,81600,h,0.7361897528171539,2,1179,
129,81600,i,0.6836981177330017,2,1200,
129,81900,a,0.7708023190498352,2,1170,
129,81900,b,1.0497163534164429,2,1196,
129,81900,c,0.7796297967433929,2,1139,
129,81900,d,0.6063637733459473,2,1215,
129,81900,e,0.7633475512266159,2,1152,
129,81900,f,0.5886435210704803,2,1133,
129,81900,g,0.6524950265884399,2,1142,
129,81900,h,0.5597807765007019,2,1183,
129,81900,i,0.776007741689682,2,1204,
129,82200,a,1.2494888305664062,2,1174,
129,82200,b,0.9456717371940613,2,1200,
129,82200,c,0.8964691162109375,2,1144,
129,82200,d,0.4773997366428375,2,1218,
129,82200,e,0.41252364218235016,2,1161,
129,82200,f,0.7315760850906372,2,1138,
129,82200,g,0.9549523591995239,2,1147,
129,82200,h,0.6578985750675201,2,1194,
129,82200,i,0.6900254189968109,2,1206,
129,82500,a,0.7621442675590515,2,1180,
129,82500,b,0.6275366842746735,2,1205,
129,82500,c,0.972053050994873,2,1148,
129,82500,d,0.5441058576107025,2,1221,
129,82500,e,0.6576730310916901,2,1163,
129,82500,f,0.6649088263511658,2,1142,
129,82500,g,0.8956676125526428,2,1153,
129,82500,h,0.7727825790643692,2,1200,
129,82500,i,0.603019654750824,2,1209,
129,82800,a,0.8050900995731354,2,1186,
129,82800,b,0.8979885429143906,2,1211,
129,82800,c,1.1427675485610962,2,1155,
129,82800,d,0.6749946027994156,2,1228,
129,82800,e,0.7054874300956726,2,1167,
129,82800,f,0.6705108284950256,2,1148,
129,82800,g,0.8712683320045471,2,1157,
129,82800,h,0.7853971421718597,2,1206,
129,82800,i,0.572128027677536,2,1213,
129,83100,a,0.9364320039749146,2,1190,
129,83100,b,0.9135973453521729,2,1217,
129,83100,c,1.0864406824111938,2,1160,
129,83100,d,0.5193302929401398,2,1232,
129,83100,e,0.6911937892436981,2,1172,
129,83100,f,0.670665442943573,2,1154,
129,83100,g,0.7781111001968384,2,1159,
129,83100,h,0.6986091136932373,2,1213,
129,83100,i,0.7924664914608002,2,1217,
129,83400,a,0.8365190029144287,2,1195,
129,83400,b,0.5816827416419983,2,1221,
129,83400,c,0.9277471005916595,2,1163,
129,83400,d,0.5009705424308777,2,1236,
129,83400,e,0.6334124207496643,2,1175,
129,83400,f,0.5758741348981857,2,1159,
129,83400,g,0.8626368641853333,2,1165,
129,83400,h,0.7940434515476227,2,1218,
129,83400,i,0.5049505829811096,2,1221,
129,83700,a,1.0776953101158142,2,1201,
129,83700,b,0.629024088382721,2,1226,
129,83700,c,0.9313544631004333,2,1168,
129,83700,d,0.7142602503299713,2,1240,
129,83700,e,0.6252170503139496,2,1180,
129,83700,f,0.4800024479627609,2,1162,
129,83700,g,0.6748944520950317,2,1171,
129,83700,h,0.698665976524353,2,1222,
129,83700,i,0.6501172184944153,2,1226,
129,84000,a,0.5450358986854553,2,1204,
129,84000,b,0.5879293978214264,2,1230,
129,84000,c,0.886296272277832,2,1171,
129,84000,d,0.8133980631828308,2,1242,
129,84000,e,0.46802279353141785,2,1185,
129,84000,f,0.7215994000434875,2,1166,
129,84000,g,1.038241684436798,2,1174,
129,84000,h,0.6353312134742737,2,1225,
129,84000,i,0.5415239334106445,2,1229,
129,84300,a,0.6446284651756287,2,1207,
129,84300,b,0.5806147456169128,2,1233,
129,84300,c,0.8581979870796204,2,1174,
129,84300,d,0.4779040813446045,2,1246,
129,84300,e,0.7614778280258179,2,1189,
129,84300,f,0.6677260845899582,2,1170,
129,84300,g,0.7568553686141968,2,1178,
129,84300,h,0.5355218350887299,2,1229,
129,84300,i,0.8953490853309631,2,1233,
129,84600,a,0.8154292702674866,2,1212,
129,84600,b,0.6144446134567261,2,1235,
129,84600,c,1.1580435633659363,2,1177,
129,84600,d,0.5021897852420807,2,1248,
129,84600,e,0.6324569433927536,2,1193,
129,84600,f,0.6630286276340485,2,1175,
129,84600,g,0.6279643177986145,2,1183,
129,84600,h,0.8468599617481232,2,1234,
129,84600,i,0.48896627128124237,2,1235,
129,84900,a,0.8056515455245972,2,1216,
129,84900,b,0.7842063009738922,2,1239,
129,84900,c,0.7426832020282745,2,1180,
129,84900,d,0.4580329358577728,2,1253,
129,84900,e,0.41539081931114197,2,1199,
129,84900,f,0.7210855633020401,2,1181,
129,84900,g,0.6357941627502441,2,1186,
129,84900,h,0.7049137949943542,2,1238,
129,84900,i,0.8900162577629089,2,1239,
129,85200,a,0.619483470916748,2,1221,
129,85200,b,0.7545090019702911,2,1242,
129,85200,c,0.8732728660106659,2,1184,
129,85200,d,0.6266959309577942,2,1257,
129,85200,e,0.6588362455368042,2,1202,
129,85200,f,0.8684927821159363,2,1185,
129,85200,g,0.8765875101089478,2,1190,
129,85200,h,0.6881058216094971,2,1242,
129,85200,i,0.5508682727813721,2,1245,
129,85500,a,0.610197901725769,2,1224,
129,85500,b,0.7193074226379395,2,1248,
129,85500,c,0.910841166973114,2,1186,
129,85500,d,0.46257801353931427,2,1261,
129,85500,e,0.6890618801116943,2,1205,
129,85500,f,0.501059502363205,2,1190,
129,85500,g,0.8734616935253143,2,1193,
129,85500,h,0.47990182042121887,2,1246,
129,85500,i,0.846540629863739,2,1248,
129,85800,a,0.7895633280277252,2,1230,
129,85800,b,0.6287833154201508,2,1250,
129,85800,c,0.8379345238208771,2,1192,
129,85800,d,0.5362619012594223,2,1267,
129,85800,e,0.678597554564476,2,1207,
129,85800,f,0.6416186094284058,2,1194,
129,85800,g,0.8307172060012817,2,1197,
129,85800,h,0.7336964309215546,2,1250,
129,85800,i,0.8080846071243286,2,1253,
129,86100,a,0.7677338719367981,2,1233,
129,86100,b,0.5778444707393646,2,1252,
129,86100,c,1.2543358206748962,2,1194,
129,86100,d,0.4619951546192169,2,1269,
129,86100,e,0.5210599899291992,2,1211,
129,86100,f,0.7508013248443604,2,1198,
129,86100,g,0.6431421041488647,2,1200,
129,86100,h,0.4788419306278229,2,1253,
129,86100,i,0.6014764904975891,2,1256,
129,86400,a,1.0390806794166565,2,1236,
129,86400,b,0.7489926218986511,2,1256,
129,86400,c,1.0036396086215973,2,1198,
129,86400,d,0.43160171806812286,2,1273,
129,86400,e,0.5020112097263336,2,1214,
129,86400,f,0.5218979120254517,2,1200,
129,86400,g,0.8334120810031891,2,1204,
129,86400,h,0.5117024481296539,2,1256,
129,86400,i,0.6791940331459045,2,1260,
56,0,a,1.8003033995628357,2,2,
56,0,b,1.7942249774932861,2,2,
56,0,c,1.792425274848938,2,2,
56,0,d,1.8421494960784912,2,2,
56,0,e,1.8766666054725647,2,2,
56,0,f,1.8052610158920288,2,2,
56,0,g,1.8635262250900269,2,2,
56,0,h,1.7947579622268677,2,2,
56,0,i,1.7944257855415344,2,2,
56,300,a,1.8440712094306946,2,7,
56,300,b,1.8537344932556152,2,5,
56,300,c,1.84506756067276,2,6,
56,300,d,1.8236711621284485,2,7,
56,300,e,1.8060686588287354,2,4,
56,300,f,1.8457379341125488,2,4,
56,300,g,1.8257085084915161,2,9,
56,300,h,1.744919776916504,2,7,
56,300,i,1.7891939282417297,2,8,
56,600,a,1.7655488848686218,2,10,
56,600,b,1.7523754239082336,2,9,
56,600,c,1.8080222010612488,2,11,
56,600,d,1.7539643049240112,2,13,
56,600,e,1.8089648485183716,2,6,
56,600,f,1.8283254504203796,2,7,
56,600,g,1.7322612404823303,2,12,
56,600,h,1.737892210483551,2,13,
56,600,i,1.8392171263694763,2,12,
56,900,a,1.8177923560142517,2,13,
56,900,b,1.782647430896759,2,13,
56,900,c,1.7976683378219604,2,16,
56,900,d,1.7261860370635986,2,17,
56,900,e,1.717314064502716,2,11,
56,900,f,1.808017075061798,2,11,
56,900,g,1.7181820273399353,2,19,
56,900,h,1.7220591306686401,2,16,
56,900,i,1.741636574268341,2,16,
56,1200,a,1.7533419728279114,2,17,
56,1200,b,1.8180071711540222,2,17,
56,1200,c,1.8045427203178406,2,22,
56,1200,d,1.7260935306549072,2,19,
56,1200,e,1.7261818647384644,2,16,
56,1200,f,1.745167076587677,2,15,
56,1200,g,1.7478707432746887,2,25,
56,1200,h,1.6953661441802979,2,19,
56,1200,i,1.6928471326828003,2,18,
56,1500,a,1.7219614386558533,2,22,
56,1500,b,1.7740467190742493,2,23,
56,1500,c,1.7419176697731018,2,28,
56,1500,d,1.7135556936264038,2,24,
56,1500,e,1.7143410444259644,2,24,
56,1500,f,1.757128119468689,2,23,
56,1500,g,1.7148773074150085,2,32,
56,1500,h,1.6826748847961426,2,25,
56,1500,i,1.7990191578865051,2,21,
56,1800,a,1.675370693206787,2,29,
56,1800,b,1.7428224086761475,2,28,
56,1800,c,1.753883719444275,2,32,
56,1800,d,1.7163811326026917,2,28,
56,1800,e,1.708819329738617,2,27,
56,1800,f,1.7216132879257202,2,26,
56,1800,g,1.7066884636878967,2,36,
56,1800,h,1.7422430515289307,2,32,
56,1800,i,1.7160457968711853,2,26,
56,2100,a,1.627597987651825,2,33,
56,2100,b,1.745366096496582,2,34,
56,2100,c,1.7275026440620422,2,39,
56,2100,d,1.6934322118759155,2,33,
56,2100,e,1.7072867155075073,2,33,
56,2100,f,1.692201316356659,2,31,
56,2100,g,1.620640754699707,2,43,
56,2100,h,1.6977427005767822,2,36,
56,2100,i,1.628943681716919,2,29,
56,2400,a,1.6834522485733032,2,39,
56,2400,b,1.6975091099739075,2,37,
56,2400,c,1.7453989386558533,2,43,
56,2400,d,1.7302213907241821,2,37,
56,2400,e,1.6629470586776733,2,38,
56,2400,f,1.7155594229698181,2,35,
56,2400,g,1.6402350664138794,2,45,
56,2400,h,1.565510630607605,2,45,
56,2400,i,1.6719733476638794,2,36,
56,2700,a,1.5843183994293213,2,45,
56,2700,b,1.7034518122673035,2,41,
56,2700,c,1.733221411705017,2,49,
56,2700,d,1.6581588983535767,2,43,
56,2700,e,1.6027177572250366,2,43,
56,2700,f,1.6973475217819214,2,40,
56,2700,g,1.6485029458999634,2,50,
56,2700,h,1.5973506569862366,2,52,
56,2700,i,1.6567136645317078,2,42,
56,3000,a,1.6052610874176025,2,50,
56,3000,b,1.786655068397522,2,46,
56,3000,c,1.693709671497345,2,53,
56,3000,d,1.5943779945373535,2,48,
56,3000,e,1.6015139818191528,2,46,
56,3000,f,1.7202616930007935,2,43,
56,3000,g,1.590198278427124,2,55,
56,3000,h,1.693482518196106,2,56,
56,3000,i,1.6293596625328064,2,46,
56,3300,a,1.5809346437454224,2,55,
56,3300,b,1.723491907119751,2,52,
56,3300,c,1.6903443932533264,2,60,
56,3300,d,1.6096500158309937,2,55,
56,3300,e,1.635260283946991,2,50,
56,3300,f,1.6743009090423584,2,46,
56,3300,g,1.613650918006897,2,61,
56,3300,h,1.4900590181350708,2,61,
56,3300,i,1.5294557213783264,2,51,
56,3600,a,1.5062510967254639,2,60,
56,3600,b,1.7162792086601257,2,58,
56,3600,c,1.610058069229126,2,65,
56,3600,d,1.5946982502937317,2,59,
56,3600,e,1.6731456518173218,2,52,
56,3600,f,1.6698383688926697,2,48,
56,3600,g,1.5845680236816406,2,65,
56,3600,h,1.500010907649994,2,64,
56,3600,i,1.511983335018158,2,55,
56,3900,a,1.5548642873764038,2,63,
56,3900,b,1.6517415642738342,2,63,
56,3900,c,1.701708197593689,2,70,
56,3900,d,1.554192304611206,2,69,
56,3900,e,1.5986170172691345,2,55,
56,3900,f,1.6428197622299194,2,51,
56,3900,g,1.61203271150589,2,73,
56,3900,h,1.5084169507026672,2,68,
56,3900,i,1.4605300426483154,2,58,
56,4200,a,1.491642713546753,2,67,
56,4200,b,1.7148849964141846,2,68,
56,4200,c,1.6623404026031494,2,73,
56,4200,d,1.5933975577354431,2,74,
56,4200,e,1.4987989664077759,2,57,
56,4200,f,1.677215039730072,2,53,
56,4200,g,1.6016704440116882,2,79,
56,4200,h,1.5603855848312378,2,75,
56,4200,i,1.5684311985969543,2,64,
56,4500,a,1.495961844921112,2,74,
56,4500,b,1.60592120885849,2,73,
56,4500,c,1.675100862979889,2,80,
56,4500,d,1.501878261566162,2,78,
56,4500,e,1.6213347911834717,2,63,
56,4500,f,1.6160410642623901,2,56,
56,4500,g,1.549329161643982,2,87,
56,4500,h,1.6236194968223572,2,81,
56,4500,i,1.5608389973640442,2,68,
56,4800,a,1.5924606323242188,2,80,
56,4800,b,1.6760016679763794,2,79,
56,4800,c,1.6072978377342224,2,85,
56,4800,d,1.421578824520111,2,86,
56,4800,e,1.6058021187782288,2,65,
56,4800,f,1.6515390872955322,2,59,
56,4800,g,1.4828907251358032,2,90,
56,4800,h,1.4970062971115112,2,85,
56,4800,i,1.5226448774337769,2,74,
56,5100,a,1.4308933019638062,2,83,
56,5100,b,1.6930691599845886,2,83,
56,5100,c,1.6073084473609924,2,88,
56,5100,d,1.6468999981880188,2,92,
56,5100,e,1.5113632678985596,2,69,
56,5100,f,1.6050665974617004,2,63,
56,5100,g,1.5234626531600952,2,94,
56,5100,h,1.4537805914878845,2,88,
56,5100,i,1.5420055389404297,2,80,
56,5400,a,1.4278436303138733,2,87,
56,5400,b,1.5861634016036987,2,86,
56,5400,c,1.6189669370651245,2,93,
56,5400,d,1.4593998193740845,2,96,
56,5400,e,1.58757746219635,2,71,
56,5400,f,1.6144182682037354,2,65,
56,5400,g,1.52460777759552,2,98,
56,5400,h,1.4700175523757935,2,91,
56,5400,i,1.4545088410377502,2,85,
56,5700,a,1.4354318380355835,2,89,
56,5700,b,1.6615580916404724,2,91,
56,5700,c,1.67110013961792,2,96,
56,5700,d,1.554814338684082,2,102,
56,5700,e,1.509538471698761,2,75,
56,5700,f,1.6795119643211365,2,69,
56,5700,g,1.4645140767097473,2,103,
56,5700,h,1.598784327507019,2,94,
56,5700,i,1.456247866153717,2,87,
56,6000,a,1.4271532893180847,2,95,
56,6000,b,1.6928518414497375,2,96,
56,6000,c,1.689029335975647,2,99,
56,6000,d,1.4303600788116455,2,108,
56,6000,e,1.5379158854484558,2,77,
56,6000,f,1.6543298959732056,2,72,
56,6000,g,1.414943814277649,2,107,
56,6000,h,1.6993160843849182,2,98,
56,6000,i,1.471739947795868,2,92,
56,6300,a,1.3731303215026855,2,99,
56,6300,b,1.6116160154342651,2,99,
56,6300,c,1.619076430797577,2,105,
56,6300,d,1.4289429187774658,2,113,
56,6300,e,1.4284857511520386,2,82,
56,6300,f,1.6229601502418518,2,77,
56,6300,g,1.4307063817977905,2,113,
56,6300,h,1.485948383808136,2,104,
56,6300,i,1.4519294500350952,2,97,
56,6600,a,1.5002301931381226,2,104,
56,6600,b,1.6148183345794678,2,105,
56,6600,c,1.5839582085609436,2,111,
56,6600,d,1.3944668769836426,2,116,
56,6600,e,1.462433636188507,2,85,
56,6600,f,1.6148236989974976,2,80,
56,6600,g,1.5156489610671997,2,116,
56,6600,h,1.5451796054840088,2,108,
56,6600,i,1.549636960029602,2,101,
56,6900,a,1.4282766580581665,2,109,
56,6900,b,1.6301099061965942,2,110,
56,6900,c,1.502549648284912,2,116,
56,6900,d,1.413042664527893,2,120,
56,6900,e,1.5542962551116943,2,87,
56,6900,f,1.5826175212860107,2,82,
56,6900,g,1.471847951412201,2,123,
56,6900,h,1.4335185289382935,2,111,
56,6900,i,1.4877222776412964,2,105,
56,7200,a,1.4837943315505981,2,114,
56,7200,b,1.642206847667694,2,115,
56,7200,c,1.5232853293418884,2,120,
56,7200,d,1.4195167422294617,2,124,
56,7200,e,1.4493367671966553,2,91,
56,7200,f,1.5397202968597412,2,86,
56,7200,g,1.3945617079734802,2,128,
56,7200,h,1.4542767405509949,2,117,
56,7200,i,1.4315981268882751,2,112,
56,7500,a,1.3603873252868652,2,119,
56,7500,b,1.4702569842338562,2,121,
56,7500,c,1.5088475346565247,2,122,
56,7500,d,1.3442283868789673,2,128,
56,7500,e,1.3904224634170532,2,93,
56,7500,f,1.5258301496505737,2,89,
56,7500,g,1.3949245810508728,2,132,
56,7500,h,1.313834309577942,2,122,
56,7500,i,1.3815152645111084,2,118,
56,7800,a,1.3238048553466797,2,125,
56,7800,b,1.6140990257263184,2,129,
56,7800,c,1.558812141418457,2,130,
56,7800,d,1.3580796718597412,2,135,
56,7800,e,1.4129306077957153,2,98,
56,7800,f,1.563923180103302,2,94,
56,7800,g,1.4849926233291626,2,138,
56,7800,h,1.3723406195640564,2,127,
56,7800,i,1.3466395139694214,2,121,
56,8100,a,1.340781331062317,2,131,
56,8100,b,1.6037622690200806,2,134,
56,8100,c,1.5013944506645203,2,136,
56,8100,d,1.5697527527809143,2,141,
56,8100,e,1.4382476210594177,2,102,
56,8100,f,1.4455744624137878,2,97,
56,8100,g,1.272897481918335,2,143,
56,8100,h,1.453711450099945,2,129,
56,8100,i,1.4145916104316711,2,128,
56,8400,a,1.3250061869621277,2,138,
56,8400,b,1.537765920162201,2,139,
56,8400,c,1.5390087366104126,2,141,
56,8400,d,1.342108130455017,2,147,
56,8400,e,1.3908705115318298,2,105,
56,8400,f,1.5121780037879944,2,99,
56,8400,g,1.3219892382621765,2,149,
56,8400,h,1.5155932307243347,2,135,
56,8400,i,1.3031306862831116,2,134,
56,8700,a,1.3345096111297607,2,145,
56,8700,b,1.6048564314842224,2,143,
56,8700,c,1.5582887530326843,2,145,
56,8700,d,1.2777727842330933,2,155,
56,8700,e,1.4787050485610962,2,108,
56,8700,f,1.5248405933380127,2,103,
56,8700,g,1.4575364589691162,2,155,
56,8700,h,1.3482599258422852,2,142,
56,8700,i,1.4194754362106323,2,138,
56,9000,a,1.3096556067466736,2,147,
56,9000,b,1.4880104064941406,2,146,
56,9000,c,1.5287662148475647,2,149,
56,9000,d,1.3142632842063904,2,159,
56,9000,e,1.3206112384796143,2,110,
56,9000,f,1.4631218910217285,2,106,
56,9000,g,1.3616005778312683,2,159,
56,9000,h,1.305999994277954,2,145,
56,9000,i,1.323536992073059,2,141,
56,9300,a,1.340735912322998,2,150,
56,9300,b,1.5067918300628662,2,151,
56,9300,c,1.5866796374320984,2,154,
56,9300,d,1.3406080603599548,2,161,
56,9300,e,1.4787086844444275,2,113,
56,9300,f,1.583588421344757,2,109,
56,9300,g,1.4059377908706665,2,162,
56,9300,h,1.4494580030441284,2,148,
56,9300,i,1.381213665008545,2,144,
56,9600,a,1.2851229906082153,2,152,
56,9600,b,1.5753565430641174,2,157,
56,9600,c,1.4836223721504211,2,157,
56,9600,d,1.383944809436798,2,164,
56,9600,e,1.4027190804481506,2,115,
56,9600,f,1.5585550665855408,2,112,
56,9600,g,1.371820330619812,2,169,
56,9600,h,1.4886155128479004,2,151,
56,9600,i,1.3545500040054321,2,147,
56,9900,a,1.2872278094291687,2,157,
56,9900,b,1.5035781860351562,2,162,
56,9900,c,1.4291285276412964,2,162,
56,9900,d,1.3527957797050476,2,170,
56,9900,e,1.5412743091583252,2,117,
56,9900,f,1.4388360977172852,2,117,
56,9900,g,1.3775760531425476,2,173,
56,9900,h,1.5040410161018372,2,153,
56,9900,i,1.4428040981292725,2,151,
56,10200,a,1.3955118656158447,2,161,
56,10200,b,1.4629647731781006,2,167,
56,10200,c,1.45620596408844,2,166,
56,10200,d,1.3313701748847961,2,176,
56,10200,e,1.3935495615005493,2,122,
56,10200,f,1.4333078861236572,2,121,
56,10200,g,1.4099135994911194,2,177,
56,10200,h,1.4660358428955078,2,160,
56,10200,i,1.506555199623108,2,157,
56,10500,a,1.3528454303741455,2,167,
56,10500,b,1.48163640499115,2,171,
56,10500,c,1.4784486293792725,2,173,
56,10500,d,1.2839137315750122,2,180,
56,10500,e,1.3920730948448181,2,126,
56,10500,f,1.5006883144378662,2,124,
56,10500,g,1.3994721174240112,2,183,
56,10500,h,1.3506569266319275,2,168,
56,10500,i,1.37203449010849,2,160,
56,10800,a,1.218465268611908,2,172,
56,10800,b,1.422858715057373,2,176,
56,10800,c,1.4078134894371033,2,178,
56,10800,d,1.2782320380210876,2,185,
56,10800,e,1.348008394241333,2,129,
56,10800,f,1.4027828574180603,2,127,
56,10800,g,1.47832453250885,2,191,
56,10800,h,1.348628044128418,2,173,
56,10800,i,1.3826195001602173,2,164,
56,11100,a,1.2370875477790833,2,177,
56,11100,b,1.5031623840332031,2,181,
56,11100,c,1.4120191931724548,2,182,
56,11100,d,1.2158785462379456,2,189,
56,11100,e,1.3687391877174377,2,134,
56,11100,f,1.3649529814720154,2,132,
56,11100,g,1.3002972602844238,2,197,
56,11100,h,1.3967325687408447,2,179,
56,11100,i,1.2923584580421448,2,169,
56,11400,a,1.520477294921875,2,180,
56,11400,b,1.3233156204223633,2,185,
56,11400,c,1.4411219954490662,2,190,
56,11400,d,1.3239290118217468,2,195,
56,11400,e,1.354792594909668,2,136,
56,11400,f,1.4392406344413757,2,135,
56,11400,g,1.3599893450737,2,204,
56,11400,h,1.4474787712097168,2,185,
56,11400,i,1.3398872017860413,2,176,
56,11700,a,1.2414153814315796,2,187,
56,11700,b,1.4335161447525024,2,189,
56,11700,c,1.4237414598464966,2,193,
56,11700,d,1.253190517425537,2,200,
56,11700,e,1.326108992099762,2,139,
56,11700,f,1.3999744653701782,2,138,
56,11700,g,1.2066012024879456,2,208,
56,11700,h,1.3064751625061035,2,188,
56,11700,i,1.3658409714698792,2,182,
56,12000,a,1.179012954235077,2,189,
56,12000,b,1.4232548475265503,2,194,
56,12000,c,1.3834195137023926,2,200,
56,12000,d,1.3396313190460205,2,206,
56,12000,e,1.3949771523475647,2,141,
56,12000,f,1.3299565315246582,2,140,
56,12000,g,1.3793190717697144,2,214,
56,12000,h,1.349521815776825,2,193,
56,12000,i,1.3405193090438843,2,187,
56,12300,a,1.2506482005119324,2,194,
56,12300,b,1.3470304012298584,2,199,
56,12300,c,1.4804851412773132,2,204,
56,12300,d,1.3740004301071167,2,212,
56,12300,e,1.1901772618293762,2,143,
56,12300,f,1.4071625471115112,2,142,
56,12300,g,1.2103398442268372,2,219,
56,12300,h,1.24949449300766,2,196,
56,12300,i,1.303596019744873,2,191,
56,12600,a,1.2394023537635803,2,197,
56,12600,b,1.3472017049789429,2,202,
56,12600,c,1.395422101020813,2,209,
56,12600,d,1.1837868094444275,2,218,
56,12600,e,1.3105108737945557,2,145,
56,12600,f,1.3334863185882568,2,144,
56,12600,g,1.3898447751998901,2,222,
56,12600,h,1.370768666267395,2,201,
56,12600,i,1.3574907183647156,2,196,
56,12900,a,1.307422161102295,2,201,
56,12900,b,1.448507845401764,2,207,
56,12900,c,1.46290785074234,2,212,
56,12900,d,1.2040124535560608,2,224,
56,12900,e,1.2868682146072388,2,149,
56,12900,f,1.3788238763809204,2,148,
56,12900,g,1.372566282749176,2,226,
56,12900,h,1.4735093712806702,2,203,
56,12900,i,1.336742341518402,2,201,
56,13200,a,1.2393609881401062,2,205,
56,13200,b,1.3908730745315552,2,213,
56,13200,c,1.407656490802765,2,218,
56,13200,d,1.2892189025878906,2,228,
56,13200,e,1.3865601420402527,2,152,
56,13200,f,1.4073549509048462,2,152,
56,13200,g,1.3721434473991394,2,231,
56,13200,h,1.3128347396850586,2,206,
56,13200,i,1.3512513637542725,2,204,
56,13500,a,1.3376691341400146,2,209,
56,13500,b,1.5562058091163635,2,216,
56,13500,c,1.5028334856033325,2,223,
56,13500,d,1.2652428150177002,2,232,
56,13500,e,1.3318044543266296,2,156,
56,13500,f,1.4386060237884521,2,157,
56,13500,g,1.3179666996002197,2,233,
56,13500,h,1.3343276381492615,2,209,
56,13500,i,1.1530001759529114,2,209,
56,13800,a,1.3120529651641846,2,212,
56,13800,b,1.4818115234375,2,222,
56,13800,c,1.4359633922576904,2,228,
56,13800,d,1.3005974292755127,2,237,
56,13800,e,1.283122956752777,2,159,
56,13800,f,1.4716591835021973,2,160,
56,13800,g,1.2827046513557434,2,236,
56,13800,h,1.309146761894226,2,212,
56,13800,i,1.429690957069397,2,211,
56,14100,a,1.2177518606185913,2,215,
56,14100,b,1.4709082245826721,2,225,
56,14100,c,1.4408817887306213,2,232,
56,14100,d,1.315299928188324,2,241,
56,14100,e,1.3615121841430664,2,163,
56,14100,f,1.4989214539527893,2,164,
56,14100,g,1.228173315525055,2,238,
56,14100,h,1.235251784324646,2,218,
56,14100,i,1.2267704606056213,2,215,
56,14400,a,1.2607395648956299,2,220,
56,14400,b,1.525072455406189,2,228,
56,14400,c,1.2854477763175964,2,235,
56,14400,d,1.2552945613861084,2,246,
56,14400,e,1.2912009358406067,2,167,
56,14400,f,1.4225251078605652,2,167,
56,14400,g,1.3220613598823547,2,244,
56,14400,h,1.3470417857170105,2,222,
56,14400,i,1.217626690864563,2,222,
56,14700,a,1.215268850326538,2,225,
56,14700,b,1.3228038549423218,2,236,
56,14700,c,1.3549782037734985,2,240,
56,14700,d,1.27772855758667,2,250,
56,14700,e,1.2269019484519958,2,170,
56,14700,f,1.3347628712654114,2,172,
56,14700,g,1.344510555267334,2,249,
56,14700,h,1.3006476163864136,2,227,
56,14700,i,1.3306670784950256,2,224,
56,15000,a,1.170609712600708,2,229,
56,15000,b,1.3567104935646057,2,243,
56,15000,c,1.3811439871788025,2,246,
56,15000,d,1.2149949669837952,2,257,
56,15000,e,1.280458390712738,2,172,
56,15000,f,1.335753083229065,2,174,
56,15000,g,1.362918734550476,2,254,
56,15000,h,1.1938897967338562,2,231,
56,15000,i,1.386930763721466,2,227,
56,15300,a,1.1246257424354553,2,233,
56,15300,b,1.400992751121521,2,247,
56,15300,c,1.3886695504188538,2,251,
56,15300,d,1.1885526180267334,2,260,
56,15300,e,1.3219208717346191,2,175,
56,15300,f,1.4385110139846802,2,178,
56,15300,g,1.1937366127967834,2,259,
56,15300,h,1.202488124370575,2,236,
56,15300,i,1.279890537261963,2,234,
56,15600,a,1.2211300730705261,2,236,
56,15600,b,1.4245163798332214,2,251,
56,15600,c,1.3377289175987244,2,257,
56,15600,d,1.4261168241500854,2,267,
56,15600,e,1.3545639514923096,2,178,
56,15600,f,1.4062832593917847,2,181,
56,15600,g,1.2831665873527527,2,263,
56,15600,h,1.3597679138183594,2,239,
56,15600,i,1.3154431581497192,2,236,
56,15900,a,1.216446340084076,2,240,
56,15900,b,1.2365975379943848,2,257,
56,15900,c,1.4071732759475708,2,262,
56,15900,d,1.260505199432373,2,273,
56,15900,e,1.2688173055648804,2,183,
56,15900,f,1.3852720260620117,2,186,
56,15900,g,1.1917811632156372,2,269,
56,15900,h,1.388782799243927,2,242,
56,15900,i,1.2287471294403076,2,238,
56,16200,a,1.2688214778900146,2,247,
56,16200,b,1.3628302216529846,2,260,
56,16200,c,1.3832247257232666,2,269,
56,16200,d,1.1112853586673737,2,277,
56,16200,e,1.2639373540878296,2,186,
56,16200,f,1.5722954273223877,2,191,
56,16200,g,1.3492990732192993,2,275,
56,16200,h,1.1804795265197754,2,249,
56,16200,i,1.3817618489265442,2,246,
56,16500,a,1.2982470393180847,2,255,
56,16500,b,1.317666471004486,2,263,
56,16500,c,1.3114458322525024,2,274,
56,16500,d,1.2265164852142334,2,281,
56,16500,e,1.2604584693908691,2,190,
56,16500,f,1.2419536709785461,2,195,
56,16500,g,1.2344189882278442,2,278,
56,16500,h,1.3219549059867859,2,255,
56,16500,i,1.2617007493972778,2,251,
56,16800,a,1.173948884010315,2,260,
56,16800,b,1.5281178951263428,2,269,
56,16800,c,1.581888496875763,2,279,
56,16800,d,1.2626993656158447,2,288,
56,16800,e,1.423106849193573,2,193,
56,16800,f,1.4684970378875732,2,198,
56,16800,g,1.3140941858291626,2,283,
56,16800,h,1.1572816371917725,2,259,
56,16800,i,1.2085102200508118,2,256,
56,17100,a,1.1554200649261475,2,263,
56,17100,b,1.224002480506897,2,275,
56,17100,c,1.1859376430511475,2,286,
56,17100,d,1.154160499572754,2,294,
56,17100,e,1.327419936656952,2,195,
56,17100,f,1.3237035274505615,2,201,
56,17100,g,1.123702347278595,2,291,
56,17100,h,1.2974918484687805,2,263,
56,17100,i,1.3071860671043396,2,260,
56,17400,a,1.1327317953109741,2,268,
56,17400,b,1.4423274993896484,2,282,
56,17400,c,1.321200430393219,2,296,
56,17400,d,1.1989287734031677,2,303,
56,17400,e,1.3346205353736877,2,201,
56,17400,f,1.3695353269577026,2,205,
56,17400,g,1.1731464862823486,2,296,
56,17400,h,1.0955099761486053,2,269,
56,17400,i,1.2176063656806946,2,266,
56,17700,a,1.0774359703063965,2,272,
56,17700,b,1.224729597568512,2,289,
56,17700,c,1.428408145904541,2,302,
56,17700,d,1.2663843035697937,2,310,
56,17700,e,1.4199849367141724,2,204,
56,17700,f,1.3906461596488953,2,209,
56,17700,g,1.26323002576828,2,300,
56,17700,h,1.1338790655136108,2,271,
56,17700,i,1.4637109637260437,2,272,
56,18000,a,1.1873405575752258,2,275,
56,18000,b,1.3960812091827393,2,294,
56,18000,c,1.4679654836654663,2,305,
56,18000,d,1.2611111998558044,2,315,
56,18000,e,1.2277002334594727,2,208,
56,18000,f,1.3566741347312927,2,212,
56,18000,g,1.3812702298164368,2,303,
56,18000,h,1.3383077383041382,2,276,
56,18000,i,1.5376938581466675,2,275,
56,18300,a,1.3174083232879639,2,278,
56,18300,b,1.296995222568512,2,298,
56,18300,c,1.4136987328529358,2,310,
56,18300,d,1.168059229850769,2,321,
56,18300,e,1.3977179527282715,2,210,
56,18300,f,1.3518497943878174,2,215,
56,18300,g,1.1888439059257507,2,306,
56,18300,h,1.2048576474189758,2,279,
56,18300,i,1.3067498207092285,2,278,
56,18600,a,1.1800726652145386,2,284,
56,18600,b,1.3089377284049988,2,302,
56,18600,c,1.3737565279006958,2,316,
56,18600,d,1.100264549255371,2,324,
56,18600,e,1.350063443183899,2,213,
56,18600,f,1.3547664880752563,2,218,
56,18600,g,1.3076665997505188,2,311,
56,18600,h,1.170092225074768,2,283,
56,18600,i,1.3315569758415222,2,286,
56,18900,a,1.2044556140899658,2,288,
56,18900,b,1.4304522275924683,2,308,
56,18900,c,1.2563012838363647,2,321,
56,18900,d,1.2246384024620056,2,330,
56,18900,e,1.2492096424102783,2,215,
56,18900,f,1.340118646621704,2,221,
56,18900,g,1.3688105344772339,2,316,
56,18900,h,1.2230699062347412,2,286,
56,18900,i,1.1668632626533508,2,292,
56,19200,a,1.2188477516174316,2,292,
56,19200,b,1.3219675421714783,2,312,
56,19200,c,1.2442811727523804,2,330,
56,19200,d,1.3819720149040222,2,334,
56,19200,e,1.18341064453125,2,218,
56,19200,f,1.2112458944320679,2,224,
56,19200,g,1.227208137512207,2,321,
56,19200,h,1.1706148982048035,2,290,
56,19200,i,1.2380080223083496,2,298,
56,19500,a,1.2134721279144287,2,298,
56,19500,b,1.1768929958343506,2,319,
56,19500,c,1.415479063987732,2,335,
56,19500,d,1.1488245129585266,2,342,
56,19500,e,1.1982340216636658,2,223,
56,19500,f,1.3919507265090942,2,229,
56,19500,g,1.328089952468872,2,329,
56,19500,h,1.0507659316062927,2,295,
56,19500,i,1.2020570635795593,2,303,
56,19800,a,1.2751275897026062,2,302,
56,19800,b,1.2770752906799316,2,326,
56,19800,c,1.3317930102348328,2,339,
56,19800,d,1.1397274732589722,2,346,
56,19800,e,1.2467689514160156,2,226,
56,19800,f,1.334149181842804,2,231,
56,19800,g,1.2263502478599548,2,332,
56,19800,h,1.1958262920379639,2,299,
56,19800,i,1.1885367035865784,2,307,
56,20100,a,1.1472192406654358,2,307,
56,20100,b,1.3073081374168396,2,331,
56,20100,c,1.244221806526184,2,342,
56,20100,d,1.0638994574546814,2,350,
56,20100,e,1.4332130551338196,2,231,
56,20100,f,1.2248529195785522,2,236,
56,20100,g,1.1292322278022766,2,335,
56,20100,h,1.0807874202728271,2,304,
56,20100,i,1.151244878768921,2,312,
56,20400,a,1.1584395170211792,2,311,
56,20400,b,1.4374301433563232,2,336,
56,20400,c,1.4016295671463013,2,344,
56,20400,d,1.1912794709205627,2,356,
56,20400,e,1.4074807167053223,2,235,
56,20400,f,1.3851542472839355,2,240,
56,20400,g,1.2168315649032593,2,342,
56,20400,h,1.218421220779419,2,308,
56,20400,i,1.2056926488876343,2,316,
56,20700,a,1.1792048215866089,2,315,
56,20700,b,1.176413655281067,2,342,
56,20700,c,1.2063719034194946,2,353,
56,20700,d,1.0538013577461243,2,360,
56,20700,e,1.196624994277954,2,240,
56,20700,f,1.2088961005210876,2,246,
56,20700,g,1.3386402130126953,2,349,
56,20700,h,1.1736640930175781,2,311,
56,20700,i,1.0403871834278107,2,320,
56,21000,a,1.097747564315796,2,317,
56,21000,b,1.2131349444389343,2,347,
56,21000,c,1.1573456525802612,2,360,
56,21000,d,1.1337448954582214,2,365,
56,21000,e,1.2238632440567017,2,244,
56,21000,f,1.3222711682319641,2,249,
56,21000,g,1.1880972981452942,2,355,
56,21000,h,1.3578502535820007,2,313,
56,21000,i,1.0546655058860779,2,322,
56,21300,a,1.153181791305542,2,321,
56,21300,b,1.147494614124298,2,353,
56,21300,c,1.632970929145813,2,367,
56,21300,d,1.1896231174468994,2,371,
56,21300,e,1.3150058388710022,2,247,
56,21300,f,1.3291582465171814,2,252,
56,21300,g,1.2099175453186035,2,361,
56,21300,h,1.0359840989112854,2,318,
56,21300,i,1.1828190088272095,2,327,
56,21600,a,1.390378713607788,2,325,
56,21600,b,1.3259066939353943,2,358,
56,21600,c,1.344167709350586,2,371,
56,21600,d,1.157928466796875,2,375,
56,21600,e,1.2904552221298218,2,249,
56,21600,f,1.2911332845687866,2,254,
56,21600,g,1.2792206406593323,2,369,
56,21600,h,1.3046435117721558,2,324,
56,21600,i,1.259941041469574,2,331,
56,21900,a,1.2077898979187012,2,330,
56,21900,b,1.2529862523078918,2,364,
56,21900,c,1.355687141418457,2,379,
56,21900,d,1.1306997537612915,2,379,
56,21900,e,1.2645968794822693,2,253,
56,21900,f,1.1908522844314575,2,257,
56,21900,g,1.2241111993789673,2,373,
56,21900,h,1.180989682674408,2,330,
56,21900,i,1.15455162525177,2,338,
56,22200,a,1.1839231252670288,2,336,
56,22200,b,1.195904016494751,2,367,
56,22200,c,1.3793184161186218,2,383,
56,22200,d,1.129505217075348,2,383,
56,22200,e,1.2334054708480835,2,256,
56,22200,f,1.2738717198371887,2,260,
56,22200,g,1.3113090991973877,2,376,
56,22200,h,1.096411406993866,2,334,
56,22200,i,1.2029171586036682,2,342,
56,22500,a,1.0875315070152283,2,340,
56,22500,b,1.2178190350532532,2,372,
56,22500,c,1.21780925989151,2,388,
56,22500,d,1.116229921579361,2,388,
56,22500,e,1.3836307525634766,2,260,
56,22500,f,1.2823851704597473,2,263,
56,22500,g,1.209013283252716,2,381,
56,22500,h,1.1746808886528015,2,336,
56,22500,i,1.1769374012947083,2,345,
56,22800,a,1.3109002709388733,2,344,
56,22800,b,1.269894003868103,2,376,
56,22800,c,1.3463902473449707,2,392,
56,22800,d,1.3053012490272522,2,391,
56,22800,e,1.3219664096832275,2,263,
56,22800,f,1.1513136625289917,2,267,
56,22800,g,1.230764389038086,2,387,
56,22800,h,1.1443602442741394,2,338,
56,22800,i,1.1744441986083984,2,349,
56,23100,a,1.1863659024238586,2,348,
56,23100,b,1.1282037496566772,2,381,
56,23100,c,1.522666096687317,2,397,
56,23100,d,1.100861668586731,2,399,
56,23100,e,1.311669111251831,2,267,
56,23100,f,1.119387447834015,2,270,
56,23100,g,1.2128196358680725,2,392,
56,23100,h,1.047208547592163,2,342,
56,23100,i,1.278010904788971,2,352,
56,23400,a,1.1132295727729797,2,356,
56,23400,b,1.299299955368042,2,387,
56,23400,c,1.156314492225647,2,403,
56,23400,d,1.0818347930908203,2,404,
56,23400,e,1.1496909856796265,2,271,
56,23400,f,1.263441264629364,2,274,
56,23400,g,1.2648645043373108,2,396,
56,23400,h,1.0647252798080444,2,349,
56,23400,i,1.1580578088760376,2,355,
56,23700,a,1.1339666843414307,2,362,
56,23700,b,1.0989378690719604,2,391,
56,23700,c,1.2821362018585205,2,410,
56,23700,d,1.1379811763763428,2,411,
56,23700,e,1.127251923084259,2,277,
56,23700,f,1.2347047328948975,2,280,
56,23700,g,1.1854783296585083,2,400,
56,23700,h,0.9735825657844543,2,352,
56,23700,i,1.1983712315559387,2,361,
56,24000,a,1.1105993390083313,2,366,
56,24000,b,1.128772795200348,2,393,
56,24000,c,1.2122299075126648,2,415,
56,24000,d,1.2086175084114075,2,417,
56,24000,e,1.1308924555778503,2,279,
56,24000,f,1.1421771049499512,2,282,
56,24000,g,1.2182586193084717,2,405,
56,24000,h,1.044438898563385,2,357,
56,24000,i,1.1954458355903625,2,364,
56,24300,a,1.2434775829315186,2,370,
56,24300,b,1.0172386467456818,2,402,
56,24300,c,1.2748322486877441,2,419,
56,24300,d,1.1537537574768066,2,422,
56,24300,e,1.3224725723266602,2,282,
56,24300,f,1.3749110698699951,2,286,
56,24300,g,1.3272181749343872,2,411,
56,24300,h,0.9520957171916962,2,361,
56,24300,i,1.2692375779151917,2,369,
56,24600,a,1.1305172443389893,2,375,
56,24600,b,1.2896042466163635,2,407,
56,24600,c,1.3022248148918152,2,424,
56,24600,d,1.0401686429977417,2,426,
56,24600,e,1.1535521149635315,2,284,
56,24600,f,1.3091714978218079,2,290,
56,24600,g,1.1667863726615906,2,415,
56,24600,h,1.3671666979789734,2,364,
56,24600,i,1.1705121994018555,2,375,
56,24900,a,1.1388665437698364,2,379,
56,24900,b,1.2657395005226135,2,411,
56,24900,c,1.1529903411865234,2,430,
56,24900,d,1.083229899406433,2,431,
56,24900,e,1.1904364228248596,2,286,
56,24900,f,1.1866967678070068,2,293,
56,24900,g,1.2851148843765259,2,422,
56,24900,h,1.1894401907920837,2,368,
56,24900,i,1.1180241703987122,2,380,
56,25200,a,1.2205384373664856,2,385,
56,25200,b,1.208945393562317,2,416,
56,25200,c,1.2748551964759827,2,433,
56,25200,d,0.9891972541809082,2,435,
56,25200,e,1.2953126430511475,2,289,
56,25200,f,1.2412988543510437,2,295,
56,25200,g,1.2056356072425842,2,425,
56,25200,h,0.9803605675697327,2,373,
56,25200,i,1.2099555730819702,2,383,
56,25500,a,1.0228038728237152,2,390,
56,25500,b,0.9686180055141449,2,420,
56,25500,c,1.2213873267173767,2,439,
56,25500,d,1.047681301832199,2,440,
56,25500,e,1.3399373292922974,2,292,
56,25500,f,1.151754379272461,2,299,
56,25500,g,1.1094706654548645,2,432,
56,25500,h,1.0875858664512634,2,381,
56,25500,i,1.1076700091362,2,388,
56,25800,a,0.9960804581642151,2,392,
56,25800,b,1.2767212390899658,2,427,
56,25800,c,1.2971463799476624,2,441,
56,25800,d,1.060547947883606,2,445,
56,25800,e,1.3353220224380493,2,295,
56,25800,f,1.15302574634552,2,302,
56,25800,g,1.167140245437622,2,438,
56,25800,h,1.1464923024177551,2,384,
56,25800,i,1.041597068309784,2,391,
56,26100,a,1.034794270992279,2,399,
56,26100,b,1.0172640681266785,2,431,
56,26100,c,1.3362662196159363,2,446,
56,26100,d,1.084585189819336,2,452,
56,26100,e,1.1363937854766846,2,297,
56,26100,f,1.6883515119552612,2,304,
56,26100,g,1.113539457321167,2,445,
56,26100,h,0.9873863458633423,2,388,
56,26100,i,1.2008811235427856,2,400,
56,26400,a,1.0871883630752563,2,403,
56,26400,b,0.9737703204154968,2,434,
56,26400,c,1.4117523431777954,2,449,
56,26400,d,0.9404072165489197,2,457,
56,26400,e,1.1887071132659912,2,301,
56,26400,f,1.269726812839508,2,307,
56,26400,g,1.1171287298202515,2,448,
56,26400,h,1.233983039855957,2,391,
56,26400,i,0.990081399679184,2,404,
56,26700,a,1.2700830698013306,2,406,
56,26700,b,1.0154481530189514,2,438,
56,26700,c,1.2194514274597168,2,453,
56,26700,d,1.0059140920639038,2,460,
56,26700,e,1.1179481744766235,2,304,
56,26700,f,1.1666375398635864,2,309,
56,26700,g,1.1937280893325806,2,451,
56,26700,h,1.021969199180603,2,393,
56,26700,i,1.0637090802192688,2,408,
56,27000,a,1.2836742401123047,2,410,
56,27000,b,1.1780056953430176,2,442,
56,27000,c,1.1542398929595947,2,458,
56,27000,d,1.130820095539093,2,466,
56,27000,e,1.3816466331481934,2,307,
56,27000,f,1.1974979043006897,2,312,
56,27000,g,1.3969495296478271,2,455,
56,27000,h,0.8930476605892181,2,398,
56,27000,i,1.08610001206398,2,412,
56,27300,a,0.9833614230155945,2,416,
56,27300,b,1.0055612921714783,2,446,
56,27300,c,1.3121613264083862,2,464,
56,27300,d,1.0245506763458252,2,472,
56,27300,e,1.1109150052070618,2,311,
56,27300,f,1.0630572736263275,2,315,
56,27300,g,1.3694452047348022,2,464,
56,27300,h,1.0536997318267822,2,402,
56,27300,i,0.9823972284793854,2,417,
56,27600,a,1.1572548747062683,2,419,
56,27600,b,1.1048032641410828,2,452,
56,27600,c,1.2310667037963867,2,470,
56,27600,d,0.963465541601181,2,476,
56,27600,e,1.1602063179016113,2,313,
56,27600,f,1.1585239171981812,2,317,
56,27600,g,1.1796724796295166,2,467,
56,27600,h,1.1807425022125244,2,405,
56,27600,i,1.0406337976455688,2,420,
56,27900,a,1.208116054534912,2,422,
56,27900,b,0.9689481854438782,2,457,
56,27900,c,1.246006190776825,2,477,
56,27900,d,1.0077216625213623,2,484,
56,27900,e,1.2477136850357056,2,316,
56,27900,f,1.2261022925376892,2,320,
56,27900,g,1.077050507068634,2,472,
56,27900,h,0.9736108779907227,2,409,
56,27900,i,1.2127299308776855,2,424,
56,28200,a,1.2684765458106995,2,427,
56,28200,b,1.361372470855713,2,461,
56,28200,c,1.0891057252883911,2,483,
56,28200,d,1.089175522327423,2,488,
56,28200,e,1.1605132222175598,2,318,
56,28200,f,1.3036813735961914,2,322,
56,28200,g,1.4534666538238525,2,478,
56,28200,h,1.0952947735786438,2,416,
56,28200,i,1.0824564099311829,2,430,
56,28500,a,1.2606291770935059,2,431,
56,28500,b,1.3669763207435608,2,464,
56,28500,c,1.1234778761863708,2,487,
56,28500,d,1.0300176739692688,2,493,
56,28500,e,1.07070392370224,2,321,
56,28500,f,1.2121395468711853,2,324,
56,28500,g,1.2971506118774414,2,485,
56,28500,h,0.9748305678367615,2,421,
56,28500,i,1.13511323928833,2,433,
56,28800,a,1.1977887749671936,2,433,
56,28800,b,1.0254257321357727,2,470,
56,28800,c,1.2852917909622192,2,492,
56,28800,d,1.3040724396705627,2,498,
56,28800,e,1.1002192497253418,2,324,
56,28800,f,1.1103808283805847,2,326,
56,28800,g,1.1983250379562378,2,492,
56,28800,h,0.9196274876594543,2,426,
56,28800,i,1.22025865316391,2,438,
56,29100,a,0.9588540196418762,2,437,
56,29100,b,1.2458531260490417,2,474,
56,29100,c,1.1371458172798157,2,499,
56,29100,d,1.053307294845581,2,502,
56,29100,e,1.2202328443527222,2,328,
56,29100,f,1.1661321520805359,2,330,
56,29100,g,1.2522284388542175,2,498,
56,29100,h,1.0677465796470642,2,431,
56,29100,i,1.102034330368042,2,441,
56,29400,a,1.0117787718772888,2,443,
56,29400,b,1.1411201357841492,2,478,
56,29400,c,1.1739627718925476,2,505,
56,29400,d,1.035510778427124,2,507,
56,29400,e,1.2539762258529663,2,332,
56,29400,f,1.268567979335785,2,334,
56,29400,g,1.273376226425171,2,503,
56,29400,h,1.0558534264564514,2,434,
56,29400,i,1.116283357143402,2,447,
56,29700,a,1.1343496441841125,2,447,
56,29700,b,0.9469913840293884,2,483,
56,29700,c,1.1722172796726227,2,509,
56,29700,d,0.9704003036022186,2,512,
56,29700,e,1.2606038451194763,2,337,
56,29700,f,1.3154409527778625,2,338,
56,29700,g,1.1104233264923096,2,510,
56,29700,h,1.1129674017429352,2,437,
56,29700,i,0.9590398371219635,2,452,
56,30000,a,0.8673820793628693,2,452,
56,30000,b,1.0428747534751892,2,489,
56,30000,c,1.295899748802185,2,516,
56,30000,d,0.9713916778564453,2,519,
56,30000,e,1.0041009783744812,2,340,
56,30000,f,1.3296093940734863,2,341,
56,30000,g,1.1177383661270142,2,518,
56,30000,h,0.9329574704170227,2,445,
56,30000,i,0.9951958060264587,2,457,
56,30300,a,1.0104939341545105,2,458,
56,30300,b,1.0842047929763794,2,494,
56,30300,c,1.2344868779182434,2,522,
56,30300,d,0.9509014785289764,2,525,
56,30300,e,1.0829094648361206,2,342,
56,30300,f,1.0861180424690247,2,343,
56,30300,g,1.0929078459739685,2,522,
56,30300,h,0.8713211417198181,2,450,
56,30300,i,1.140904724597931,2,463,
56,30600,a,1.070598840713501,2,463,
56,30600,b,1.1490444540977478,2,500,
56,30600,c,1.3951460719108582,2,528,
56,30600,d,0.9943678677082062,2,532,
56,30600,e,1.103695034980774,2,344,
56,30600,f,1.245718538761139,2,345,
56,30600,g,1.102658987045288,2,528,
56,30600,h,0.9454513490200043,2,456,
56,30600,i,0.971508115530014,2,468,
56,30900,a,1.2030270099639893,2,465,
56,30900,b,1.1162349581718445,2,504,
56,30900,c,1.211817741394043,2,534,
56,30900,d,1.1283756494522095,2,537,
56,30900,e,1.2698317170143127,2,348,
56,30900,f,1.1913180351257324,2,350,
56,30900,g,1.2690700888633728,2,532,
56,30900,h,0.8306005001068115,2,459,
56,30900,i,0.9146090149879456,2,471,
56,31200,a,1.2607192993164062,2,468,
56,31200,b,0.9995459020137787,2,508,
56,31200,c,1.4728542566299438,2,539,
56,31200,d,0.9854642152786255,2,543,
56,31200,e,1.0568545460700989,2,351,
56,31200,f,1.1668994426727295,2,352,
56,31200,g,1.2513401508331299,2,536,
56,31200,h,1.0632173418998718,2,462,
56,31200,i,1.188421905040741,2,475,
56,31500,a,1.0270354747772217,2,472,
56,31500,b,1.0321069061756134,2,514,
56,31500,c,1.1272544264793396,2,544,
56,31500,d,0.9895066320896149,2,547,
56,31500,e,1.14642733335495,2,354,
56,31500,f,1.117995798587799,2,355,
56,31500,g,1.1756324172019958,2,539,
56,31500,h,0.898455411195755,2,466,
56,31500,i,1.1333155632019043,2,478,
56,31800,a,1.084090530872345,2,475,
56,31800,b,1.1219594478607178,2,517,
56,31800,c,1.0444718897342682,2,550,
56,31800,d,0.9259426295757294,2,553,
56,31800,e,1.0547887980937958,2,358,
56,31800,f,1.1845077276229858,2,358,
56,31800,g,1.0459445118904114,2,543,
56,31800,h,1.080328494310379,2,468,
56,31800,i,1.2734501361846924,2,481,
56,32100,a,1.00429567694664,2,481,
56,32100,b,1.08065265417099,2,524,
56,32100,c,1.207927167415619,2,554,
56,32100,d,0.9830136299133301,2,558,
56,32100,e,1.0969800353050232,2,362,
56,32100,f,1.0968112349510193,2,362,
56,32100,g,1.127246618270874,2,548,
56,32100,h,1.085978627204895,2,472,
56,32100,i,1.0148912072181702,2,487,
56,32400,a,1.0079027116298676,2,487,
56,32400,b,1.0202365517616272,2,531,
56,32400,c,1.144196480512619,2,559,
56,32400,d,0.9360232949256897,2,565,
56,32400,e,1.0720967054367065,2,364,
56,32400,f,1.2342291474342346,2,364,
56,32400,g,1.25816011428833,2,553,
56,32400,h,0.849204957485199,2,476,
56,32400,i,1.0057958364486694,2,493,
56,32700,a,1.0304338932037354,2,489,
56,32700,b,1.0100421607494354,2,537,
56,32700,c,1.333678960800171,2,563,
56,32700,d,1.0379104316234589,2,572,
56,32700,e,1.2309877276420593,2,367,
56,32700,f,1.0416260361671448,2,367,
56,32700,g,1.2047526836395264,2,560,
56,32700,h,0.9892370104789734,2,480,
56,32700,i,1.0718173384666443,2,498,
56,33000,a,1.0485254526138306,2,494,
56,33000,b,1.0513733625411987,2,541,
56,33000,c,0.9882910251617432,2,568,
56,33000,d,1.0274919867515564,2,576,
56,33000,e,0.9941771328449249,2,371,
56,33000,f,1.0345653891563416,2,370,
56,33000,g,1.1142390370368958,2,568,
56,33000,h,1.1346059441566467,2,483,
56,33000,i,1.059725046157837,2,503,
56,33300,a,1.0474890768527985,2,498,
56,33300,b,1.279534101486206,2,547,
56,33300,c,1.1332467794418335,2,574,
56,33300,d,0.9676782190799713,2,581,
56,33300,e,0.9584581553936005,2,374,
56,33300,f,1.1578983664512634,2,373,
56,33300,g,1.0317800343036652,2,576,
56,33300,h,0.9087594151496887,2,486,
56,33300,i,1.0274886190891266,2,506,
56,33600,a,0.9648599028587341,2,504,
56,33600,b,0.9058705568313599,2,552,
56,33600,c,1.1268046498298645,2,578,
56,33600,d,0.8000138103961945,2,588,
56,33600,e,1.0926623940467834,2,376,
56,33600,f,1.070017397403717,2,375,
56,33600,g,1.099404752254486,2,581,
56,33600,h,0.9269867241382599,2,492,
56,33600,i,1.1287007331848145,2,511,
56,33900,a,1.2035084962844849,2,508,
56,33900,b,1.2385912537574768,2,555,
56,33900,c,1.1971340775489807,2,585,
56,33900,d,0.8870171308517456,2,592,
56,33900,e,1.215789794921875,2,379,
56,33900,f,1.230518639087677,2,378,
56,33900,g,1.2067623138427734,2,586,
56,33900,h,1.1018674969673157,2,497,
56,33900,i,1.1662581264972687,2,515,
56,34200,a,1.0907569825649261,2,512,
56,34200,b,1.0652719140052795,2,560,
56,34200,c,1.0224755108356476,2,591,
56,34200,d,1.192100077867508,2,596,
56,34200,e,1.0270870923995972,2,383,
56,34200,f,1.0478635132312775,2,381,
56,34200,g,1.1851583123207092,2,591,
56,34200,h,0.7603875994682312,2,500,
56,34200,i,1.0510780215263367,2,519,
56,34500,a,1.016504317522049,2,518,
56,34500,b,0.9608986377716064,2,567,
56,34500,c,1.086211919784546,2,598,
56,34500,d,0.8969949781894684,2,604,
56,34500,e,1.1653762459754944,2,385,
56,34500,f,1.2603523135185242,2,385,
56,34500,g,1.1587339639663696,2,598,
56,34500,h,0.9743058681488037,2,506,
56,34500,i,1.0116845965385437,2,525,
56,34800,a,0.901316374540329,2,522,
56,34800,b,1.1631814241409302,2,572,
56,34800,c,1.2808637619018555,2,606,
56,34800,d,0.9225160479545593,2,610,
56,34800,e,0.9533773362636566,2,387,
56,34800,f,1.0330616533756256,2,387,
56,34800,g,1.2389616072177887,2,604,
56,34800,h,0.9105560183525085,2,509,
56,34800,i,1.2485193014144897,2,527,
56,35100,a,0.9664373397827148,2,529,
56,35100,b,0.8333921432495117,2,577,
56,35100,c,1.0039023756980896,2,612,
56,35100,d,0.8460859656333923,2,616,
56,35100,e,1.1500743627548218,2,391,
56,35100,f,1.1276042461395264,2,391,
56,35100,g,1.1095545291900635,2,607,
56,35100,h,0.9985316395759583,2,513,
56,35100,i,1.0406482815742493,2,532,
56,35400,a,1.015013575553894,2,532,
56,35400,b,0.9336310029029846,2,581,
56,35400,c,1.1149314641952515,2,618,
56,35400,d,1.032275140285492,2,621,
56,35400,e,1.0254077315330505,2,394,
56,35400,f,1.0602986812591553,2,393,
56,35400,g,0.9690813720226288,2,612,
56,35400,h,1.076277256011963,2,518,
56,35400,i,1.0540685653686523,2,534,
56,35700,a,0.935230165719986,2,536,
56,35700,b,1.0231982469558716,2,589,
56,35700,c,1.0984758734703064,2,623,
56,35700,d,0.7337791919708252,2,628,
56,35700,e,0.9427944123744965,2,397,
56,35700,f,1.1671254634857178,2,396,
56,35700,g,1.127498745918274,2,618,
56,35700,h,0.9339566826820374,2,521,
56,35700,i,0.973591685295105,2,536,
56,36000,a,0.9752723574638367,2,540,
56,36000,b,0.9642684459686279,2,592,
56,36000,c,1.0833399891853333,2,629,
56,36000,d,1.3110021948814392,2,635,
56,36000,e,1.11237370967865,2,399,
56,36000,f,1.029422402381897,2,398,
56,36000,g,1.0484617948532104,2,623,
56,36000,h,0.920934796333313,2,525,
56,36000,i,1.0457623600959778,2,541,
56,36300,a,1.0576784908771515,2,544,
56,36300,b,0.8375299572944641,2,596,
56,36300,c,1.2227355241775513,2,636,
56,36300,d,1.0782982110977173,2,640,
56,36300,e,1.3031905889511108,2,403,
56,36300,f,1.0759386122226715,2,401,
56,36300,g,0.9203237891197205,2,628,
56,36300,h,0.9836196899414062,2,530,
56,36300,i,1.1108230352401733,2,544,
56,36600,a,0.9702025353908539,2,549,
56,36600,b,0.9872090816497803,2,601,
56,36600,c,1.1703467965126038,2,642,
56,36600,d,0.8018504977226257,2,644,
56,36600,e,0.9207719564437866,2,408,
56,36600,f,1.143520176410675,2,406,
56,36600,g,1.143707036972046,2,633,
56,36600,h,1.009629100561142,2,535,
56,36600,i,0.989640474319458,2,550,
56,36900,a,0.9345012903213501,2,552,
56,36900,b,0.9688841700553894,2,608,
56,36900,c,1.1876323223114014,2,647,
56,36900,d,0.8052982091903687,2,649,
56,36900,e,0.9067263007164001,2,412,
56,36900,f,1.0371622741222382,2,409,
56,36900,g,1.264675796031952,2,637,
56,36900,h,0.7844889163970947,2,537,
56,36900,i,1.0266460180282593,2,553,
56,37200,a,0.9405459761619568,2,555,
56,37200,b,1.1164600253105164,2,614,
56,37200,c,1.1965877413749695,2,652,
56,37200,d,0.9095895886421204,2,651,
56,37200,e,1.1007669568061829,2,415,
56,37200,f,1.0867727994918823,2,413,
56,37200,g,1.2933807969093323,2,642,
56,37200,h,0.9180046319961548,2,541,
56,37200,i,0.9070207476615906,2,555,
56,37500,a,0.9760542809963226,2,558,
56,37500,b,1.0975896120071411,2,617,
56,37500,c,1.2869720757007599,2,657,
56,37500,d,0.7982552349567413,2,656,
56,37500,e,0.9761658310890198,2,419,
56,37500,f,0.9940404891967773,2,418,
56,37500,g,1.097830593585968,2,652,
56,37500,h,0.8249123096466064,2,545,
56,37500,i,0.847720742225647,2,558,
56,37800,a,1.0791834592819214,2,563,
56,37800,b,1.0591755509376526,2,623,
56,37800,c,1.2070353031158447,2,663,
56,37800,d,0.7958094477653503,2,659,
56,37800,e,0.9538783729076385,2,421,
56,37800,f,0.974396288394928,2,421,
56,37800,g,1.1521756649017334,2,658,
56,37800,h,0.9394741952419281,2,547,
56,37800,i,0.9190693199634552,2,564,
56,38100,a,0.868956446647644,2,567,
56,38100,b,1.0718607604503632,2,625,
56,38100,c,1.1575921773910522,2,668,
56,38100,d,0.8378594815731049,2,663,
56,38100,e,0.9729898273944855,2,425,
56,38100,f,1.0056354403495789,2,425,
56,38100,g,1.017604112625122,2,661,
56,38100,h,0.676543116569519,2,550,
56,38100,i,0.995389461517334,2,569,
56,38400,a,0.9248248338699341,2,573,
56,38400,b,1.206774890422821,2,629,
56,38400,c,0.9201483130455017,2,673,
56,38400,d,0.8960848748683929,2,667,
56,38400,e,1.0103195309638977,2,430,
56,38400,f,1.007324457168579,2,430,
56,38400,g,1.1756720542907715,2,664,
56,38400,h,0.9521719813346863,2,555,
56,38400,i,0.9075962603092194,2,573,
56,38700,a,1.0854347348213196,2,577,
56,38700,b,0.8626717925071716,2,633,
56,38700,c,1.0945031642913818,2,677,
56,38700,d,0.732970654964447,2,670,
56,38700,e,1.1176196038722992,2,435,
56,38700,f,1.0757293701171875,2,434,
56,38700,g,1.131767988204956,2,668,
56,38700,h,0.8506473004817963,2,558,
56,38700,i,0.9723208546638489,2,577,
56,39000,a,0.9680401086807251,2,582,
56,39000,b,0.945676863193512,2,640,
56,39000,c,1.058650016784668,2,682,
56,39000,d,1.4189702272415161,2,674,
56,39000,e,0.8245801031589508,2,437,
56,39000,f,1.1519607305526733,2,437,
56,39000,g,1.0715620517730713,2,673,
56,39000,h,1.0981416702270508,2,562,
56,39000,i,0.9267616271972656,2,584,
56,39300,a,0.9369895756244659,2,589,
56,39300,b,0.8879961967468262,2,644,
56,39300,c,1.0709785223007202,2,689,
56,39300,d,0.8945938348770142,2,680,
56,39300,e,1.0472995042800903,2,441,
56,39300,f,1.1466071009635925,2,442,
56,39300,g,0.9344030916690826,2,678,
56,39300,h,0.9536664485931396,2,564,
56,39300,i,0.8530308902263641,2,589,
56,39600,a,1.1537021398544312,2,597,
56,39600,b,0.7571634650230408,2,651,
56,39600,c,0.9469118714332581,2,694,
56,39600,d,1.0686163902282715,2,684,
56,39600,e,0.9179175794124603,2,445,
56,39600,f,1.0152146220207214,2,445,
56,39600,g,1.0097554326057434,2,684,
56,39600,h,0.7124464213848114,2,569,
56,39600,i,0.8332658410072327,2,594,
56,39900,a,0.9704605340957642,2,600,
56,39900,b,0.8060900866985321,2,657,
56,39900,c,1.2144044041633606,2,698,
56,39900,d,0.8080928027629852,2,689,
56,39900,e,0.9646788835525513,2,448,
56,39900,f,1.0295947194099426,2,449,
56,39900,g,0.9195510745048523,2,686,
56,39900,h,0.9598059356212616,2,572,
56,39900,i,0.8876751661300659,2,597,
56,40200,a,1.0099254846572876,2,602,
56,40200,b,1.100914716720581,2,661,
56,40200,c,1.0622079968452454,2,703,
56,40200,d,0.8259811997413635,2,693,
56,40200,e,0.9358384013175964,2,455,
56,40200,f,1.0542187094688416,2,454,
56,40200,g,1.1910528540611267,2,692,
56,40200,h,0.9997926950454712,2,574,
56,40200,i,1.007415920495987,2,600,
56,40500,a,0.8724305033683777,2,608,
56,40500,b,0.9041613340377808,2,664,
56,40500,c,1.1746065020561218,2,708,
56,40500,d,0.763606458902359,2,697,
56,40500,e,1.0966989994049072,2,458,
56,40500,f,0.9207339286804199,2,457,
56,40500,g,0.9381236135959625,2,694,
56,40500,h,0.6728476583957672,2,580,
56,40500,i,1.1056411862373352,2,605,
56,40800,a,0.964849054813385,2,612,
56,40800,b,0.7640933394432068,2,671,
56,40800,c,1.1778348088264465,2,715,
56,40800,d,1.0331335067749023,2,703,
56,40800,e,0.9143275320529938,2,462,
56,40800,f,1.0087690949440002,2,461,
56,40800,g,0.9369978904724121,2,703,
56,40800,h,0.8441874384880066,2,584,
56,40800,i,0.9677658081054688,2,610,
56,41100,a,0.942105233669281,2,617,
56,41100,b,0.9331085681915283,2,675,
56,41100,c,1.058100402355194,2,720,
56,41100,d,0.939154863357544,2,708,
56,41100,e,1.0302221477031708,2,468,
56,41100,f,0.8939209878444672,2,467,
56,41100,g,1.0181477069854736,2,707,
56,41100,h,0.8597099483013153,2,589,
56,41100,i,0.9986623525619507,2,613,
56,41400,a,0.9260540902614594,2,622,
56,41400,b,0.9241603910923004,2,682,
56,41400,c,1.2293007373809814,2,725,
56,41400,d,0.9500442445278168,2,714,
56,41400,e,1.024265170097351,2,473,
56,41400,f,1.0976130366325378,2,472,
56,41400,g,1.1111297011375427,2,714,
56,41400,h,0.7066782116889954,2,594,
56,41400,i,0.8611869812011719,2,616,
56,41700,a,1.0443108081817627,2,624,
56,41700,b,0.9530943334102631,2,687,
56,41700,c,1.2835888862609863,2,729,
56,41700,d,0.8175802826881409,2,722,
56,41700,e,0.9445129036903381,2,476,
56,41700,f,1.0714915990829468,2,475,
56,41700,g,0.9892780780792236,2,720,
56,41700,h,0.7035495638847351,2,598,
56,41700,i,0.9995257258415222,2,620,
56,42000,a,0.9177367985248566,2,630,
56,42000,b,1.059104472398758,2,691,
56,42000,c,1.040911853313446,2,734,
56,42000,d,0.8437669575214386,2,728,
56,42000,e,1.1358331441879272,2,478,
56,42000,f,0.9423523843288422,2,477,
56,42000,g,1.0744337141513824,2,725,
56,42000,h,0.8801042437553406,2,603,
56,42000,i,1.016399323940277,2,625,
56,42300,a,1.2439072728157043,2,636,
56,42300,b,0.8755430579185486,2,698,
56,42300,c,1.4060631394386292,2,740,
56,42300,d,0.8427379429340363,2,733,
56,42300,e,1.118429183959961,2,480,
56,42300,f,0.9224948883056641,2,479,
56,42300,g,0.9905481040477753,2,732,
56,42300,h,0.7697230577468872,2,609,
56,42300,i,1.0362077355384827,2,630,
56,42600,a,0.8753225803375244,2,639,
56,42600,b,0.8088311553001404,2,703,
56,42600,c,1.0795626640319824,2,742,
56,42600,d,0.8925869166851044,2,737,
56,42600,e,1.1013415455818176,2,483,
56,42600,f,1.0474104583263397,2,482,
56,42600,g,0.8864066004753113,2,734,
56,42600,h,0.7508289515972137,2,613,
56,42600,i,0.9270532429218292,2,632,
56,42900,a,0.9756873250007629,2,645,
56,42900,b,1.2316546440124512,2,707,
56,42900,c,1.0789722204208374,2,747,
56,42900,d,1.0182542204856873,2,742,
56,42900,e,0.9491655826568604,2,487,
56,42900,f,1.2503035068511963,2,485,
56,42900,g,1.0731514692306519,2,739,
56,42900,h,0.7165047228336334,2,617,
56,42900,i,0.8577544689178467,2,636,
56,43200,a,0.9085105657577515,2,648,
56,43200,b,0.9250493049621582,2,715,
56,43200,c,1.0259285271167755,2,751,
56,43200,d,0.7603097558021545,2,747,
56,43200,e,0.9455963373184204,2,489,
56,43200,f,1.1084428429603577,2,487,
56,43200,g,1.030387133359909,2,745,
56,43200,h,0.9838199019432068,2,620,
56,43200,i,0.909429520368576,2,638,
56,43500,a,0.9182940721511841,2,650,
56,43500,b,0.9409717917442322,2,719,
56,43500,c,1.0425331592559814,2,756,
56,43500,d,0.7485289871692657,2,753,
56,43500,e,0.7382031679153442,2,493,
56,43500,f,1.0279529690742493,2,492,
56,43500,g,0.9561672210693359,2,752,
56,43500,h,0.8901452422142029,2,622,
56,43500,i,0.8105196356773376,2,641,
56,43800,a,0.998517632484436,2,656,
56,43800,b,0.9157926738262177,2,726,
56,43800,c,1.0469504594802856,2,764,
56,43800,d,1.0266034603118896,2,762,
56,43800,e,1.0207143723964691,2,497,
56,43800,f,0.9616562128067017,2,496,
56,43800,g,0.8034131526947021,2,759,
56,43800,h,0.7827489376068115,2,627,
56,43800,i,0.8050820231437683,2,647,
56,44100,a,0.9036263227462769,2,660,
56,44100,b,1.1315218806266785,2,733,
56,44100,c,1.380916178226471,2,769,
56,44100,d,0.8432234525680542,2,770,
56,44100,e,1.1420071721076965,2,502,
56,44100,f,0.9735090732574463,2,501,
56,44100,g,1.0825088620185852,2,762,
56,44100,h,1.022282600402832,2,633,
56,44100,i,0.979025661945343,2,654,
56,44400,a,0.915744423866272,2,665,
56,44400,b,0.7230360507965088,2,738,
56,44400,c,1.086796373128891,2,773,
56,44400,d,0.7083583772182465,2,774,
56,44400,e,1.1824978590011597,2,504,
56,44400,f,1.0026307106018066,2,503,
56,44400,g,1.1303783655166626,2,764,
56,44400,h,0.9110694527626038,2,638,
56,44400,i,0.8794116973876953,2,660,
56,44700,a,0.894633561372757,2,669,
56,44700,b,0.7689962387084961,2,743,
56,44700,c,1.219912201166153,2,780,
56,44700,d,0.8566192388534546,2,778,
56,44700,e,0.9081504046916962,2,507,
56,44700,f,1.0399065613746643,2,506,
56,44700,g,1.0744496583938599,2,769,
56,44700,h,1.1919510960578918,2,642,
56,44700,i,0.8008050620555878,2,665,
56,45000,a,1.041075348854065,2,672,
56,45000,b,0.8767293393611908,2,749,
56,45000,c,0.9124544262886047,2,784,
56,45000,d,1.064806044101715,2,782,
56,45000,e,0.7754526138305664,2,510,
56,45000,f,0.9719780087471008,2,509,
56,45000,g,0.8808553218841553,2,773,
56,45000,h,0.74405238032341,2,645,
56,45000,i,0.7754952609539032,2,670,
56,45300,a,1.049394965171814,2,677,
56,45300,b,1.0168183147907257,2,755,
56,45300,c,1.021080732345581,2,788,
56,45300,d,0.7804838418960571,2,787,
56,45300,e,0.9181347787380219,2,513,
56,45300,f,1.0179365575313568,2,513,
56,45300,g,0.8905858099460602,2,779,
56,45300,h,1.105570763349533,2,650,
56,45300,i,0.9709378182888031,2,674,
56,45600,a,1.0029982030391693,2,683,
56,45600,b,1.0285625457763672,2,761,
56,45600,c,1.0437561869621277,2,794,
56,45600,d,0.8337897658348083,2,793,
56,45600,e,0.8142021000385284,2,515,
56,45600,f,1.0157586336135864,2,516,
56,45600,g,0.9277363121509552,2,785,
56,45600,h,0.9044013023376465,2,656,
56,45600,i,0.9746591150760651,2,680,
56,45900,a,0.8506464660167694,2,689,
56,45900,b,0.8483926057815552,2,765,
56,45900,c,1.043059229850769,2,800,
56,45900,d,0.8682916760444641,2,798,
56,45900,e,1.0408276319503784,2,519,
56,45900,f,1.1168810725212097,2,520,
56,45900,g,0.9584622085094452,2,793,
56,45900,h,0.7260319888591766,2,661,
56,45900,i,0.8691027164459229,2,684,
56,46200,a,0.9456931054592133,2,695,
56,46200,b,0.7729453444480896,2,770,
56,46200,c,1.0353147387504578,2,803,
56,46200,d,0.8658888339996338,2,803,
56,46200,e,0.8209542334079742,2,525,
56,46200,f,0.8787823915481567,2,527,
56,46200,g,1.0351289212703705,2,798,
56,46200,h,0.7075947523117065,2,665,
56,46200,i,1.0209518074989319,2,689,
56,46500,a,1.3185752630233765,2,701,
56,46500,b,0.8631881475448608,2,773,
56,46500,c,0.9333244264125824,2,805,
56,46500,d,0.8490423560142517,2,807,
56,46500,e,0.9088287949562073,2,528,
56,46500,f,1.041492760181427,2,530,
56,46500,g,0.9072551727294922,2,800,
56,46500,h,0.8667405247688293,2,672,
56,46500,i,0.7936219274997711,2,694,
56,46800,a,0.9405601918697357,2,703,
56,46800,b,0.979449450969696,2,776,
56,46800,c,1.049017071723938,2,810,
56,46800,d,0.9364091157913208,2,811,
56,46800,e,1.2476762235164642,2,533,
56,46800,f,1.1577398180961609,2,537,
56,46800,g,1.3896746039390564,2,805,
56,46800,h,0.6631464064121246,2,676,
56,46800,i,0.6894550025463104,2,698,
56,47100,a,1.101020872592926,2,707,
56,47100,b,0.8125454783439636,2,781,
56,47100,c,0.996248185634613,2,814,
56,47100,d,0.9440242648124695,2,814,
56,47100,e,0.9352538883686066,2,536,
56,47100,f,0.8080275654792786,2,540,
56,47100,g,0.9681583642959595,2,809,
56,47100,h,0.9449965357780457,2,680,
56,47100,i,0.9177327752113342,2,702,
56,47400,a,0.9123068153858185,2,710,
56,47400,b,0.9823763370513916,2,785,
56,47400,c,1.2133607268333435,2,818,
56,47400,d,0.7552148997783661,2,818,
56,47400,e,0.9770791828632355,2,540,
56,47400,f,0.9913105964660645,2,542,
56,47400,g,1.0176343023777008,2,814,
56,47400,h,0.8184854388237,2,684,
56,47400,i,0.6816632151603699,2,706,
56,47700,a,0.8569886684417725,2,715,
56,47700,b,0.724207729101181,2,790,
56,47700,c,1.1475456357002258,2,823,
56,47700,d,0.7827255129814148,2,824,
56,47700,e,1.0918261408805847,2,542,
56,47700,f,1.0628129839897156,2,545,
56,47700,g,1.0644517838954926,2,818,
56,47700,h,0.8754861950874329,2,688,
56,47700,i,0.9617405533790588,2,711,
56,48000,a,0.8996579647064209,2,719,
56,48000,b,0.765195369720459,2,798,
56,48000,c,1.0073753893375397,2,828,
56,48000,d,0.9210633933544159,2,831,
56,48000,e,0.731338232755661,2,544,
56,48000,f,0.9098384082317352,2,547,
56,48000,g,1.1406795978546143,2,822,
56,48000,h,0.6879022121429443,2,691,
56,48000,i,0.7316870391368866,2,716,
56,48300,a,0.9183008372783661,2,724,
56,48300,b,0.7989439070224762,2,804,
56,48300,c,0.8767692446708679,2,834,
56,48300,d,0.7915383279323578,2,836,
56,48300,e,0.8802370429039001,2,547,
56,48300,f,1.0361288785934448,2,550,
56,48300,g,1.1262549757957458,2,830,
56,48300,h,0.8951190710067749,2,694,
56,48300,i,1.0318574011325836,2,720,
56,48600,a,0.7945993542671204,2,727,
56,48600,b,0.9777923226356506,2,808,
56,48600,c,1.1617615818977356,2,838,
56,48600,d,0.8670438230037689,2,840,
56,48600,e,0.997480183839798,2,549,
56,48600,f,1.0384123921394348,2,553,
56,48600,g,0.8512665927410126,2,834,
56,48600,h,0.6217142939567566,2,698,
56,48600,i,0.7827338874340057,2,724,
56,48900,a,0.8098453283309937,2,732,
56,48900,b,0.8708040714263916,2,814,
56,48900,c,1.4247207045555115,2,844,
56,48900,d,0.8673009872436523,2,845,
56,48900,e,0.8412134051322937,2,552,
56,48900,f,0.9031486213207245,2,556,
56,48900,g,0.9069043695926666,2,841,
56,48900,h,0.5647228360176086,2,703,
56,48900,i,0.6456574499607086,2,727,
56,49200,a,1.073384702205658,2,737,
56,49200,b,0.807853490114212,2,818,
56,49200,c,0.7988567352294922,2,847,
56,49200,d,0.6706646084785461,2,848,
56,49200,e,1.00006765127182,2,554,
56,49200,f,1.0611704587936401,2,558,
56,49200,g,0.8824076652526855,2,843,
56,49200,h,0.8737733066082001,2,706,
56,49200,i,0.615957647562027,2,731,
56,49500,a,1.003711998462677,2,747,
56,49500,b,0.9819737672805786,2,824,
56,49500,c,1.150963842868805,2,851,
56,49500,d,1.0343826413154602,2,854,
56,49500,e,1.1839040517807007,2,560,
56,49500,f,0.8469617366790771,2,563,
56,49500,g,0.996947705745697,2,847,
56,49500,h,0.740136593580246,2,713,
56,49500,i,0.9260208010673523,2,738,
56,49800,a,0.9017773866653442,2,753,
56,49800,b,0.827153742313385,2,829,
56,49800,c,1.0983378887176514,2,854,
56,49800,d,0.8066225647926331,2,859,
56,49800,e,0.7554079592227936,2,563,
56,49800,f,0.9192799925804138,2,567,
56,49800,g,0.7778323292732239,2,853,
56,49800,h,1.014383852481842,2,717,
56,49800,i,0.8358874022960663,2,743,
56,50100,a,1.064598798751831,2,756,
56,50100,b,0.9561105370521545,2,833,
56,50100,c,1.1584655344486237,2,860,
56,50100,d,0.961577445268631,2,864,
56,50100,e,0.9361185431480408,2,569,
56,50100,f,0.813642680644989,2,570,
56,50100,g,0.945276141166687,2,860,
56,50100,h,0.7129932641983032,2,720,
56,50100,i,0.6766815781593323,2,746,
56,50400,a,0.7671142220497131,2,758,
56,50400,b,0.9413415491580963,2,839,
56,50400,c,0.9386817812919617,2,866,
56,50400,d,0.8036707937717438,2,867,
56,50400,e,0.7790486216545105,2,574,
56,50400,f,0.9872770309448242,2,574,
56,50400,g,0.8904637694358826,2,866,
56,50400,h,0.6437876522541046,2,723,
56,50400,i,0.8865245282649994,2,749,
56,50700,a,0.8034352958202362,2,764,
56,50700,b,1.0763829052448273,2,845,
56,50700,c,1.184693694114685,2,870,
56,50700,d,0.9518220126628876,2,874,
56,50700,e,1.0356112718582153,2,578,
56,50700,f,0.9404831230640411,2,577,
56,50700,g,1.015345811843872,2,870,
56,50700,h,0.45645518600940704,2,729,
56,50700,i,0.8600421845912933,2,754,
56,51000,a,0.8146297037601471,2,769,
56,51000,b,0.790779709815979,2,849,
56,51000,c,1.1179449260234833,2,876,
56,51000,d,0.7296675443649292,2,879,
56,51000,e,0.7020273804664612,2,583,
56,51000,f,0.8633463382720947,2,583,
56,51000,g,0.8422827422618866,2,876,
56,51000,h,0.7306246161460876,2,734,
56,51000,i,0.9259504079818726,2,757,
56,51300,a,0.9387940764427185,2,772,
56,51300,b,0.8236508369445801,2,854,
56,51300,c,1.174691081047058,2,881,
56,51300,d,0.5313887447118759,2,884,
56,51300,e,0.8311304748058319,2,585,
56,51300,f,0.8714736700057983,2,585,
56,51300,g,0.8176518082618713,2,883,
56,51300,h,0.7069991230964661,2,738,
56,51300,i,1.016642451286316,2,760,
56,51600,a,0.8149946928024292,2,776,
56,51600,b,0.8048033714294434,2,861,
56,51600,c,1.029089629650116,2,887,
56,51600,d,0.8545718193054199,2,890,
56,51600,e,0.9294971823692322,2,589,
56,51600,f,0.7719026505947113,2,589,
56,51600,g,0.880949854850769,2,889,
56,51600,h,0.7066129148006439,2,743,
56,51600,i,0.9399821162223816,2,764,
56,51900,a,0.8444783687591553,2,780,
56,51900,b,0.9585854113101959,2,869,
56,51900,c,0.9821282029151917,2,894,
56,51900,d,0.7123379707336426,2,894,
56,51900,e,1.1431609392166138,2,592,
56,51900,f,0.8488296866416931,2,592,
56,51900,g,0.9753806591033936,2,895,
56,51900,h,0.7718161642551422,2,749,
56,51900,i,0.9255103468894958,2,769,
56,52200,a,0.9401866793632507,2,784,
56,52200,b,0.8832385241985321,2,875,
56,52200,c,1.1250924468040466,2,900,
56,52200,d,1.235401690006256,2,898,
56,52200,e,1.034129559993744,2,596,
56,52200,f,0.8998679518699646,2,596,
56,52200,g,0.7913781702518463,2,900,
56,52200,h,0.5882862508296967,2,751,
56,52200,i,0.6720631718635559,2,774,
56,52500,a,0.970115602016449,2,786,
56,52500,b,0.9665731191635132,2,880,
56,52500,c,0.8485563695430756,2,906,
56,52500,d,0.6944937705993652,2,902,
56,52500,e,0.8759958148002625,2,600,
56,52500,f,1.0567747354507446,2,600,
56,52500,g,0.8729828298091888,2,905,
56,52500,h,0.7599536776542664,2,754,
56,52500,i,0.7603428661823273,2,777,
56,52800,a,0.9193888008594513,2,791,
56,52800,b,0.7517056465148926,2,887,
56,52800,c,1.0537327527999878,2,909,
56,52800,d,0.8116715252399445,2,906,
56,52800,e,1.1004546284675598,2,605,
56,52800,f,1.1338066458702087,2,605,
56,52800,g,0.8126968741416931,2,911,
56,52800,h,0.7474288046360016,2,758,
56,52800,i,0.917707234621048,2,781,
56,53100,a,0.9150132536888123,2,795,
56,53100,b,0.7957427203655243,2,893,
56,53100,c,1.171794593334198,2,914,
56,53100,d,0.8822289705276489,2,911,
56,53100,e,0.967859148979187,2,608,
56,53100,f,0.9195221662521362,2,608,
56,53100,g,0.9183084070682526,2,916,
56,53100,h,0.6635186076164246,2,764,
56,53100,i,0.8407669067382812,2,786,
56,53400,a,0.9935327470302582,2,799,
56,53400,b,0.7339756488800049,2,898,
56,53400,c,0.9526724219322205,2,918,
56,53400,d,0.8150805234909058,2,917,
56,53400,e,0.8214521110057831,2,611,
56,53400,f,0.9110942780971527,2,611,
56,53400,g,1.0342013239860535,2,920,
56,53400,h,0.6360287964344025,2,768,
56,53400,i,0.5573793053627014,2,789,
56,53700,a,0.8828458786010742,2,803,
56,53700,b,0.854034036397934,2,902,
56,53700,c,1.1134412288665771,2,921,
56,53700,d,0.9151094555854797,2,921,
56,53700,e,0.9267540574073792,2,615,
56,53700,f,0.8254259824752808,2,615,
56,53700,g,0.9102819561958313,2,925,
56,53700,h,0.8941571116447449,2,773,
56,53700,i,0.8038488626480103,2,792,
56,54000,a,0.7205551862716675,2,807,
56,54000,b,0.8671692907810211,2,907,
56,54000,c,0.9001801013946533,2,927,
56,54000,d,0.6506123542785645,2,926,
56,54000,e,0.7932242751121521,2,619,
56,54000,f,0.8944125771522522,2,619,
56,54000,g,0.9058152437210083,2,932,
56,54000,h,0.8301045000553131,2,776,
56,54000,i,0.7863055169582367,2,796,
56,54300,a,0.7980378866195679,2,811,
56,54300,b,0.8274154663085938,2,915,
56,54300,c,1.0645370781421661,2,933,
56,54300,d,0.7163783609867096,2,930,
56,54300,e,0.7922688722610474,2,622,
56,54300,f,0.9905184507369995,2,622,
56,54300,g,1.015760749578476,2,935,
56,54300,h,0.7108387649059296,2,782,
56,54300,i,0.7679177522659302,2,803,
56,54600,a,0.7457546293735504,2,817,
56,54600,b,0.8197076916694641,2,921,
56,54600,c,1.0687626898288727,2,938,
56,54600,d,0.8831810653209686,2,934,
56,54600,e,0.7627082765102386,2,626,
56,54600,f,0.8191966414451599,2,626,
56,54600,g,0.904115617275238,2,939,
56,54600,h,0.6040789484977722,2,787,
56,54600,i,0.6320295929908752,2,809,
56,54900,a,0.9801849126815796,2,820,
56,54900,b,1.045976996421814,2,925,
56,54900,c,1.0643675029277802,2,942,
56,54900,d,0.937409371137619,2,940,
56,54900,e,0.6814508438110352,2,631,
56,54900,f,0.9903672337532043,2,630,
56,54900,g,0.9518179297447205,2,945,
56,54900,h,0.674880713224411,2,793,
56,54900,i,1.008259266614914,2,815,
56,55200,a,1.061479389667511,2,824,
56,55200,b,1.006809413433075,2,930,
56,55200,c,0.880217969417572,2,947,
56,55200,d,0.699973851442337,2,946,
56,55200,e,0.9125317335128784,2,634,
56,55200,f,0.8275189697742462,2,633,
56,55200,g,0.9220068752765656,2,948,
56,55200,h,0.6520175933837891,2,796,
56,55200,i,0.7129236459732056,2,818,
56,55500,a,0.7922649085521698,2,829,
56,55500,b,0.7913168668746948,2,935,
56,55500,c,0.9911190271377563,2,951,
56,55500,d,0.6245868504047394,2,952,
56,55500,e,0.7185613512992859,2,637,
56,55500,f,0.917131096124649,2,636,
56,55500,g,0.8540204763412476,2,952,
56,55500,h,0.5421745777130127,2,800,
56,55500,i,0.6867858469486237,2,822,
56,55800,a,0.7879871129989624,2,833,
56,55800,b,0.7338004410266876,2,942,
56,55800,c,1.0845524668693542,2,955,
56,55800,d,0.87456876039505,2,958,
56,55800,e,0.9920579195022583,2,640,
56,55800,f,0.8004705905914307,2,638,
56,55800,g,1.074995219707489,2,960,
56,55800,h,0.8109942078590393,2,803,
56,55800,i,0.6777743995189667,2,826,
56,56100,a,0.8704913556575775,2,838,
56,56100,b,1.1170174479484558,2,948,
56,56100,c,0.8848969042301178,2,961,
56,56100,d,0.5555683970451355,2,963,
56,56100,e,0.708685576915741,2,645,
56,56100,f,0.9959405064582825,2,643,
56,56100,g,0.8291062712669373,2,965,
56,56100,h,0.5878739655017853,2,809,
56,56100,i,0.7905954420566559,2,832,
56,56400,a,0.7132290005683899,2,841,
56,56400,b,0.84233158826828,2,955,
56,56400,c,1.120110034942627,2,966,
56,56400,d,0.6841675639152527,2,968,
56,56400,e,0.9957910180091858,2,650,
56,56400,f,0.8814898729324341,2,646,
56,56400,g,0.7425928711891174,2,971,
56,56400,h,0.4491691291332245,2,812,
56,56400,i,0.7133986949920654,2,838,
56,56700,a,0.8817778825759888,2,843,
56,56700,b,0.9187192320823669,2,960,
56,56700,c,1.2303621768951416,2,969,
56,56700,d,0.716900110244751,2,972,
56,56700,e,0.7724797427654266,2,654,
56,56700,f,0.821675717830658,2,650,
56,56700,g,0.791230171918869,2,975,
56,56700,h,0.8550378680229187,2,814,
56,56700,i,0.6317280232906342,2,840,
56,57000,a,0.8985258638858795,2,847,
56,57000,b,0.8888579905033112,2,966,
56,57000,c,1.202715277671814,2,974,
56,57000,d,0.7897489964962006,2,976,
56,57000,e,0.7391549646854401,2,656,
56,57000,f,0.9229272305965424,2,652,
56,57000,g,0.8565267622470856,2,978,
56,57000,h,0.7151231169700623,2,818,
56,57000,i,0.6559793651103973,2,842,
56,57300,a,0.9153479933738708,2,850,
56,57300,b,0.8840599060058594,2,972,
56,57300,c,0.9841840267181396,2,981,
56,57300,d,0.7629277110099792,2,983,
56,57300,e,0.806246817111969,2,660,
56,57300,f,0.6597840189933777,2,656,
56,57300,g,0.9611410200595856,2,983,
56,57300,h,0.802551656961441,2,822,
56,57300,i,0.7883077561855316,2,845,
56,57600,a,1.0847288966178894,2,854,
56,57600,b,0.866944432258606,2,976,
56,57600,c,1.0141467154026031,2,986,
56,57600,d,0.679086834192276,2,988,
56,57600,e,0.9747435450553894,2,662,
56,57600,f,0.7231041193008423,2,658,
56,57600,g,1.0632682740688324,2,986,
56,57600,h,0.5080234557390213,2,830,
56,57600,i,0.7322454750537872,2,852,
56,57900,a,0.996482789516449,2,858,
56,57900,b,0.7489768862724304,2,982,
56,57900,c,0.9387668669223785,2,991,
56,57900,d,0.7713053524494171,2,993,
56,57900,e,0.6165869832038879,2,666,
56,57900,f,0.8237890303134918,2,661,
56,57900,g,1.19959557056427,2,993,
56,57900,h,0.8891448378562927,2,834,
56,57900,i,0.8152309954166412,2,855,
56,58200,a,1.1331272721290588,2,863,
56,58200,b,0.8616147339344025,2,989,
56,58200,c,0.9910827875137329,2,996,
56,58200,d,0.7868958711624146,2,999,
56,58200,e,0.5413707792758942,2,669,
56,58200,f,0.8826418519020081,2,666,
56,58200,g,0.9034393429756165,2,998,
56,58200,h,0.8556385636329651,2,841,
56,58200,i,0.7285264134407043,2,860,
56,58500,a,0.8258261978626251,2,869,
56,58500,b,0.8452765643596649,2,993,
56,58500,c,1.1816774606704712,2,1000,
56,58500,d,0.6750538051128387,2,1005,
56,58500,e,0.7189878523349762,2,672,
56,58500,f,0.939578115940094,2,669,
56,58500,g,0.9300828576087952,2,1003,
56,58500,h,0.755392849445343,2,848,
56,58500,i,1.1705631017684937,2,866,
56,58800,a,0.6895979940891266,2,871,
56,58800,b,0.7595176100730896,2,996,
56,58800,c,1.0298053622245789,2,1004,
56,58800,d,0.7446136474609375,2,1010,
56,58800,e,0.6906881928443909,2,676,
56,58800,f,0.9291941225528717,2,673,
56,58800,g,0.7813456654548645,2,1007,
56,58800,h,0.7813947796821594,2,852,
56,58800,i,0.7736818492412567,2,870,
56,59100,a,0.7919988334178925,2,875,
56,59100,b,0.743829995393753,2,1003,
56,59100,c,0.886591762304306,2,1009,
56,59100,d,0.6886298358440399,2,1015,
56,59100,e,0.8888513445854187,2,680,
56,59100,f,0.9675329923629761,2,677,
56,59100,g,0.7163556814193726,2,1011,
56,59100,h,0.602205753326416,2,855,
56,59100,i,0.7097073197364807,2,874,
56,59400,a,0.7968270480632782,2,880,
56,59400,b,0.765110969543457,2,1006,
56,59400,c,0.9598134756088257,2,1015,
56,59400,d,0.8089061975479126,2,1021,
56,59400,e,0.678727388381958,2,683,
56,59400,f,0.8448818922042847,2,679,
56,59400,g,0.8569554686546326,2,1015,
56,59400,h,0.68366339802742,2,859,
56,59400,i,0.7963049709796906,2,877,
56,59700,a,0.8440515697002411,2,882,
56,59700,b,0.9929614663124084,2,1011,
56,59700,c,0.932116836309433,2,1018,
56,59700,d,0.7726708054542542,2,1027,
56,59700,e,1.0669529438018799,2,686,
56,59700,f,0.7386360168457031,2,682,
56,59700,g,0.7620959877967834,2,1019,
56,59700,h,0.530309870839119,2,861,
56,59700,i,0.793314516544342,2,881,
56,60000,a,0.9207693338394165,2,885,
56,60000,b,0.7227016985416412,2,1015,
56,60000,c,0.9267664551734924,2,1024,
56,60000,d,0.5207555592060089,2,1031,
56,60000,e,0.9362829625606537,2,689,
56,60000,f,1.0689437687397003,2,685,
56,60000,g,0.9812769293785095,2,1024,
56,60000,h,0.49125155806541443,2,866,
56,60000,i,0.6139597594738007,2,885,
56,60300,a,0.8459262251853943,2,890,
56,60300,b,0.6274576485157013,2,1024,
56,60300,c,0.9898483753204346,2,1028,
56,60300,d,0.6744235754013062,2,1038,
56,60300,e,0.9106454849243164,2,693,
56,60300,f,1.0289170444011688,2,689,
56,60300,g,1.014791190624237,2,1028,
56,60300,h,0.7042513787746429,2,871,
56,60300,i,0.690523236989975,2,888,
56,60600,a,1.1832625567913055,2,892,
56,60600,b,0.8730455636978149,2,1030,
56,60600,c,0.9747662544250488,2,1033,
56,60600,d,0.6142903566360474,2,1045,
56,60600,e,0.7879641056060791,2,697,
56,60600,f,1.0210129916667938,2,694,
56,60600,g,0.7874104976654053,2,1034,
56,60600,h,0.6484070122241974,2,875,
56,60600,i,0.7338294088840485,2,894,
56,60900,a,0.7203536331653595,2,897,
56,60900,b,0.7596603631973267,2,1035,
56,60900,c,0.9452734887599945,2,1040,
56,60900,d,0.6363319754600525,2,1052,
56,60900,e,0.7766777276992798,2,700,
56,60900,f,0.7917755544185638,2,698,
56,60900,g,0.7759678959846497,2,1039,
56,60900,h,0.6383579671382904,2,880,
56,60900,i,0.5682144165039062,2,901,
56,61200,a,1.0081180334091187,2,904,
56,61200,b,1.082640916109085,2,1039,
56,61200,c,1.0659489035606384,2,1043,
56,61200,d,0.6118287742137909,2,1057,
56,61200,e,0.653408944606781,2,702,
56,61200,f,0.7783457934856415,2,700,
56,61200,g,0.8532623648643494,2,1041,
56,61200,h,0.7399752736091614,2,885,
56,61200,i,0.637642115354538,2,908,
56,61500,a,0.7989689707756042,2,909,
56,61500,b,0.7430004179477692,2,1043,
56,61500,c,0.8955338001251221,2,1048,
56,61500,d,0.7575249671936035,2,1064,
56,61500,e,1.1584384441375732,2,704,
56,61500,f,0.8402267694473267,2,704,
56,61500,g,0.8503463566303253,2,1050,
56,61500,h,0.5573931038379669,2,891,
56,61500,i,0.5596179664134979,2,912,
56,61800,a,1.023674488067627,2,913,
56,61800,b,0.7359429001808167,2,1050,
56,61800,c,1.0374368131160736,2,1055,
56,61800,d,0.9890377223491669,2,1070,
56,61800,e,0.7083871960639954,2,707,
56,61800,f,0.6005488038063049,2,707,
56,61800,g,1.0482396483421326,2,1056,
56,61800,h,0.7588242292404175,2,894,
56,61800,i,0.6839883029460907,2,918,
56,62100,a,0.9377982914447784,2,917,
56,62100,b,1.0202316641807556,2,1055,
56,62100,c,0.903341680765152,2,1061,
56,62100,d,0.5896989703178406,2,1074,
56,62100,e,0.7248629033565521,2,711,
56,62100,f,0.6471116244792938,2,711,
56,62100,g,0.7033648788928986,2,1062,
56,62100,h,0.6526215374469757,2,898,
56,62100,i,0.6248878538608551,2,922,
56,62400,a,0.7977699041366577,2,921,
56,62400,b,0.6975836157798767,2,1059,
56,62400,c,1.1159580945968628,2,1068,
56,62400,d,0.9220063090324402,2,1078,
56,62400,e,0.6558295488357544,2,714,
56,62400,f,0.982316255569458,2,715,
56,62400,g,0.7649708092212677,2,1066,
56,62400,h,0.7654196321964264,2,902,
56,62400,i,0.5299241840839386,2,925,
56,62700,a,0.8275783360004425,2,929,
56,62700,b,0.750857949256897,2,1061,
56,62700,c,0.9998540282249451,2,1070,
56,62700,d,0.5386330485343933,2,1080,
56,62700,e,0.8135531544685364,2,718,
56,62700,f,0.9487282633781433,2,719,
56,62700,g,0.802271693944931,2,1069,
56,62700,h,0.7894316613674164,2,906,
56,62700,i,0.57936030626297,2,934,
56,63000,a,0.7964617013931274,2,933,
56,63000,b,0.7470024526119232,2,1063,
56,63000,c,1.0183526873588562,2,1072,
56,63000,d,0.5917033553123474,2,1084,
56,63000,e,0.8073157966136932,2,721,
56,63000,f,0.9027745723724365,2,721,
56,63000,g,1.1077682375907898,2,1073,
56,63000,h,0.4740362614393234,2,910,
56,63000,i,0.821859747171402,2,937,
56,63300,a,0.884021520614624,2,936,
56,63300,b,0.7617360651493073,2,1068,
56,63300,c,0.9760421812534332,2,1079,
56,63300,d,0.7416348457336426,2,1090,
56,63300,e,0.7786441147327423,2,724,
56,63300,f,0.6377946734428406,2,725,
56,63300,g,0.863852858543396,2,1077,
56,63300,h,0.7702428996562958,2,915,
56,63300,i,0.814500093460083,2,941,
56,63600,a,0.8429642915725708,2,940,
56,63600,b,0.9754118919372559,2,1073,
56,63600,c,1.2657585740089417,2,1083,
56,63600,d,0.7128362059593201,2,1095,
56,63600,e,0.7971131801605225,2,726,
56,63600,f,0.9866940677165985,2,727,
56,63600,g,0.8071815073490143,2,1083,
56,63600,h,0.5310030579566956,2,921,
56,63600,i,0.4055391699075699,2,945,
56,63900,a,0.7123076319694519,2,946,
56,63900,b,0.775238960981369,2,1076,
56,63900,c,1.0448857545852661,2,1088,
56,63900,d,0.5441885888576508,2,1100,
56,63900,e,0.6073833405971527,2,731,
56,63900,f,0.6669074296951294,2,731,
56,63900,g,0.9009959101676941,2,1088,
56,63900,h,0.6868054568767548,2,927,
56,63900,i,0.6412676274776459,2,950,
56,64200,a,0.7545636296272278,2,952,
56,64200,b,0.5727315992116928,2,1082,
56,64200,c,0.9227385222911835,2,1092,
56,64200,d,0.6042527556419373,2,1103,
56,64200,e,0.6372193992137909,2,733,
56,64200,f,0.7381708025932312,2,733,
56,64200,g,0.7097248435020447,2,1095,
56,64200,h,0.5658494830131531,2,932,
56,64200,i,0.7097753882408142,2,954,
56,64500,a,0.8971531391143799,2,956,
56,64500,b,0.6871366202831268,2,1088,
56,64500,c,0.9164762198925018,2,1099,
56,64500,d,0.6110262423753738,2,1108,
56,64500,e,0.5648069381713867,2,737,
56,64500,f,0.8668770492076874,2,736,
56,64500,g,0.7952693700790405,2,1099,
56,64500,h,0.6478909552097321,2,935,
56,64500,i,0.8155023455619812,2,959,
56,64800,a,0.7291719615459442,2,962,
56,64800,b,0.8190512955188751,2,1091,
56,64800,c,0.8887917995452881,2,1102,
56,64800,d,0.6339671015739441,2,1112,
56,64800,e,0.6194689273834229,2,740,
56,64800,f,0.8540777862071991,2,739,
56,64800,g,0.7418465316295624,2,1101,
56,64800,h,0.7819536328315735,2,943,
56,64800,i,0.6903869211673737,2,964,
56,65100,a,0.9852438271045685,2,966,
56,65100,b,0.7957153916358948,2,1094,
56,65100,c,0.8024019598960876,2,1108,
56,65100,d,0.657558262348175,2,1118,
56,65100,e,0.8276031613349915,2,745,
56,65100,f,0.7036957144737244,2,743,
56,65100,g,0.8784256279468536,2,1105,
56,65100,h,0.44337140023708344,2,948,
56,65100,i,0.577736422419548,2,966,
56,65400,a,0.9637672305107117,2,970,
56,65400,b,0.8270199298858643,2,1098,
56,65400,c,0.8134925663471222,2,1112,
56,65400,d,0.4607939124107361,2,1121,
56,65400,e,0.7341920733451843,2,750,
56,65400,f,0.9720867872238159,2,748,
56,65400,g,1.1283407807350159,2,1110,
56,65400,h,0.7018522322177887,2,953,
56,65400,i,0.6657823622226715,2,969,
56,65700,a,0.7554927468299866,2,975,
56,65700,b,0.5830927640199661,2,1101,
56,65700,c,0.9529729187488556,2,1118,
56,65700,d,0.7787531018257141,2,1124,
56,65700,e,0.7108227908611298,2,754,
56,65700,f,0.5708785057067871,2,753,
56,65700,g,0.7300893366336823,2,1116,
56,65700,h,0.6816617101430893,2,957,
56,65700,i,0.7343029379844666,2,974,
56,66000,a,0.9018616676330566,2,978,
56,66000,b,0.7025987803936005,2,1106,
56,66000,c,0.9756616950035095,2,1126,
56,66000,d,0.6636492311954498,2,1130,
56,66000,e,0.6040004789829254,2,758,
56,66000,f,0.5756328105926514,2,756,
56,66000,g,0.8030082583427429,2,1120,
56,66000,h,0.509238064289093,2,962,
56,66000,i,0.682039737701416,2,978,
56,66300,a,0.9148102402687073,2,983,
56,66300,b,0.8815661668777466,2,1114,
56,66300,c,1.011570930480957,2,1133,
56,66300,d,0.7822558283805847,2,1136,
56,66300,e,0.751783698797226,2,761,
56,66300,f,0.7551739811897278,2,759,
56,66300,g,0.6946786940097809,2,1124,
56,66300,h,0.5579969882965088,2,965,
56,66300,i,0.6334047615528107,2,982,
56,66600,a,0.7929754853248596,2,988,
56,66600,b,0.5843775570392609,2,1119,
56,66600,c,0.9122118949890137,2,1137,
56,66600,d,0.8995318710803986,2,1142,
56,66600,e,0.6942393481731415,2,764,
56,66600,f,0.7966659069061279,2,762,
56,66600,g,0.697008490562439,2,1129,
56,66600,h,0.6353156268596649,2,971,
56,66600,i,0.7499707341194153,2,986,
56,66900,a,0.8660746812820435,2,995,
56,66900,b,0.780017077922821,2,1130,
56,66900,c,1.1296975910663605,2,1144,
56,66900,d,1.313508301973343,2,1148,
56,66900,e,0.46208062767982483,2,768,
56,66900,f,0.6485588699579239,2,766,
56,66900,g,0.8704466223716736,2,1134,
56,66900,h,0.7761499583721161,2,976,
56,66900,i,0.7194079160690308,2,992,
56,67200,a,0.72020223736763,2,1001,
56,67200,b,0.687799409031868,2,1133,
56,67200,c,0.9247355461120605,2,1149,
56,67200,d,0.5027212500572205,2,1153,
56,67200,e,0.629477471113205,2,770,
56,67200,f,0.7836265861988068,2,770,
56,67200,g,0.8178066611289978,2,1137,
56,67200,h,0.47504985332489014,2,981,
56,67200,i,0.752363532781601,2,996,
56,67500,a,1.092771053314209,2,1004,
56,67500,b,0.9467649459838867,2,1137,
56,67500,c,0.9072804152965546,2,1155,
56,67500,d,0.5595749020576477,2,1157,
56,67500,e,0.7541948556900024,2,774,
56,67500,f,0.7544559836387634,2,774,
56,67500,g,0.6742465496063232,2,1142,
56,67500,h,0.6528313457965851,2,983,
56,67500,i,0.6699896454811096,2,999,
56,67800,a,0.894013911485672,2,1009,
56,67800,b,0.5320469737052917,2,1142,
56,67800,c,0.9179171025753021,2,1161,
56,67800,d,0.746740460395813,2,1163,
56,67800,e,0.8523650467395782,2,777,
56,67800,f,0.8193721175193787,2,777,
56,67800,g,1.0312294363975525,2,1147,
56,67800,h,0.9416186809539795,2,988,
56,67800,i,0.6147862076759338,2,1003,
56,68100,a,0.6658775806427002,2,1013,
56,68100,b,0.6077729165554047,2,1146,
56,68100,c,1.1036821603775024,2,1164,
56,68100,d,0.7019106149673462,2,1167,
56,68100,e,0.7749356031417847,2,779,
56,68100,f,0.9113903045654297,2,779,
56,68100,g,0.6654299795627594,2,1153,
56,68100,h,0.621129184961319,2,991,
56,68100,i,0.657166600227356,2,1007,
56,68400,a,0.6063067018985748,2,1020,
56,68400,b,0.9455018639564514,2,1153,
56,68400,c,1.025650680065155,2,1170,
56,68400,d,0.5253112614154816,2,1171,
56,68400,e,0.7534882128238678,2,782,
56,68400,f,0.9103815257549286,2,782,
56,68400,g,0.7758491635322571,2,1159,
56,68400,h,0.6762252449989319,2,997,
56,68400,i,0.5424778163433075,2,1011,
56,68700,a,0.893841564655304,2,1026,
56,68700,b,0.7135988473892212,2,1160,
56,68700,c,0.8581147193908691,2,1179,
56,68700,d,0.5697828531265259,2,1176,
56,68700,e,0.7060410976409912,2,785,
56,68700,f,0.8635955452919006,2,785,
56,68700,g,0.7551131248474121,2,1164,
56,68700,h,0.6029773056507111,2,1002,
56,68700,i,0.4972880184650421,2,1016,
56,69000,a,0.7045480310916901,2,1030,
56,69000,b,0.690012514591217,2,1167,
56,69000,c,0.9114091694355011,2,1185,
56,69000,d,0.4769721180200577,2,1182,
56,69000,e,0.6751002371311188,2,787,
56,69000,f,0.6614072918891907,2,787,
56,69000,g,0.9051243364810944,2,1170,
56,69000,h,0.49181215465068817,2,1007,
56,69000,i,0.5440634489059448,2,1021,
56,69300,a,0.8828838765621185,2,1032,
56,69300,b,0.7548668682575226,2,1175,
56,69300,c,0.8613967895507812,2,1191,
56,69300,d,0.6194089949131012,2,1187,
56,69300,e,0.7420813143253326,2,793,
56,69300,f,0.7746477723121643,2,793,
56,69300,g,0.691962331533432,2,1176,
56,69300,h,0.89089035987854,2,1010,
56,69300,i,0.6044875979423523,2,1024,
56,69600,a,0.7663818597793579,2,1037,
56,69600,b,1.0105385184288025,2,1178,
56,69600,c,0.9686974287033081,2,1198,
56,69600,d,0.7303943634033203,2,1190,
56,69600,e,0.6602012515068054,2,795,
56,69600,f,0.6361468583345413,2,795,
56,69600,g,0.791221022605896,2,1180,
56,69600,h,0.7076194882392883,2,1016,
56,69600,i,0.8642889559268951,2,1028,
56,69900,a,1.0047657489776611,2,1043,
56,69900,b,1.068284511566162,2,1181,
56,69900,c,0.8622379899024963,2,1201,
56,69900,d,0.6955215632915497,2,1192,
56,69900,e,0.6539739668369293,2,797,
56,69900,f,0.9854066669940948,2,797,
56,69900,g,0.808964341878891,2,1183,
56,69900,h,0.6260673105716705,2,1023,
56,69900,i,0.6215029060840607,2,1033,
56,70200,a,0.8042842447757721,2,1051,
56,70200,b,0.7418939173221588,2,1186,
56,70200,c,0.8664157390594482,2,1206,
56,70200,d,0.6122308969497681,2,1199,
56,70200,e,0.8182527720928192,2,799,
56,70200,f,1.0515155792236328,2,800,
56,70200,g,0.7163450419902802,2,1187,
56,70200,h,0.4957832843065262,2,1028,
56,70200,i,0.4596778452396393,2,1038,
56,70500,a,0.8064649701118469,2,1057,
56,70500,b,0.9110499620437622,2,1191,
56,70500,c,1.0194121599197388,2,1212,
56,70500,d,0.5865892469882965,2,1203,
56,70500,e,0.7017006278038025,2,802,
56,70500,f,0.5911115109920502,2,803,
56,70500,g,0.6536355316638947,2,1190,
56,70500,h,0.8147819936275482,2,1031,
56,70500,i,0.8616752028465271,2,1041,
56,70800,a,0.622071236371994,2,1060,
56,70800,b,0.5811710357666016,2,1197,
56,70800,c,0.9096284806728363,2,1215,
56,70800,d,0.8271407783031464,2,1207,
56,70800,e,0.6212075352668762,2,805,
56,70800,f,0.6943544149398804,2,805,
56,70800,g,0.7737818956375122,2,1196,
56,70800,h,0.5234552919864655,2,1036,
56,70800,i,0.49670960009098053,2,1046,
56,71100,a,0.7921590805053711,2,1065,
56,71100,b,0.6207594871520996,2,1205,
56,71100,c,0.8308295607566833,2,1222,
56,71100,d,0.6978683769702911,2,1214,
56,71100,e,0.6910603046417236,2,808,
56,71100,f,0.7726529836654663,2,809,
56,71100,g,0.7806308269500732,2,1204,
56,71100,h,0.6878999173641205,2,1042,
56,71100,i,0.7593547999858856,2,1048,
56,71400,a,0.8049145340919495,2,1071,
56,71400,b,1.3282093405723572,2,1212,
56,71400,c,0.9324405491352081,2,1229,
56,71400,d,0.7084065079689026,2,1221,
56,71400,e,0.4787414073944092,2,811,
56,71400,f,0.8582301735877991,2,811,
56,71400,g,0.661272257566452,2,1208,
56,71400,h,0.53367680311203,2,1048,
56,71400,i,0.7989886999130249,2,1053,
56,71700,a,1.0367356538772583,2,1077,
56,71700,b,0.6873864531517029,2,1216,
56,71700,c,0.8771462738513947,2,1233,
56,71700,d,0.7170277237892151,2,1228,
56,71700,e,0.7289834916591644,2,814,
56,71700,f,0.6714037358760834,2,814,
56,71700,g,0.8219625651836395,2,1215,
56,71700,h,0.6099002361297607,2,1052,
56,71700,i,0.6784014999866486,2,1060,
56,72000,a,0.6812907159328461,2,1080,
56,72000,b,0.7712463140487671,2,1220,
56,72000,c,0.9416355788707733,2,1238,
56,72000,d,0.5156238377094269,2,1232,
56,72000,e,0.7840833365917206,2,817,
56,72000,f,0.8247022032737732,2,816,
56,72000,g,0.6916198134422302,2,1218,
56,72000,h,0.4965284615755081,2,1055,
56,72000,i,0.6340965926647186,2,1065,
56,72300,a,0.6187288165092468,2,1082,
56,72300,b,0.8118637502193451,2,1225,
56,72300,c,0.809349775314331,2,1242,
56,72300,d,0.5559554994106293,2,1236,
56,72300,e,0.6582062840461731,2,820,
56,72300,f,0.8548979461193085,2,819,
56,72300,g,0.5972234159708023,2,1224,
56,72300,h,0.41754861176013947,2,1059,
56,72300,i,0.632008284330368,2,1068,
56,72600,a,0.9114406704902649,2,1085,
56,72600,b,0.7547787725925446,2,1230,
56,72600,c,0.732261449098587,2,1246,
56,72600,d,0.6033163964748383,2,1242,
56,72600,e,0.7202920913696289,2,823,
56,72600,f,0.8926957845687866,2,822,
56,72600,g,0.6907340884208679,2,1228,
56,72600,h,0.6925855278968811,2,1063,
56,72600,i,0.7397577166557312,2,1072,
56,72900,a,0.7767341136932373,2,1091,
56,72900,b,1.0156552493572235,2,1232,
56,72900,c,0.7500364482402802,2,1250,
56,72900,d,0.9963626861572266,2,1245,
56,72900,e,0.8214748203754425,2,827,
56,72900,f,0.7462114095687866,2,826,
56,72900,g,0.6823638677597046,2,1231,
56,72900,h,0.6573343873023987,2,1069,
56,72900,i,0.9570029377937317,2,1078,
56,73200,a,0.7871115505695343,2,1094,
56,73200,b,0.9029469192028046,2,1235,
56,73200,c,0.8030079305171967,2,1253,
56,73200,d,0.48272186517715454,2,1250,
56,73200,e,0.5231811851263046,2,829,
56,73200,f,0.743403434753418,2,829,
56,73200,g,0.7574871778488159,2,1234,
56,73200,h,0.6997372657060623,2,1072,
56,73200,i,0.5193129777908325,2,1082,
56,73500,a,0.8883817195892334,2,1097,
56,73500,b,0.7747483253479004,2,1238,
56,73500,c,0.9289685487747192,2,1259,
56,73500,d,0.5289401412010193,2,1256,
56,73500,e,0.8014425039291382,2,832,
56,73500,f,0.6037019193172455,2,832,
56,73500,g,0.7050889432430267,2,1242,
56,73500,h,0.49262072145938873,2,1076,
56,73500,i,0.6873129606246948,2,1086,
56,73800,a,0.9254991114139557,2,1102,
56,73800,b,0.8482884615659714,2,1242,
56,73800,c,0.8108616471290588,2,1262,
56,73800,d,0.7604724168777466,2,1261,
56,73800,e,0.5833923518657684,2,834,
56,73800,f,0.8286992907524109,2,834,
56,73800,g,0.684982180595398,2,1245,
56,73800,h,0.744426041841507,2,1081,
56,73800,i,0.6776333451271057,2,1090,
56,74100,a,0.7682844996452332,2,1107,
56,74100,b,0.7230181694030762,2,1247,
56,74100,c,1.0685538053512573,2,1268,
56,74100,d,0.4703276455402374,2,1267,
56,74100,e,0.545564591884613,2,839,
56,74100,f,0.7634153366088867,2,839,
56,74100,g,0.9234450459480286,2,1251,
56,74100,h,0.6188669204711914,2,1089,
56,74100,i,0.6182804703712463,2,1095,
56,74400,a,0.7773632407188416,2,1111,
56,74400,b,0.6646397113800049,2,1252,
56,74400,c,0.9784274101257324,2,1274,
56,74400,d,0.5654855072498322,2,1271,
56,74400,e,0.6142407357692719,2,843,
56,74400,f,0.6258550584316254,2,843,
56,74400,g,0.6867052614688873,2,1257,
56,74400,h,0.421187087893486,2,1093,
56,74400,i,0.8627882301807404,2,1100,
56,74700,a,0.8940847516059875,2,1116,
56,74700,b,0.583335280418396,2,1259,
56,74700,c,0.9444661736488342,2,1277,
56,74700,d,0.6036978363990784,2,1276,
56,74700,e,0.6113541722297668,2,847,
56,74700,f,0.874661386013031,2,847,
56,74700,g,0.6252312362194061,2,1262,
56,74700,h,0.4264935255050659,2,1096,
56,74700,i,0.6068360805511475,2,1105,
56,75000,a,1.064203828573227,2,1121,
56,75000,b,0.7047247588634491,2,1264,
56,75000,c,0.9916127920150757,2,1283,
56,75000,d,0.45866018533706665,2,1280,
56,75000,e,0.5854376256465912,2,852,
56,75000,f,0.6166142821311951,2,853,
56,75000,g,0.475849449634552,2,1267,
56,75000,h,0.5146142989397049,2,1101,
56,75000,i,0.6227790266275406,2,1108,
56,75300,a,0.928615540266037,2,1123,
56,75300,b,0.6112908124923706,2,1270,
56,75300,c,0.8776122033596039,2,1287,
56,75300,d,0.4752447009086609,2,1288,
56,75300,e,1.0107067227363586,2,854,
56,75300,f,0.8440356552600861,2,855,
56,75300,g,0.7926906943321228,2,1272,
56,75300,h,0.6618795841932297,2,1105,
56,75300,i,0.8477080166339874,2,1113,
56,75600,a,0.786676436662674,2,1127,
56,75600,b,0.6768088638782501,2,1275,
56,75600,c,0.7624334394931793,2,1293,
56,75600,d,0.5189731419086456,2,1292,
56,75600,e,0.7684175372123718,2,861,
56,75600,f,0.5988050550222397,2,859,
56,75600,g,0.6285404860973358,2,1277,
56,75600,h,0.7102557420730591,2,1111,
56,75600,i,0.6609007120132446,2,1116,
56,75900,a,0.7316179275512695,2,1129,
56,75900,b,0.6455013155937195,2,1281,
56,75900,c,0.9558506906032562,2,1298,
56,75900,d,0.5191700160503387,2,1299,
56,75900,e,0.4851370006799698,2,865,
56,75900,f,0.8905387818813324,2,863,
56,75900,g,0.8367621302604675,2,1282,
56,75900,h,0.7269474416971207,2,1115,
56,75900,i,0.49718980491161346,2,1120,
56,76200,a,0.7941976189613342,2,1134,
56,76200,b,0.9657378196716309,2,1286,
56,76200,c,0.7241733968257904,2,1302,
56,76200,d,0.47734637558460236,2,1303,
56,76200,e,0.7648240923881531,2,868,
56,76200,f,0.6928395628929138,2,865,
56,76200,g,0.7513687461614609,2,1288,
56,76200,h,0.4150567352771759,2,1119,
56,76200,i,0.7212157249450684,2,1126,
56,76500,a,0.9344706535339355,2,1139,
56,76500,b,0.795428991317749,2,1292,
56,76500,c,0.9757224321365356,2,1305,
56,76500,d,0.6543756723403931,2,1307,
56,76500,e,0.7456416189670563,2,873,
56,76500,f,0.744507372379303,2,869,
56,76500,g,0.7334057986736298,2,1294,
56,76500,h,0.5055355131626129,2,1123,
56,76500,i,0.5472439229488373,2,1130,
56,76800,a,1.0658223628997803,2,1142,
56,76800,b,0.709548830986023,2,1296,
56,76800,c,0.874661773443222,2,1310,
56,76800,d,0.5446480214595795,2,1312,
56,76800,e,0.5252707600593567,2,878,
56,76800,f,0.6907686293125153,2,875,
56,76800,g,0.9249695539474487,2,1302,
56,76800,h,0.4839177131652832,2,1128,
56,76800,i,0.9014225006103516,2,1135,
56,77100,a,0.6040919423103333,2,1147,
56,77100,b,0.7900350093841553,2,1301,
56,77100,c,1.0879241228103638,2,1317,
56,77100,d,0.39963463693857193,2,1320,
56,77100,e,0.5540623068809509,2,880,
56,77100,f,0.47537559270858765,2,877,
56,77100,g,0.5919392853975296,2,1309,
56,77100,h,0.4571780860424042,2,1131,
56,77100,i,0.6378350853919983,2,1138,
56,77400,a,0.867062896490097,2,1149,
56,77400,b,1.0061505436897278,2,1311,
56,77400,c,0.8191933631896973,2,1325,
56,77400,d,0.6121268570423126,2,1325,
56,77400,e,0.49540477991104126,2,884,
56,77400,f,0.7846771478652954,2,880,
56,77400,g,0.5574899762868881,2,1315,
56,77400,h,0.5635545551776886,2,1133,
56,77400,i,0.7722674012184143,2,1140,
56,77700,a,0.8786889314651489,2,1151,
56,77700,b,0.7407002449035645,2,1316,
56,77700,c,0.7969253063201904,2,1330,
56,77700,d,0.43490517139434814,2,1328,
56,77700,e,0.5486547648906708,2,886,
56,77700,f,0.7347398102283478,2,882,
56,77700,g,0.6583076417446136,2,1318,
56,77700,h,0.5981517434120178,2,1137,
56,77700,i,0.6212862133979797,2,1144,
56,78000,a,0.7578487694263458,2,1154,
56,78000,b,0.633185476064682,2,1320,
56,78000,c,1.0863158702850342,2,1335,
56,78000,d,0.5323763638734818,2,1330,
56,78000,e,0.932652622461319,2,890,
56,78000,f,0.8164460361003876,2,886,
56,78000,g,0.6807279288768768,2,1322,
56,78000,h,0.6691223978996277,2,1140,
56,78000,i,0.660692572593689,2,1147,
56,78300,a,0.7753350138664246,2,1158,
56,78300,b,0.6526376008987427,2,1323,
56,78300,c,1.0625011920928955,2,1337,
56,78300,d,0.5531100928783417,2,1332,
56,78300,e,0.7598617672920227,2,893,
56,78300,f,0.7968841791152954,2,889,
56,78300,g,0.5728552043437958,2,1325,
56,78300,h,0.49325768649578094,2,1143,
56,78300,i,0.548433929681778,2,1152,
56,78600,a,0.8404308557510376,2,1164,
56,78600,b,0.7911176085472107,2,1330,
56,78600,c,0.8424091935157776,2,1340,
56,78600,d,0.5392052829265594,2,1341,
56,78600,e,0.47860684990882874,2,896,
56,78600,f,0.7281456887722015,2,892,
56,78600,g,0.6806418597698212,2,1331,
56,78600,h,0.5745241343975067,2,1148,
56,78600,i,0.699491024017334,2,1158,
56,78900,a,0.6518018841743469,2,1168,
56,78900,b,0.6641226261854172,2,1337,
56,78900,c,0.7294764816761017,2,1346,
56,78900,d,0.5945889353752136,2,1346,
56,78900,e,0.5693035572767258,2,898,
56,78900,f,0.5396952629089355,2,894,
56,78900,g,0.7830509543418884,2,1334,
56,78900,h,0.4732065796852112,2,1152,
56,78900,i,0.6803838014602661,2,1163,
56,79200,a,0.8602097928524017,2,1173,
56,79200,b,0.7419022917747498,2,1344,
56,79200,c,1.0599244236946106,2,1353,
56,79200,d,0.6527541279792786,2,1352,
56,79200,e,0.6711344718933105,2,900,
56,79200,f,0.7071847319602966,2,896,
56,79200,g,0.873371496796608,2,1340,
56,79200,h,0.5548989772796631,2,1157,
56,79200,i,0.48393434286117554,2,1167,
56,79500,a,0.6340177357196808,2,1177,
56,79500,b,0.8310373425483704,2,1347,
56,79500,c,0.8706260025501251,2,1356,
56,79500,d,0.38802650570869446,2,1354,
56,79500,e,0.963854968547821,2,903,
56,79500,f,0.6084235906600952,2,900,
56,79500,g,0.6784114837646484,2,1343,
56,79500,h,0.5307853072881699,2,1164,
56,79500,i,0.6634647250175476,2,1174,
56,79800,a,1.2255728840827942,2,1181,
56,79800,b,0.6629286110401154,2,1353,
56,79800,c,0.7310411334037781,2,1365,
56,79800,d,0.5721240639686584,2,1360,
56,79800,e,0.6111463755369186,2,908,
56,79800,f,0.6455421447753906,2,903,
56,79800,g,0.637475997209549,2,1349,
56,79800,h,0.5405162870883942,2,1167,
56,79800,i,0.5741480886936188,2,1178,
56,80100,a,0.7011010348796844,2,1187,
56,80100,b,0.4820261597633362,2,1359,
56,80100,c,1.115425944328308,2,1369,
56,80100,d,0.5172633826732635,2,1364,
56,80100,e,0.684915691614151,2,914,
56,80100,f,0.6287892162799835,2,909,
56,80100,g,0.7820343673229218,2,1354,
56,80100,h,0.61501145362854,2,1173,
56,80100,i,0.5649362355470657,2,1184,
56,80400,a,0.8225857615470886,2,1189,
56,80400,b,0.8238745629787445,2,1364,
56,80400,c,0.7379263639450073,2,1375,
56,80400,d,0.4443480968475342,2,1367,
56,80400,e,0.4577280580997467,2,919,
56,80400,f,0.9463657736778259,2,914,
56,80400,g,0.7125154435634613,2,1358,
56,80400,h,0.6921002566814423,2,1175,
56,80400,i,0.7399245798587799,2,1186,
56,80700,a,0.8572305738925934,2,1194,
56,80700,b,0.7107212841510773,2,1372,
56,80700,c,0.9653835296630859,2,1380,
56,80700,d,0.5564602017402649,2,1375,
56,80700,e,0.6690064668655396,2,922,
56,80700,f,0.8179036378860474,2,918,
56,80700,g,0.6700050234794617,2,1363,
56,80700,h,0.46712183952331543,2,1181,
56,80700,i,0.6060524582862854,2,1190,
56,81000,a,0.5616130083799362,2,1197,
56,81000,b,0.6249715387821198,2,1377,
56,81000,c,0.8874755799770355,2,1384,
56,81000,d,0.5381900519132614,2,1379,
56,81000,e,0.8558621406555176,2,925,
56,81000,f,0.6039595603942871,2,921,
56,81000,g,0.8859066367149353,2,1366,
56,81000,h,0.6434618979692459,2,1186,
56,81000,i,0.5895431637763977,2,1194,
56,81300,a,0.7289172112941742,2,1200,
56,81300,b,0.6631567180156708,2,1379,
56,81300,c,0.7464127242565155,2,1388,
56,81300,d,0.4874100536108017,2,1382,
56,81300,e,0.7364087700843811,2,927,
56,81300,f,0.6777445077896118,2,923,
56,81300,g,0.7111075818538666,2,1369,
56,81300,h,0.6352400183677673,2,1188,
56,81300,i,0.5194429457187653,2,1197,
56,81600,a,0.7849590182304382,2,1205,
56,81600,b,0.5974630117416382,2,1384,
56,81600,c,0.7297848761081696,2,1391,
56,81600,d,0.44885334372520447,2,1389,
56,81600,e,0.6196095943450928,2,930,
56,81600,f,0.6685300171375275,2,927,
56,81600,g,0.5191460251808167,2,1374,
56,81600,h,0.46995215117931366,2,1193,
56,81600,i,0.570019006729126,2,1203,
56,81900,a,0.7176809012889862,2,1208,
56,81900,b,0.8491349518299103,2,1389,
56,81900,c,1.2338551878929138,2,1397,
56,81900,d,0.8674378395080566,2,1393,
56,81900,e,0.6591021120548248,2,933,
56,81900,f,0.7186344563961029,2,930,
56,81900,g,0.8561455607414246,2,1378,
56,81900,h,0.5228531062602997,2,1196,
56,81900,i,0.9805586338043213,2,1207,
56,82200,a,0.7977710068225861,2,1211,
56,82200,b,0.5285032838582993,2,1400,
56,82200,c,1.0935887396335602,2,1401,
56,82200,d,0.48935432732105255,2,1403,
56,82200,e,0.7069782912731171,2,936,
56,82200,f,0.6768082082271576,2,933,
56,82200,g,0.7903006076812744,2,1384,
56,82200,h,0.5208437740802765,2,1200,
56,82200,i,0.7115880846977234,2,1209,
56,82500,a,0.7647314965724945,2,1214,
56,82500,b,0.4816400706768036,2,1407,
56,82500,c,0.8724164962768555,2,1404,
56,82500,d,0.6252056658267975,2,1406,
56,82500,e,0.6559001803398132,2,941,
56,82500,f,0.5897173285484314,2,939,
56,82500,g,0.7877665460109711,2,1388,
56,82500,h,0.465584933757782,2,1205,
56,82500,i,0.5278328359127045,2,1212,
56,82800,a,0.6585487425327301,2,1221,
56,82800,b,0.6124192476272583,2,1414,
56,82800,c,1.0610488057136536,2,1407,
56,82800,d,0.47459226846694946,2,1410,
56,82800,e,0.523631751537323,2,944,
56,82800,f,0.6244510114192963,2,942,
56,82800,g,0.8624483942985535,2,1394,
56,82800,h,0.4861178398132324,2,1211,
56,82800,i,0.640725165605545,2,1216,
56,83100,a,0.9416157603263855,2,1225,
56,83100,b,0.47933562099933624,2,1421,
56,83100,c,0.9920409321784973,2,1413,
56,83100,d,0.7142187654972076,2,1415,
56,83100,e,0.7802732586860657,2,946,
56,83100,f,0.9542980194091797,2,944,
56,83100,g,0.5856702923774719,2,1401,
56,83100,h,0.8945233821868896,2,1217,
56,83100,i,0.7993700206279755,2,1220,
56,83400,a,0.7319085896015167,2,1229,
56,83400,b,0.8214400708675385,2,1428,
56,83400,c,1.0459702014923096,2,1417,
56,83400,d,0.5350394546985626,2,1418,
56,83400,e,0.7438338100910187,2,951,
56,83400,f,0.9188145995140076,2,949,
56,83400,g,0.8323003351688385,2,1406,
56,83400,h,0.47555430233478546,2,1221,
56,83400,i,0.4801303595304489,2,1224,
56,83700,a,0.7094894647598267,2,1233,
56,83700,b,0.5314950197935104,2,1432,
56,83700,c,0.8207706809043884,2,1421,
56,83700,d,0.5825110375881195,2,1424,
56,83700,e,0.5745419859886169,2,956,
56,83700,f,0.4985038638114929,2,954,
56,83700,g,0.8427517116069794,2,1409,
56,83700,h,0.45039476454257965,2,1226,
56,83700,i,0.4489533603191376,2,1229,
56,84000,a,0.8774082660675049,2,1235,
56,84000,b,0.6634523272514343,2,1435,
56,84000,c,0.8357196748256683,2,1426,
56,84000,d,0.9368094205856323,2,1429,
56,84000,e,0.8148193955421448,2,959,
56,84000,f,0.7071910202503204,2,957,
56,84000,g,0.6818556785583496,2,1414,
56,84000,h,0.4359520971775055,2,1230,
56,84000,i,0.46206046640872955,2,1233,
56,84300,a,0.870504230260849,2,1239,
56,84300,b,0.5473883748054504,2,1439,
56,84300,c,0.8607818186283112,2,1428,
56,84300,d,0.40869416296482086,2,1433,
56,84300,e,0.8005167841911316,2,962,
56,84300,f,0.7671997845172882,2,961,
56,84300,g,0.8662809133529663,2,1418,
56,84300,h,0.34484250843524933,2,1233,
56,84300,i,0.6885671615600586,2,1237,
56,84600,a,0.6950845420360565,2,1241,
56,84600,b,0.7933422029018402,2,1446,
56,84600,c,0.7345553040504456,2,1434,
56,84600,d,0.624511331319809,2,1438,
56,84600,e,0.6376994401216507,2,967,
56,84600,f,0.7155463695526123,2,966,
56,84600,g,0.8711497783660889,2,1424,
56,84600,h,0.6358586847782135,2,1235,
56,84600,i,0.5875141620635986,2,1239,
56,84900,a,0.7594630122184753,2,1246,
56,84900,b,0.7100101709365845,2,1450,
56,84900,c,0.7616512179374695,2,1439,
56,84900,d,0.619174063205719,2,1446,
56,84900,e,0.5844129323959351,2,970,
56,84900,f,0.6809538304805756,2,969,
56,84900,g,0.704666793346405,2,1431,
56,84900,h,0.4782574027776718,2,1239,
56,84900,i,0.5749241858720779,2,1243,
56,85200,a,0.654699981212616,2,1250,
56,85200,b,0.7782227694988251,2,1457,
56,85200,c,0.7454265356063843,2,1448,
56,85200,d,0.7191881835460663,2,1451,
56,85200,e,0.5663554668426514,2,974,
56,85200,f,0.5931318998336792,2,972,
56,85200,g,0.9579131603240967,2,1436,
56,85200,h,0.4590812623500824,2,1242,
56,85200,i,0.6686389446258545,2,1249,
56,85500,a,0.6085005104541779,2,1254,
56,85500,b,0.8642142117023468,2,1461,
56,85500,c,0.8524751365184784,2,1453,
56,85500,d,0.6793365180492401,2,1456,
56,85500,e,0.5929418504238129,2,977,
56,85500,f,0.73650923371315,2,975,
56,85500,g,0.6899688541889191,2,1441,
56,85500,h,0.5082479119300842,2,1248,
56,85500,i,0.6314437985420227,2,1252,
56,85800,a,0.7642274498939514,2,1260,
56,85800,b,1.0009481310844421,2,1464,
56,85800,c,0.8232874274253845,2,1457,
56,85800,d,0.8800691366195679,2,1459,
56,85800,e,0.5362718999385834,2,981,
56,85800,f,0.662455826997757,2,979,
56,85800,g,0.6646787226200104,2,1445,
56,85800,h,0.3492884933948517,2,1250,
56,85800,i,0.4788413941860199,2,1257,
56,86100,a,0.7881565988063812,2,1262,
56,86100,b,0.5995298326015472,2,1469,
56,86100,c,0.9604237675666809,2,1467,
56,86100,d,0.6327002644538879,2,1465,
56,86100,e,0.8601154685020447,2,984,
56,86100,f,0.9894895553588867,2,982,
56,86100,g,0.5746704638004303,2,1453,
56,86100,h,0.6349654197692871,2,1252,
56,86100,i,0.6550277769565582,2,1260,
56,86400,a,0.6638275682926178,2,1266,
56,86400,b,0.6310925483703613,2,1473,
56,86400,c,0.7742278575897217,2,1473,
56,86400,d,0.4533754289150238,2,1469,
56,86400,e,0.44872188568115234,2,986,
56,86400,f,0.7508144080638885,2,985,
56,86400,g,0.8338019251823425,2,1457,
56,86400,h,0.5162999778985977,2,1256,
56,86400,i,0.6517482697963715,2,1264,
83,0,a,1.8359460234642029,2,2,
83,0,b,1.8167940378189087,2,2,
83,0,c,1.8067539930343628,2,2,
83,0,d,1.8360312581062317,2,2,
83,0,e,1.8176721930503845,2,2,
83,0,f,1.8292340636253357,2,2,
83,0,g,1.8102306127548218,2,2,
83,0,h,1.7909566164016724,2,2,
83,0,i,1.8382118940353394,2,2,
83,300,a,1.7952207326889038,2,7,
83,300,b,1.8044342398643494,2,5,
83,300,c,1.7977561354637146,2,7,
83,300,d,1.7677656412124634,2,8,
83,300,e,1.7533254027366638,2,7,
83,300,f,1.7820613980293274,2,6,
83,300,g,1.7747263312339783,2,5,
83,300,h,1.7659492492675781,2,5,
83,300,i,1.7886572480201721,2,9,
83,600,a,1.7755407094955444,2,13,
83,600,b,1.7945175170898438,2,9,
83,600,c,1.7993913888931274,2,13,
83,600,d,1.7701731324195862,2,12,
83,600,e,1.7769874334335327,2,10,
83,600,f,1.8044113516807556,2,11,
83,600,g,1.8193009495735168,2,10,
83,600,h,1.7159984707832336,2,9,
83,600,i,1.7686783075332642,2,12,
83,900,a,1.7632351517677307,2,17,
83,900,b,1.8023601770401,2,13,
83,900,c,1.8109246492385864,2,15,
83,900,d,1.7413592338562012,2,16,
83,900,e,1.7886659502983093,2,13,
83,900,f,1.7819557189941406,2,16,
83,900,g,1.7856167554855347,2,12,
83,900,h,1.7579005360603333,2,11,
83,900,i,1.741856575012207,2,19,
83,1200,a,1.7611896991729736,2,19,
83,1200,b,1.767971694469452,2,17,
83,1200,c,1.7938283681869507,2,18,
83,1200,d,1.7495676279067993,2,18,
83,1200,e,1.743331789970398,2,17,
83,1200,f,1.7477744221687317,2,22,
83,1200,g,1.7743859887123108,2,16,
83,1200,h,1.8142017126083374,2,16,
83,1200,i,1.7406625747680664,2,25,
83,1500,a,1.7599838972091675,2,24,
83,1500,b,1.7818115949630737,2,23,
83,1500,c,1.7623234987258911,2,24,
83,1500,d,1.7552036046981812,2,21,
83,1500,e,1.7299568057060242,2,22,
83,1500,f,1.7525402903556824,2,28,
83,1500,g,1.7823922634124756,2,19,
83,1500,h,1.7132043838500977,2,18,
83,1500,i,1.7387688755989075,2,31,
83,1800,a,1.7196167707443237,2,28,
83,1800,b,1.773802101612091,2,28,
83,1800,c,1.7472169995307922,2,31,
83,1800,d,1.7378776669502258,2,26,
83,1800,e,1.7176433801651,2,29,
83,1800,f,1.7634698152542114,2,32,
83,1800,g,1.773036777973175,2,21,
83,1800,h,1.6853711009025574,2,20,
83,1800,i,1.6846610307693481,2,35,
83,2100,a,1.719478189945221,2,34,
83,2100,b,1.7911008596420288,2,34,
83,2100,c,1.7692038416862488,2,35,
83,2100,d,1.6931679844856262,2,29,
83,2100,e,1.7179664373397827,2,33,
83,2100,f,1.7547836303710938,2,39,
83,2100,g,1.7568622827529907,2,25,
83,2100,h,1.692760407924652,2,24,
83,2100,i,1.7011072635650635,2,41,
83,2400,a,1.6866130232810974,2,38,
83,2400,b,1.7750345468521118,2,38,
83,2400,c,1.8005412220954895,2,42,
83,2400,d,1.7523755431175232,2,36,
83,2400,e,1.6217670440673828,2,39,
83,2400,f,1.726436972618103,2,43,
83,2400,g,1.711034119129181,2,28,
83,2400,h,1.6922564506530762,2,27,
83,2400,i,1.706545352935791,2,43,
83,2700,a,1.6603155732154846,2,44,
83,2700,b,1.7752562761306763,2,43,
83,2700,c,1.775703489780426,2,48,
83,2700,d,1.6876646280288696,2,42,
83,2700,e,1.6895149946212769,2,45,
83,2700,f,1.7537704706192017,2,49,
83,2700,g,1.7442988753318787,2,33,
83,2700,h,1.7414970397949219,2,32,
83,2700,i,1.6492138504981995,2,48,
83,3000,a,1.6883668899536133,2,49,
83,3000,b,1.7550324201583862,2,48,
83,3000,c,1.7630283832550049,2,52,
83,3000,d,1.6650379300117493,2,46,
83,3000,e,1.6819514036178589,2,51,
83,3000,f,1.7107555270195007,2,53,
83,3000,g,1.7371148467063904,2,36,
83,3000,h,1.7233770489692688,2,35,
83,3000,i,1.6292991638183594,2,53,
83,3300,a,1.6518080830574036,2,56,
83,3300,b,1.763969600200653,2,54,
83,3300,c,1.755952537059784,2,57,
83,3300,d,1.6645116806030273,2,51,
83,3300,e,1.5988171100616455,2,56,
83,3300,f,1.6914212703704834,2,60,
83,3300,g,1.670827865600586,2,38,
83,3300,h,1.7058561444282532,2,37,
83,3300,i,1.632920265197754,2,58,
83,3600,a,1.6361874341964722,2,60,
83,3600,b,1.7171542644500732,2,60,
83,3600,c,1.7059025168418884,2,60,
83,3600,d,1.6560949087142944,2,55,
83,3600,e,1.646779179573059,2,61,
83,3600,f,1.6794325113296509,2,65,
83,3600,g,1.6698757410049438,2,40,
83,3600,h,1.6742225885391235,2,39,
83,3600,i,1.6862292289733887,2,62,
83,3900,a,1.5605620741844177,2,70,
83,3900,b,1.7544264793395996,2,65,
83,3900,c,1.7869044542312622,2,64,
83,3900,d,1.604846715927124,2,58,
83,3900,e,1.6146783828735352,2,64,
83,3900,f,1.6738617420196533,2,70,
83,3900,g,1.6781945824623108,2,42,
83,3900,h,1.6336605548858643,2,41,
83,3900,i,1.6072899103164673,2,70,
83,4200,a,1.5472254157066345,2,75,
83,4200,b,1.7287148833274841,2,70,
83,4200,c,1.7364433407783508,2,71,
83,4200,d,1.6314613223075867,2,64,
83,4200,e,1.6173598766326904,2,68,
83,4200,f,1.6553369164466858,2,73,
83,4200,g,1.690049946308136,2,46,
83,4200,h,1.6456655263900757,2,45,
83,4200,i,1.6187137961387634,2,76,
83,4500,a,1.5514320135116577,2,79,
83,4500,b,1.6835089921951294,2,75,
83,4500,c,1.7857863903045654,2,75,
83,4500,d,1.600522756576538,2,68,
83,4500,e,1.5763115882873535,2,75,
83,4500,f,1.649138331413269,2,80,
83,4500,g,1.6787766218185425,2,49,
83,4500,h,1.7380202412605286,2,48,
83,4500,i,1.4934707283973694,2,84,
83,4800,a,1.4857606887817383,2,87,
83,4800,b,1.7111547589302063,2,81,
83,4800,c,1.698449194431305,2,79,
83,4800,d,1.6015204787254333,2,74,
83,4800,e,1.650364875793457,2,81,
83,4800,f,1.6227650046348572,2,85,
83,4800,g,1.6720616221427917,2,54,
83,4800,h,1.6056893467903137,2,53,
83,4800,i,1.584229290485382,2,88,
83,5100,a,1.587371051311493,2,93,
83,5100,b,1.6876670718193054,2,85,
83,5100,c,1.7029668092727661,2,82,
83,5100,d,1.5708549618721008,2,80,
83,5100,e,1.5525097846984863,2,84,
83,5100,f,1.6334457993507385,2,88,
83,5100,g,1.637998878955841,2,57,
83,5100,h,1.6478119492530823,2,55,
83,5100,i,1.5558240413665771,2,92,
83,5400,a,1.5888440608978271,2,97,
83,5400,b,1.6892362833023071,2,88,
83,5400,c,1.7192612886428833,2,85,
83,5400,d,1.5371502041816711,2,85,
83,5400,e,1.568603515625,2,88,
83,5400,f,1.5458195805549622,2,93,
83,5400,g,1.6197617053985596,2,60,
83,5400,h,1.552280068397522,2,58,
83,5400,i,1.446217656135559,2,96,
83,5700,a,1.437043845653534,2,103,
83,5700,b,1.7224822640419006,2,93,
83,5700,c,1.682844638824463,2,88,
83,5700,d,1.5106950998306274,2,87,
83,5700,e,1.4787576794624329,2,90,
83,5700,f,1.6410986185073853,2,96,
83,5700,g,1.6032532453536987,2,63,
83,5700,h,1.6457361578941345,2,61,
83,5700,i,1.549328625202179,2,101,
83,6000,a,1.5636389255523682,2,109,
83,6000,b,1.6991873979568481,2,98,
83,6000,c,1.7028307914733887,2,92,
83,6000,d,1.5173701643943787,2,92,
83,6000,e,1.484937846660614,2,96,
83,6000,f,1.5952528715133667,2,99,
83,6000,g,1.6034890413284302,2,66,
83,6000,h,1.5762251019477844,2,63,
83,6000,i,1.4524306058883667,2,105,
83,6300,a,1.4447079300880432,2,114,
83,6300,b,1.676406741142273,2,101,
83,6300,c,1.63163161277771,2,98,
83,6300,d,1.4584153890609741,2,97,
83,6300,e,1.4594248533248901,2,100,
83,6300,f,1.5836960077285767,2,105,
83,6300,g,1.5309234857559204,2,69,
83,6300,h,1.5463356375694275,2,66,
83,6300,i,1.4720628261566162,2,111,
83,6600,a,1.5207964181900024,2,117,
83,6600,b,1.6699103713035583,2,107,
83,6600,c,1.6434757113456726,2,102,
83,6600,d,1.4600569605827332,2,101,
83,6600,e,1.4597779512405396,2,105,
83,6600,f,1.5183755159378052,2,111,
83,6600,g,1.6162498593330383,2,71,
83,6600,h,1.725475251674652,2,68,
83,6600,i,1.6664834022521973,2,114,
83,6900,a,1.404046654701233,2,121,
83,6900,b,1.6133115887641907,2,112,
83,6900,c,1.666003942489624,2,105,
83,6900,d,1.3983643054962158,2,105,
83,6900,e,1.459610641002655,2,110,
83,6900,f,1.5463717579841614,2,116,
83,6900,g,1.5618301033973694,2,73,
83,6900,h,1.527730405330658,2,70,
83,6900,i,1.343490481376648,2,121,
83,7200,a,1.515597939491272,2,125,
83,7200,b,1.6378636956214905,2,117,
83,7200,c,1.654922366142273,2,111,
83,7200,d,1.4776599407196045,2,112,
83,7200,e,1.4229740500450134,2,115,
83,7200,f,1.543452799320221,2,120,
83,7200,g,1.593005895614624,2,77,
83,7200,h,1.4972864985466003,2,74,
83,7200,i,1.3976824283599854,2,126,
83,7500,a,1.2931095957756042,2,129,
83,7500,b,1.6659966707229614,2,123,
83,7500,c,1.6483949422836304,2,116,
83,7500,d,1.3808691501617432,2,118,
83,7500,e,1.501226544380188,2,120,
83,7500,f,1.4681029319763184,2,122,
83,7500,g,1.4076464772224426,2,81,
83,7500,h,1.512010097503662,2,77,
83,7500,i,1.4884445071220398,2,130,
83,7800,a,1.4675090312957764,2,136,
83,7800,b,1.585333228111267,2,131,
83,7800,c,1.6373183727264404,2,121,
83,7800,d,1.3801615238189697,2,121,
83,7800,e,1.3948304653167725,2,126,
83,7800,f,1.6352437138557434,2,130,
83,7800,g,1.5317060351371765,2,84,
83,7800,h,1.617962121963501,2,80,
83,7800,i,1.3785980343818665,2,136,
83,8100,a,1.2999014854431152,2,142,
83,8100,b,1.5830662250518799,2,136,
83,8100,c,1.6166512966156006,2,123,
83,8100,d,1.4633166790008545,2,128,
83,8100,e,1.3720281720161438,2,132,
83,8100,f,1.4930329322814941,2,135,
83,8100,g,1.6295982003211975,2,86,
83,8100,h,1.6352923512458801,2,82,
83,8100,i,1.5022847652435303,2,141,
83,8400,a,1.4913981556892395,2,148,
83,8400,b,1.626085877418518,2,141,
83,8400,c,1.5617482662200928,2,128,
83,8400,d,1.3611001372337341,2,134,
83,8400,e,1.4008792638778687,2,139,
83,8400,f,1.5079038739204407,2,140,
83,8400,g,1.5609405040740967,2,89,
83,8400,h,1.7149387001991272,2,85,
83,8400,i,1.3691739439964294,2,147,
83,8700,a,1.2694736123085022,2,156,
83,8700,b,1.636301040649414,2,145,
83,8700,c,1.604527771472931,2,135,
83,8700,d,1.2861870527267456,2,138,
83,8700,e,1.4269163608551025,2,146,
83,8700,f,1.489501953125,2,144,
83,8700,g,1.4636061787605286,2,92,
83,8700,h,1.5554530024528503,2,87,
83,8700,i,1.4379010200500488,2,153,
83,9000,a,1.3351376056671143,2,160,
83,9000,b,1.5971033573150635,2,148,
83,9000,c,1.5427576899528503,2,138,
83,9000,d,1.4543405771255493,2,141,
83,9000,e,1.3587222695350647,2,148,
83,9000,f,1.4740143418312073,2,148,
83,9000,g,1.507862150669098,2,95,
83,9000,h,1.5603854656219482,2,89,
83,9000,i,1.4464280605316162,2,157,
83,9300,a,1.4515019655227661,2,162,
83,9300,b,1.5500562191009521,2,153,
83,9300,c,1.60087651014328,2,141,
83,9300,d,1.3778384327888489,2,144,
83,9300,e,1.5056436657905579,2,151,
83,9300,f,1.3879093527793884,2,153,
83,9300,g,1.510258138179779,2,98,
83,9300,h,1.5764416456222534,2,92,
83,9300,i,1.424718976020813,2,160,
83,9600,a,1.3266932368278503,2,165,
83,9600,b,1.5923303365707397,2,159,
83,9600,c,1.5313972234725952,2,145,
83,9600,d,1.378947138786316,2,147,
83,9600,e,1.3959512114524841,2,155,
83,9600,f,1.4580417275428772,2,156,
83,9600,g,1.6675602197647095,2,102,
83,9600,h,1.5265664458274841,2,98,
83,9600,i,1.3329054117202759,2,167,
83,9900,a,1.3283297419548035,2,171,
83,9900,b,1.6798863410949707,2,164,
83,9900,c,1.5269345045089722,2,147,
83,9900,d,1.4445618987083435,2,151,
83,9900,e,1.4464783668518066,2,160,
83,9900,f,1.4656248092651367,2,161,
83,9900,g,1.4982215762138367,2,107,
83,9900,h,1.5602301955223083,2,101,
83,9900,i,1.352603256702423,2,171,
83,10200,a,1.3618717789649963,2,177,
83,10200,b,1.5825249552726746,2,169,
83,10200,c,1.6682047843933105,2,154,
83,10200,d,1.2743130326271057,2,157,
83,10200,e,1.3899701833724976,2,164,
83,10200,f,1.3821764588356018,2,165,
83,10200,g,1.3854207396507263,2,110,
83,10200,h,1.5089082717895508,2,104,
83,10200,i,1.4304442405700684,2,175,
83,10500,a,1.3412412405014038,2,181,
83,10500,b,1.6559491157531738,2,173,
83,10500,c,1.4720325469970703,2,161,
83,10500,d,1.3998723030090332,2,160,
83,10500,e,1.4868100881576538,2,170,
83,10500,f,1.478973925113678,2,172,
83,10500,g,1.5115706324577332,2,112,
83,10500,h,1.4667965173721313,2,106,
83,10500,i,1.4461615681648254,2,181,
83,10800,a,1.335311770439148,2,186,
83,10800,b,1.580456256866455,2,178,
83,10800,c,1.6667697429656982,2,166,
83,10800,d,1.2979673147201538,2,164,
83,10800,e,1.3506170511245728,2,174,
83,10800,f,1.4291608333587646,2,177,
83,10800,g,1.439074456691742,2,115,
83,10800,h,1.433154582977295,2,108,
83,10800,i,1.283382534980774,2,189,
83,11100,a,1.342621922492981,2,190,
83,11100,b,1.4949628114700317,2,183,
83,11100,c,1.6630514860153198,2,172,
83,11100,d,1.3867153525352478,2,169,
83,11100,e,1.343860924243927,2,179,
83,11100,f,1.4358762502670288,2,180,
83,11100,g,1.5055562853813171,2,118,
83,11100,h,1.4716731309890747,2,110,
83,11100,i,1.2891640067100525,2,195,
83,11400,a,1.3707771301269531,2,196,
83,11400,b,1.5406919717788696,2,187,
83,11400,c,1.5375774502754211,2,178,
83,11400,d,1.22775399684906,2,176,
83,11400,e,1.3273242712020874,2,182,
83,11400,f,1.4324098229408264,2,188,
83,11400,g,1.4155064821243286,2,121,
83,11400,h,1.5271769762039185,2,112,
83,11400,i,1.2139183282852173,2,202,
83,11700,a,1.243930459022522,2,201,
83,11700,b,1.4811367988586426,2,192,
83,11700,c,1.6162264943122864,2,181,
83,11700,d,1.3314252495765686,2,182,
83,11700,e,1.3570964932441711,2,189,
83,11700,f,1.5324925184249878,2,192,
83,11700,g,1.507371723651886,2,123,
83,11700,h,1.5417470932006836,2,116,
83,11700,i,1.250783383846283,2,206,
83,12000,a,1.3020185232162476,2,207,
83,12000,b,1.6333833932876587,2,197,
83,12000,c,1.5919210314750671,2,186,
83,12000,d,1.2924309372901917,2,187,
83,12000,e,1.2382397651672363,2,191,
83,12000,f,1.4183522462844849,2,199,
83,12000,g,1.4896167516708374,2,126,
83,12000,h,1.4819573163986206,2,119,
83,12000,i,1.2636649012565613,2,212,
83,12300,a,1.2603975534439087,2,213,
83,12300,b,1.5413549542427063,2,202,
83,12300,c,1.5136771202087402,2,189,
83,12300,d,1.3289177417755127,2,191,
83,12300,e,1.1807760000228882,2,197,
83,12300,f,1.3993878960609436,2,203,
83,12300,g,1.3650534749031067,2,130,
83,12300,h,1.4582708477973938,2,124,
83,12300,i,1.3595010638237,2,217,
83,12600,a,1.2716394066810608,2,219,
83,12600,b,1.5048546195030212,2,205,
83,12600,c,1.4464025497436523,2,194,
83,12600,d,1.320336937904358,2,196,
83,12600,e,1.3854641914367676,2,200,
83,12600,f,1.3961645364761353,2,208,
83,12600,g,1.4042459726333618,2,133,
83,12600,h,1.347144067287445,2,127,
83,12600,i,1.2845561504364014,2,220,
83,12900,a,1.2722380757331848,2,225,
83,12900,b,1.5422430038452148,2,210,
83,12900,c,1.472016453742981,2,196,
83,12900,d,1.2524735927581787,2,201,
83,12900,e,1.4884609580039978,2,204,
83,12900,f,1.4752745032310486,2,211,
83,12900,g,1.5221839547157288,2,135,
83,12900,h,1.4815785884857178,2,129,
83,12900,i,1.194023847579956,2,224,
83,13200,a,1.4330644607543945,2,229,
83,13200,b,1.5053110718727112,2,216,
83,13200,c,1.3951119780540466,2,199,
83,13200,d,1.2870550751686096,2,204,
83,13200,e,1.3439509868621826,2,208,
83,13200,f,1.642720878124237,2,217,
83,13200,g,1.377256155014038,2,138,
83,13200,h,1.4550002813339233,2,131,
83,13200,i,1.2758593559265137,2,229,
83,13500,a,1.2428061962127686,2,233,
83,13500,b,1.54196435213089,2,219,
83,13500,c,1.5406036972999573,2,202,
83,13500,d,1.3112487196922302,2,209,
83,13500,e,1.387011706829071,2,212,
83,13500,f,1.4905292391777039,2,222,
83,13500,g,1.3982391357421875,2,144,
83,13500,h,1.388698160648346,2,136,
83,13500,i,1.2412737607955933,2,231,
83,13800,a,1.2667012810707092,2,239,
83,13800,b,1.4634100198745728,2,225,
83,13800,c,1.5557161569595337,2,205,
83,13800,d,1.2970647811889648,2,211,
83,13800,e,1.3748536109924316,2,215,
83,13800,f,1.1781216263771057,2,227,
83,13800,g,1.3893189430236816,2,148,
83,13800,h,1.3622530102729797,2,141,
83,13800,i,1.1573898792266846,2,234,
83,14100,a,1.1991458535194397,2,243,
83,14100,b,1.4118772745132446,2,228,
83,14100,c,1.4826803803443909,2,211,
83,14100,d,1.4049468040466309,2,215,
83,14100,e,1.5094585418701172,2,218,
83,14100,f,1.462144374847412,2,231,
83,14100,g,1.3069288730621338,2,151,
83,14100,h,1.500811755657196,2,145,
83,14100,i,1.2293291687965393,2,237,
83,14400,a,1.2694478631019592,2,248,
83,14400,b,1.4843074083328247,2,231,
83,14400,c,1.4589793682098389,2,215,
83,14400,d,1.2862451076507568,2,222,
83,14400,e,1.2674009203910828,2,223,
83,14400,f,1.2612788677215576,2,233,
83,14400,g,1.3796684741973877,2,154,
83,14400,h,1.5024172067642212,2,148,
83,14400,i,1.3838548064231873,2,243,
83,14700,a,1.2429576516151428,2,252,
83,14700,b,1.5138115882873535,2,239,
83,14700,c,1.5012816190719604,2,220,
83,14700,d,1.3681097030639648,2,224,
83,14700,e,1.4091916680335999,2,228,
83,14700,f,1.3233699798583984,2,238,
83,14700,g,1.3751125931739807,2,158,
83,14700,h,1.3274235725402832,2,150,
83,14700,i,1.2486323118209839,2,248,
83,15000,a,1.2072153091430664,2,259,
83,15000,b,1.3908163905143738,2,246,
83,15000,c,1.587846040725708,2,224,
83,15000,d,1.2924649715423584,2,227,
83,15000,e,1.3103294372558594,2,232,
83,15000,f,1.4977986812591553,2,244,
83,15000,g,1.3828577995300293,2,162,
83,15000,h,1.3916282653808594,2,154,
83,15000,i,1.2849020957946777,2,253,
83,15300,a,1.2505348920822144,2,262,
83,15300,b,1.4737842082977295,2,250,
83,15300,c,1.5517665147781372,2,229,
83,15300,d,1.3253175616264343,2,234,
83,15300,e,1.3138982653617859,2,236,
83,15300,f,1.4048665761947632,2,249,
83,15300,g,1.3275989890098572,2,168,
83,15300,h,1.474459171295166,2,159,
83,15300,i,1.3239065408706665,2,258,
83,15600,a,1.194542944431305,2,269,
83,15600,b,1.3706064224243164,2,254,
83,15600,c,1.4593027234077454,2,232,
83,15600,d,1.20876145362854,2,236,
83,15600,e,1.120546579360962,2,239,
83,15600,f,1.5464868545532227,2,255,
83,15600,g,1.4449783563613892,2,172,
83,15600,h,1.4040948152542114,2,162,
83,15600,i,1.1725894212722778,2,261,
83,15900,a,1.1493012309074402,2,274,
83,15900,b,1.611959457397461,2,260,
83,15900,c,1.4887565970420837,2,235,
83,15900,d,1.316329836845398,2,238,
83,15900,e,1.3333867192268372,2,243,
83,15900,f,1.4224393367767334,2,260,
83,15900,g,1.3226737976074219,2,176,
83,15900,h,1.459742248058319,2,165,
83,15900,i,1.259459137916565,2,267,
83,16200,a,1.2588300704956055,2,278,
83,16200,b,1.5855531096458435,2,263,
83,16200,c,1.6015981435775757,2,242,
83,16200,d,1.2171143293380737,2,246,
83,16200,e,1.391347885131836,2,250,
83,16200,f,1.3495159149169922,2,267,
83,16200,g,1.3162262439727783,2,184,
83,16200,h,1.2651844024658203,2,171,
83,16200,i,1.3263110518455505,2,273,
83,16500,a,1.2016936540603638,2,282,
83,16500,b,1.472863793373108,2,266,
83,16500,c,1.4002323746681213,2,248,
83,16500,d,1.2340757250785828,2,251,
83,16500,e,1.1912917494773865,2,258,
83,16500,f,1.3826277256011963,2,272,
83,16500,g,1.4017690420150757,2,187,
83,16500,h,1.2210527062416077,2,174,
83,16500,i,1.2391120195388794,2,276,
83,16800,a,1.1462724804878235,2,289,
83,16800,b,1.4296423196792603,2,272,
83,16800,c,1.4857810735702515,2,252,
83,16800,d,1.181353211402893,2,256,
83,16800,e,1.2119216322898865,2,263,
83,16800,f,1.3535740375518799,2,277,
83,16800,g,1.3088096380233765,2,189,
83,16800,h,1.2521682381629944,2,176,
83,16800,i,1.4121129512786865,2,281,
83,17100,a,1.3898025751113892,2,295,
83,17100,b,1.3584775924682617,2,278,
83,17100,c,1.432739496231079,2,256,
83,17100,d,1.1872999668121338,2,260,
83,17100,e,1.0945708751678467,2,266,
83,17100,f,1.4358566403388977,2,284,
83,17100,g,1.260475218296051,2,192,
83,17100,h,1.2419692277908325,2,178,
83,17100,i,1.1806795001029968,2,289,
83,17400,a,1.315580129623413,2,304,
83,17400,b,1.5233070850372314,2,284,
83,17400,c,1.4795674085617065,2,262,
83,17400,d,1.2164005637168884,2,265,
83,17400,e,1.175338625907898,2,270,
83,17400,f,1.3839560747146606,2,294,
83,17400,g,1.4632163643836975,2,194,
83,17400,h,1.3115223050117493,2,180,
83,17400,i,1.4897124767303467,2,294,
83,17700,a,1.1277660727500916,2,311,
83,17700,b,1.5725135207176208,2,291,
83,17700,c,1.470626950263977,2,264,
83,17700,d,1.1608410477638245,2,271,
83,17700,e,1.1576154232025146,2,274,
83,17700,f,1.3829671740531921,2,300,
83,17700,g,1.41958087682724,2,198,
83,17700,h,1.2201235890388489,2,184,
83,17700,i,1.241900086402893,2,298,
83,18000,a,1.1455115675926208,2,315,
83,18000,b,1.538441240787506,2,296,
83,18000,c,1.3543248772621155,2,269,
83,18000,d,1.2260857224464417,2,274,
83,18000,e,1.4044888615608215,2,277,
83,18000,f,1.2915958166122437,2,303,
83,18000,g,1.3905779719352722,2,203,
83,18000,h,1.2925162315368652,2,189,
83,18000,i,1.155520498752594,2,301,
83,18300,a,1.2705150246620178,2,321,
83,18300,b,1.4658281207084656,2,300,
83,18300,c,1.4169901013374329,2,272,
83,18300,d,1.2837213277816772,2,277,
83,18300,e,1.1489409804344177,2,280,
83,18300,f,1.320556104183197,2,308,
83,18300,g,1.3687913417816162,2,206,
83,18300,h,1.3003000020980835,2,191,
83,18300,i,1.1857469081878662,2,304,
83,18600,a,1.3734148740768433,2,324,
83,18600,b,1.4526550769805908,2,304,
83,18600,c,1.5732905268669128,2,276,
83,18600,d,1.372496247291565,2,285,
83,18600,e,1.250112771987915,2,286,
83,18600,f,1.5227247476577759,2,314,
83,18600,g,1.3219267129898071,2,209,
83,18600,h,1.239932894706726,2,194,
83,18600,i,1.2208088636398315,2,309,
83,18900,a,1.148530662059784,2,330,
83,18900,b,1.3706423044204712,2,310,
83,18900,c,1.2856041193008423,2,279,
83,18900,d,1.1143800616264343,2,291,
83,18900,e,1.228801667690277,2,290,
83,18900,f,1.3249130845069885,2,320,
83,18900,g,1.300238013267517,2,213,
83,18900,h,1.4149198532104492,2,198,
83,18900,i,1.3097878694534302,2,314,
83,19200,a,1.177478551864624,2,335,
83,19200,b,1.45071280002594,2,314,
83,19200,c,1.3052810430526733,2,283,
83,19200,d,1.177340805530548,2,297,
83,19200,e,1.3035512566566467,2,294,
83,19200,f,1.394222378730774,2,329,
83,19200,g,1.3320583701133728,2,217,
83,19200,h,1.3364331126213074,2,203,
83,19200,i,1.2004864811897278,2,319,
83,19500,a,1.512726366519928,2,343,
83,19500,b,1.4094414710998535,2,321,
83,19500,c,1.3079581260681152,2,289,
83,19500,d,1.250216007232666,2,302,
83,19500,e,1.1469711065292358,2,300,
83,19500,f,1.2959789633750916,2,334,
83,19500,g,1.3959412574768066,2,220,
83,19500,h,1.2196105122566223,2,207,
83,19500,i,1.104597806930542,2,327,
83,19800,a,1.3880504965782166,2,347,
83,19800,b,1.476374864578247,2,327,
83,19800,c,1.3206071853637695,2,293,
83,19800,d,1.1995900869369507,2,306,
83,19800,e,1.184190034866333,2,304,
83,19800,f,1.3819092512130737,2,338,
83,19800,g,1.4047462940216064,2,222,
83,19800,h,1.4009355902671814,2,209,
83,19800,i,1.2620496153831482,2,330,
83,20100,a,1.0522353649139404,2,351,
83,20100,b,1.363895833492279,2,332,
83,20100,c,1.3979218006134033,2,298,
83,20100,d,1.3048486709594727,2,312,
83,20100,e,1.0613470673561096,2,308,
83,20100,f,1.3743758797645569,2,341,
83,20100,g,1.3278911113739014,2,224,
83,20100,h,1.4015926718711853,2,212,
83,20100,i,1.231422781944275,2,333,
83,20400,a,1.090348243713379,2,358,
83,20400,b,1.4161708354949951,2,337,
83,20400,c,1.4102082252502441,2,302,
83,20400,d,1.1711768507957458,2,316,
83,20400,e,1.558181881904602,2,312,
83,20400,f,1.2418668270111084,2,343,
83,20400,g,1.2189505100250244,2,226,
83,20400,h,1.2606142163276672,2,215,
83,20400,i,1.1897491812705994,2,340,
83,20700,a,1.0978469848632812,2,362,
83,20700,b,1.3527384996414185,2,343,
83,20700,c,1.430424153804779,2,305,
83,20700,d,1.3302909135818481,2,320,
83,20700,e,1.276638388633728,2,316,
83,20700,f,1.2720279097557068,2,352,
83,20700,g,1.4887340664863586,2,230,
83,20700,h,1.2460502982139587,2,219,
83,20700,i,1.237870693206787,2,347,
83,21000,a,1.2082003951072693,2,367,
83,21000,b,1.35658860206604,2,348,
83,21000,c,1.433371901512146,2,307,
83,21000,d,1.454407513141632,2,322,
83,21000,e,1.2507887482643127,2,318,
83,21000,f,1.2470011711120605,2,358,
83,21000,g,1.2060490846633911,2,233,
83,21000,h,1.2000013589859009,2,222,
83,21000,i,1.3136106729507446,2,353,
83,21300,a,1.1905049085617065,2,373,
83,21300,b,1.397926151752472,2,354,
83,21300,c,1.3663817644119263,2,312,
83,21300,d,1.165448248386383,2,327,
83,21300,e,1.1136814951896667,2,322,
83,21300,f,1.34047532081604,2,365,
83,21300,g,1.310248613357544,2,235,
83,21300,h,1.2317442893981934,2,224,
83,21300,i,1.2172561883926392,2,359,
83,21600,a,1.2661784887313843,2,377,
83,21600,b,1.4964907765388489,2,359,
83,21600,c,1.3328585028648376,2,318,
83,21600,d,1.2550391554832458,2,331,
83,21600,e,1.1402175426483154,2,326,
83,21600,f,1.3469064831733704,2,370,
83,21600,g,1.2829868793487549,2,237,
83,21600,h,1.2816100716590881,2,227,
83,21600,i,1.183575689792633,2,367,
83,21900,a,1.4125992059707642,2,381,
83,21900,b,1.5443453192710876,2,365,
83,21900,c,1.3816951513290405,2,324,
83,21900,d,1.240380585193634,2,337,
83,21900,e,1.3681268095970154,2,331,
83,21900,f,1.235318899154663,2,378,
83,21900,g,1.2782697081565857,2,239,
83,21900,h,1.2523570656776428,2,229,
83,21900,i,1.2176542282104492,2,371,
83,22200,a,1.1211614608764648,2,385,
83,22200,b,1.197454810142517,2,368,
83,22200,c,1.260799527168274,2,328,
83,22200,d,1.2873463034629822,2,341,
83,22200,e,1.0120180249214172,2,337,
83,22200,f,1.3193634152412415,2,382,
83,22200,g,1.2704105377197266,2,241,
83,22200,h,1.206011950969696,2,231,
83,22200,i,1.2329456210136414,2,374,
83,22500,a,1.0939041376113892,2,390,
83,22500,b,1.4400458335876465,2,372,
83,22500,c,1.345507800579071,2,330,
83,22500,d,1.1018590927124023,2,344,
83,22500,e,1.2373663187026978,2,341,
83,22500,f,1.285806953907013,2,387,
83,22500,g,1.4619948863983154,2,244,
83,22500,h,1.2335083484649658,2,234,
83,22500,i,1.1685147285461426,2,379,
83,22800,a,1.2868016958236694,2,393,
83,22800,b,1.3135253190994263,2,376,
83,22800,c,1.3685654401779175,2,332,
83,22800,d,1.2243484258651733,2,348,
83,22800,e,1.0982176065444946,2,345,
83,22800,f,1.286095917224884,2,391,
83,22800,g,1.399080514907837,2,249,
83,22800,h,1.3015685081481934,2,238,
83,22800,i,1.1477006077766418,2,385,
83,23100,a,1.2825519442558289,2,401,
83,23100,b,1.365489661693573,2,381,
83,23100,c,1.328610897064209,2,336,
83,23100,d,1.2268000841140747,2,351,
83,23100,e,1.2582926750183105,2,349,
83,23100,f,1.1975478529930115,2,395,
83,23100,g,1.350138008594513,2,252,
83,23100,h,1.329080045223236,2,242,
83,23100,i,1.2644764184951782,2,391,
83,23400,a,1.0427744686603546,2,406,
83,23400,b,1.1575579047203064,2,387,
83,23400,c,1.3469975590705872,2,343,
83,23400,d,1.3025959134101868,2,354,
83,23400,e,1.1389057636260986,2,357,
83,23400,f,1.2390862107276917,2,401,
83,23400,g,1.2380558848381042,2,255,
83,23400,h,1.1912561058998108,2,245,
83,23400,i,1.0829124450683594,2,395,
83,23700,a,1.5054753422737122,2,414,
83,23700,b,1.3545054197311401,2,391,
83,23700,c,1.2416155934333801,2,346,
83,23700,d,1.2138012051582336,2,360,
83,23700,e,1.1543625593185425,2,363,
83,23700,f,1.2594818472862244,2,408,
83,23700,g,1.2811076641082764,2,258,
83,23700,h,1.2739209532737732,2,249,
83,23700,i,1.0788788199424744,2,399,
83,24000,a,1.089114010334015,2,420,
83,24000,b,1.477781891822815,2,393,
83,24000,c,1.3743169903755188,2,352,
83,24000,d,1.2129488587379456,2,363,
83,24000,e,1.2423086762428284,2,367,
83,24000,f,1.1396180987358093,2,413,
83,24000,g,1.194204032421112,2,260,
83,24000,h,1.143635094165802,2,252,
83,24000,i,1.1971131563186646,2,404,
83,24300,a,1.05073881149292,2,425,
83,24300,b,1.358338475227356,2,402,
83,24300,c,1.2838068008422852,2,356,
83,24300,d,1.2348071336746216,2,368,
83,24300,e,1.0346340537071228,2,371,
83,24300,f,1.2361356019973755,2,418,
83,24300,g,1.1745081543922424,2,263,
83,24300,h,1.1322455406188965,2,255,
83,24300,i,1.2489869594573975,2,410,
83,24600,a,1.0481019020080566,2,429,
83,24600,b,1.1459447145462036,2,407,
83,24600,c,1.3366806507110596,2,359,
83,24600,d,1.1263130903244019,2,374,
83,24600,e,1.306296944618225,2,376,
83,24600,f,1.229300856590271,2,423,
83,24600,g,1.364877462387085,2,267,
83,24600,h,1.2752606868743896,2,257,
83,24600,i,1.1514528393745422,2,414,
83,24900,a,1.0904929041862488,2,434,
83,24900,b,1.538628101348877,2,411,
83,24900,c,1.3717604279518127,2,363,
83,24900,d,1.092702031135559,2,379,
83,24900,e,1.218456745147705,2,380,
83,24900,f,1.19041508436203,2,429,
83,24900,g,1.2632806897163391,2,270,
83,24900,h,1.191989779472351,2,259,
83,24900,i,1.1851596236228943,2,421,
83,25200,a,1.220512866973877,2,438,
83,25200,b,1.173425555229187,2,417,
83,25200,c,1.330046534538269,2,368,
83,25200,d,1.071939766407013,2,382,
83,25200,e,1.3630490899085999,2,386,
83,25200,f,1.2174529433250427,2,432,
83,25200,g,1.20204496383667,2,272,
83,25200,h,1.1323795318603516,2,262,
83,25200,i,1.1721839904785156,2,424,
83,25500,a,1.1360670924186707,2,443,
83,25500,b,1.3672391176223755,2,421,
83,25500,c,1.2203264236450195,2,376,
83,25500,d,1.1565402746200562,2,387,
83,25500,e,1.2849088311195374,2,391,
83,25500,f,1.182010293006897,2,438,
83,25500,g,1.2955070734024048,2,276,
83,25500,h,1.252036988735199,2,265,
83,25500,i,1.2412253022193909,2,431,
83,25800,a,1.1070829629898071,2,448,
83,25800,b,1.5476053953170776,2,428,
83,25800,c,1.5020108819007874,2,379,
83,25800,d,1.1609676480293274,2,390,
83,25800,e,1.119154930114746,2,393,
83,25800,f,1.3643422722816467,2,440,
83,25800,g,1.328458309173584,2,280,
83,25800,h,1.102843463420868,2,269,
83,25800,i,1.101713091135025,2,437,
83,26100,a,1.2781587839126587,2,455,
83,26100,b,1.3262160420417786,2,432,
83,26100,c,1.1980337500572205,2,383,
83,26100,d,1.1326040923595428,2,399,
83,26100,e,1.3001899123191833,2,400,
83,26100,f,1.3748538494110107,2,445,
83,26100,g,1.1847679018974304,2,282,
83,26100,h,1.3289353847503662,2,271,
83,26100,i,1.0772958993911743,2,444,
83,26400,a,1.0873123407363892,2,460,
83,26400,b,1.2222771644592285,2,435,
83,26400,c,1.2029167413711548,2,386,
83,26400,d,1.0519136786460876,2,402,
83,26400,e,1.0032420754432678,2,404,
83,26400,f,1.218496024608612,2,449,
83,26400,g,1.2136433720588684,2,286,
83,26400,h,1.2049970626831055,2,276,
83,26400,i,1.1930862665176392,2,447,
83,26700,a,1.1138725876808167,2,463,
83,26700,b,1.2289403080940247,2,439,
83,26700,c,1.4717535972595215,2,388,
83,26700,d,1.1131610870361328,2,405,
83,26700,e,0.9594215750694275,2,407,
83,26700,f,1.2119178771972656,2,453,
83,26700,g,1.2193852663040161,2,289,
83,26700,h,1.0779701471328735,2,279,
83,26700,i,1.2050026655197144,2,450,
83,27000,a,1.1167480945587158,2,469,
83,27000,b,1.253922164440155,2,443,
83,27000,c,1.5281416177749634,2,393,
83,27000,d,1.1754344701766968,2,409,
83,27000,e,0.9527325332164764,2,411,
83,27000,f,1.2592512965202332,2,458,
83,27000,g,1.3239542245864868,2,293,
83,27000,h,1.3429625034332275,2,283,
83,27000,i,1.0907114148139954,2,454,
83,27300,a,1.2117161750793457,2,475,
83,27300,b,1.5254048109054565,2,447,
83,27300,c,1.2978554964065552,2,397,
83,27300,d,1.1502098441123962,2,414,
83,27300,e,0.9247633218765259,2,417,
83,27300,f,1.394399344921112,2,464,
83,27300,g,1.2230023741722107,2,295,
83,27300,h,1.0524973273277283,2,285,
83,27300,i,1.1005001068115234,2,463,
83,27600,a,0.9768048822879791,2,479,
83,27600,b,1.2424014806747437,2,453,
83,27600,c,1.3072415590286255,2,400,
83,27600,d,1.270364224910736,2,417,
83,27600,e,1.0067279934883118,2,420,
83,27600,f,1.1871002912521362,2,470,
83,27600,g,1.2737927436828613,2,297,
83,27600,h,1.3025575280189514,2,287,
83,27600,i,1.112182378768921,2,466,
83,27900,a,1.186966896057129,2,487,
83,27900,b,1.2371070981025696,2,458,
83,27900,c,1.295135259628296,2,404,
83,27900,d,1.2335209250450134,2,421,
83,27900,e,1.078286051750183,2,423,
83,27900,f,1.047898292541504,2,477,
83,27900,g,1.164775788784027,2,300,
83,27900,h,1.094931960105896,2,290,
83,27900,i,1.1439494490623474,2,471,
83,28200,a,1.0389332175254822,2,491,
83,28200,b,1.3601462841033936,2,462,
83,28200,c,1.2922690510749817,2,411,
83,28200,d,1.0498685240745544,2,427,
83,28200,e,1.0425629913806915,2,428,
83,28200,f,1.371612310409546,2,483,
83,28200,g,1.1391000151634216,2,302,
83,28200,h,1.1021910905838013,2,293,
83,28200,i,1.2805895805358887,2,477,
83,28500,a,1.0570682287216187,2,496,
83,28500,b,1.1959534883499146,2,465,
83,28500,c,1.331582248210907,2,416,
83,28500,d,1.1352052092552185,2,430,
83,28500,e,0.935375988483429,2,432,
83,28500,f,1.1550061106681824,2,487,
83,28500,g,1.2328073382377625,2,305,
83,28500,h,1.1276012659072876,2,296,
83,28500,i,1.4396926164627075,2,483,
83,28800,a,1.1622925400733948,2,501,
83,28800,b,1.2026582956314087,2,470,
83,28800,c,1.2769004702568054,2,421,
83,28800,d,1.35737943649292,2,435,
83,28800,e,1.3210683465003967,2,434,
83,28800,f,1.3160157203674316,2,492,
83,28800,g,1.3783817291259766,2,307,
83,28800,h,1.32195383310318,2,298,
83,28800,i,1.0176585912704468,2,490,
83,29100,a,1.064429372549057,2,505,
83,29100,b,1.2480902671813965,2,474,
83,29100,c,1.153315782546997,2,426,
83,29100,d,1.0094808638095856,2,438,
83,29100,e,1.040631651878357,2,438,
83,29100,f,1.16774183511734,2,499,
83,29100,g,1.2866291403770447,2,310,
83,29100,h,1.0802830457687378,2,301,
83,29100,i,1.1248563528060913,2,496,
83,29400,a,0.9832504987716675,2,510,
83,29400,b,1.112189769744873,2,478,
83,29400,c,1.3290926218032837,2,429,
83,29400,d,1.0540773272514343,2,444,
83,29400,e,0.8221957683563232,2,444,
83,29400,f,1.1439607739448547,2,505,
83,29400,g,1.3226343393325806,2,314,
83,29400,h,1.197772741317749,2,305,
83,29400,i,0.9580729603767395,2,501,
83,29700,a,1.0258174538612366,2,515,
83,29700,b,1.2987436652183533,2,483,
83,29700,c,1.344166874885559,2,432,
83,29700,d,1.119129717350006,2,448,
83,29700,e,1.123412013053894,2,448,
83,29700,f,1.1955838203430176,2,509,
83,29700,g,1.3026127219200134,2,318,
83,29700,h,1.3426256775856018,2,309,
83,29700,i,0.9268957078456879,2,508,
83,30000,a,1.178928554058075,2,522,
83,30000,b,1.235866904258728,2,489,
83,30000,c,1.2170953750610352,2,439,
83,30000,d,1.1771939992904663,2,453,
83,30000,e,1.0995621085166931,2,453,
83,30000,f,1.0367159247398376,2,516,
83,30000,g,1.1683977246284485,2,321,
83,30000,h,1.1719532012939453,2,313,
83,30000,i,1.0920080542564392,2,516,
83,30300,a,1.3237192034721375,2,528,
83,30300,b,1.2121596932411194,2,494,
83,30300,c,1.4163758158683777,2,444,
83,30300,d,1.128942996263504,2,459,
83,30300,e,0.9097139239311218,2,459,
83,30300,f,1.3217568397521973,2,522,
83,30300,g,1.0520939230918884,2,323,
83,30300,h,1.203243374824524,2,315,
83,30300,i,0.9176042675971985,2,520,
83,30600,a,1.078628659248352,2,535,
83,30600,b,1.2718148231506348,2,500,
83,30600,c,1.1926745176315308,2,450,
83,30600,d,1.0740900039672852,2,464,
83,30600,e,1.154936969280243,2,465,
83,30600,f,1.0443056523799896,2,528,
83,30600,g,1.305052638053894,2,327,
83,30600,h,1.1301215887069702,2,320,
83,30600,i,1.045266330242157,2,526,
83,30900,a,0.9292716085910797,2,540,
83,30900,b,1.3885892629623413,2,504,
83,30900,c,1.1304120421409607,2,453,
83,30900,d,1.1796767711639404,2,466,
83,30900,e,0.8235891759395599,2,467,
83,30900,f,1.3852511048316956,2,534,
83,30900,g,1.190563440322876,2,331,
83,30900,h,1.170064091682434,2,322,
83,30900,i,0.9751037061214447,2,530,
83,31200,a,1.1668203473091125,2,546,
83,31200,b,1.1969139575958252,2,507,
83,31200,c,1.1770515441894531,2,456,
83,31200,d,1.212755560874939,2,470,
83,31200,e,1.0664379000663757,2,470,
83,31200,f,1.1485149264335632,2,539,
83,31200,g,1.3417027592658997,2,335,
83,31200,h,1.1499838829040527,2,326,
83,31200,i,0.9438440203666687,2,534,
83,31500,a,1.0016668438911438,2,550,
83,31500,b,1.2282665967941284,2,513,
83,31500,c,1.2175756692886353,2,460,
83,31500,d,1.0541571378707886,2,473,
83,31500,e,1.243349313735962,2,474,
83,31500,f,1.0186482071876526,2,544,
83,31500,g,1.2545672059059143,2,337,
83,31500,h,1.0720570385456085,2,328,
83,31500,i,1.0434569418430328,2,537,
83,31800,a,1.087141752243042,2,556,
83,31800,b,1.34103661775589,2,516,
83,31800,c,1.2765876054763794,2,462,
83,31800,d,1.0943937301635742,2,475,
83,31800,e,1.0708666443824768,2,477,
83,31800,f,1.2199731469154358,2,551,
83,31800,g,1.251103162765503,2,340,
83,31800,h,1.3066375255584717,2,332,
83,31800,i,1.0937185883522034,2,541,
83,32100,a,0.9884869456291199,2,561,
83,32100,b,1.1535778641700745,2,524,
83,32100,c,1.4217089414596558,2,466,
83,32100,d,1.118169903755188,2,481,
83,32100,e,1.255534052848816,2,483,
83,32100,f,1.0275205373764038,2,555,
83,32100,g,1.3133397698402405,2,342,
83,32100,h,1.0322060883045197,2,336,
83,32100,i,1.0179376006126404,2,547,
83,32400,a,1.0117650032043457,2,568,
83,32400,b,1.1822471618652344,2,531,
83,32400,c,1.1940396428108215,2,470,
83,32400,d,1.21785968542099,2,487,
83,32400,e,0.8854922950267792,2,489,
83,32400,f,1.0061942338943481,2,560,
83,32400,g,1.2680243253707886,2,344,
83,32400,h,1.3764227032661438,2,338,
83,32400,i,1.0691838562488556,2,552,
83,32700,a,1.06480073928833,2,575,
83,32700,b,1.4255291223526,2,537,
83,32700,c,1.2095719575881958,2,474,
83,32700,d,1.0252032279968262,2,492,
83,32700,e,1.1996777057647705,2,491,
83,32700,f,1.2906603813171387,2,564,
83,32700,g,1.2537288665771484,2,347,
83,32700,h,1.097301185131073,2,341,
83,32700,i,0.9589883089065552,2,559,
83,33000,a,1.1079258918762207,2,580,
83,33000,b,1.1217600107192993,2,541,
83,33000,c,1.074270486831665,2,477,
83,33000,d,1.0292785167694092,2,497,
83,33000,e,0.7816748917102814,2,496,
83,33000,f,1.0516855120658875,2,569,
83,33000,g,1.1520045399665833,2,351,
83,33000,h,1.228501796722412,2,346,
83,33000,i,1.1102107763290405,2,566,
83,33300,a,1.097931444644928,2,585,
83,33300,b,1.2704933881759644,2,547,
83,33300,c,1.3281236290931702,2,480,
83,33300,d,1.141348421573639,2,500,
83,33300,e,1.0309505760669708,2,500,
83,33300,f,0.9576173722743988,2,575,
83,33300,g,1.2999498844146729,2,354,
83,33300,h,1.0598444938659668,2,349,
83,33300,i,0.9270154237747192,2,574,
83,33600,a,1.0145268738269806,2,592,
83,33600,b,1.406649649143219,2,552,
83,33600,c,1.1941011548042297,2,486,
83,33600,d,1.1076650619506836,2,505,
83,33600,e,0.9267070889472961,2,506,
83,33600,f,0.9083192646503448,2,579,
83,33600,g,1.1263545751571655,2,358,
83,33600,h,0.9942684173583984,2,353,
83,33600,i,0.8854427933692932,2,579,
83,33900,a,1.0662474930286407,2,596,
83,33900,b,1.3935233354568481,2,555,
83,33900,c,1.2293177843093872,2,491,
83,33900,d,0.9889653325080872,2,509,
83,33900,e,0.9823266863822937,2,510,
83,33900,f,0.9861192107200623,2,586,
83,33900,g,1.1699160933494568,2,360,
83,33900,h,1.060910701751709,2,355,
83,33900,i,0.9510764181613922,2,584,
83,34200,a,1.1491256356239319,2,600,
83,34200,b,1.1562973260879517,2,559,
83,34200,c,1.4413620233535767,2,494,
83,34200,d,1.0888664722442627,2,513,
83,34200,e,0.9020138680934906,2,514,
83,34200,f,1.0293261408805847,2,592,
83,34200,g,1.120463490486145,2,363,
83,34200,h,1.1471470594406128,2,358,
83,34200,i,0.9087266325950623,2,589,
83,34500,a,0.8841350078582764,2,608,
83,34500,b,1.1967203617095947,2,566,
83,34500,c,1.1924821734428406,2,500,
83,34500,d,1.0531767010688782,2,519,
83,34500,e,1.1177349090576172,2,520,
83,34500,f,0.9466418623924255,2,599,
83,34500,g,1.2587890625,2,367,
83,34500,h,0.965672105550766,2,361,
83,34500,i,1.0139089822769165,2,596,
83,34800,a,0.9847939610481262,2,614,
83,34800,b,1.053644597530365,2,571,
83,34800,c,1.2944917678833008,2,503,
83,34800,d,1.0309627652168274,2,521,
83,34800,e,0.9448378682136536,2,524,
83,34800,f,0.9529155492782593,2,607,
83,34800,g,1.2118178606033325,2,370,
83,34800,h,1.0250003933906555,2,364,
83,34800,i,1.0507778525352478,2,602,
83,35100,a,1.0365943908691406,2,620,
83,35100,b,1.1971641182899475,2,576,
83,35100,c,1.2635672092437744,2,507,
83,35100,d,0.9467073678970337,2,526,
83,35100,e,0.8811445236206055,2,531,
83,35100,f,1.032088577747345,2,613,
83,35100,g,1.0903512835502625,2,372,
83,35100,h,1.0707322359085083,2,366,
83,35100,i,0.9200339615345001,2,605,
83,35400,a,1.0414179563522339,2,625,
83,35400,b,1.2287866473197937,2,580,
83,35400,c,1.188683807849884,2,511,
83,35400,d,0.988820880651474,2,528,
83,35400,e,0.9321304559707642,2,534,
83,35400,f,1.070941984653473,2,619,
83,35400,g,1.3682333827018738,2,375,
83,35400,h,1.091941237449646,2,369,
83,35400,i,0.9558463096618652,2,610,
83,35700,a,0.9807455539703369,2,632,
83,35700,b,1.0812098979949951,2,587,
83,35700,c,1.3818079829216003,2,514,
83,35700,d,0.9612211585044861,2,530,
83,35700,e,0.7949617505073547,2,538,
83,35700,f,0.9824860394001007,2,624,
83,35700,g,1.1917089223861694,2,380,
83,35700,h,1.001807153224945,2,374,
83,35700,i,0.9124992787837982,2,616,
83,36000,a,1.1244072914123535,2,639,
83,36000,b,1.1246746182441711,2,590,
83,36000,c,1.287381112575531,2,518,
83,36000,d,1.0934391617774963,2,535,
83,36000,e,0.8178514242172241,2,542,
83,36000,f,1.1619746685028076,2,630,
83,36000,g,1.1016919612884521,2,384,
83,36000,h,1.225398063659668,2,378,
83,36000,i,0.8395159244537354,2,621,
83,36300,a,0.9854981005191803,2,643,
83,36300,b,0.9718559980392456,2,594,
83,36300,c,1.2803142070770264,2,523,
83,36300,d,1.014021098613739,2,538,
83,36300,e,1.0622994005680084,2,546,
83,36300,f,0.9285088777542114,2,637,
83,36300,g,1.236982524394989,2,386,
83,36300,h,0.9961206316947937,2,380,
83,36300,i,1.0169465839862823,2,626,
83,36600,a,0.9933615326881409,2,647,
83,36600,b,1.211776852607727,2,599,
83,36600,c,1.1639515161514282,2,528,
83,36600,d,0.9374165832996368,2,544,
83,36600,e,1.0090421438217163,2,551,
83,36600,f,0.9219875633716583,2,643,
83,36600,g,1.357168436050415,2,388,
83,36600,h,1.0290100872516632,2,382,
83,36600,i,0.8282272815704346,2,631,
83,36900,a,1.0149266421794891,2,652,
83,36900,b,1.188776433467865,2,606,
83,36900,c,1.2699682712554932,2,530,
83,36900,d,0.9786133468151093,2,547,
83,36900,e,0.9209301471710205,2,554,
83,36900,f,0.8005140423774719,2,647,
83,36900,g,1.3235687017440796,2,390,
83,36900,h,0.9947773516178131,2,384,
83,36900,i,1.0522028803825378,2,635,
83,37200,a,1.0631028711795807,2,654,
83,37200,b,1.2512561082839966,2,612,
83,37200,c,1.2062619924545288,2,534,
83,37200,d,0.9817213416099548,2,549,
83,37200,e,0.8956616520881653,2,557,
83,37200,f,1.1346906423568726,2,652,
83,37200,g,1.4155532121658325,2,395,
83,37200,h,0.9569204449653625,2,388,
83,37200,i,0.8971941471099854,2,640,
83,37500,a,1.0622694790363312,2,659,
83,37500,b,1.1515488028526306,2,615,
83,37500,c,1.295472502708435,2,538,
83,37500,d,1.0391613841056824,2,552,
83,37500,e,0.8307070732116699,2,560,
83,37500,f,1.1153838336467743,2,657,
83,37500,g,1.2861273288726807,2,399,
83,37500,h,1.0357412695884705,2,391,
83,37500,i,0.9283308386802673,2,650,
83,37800,a,1.1254828572273254,2,662,
83,37800,b,1.168167769908905,2,621,
83,37800,c,1.126271367073059,2,540,
83,37800,d,1.2016570568084717,2,559,
83,37800,e,1.300049901008606,2,565,
83,37800,f,1.056335210800171,2,663,
83,37800,g,1.0306981801986694,2,405,
83,37800,h,0.8987627327442169,2,397,
83,37800,i,0.9565673470497131,2,656,
83,38100,a,1.0411075353622437,2,666,
83,38100,b,1.4034639596939087,2,624,
83,38100,c,1.167361855506897,2,543,
83,38100,d,1.0830417275428772,2,564,
83,38100,e,0.8185809254646301,2,570,
83,38100,f,1.033035695552826,2,668,
83,38100,g,1.3262555599212646,2,409,
83,38100,h,1.034089207649231,2,403,
83,38100,i,1.0090597867965698,2,659,
83,38400,a,0.9892634749412537,2,670,
83,38400,b,1.2688335180282593,2,628,
83,38400,c,1.181830108165741,2,548,
83,38400,d,0.9581944048404694,2,568,
83,38400,e,1.0141287744045258,2,576,
83,38400,f,1.1598917543888092,2,673,
83,38400,g,1.238731324672699,2,413,
83,38400,h,1.223300039768219,2,407,
83,38400,i,0.9537823498249054,2,662,
83,38700,a,1.0853585600852966,2,673,
83,38700,b,1.34786057472229,2,632,
83,38700,c,1.146161675453186,2,551,
83,38700,d,1.1533039808273315,2,571,
83,38700,e,1.1858473420143127,2,580,
83,38700,f,0.9766594767570496,2,677,
83,38700,g,1.0997946858406067,2,418,
83,38700,h,0.983357846736908,2,412,
83,38700,i,0.7295656502246857,2,666,
83,39000,a,0.9540760815143585,2,678,
83,39000,b,1.286768615245819,2,639,
83,39000,c,1.183406114578247,2,555,
83,39000,d,0.8782502710819244,2,578,
83,39000,e,0.8454594910144806,2,585,
83,39000,f,0.9651017785072327,2,682,
83,39000,g,1.0960521697998047,2,422,
83,39000,h,1.1032463014125824,2,416,
83,39000,i,0.9335765242576599,2,671,
83,39300,a,1.0331056714057922,2,684,
83,39300,b,1.3036890625953674,2,643,
83,39300,c,1.2304770350456238,2,557,
83,39300,d,1.3043633699417114,2,583,
83,39300,e,0.9635730385780334,2,592,
83,39300,f,0.8811510801315308,2,689,
83,39300,g,1.1393325924873352,2,426,
83,39300,h,1.0053836703300476,2,419,
83,39300,i,1.038528710603714,2,676,
83,39600,a,1.1083977222442627,2,688,
83,39600,b,1.1862446665763855,2,649,
83,39600,c,1.152748465538025,2,562,
83,39600,d,1.0806429982185364,2,588,
83,39600,e,1.0446025133132935,2,600,
83,39600,f,0.9750961661338806,2,694,
83,39600,g,1.2335703372955322,2,430,
83,39600,h,1.0023741126060486,2,423,
83,39600,i,0.8337695598602295,2,682,
83,39900,a,0.8772936165332794,2,693,
83,39900,b,1.35886150598526,2,654,
83,39900,c,1.2992672324180603,2,565,
83,39900,d,0.9505871534347534,2,591,
83,39900,e,0.7118147611618042,2,603,
83,39900,f,1.0694272220134735,2,698,
83,39900,g,1.107589840888977,2,435,
83,39900,h,1.1230530738830566,2,426,
83,39900,i,0.9318800568580627,2,684,
83,40200,a,0.950126051902771,2,697,
83,40200,b,0.9981612265110016,2,658,
83,40200,c,1.4001352787017822,2,567,
83,40200,d,1.0217585861682892,2,593,
83,40200,e,0.7977255582809448,2,605,
83,40200,f,0.847846269607544,2,702,
83,40200,g,1.273121416568756,2,439,
83,40200,h,1.000963032245636,2,430,
83,40200,i,0.9711183309555054,2,690,
83,40500,a,1.140441358089447,2,701,
83,40500,b,1.286370038986206,2,661,
83,40500,c,1.226665198802948,2,573,
83,40500,d,0.8602721989154816,2,598,
83,40500,e,0.9969596564769745,2,611,
83,40500,f,0.9396073222160339,2,707,
83,40500,g,1.1410744786262512,2,441,
83,40500,h,1.0728744268417358,2,432,
83,40500,i,0.9018562138080597,2,692,
83,40800,a,0.9666876494884491,2,707,
83,40800,b,0.9620538651943207,2,668,
83,40800,c,1.3502283692359924,2,577,
83,40800,d,0.9590928256511688,2,602,
83,40800,e,0.8356578946113586,2,615,
83,40800,f,0.8016239702701569,2,714,
83,40800,g,1.1872189044952393,2,446,
83,40800,h,1.1844808459281921,2,436,
83,40800,i,1.2092483639717102,2,701,
83,41100,a,0.931651771068573,2,712,
83,41100,b,0.9976714849472046,2,672,
83,41100,c,1.170631468296051,2,582,
83,41100,d,0.9798625111579895,2,605,
83,41100,e,0.9044979810714722,2,620,
83,41100,f,1.0088539123535156,2,719,
83,41100,g,1.0841927528381348,2,449,
83,41100,h,1.0465890169143677,2,439,
83,41100,i,1.059554100036621,2,705,
83,41400,a,0.8764194548130035,2,718,
83,41400,b,0.924652636051178,2,679,
83,41400,c,1.200718879699707,2,586,
83,41400,d,1.1153340339660645,2,608,
83,41400,e,0.9899657368659973,2,625,
83,41400,f,0.7996704876422882,2,724,
83,41400,g,1.1076385378837585,2,452,
83,41400,h,0.9193615615367889,2,441,
83,41400,i,0.7413532435894012,2,712,
83,41700,a,0.952970027923584,2,726,
83,41700,b,1.0220877528190613,2,684,
83,41700,c,1.1189686059951782,2,590,
83,41700,d,1.0615279078483582,2,612,
83,41700,e,1.1021546721458435,2,627,
83,41700,f,1.0628880858421326,2,728,
83,41700,g,1.1148584485054016,2,456,
83,41700,h,0.9561977684497833,2,446,
83,41700,i,0.8565035760402679,2,719,
83,42000,a,1.067530870437622,2,732,
83,42000,b,1.0898298621177673,2,688,
83,42000,c,1.2021963596343994,2,595,
83,42000,d,0.9408149719238281,2,617,
83,42000,e,0.8504968583583832,2,633,
83,42000,f,1.095935583114624,2,733,
83,42000,g,1.1686248779296875,2,459,
83,42000,h,0.8883222937583923,2,449,
83,42000,i,0.858849972486496,2,724,
83,42300,a,0.9571058750152588,2,738,
83,42300,b,0.914563000202179,2,695,
83,42300,c,1.2497583031654358,2,601,
83,42300,d,1.0312613546848297,2,622,
83,42300,e,0.8787839710712433,2,639,
83,42300,f,0.7751313745975494,2,739,
83,42300,g,1.1666679978370667,2,462,
83,42300,h,1.050714373588562,2,453,
83,42300,i,0.8033298850059509,2,731,
83,42600,a,0.9775599241256714,2,742,
83,42600,b,0.9619156718254089,2,701,
83,42600,c,1.2582910060882568,2,605,
83,42600,d,0.7743878066539764,2,624,
83,42600,e,1.0141612887382507,2,642,
83,42600,f,0.7400421798229218,2,741,
83,42600,g,1.1949539184570312,2,464,
83,42600,h,1.039502114057541,2,456,
83,42600,i,0.8864455819129944,2,733,
83,42900,a,0.9523467719554901,2,747,
83,42900,b,1.1242730617523193,2,705,
83,42900,c,1.4342256784439087,2,609,
83,42900,d,0.9029975235462189,2,628,
83,42900,e,0.7560351192951202,2,649,
83,42900,f,0.9357967972755432,2,746,
83,42900,g,1.1633139252662659,2,468,
83,42900,h,0.9242099523544312,2,462,
83,42900,i,0.8264975547790527,2,738,
83,43200,a,0.8214268088340759,2,752,
83,43200,b,1.0346359014511108,2,713,
83,43200,c,1.2195219993591309,2,612,
83,43200,d,1.0114726424217224,2,630,
83,43200,e,1.077993929386139,2,652,
83,43200,f,0.7646322846412659,2,750,
83,43200,g,1.1055858135223389,2,470,
83,43200,h,0.8701781034469604,2,464,
83,43200,i,0.8232699036598206,2,744,
83,43500,a,0.930699348449707,2,758,
83,43500,b,1.060566782951355,2,717,
83,43500,c,1.1871161460876465,2,614,
83,43500,d,0.9351761937141418,2,633,
83,43500,e,0.7587951123714447,2,654,
83,43500,f,0.8951287269592285,2,755,
83,43500,g,1.192028522491455,2,474,
83,43500,h,1.1015121936798096,2,467,
83,43500,i,1.1246587932109833,2,751,
83,43800,a,1.0515057146549225,2,767,
83,43800,b,0.872446745634079,2,724,
83,43800,c,1.1415945291519165,2,619,
83,43800,d,1.184325933456421,2,639,
83,43800,e,0.9806380867958069,2,660,
83,43800,f,0.9182609021663666,2,763,
83,43800,g,1.108406662940979,2,476,
83,43800,h,0.9529082775115967,2,469,
83,43800,i,0.8825535178184509,2,758,
83,44100,a,0.8522111177444458,2,775,
83,44100,b,1.1112402081489563,2,731,
83,44100,c,1.1579911708831787,2,625,
83,44100,d,0.8601776957511902,2,645,
83,44100,e,0.9500777721405029,2,664,
83,44100,f,0.9548894464969635,2,768,
83,44100,g,1.266926884651184,2,480,
83,44100,h,0.9897816777229309,2,473,
83,44100,i,0.961338222026825,2,761,
83,44400,a,1.066567838191986,2,779,
83,44400,b,0.8015361130237579,2,737,
83,44400,c,1.3436471223831177,2,630,
83,44400,d,0.9591937065124512,2,651,
83,44400,e,0.6525043845176697,2,669,
83,44400,f,0.8853093981742859,2,773,
83,44400,g,1.3045304417610168,2,482,
83,44400,h,0.8534584641456604,2,477,
83,44400,i,0.8992054462432861,2,763,
83,44700,a,0.9490141868591309,2,782,
83,44700,b,0.9632771015167236,2,742,
83,44700,c,1.2688897848129272,2,634,
83,44700,d,0.887488067150116,2,656,
83,44700,e,0.8676842153072357,2,673,
83,44700,f,0.8405334651470184,2,781,
83,44700,g,1.1046362519264221,2,485,
83,44700,h,1.2251423597335815,2,480,
83,44700,i,0.8298500776290894,2,768,
83,45000,a,0.8563703894615173,2,786,
83,45000,b,1.1588756442070007,2,748,
83,45000,c,1.0563161671161652,2,637,
83,45000,d,0.9245578646659851,2,661,
83,45000,e,0.9266565442085266,2,676,
83,45000,f,0.7099172174930573,2,785,
83,45000,g,1.0894244611263275,2,488,
83,45000,h,0.8640987277030945,2,483,
83,45000,i,0.9203871190547943,2,772,
83,45300,a,0.8884260058403015,2,791,
83,45300,b,1.0916177034378052,2,754,
83,45300,c,1.105814814567566,2,642,
83,45300,d,0.9440997540950775,2,665,
83,45300,e,0.919883131980896,2,682,
83,45300,f,0.746296226978302,2,789,
83,45300,g,1.1499714255332947,2,492,
83,45300,h,0.8156337141990662,2,488,
83,45300,i,0.7726402282714844,2,778,
83,45600,a,0.9055798649787903,2,797,
83,45600,b,0.8557681739330292,2,760,
83,45600,c,1.2141320705413818,2,648,
83,45600,d,0.8372786939144135,2,671,
83,45600,e,0.7188455164432526,2,688,
83,45600,f,0.8699457049369812,2,795,
83,45600,g,1.3303046822547913,2,496,
83,45600,h,0.9510549306869507,2,491,
83,45600,i,0.8847061395645142,2,784,
83,45900,a,1.2390902638435364,2,802,
83,45900,b,1.0223608016967773,2,764,
83,45900,c,1.171602189540863,2,653,
83,45900,d,1.0429237484931946,2,675,
83,45900,e,1.0019521117210388,2,694,
83,45900,f,0.7031596302986145,2,801,
83,45900,g,1.1029080152511597,2,498,
83,45900,h,0.9040880799293518,2,493,
83,45900,i,0.81939497590065,2,792,
83,46200,a,0.8364951610565186,2,807,
83,46200,b,0.9110156297683716,2,769,
83,46200,c,1.0981016755104065,2,657,
83,46200,d,0.7417096793651581,2,681,
83,46200,e,1.2030924558639526,2,700,
83,46200,f,0.6584305167198181,2,804,
83,46200,g,1.2785967588424683,2,502,
83,46200,h,0.9573386907577515,2,498,
83,46200,i,0.7620894908905029,2,797,
83,46500,a,0.9507223963737488,2,811,
83,46500,b,0.8127099573612213,2,773,
83,46500,c,1.2087609767913818,2,664,
83,46500,d,0.8973877131938934,2,686,
83,46500,e,0.7237318754196167,2,706,
83,46500,f,0.9425240755081177,2,807,
83,46500,g,1.067146897315979,2,504,
83,46500,h,0.8193313777446747,2,502,
83,46500,i,0.8942714333534241,2,799,
83,46800,a,0.9113646149635315,2,815,
83,46800,b,0.8931698799133301,2,776,
83,46800,c,1.162313461303711,2,668,
83,46800,d,0.7528344988822937,2,690,
83,46800,e,0.9293534457683563,2,708,
83,46800,f,0.8007434010505676,2,812,
83,46800,g,1.2338008284568787,2,509,
83,46800,h,1.0433988273143768,2,505,
83,46800,i,1.186724305152893,2,804,
83,47100,a,0.9864755868911743,2,818,
83,47100,b,0.9121602177619934,2,782,
83,47100,c,1.173633873462677,2,672,
83,47100,d,0.8338468372821808,2,694,
83,47100,e,1.0066636204719543,2,712,
83,47100,f,0.7943917214870453,2,816,
83,47100,g,1.203330934047699,2,511,
83,47100,h,0.8129799365997314,2,508,
83,47100,i,0.9378035068511963,2,808,
83,47400,a,1.0323941707611084,2,821,
83,47400,b,1.0524134933948517,2,786,
83,47400,c,1.0817656517028809,2,675,
83,47400,d,1.1841837167739868,2,698,
83,47400,e,0.806352823972702,2,716,
83,47400,f,0.8191083073616028,2,820,
83,47400,g,1.1881442666053772,2,514,
83,47400,h,0.8723151087760925,2,512,
83,47400,i,0.9802971482276917,2,813,
83,47700,a,0.8530553579330444,2,827,
83,47700,b,1.190355896949768,2,791,
83,47700,c,1.1890466213226318,2,679,
83,47700,d,0.9459312260150909,2,703,
83,47700,e,0.6866601705551147,2,721,
83,47700,f,0.8915803134441376,2,825,
83,47700,g,1.438654601573944,2,518,
83,47700,h,0.7281081676483154,2,515,
83,47700,i,0.7999427318572998,2,817,
83,48000,a,1.0445895195007324,2,835,
83,48000,b,1.160767912864685,2,799,
83,48000,c,1.2195456624031067,2,682,
83,48000,d,1.1268418729305267,2,708,
83,48000,e,0.9284325242042542,2,725,
83,48000,f,0.7419551014900208,2,830,
83,48000,g,1.059662938117981,2,521,
83,48000,h,0.9268074631690979,2,519,
83,48000,i,0.9641812741756439,2,821,
83,48300,a,0.9377925992012024,2,840,
83,48300,b,0.8613791465759277,2,805,
83,48300,c,1.1715046167373657,2,685,
83,48300,d,0.8049074113368988,2,712,
83,48300,e,0.743366003036499,2,730,
83,48300,f,0.6424271762371063,2,836,
83,48300,g,1.180452048778534,2,523,
83,48300,h,0.771607518196106,2,521,
83,48300,i,1.0464532971382141,2,829,
83,48600,a,1.098688781261444,2,844,
83,48600,b,0.9440696835517883,2,809,
83,48600,c,1.2867944836616516,2,689,
83,48600,d,0.8120167553424835,2,716,
83,48600,e,0.6963162422180176,2,733,
83,48600,f,0.7700948417186737,2,840,
83,48600,g,0.9920202493667603,2,528,
83,48600,h,1.1910561323165894,2,525,
83,48600,i,0.9432474970817566,2,833,
83,48900,a,0.894210010766983,2,849,
83,48900,b,1.1316723823547363,2,815,
83,48900,c,1.160343885421753,2,694,
83,48900,d,0.938726544380188,2,719,
83,48900,e,0.6584049463272095,2,738,
83,48900,f,1.1814324855804443,2,846,
83,48900,g,1.2602765560150146,2,533,
83,48900,h,0.8866309523582458,2,530,
83,48900,i,1.0966845750808716,2,840,
83,49200,a,0.9485498368740082,2,852,
83,49200,b,1.1605220437049866,2,819,
83,49200,c,1.061367928981781,2,697,
83,49200,d,0.8382226228713989,2,723,
83,49200,e,0.8046875596046448,2,743,
83,49200,f,0.7323027849197388,2,849,
83,49200,g,1.1300764083862305,2,536,
83,49200,h,0.9256916642189026,2,533,
83,49200,i,0.8244915902614594,2,842,
83,49500,a,1.3132679462432861,2,858,
83,49500,b,1.1515116691589355,2,825,
83,49500,c,1.2064452171325684,2,703,
83,49500,d,0.6435229480266571,2,729,
83,49500,e,0.7393284738063812,2,753,
83,49500,f,0.8133449256420135,2,853,
83,49500,g,0.9048537313938141,2,539,
83,49500,h,0.9123696386814117,2,535,
83,49500,i,0.9359586536884308,2,846,
83,49800,a,1.0209567248821259,2,863,
83,49800,b,1.1455019414424896,2,831,
83,49800,c,1.0209351181983948,2,707,
83,49800,d,0.9132768511772156,2,734,
83,49800,e,0.7427786290645599,2,759,
83,49800,f,0.7357039749622345,2,856,
83,49800,g,1.1916450262069702,2,542,
83,49800,h,0.8723805844783783,2,538,
83,49800,i,0.6477034091949463,2,852,
83,50100,a,1.032196283340454,2,868,
83,50100,b,1.2625805139541626,2,833,
83,50100,c,1.0525739192962646,2,710,
83,50100,d,0.8926810920238495,2,736,
83,50100,e,0.6080478727817535,2,763,
83,50100,f,0.8162463307380676,2,862,
83,50100,g,0.9554814994335175,2,546,
83,50100,h,1.2031841278076172,2,543,
83,50100,i,1.012590378522873,2,859,
83,50400,a,1.0323398113250732,2,871,
83,50400,b,0.9502368271350861,2,839,
83,50400,c,0.9731715619564056,2,713,
83,50400,d,0.9018832445144653,2,739,
83,50400,e,0.627054899930954,2,765,
83,50400,f,0.8805351257324219,2,868,
83,50400,g,1.071395754814148,2,549,
83,50400,h,1.1112993955612183,2,546,
83,50400,i,0.8283865749835968,2,864,
83,50700,a,0.9463338851928711,2,878,
83,50700,b,0.893470287322998,2,845,
83,50700,c,1.296859085559845,2,718,
83,50700,d,0.8360322415828705,2,744,
83,50700,e,0.6303731501102448,2,771,
83,50700,f,0.8214670717716217,2,872,
83,50700,g,1.1096141934394836,2,553,
83,50700,h,0.8464014232158661,2,550,
83,50700,i,1.0596716403961182,2,868,
83,51000,a,0.7982227802276611,2,883,
83,51000,b,1.0674156546592712,2,849,
83,51000,c,1.024202585220337,2,723,
83,51000,d,0.7970249354839325,2,747,
83,51000,e,0.865228921175003,2,776,
83,51000,f,0.6519478559494019,2,878,
83,51000,g,1.2170408368110657,2,556,
83,51000,h,1.0000540018081665,2,552,
83,51000,i,0.723477691411972,2,874,
83,51300,a,0.9863810241222382,2,888,
83,51300,b,1.0024844408035278,2,854,
83,51300,c,1.1079081296920776,2,727,
83,51300,d,0.9587943851947784,2,750,
83,51300,e,0.6441452503204346,2,779,
83,51300,f,0.8732643723487854,2,883,
83,51300,g,1.1270171999931335,2,559,
83,51300,h,0.745873212814331,2,555,
83,51300,i,0.8746399581432343,2,881,
83,51600,a,0.9277905821800232,2,894,
83,51600,b,1.188314139842987,2,861,
83,51600,c,1.0347368717193604,2,732,
83,51600,d,0.6942604780197144,2,754,
83,51600,e,0.698291003704071,2,783,
83,51600,f,0.653462290763855,2,889,
83,51600,g,1.0167366862297058,2,563,
83,51600,h,0.9118166267871857,2,557,
83,51600,i,0.8058527112007141,2,886,
83,51900,a,1.1031304001808167,2,898,
83,51900,b,1.0895745158195496,2,869,
83,51900,c,1.0088661909103394,2,738,
83,51900,d,0.8558722138404846,2,759,
83,51900,e,0.9669436812400818,2,787,
83,51900,f,0.6795201897621155,2,896,
83,51900,g,1.105492889881134,2,565,
83,51900,h,0.9665433764457703,2,559,
83,51900,i,0.864786297082901,2,892,
83,52200,a,1.0455622375011444,2,902,
83,52200,b,0.7911918759346008,2,875,
83,52200,c,1.0338893234729767,2,740,
83,52200,d,0.8190516829490662,2,764,
83,52200,e,1.1085597276687622,2,791,
83,52200,f,0.8378545641899109,2,902,
83,52200,g,1.201720654964447,2,569,
83,52200,h,0.6859578788280487,2,563,
83,52200,i,0.8894294500350952,2,897,
83,52500,a,0.7726686000823975,2,906,
83,52500,b,0.8360453248023987,2,880,
83,52500,c,1.2204267978668213,2,743,
83,52500,d,0.8380343616008759,2,767,
83,52500,e,0.6293412148952484,2,793,
83,52500,f,0.7451432049274445,2,908,
83,52500,g,1.1509886980056763,2,571,
83,52500,h,0.8699023723602295,2,566,
83,52500,i,0.6854531764984131,2,903,
83,52800,a,1.0093056559562683,2,909,
83,52800,b,1.1323765516281128,2,887,
83,52800,c,1.0969308614730835,2,747,
83,52800,d,0.8806421458721161,2,771,
83,52800,e,0.7647205591201782,2,798,
83,52800,f,0.6900641918182373,2,911,
83,52800,g,1.0441850423812866,2,574,
83,52800,h,1.0916330814361572,2,568,
83,52800,i,0.7582066059112549,2,909,
83,53100,a,0.9102916717529297,2,914,
83,53100,b,1.0619989335536957,2,893,
83,53100,c,1.0470291376113892,2,753,
83,53100,d,0.9527898728847504,2,776,
83,53100,e,0.8196382224559784,2,801,
83,53100,f,1.030064880847931,2,916,
83,53100,g,1.1160654425621033,2,579,
83,53100,h,1.0316123068332672,2,573,
83,53100,i,0.7866702675819397,2,914,
83,53400,a,0.9829577803611755,2,920,
83,53400,b,0.9266976118087769,2,899,
83,53400,c,1.1483529806137085,2,756,
83,53400,d,0.8354742527008057,2,779,
83,53400,e,0.820304811000824,2,806,
83,53400,f,0.8718097805976868,2,920,
83,53400,g,1.1109652519226074,2,582,
83,53400,h,0.9548147320747375,2,578,
83,53400,i,0.961609423160553,2,918,
83,53700,a,0.9636275172233582,2,924,
83,53700,b,0.7923111617565155,2,903,
83,53700,c,1.324515163898468,2,761,
83,53700,d,0.8328230679035187,2,782,
83,53700,e,0.8469595015048981,2,810,
83,53700,f,0.7686819136142731,2,923,
83,53700,g,1.063433289527893,2,584,
83,53700,h,0.6865807771682739,2,580,
83,53700,i,1.0727980136871338,2,923,
83,54000,a,0.9840081334114075,2,929,
83,54000,b,0.9210643172264099,2,907,
83,54000,c,1.0421456098556519,2,764,
83,54000,d,0.9089863300323486,2,786,
83,54000,e,0.5939483344554901,2,814,
83,54000,f,0.7352636158466339,2,929,
83,54000,g,0.9771192371845245,2,591,
83,54000,h,0.7809004187583923,2,586,
83,54000,i,0.877752274274826,2,930,
83,54300,a,0.8395581543445587,2,933,
83,54300,b,0.816089540719986,2,915,
83,54300,c,1.0200305581092834,2,770,
83,54300,d,0.7699030041694641,2,793,
83,54300,e,0.9279896020889282,2,818,
83,54300,f,0.6466007232666016,2,936,
83,54300,g,1.030823826789856,2,593,
83,54300,h,0.8126473426818848,2,589,
83,54300,i,0.9106239676475525,2,933,
83,54600,a,0.8801301419734955,2,937,
83,54600,b,0.7859000563621521,2,921,
83,54600,c,1.1930477619171143,2,775,
83,54600,d,0.8357559144496918,2,799,
83,54600,e,0.759813517332077,2,824,
83,54600,f,0.8069820702075958,2,942,
83,54600,g,1.0685099959373474,2,596,
83,54600,h,0.737350583076477,2,593,
83,54600,i,0.7312947809696198,2,937,
83,54900,a,0.7759556472301483,2,943,
83,54900,b,1.0271373391151428,2,925,
83,54900,c,0.9638785719871521,2,781,
83,54900,d,0.6989544630050659,2,805,
83,54900,e,0.6403169631958008,2,827,
83,54900,f,0.8802011013031006,2,946,
83,54900,g,1.0790371894836426,2,600,
83,54900,h,0.8806688189506531,2,596,
83,54900,i,0.8702265620231628,2,943,
83,55200,a,0.7657670974731445,2,949,
83,55200,b,0.8543044328689575,2,930,
83,55200,c,1.0870884656906128,2,784,
83,55200,d,0.7936389744281769,2,808,
83,55200,e,0.6413606107234955,2,831,
83,55200,f,0.8136354088783264,2,951,
83,55200,g,0.9894970655441284,2,605,
83,55200,h,0.7943954765796661,2,601,
83,55200,i,0.7604818344116211,2,946,
83,55500,a,1.1139035820960999,2,955,
83,55500,b,0.7226203680038452,2,935,
83,55500,c,1.0296888053417206,2,788,
83,55500,d,0.9331124126911163,2,812,
83,55500,e,0.6973084211349487,2,836,
83,55500,f,0.8621618747711182,2,955,
83,55500,g,0.8734753131866455,2,608,
83,55500,h,0.9186711013317108,2,605,
83,55500,i,0.6531292200088501,2,950,
83,55800,a,1.0388757586479187,2,961,
83,55800,b,0.6634274125099182,2,942,
83,55800,c,1.0148862898349762,2,791,
83,55800,d,1.0192731022834778,2,815,
83,55800,e,0.7477515935897827,2,840,
83,55800,f,0.8274348378181458,2,959,
83,55800,g,1.0391214489936829,2,611,
83,55800,h,0.6788642108440399,2,609,
83,55800,i,1.0947260856628418,2,958,
83,56100,a,0.8068898618221283,2,966,
83,56100,b,0.7951721847057343,2,949,
83,56100,c,1.227990984916687,2,797,
83,56100,d,0.7473908960819244,2,821,
83,56100,e,0.5234255492687225,2,845,
83,56100,f,0.7322563529014587,2,964,
83,56100,g,1.0593609809875488,2,615,
83,56100,h,0.8339416980743408,2,613,
83,56100,i,0.8156363666057587,2,963,
83,56400,a,0.8826250433921814,2,971,
83,56400,b,0.9817831516265869,2,955,
83,56400,c,0.9873397052288055,2,800,
83,56400,d,0.8121674060821533,2,826,
83,56400,e,0.9982020258903503,2,848,
83,56400,f,0.7133421897888184,2,969,
83,56400,g,1.0891119837760925,2,618,
83,56400,h,0.8076260983943939,2,616,
83,56400,i,0.6410680413246155,2,969,
83,56700,a,0.7939904928207397,2,975,
83,56700,b,0.8510234653949738,2,959,
83,56700,c,1.1712019443511963,2,802,
83,56700,d,0.7178461849689484,2,828,
83,56700,e,0.8528013229370117,2,850,
83,56700,f,0.7722086906433105,2,972,
83,56700,g,1.0508171916007996,2,622,
83,56700,h,0.8101511001586914,2,619,
83,56700,i,0.8705694377422333,2,973,
83,57000,a,0.7942648828029633,2,979,
83,57000,b,1.0817614197731018,2,965,
83,57000,c,1.0232033729553223,2,806,
83,57000,d,0.9969281852245331,2,830,
83,57000,e,0.7457321286201477,2,854,
83,57000,f,0.7572829127311707,2,977,
83,57000,g,0.8212733566761017,2,626,
83,57000,h,1.039294719696045,2,623,
83,57000,i,0.828361988067627,2,976,
83,57300,a,0.8475722372531891,2,986,
83,57300,b,0.7547279000282288,2,971,
83,57300,c,0.9820103645324707,2,810,
83,57300,d,0.8883263468742371,2,833,
83,57300,e,0.6223526895046234,2,857,
83,57300,f,0.7956849038600922,2,984,
83,57300,g,0.8874339163303375,2,629,
83,57300,h,0.8176130056381226,2,626,
83,57300,i,0.952667772769928,2,981,
83,57600,a,0.8539232015609741,2,991,
83,57600,b,0.7694974541664124,2,975,
83,57600,c,0.9874414205551147,2,818,
83,57600,d,0.8168662786483765,2,840,
83,57600,e,0.8219655454158783,2,861,
83,57600,f,0.6470496356487274,2,989,
83,57600,g,1.3796080350875854,2,632,
83,57600,h,0.7933903336524963,2,629,
83,57600,i,0.8495309948921204,2,984,
83,57900,a,0.6606668531894684,2,995,
83,57900,b,1.0261289477348328,2,981,
83,57900,c,1.0381777882575989,2,822,
83,57900,d,0.6000837981700897,2,843,
83,57900,e,0.5763913094997406,2,865,
83,57900,f,0.8540874123573303,2,994,
83,57900,g,1.0219972133636475,2,635,
83,57900,h,0.8405889272689819,2,632,
83,57900,i,0.6681419610977173,2,991,
83,58200,a,0.8595226109027863,2,1001,
83,58200,b,0.7450304627418518,2,988,
83,58200,c,1.076461672782898,2,829,
83,58200,d,0.7202949821949005,2,848,
83,58200,e,0.6631525754928589,2,870,
83,58200,f,0.7322389185428619,2,999,
83,58200,g,1.0354043841362,2,640,
83,58200,h,0.7878468036651611,2,635,
83,58200,i,0.826945960521698,2,996,
83,58500,a,0.8500249683856964,2,1007,
83,58500,b,0.6922106742858887,2,992,
83,58500,c,1.1137885451316833,2,836,
83,58500,d,0.7703989446163177,2,854,
83,58500,e,0.591797262430191,2,876,
83,58500,f,0.7707511782646179,2,1003,
83,58500,g,1.1018626689910889,2,642,
83,58500,h,0.8511177003383636,2,637,
83,58500,i,0.9349161088466644,2,1001,
83,58800,a,1.0072324872016907,2,1012,
83,58800,b,0.8464018106460571,2,996,
83,58800,c,1.2344564199447632,2,840,
83,58800,d,0.838922768831253,2,858,
83,58800,e,0.7169559001922607,2,878,
83,58800,f,0.6928093433380127,2,1007,
83,58800,g,1.0093331038951874,2,645,
83,58800,h,0.8468872606754303,2,641,
83,58800,i,0.8213946521282196,2,1005,
83,59100,a,0.9281027913093567,2,1018,
83,59100,b,0.8415022790431976,2,1003,
83,59100,c,1.152804434299469,2,843,
83,59100,d,0.7633903920650482,2,862,
83,59100,e,0.803908109664917,2,882,
83,59100,f,0.9236294329166412,2,1012,
83,59100,g,0.9992518723011017,2,647,
83,59100,h,0.8355768918991089,2,644,
83,59100,i,0.8077651858329773,2,1009,
83,59400,a,0.9455277621746063,2,1024,
83,59400,b,1.006768524646759,2,1006,
83,59400,c,1.1633755564689636,2,847,
83,59400,d,0.6776559054851532,2,865,
83,59400,e,0.7172816097736359,2,887,
83,59400,f,0.9133942723274231,2,1018,
83,59400,g,0.9789641797542572,2,649,
83,59400,h,1.019563466310501,2,647,
83,59400,i,0.820783793926239,2,1013,
83,59700,a,0.7299677133560181,2,1030,
83,59700,b,0.921112447977066,2,1011,
83,59700,c,1.1961851119995117,2,850,
83,59700,d,0.7318841516971588,2,869,
83,59700,e,0.7205487489700317,2,889,
83,59700,f,0.7562948167324066,2,1021,
83,59700,g,0.944579154253006,2,652,
83,59700,h,0.5788081586360931,2,651,
83,59700,i,0.8702609837055206,2,1017,
83,60000,a,0.7972890734672546,2,1034,
83,60000,b,0.6900849342346191,2,1015,
83,60000,c,0.8980240821838379,2,855,
83,60000,d,0.5767675340175629,2,873,
83,60000,e,0.5490007400512695,2,892,
83,60000,f,0.7035496830940247,2,1027,
83,60000,g,0.8017288148403168,2,656,
83,60000,h,0.7849542498588562,2,656,
83,60000,i,0.7797463238239288,2,1022,
83,60300,a,0.8875971138477325,2,1041,
83,60300,b,0.7833522856235504,2,1024,
83,60300,c,1.1438981890678406,2,860,
83,60300,d,0.7049629390239716,2,876,
83,60300,e,0.7102536261081696,2,897,
83,60300,f,0.7329699695110321,2,1031,
83,60300,g,1.1414507031440735,2,658,
83,60300,h,0.7807761132717133,2,658,
83,60300,i,0.8701686561107635,2,1026,
83,60600,a,0.9531673192977905,2,1048,
83,60600,b,0.7757071852684021,2,1030,
83,60600,c,1.0989237427711487,2,864,
83,60600,d,0.7773600816726685,2,882,
83,60600,e,0.7313098907470703,2,899,
83,60600,f,0.5601061284542084,2,1036,
83,60600,g,1.1153825521469116,2,662,
83,60600,h,0.7688465714454651,2,661,
83,60600,i,0.7545532286167145,2,1032,
83,60900,a,0.8331652581691742,2,1055,
83,60900,b,0.5615752935409546,2,1035,
83,60900,c,1.0232627093791962,2,869,
83,60900,d,0.824244886636734,2,889,
83,60900,e,0.7125217616558075,2,904,
83,60900,f,0.6987209320068359,2,1043,
83,60900,g,1.0289411544799805,2,665,
83,60900,h,0.8831658065319061,2,664,
83,60900,i,0.8613174855709076,2,1037,
83,61200,a,0.924500048160553,2,1060,
83,61200,b,0.8131658434867859,2,1039,
83,61200,c,1.080654799938202,2,874,
83,61200,d,0.7651043236255646,2,896,
83,61200,e,0.5993881523609161,2,911,
83,61200,f,0.7603264451026917,2,1046,
83,61200,g,0.972839742898941,2,668,
83,61200,h,0.7726501524448395,2,668,
83,61200,i,0.5931925177574158,2,1040,
83,61500,a,1.2918435335159302,2,1067,
83,61500,b,0.9053680598735809,2,1043,
83,61500,c,1.0147757530212402,2,880,
83,61500,d,0.8870413601398468,2,900,
83,61500,e,0.5897321105003357,2,916,
83,61500,f,0.8092475831508636,2,1051,
83,61500,g,1.1286476850509644,2,673,
83,61500,h,0.7233335971832275,2,672,
83,61500,i,0.5762594044208527,2,1050,
83,61800,a,0.9193710684776306,2,1073,
83,61800,b,0.9323898553848267,2,1050,
83,61800,c,1.0717644691467285,2,883,
83,61800,d,0.5525946319103241,2,906,
83,61800,e,0.7286432683467865,2,920,
83,61800,f,0.6180291473865509,2,1058,
83,61800,g,1.2192994356155396,2,675,
83,61800,h,0.7749791443347931,2,674,
83,61800,i,0.8004343211650848,2,1056,
83,62100,a,0.8097932934761047,2,1077,
83,62100,b,0.7831791043281555,2,1055,
83,62100,c,0.9808009266853333,2,887,
83,62100,d,0.528883695602417,2,910,
83,62100,e,0.6933933794498444,2,924,
83,62100,f,0.6355277597904205,2,1065,
83,62100,g,1.0414891242980957,2,679,
83,62100,h,0.8066693544387817,2,679,
83,62100,i,0.8248006105422974,2,1062,
83,62400,a,0.9350656569004059,2,1081,
83,62400,b,0.8623499274253845,2,1059,
83,62400,c,1.1057023406028748,2,891,
83,62400,d,0.7889308035373688,2,913,
83,62400,e,0.7123896479606628,2,928,
83,62400,f,0.7789605855941772,2,1072,
83,62400,g,1.1138729453086853,2,684,
83,62400,h,0.6359951794147491,2,683,
83,62400,i,0.8851489722728729,2,1066,
83,62700,a,0.9229786992073059,2,1083,
83,62700,b,0.9335456192493439,2,1061,
83,62700,c,1.199697732925415,2,895,
83,62700,d,0.625138521194458,2,922,
83,62700,e,0.7391994595527649,2,935,
83,62700,f,0.892866313457489,2,1074,
83,62700,g,1.05320343375206,2,689,
83,62700,h,0.6374472081661224,2,686,
83,62700,i,0.7121667563915253,2,1069,
83,63000,a,1.036915898323059,2,1087,
83,63000,b,0.8037598431110382,2,1063,
83,63000,c,0.9819680452346802,2,899,
83,63000,d,0.6101477742195129,2,925,
83,63000,e,0.6742192804813385,2,938,
83,63000,f,0.6906407475471497,2,1076,
83,63000,g,0.9959240257740021,2,691,
83,63000,h,0.7400950491428375,2,688,
83,63000,i,0.6755398213863373,2,1073,
83,63300,a,0.6674650013446808,2,1093,
83,63300,b,0.7335487902164459,2,1068,
83,63300,c,0.9994292855262756,2,904,
83,63300,d,0.5763584077358246,2,929,
83,63300,e,0.8364114165306091,2,941,
83,63300,f,0.7885782122612,2,1083,
83,63300,g,1.1175490617752075,2,694,
83,63300,h,0.8208757042884827,2,690,
83,63300,i,0.7429097294807434,2,1077,
83,63600,a,0.8752638697624207,2,1098,
83,63600,b,0.7894548177719116,2,1073,
83,63600,c,1.017466425895691,2,910,
83,63600,d,0.7644268274307251,2,933,
83,63600,e,0.7620896100997925,2,945,
83,63600,f,0.6054195165634155,2,1087,
83,63600,g,0.9113781154155731,2,696,
83,63600,h,0.6088358759880066,2,692,
83,63600,i,0.578291118144989,2,1083,
83,63900,a,0.9336208403110504,2,1103,
83,63900,b,0.8364765346050262,2,1076,
83,63900,c,1.211320161819458,2,917,
83,63900,d,0.640872985124588,2,938,
83,63900,e,0.7280323803424835,2,951,
83,63900,f,0.654111921787262,2,1092,
83,63900,g,1.055055856704712,2,699,
83,63900,h,0.690140575170517,2,696,
83,63900,i,0.5726750493049622,2,1088,
83,64200,a,0.8185628354549408,2,1106,
83,64200,b,0.863574892282486,2,1082,
83,64200,c,1.3027276396751404,2,922,
83,64200,d,0.7212483286857605,2,942,
83,64200,e,0.5013236701488495,2,957,
83,64200,f,0.6621859967708588,2,1096,
83,64200,g,0.9614225625991821,2,701,
83,64200,h,0.7281701862812042,2,699,
83,64200,i,0.6637948751449585,2,1095,
83,64500,a,0.8351417779922485,2,1111,
83,64500,b,0.714197039604187,2,1088,
83,64500,c,1.392793893814087,2,925,
83,64500,d,0.911356508731842,2,946,
83,64500,e,0.7379837334156036,2,961,
83,64500,f,0.7412221133708954,2,1103,
83,64500,g,1.0113368332386017,2,704,
83,64500,h,0.662070095539093,2,702,
83,64500,i,0.9850426912307739,2,1099,
83,64800,a,1.0136044025421143,2,1115,
83,64800,b,0.7515231966972351,2,1091,
83,64800,c,1.0155625343322754,2,933,
83,64800,d,0.7123422920703888,2,951,
83,64800,e,0.9285836815834045,2,967,
83,64800,f,0.8470005989074707,2,1106,
83,64800,g,0.9148828685283661,2,706,
83,64800,h,0.883556067943573,2,704,
83,64800,i,0.8023405969142914,2,1101,
83,65100,a,0.7597031593322754,2,1121,
83,65100,b,0.7407681941986084,2,1094,
83,65100,c,1.0534285306930542,2,938,
83,65100,d,0.8277294039726257,2,953,
83,65100,e,0.7489499449729919,2,971,
83,65100,f,0.7291594445705414,2,1111,
83,65100,g,1.109336256980896,2,708,
83,65100,h,0.8755666613578796,2,706,
83,65100,i,0.7202141582965851,2,1105,
83,65400,a,0.9814609289169312,2,1124,
83,65400,b,0.8024292290210724,2,1098,
83,65400,c,0.9417178630828857,2,943,
83,65400,d,0.748335599899292,2,957,
83,65400,e,0.7308180928230286,2,975,
83,65400,f,0.9683285653591156,2,1115,
83,65400,g,1.1666772961616516,2,710,
83,65400,h,0.8888771533966064,2,709,
83,65400,i,0.8092772662639618,2,1110,
83,65700,a,0.7236788272857666,2,1127,
83,65700,b,0.7367423474788666,2,1100,
83,65700,c,0.992124080657959,2,947,
83,65700,d,0.8723036646842957,2,962,
83,65700,e,0.7254285216331482,2,980,
83,65700,f,0.77245232462883,2,1121,
83,65700,g,0.9449499547481537,2,715,
83,65700,h,1.015260398387909,2,712,
83,65700,i,0.6310650110244751,2,1116,
83,66000,a,0.83669513463974,2,1133,
83,66000,b,0.6641213297843933,2,1106,
83,66000,c,0.9702394306659698,2,951,
83,66000,d,0.6937012374401093,2,966,
83,66000,e,0.7198925912380219,2,983,
83,66000,f,0.8294458389282227,2,1129,
83,66000,g,1.0352588891983032,2,719,
83,66000,h,1.0506579875946045,2,716,
83,66000,i,0.6885451674461365,2,1120,
83,66300,a,0.6778548955917358,2,1139,
83,66300,b,0.8449454307556152,2,1114,
83,66300,c,1.1017335653305054,2,954,
83,66300,d,0.8826070725917816,2,970,
83,66300,e,0.6476452350616455,2,988,
83,66300,f,0.5056348592042923,2,1136,
83,66300,g,0.9047734141349792,2,721,
83,66300,h,0.6929309368133545,2,718,
83,66300,i,0.7476039528846741,2,1124,
83,66600,a,0.9074674248695374,2,1145,
83,66600,b,0.7931573390960693,2,1119,
83,66600,c,0.9715766906738281,2,960,
83,66600,d,0.6559725105762482,2,974,
83,66600,e,0.5715516209602356,2,993,
83,66600,f,0.9505450129508972,2,1140,
83,66600,g,0.8831469416618347,2,724,
83,66600,h,0.797888845205307,2,721,
83,66600,i,0.7143607139587402,2,1129,
83,66900,a,1.0259515643119812,2,1151,
83,66900,b,0.8284093737602234,2,1130,
83,66900,c,1.0665160417556763,2,965,
83,66900,d,0.7951570749282837,2,980,
83,66900,e,0.8870691061019897,2,1000,
83,66900,f,0.5826639235019684,2,1147,
83,66900,g,1.0456352829933167,2,728,
83,66900,h,0.8099875450134277,2,724,
83,66900,i,0.7222213745117188,2,1134,
83,67200,a,0.8699907660484314,2,1156,
83,67200,b,0.7568667829036713,2,1133,
83,67200,c,1.2180257439613342,2,970,
83,67200,d,0.7618074417114258,2,984,
83,67200,e,0.4820359945297241,2,1007,
83,67200,f,0.7151658833026886,2,1152,
83,67200,g,0.821763426065445,2,732,
83,67200,h,0.7340466380119324,2,727,
83,67200,i,1.005359411239624,2,1137,
83,67500,a,0.7726997137069702,2,1160,
83,67500,b,0.7616794407367706,2,1137,
83,67500,c,1.1200228929519653,2,972,
83,67500,d,0.7238584756851196,2,987,
83,67500,e,0.8259445130825043,2,1010,
83,67500,f,0.7374921441078186,2,1158,
83,67500,g,0.9920081496238708,2,734,
83,67500,h,0.5646257996559143,2,729,
83,67500,i,0.836849182844162,2,1142,
83,67800,a,0.715125322341919,2,1166,
83,67800,b,0.6193274259567261,2,1142,
83,67800,c,0.9998977482318878,2,977,
83,67800,d,0.7141189277172089,2,991,
83,67800,e,0.7515488564968109,2,1015,
83,67800,f,0.8901793956756592,2,1164,
83,67800,g,1.2632156014442444,2,737,
83,67800,h,0.5812474191188812,2,733,
83,67800,i,0.6445455849170685,2,1147,
83,68100,a,0.6368700861930847,2,1170,
83,68100,b,0.6958325803279877,2,1147,
83,68100,c,1.0589913129806519,2,980,
83,68100,d,0.8072073459625244,2,995,
83,68100,e,0.5876881182193756,2,1019,
83,68100,f,0.6447727531194687,2,1167,
83,68100,g,0.8607214391231537,2,739,
83,68100,h,0.7644329071044922,2,736,
83,68100,i,0.7693137526512146,2,1153,
83,68400,a,0.9483198523521423,2,1174,
83,68400,b,0.9312338829040527,2,1154,
83,68400,c,1.0101856589317322,2,986,
83,68400,d,0.6704693734645844,2,999,
83,68400,e,0.6704283356666565,2,1026,
83,68400,f,0.7353293597698212,2,1173,
83,68400,g,0.8861990571022034,2,742,
83,68400,h,0.7766878306865692,2,739,
83,68400,i,0.8105276226997375,2,1159,
83,68700,a,0.8572012186050415,2,1179,
83,68700,b,0.85871821641922,2,1161,
83,68700,c,1.0776569247245789,2,991,
83,68700,d,0.5781514048576355,2,1004,
83,68700,e,0.6039710342884064,2,1032,
83,68700,f,0.7116408348083496,2,1182,
83,68700,g,0.8562568426132202,2,744,
83,68700,h,0.6425895988941193,2,741,
83,68700,i,0.5370948612689972,2,1164,
83,69000,a,1.0053559839725494,2,1185,
83,69000,b,0.4575084149837494,2,1168,
83,69000,c,1.2568167448043823,2,996,
83,69000,d,0.5331965088844299,2,1009,
83,69000,e,0.733313798904419,2,1036,
83,69000,f,0.5596464574337006,2,1188,
83,69000,g,0.8789711594581604,2,747,
83,69000,h,0.7641079723834991,2,744,
83,69000,i,0.5464296638965607,2,1170,
83,69300,a,1.0533157587051392,2,1190,
83,69300,b,0.7798714339733124,2,1176,
83,69300,c,1.112848550081253,2,999,
83,69300,d,0.7336639761924744,2,1012,
83,69300,e,0.48524442315101624,2,1038,
83,69300,f,0.7321069240570068,2,1194,
83,69300,g,1.0258622467517853,2,752,
83,69300,h,0.6532807648181915,2,749,
83,69300,i,0.7730591595172882,2,1176,
83,69600,a,0.7181004881858826,2,1193,
83,69600,b,0.920128583908081,2,1179,
83,69600,c,0.9820569157600403,2,1005,
83,69600,d,0.7315505146980286,2,1016,
83,69600,e,0.5643232464790344,2,1043,
83,69600,f,0.6568997502326965,2,1201,
83,69600,g,0.8687362670898438,2,754,
83,69600,h,0.6754525601863861,2,751,
83,69600,i,1.0110521912574768,2,1180,
83,69900,a,0.9015770554542542,2,1195,
83,69900,b,0.8828819692134857,2,1182,
83,69900,c,0.9291226863861084,2,1012,
83,69900,d,0.7726874649524689,2,1022,
83,69900,e,0.4102175533771515,2,1049,
83,69900,f,0.6630173027515411,2,1204,
83,69900,g,1.110882043838501,2,757,
83,69900,h,0.790400505065918,2,755,
83,69900,i,0.8821122944355011,2,1183,
83,70200,a,0.7340060770511627,2,1202,
83,70200,b,0.935265988111496,2,1187,
83,70200,c,0.9233763813972473,2,1017,
83,70200,d,0.8675779104232788,2,1027,
83,70200,e,0.5792926251888275,2,1057,
83,70200,f,0.8480225205421448,2,1209,
83,70200,g,0.9939668774604797,2,760,
83,70200,h,0.5180877447128296,2,757,
83,70200,i,0.6056172251701355,2,1187,
83,70500,a,0.821224182844162,2,1206,
83,70500,b,0.7468098402023315,2,1192,
83,70500,c,1.0799888968467712,2,1020,
83,70500,d,0.6135565340518951,2,1030,
83,70500,e,0.47187626361846924,2,1062,
83,70500,f,0.9012591987848282,2,1215,
83,70500,g,0.969286173582077,2,763,
83,70500,h,0.7046735882759094,2,759,
83,70500,i,0.636221319437027,2,1190,
83,70800,a,0.8042763769626617,2,1210,
83,70800,b,0.8396593630313873,2,1198,
83,70800,c,0.9354417324066162,2,1024,
83,70800,d,0.8948239386081696,2,1035,
83,70800,e,0.7836004495620728,2,1065,
83,70800,f,0.6338294446468353,2,1218,
83,70800,g,0.8964672088623047,2,766,
83,70800,h,0.8046203851699829,2,762,
83,70800,i,0.6262655854225159,2,1196,
83,71100,a,0.8710023462772369,2,1217,
83,71100,b,0.9337505102157593,2,1206,
83,71100,c,1.0016031861305237,2,1030,
83,71100,d,0.4807194322347641,2,1037,
83,71100,e,0.4044297784566879,2,1070,
83,71100,f,0.551425576210022,2,1225,
83,71100,g,1.0601861476898193,2,770,
83,71100,h,0.8644704520702362,2,766,
83,71100,i,0.5934522151947021,2,1205,
83,71400,a,0.7999303042888641,2,1224,
83,71400,b,0.793630450963974,2,1213,
83,71400,c,1.0879685282707214,2,1036,
83,71400,d,0.47323378920555115,2,1043,
83,71400,e,0.5311990678310394,2,1076,
83,71400,f,0.8322073817253113,2,1231,
83,71400,g,1.013403832912445,2,772,
83,71400,h,0.763841450214386,2,770,
83,71400,i,0.4464026987552643,2,1209,
83,71700,a,0.9041159152984619,2,1231,
83,71700,b,0.6009573340415955,2,1217,
83,71700,c,0.9086429476737976,2,1040,
83,71700,d,0.4846498966217041,2,1050,
83,71700,e,0.7218209803104401,2,1082,
83,71700,f,0.6517854332923889,2,1235,
83,71700,g,0.9606909155845642,2,774,
83,71700,h,0.8008311986923218,2,772,
83,71700,i,0.6268687844276428,2,1216,
83,72000,a,1.0986710488796234,2,1235,
83,72000,b,0.9961477518081665,2,1221,
83,72000,c,0.8885648250579834,2,1045,
83,72000,d,0.6466962397098541,2,1054,
83,72000,e,0.6619016528129578,2,1086,
83,72000,f,0.7069677710533142,2,1240,
83,72000,g,0.8311423063278198,2,778,
83,72000,h,0.6419989913702011,2,779,
83,72000,i,0.7075652480125427,2,1219,
83,72300,a,0.8840765058994293,2,1239,
83,72300,b,0.6501192897558212,2,1226,
83,72300,c,0.985479325056076,2,1049,
83,72300,d,0.597418487071991,2,1057,
83,72300,e,0.6154181808233261,2,1089,
83,72300,f,0.7341664433479309,2,1244,
83,72300,g,0.9525866210460663,2,782,
83,72300,h,0.9024668633937836,2,784,
83,72300,i,0.738475501537323,2,1225,
83,72600,a,0.8505367040634155,2,1245,
83,72600,b,0.758931428194046,2,1231,
83,72600,c,1.1291232109069824,2,1053,
83,72600,d,0.8314453661441803,2,1061,
83,72600,e,0.542009025812149,2,1092,
83,72600,f,0.4149055778980255,2,1248,
83,72600,g,1.0106735229492188,2,785,
83,72600,h,0.6219678819179535,2,787,
83,72600,i,0.6932197213172913,2,1229,
83,72900,a,0.7665338814258575,2,1248,
83,72900,b,0.6998567283153534,2,1233,
83,72900,c,0.8857549428939819,2,1060,
83,72900,d,0.7235473692417145,2,1067,
83,72900,e,0.5667452812194824,2,1098,
83,72900,f,0.4605105072259903,2,1252,
83,72900,g,0.987031877040863,2,788,
83,72900,h,0.6562009453773499,2,791,
83,72900,i,0.7674157321453094,2,1232,
83,73200,a,0.8474642038345337,2,1253,
83,73200,b,0.7861873805522919,2,1236,
83,73200,c,1.0630948543548584,2,1063,
83,73200,d,0.7234029471874237,2,1071,
83,73200,e,0.8800473511219025,2,1101,
83,73200,f,0.8095811903476715,2,1255,
83,73200,g,0.8482488393783569,2,792,
83,73200,h,0.8904886245727539,2,794,
83,73200,i,0.6691381931304932,2,1235,
83,73500,a,0.8114131689071655,2,1259,
83,73500,b,0.5615435242652893,2,1240,
83,73500,c,0.963647335767746,2,1067,
83,73500,d,0.57966348528862,2,1075,
83,73500,e,0.7767907381057739,2,1104,
83,73500,f,0.7968471646308899,2,1261,
83,73500,g,0.9161251783370972,2,794,
83,73500,h,0.7563212662935257,2,797,
83,73500,i,0.638626366853714,2,1243,
83,73800,a,0.8743755519390106,2,1264,
83,73800,b,0.8330433070659637,2,1244,
83,73800,c,0.8892240822315216,2,1072,
83,73800,d,0.8323366343975067,2,1079,
83,73800,e,0.6184530854225159,2,1109,
83,73800,f,0.5589258670806885,2,1264,
83,73800,g,0.8066521883010864,2,798,
83,73800,h,0.6138653457164764,2,801,
83,73800,i,0.7874917387962341,2,1246,
83,74100,a,0.7957935631275177,2,1270,
83,74100,b,0.6839825212955475,2,1249,
83,74100,c,1.0213611721992493,2,1080,
83,74100,d,0.6467388272285461,2,1084,
83,74100,e,0.6649114489555359,2,1114,
83,74100,f,0.527403861284256,2,1270,
83,74100,g,1.110353171825409,2,802,
83,74100,h,1.008972853422165,2,806,
83,74100,i,0.5863185226917267,2,1252,
83,74400,a,0.8529406785964966,2,1274,
83,74400,b,0.875325471162796,2,1254,
83,74400,c,1.0799956321716309,2,1084,
83,74400,d,0.765314519405365,2,1089,
83,74400,e,0.6190075576305389,2,1118,
83,74400,f,0.6473105251789093,2,1276,
83,74400,g,1.0389375686645508,2,804,
83,74400,h,0.6897048354148865,2,809,
83,74400,i,0.6632740497589111,2,1258,
83,74700,a,0.913918524980545,2,1279,
83,74700,b,0.823465496301651,2,1261,
83,74700,c,1.0545448660850525,2,1087,
83,74700,d,1.0707485675811768,2,1094,
83,74700,e,0.4576377868652344,2,1124,
83,74700,f,0.5760146677494049,2,1279,
83,74700,g,1.0001548528671265,2,808,
83,74700,h,0.7171849310398102,2,814,
83,74700,i,0.5731179267168045,2,1263,
83,75000,a,0.821979284286499,2,1283,
83,75000,b,0.6337941288948059,2,1266,
83,75000,c,1.4088162779808044,2,1092,
83,75000,d,0.6718466430902481,2,1097,
83,75000,e,0.8397344946861267,2,1129,
83,75000,f,0.5896437764167786,2,1285,
83,75000,g,1.1809147000312805,2,811,
83,75000,h,0.6987639367580414,2,816,
83,75000,i,0.7494738101959229,2,1268,
83,75300,a,0.8469486832618713,2,1291,
83,75300,b,0.6207454800605774,2,1272,
83,75300,c,1.002857893705368,2,1096,
83,75300,d,0.5296704173088074,2,1102,
83,75300,e,0.5704295039176941,2,1131,
83,75300,f,0.7859277129173279,2,1289,
83,75300,g,1.0338886976242065,2,815,
83,75300,h,0.6263702064752579,2,820,
83,75300,i,0.6100406795740128,2,1273,
83,75600,a,0.8185751736164093,2,1295,
83,75600,b,0.8377371430397034,2,1277,
83,75600,c,0.9783545732498169,2,1101,
83,75600,d,0.609406515955925,2,1105,
83,75600,e,0.672074943780899,2,1135,
83,75600,f,0.46707263588905334,2,1294,
83,75600,g,0.8226732015609741,2,820,
83,75600,h,0.5653889030218124,2,826,
83,75600,i,0.5155364722013474,2,1277,
83,75900,a,0.6458576321601868,2,1302,
83,75900,b,0.5128428041934967,2,1283,
83,75900,c,1.0874887704849243,2,1105,
83,75900,d,0.5466416776180267,2,1109,
83,75900,e,0.6175684928894043,2,1137,
83,75900,f,0.7409588098526001,2,1299,
83,75900,g,0.7959747016429901,2,824,
83,75900,h,0.7603769898414612,2,831,
83,75900,i,0.7812274694442749,2,1282,
83,76200,a,0.6870372593402863,2,1306,
83,76200,b,0.836545318365097,2,1288,
83,76200,c,1.0052281022071838,2,1109,
83,76200,d,0.6625491976737976,2,1115,
83,76200,e,0.5300327390432358,2,1142,
83,76200,f,0.5887593328952789,2,1303,
83,76200,g,1.0404895544052124,2,827,
83,76200,h,0.5943518579006195,2,835,
83,76200,i,0.7444949746131897,2,1288,
83,76500,a,0.9158737063407898,2,1310,
83,76500,b,0.6325201541185379,2,1294,
83,76500,c,0.9705770015716553,2,1113,
83,76500,d,0.5468396544456482,2,1119,
83,76500,e,0.6412111967802048,2,1147,
83,76500,f,0.595428854227066,2,1306,
83,76500,g,0.9275209009647369,2,830,
83,76500,h,0.7970115095376968,2,838,
83,76500,i,0.5985289216041565,2,1293,
83,76800,a,0.7545125484466553,2,1315,
83,76800,b,0.7959063947200775,2,1298,
83,76800,c,0.9000915288925171,2,1119,
83,76800,d,0.8550946414470673,2,1124,
83,76800,e,0.43495191633701324,2,1150,
83,76800,f,0.6051358282566071,2,1311,
83,76800,g,0.9436964690685272,2,835,
83,76800,h,0.7844865322113037,2,843,
83,76800,i,0.6337868869304657,2,1301,
83,77100,a,0.7591288089752197,2,1323,
83,77100,b,0.8611304759979248,2,1303,
83,77100,c,0.9709751605987549,2,1122,
83,77100,d,0.6874743103981018,2,1127,
83,77100,e,0.5449844002723694,2,1155,
83,77100,f,0.6901888251304626,2,1318,
83,77100,g,0.767331063747406,2,837,
83,77100,h,0.6465341448783875,2,845,
83,77100,i,0.7759013772010803,2,1308,
83,77400,a,0.8570477664470673,2,1328,
83,77400,b,0.8064181208610535,2,1312,
83,77400,c,1.0840337872505188,2,1124,
83,77400,d,0.9207609295845032,2,1130,
83,77400,e,0.6785099804401398,2,1158,
83,77400,f,0.6716117858886719,2,1326,
83,77400,g,0.8199923634529114,2,839,
83,77400,h,1.0158773064613342,2,850,
83,77400,i,0.4024370163679123,2,1314,
83,77700,a,0.8148630559444427,2,1331,
83,77700,b,0.691215306520462,2,1317,
83,77700,c,0.9852786064147949,2,1128,
83,77700,d,0.6742248237133026,2,1134,
83,77700,e,0.6908039450645447,2,1160,
83,77700,f,0.4383961856365204,2,1331,
83,77700,g,0.8974295258522034,2,842,
83,77700,h,0.7092084586620331,2,853,
83,77700,i,0.6372846961021423,2,1317,
83,78000,a,0.7199414372444153,2,1333,
83,78000,b,0.5799974501132965,2,1321,
83,78000,c,0.9916318655014038,2,1131,
83,78000,d,0.8050260245800018,2,1137,
83,78000,e,0.8650687336921692,2,1163,
83,78000,f,0.794257402420044,2,1336,
83,78000,g,0.959217369556427,2,847,
83,78000,h,0.9042757153511047,2,858,
83,78000,i,0.732582300901413,2,1321,
83,78300,a,0.8064748644828796,2,1335,
83,78300,b,0.9000934958457947,2,1324,
83,78300,c,0.9135496616363525,2,1134,
83,78300,d,0.49831581115722656,2,1142,
83,78300,e,0.6411191821098328,2,1167,
83,78300,f,0.7187050879001617,2,1338,
83,78300,g,0.8138634264469147,2,850,
83,78300,h,0.7393535375595093,2,861,
83,78300,i,0.5127205848693848,2,1324,
83,78600,a,0.6917778253555298,2,1344,
83,78600,b,0.9233133494853973,2,1331,
83,78600,c,0.9438782334327698,2,1139,
83,78600,d,0.661861002445221,2,1148,
83,78600,e,0.6142285168170929,2,1173,
83,78600,f,0.7614174485206604,2,1341,
83,78600,g,0.8022002279758453,2,852,
83,78600,h,0.7637424170970917,2,863,
83,78600,i,0.583553671836853,2,1330,
83,78900,a,0.7538302838802338,2,1349,
83,78900,b,0.5388039350509644,2,1338,
83,78900,c,0.8427896499633789,2,1143,
83,78900,d,0.5471442639827728,2,1153,
83,78900,e,0.4773639291524887,2,1177,
83,78900,f,0.7714292109012604,2,1347,
83,78900,g,0.9599258899688721,2,855,
83,78900,h,0.7652304172515869,2,866,
83,78900,i,0.6129302084445953,2,1333,
83,79200,a,0.9968326985836029,2,1355,
83,79200,b,0.9275159537792206,2,1345,
83,79200,c,0.9679186344146729,2,1148,
83,79200,d,0.6313182413578033,2,1157,
83,79200,e,0.5614157021045685,2,1182,
83,79200,f,0.8876455128192902,2,1354,
83,79200,g,0.9995192587375641,2,858,
83,79200,h,0.8048884272575378,2,871,
83,79200,i,0.7634613513946533,2,1340,
83,79500,a,0.6765922904014587,2,1357,
83,79500,b,0.5803301930427551,2,1348,
83,79500,c,0.9717319011688232,2,1155,
83,79500,d,0.6538809239864349,2,1164,
83,79500,e,0.4957844763994217,2,1186,
83,79500,f,0.7659958004951477,2,1357,
83,79500,g,0.8978919982910156,2,862,
83,79500,h,0.8918978869915009,2,874,
83,79500,i,0.7852017283439636,2,1343,
83,79800,a,0.7659853100776672,2,1362,
83,79800,b,0.7023950815200806,2,1354,
83,79800,c,1.0047470331192017,2,1158,
83,79800,d,0.5167399048805237,2,1167,
83,79800,e,0.4593570828437805,2,1190,
83,79800,f,0.7099366337060928,2,1366,
83,79800,g,0.9974528551101685,2,867,
83,79800,h,0.7647833228111267,2,879,
83,79800,i,0.9332747757434845,2,1349,
83,80100,a,1.0680076479911804,2,1366,
83,80100,b,0.689145565032959,2,1360,
83,80100,c,1.0597593784332275,2,1164,
83,80100,d,0.7540715038776398,2,1173,
83,80100,e,0.5294458270072937,2,1196,
83,80100,f,0.6438436210155487,2,1370,
83,80100,g,0.821942150592804,2,869,
83,80100,h,0.6366219818592072,2,881,
83,80100,i,0.5672689080238342,2,1354,
83,80400,a,0.7148273289203644,2,1369,
83,80400,b,0.9155194163322449,2,1365,
83,80400,c,1.198292315006256,2,1167,
83,80400,d,0.6058436334133148,2,1175,
83,80400,e,0.5835986137390137,2,1198,
83,80400,f,1.054693341255188,2,1376,
83,80400,g,0.9279510974884033,2,872,
83,80400,h,0.46756094694137573,2,885,
83,80400,i,0.829948365688324,2,1358,
83,80700,a,1.0345439314842224,2,1377,
83,80700,b,0.9959073066711426,2,1373,
83,80700,c,1.0408902168273926,2,1174,
83,80700,d,0.598491907119751,2,1179,
83,80700,e,0.7018497288227081,2,1203,
83,80700,f,0.6560478806495667,2,1381,
83,80700,g,0.798326164484024,2,876,
83,80700,h,0.7523833811283112,2,889,
83,80700,i,0.5249596983194351,2,1363,
83,81000,a,0.8108094036579132,2,1381,
83,81000,b,1.1029274463653564,2,1378,
83,81000,c,0.998165100812912,2,1179,
83,81000,d,0.5154773890972137,2,1183,
83,81000,e,0.45802393555641174,2,1206,
83,81000,f,1.023367553949356,2,1385,
83,81000,g,0.8877720236778259,2,881,
83,81000,h,0.49170567095279694,2,894,
83,81000,i,0.6867819428443909,2,1366,
83,81300,a,0.7296794652938843,2,1385,
83,81300,b,0.7558816075325012,2,1380,
83,81300,c,1.0365456342697144,2,1181,
83,81300,d,0.6953907310962677,2,1186,
83,81300,e,0.523345410823822,2,1209,
83,81300,f,0.5625125467777252,2,1389,
83,81300,g,0.825234055519104,2,885,
83,81300,h,0.674633264541626,2,899,
83,81300,i,0.8421982228755951,2,1369,
83,81600,a,0.6255698800086975,2,1392,
83,81600,b,0.6758393049240112,2,1385,
83,81600,c,1.0067330598831177,2,1186,
83,81600,d,0.7209499478340149,2,1192,
83,81600,e,0.5031500309705734,2,1214,
83,81600,f,0.8040200769901276,2,1392,
83,81600,g,0.8562319576740265,2,889,
83,81600,h,0.7709708511829376,2,902,
83,81600,i,0.6588089019060135,2,1374,
83,81900,a,0.9741901457309723,2,1396,
83,81900,b,0.6086843609809875,2,1390,
83,81900,c,1.2145968675613403,2,1189,
83,81900,d,0.5941942036151886,2,1196,
83,81900,e,0.7559925019741058,2,1217,
83,81900,f,1.0645474791526794,2,1398,
83,81900,g,0.9368881285190582,2,892,
83,81900,h,0.4908820688724518,2,905,
83,81900,i,0.775512307882309,2,1378,
83,82200,a,0.941948652267456,2,1406,
83,82200,b,0.6048627197742462,2,1401,
83,82200,c,0.8154230415821075,2,1193,
83,82200,d,0.7317184507846832,2,1198,
83,82200,e,0.43005937337875366,2,1220,
83,82200,f,0.6697373986244202,2,1402,
83,82200,g,0.9644877016544342,2,896,
83,82200,h,0.5929034650325775,2,909,
83,82200,i,0.7968482673168182,2,1384,
83,82500,a,0.6431137323379517,2,1409,
83,82500,b,0.7534596920013428,2,1408,
83,82500,c,1.1384699940681458,2,1197,
83,82500,d,0.609891414642334,2,1201,
83,82500,e,0.3954959660768509,2,1223,
83,82500,f,0.5891574323177338,2,1405,
83,82500,g,0.9491599798202515,2,900,
83,82500,h,0.6735537648200989,2,911,
83,82500,i,0.5918084383010864,2,1388,
83,82800,a,1.0080842077732086,2,1413,
83,82800,b,0.7654428482055664,2,1415,
83,82800,c,0.9796088337898254,2,1203,
83,82800,d,0.3918841779232025,2,1205,
83,82800,e,0.4368840605020523,2,1230,
83,82800,f,0.5215340554714203,2,1408,
83,82800,g,0.9149918258190155,2,904,
83,82800,h,0.7837577164173126,2,915,
83,82800,i,0.6457938551902771,2,1394,
83,83100,a,0.5913854837417603,2,1418,
83,83100,b,0.6720476448535919,2,1422,
83,83100,c,0.9958076179027557,2,1209,
83,83100,d,0.8362263739109039,2,1209,
83,83100,e,0.7141718566417694,2,1234,
83,83100,f,0.49737605452537537,2,1414,
83,83100,g,0.7620998024940491,2,906,
83,83100,h,0.6028909385204315,2,918,
83,83100,i,0.7585325837135315,2,1401,
83,83400,a,0.6521278619766235,2,1421,
83,83400,b,0.7313900589942932,2,1429,
83,83400,c,0.959585428237915,2,1213,
83,83400,d,0.5785855352878571,2,1213,
83,83400,e,0.49117428064346313,2,1238,
83,83400,f,0.6293800175189972,2,1418,
83,83400,g,0.9906563460826874,2,910,
83,83400,h,0.6668869853019714,2,921,
83,83400,i,0.47822506725788116,2,1405,
83,83700,a,0.7608694732189178,2,1426,
83,83700,b,0.567882627248764,2,1433,
83,83700,c,0.9390657544136047,2,1218,
83,83700,d,0.49191850423812866,2,1218,
83,83700,e,0.5241447687149048,2,1242,
83,83700,f,0.71477410197258,2,1422,
83,83700,g,0.669829249382019,2,915,
83,83700,h,0.6693244278430939,2,925,
83,83700,i,0.481515496969223,2,1408,
83,84000,a,0.6729427874088287,2,1431,
83,84000,b,0.6649547219276428,2,1436,
83,84000,c,1.0742788910865784,2,1222,
83,84000,d,0.635627806186676,2,1222,
83,84000,e,0.3707209378480911,2,1244,
83,84000,f,0.5953294932842255,2,1428,
83,84000,g,0.8469216525554657,2,918,
83,84000,h,0.5832954049110413,2,929,
83,84000,i,0.6479853391647339,2,1413,
83,84300,a,0.6777268648147583,2,1435,
83,84300,b,0.7570868134498596,2,1440,
83,84300,c,0.8816695213317871,2,1225,
83,84300,d,0.5379340648651123,2,1226,
83,84300,e,0.430073618888855,2,1248,
83,84300,f,0.5800555944442749,2,1430,
83,84300,g,0.7871927917003632,2,921,
83,84300,h,0.794386476278305,2,931,
83,84300,i,0.48257070779800415,2,1417,
83,84600,a,0.5044286251068115,2,1440,
83,84600,b,0.587335616350174,2,1447,
83,84600,c,0.9800432920455933,2,1227,
83,84600,d,0.5453327298164368,2,1228,
83,84600,e,0.625471293926239,2,1250,
83,84600,f,0.674334853887558,2,1436,
83,84600,g,1.00674307346344,2,924,
83,84600,h,0.5691773891448975,2,934,
83,84600,i,0.5810249894857407,2,1423,
83,84900,a,0.9732310771942139,2,1448,
83,84900,b,0.9014320373535156,2,1451,
83,84900,c,1.2809954285621643,2,1231,
83,84900,d,0.6396380513906479,2,1232,
83,84900,e,0.7122665643692017,2,1255,
83,84900,f,0.7261632084846497,2,1441,
83,84900,g,0.9221238195896149,2,926,
83,84900,h,0.9037276804447174,2,936,
83,84900,i,0.7529418468475342,2,1430,
83,85200,a,0.7673595547676086,2,1453,
83,85200,b,0.7639673948287964,2,1458,
83,85200,c,0.9346937835216522,2,1234,
83,85200,d,0.6317893266677856,2,1237,
83,85200,e,0.8737335801124573,2,1259,
83,85200,f,0.46072818338871,2,1450,
83,85200,g,1.0301325917243958,2,929,
83,85200,h,0.8001240193843842,2,939,
83,85200,i,0.40493710339069366,2,1435,
83,85500,a,0.8324543833732605,2,1458,
83,85500,b,0.54700568318367,2,1462,
83,85500,c,0.8760817348957062,2,1240,
83,85500,d,0.6109673380851746,2,1240,
83,85500,e,0.7469019889831543,2,1263,
83,85500,f,0.5379830598831177,2,1455,
83,85500,g,0.8879624009132385,2,931,
83,85500,h,0.5995473265647888,2,941,
83,85500,i,0.688103437423706,2,1440,
83,85800,a,0.7644123435020447,2,1461,
83,85800,b,0.6671028137207031,2,1466,
83,85800,c,0.9739610552787781,2,1242,
83,85800,d,0.5084217488765717,2,1245,
83,85800,e,0.8998044729232788,2,1268,
83,85800,f,0.5677671581506729,2,1459,
83,85800,g,0.9962087869644165,2,935,
83,85800,h,0.6422119736671448,2,945,
83,85800,i,0.7257380187511444,2,1444,
83,86100,a,0.8274320065975189,2,1467,
83,86100,b,0.7192655801773071,2,1471,
83,86100,c,0.992495059967041,2,1244,
83,86100,d,0.4358120709657669,2,1248,
83,86100,e,0.5188736021518707,2,1270,
83,86100,f,0.532059371471405,2,1469,
83,86100,g,0.7521051168441772,2,937,
83,86100,h,0.646287739276886,2,947,
83,86100,i,0.5386750847101212,2,1451,
83,86400,a,0.7241666913032532,2,1471,
83,86400,b,0.6258401423692703,2,1475,
83,86400,c,1.106593757867813,2,1248,
83,86400,d,0.6390702724456787,2,1252,
83,86400,e,0.5943299233913422,2,1274,
83,86400,f,0.8346747159957886,2,1475,
83,86400,g,0.8049871027469635,2,941,
83,86400,h,0.5709158182144165,2,950,
83,86400,i,0.5156933516263962,2,1455,
