seed,time,node,loss,sgd_steps,total_sgd_steps,details
7,0,a,1.8597581386566162,2,2,
7,0,b,1.821827471256256,2,2,
7,0,c,1.7688507437705994,2,2,
7,0,d,1.7856345176696777,2,2,
7,0,e,1.796581506729126,2,2,
7,0,f,1.8339264392852783,2,2,
7,0,g,1.7721988558769226,2,2,
7,0,h,1.8500813245773315,2,2,
7,0,i,1.8098152875900269,2,2,
7,300,a,1.7960176467895508,2,4,
7,300,b,1.7664076685905457,2,4,
7,300,c,1.7798764109611511,2,4,
7,300,d,1.8160035610198975,2,4,
7,300,e,1.7757875323295593,2,4,
7,300,f,1.7810967564582825,2,4,
7,300,g,1.814475655555725,2,4,
7,300,h,1.7733778357505798,2,4,
7,300,i,1.7734066247940063,2,4,
7,600,a,1.8223877549171448,2,6,
7,600,b,1.7699702382087708,2,6,
7,600,c,1.8020626306533813,2,6,
7,600,d,1.8044764399528503,2,6,
7,600,e,1.7280481457710266,2,6,
7,600,f,1.7625011205673218,2,6,
7,600,g,1.7962300181388855,2,6,
7,600,h,1.7647650241851807,2,6,
7,600,i,1.8238846063613892,2,6,
7,900,a,1.800029695034027,2,8,
7,900,b,1.761422574520111,2,8,
7,900,c,1.7935441732406616,2,8,
7,900,d,1.790378987789154,2,8,
7,900,e,1.7550263404846191,2,8,
7,900,f,1.7475765943527222,2,8,
7,900,g,1.775816261768341,2,8,
7,900,h,1.7478859424591064,2,8,
7,900,i,1.7844548225402832,2,8,
7,1200,a,1.7888622283935547,2,10,
7,1200,b,1.7804815769195557,2,10,
7,1200,c,1.7601505517959595,2,10,
7,1200,d,1.7478517889976501,2,10,
7,1200,e,1.76953125,2,10,
7,1200,f,1.7775399684906006,2,10,
7,1200,g,1.786669373512268,2,10,
7,1200,h,1.7220305800437927,2,10,
7,1200,i,1.7459465265274048,2,10,
7,1500,a,1.736724853515625,2,12,
7,1500,b,1.7671582102775574,2,12,
7,1500,c,1.8122287392616272,2,12,
7,1500,d,1.819779396057129,2,12,
7,1500,e,1.7855423092842102,2,12,
7,1500,f,1.831798493862152,2,12,
7,1500,g,1.7653459906578064,2,12,
7,1500,h,1.7366542220115662,2,12,
7,1500,i,1.7498810291290283,2,12,
7,1800,a,1.7530058026313782,2,14,
7,1800,b,1.7403987646102905,2,14,
7,1800,c,1.6757064461708069,2,14,
7,1800,d,1.785172939300537,2,14,
7,1800,e,1.7378540635108948,2,14,
7,1800,f,1.785274863243103,2,14,
7,1800,g,1.7660412192344666,2,14,
7,1800,h,1.7915035486221313,2,14,
7,1800,i,1.7506898641586304,2,14,
7,2100,a,1.7376547455787659,2,16,
7,2100,b,1.8172779083251953,2,16,
7,2100,c,1.8088194131851196,2,16,
7,2100,d,1.7281667590141296,2,16,
7,2100,e,1.7676512002944946,2,16,
7,2100,f,1.755215346813202,2,16,
7,2100,g,1.760272741317749,2,16,
7,2100,h,1.7494173049926758,2,16,
7,2100,i,1.7503598928451538,2,16,
7,2400,a,1.7661058902740479,2,18,
7,2400,b,1.7996194958686829,2,18,
7,2400,c,1.7724243998527527,2,18,
7,2400,d,1.696818232536316,2,18,
7,2400,e,1.7683159708976746,2,18,
7,2400,f,1.8067601919174194,2,18,
7,2400,g,1.762943148612976,2,18,
7,2400,h,1.7655602097511292,2,18,
7,2400,i,1.7419705390930176,2,18,
7,2700,a,1.7635709047317505,2,20,
7,2700,b,1.7694616317749023,2,20,
7,2700,c,1.756889522075653,2,20,
7,2700,d,1.7581276893615723,2,20,
7,2700,e,1.7095599174499512,2,20,
7,2700,f,1.7329668998718262,2,20,
7,2700,g,1.7678059935569763,2,20,
7,2700,h,1.7697004079818726,2,20,
7,2700,i,1.7496631145477295,2,20,
7,3000,a,1.8082575798034668,2,22,
7,3000,b,1.7789549231529236,2,22,
7,3000,c,1.7314547896385193,2,22,
7,3000,d,1.7761990427970886,2,22,
7,3000,e,1.7137595415115356,2,22,
7,3000,f,1.772562325000763,2,22,
7,3000,g,1.7797707319259644,2,22,
7,3000,h,1.7978233695030212,2,22,
7,3000,i,1.7811045050621033,2,22,
7,3300,a,1.788866102695465,2,24,
7,3300,b,1.7771520018577576,2,24,
7,3300,c,1.755590796470642,2,24,
7,3300,d,1.758556842803955,2,24,
7,3300,e,1.739927053451538,2,24,
7,3300,f,1.71336430311203,2,24,
7,3300,g,1.7556142210960388,2,24,
7,3300,h,1.7213473320007324,2,24,
7,3300,i,1.7572194337844849,2,24,
7,3600,a,1.74528169631958,2,26,
7,3600,b,1.752419114112854,2,26,
7,3600,c,1.760545790195465,2,26,
7,3600,d,1.7273717522621155,2,26,
7,3600,e,1.7371096014976501,2,26,
7,3600,f,1.7512522339820862,2,26,
7,3600,g,1.7455381155014038,2,26,
7,3600,h,1.7850145101547241,2,26,
7,3600,i,1.7697983980178833,2,26,
7,3900,a,1.7202837467193604,2,28,
7,3900,b,1.7876189947128296,2,28,
7,3900,c,1.8054791688919067,2,28,
7,3900,d,1.700487732887268,2,28,
7,3900,e,1.739686131477356,2,28,
7,3900,f,1.7336686849594116,2,28,
7,3900,g,1.6836643815040588,2,28,
7,3900,h,1.7444490790367126,2,28,
7,3900,i,1.7597785592079163,2,28,
7,4200,a,1.6931664943695068,2,30,
7,4200,b,1.7625043392181396,2,30,
7,4200,c,1.7795259952545166,2,30,
7,4200,d,1.7371371984481812,2,30,
7,4200,e,1.7042317986488342,2,30,
7,4200,f,1.7636176943778992,2,30,
7,4200,g,1.7609272003173828,2,30,
7,4200,h,1.7296412587165833,2,30,
7,4200,i,1.7171148657798767,2,30,
7,4500,a,1.7044121026992798,2,32,
7,4500,b,1.7381986379623413,2,32,
7,4500,c,1.7400749921798706,2,32,
7,4500,d,1.7346796989440918,2,32,
7,4500,e,1.7408657670021057,2,32,
7,4500,f,1.750148057937622,2,32,
7,4500,g,1.7119419574737549,2,32,
7,4500,h,1.7174766063690186,2,32,
7,4500,i,1.753705382347107,2,32,
7,4800,a,1.7406072616577148,2,34,
7,4800,b,1.7498597502708435,2,34,
7,4800,c,1.7120380997657776,2,34,
7,4800,d,1.7294357419013977,2,34,
7,4800,e,1.7275987267494202,2,34,
7,4800,f,1.6973183751106262,2,34,
7,4800,g,1.7643973231315613,2,34,
7,4800,h,1.7714366912841797,2,34,
7,4800,i,1.6800483465194702,2,34,
7,5100,a,1.7310252785682678,2,36,
7,5100,b,1.7271472215652466,2,36,
7,5100,c,1.7871378064155579,2,36,
7,5100,d,1.6912776231765747,2,36,
7,5100,e,1.7302428483963013,2,36,
7,5100,f,1.6791120767593384,2,36,
7,5100,g,1.7458385825157166,2,36,
7,5100,h,1.7114314436912537,2,36,
7,5100,i,1.6764137744903564,2,36,
7,5400,a,1.6965904831886292,2,38,
7,5400,b,1.7654601335525513,2,38,
7,5400,c,1.7746556401252747,2,38,
7,5400,d,1.7239488363265991,2,38,
7,5400,e,1.68599534034729,2,38,
7,5400,f,1.6930761337280273,2,38,
7,5400,g,1.7213740348815918,2,38,
7,5400,h,1.7478489875793457,2,38,
7,5400,i,1.6713027358055115,2,38,
7,5700,a,1.7156547904014587,2,40,
7,5700,b,1.7258743047714233,2,40,
7,5700,c,1.791139006614685,2,40,
7,5700,d,1.6811476349830627,2,40,
7,5700,e,1.669734537601471,2,40,
7,5700,f,1.6843438148498535,2,40,
7,5700,g,1.666489064693451,2,40,
7,5700,h,1.7628071308135986,2,40,
7,5700,i,1.6957136988639832,2,40,
7,6000,a,1.7286941409111023,2,42,
7,6000,b,1.6867668628692627,2,42,
7,6000,c,1.7096412777900696,2,42,
7,6000,d,1.6409211158752441,2,42,
7,6000,e,1.701614260673523,2,42,
7,6000,f,1.7274823188781738,2,42,
7,6000,g,1.734738826751709,2,42,
7,6000,h,1.7097101211547852,2,42,
7,6000,i,1.7052273154258728,2,42,
7,6300,a,1.6736516952514648,2,44,
7,6300,b,1.746513307094574,2,44,
7,6300,c,1.7215062379837036,2,44,
7,6300,d,1.6713387370109558,2,44,
7,6300,e,1.7109363079071045,2,44,
7,6300,f,1.7499841451644897,2,44,
7,6300,g,1.6890157461166382,2,44,
7,6300,h,1.653127908706665,2,44,
7,6300,i,1.7191576957702637,2,44,
7,6600,a,1.6567589044570923,2,46,
7,6600,b,1.6786338090896606,2,46,
7,6600,c,1.7248474955558777,2,46,
7,6600,d,1.7045815587043762,2,46,
7,6600,e,1.629940390586853,2,46,
7,6600,f,1.7065032124519348,2,46,
7,6600,g,1.668082356452942,2,46,
7,6600,h,1.6883463859558105,2,46,
7,6600,i,1.6809833645820618,2,46,
7,6900,a,1.6013381481170654,2,48,
7,6900,b,1.6615152955055237,2,48,
7,6900,c,1.6908520460128784,2,48,
7,6900,d,1.6760098934173584,2,48,
7,6900,e,1.6397186517715454,2,48,
7,6900,f,1.6608738899230957,2,48,
7,6900,g,1.659155011177063,2,48,
7,6900,h,1.710275650024414,2,48,
7,6900,i,1.6196476221084595,2,48,
7,7200,a,1.6289702653884888,2,50,
7,7200,b,1.7017154693603516,2,50,
7,7200,c,1.746401309967041,2,50,
7,7200,d,1.6672855615615845,2,50,
7,7200,e,1.6831702589988708,2,50,
7,7200,f,1.660589575767517,2,50,
7,7200,g,1.6734707355499268,2,50,
7,7200,h,1.6474653482437134,2,50,
7,7200,i,1.6528571248054504,2,50,
7,7500,a,1.5731579065322876,2,52,
7,7500,b,1.710576355457306,2,52,
7,7500,c,1.6876740455627441,2,52,
7,7500,d,1.6487478017807007,2,52,
7,7500,e,1.6561367511749268,2,52,
7,7500,f,1.6806991696357727,2,52,
7,7500,g,1.704788327217102,2,52,
7,7500,h,1.7189081311225891,2,52,
7,7500,i,1.6119937300682068,2,52,
7,7800,a,1.659781575202942,2,54,
7,7800,b,1.6969903707504272,2,54,
7,7800,c,1.6969607472419739,2,54,
7,7800,d,1.6215260028839111,2,54,
7,7800,e,1.657735288143158,2,54,
7,7800,f,1.6419983506202698,2,54,
7,7800,g,1.6407765746116638,2,54,
7,7800,h,1.6205018162727356,2,54,
7,7800,i,1.6737504601478577,2,54,
7,8100,a,1.672755777835846,2,56,
7,8100,b,1.677626371383667,2,56,
7,8100,c,1.7245150804519653,2,56,
7,8100,d,1.6638099551200867,2,56,
7,8100,e,1.6535188555717468,2,56,
7,8100,f,1.6467435956001282,2,56,
7,8100,g,1.6894654631614685,2,56,
7,8100,h,1.6281585097312927,2,56,
7,8100,i,1.6388992071151733,2,56,
7,8400,a,1.6553220748901367,2,58,
7,8400,b,1.6865394115447998,2,58,
7,8400,c,1.6788170337677002,2,58,
7,8400,d,1.616575539112091,2,58,
7,8400,e,1.6648858785629272,2,58,
7,8400,f,1.6173979043960571,2,58,
7,8400,g,1.6339311003684998,2,58,
7,8400,h,1.6264952421188354,2,58,
7,8400,i,1.6387454271316528,2,58,
7,8700,a,1.6114115118980408,2,60,
7,8700,b,1.6578035950660706,2,60,
7,8700,c,1.7057775855064392,2,60,
7,8700,d,1.58835369348526,2,60,
7,8700,e,1.6200506091117859,2,60,
7,8700,f,1.6980745196342468,2,60,
7,8700,g,1.6582079529762268,2,60,
7,8700,h,1.6219184398651123,2,60,
7,8700,i,1.5635141730308533,2,60,
7,9000,a,1.65861576795578,2,62,
7,9000,b,1.7071700692176819,2,62,
7,9000,c,1.7480193972587585,2,62,
7,9000,d,1.6071832180023193,2,62,
7,9000,e,1.6370672583580017,2,62,
7,9000,f,1.7045063972473145,2,62,
7,9000,g,1.6787952184677124,2,62,
7,9000,h,1.6018922328948975,2,62,
7,9000,i,1.5453757643699646,2,62,
7,9300,a,1.6483638882637024,2,64,
7,9300,b,1.6657156348228455,2,64,
7,9300,c,1.6685994267463684,2,64,
7,9300,d,1.6263480186462402,2,64,
7,9300,e,1.6605264544487,2,64,
7,9300,f,1.6719163656234741,2,64,
7,9300,g,1.683010458946228,2,64,
7,9300,h,1.6377177238464355,2,64,
7,9300,i,1.6539876461029053,2,64,
7,9600,a,1.5863378643989563,2,66,
7,9600,b,1.603891134262085,2,66,
7,9600,c,1.704127311706543,2,66,
7,9600,d,1.6371397376060486,2,66,
7,9600,e,1.651875376701355,2,66,
7,9600,f,1.6733046770095825,2,66,
7,9600,g,1.566124141216278,2,66,
7,9600,h,1.647168755531311,2,66,
7,9600,i,1.6512241959571838,2,66,
7,9900,a,1.622151494026184,2,68,
7,9900,b,1.6977823376655579,2,68,
7,9900,c,1.6063916683197021,2,68,
7,9900,d,1.5631821155548096,2,68,
7,9900,e,1.6686568856239319,2,68,
7,9900,f,1.5760477781295776,2,68,
7,9900,g,1.6616410613059998,2,68,
7,9900,h,1.578636884689331,2,68,
7,9900,i,1.645239770412445,2,68,
7,10200,a,1.6509414911270142,2,70,
7,10200,b,1.6609443426132202,2,70,
7,10200,c,1.6213568449020386,2,70,
7,10200,d,1.607810378074646,2,70,
7,10200,e,1.6589575409889221,2,70,
7,10200,f,1.6305094957351685,2,70,
7,10200,g,1.661164104938507,2,70,
7,10200,h,1.5705742239952087,2,70,
7,10200,i,1.6041584014892578,2,70,
7,10500,a,1.6077591180801392,2,72,
7,10500,b,1.6689289808273315,2,72,
7,10500,c,1.6669665575027466,2,72,
7,10500,d,1.5951838493347168,2,72,
7,10500,e,1.5936889052391052,2,72,
7,10500,f,1.578283429145813,2,72,
7,10500,g,1.6100791692733765,2,72,
7,10500,h,1.6419051885604858,2,72,
7,10500,i,1.5158888101577759,2,72,
7,10800,a,1.5731077790260315,2,74,
7,10800,b,1.6845792531967163,2,74,
7,10800,c,1.6539748907089233,2,74,
7,10800,d,1.535637080669403,2,74,
7,10800,e,1.5237398147583008,2,74,
7,10800,f,1.6014791131019592,2,74,
7,10800,g,1.541473627090454,2,74,
7,10800,h,1.6128211617469788,2,74,
7,10800,i,1.551422119140625,2,74,
7,11100,a,1.5327323079109192,2,76,
7,11100,b,1.6682258248329163,2,76,
7,11100,c,1.660938322544098,2,76,
7,11100,d,1.5407971739768982,2,76,
7,11100,e,1.5197672247886658,2,76,
7,11100,f,1.561433494091034,2,76,
7,11100,g,1.633114755153656,2,76,
7,11100,h,1.562969148159027,2,76,
7,11100,i,1.5763040781021118,2,76,
7,11400,a,1.5633864402770996,2,78,
7,11400,b,1.6892603635787964,2,78,
7,11400,c,1.5961776971817017,2,78,
7,11400,d,1.559721827507019,2,78,
7,11400,e,1.5483835935592651,2,78,
7,11400,f,1.631601333618164,2,78,
7,11400,g,1.5812321901321411,2,78,
7,11400,h,1.5684230327606201,2,78,
7,11400,i,1.573227882385254,2,78,
7,11700,a,1.4888003468513489,2,80,
7,11700,b,1.6657629013061523,2,80,
7,11700,c,1.6260867714881897,2,80,
7,11700,d,1.504181683063507,2,80,
7,11700,e,1.542796790599823,2,80,
7,11700,f,1.6049293279647827,2,80,
7,11700,g,1.5321828126907349,2,80,
7,11700,h,1.549858570098877,2,80,
7,11700,i,1.5344765782356262,2,80,
7,12000,a,1.5309225916862488,2,82,
7,12000,b,1.6177012920379639,2,82,
7,12000,c,1.6312072277069092,2,82,
7,12000,d,1.5509082674980164,2,82,
7,12000,e,1.5803757905960083,2,82,
7,12000,f,1.6107630729675293,2,82,
7,12000,g,1.6074440479278564,2,82,
7,12000,h,1.5799725651741028,2,82,
7,12000,i,1.5557395219802856,2,82,
7,12300,a,1.5584935545921326,2,84,
7,12300,b,1.6591286659240723,2,84,
7,12300,c,1.5651431679725647,2,84,
7,12300,d,1.6152066588401794,2,84,
7,12300,e,1.5499571561813354,2,84,
7,12300,f,1.6515905857086182,2,84,
7,12300,g,1.5769543647766113,2,84,
7,12300,h,1.6335158944129944,2,84,
7,12300,i,1.555148720741272,2,84,
7,12600,a,1.5622947812080383,2,86,
7,12600,b,1.6301863193511963,2,86,
7,12600,c,1.5745914578437805,2,86,
7,12600,d,1.5126893520355225,2,86,
7,12600,e,1.495685338973999,2,86,
7,12600,f,1.6063112020492554,2,86,
7,12600,g,1.5246173739433289,2,86,
7,12600,h,1.583797037601471,2,86,
7,12600,i,1.529271125793457,2,86,
7,12900,a,1.5376019477844238,2,88,
7,12900,b,1.5906370282173157,2,88,
7,12900,c,1.5612332224845886,2,88,
7,12900,d,1.535089373588562,2,88,
7,12900,e,1.4953248500823975,2,88,
7,12900,f,1.6105948686599731,2,88,
7,12900,g,1.5584715008735657,2,88,
7,12900,h,1.5691426992416382,2,88,
7,12900,i,1.587948203086853,2,88,
7,13200,a,1.5240444540977478,2,90,
7,13200,b,1.6513542532920837,2,90,
7,13200,c,1.701938807964325,2,90,
7,13200,d,1.4729572534561157,2,90,
7,13200,e,1.528889536857605,2,90,
7,13200,f,1.5721133947372437,2,90,
7,13200,g,1.601599633693695,2,90,
7,13200,h,1.644171953201294,2,90,
7,13200,i,1.5824202299118042,2,90,
7,13500,a,1.6688493490219116,2,92,
7,13500,b,1.641990303993225,2,92,
7,13500,c,1.6377874612808228,2,92,
7,13500,d,1.4539947509765625,2,92,
7,13500,e,1.5883830189704895,2,92,
7,13500,f,1.4997193217277527,2,92,
7,13500,g,1.5461206436157227,2,92,
7,13500,h,1.5087872743606567,2,92,
7,13500,i,1.4231025576591492,2,92,
7,13800,a,1.6055326461791992,2,94,
7,13800,b,1.651796579360962,2,94,
7,13800,c,1.5103586912155151,2,94,
7,13800,d,1.4380227327346802,2,94,
7,13800,e,1.548448383808136,2,94,
7,13800,f,1.6369178295135498,2,94,
7,13800,g,1.5513283610343933,2,94,
7,13800,h,1.5569747686386108,2,94,
7,13800,i,1.5647220015525818,2,94,
7,14100,a,1.5390838384628296,2,96,
7,14100,b,1.6613550186157227,2,96,
7,14100,c,1.620524525642395,2,96,
7,14100,d,1.5535974502563477,2,96,
7,14100,e,1.4677273631095886,2,96,
7,14100,f,1.491059422492981,2,96,
7,14100,g,1.5095310807228088,2,96,
7,14100,h,1.555477797985077,2,96,
7,14100,i,1.5359243154525757,2,96,
7,14400,a,1.5389708280563354,2,98,
7,14400,b,1.5903937816619873,2,98,
7,14400,c,1.5277291536331177,2,98,
7,14400,d,1.4847242832183838,2,98,
7,14400,e,1.6219682097434998,2,98,
7,14400,f,1.5852436423301697,2,98,
7,14400,g,1.6264722347259521,2,98,
7,14400,h,1.5383739471435547,2,98,
7,14400,i,1.4959545135498047,2,98,
7,14700,a,1.4291159510612488,2,100,
7,14700,b,1.582407295703888,2,100,
7,14700,c,1.570970594882965,2,100,
7,14700,d,1.5236498713493347,2,100,
7,14700,e,1.5292393565177917,2,100,
7,14700,f,1.5098186135292053,2,100,
7,14700,g,1.5006389617919922,2,100,
7,14700,h,1.5625299215316772,2,100,
7,14700,i,1.5401235818862915,2,100,
7,15000,a,1.5008822083473206,2,102,
7,15000,b,1.5644901990890503,2,102,
7,15000,c,1.5849887132644653,2,102,
7,15000,d,1.5230944752693176,2,102,
7,15000,e,1.3966310620307922,2,102,
7,15000,f,1.4811162948608398,2,102,
7,15000,g,1.4583240151405334,2,102,
7,15000,h,1.5210053324699402,2,102,
7,15000,i,1.5839614272117615,2,102,
7,15300,a,1.5283395648002625,2,104,
7,15300,b,1.576619803905487,2,104,
7,15300,c,1.5787222385406494,2,104,
7,15300,d,1.4170830249786377,2,104,
7,15300,e,1.5476030111312866,2,104,
7,15300,f,1.4774436950683594,2,104,
7,15300,g,1.4218473434448242,2,104,
7,15300,h,1.5393726825714111,2,104,
7,15300,i,1.4743537902832031,2,104,
7,15600,a,1.4471834897994995,2,106,
7,15600,b,1.49618262052536,2,106,
7,15600,c,1.506221055984497,2,106,
7,15600,d,1.4881005883216858,2,106,
7,15600,e,1.419811189174652,2,106,
7,15600,f,1.5131524801254272,2,106,
7,15600,g,1.5507888197898865,2,106,
7,15600,h,1.638969361782074,2,106,
7,15600,i,1.4407093524932861,2,106,
7,15900,a,1.4299209713935852,2,108,
7,15900,b,1.570746660232544,2,108,
7,15900,c,1.4847332835197449,2,108,
7,15900,d,1.5021830797195435,2,108,
7,15900,e,1.4810360074043274,2,108,
7,15900,f,1.5505647659301758,2,108,
7,15900,g,1.5005338191986084,2,108,
7,15900,h,1.4604339599609375,2,108,
7,15900,i,1.426633596420288,2,108,
7,16200,a,1.4989799857139587,2,110,
7,16200,b,1.4948017597198486,2,110,
7,16200,c,1.630545973777771,2,110,
7,16200,d,1.4594928622245789,2,110,
7,16200,e,1.5184192061424255,2,110,
7,16200,f,1.5676738023757935,2,110,
7,16200,g,1.5736315846443176,2,110,
7,16200,h,1.50320702791214,2,110,
7,16200,i,1.4371201395988464,2,110,
7,16500,a,1.447317361831665,2,112,
7,16500,b,1.5060651898384094,2,112,
7,16500,c,1.5294584035873413,2,112,
7,16500,d,1.4461658596992493,2,112,
7,16500,e,1.3858506679534912,2,112,
7,16500,f,1.5194774270057678,2,112,
7,16500,g,1.56611829996109,2,112,
7,16500,h,1.4140772223472595,2,112,
7,16500,i,1.4336857795715332,2,112,
7,16800,a,1.4718385338783264,2,114,
7,16800,b,1.5979995131492615,2,114,
7,16800,c,1.4812238812446594,2,114,
7,16800,d,1.4154836535453796,2,114,
7,16800,e,1.3950735926628113,2,114,
7,16800,f,1.5183061957359314,2,114,
7,16800,g,1.493794023990631,2,114,
7,16800,h,1.4699382781982422,2,114,
7,16800,i,1.4601408243179321,2,114,
7,17100,a,1.442317247390747,2,116,
7,17100,b,1.505266010761261,2,116,
7,17100,c,1.4534333944320679,2,116,
7,17100,d,1.4736582040786743,2,116,
7,17100,e,1.3996880650520325,2,116,
7,17100,f,1.4448174834251404,2,116,
7,17100,g,1.4681275486946106,2,116,
7,17100,h,1.4469114542007446,2,116,
7,17100,i,1.5569279789924622,2,116,
7,17400,a,1.3990395665168762,2,118,
7,17400,b,1.4814821481704712,2,118,
7,17400,c,1.5804767608642578,2,118,
7,17400,d,1.4743302464485168,2,118,
7,17400,e,1.6248071193695068,2,118,
7,17400,f,1.5577219724655151,2,118,
7,17400,g,1.4992401599884033,2,118,
7,17400,h,1.438317596912384,2,118,
7,17400,i,1.3787965178489685,2,118,
7,17700,a,1.3861821293830872,2,120,
7,17700,b,1.5839202404022217,2,120,
7,17700,c,1.5257484912872314,2,120,
7,17700,d,1.3829365968704224,2,120,
7,17700,e,1.490182638168335,2,120,
7,17700,f,1.545607328414917,2,120,
7,17700,g,1.4002441763877869,2,120,
7,17700,h,1.5510700345039368,2,120,
7,17700,i,1.433445930480957,2,120,
7,18000,a,1.3320976495742798,2,122,
7,18000,b,1.5741455554962158,2,122,
7,18000,c,1.4127575159072876,2,122,
7,18000,d,1.398722767829895,2,122,
7,18000,e,1.417191982269287,2,122,
7,18000,f,1.4306555390357971,2,122,
7,18000,g,1.4241507649421692,2,122,
7,18000,h,1.3860125541687012,2,122,
7,18000,i,1.439806342124939,2,122,
7,18300,a,1.4161998629570007,2,124,
7,18300,b,1.4508841037750244,2,124,
7,18300,c,1.5978621244430542,2,124,
7,18300,d,1.3299431204795837,2,124,
7,18300,e,1.4653624892234802,2,124,
7,18300,f,1.434694528579712,2,124,
7,18300,g,1.3943463563919067,2,124,
7,18300,h,1.3228798508644104,2,124,
7,18300,i,1.3823265433311462,2,124,
7,18600,a,1.4733303785324097,2,126,
7,18600,b,1.5966256856918335,2,126,
7,18600,c,1.5883480310440063,2,126,
7,18600,d,1.3546103835105896,2,126,
7,18600,e,1.3789262175559998,2,126,
7,18600,f,1.5018561482429504,2,126,
7,18600,g,1.434377133846283,2,126,
7,18600,h,1.494126558303833,2,126,
7,18600,i,1.4605873823165894,2,126,
7,18900,a,1.3306506276130676,2,128,
7,18900,b,1.4407026171684265,2,128,
7,18900,c,1.5385768413543701,2,128,
7,18900,d,1.3324961066246033,2,128,
7,18900,e,1.3923046588897705,2,128,
7,18900,f,1.619391679763794,2,128,
7,18900,g,1.4729796648025513,2,128,
7,18900,h,1.3844656348228455,2,128,
7,18900,i,1.4738959074020386,2,128,
7,19200,a,1.5227608680725098,2,130,
7,19200,b,1.6057560443878174,2,130,
7,19200,c,1.4445183873176575,2,130,
7,19200,d,1.3880224823951721,2,130,
7,19200,e,1.4642910361289978,2,130,
7,19200,f,1.4253833293914795,2,130,
7,19200,g,1.3350744247436523,2,130,
7,19200,h,1.4758421182632446,2,130,
7,19200,i,1.4317657947540283,2,130,
7,19500,a,1.383998990058899,2,132,
7,19500,b,1.4989708065986633,2,132,
7,19500,c,1.4333876371383667,2,132,
7,19500,d,1.3571771383285522,2,132,
7,19500,e,1.3089909553527832,2,132,
7,19500,f,1.390933632850647,2,132,
7,19500,g,1.5330925583839417,2,132,
7,19500,h,1.3961047530174255,2,132,
7,19500,i,1.2730501890182495,2,132,
7,19800,a,1.4532043933868408,2,134,
7,19800,b,1.5538314580917358,2,134,
7,19800,c,1.6327852010726929,2,134,
7,19800,d,1.422603964805603,2,134,
7,19800,e,1.4138262867927551,2,134,
7,19800,f,1.4458755850791931,2,134,
7,19800,g,1.4498714804649353,2,134,
7,19800,h,1.629050612449646,2,134,
7,19800,i,1.43948495388031,2,134,
7,20100,a,1.4178677797317505,2,136,
7,20100,b,1.492513358592987,2,136,
7,20100,c,1.4705198407173157,2,136,
7,20100,d,1.4127106666564941,2,136,
7,20100,e,1.4478418827056885,2,136,
7,20100,f,1.4140020608901978,2,136,
7,20100,g,1.386053204536438,2,136,
7,20100,h,1.3909081816673279,2,136,
7,20100,i,1.4818555116653442,2,136,
7,20400,a,1.4356743097305298,2,138,
7,20400,b,1.4906633496284485,2,138,
7,20400,c,1.5133910179138184,2,138,
7,20400,d,1.3839231729507446,2,138,
7,20400,e,1.480359971523285,2,138,
7,20400,f,1.5603227019309998,2,138,
7,20400,g,1.4890021085739136,2,138,
7,20400,h,1.4220712184906006,2,138,
7,20400,i,1.2941746711730957,2,138,
7,20700,a,1.4556710124015808,2,140,
7,20700,b,1.440277636051178,2,140,
7,20700,c,1.4608221054077148,2,140,
7,20700,d,1.3982371091842651,2,140,
7,20700,e,1.3117955327033997,2,140,
7,20700,f,1.3987472653388977,2,140,
7,20700,g,1.3593482971191406,2,140,
7,20700,h,1.5248773694038391,2,140,
7,20700,i,1.2611055970191956,2,140,
7,21000,a,1.3118705749511719,2,142,
7,21000,b,1.5897141695022583,2,142,
7,21000,c,1.3953762650489807,2,142,
7,21000,d,1.3760057091712952,2,142,
7,21000,e,1.4651435017585754,2,142,
7,21000,f,1.482775628566742,2,142,
7,21000,g,1.382479190826416,2,142,
7,21000,h,1.366523265838623,2,142,
7,21000,i,1.3085814714431763,2,142,
7,21300,a,1.4172618985176086,2,144,
7,21300,b,1.443869948387146,2,144,
7,21300,c,1.5481839179992676,2,144,
7,21300,d,1.3364756107330322,2,144,
7,21300,e,1.4180511832237244,2,144,
7,21300,f,1.3701553344726562,2,144,
7,21300,g,1.4973316192626953,2,144,
7,21300,h,1.4900137186050415,2,144,
7,21300,i,1.3494219779968262,2,144,
7,21600,a,1.4288133382797241,2,146,
7,21600,b,1.5706121325492859,2,146,
7,21600,c,1.3997843861579895,2,146,
7,21600,d,1.4682271480560303,2,146,
7,21600,e,1.3784605264663696,2,146,
7,21600,f,1.485502541065216,2,146,
7,21600,g,1.419786810874939,2,146,
7,21600,h,1.344545841217041,2,146,
7,21600,i,1.3778743147850037,2,146,
7,21900,a,1.3463102579116821,2,148,
7,21900,b,1.4263085722923279,2,148,
7,21900,c,1.4890411496162415,2,148,
7,21900,d,1.4239933490753174,2,148,
7,21900,e,1.4092038869857788,2,148,
7,21900,f,1.417810082435608,2,148,
7,21900,g,1.3130450248718262,2,148,
7,21900,h,1.4894623160362244,2,148,
7,21900,i,1.2692301869392395,2,148,
7,22200,a,1.31914883852005,2,150,
7,22200,b,1.4049304723739624,2,150,
7,22200,c,1.4297011494636536,2,150,
7,22200,d,1.3746559619903564,2,150,
7,22200,e,1.5135482549667358,2,150,
7,22200,f,1.5152429342269897,2,150,
7,22200,g,1.3533284664154053,2,150,
7,22200,h,1.5841280817985535,2,150,
7,22200,i,1.377089500427246,2,150,
7,22500,a,1.3546388149261475,2,152,
7,22500,b,1.6231350302696228,2,152,
7,22500,c,1.500346064567566,2,152,
7,22500,d,1.3430511355400085,2,152,
7,22500,e,1.5358469486236572,2,152,
7,22500,f,1.3058884143829346,2,152,
7,22500,g,1.363690972328186,2,152,
7,22500,h,1.4187445640563965,2,152,
7,22500,i,1.2887158393859863,2,152,
7,22800,a,1.4272632002830505,2,154,
7,22800,b,1.4194182753562927,2,154,
7,22800,c,1.506255567073822,2,154,
7,22800,d,1.3963760733604431,2,154,
7,22800,e,1.4115403294563293,2,154,
7,22800,f,1.4697785377502441,2,154,
7,22800,g,1.297528862953186,2,154,
7,22800,h,1.3335729837417603,2,154,
7,22800,i,1.1682045459747314,2,154,
7,23100,a,1.3383428454399109,2,156,
7,23100,b,1.4584482908248901,2,156,
7,23100,c,1.5610135793685913,2,156,
7,23100,d,1.3861621618270874,2,156,
7,23100,e,1.292641282081604,2,156,
7,23100,f,1.3887634873390198,2,156,
7,23100,g,1.3999297618865967,2,156,
7,23100,h,1.2988795638084412,2,156,
7,23100,i,1.3834073543548584,2,156,
7,23400,a,1.3631104230880737,2,158,
7,23400,b,1.4802841544151306,2,158,
7,23400,c,1.4041611552238464,2,158,
7,23400,d,1.4690637588500977,2,158,
7,23400,e,1.2887669205665588,2,158,
7,23400,f,1.3057008981704712,2,158,
7,23400,g,1.5952882766723633,2,158,
7,23400,h,1.3314639329910278,2,158,
7,23400,i,1.350500762462616,2,158,
7,23700,a,1.3363023400306702,2,160,
7,23700,b,1.5016826391220093,2,160,
7,23700,c,1.554122805595398,2,160,
7,23700,d,1.2586673498153687,2,160,
7,23700,e,1.4312741160392761,2,160,
7,23700,f,1.440592646598816,2,160,
7,23700,g,1.442750096321106,2,160,
7,23700,h,1.266441524028778,2,160,
7,23700,i,1.3046309351921082,2,160,
7,24000,a,1.337468147277832,2,162,
7,24000,b,1.6155542135238647,2,162,
7,24000,c,1.6054741144180298,2,162,
7,24000,d,1.3281678557395935,2,162,
7,24000,e,1.2583704590797424,2,162,
7,24000,f,1.4658418893814087,2,162,
7,24000,g,1.3735463619232178,2,162,
7,24000,h,1.2873454689979553,2,162,
7,24000,i,1.2702264785766602,2,162,
7,24300,a,1.5450987219810486,2,164,
7,24300,b,1.5808517932891846,2,164,
7,24300,c,1.4785929918289185,2,164,
7,24300,d,1.3444515466690063,2,164,
7,24300,e,1.3438804745674133,2,164,
7,24300,f,1.4630146026611328,2,164,
7,24300,g,1.340065360069275,2,164,
7,24300,h,1.3602660298347473,2,164,
7,24300,i,1.428684115409851,2,164,
7,24600,a,1.3077174425125122,2,166,
7,24600,b,1.4024895429611206,2,166,
7,24600,c,1.3852848410606384,2,166,
7,24600,d,1.350956916809082,2,166,
7,24600,e,1.489400565624237,2,166,
7,24600,f,1.3923820853233337,2,166,
7,24600,g,1.358376383781433,2,166,
7,24600,h,1.488035798072815,2,166,
7,24600,i,1.3821304440498352,2,166,
7,24900,a,1.3298473954200745,2,168,
7,24900,b,1.4381173849105835,2,168,
7,24900,c,1.4789631962776184,2,168,
7,24900,d,1.4156213402748108,2,168,
7,24900,e,1.2415305376052856,2,168,
7,24900,f,1.3518308401107788,2,168,
7,24900,g,1.3984047770500183,2,168,
7,24900,h,1.390418291091919,2,168,
7,24900,i,1.3250864744186401,2,168,
7,25200,a,1.2645069360733032,2,170,
7,25200,b,1.4160659909248352,2,170,
7,25200,c,1.4475056529045105,2,170,
7,25200,d,1.348227858543396,2,170,
7,25200,e,1.322648823261261,2,170,
7,25200,f,1.405354917049408,2,170,
7,25200,g,1.416454553604126,2,170,
7,25200,h,1.2438542246818542,2,170,
7,25200,i,1.327874481678009,2,170,
7,25500,a,1.3009613156318665,2,172,
7,25500,b,1.428035855293274,2,172,
7,25500,c,1.4371594786643982,2,172,
7,25500,d,1.279157042503357,2,172,
7,25500,e,1.4199298024177551,2,172,
7,25500,f,1.45067697763443,2,172,
7,25500,g,1.3903763890266418,2,172,
7,25500,h,1.3554774522781372,2,172,
7,25500,i,1.4009767174720764,2,172,
7,25800,a,1.3316515684127808,2,174,
7,25800,b,1.5220322608947754,2,174,
7,25800,c,1.4044460654258728,2,174,
7,25800,d,1.2569775581359863,2,174,
7,25800,e,1.2720657587051392,2,174,
7,25800,f,1.4895500540733337,2,174,
7,25800,g,1.2716318368911743,2,174,
7,25800,h,1.3098756074905396,2,174,
7,25800,i,1.314068853855133,2,174,
7,26100,a,1.3387715220451355,2,176,
7,26100,b,1.408715844154358,2,176,
7,26100,c,1.3823420405387878,2,176,
7,26100,d,1.235659897327423,2,176,
7,26100,e,1.3238064050674438,2,176,
7,26100,f,1.3810126781463623,2,176,
7,26100,g,1.4020342230796814,2,176,
7,26100,h,1.3991005420684814,2,176,
7,26100,i,1.4988228678703308,2,176,
7,26400,a,1.3552659153938293,2,178,
7,26400,b,1.5246502161026,2,178,
7,26400,c,1.4283486604690552,2,178,
7,26400,d,1.249346375465393,2,178,
7,26400,e,1.2932366728782654,2,178,
7,26400,f,1.4399299025535583,2,178,
7,26400,g,1.4246623516082764,2,178,
7,26400,h,1.3629071712493896,2,178,
7,26400,i,1.3769456148147583,2,178,
7,26700,a,1.589378535747528,2,180,
7,26700,b,1.5030632019042969,2,180,
7,26700,c,1.4538186192512512,2,180,
7,26700,d,1.2292041778564453,2,180,
7,26700,e,1.5920544266700745,2,180,
7,26700,f,1.461012601852417,2,180,
7,26700,g,1.2427558302879333,2,180,
7,26700,h,1.3418846130371094,2,180,
7,26700,i,1.3046133518218994,2,180,
7,27000,a,1.2456269264221191,2,182,
7,27000,b,1.3689619302749634,2,182,
7,27000,c,1.3436734676361084,2,182,
7,27000,d,1.2803782224655151,2,182,
7,27000,e,1.277542233467102,2,182,
7,27000,f,1.3261843919754028,2,182,
7,27000,g,1.3692668080329895,2,182,
7,27000,h,1.3820571899414062,2,182,
7,27000,i,1.2857821583747864,2,182,
7,27300,a,1.2517589926719666,2,184,
7,27300,b,1.4918193221092224,2,184,
7,27300,c,1.402643620967865,2,184,
7,27300,d,1.1940675377845764,2,184,
7,27300,e,1.4065262079238892,2,184,
7,27300,f,1.287207543849945,2,184,
7,27300,g,1.3425403833389282,2,184,
7,27300,h,1.3564515709877014,2,184,
7,27300,i,1.2930855751037598,2,184,
7,27600,a,1.2832252979278564,2,186,
7,27600,b,1.4093852639198303,2,186,
7,27600,c,1.3746396899223328,2,186,
7,27600,d,1.2255303859710693,2,186,
7,27600,e,1.2482625842094421,2,186,
7,27600,f,1.4390610456466675,2,186,
7,27600,g,1.2672759294509888,2,186,
7,27600,h,1.3057137727737427,2,186,
7,27600,i,1.287760853767395,2,186,
7,27900,a,1.2177090644836426,2,188,
7,27900,b,1.3072634935379028,2,188,
7,27900,c,1.3800978064537048,2,188,
7,27900,d,1.3221024870872498,2,188,
7,27900,e,1.2893788814544678,2,188,
7,27900,f,1.454518973827362,2,188,
7,27900,g,1.4799699187278748,2,188,
7,27900,h,1.477449655532837,2,188,
7,27900,i,1.3173351287841797,2,188,
7,28200,a,1.3146405220031738,2,190,
7,28200,b,1.5515804886817932,2,190,
7,28200,c,1.4012377262115479,2,190,
7,28200,d,1.2405229210853577,2,190,
7,28200,e,1.385036587715149,2,190,
7,28200,f,1.4659600257873535,2,190,
7,28200,g,1.2622697949409485,2,190,
7,28200,h,1.2805014848709106,2,190,
7,28200,i,1.323171615600586,2,190,
7,28500,a,1.15613454580307,2,192,
7,28500,b,1.364579200744629,2,192,
7,28500,c,1.2829520106315613,2,192,
7,28500,d,1.2338751554489136,2,192,
7,28500,e,1.3353537917137146,2,192,
7,28500,f,1.3752067685127258,2,192,
7,28500,g,1.4286472797393799,2,192,
7,28500,h,1.3179115653038025,2,192,
7,28500,i,1.3080934286117554,2,192,
7,28800,a,1.2908170223236084,2,194,
7,28800,b,1.5070157051086426,2,194,
7,28800,c,1.383989155292511,2,194,
7,28800,d,1.2634941339492798,2,194,
7,28800,e,1.4943899512290955,2,194,
7,28800,f,1.3874585032463074,2,194,
7,28800,g,1.274593472480774,2,194,
7,28800,h,1.270297884941101,2,194,
7,28800,i,1.269740104675293,2,194,
7,29100,a,1.2562779784202576,2,196,
7,29100,b,1.4107466340065002,2,196,
7,29100,c,1.532457709312439,2,196,
7,29100,d,1.398106873035431,2,196,
7,29100,e,1.3889626860618591,2,196,
7,29100,f,1.240698754787445,2,196,
7,29100,g,1.1932244300842285,2,196,
7,29100,h,1.4335611462593079,2,196,
7,29100,i,1.2671453952789307,2,196,
7,29400,a,1.2912746667861938,2,198,
7,29400,b,1.413096308708191,2,198,
7,29400,c,1.3840906620025635,2,198,
7,29400,d,1.3587344288825989,2,198,
7,29400,e,1.287124752998352,2,198,
7,29400,f,1.3616833090782166,2,198,
7,29400,g,1.25266432762146,2,198,
7,29400,h,1.4266067743301392,2,198,
7,29400,i,1.387218415737152,2,198,
7,29700,a,1.1944864392280579,2,200,
7,29700,b,1.374900221824646,2,200,
7,29700,c,1.2713674306869507,2,200,
7,29700,d,1.2648422122001648,2,200,
7,29700,e,1.264062762260437,2,200,
7,29700,f,1.2426953315734863,2,200,
7,29700,g,1.3673131465911865,2,200,
7,29700,h,1.1765418648719788,2,200,
7,29700,i,1.2917012572288513,2,200,
7,30000,a,1.2524369955062866,2,202,
7,30000,b,1.3420972228050232,2,202,
7,30000,c,1.482977271080017,2,202,
7,30000,d,1.2383886575698853,2,202,
7,30000,e,1.3726022243499756,2,202,
7,30000,f,1.3341721296310425,2,202,
7,30000,g,1.3422513604164124,2,202,
7,30000,h,1.2904518246650696,2,202,
7,30000,i,1.2965026497840881,2,202,
7,30300,a,1.276791512966156,2,204,
7,30300,b,1.3645866513252258,2,204,
7,30300,c,1.363981544971466,2,204,
7,30300,d,1.37018883228302,2,204,
7,30300,e,1.5742312669754028,2,204,
7,30300,f,1.3604820370674133,2,204,
7,30300,g,1.3059778213500977,2,204,
7,30300,h,1.297656536102295,2,204,
7,30300,i,1.2272422313690186,2,204,
7,30600,a,1.377017617225647,2,206,
7,30600,b,1.426562786102295,2,206,
7,30600,c,1.3825722336769104,2,206,
7,30600,d,1.1852590441703796,2,206,
7,30600,e,1.309736728668213,2,206,
7,30600,f,1.2506296634674072,2,206,
7,30600,g,1.1656911969184875,2,206,
7,30600,h,1.3283799886703491,2,206,
7,30600,i,1.1445695161819458,2,206,
7,30900,a,1.2556217312812805,2,208,
7,30900,b,1.3823993802070618,2,208,
7,30900,c,1.502169907093048,2,208,
7,30900,d,1.2760058641433716,2,208,
7,30900,e,1.2326927781105042,2,208,
7,30900,f,1.4729094505310059,2,208,
7,30900,g,1.2664484977722168,2,208,
7,30900,h,1.2942699193954468,2,208,
7,30900,i,1.2366183400154114,2,208,
7,31200,a,1.2019135355949402,2,210,
7,31200,b,1.387444019317627,2,210,
7,31200,c,1.3078160285949707,2,210,
7,31200,d,1.207715094089508,2,210,
7,31200,e,1.2022372484207153,2,210,
7,31200,f,1.3992661237716675,2,210,
7,31200,g,1.528507649898529,2,210,
7,31200,h,1.319199800491333,2,210,
7,31200,i,1.3145707845687866,2,210,
7,31500,a,1.2445968389511108,2,212,
7,31500,b,1.375617265701294,2,212,
7,31500,c,1.3145185112953186,2,212,
7,31500,d,1.2666605710983276,2,212,
7,31500,e,1.1932746171951294,2,212,
7,31500,f,1.3407869338989258,2,212,
7,31500,g,1.2010667324066162,2,212,
7,31500,h,1.1902670860290527,2,212,
7,31500,i,1.3514438271522522,2,212,
7,31800,a,1.251299262046814,2,214,
7,31800,b,1.3400459289550781,2,214,
7,31800,c,1.3320554494857788,2,214,
7,31800,d,1.2608985304832458,2,214,
7,31800,e,1.389244794845581,2,214,
7,31800,f,1.3728463053703308,2,214,
7,31800,g,1.4017885327339172,2,214,
7,31800,h,1.2996888160705566,2,214,
7,31800,i,1.3230682015419006,2,214,
7,32100,a,1.1829939484596252,2,216,
7,32100,b,1.4899225234985352,2,216,
7,32100,c,1.282422423362732,2,216,
7,32100,d,1.2676344513893127,2,216,
7,32100,e,1.221085250377655,2,216,
7,32100,f,1.3787086009979248,2,216,
7,32100,g,1.349229633808136,2,216,
7,32100,h,1.3065184354782104,2,216,
7,32100,i,1.2767146229743958,2,216,
7,32400,a,1.269382894039154,2,218,
7,32400,b,1.3429155349731445,2,218,
7,32400,c,1.3982652425765991,2,218,
7,32400,d,1.2677735686302185,2,218,
7,32400,e,1.2661206126213074,2,218,
7,32400,f,1.4087367057800293,2,218,
7,32400,g,1.4885425567626953,2,218,
7,32400,h,1.281570553779602,2,218,
7,32400,i,1.2831262350082397,2,218,
7,32700,a,1.3363772630691528,2,220,
7,32700,b,1.4540199637413025,2,220,
7,32700,c,1.2594245672225952,2,220,
7,32700,d,1.1966803073883057,2,220,
7,32700,e,1.1631081104278564,2,220,
7,32700,f,1.375341773033142,2,220,
7,32700,g,1.3799827098846436,2,220,
7,32700,h,1.3074892163276672,2,220,
7,32700,i,1.2170397639274597,2,220,
7,33000,a,1.2409154176712036,2,222,
7,33000,b,1.50813889503479,2,222,
7,33000,c,1.3809659481048584,2,222,
7,33000,d,1.313765525817871,2,222,
7,33000,e,1.3405992984771729,2,222,
7,33000,f,1.1980832815170288,2,222,
7,33000,g,1.2815637588500977,2,222,
7,33000,h,1.3262735605239868,2,222,
7,33000,i,1.3692338466644287,2,222,
7,33300,a,1.3392831087112427,2,224,
7,33300,b,1.3268839716911316,2,224,
7,33300,c,1.3385358452796936,2,224,
7,33300,d,1.2801418900489807,2,224,
7,33300,e,1.272090494632721,2,224,
7,33300,f,1.2363046407699585,2,224,
7,33300,g,1.3128858804702759,2,224,
7,33300,h,1.3111193776130676,2,224,
7,33300,i,1.2144193649291992,2,224,
7,33600,a,1.164184331893921,2,226,
7,33600,b,1.377528429031372,2,226,
7,33600,c,1.3273065686225891,2,226,
7,33600,d,1.2547535300254822,2,226,
7,33600,e,1.4169957041740417,2,226,
7,33600,f,1.2200857400894165,2,226,
7,33600,g,1.3503438234329224,2,226,
7,33600,h,1.328022062778473,2,226,
7,33600,i,1.3380993604660034,2,226,
7,33900,a,1.1349365711212158,2,228,
7,33900,b,1.4322617053985596,2,228,
7,33900,c,1.3514577150344849,2,228,
7,33900,d,1.3128200769424438,2,228,
7,33900,e,1.3389004468917847,2,228,
7,33900,f,1.2949636578559875,2,228,
7,33900,g,1.3203770518302917,2,228,
7,33900,h,1.3629524111747742,2,228,
7,33900,i,1.149528980255127,2,228,
7,34200,a,1.2832956910133362,2,230,
7,34200,b,1.4116352796554565,2,230,
7,34200,c,1.3554394841194153,2,230,
7,34200,d,1.2098504304885864,2,230,
7,34200,e,1.2588579654693604,2,230,
7,34200,f,1.3209463953971863,2,230,
7,34200,g,1.3645144701004028,2,230,
7,34200,h,1.261281967163086,2,230,
7,34200,i,1.1840378046035767,2,230,
7,34500,a,1.3723397254943848,2,232,
7,34500,b,1.3593370914459229,2,232,
7,34500,c,1.381499707698822,2,232,
7,34500,d,1.293875813484192,2,232,
7,34500,e,1.382699429988861,2,232,
7,34500,f,1.429189920425415,2,232,
7,34500,g,1.2909300327301025,2,232,
7,34500,h,1.265365481376648,2,232,
7,34500,i,1.2521897554397583,2,232,
7,34800,a,1.235450029373169,2,234,
7,34800,b,1.3892662525177002,2,234,
7,34800,c,1.251443862915039,2,234,
7,34800,d,1.2485034465789795,2,234,
7,34800,e,1.195596158504486,2,234,
7,34800,f,1.241649866104126,2,234,
7,34800,g,1.2195208072662354,2,234,
7,34800,h,1.2335007786750793,2,234,
7,34800,i,1.231624186038971,2,234,
7,35100,a,1.2576041221618652,2,236,
7,35100,b,1.4098594188690186,2,236,
7,35100,c,1.3567688465118408,2,236,
7,35100,d,1.2337692975997925,2,236,
7,35100,e,1.2241520881652832,2,236,
7,35100,f,1.1762809753417969,2,236,
7,35100,g,1.218332052230835,2,236,
7,35100,h,1.2299515008926392,2,236,
7,35100,i,1.220035433769226,2,236,
7,35400,a,1.233631432056427,2,238,
7,35400,b,1.3524542450904846,2,238,
7,35400,c,1.3141578435897827,2,238,
7,35400,d,1.1512428522109985,2,238,
7,35400,e,1.4192625284194946,2,238,
7,35400,f,1.3047295212745667,2,238,
7,35400,g,1.3377749919891357,2,238,
7,35400,h,1.3192593455314636,2,238,
7,35400,i,1.1955615878105164,2,238,
7,35700,a,1.1082907915115356,2,240,
7,35700,b,1.438694715499878,2,240,
7,35700,c,1.2695325016975403,2,240,
7,35700,d,1.378912091255188,2,240,
7,35700,e,1.213451623916626,2,240,
7,35700,f,1.3736828565597534,2,240,
7,35700,g,1.3391512036323547,2,240,
7,35700,h,1.350421667098999,2,240,
7,35700,i,1.1001858115196228,2,240,
7,36000,a,1.1263707280158997,2,242,
7,36000,b,1.2068013548851013,2,242,
7,36000,c,1.3274017572402954,2,242,
7,36000,d,1.2629626393318176,2,242,
7,36000,e,1.2083981037139893,2,242,
7,36000,f,1.3749017715454102,2,242,
7,36000,g,1.247298002243042,2,242,
7,36000,h,1.1682665348052979,2,242,
7,36000,i,1.2983876466751099,2,242,
7,36300,a,1.1722317934036255,2,244,
7,36300,b,1.329424262046814,2,244,
7,36300,c,1.429666817188263,2,244,
7,36300,d,1.362352967262268,2,244,
7,36300,e,1.0758337378501892,2,244,
7,36300,f,1.2502115368843079,2,244,
7,36300,g,1.3465998768806458,2,244,
7,36300,h,1.1339143514633179,2,244,
7,36300,i,1.285742163658142,2,244,
7,36600,a,1.3269383311271667,2,246,
7,36600,b,1.2156908512115479,2,246,
7,36600,c,1.29385507106781,2,246,
7,36600,d,1.1712440252304077,2,246,
7,36600,e,1.163810133934021,2,246,
7,36600,f,1.349545955657959,2,246,
7,36600,g,1.2325577139854431,2,246,
7,36600,h,1.24478018283844,2,246,
7,36600,i,1.2709971070289612,2,246,
7,36900,a,1.3189217448234558,2,248,
7,36900,b,1.254970371723175,2,248,
7,36900,c,1.3148070573806763,2,248,
7,36900,d,1.320030152797699,2,248,
7,36900,e,1.2463403940200806,2,248,
7,36900,f,1.295851707458496,2,248,
7,36900,g,1.3702030181884766,2,248,
7,36900,h,1.225879728794098,2,248,
7,36900,i,1.2305352687835693,2,248,
7,37200,a,1.2525423169136047,2,250,
7,37200,b,1.3926189541816711,2,250,
7,37200,c,1.233062744140625,2,250,
7,37200,d,1.2596964836120605,2,250,
7,37200,e,1.4810574650764465,2,250,
7,37200,f,1.288391351699829,2,250,
7,37200,g,1.2923122644424438,2,250,
7,37200,h,1.185846209526062,2,250,
7,37200,i,1.2660390734672546,2,250,
7,37500,a,1.174822211265564,2,252,
7,37500,b,1.2799307107925415,2,252,
7,37500,c,1.2439998984336853,2,252,
7,37500,d,1.168969988822937,2,252,
7,37500,e,1.2944837808609009,2,252,
7,37500,f,1.1971661448478699,2,252,
7,37500,g,1.1764819025993347,2,252,
7,37500,h,1.1953067183494568,2,252,
7,37500,i,1.2161688208580017,2,252,
7,37800,a,1.1954764127731323,2,254,
7,37800,b,1.3477914929389954,2,254,
7,37800,c,1.2188869714736938,2,254,
7,37800,d,1.1692125797271729,2,254,
7,37800,e,1.2860825061798096,2,254,
7,37800,f,1.49774169921875,2,254,
7,37800,g,1.4304805994033813,2,254,
7,37800,h,1.2144175171852112,2,254,
7,37800,i,1.267196774482727,2,254,
7,38100,a,1.224494218826294,2,256,
7,38100,b,1.3880494832992554,2,256,
7,38100,c,1.2954208254814148,2,256,
7,38100,d,1.246139407157898,2,256,
7,38100,e,1.2593647241592407,2,256,
7,38100,f,1.2964879274368286,2,256,
7,38100,g,1.158654808998108,2,256,
7,38100,h,1.3074195981025696,2,256,
7,38100,i,1.181092917919159,2,256,
7,38400,a,1.1965245604515076,2,258,
7,38400,b,1.33429354429245,2,258,
7,38400,c,1.213124692440033,2,258,
7,38400,d,1.206570565700531,2,258,
7,38400,e,1.4058175086975098,2,258,
7,38400,f,1.2345613241195679,2,258,
7,38400,g,1.2276705503463745,2,258,
7,38400,h,1.1558258533477783,2,258,
7,38400,i,1.300178587436676,2,258,
7,38700,a,1.1452571153640747,2,260,
7,38700,b,1.3349590301513672,2,260,
7,38700,c,1.4776628613471985,2,260,
7,38700,d,1.1771374344825745,2,260,
7,38700,e,1.3253226280212402,2,260,
7,38700,f,1.389312744140625,2,260,
7,38700,g,1.3020520210266113,2,260,
7,38700,h,1.225188434123993,2,260,
7,38700,i,1.2615798115730286,2,260,
7,39000,a,1.1637830138206482,2,262,
7,39000,b,1.3052706122398376,2,262,
7,39000,c,1.3221039175987244,2,262,
7,39000,d,1.232840359210968,2,262,
7,39000,e,1.1203277111053467,2,262,
7,39000,f,1.3099312782287598,2,262,
7,39000,g,1.1977460384368896,2,262,
7,39000,h,1.1418012380599976,2,262,
7,39000,i,1.1086748838424683,2,262,
7,39300,a,1.1408480405807495,2,264,
7,39300,b,1.2162931561470032,2,264,
7,39300,c,1.193880558013916,2,264,
7,39300,d,1.1850270628929138,2,264,
7,39300,e,1.2194564938545227,2,264,
7,39300,f,1.28311687707901,2,264,
7,39300,g,1.3000954389572144,2,264,
7,39300,h,1.1291240453720093,2,264,
7,39300,i,1.2189002633094788,2,264,
7,39600,a,1.3104222416877747,2,266,
7,39600,b,1.2860182523727417,2,266,
7,39600,c,1.341630220413208,2,266,
7,39600,d,1.2186924815177917,2,266,
7,39600,e,1.0502283573150635,2,266,
7,39600,f,1.207153558731079,2,266,
7,39600,g,1.3121086359024048,2,266,
7,39600,h,1.190178394317627,2,266,
7,39600,i,1.2029053568840027,2,266,
7,39900,a,1.1582184433937073,2,268,
7,39900,b,1.4010711312294006,2,268,
7,39900,c,1.1972383260726929,2,268,
7,39900,d,1.3699212074279785,2,268,
7,39900,e,1.1907638311386108,2,268,
7,39900,f,1.2044095993041992,2,268,
7,39900,g,1.2885878086090088,2,268,
7,39900,h,1.2093558311462402,2,268,
7,39900,i,1.100268542766571,2,268,
7,40200,a,1.4040448665618896,2,270,
7,40200,b,1.3382693529129028,2,270,
7,40200,c,1.2866863012313843,2,270,
7,40200,d,1.0636187195777893,2,270,
7,40200,e,1.3582307696342468,2,270,
7,40200,f,1.311531901359558,2,270,
7,40200,g,1.2343130111694336,2,270,
7,40200,h,1.2157659530639648,2,270,
7,40200,i,1.0762412548065186,2,270,
7,40500,a,1.2423236966133118,2,272,
7,40500,b,1.4177967309951782,2,272,
7,40500,c,1.3720518946647644,2,272,
7,40500,d,1.120109736919403,2,272,
7,40500,e,1.264256477355957,2,272,
7,40500,f,1.2206825613975525,2,272,
7,40500,g,1.2565231323242188,2,272,
7,40500,h,1.3675832748413086,2,272,
7,40500,i,1.1208633780479431,2,272,
7,40800,a,1.4440233707427979,2,274,
7,40800,b,1.402294099330902,2,274,
7,40800,c,1.21123605966568,2,274,
7,40800,d,1.248687505722046,2,274,
7,40800,e,1.1657859683036804,2,274,
7,40800,f,1.2991797924041748,2,274,
7,40800,g,1.2388548254966736,2,274,
7,40800,h,1.1323479413986206,2,274,
7,40800,i,1.1171792149543762,2,274,
7,41100,a,1.217400074005127,2,276,
7,41100,b,1.4193320870399475,2,276,
7,41100,c,1.2578022480010986,2,276,
7,41100,d,1.1968011856079102,2,276,
7,41100,e,1.3590310215950012,2,276,
7,41100,f,1.1090903282165527,2,276,
7,41100,g,1.3054908514022827,2,276,
7,41100,h,1.245192289352417,2,276,
7,41100,i,1.280832052230835,2,276,
7,41400,a,1.3489733934402466,2,278,
7,41400,b,1.2919320464134216,2,278,
7,41400,c,1.4926113486289978,2,278,
7,41400,d,1.1336133480072021,2,278,
7,41400,e,1.3674778938293457,2,278,
7,41400,f,1.373458743095398,2,278,
7,41400,g,1.1960467100143433,2,278,
7,41400,h,1.2254450917243958,2,278,
7,41400,i,1.425056278705597,2,278,
7,41700,a,1.172642707824707,2,280,
7,41700,b,1.3253347873687744,2,280,
7,41700,c,1.2586084604263306,2,280,
7,41700,d,1.219354271888733,2,280,
7,41700,e,1.12018883228302,2,280,
7,41700,f,1.1905363202095032,2,280,
7,41700,g,1.2984697222709656,2,280,
7,41700,h,1.092114269733429,2,280,
7,41700,i,1.211581826210022,2,280,
7,42000,a,1.2181552052497864,2,282,
7,42000,b,1.296154260635376,2,282,
7,42000,c,1.6125580072402954,2,282,
7,42000,d,1.108854591846466,2,282,
7,42000,e,1.2062180638313293,2,282,
7,42000,f,1.1583788394927979,2,282,
7,42000,g,1.3546284437179565,2,282,
7,42000,h,1.2318994402885437,2,282,
7,42000,i,1.094520926475525,2,282,
7,42300,a,1.273383915424347,2,284,
7,42300,b,1.2649968266487122,2,284,
7,42300,c,1.1854097247123718,2,284,
7,42300,d,1.1153400540351868,2,284,
7,42300,e,1.1494234800338745,2,284,
7,42300,f,1.242943286895752,2,284,
7,42300,g,1.286022663116455,2,284,
7,42300,h,1.4053995609283447,2,284,
7,42300,i,1.1949480772018433,2,284,
7,42600,a,1.2880830764770508,2,286,
7,42600,b,1.1420186161994934,2,286,
7,42600,c,1.2247669696807861,2,286,
7,42600,d,1.222512662410736,2,286,
7,42600,e,1.1342397928237915,2,286,
7,42600,f,1.2008166909217834,2,286,
7,42600,g,1.174710214138031,2,286,
7,42600,h,1.0836089849472046,2,286,
7,42600,i,1.1534703373908997,2,286,
7,42900,a,1.000889390707016,2,288,
7,42900,b,1.4195646047592163,2,288,
7,42900,c,1.375359296798706,2,288,
7,42900,d,1.0891505479812622,2,288,
7,42900,e,1.088127315044403,2,288,
7,42900,f,1.2349273562431335,2,288,
7,42900,g,1.1851766705513,2,288,
7,42900,h,1.2210091948509216,2,288,
7,42900,i,1.2630739212036133,2,288,
7,43200,a,1.1291165947914124,2,290,
7,43200,b,1.1715877056121826,2,290,
7,43200,c,1.1253977417945862,2,290,
7,43200,d,1.16000634431839,2,290,
7,43200,e,1.166310966014862,2,290,
7,43200,f,1.37763249874115,2,290,
7,43200,g,1.3947709798812866,2,290,
7,43200,h,1.271608591079712,2,290,
7,43200,i,1.0023745000362396,2,290,
7,43500,a,1.0702754259109497,2,292,
7,43500,b,1.2681744694709778,2,292,
7,43500,c,1.3801697492599487,2,292,
7,43500,d,1.1999554634094238,2,292,
7,43500,e,1.0333123207092285,2,292,
7,43500,f,1.401234745979309,2,292,
7,43500,g,1.1389223039150238,2,292,
7,43500,h,1.2361228466033936,2,292,
7,43500,i,1.1806805729866028,2,292,
7,43800,a,1.1822848916053772,2,294,
7,43800,b,1.3423640131950378,2,294,
7,43800,c,1.3448582887649536,2,294,
7,43800,d,1.146621584892273,2,294,
7,43800,e,1.129762053489685,2,294,
7,43800,f,1.3044030666351318,2,294,
7,43800,g,1.2121558785438538,2,294,
7,43800,h,1.1070013046264648,2,294,
7,43800,i,1.0454519391059875,2,294,
7,44100,a,1.2054980397224426,2,296,
7,44100,b,1.3200849294662476,2,296,
7,44100,c,1.2656664848327637,2,296,
7,44100,d,1.2781031131744385,2,296,
7,44100,e,1.1979625225067139,2,296,
7,44100,f,1.5835339426994324,2,296,
7,44100,g,1.2663554549217224,2,296,
7,44100,h,1.1596748232841492,2,296,
7,44100,i,1.060406744480133,2,296,
7,44400,a,1.1290582716464996,2,298,
7,44400,b,1.200100839138031,2,298,
7,44400,c,1.0214601755142212,2,298,
7,44400,d,1.1330575346946716,2,298,
7,44400,e,1.0904816389083862,2,298,
7,44400,f,1.2607135772705078,2,298,
7,44400,g,1.2522830963134766,2,298,
7,44400,h,1.3417379260063171,2,298,
7,44400,i,1.1851680874824524,2,298,
7,44700,a,1.3042325973510742,2,300,
7,44700,b,1.3204059600830078,2,300,
7,44700,c,1.2943652272224426,2,300,
7,44700,d,1.2018963694572449,2,300,
7,44700,e,1.1482215523719788,2,300,
7,44700,f,1.2436268329620361,2,300,
7,44700,g,1.1773520112037659,2,300,
7,44700,h,1.1731262803077698,2,300,
7,44700,i,1.0277711153030396,2,300,
7,45000,a,1.112225353717804,2,302,
7,45000,b,1.2287670373916626,2,302,
7,45000,c,1.2624205946922302,2,302,
7,45000,d,1.0755543112754822,2,302,
7,45000,e,1.2590850591659546,2,302,
7,45000,f,1.2057381868362427,2,302,
7,45000,g,1.1417829990386963,2,302,
7,45000,h,1.1414609551429749,2,302,
7,45000,i,1.2584619522094727,2,302,
7,45300,a,1.2206159830093384,2,304,
7,45300,b,1.3974021077156067,2,304,
7,45300,c,1.1163556575775146,2,304,
7,45300,d,1.2097396850585938,2,304,
7,45300,e,1.2142419815063477,2,304,
7,45300,f,1.1040393710136414,2,304,
7,45300,g,1.2603609561920166,2,304,
7,45300,h,1.159921109676361,2,304,
7,45300,i,1.1303452253341675,2,304,
7,45600,a,1.2280908823013306,2,306,
7,45600,b,1.298896610736847,2,306,
7,45600,c,1.421736240386963,2,306,
7,45600,d,1.1256981492042542,2,306,
7,45600,e,1.0982714891433716,2,306,
7,45600,f,1.2623146176338196,2,306,
7,45600,g,1.13285231590271,2,306,
7,45600,h,1.171125888824463,2,306,
7,45600,i,1.098498821258545,2,306,
7,45900,a,1.1674148440361023,2,308,
7,45900,b,1.2827787399291992,2,308,
7,45900,c,1.3947864770889282,2,308,
7,45900,d,1.2124996185302734,2,308,
7,45900,e,1.1735673546791077,2,308,
7,45900,f,1.180039644241333,2,308,
7,45900,g,1.157500147819519,2,308,
7,45900,h,1.1179420948028564,2,308,
7,45900,i,1.2599018812179565,2,308,
7,46200,a,1.51096111536026,2,310,
7,46200,b,1.1857219338417053,2,310,
7,46200,c,1.2543586492538452,2,310,
7,46200,d,1.2843756675720215,2,310,
7,46200,e,1.1807942390441895,2,310,
7,46200,f,1.261527419090271,2,310,
7,46200,g,1.2038462162017822,2,310,
7,46200,h,1.281219244003296,2,310,
7,46200,i,1.1319865584373474,2,310,
7,46500,a,1.3514440655708313,2,312,
7,46500,b,1.5443650484085083,2,312,
7,46500,c,1.2290973663330078,2,312,
7,46500,d,1.234514594078064,2,312,
7,46500,e,1.3573366403579712,2,312,
7,46500,f,1.3259613513946533,2,312,
7,46500,g,1.3980351686477661,2,312,
7,46500,h,1.1976983547210693,2,312,
7,46500,i,1.1370652914047241,2,312,
7,46800,a,1.2395766973495483,2,314,
7,46800,b,1.1828271746635437,2,314,
7,46800,c,1.1925121545791626,2,314,
7,46800,d,1.156554400920868,2,314,
7,46800,e,1.0799183249473572,2,314,
7,46800,f,1.203782558441162,2,314,
7,46800,g,1.1442775130271912,2,314,
7,46800,h,1.0965436100959778,2,314,
7,46800,i,1.1738982200622559,2,314,
7,47100,a,1.253147840499878,2,316,
7,47100,b,1.310674250125885,2,316,
7,47100,c,1.3115360736846924,2,316,
7,47100,d,1.1874783039093018,2,316,
7,47100,e,1.4403175115585327,2,316,
7,47100,f,1.263064980506897,2,316,
7,47100,g,1.1537790298461914,2,316,
7,47100,h,1.1655146479606628,2,316,
7,47100,i,1.1330217719078064,2,316,
7,47400,a,1.174407422542572,2,318,
7,47400,b,1.3376473188400269,2,318,
7,47400,c,1.342003345489502,2,318,
7,47400,d,1.0682393908500671,2,318,
7,47400,e,1.3277989625930786,2,318,
7,47400,f,1.1467403769493103,2,318,
7,47400,g,1.2163798213005066,2,318,
7,47400,h,1.2742039561271667,2,318,
7,47400,i,1.2073098421096802,2,318,
7,47700,a,1.0709702372550964,2,320,
7,47700,b,1.27363920211792,2,320,
7,47700,c,1.1465396881103516,2,320,
7,47700,d,1.2051729559898376,2,320,
7,47700,e,1.1457887291908264,2,320,
7,47700,f,1.2802306413650513,2,320,
7,47700,g,1.3349249958992004,2,320,
7,47700,h,1.2922112345695496,2,320,
7,47700,i,1.0040199756622314,2,320,
7,48000,a,1.1011967658996582,2,322,
7,48000,b,1.292479395866394,2,322,
7,48000,c,1.1393792033195496,2,322,
7,48000,d,1.1613186597824097,2,322,
7,48000,e,1.3150463700294495,2,322,
7,48000,f,1.100938320159912,2,322,
7,48000,g,1.1786302328109741,2,322,
7,48000,h,1.1175084114074707,2,322,
7,48000,i,1.1207014918327332,2,322,
7,48300,a,1.150909185409546,2,324,
7,48300,b,1.2203853726387024,2,324,
7,48300,c,1.214062511920929,2,324,
7,48300,d,0.9911032319068909,2,324,
7,48300,e,1.1903175711631775,2,324,
7,48300,f,1.1488345265388489,2,324,
7,48300,g,1.1515135765075684,2,324,
7,48300,h,1.2679879069328308,2,324,
7,48300,i,1.1537049412727356,2,324,
7,48600,a,1.1062906980514526,2,326,
7,48600,b,1.331535279750824,2,326,
7,48600,c,1.1136335134506226,2,326,
7,48600,d,1.161430835723877,2,326,
7,48600,e,1.0892837047576904,2,326,
7,48600,f,1.185079276561737,2,326,
7,48600,g,1.221508264541626,2,326,
7,48600,h,1.0597532391548157,2,326,
7,48600,i,1.1292823553085327,2,326,
7,48900,a,1.0540878176689148,2,328,
7,48900,b,1.3040568828582764,2,328,
7,48900,c,1.2633386254310608,2,328,
7,48900,d,1.1219390630722046,2,328,
7,48900,e,1.159279704093933,2,328,
7,48900,f,1.1282941102981567,2,328,
7,48900,g,1.2431461811065674,2,328,
7,48900,h,1.3662033081054688,2,328,
7,48900,i,1.236663818359375,2,328,
7,49200,a,1.205521583557129,2,330,
7,49200,b,1.2805593013763428,2,330,
7,49200,c,1.163899540901184,2,330,
7,49200,d,1.0805597305297852,2,330,
7,49200,e,1.0794323682785034,2,330,
7,49200,f,1.1457005739212036,2,330,
7,49200,g,1.2572065591812134,2,330,
7,49200,h,1.036975085735321,2,330,
7,49200,i,1.0821555256843567,2,330,
7,49500,a,1.0035933256149292,2,332,
7,49500,b,1.2494778037071228,2,332,
7,49500,c,1.2474804520606995,2,332,
7,49500,d,1.0824370980262756,2,332,
7,49500,e,1.25031179189682,2,332,
7,49500,f,1.2457041144371033,2,332,
7,49500,g,1.2013808488845825,2,332,
7,49500,h,1.0837926864624023,2,332,
7,49500,i,1.163920521736145,2,332,
7,49800,a,1.1133649349212646,2,334,
7,49800,b,1.272635281085968,2,334,
7,49800,c,1.1734265685081482,2,334,
7,49800,d,1.181260347366333,2,334,
7,49800,e,1.0874856114387512,2,334,
7,49800,f,1.1685842871665955,2,334,
7,49800,g,1.149047315120697,2,334,
7,49800,h,0.914457380771637,2,334,
7,49800,i,1.1010551154613495,2,334,
7,50100,a,1.2142733931541443,2,336,
7,50100,b,1.1083353757858276,2,336,
7,50100,c,1.219124436378479,2,336,
7,50100,d,1.1517648696899414,2,336,
7,50100,e,1.1181803345680237,2,336,
7,50100,f,1.1704014539718628,2,336,
7,50100,g,1.2200812101364136,2,336,
7,50100,h,1.1040073037147522,2,336,
7,50100,i,1.1488110423088074,2,336,
7,50400,a,1.151437759399414,2,338,
7,50400,b,1.1809295415878296,2,338,
7,50400,c,1.204489290714264,2,338,
7,50400,d,1.1382004618644714,2,338,
7,50400,e,1.0175080299377441,2,338,
7,50400,f,1.1657490134239197,2,338,
7,50400,g,1.2061840295791626,2,338,
7,50400,h,1.1172001361846924,2,338,
7,50400,i,1.1760027408599854,2,338,
7,50700,a,1.0858168005943298,2,340,
7,50700,b,1.1109389066696167,2,340,
7,50700,c,1.263433575630188,2,340,
7,50700,d,1.0552719831466675,2,340,
7,50700,e,1.0489408373832703,2,340,
7,50700,f,1.0912384986877441,2,340,
7,50700,g,1.0560773015022278,2,340,
7,50700,h,1.1407268047332764,2,340,
7,50700,i,1.2534683346748352,2,340,
7,51000,a,1.065231740474701,2,342,
7,51000,b,1.20060133934021,2,342,
7,51000,c,1.0961190462112427,2,342,
7,51000,d,1.0670015811920166,2,342,
7,51000,e,0.9309718012809753,2,342,
7,51000,f,1.147398591041565,2,342,
7,51000,g,1.3071208000183105,2,342,
7,51000,h,1.2005868554115295,2,342,
7,51000,i,1.0640271306037903,2,342,
7,51300,a,1.1617700457572937,2,344,
7,51300,b,1.088184654712677,2,344,
7,51300,c,1.1556029319763184,2,344,
7,51300,d,1.368636667728424,2,344,
7,51300,e,1.0041694343090057,2,344,
7,51300,f,1.3562151789665222,2,344,
7,51300,g,1.2440386414527893,2,344,
7,51300,h,1.129086673259735,2,344,
7,51300,i,1.0354628562927246,2,344,
7,51600,a,1.071531057357788,2,346,
7,51600,b,1.3320674896240234,2,346,
7,51600,c,1.2611730098724365,2,346,
7,51600,d,1.0587975978851318,2,346,
7,51600,e,1.13517564535141,2,346,
7,51600,f,1.3289965987205505,2,346,
7,51600,g,1.1480395197868347,2,346,
7,51600,h,1.0001793503761292,2,346,
7,51600,i,1.1114227175712585,2,346,
7,51900,a,0.9710040986537933,2,348,
7,51900,b,1.2227041721343994,2,348,
7,51900,c,1.2615976333618164,2,348,
7,51900,d,1.036010593175888,2,348,
7,51900,e,1.3042516112327576,2,348,
7,51900,f,1.1101338267326355,2,348,
7,51900,g,1.181951105594635,2,348,
7,51900,h,1.199238896369934,2,348,
7,51900,i,1.166668176651001,2,348,
7,52200,a,1.0147545337677002,2,350,
7,52200,b,1.1895119547843933,2,350,
7,52200,c,1.2536927461624146,2,350,
7,52200,d,1.1832937002182007,2,350,
7,52200,e,1.156445860862732,2,350,
7,52200,f,1.117622435092926,2,350,
7,52200,g,1.300228476524353,2,350,
7,52200,h,1.2190393209457397,2,350,
7,52200,i,1.0376585125923157,2,350,
7,52500,a,1.1531067490577698,2,352,
7,52500,b,1.1568790078163147,2,352,
7,52500,c,1.2226170897483826,2,352,
7,52500,d,1.1278167366981506,2,352,
7,52500,e,1.0125520527362823,2,352,
7,52500,f,1.1327621340751648,2,352,
7,52500,g,1.1561227440834045,2,352,
7,52500,h,1.1027581095695496,2,352,
7,52500,i,0.9642659723758698,2,352,
7,52800,a,1.2145507335662842,2,354,
7,52800,b,1.2814865708351135,2,354,
7,52800,c,1.3764360547065735,2,354,
7,52800,d,1.1155850887298584,2,354,
7,52800,e,1.2102436423301697,2,354,
7,52800,f,1.1998701095581055,2,354,
7,52800,g,1.2250546216964722,2,354,
7,52800,h,1.1680362224578857,2,354,
7,52800,i,1.1751729846000671,2,354,
7,53100,a,1.140343964099884,2,356,
7,53100,b,1.1486135721206665,2,356,
7,53100,c,1.1707180738449097,2,356,
7,53100,d,1.1494580507278442,2,356,
7,53100,e,1.0503710210323334,2,356,
7,53100,f,1.1196765303611755,2,356,
7,53100,g,1.095260202884674,2,356,
7,53100,h,1.1252642273902893,2,356,
7,53100,i,1.0955615043640137,2,356,
7,53400,a,1.1745339035987854,2,358,
7,53400,b,1.1133689284324646,2,358,
7,53400,c,1.2655353546142578,2,358,
7,53400,d,1.004160463809967,2,358,
7,53400,e,1.097349226474762,2,358,
7,53400,f,1.242058277130127,2,358,
7,53400,g,1.0013951063156128,2,358,
7,53400,h,1.138882040977478,2,358,
7,53400,i,1.018975853919983,2,358,
7,53700,a,1.263109803199768,2,360,
7,53700,b,1.1445353627204895,2,360,
7,53700,c,1.144668161869049,2,360,
7,53700,d,1.1308187246322632,2,360,
7,53700,e,1.0772687792778015,2,360,
7,53700,f,1.2216017246246338,2,360,
7,53700,g,1.3778741955757141,2,360,
7,53700,h,1.0530552566051483,2,360,
7,53700,i,1.155809223651886,2,360,
7,54000,a,1.076531708240509,2,362,
7,54000,b,1.1789053082466125,2,362,
7,54000,c,1.2905415296554565,2,362,
7,54000,d,1.29868084192276,2,362,
7,54000,e,1.0347721874713898,2,362,
7,54000,f,1.074847400188446,2,362,
7,54000,g,1.4019267559051514,2,362,
7,54000,h,1.0774917006492615,2,362,
7,54000,i,1.1642447710037231,2,362,
7,54300,a,0.984390914440155,2,364,
7,54300,b,1.1487622261047363,2,364,
7,54300,c,1.0713987946510315,2,364,
7,54300,d,1.092104196548462,2,364,
7,54300,e,1.38597971200943,2,364,
7,54300,f,1.1419041156768799,2,364,
7,54300,g,1.2044296860694885,2,364,
7,54300,h,0.935602605342865,2,364,
7,54300,i,1.1795685291290283,2,364,
7,54600,a,1.0721069276332855,2,366,
7,54600,b,1.1165793538093567,2,366,
7,54600,c,1.0723554491996765,2,366,
7,54600,d,1.2238932847976685,2,366,
7,54600,e,1.0009437799453735,2,366,
7,54600,f,1.0590164065361023,2,366,
7,54600,g,1.2241193652153015,2,366,
7,54600,h,1.1286396980285645,2,366,
7,54600,i,1.013040840625763,2,366,
7,54900,a,1.1988700032234192,2,368,
7,54900,b,1.1942819356918335,2,368,
7,54900,c,1.2705756425857544,2,368,
7,54900,d,1.2264267206192017,2,368,
7,54900,e,1.007911890745163,2,368,
7,54900,f,1.2383285760879517,2,368,
7,54900,g,1.0587466955184937,2,368,
7,54900,h,0.9221113324165344,2,368,
7,54900,i,1.0290072858333588,2,368,
7,55200,a,1.2037187814712524,2,370,
7,55200,b,1.3204841017723083,2,370,
7,55200,c,1.2199642658233643,2,370,
7,55200,d,1.153446078300476,2,370,
7,55200,e,1.034005343914032,2,370,
7,55200,f,1.2295799255371094,2,370,
7,55200,g,1.090691864490509,2,370,
7,55200,h,1.194428563117981,2,370,
7,55200,i,1.1237338781356812,2,370,
7,55500,a,1.1035386323928833,2,372,
7,55500,b,1.179430902004242,2,372,
7,55500,c,1.3196737170219421,2,372,
7,55500,d,1.2223109006881714,2,372,
7,55500,e,0.9564871490001678,2,372,
7,55500,f,1.0131996273994446,2,372,
7,55500,g,1.1898294687271118,2,372,
7,55500,h,1.0829458832740784,2,372,
7,55500,i,1.1831823587417603,2,372,
7,55800,a,1.1337674856185913,2,374,
7,55800,b,1.3163127303123474,2,374,
7,55800,c,1.1910018920898438,2,374,
7,55800,d,1.2747872471809387,2,374,
7,55800,e,1.1255449652671814,2,374,
7,55800,f,1.213875412940979,2,374,
7,55800,g,1.2876709699630737,2,374,
7,55800,h,1.0636634528636932,2,374,
7,55800,i,0.9807001948356628,2,374,
7,56100,a,1.2010247707366943,2,376,
7,56100,b,1.2071874737739563,2,376,
7,56100,c,1.1921165585517883,2,376,
7,56100,d,1.0764222741127014,2,376,
7,56100,e,1.118776559829712,2,376,
7,56100,f,1.1741265058517456,2,376,
7,56100,g,1.0890111923217773,2,376,
7,56100,h,1.1098474860191345,2,376,
7,56100,i,1.0726621747016907,2,376,
7,56400,a,1.0667355060577393,2,378,
7,56400,b,1.0599496960639954,2,378,
7,56400,c,1.126399576663971,2,378,
7,56400,d,1.0991610288619995,2,378,
7,56400,e,1.021739661693573,2,378,
7,56400,f,1.0814807415008545,2,378,
7,56400,g,1.151631772518158,2,378,
7,56400,h,1.0731996297836304,2,378,
7,56400,i,1.1426134705543518,2,378,
7,56700,a,0.9052528142929077,2,380,
7,56700,b,1.0247637629508972,2,380,
7,56700,c,1.3681304454803467,2,380,
7,56700,d,1.0333768725395203,2,380,
7,56700,e,1.0257520973682404,2,380,
7,56700,f,1.2084336280822754,2,380,
7,56700,g,1.11344975233078,2,380,
7,56700,h,1.1084534525871277,2,380,
7,56700,i,1.1666898727416992,2,380,
7,57000,a,1.351358711719513,2,382,
7,57000,b,1.096365213394165,2,382,
7,57000,c,0.9832971394062042,2,382,
7,57000,d,1.1016668677330017,2,382,
7,57000,e,0.9919069111347198,2,382,
7,57000,f,1.2667721509933472,2,382,
7,57000,g,1.005613386631012,2,382,
7,57000,h,1.1510905027389526,2,382,
7,57000,i,1.0831888318061829,2,382,
7,57300,a,1.043239802122116,2,384,
7,57300,b,1.2259562611579895,2,384,
7,57300,c,1.2990170121192932,2,384,
7,57300,d,1.091828465461731,2,384,
7,57300,e,1.1134238839149475,2,384,
7,57300,f,0.9909056723117828,2,384,
7,57300,g,1.3173843026161194,2,384,
7,57300,h,1.0883760452270508,2,384,
7,57300,i,0.9461683332920074,2,384,
7,57600,a,0.9294306635856628,2,386,
7,57600,b,1.253508448600769,2,386,
7,57600,c,1.3287147283554077,2,386,
7,57600,d,0.9970338344573975,2,386,
7,57600,e,1.0396687388420105,2,386,
7,57600,f,1.0421372652053833,2,386,
7,57600,g,1.152843713760376,2,386,
7,57600,h,1.0361368954181671,2,386,
7,57600,i,1.1229079961776733,2,386,
7,57900,a,1.1179974377155304,2,388,
7,57900,b,1.2815674543380737,2,388,
7,57900,c,1.0497931838035583,2,388,
7,57900,d,0.8839410543441772,2,388,
7,57900,e,1.1937329769134521,2,388,
7,57900,f,1.0786901116371155,2,388,
7,57900,g,1.1696228981018066,2,388,
7,57900,h,0.9240393340587616,2,388,
7,57900,i,0.9915039539337158,2,388,
7,58200,a,0.9970781803131104,2,390,
7,58200,b,1.1193527579307556,2,390,
7,58200,c,0.9937928020954132,2,390,
7,58200,d,1.005793422460556,2,390,
7,58200,e,0.9858245253562927,2,390,
7,58200,f,1.1065215170383453,2,390,
7,58200,g,1.103520154953003,2,390,
7,58200,h,0.9111829102039337,2,390,
7,58200,i,1.152518391609192,2,390,
7,58500,a,1.1311835050582886,2,392,
7,58500,b,0.9336859881877899,2,392,
7,58500,c,1.0915780067443848,2,392,
7,58500,d,1.0108531713485718,2,392,
7,58500,e,1.099461853504181,2,392,
7,58500,f,1.1031105518341064,2,392,
7,58500,g,1.0952849388122559,2,392,
7,58500,h,0.9825683236122131,2,392,
7,58500,i,1.189453363418579,2,392,
7,58800,a,1.0818566679954529,2,394,
7,58800,b,1.0353837609291077,2,394,
7,58800,c,1.034850299358368,2,394,
7,58800,d,1.1222184896469116,2,394,
7,58800,e,0.8770774006843567,2,394,
7,58800,f,1.1445563435554504,2,394,
7,58800,g,1.1812169551849365,2,394,
7,58800,h,1.0418463349342346,2,394,
7,58800,i,0.9952743649482727,2,394,
7,59100,a,1.3512921333312988,2,396,
7,59100,b,1.1429066061973572,2,396,
7,59100,c,1.1128650903701782,2,396,
7,59100,d,1.1312863230705261,2,396,
7,59100,e,1.0004035234451294,2,396,
7,59100,f,1.0223299264907837,2,396,
7,59100,g,1.3384571075439453,2,396,
7,59100,h,1.01287043094635,2,396,
7,59100,i,0.9989409446716309,2,396,
7,59400,a,0.8870360255241394,2,398,
7,59400,b,1.1426836252212524,2,398,
7,59400,c,1.2444372773170471,2,398,
7,59400,d,1.218648076057434,2,398,
7,59400,e,0.8868626654148102,2,398,
7,59400,f,1.1222805380821228,2,398,
7,59400,g,1.0304661691188812,2,398,
7,59400,h,1.0844722986221313,2,398,
7,59400,i,0.963774561882019,2,398,
7,59700,a,1.0017392039299011,2,400,
7,59700,b,1.3256755471229553,2,400,
7,59700,c,1.0672736167907715,2,400,
7,59700,d,1.116854965686798,2,400,
7,59700,e,0.9970470070838928,2,400,
7,59700,f,1.0798311233520508,2,400,
7,59700,g,1.0169425904750824,2,400,
7,59700,h,1.1092997193336487,2,400,
7,59700,i,0.9546030163764954,2,400,
7,60000,a,1.055371344089508,2,402,
7,60000,b,1.197816789150238,2,402,
7,60000,c,1.107783854007721,2,402,
7,60000,d,1.0757868587970734,2,402,
7,60000,e,1.1006686687469482,2,402,
7,60000,f,1.0843175649642944,2,402,
7,60000,g,1.1446183323860168,2,402,
7,60000,h,1.0833498239517212,2,402,
7,60000,i,0.990746945142746,2,402,
7,60300,a,1.0635610818862915,2,404,
7,60300,b,1.0010742247104645,2,404,
7,60300,c,1.2140142321586609,2,404,
7,60300,d,0.9769466817378998,2,404,
7,60300,e,0.9558213353157043,2,404,
7,60300,f,0.9867286086082458,2,404,
7,60300,g,1.0989629030227661,2,404,
7,60300,h,0.957951009273529,2,404,
7,60300,i,0.8765531182289124,2,404,
7,60600,a,1.0448390245437622,2,406,
7,60600,b,1.1774083375930786,2,406,
7,60600,c,1.0105347037315369,2,406,
7,60600,d,1.0968854427337646,2,406,
7,60600,e,1.1293936371803284,2,406,
7,60600,f,1.0620679259300232,2,406,
7,60600,g,1.1675647497177124,2,406,
7,60600,h,1.0858097672462463,2,406,
7,60600,i,1.053179532289505,2,406,
7,60900,a,1.0710515975952148,2,408,
7,60900,b,1.3015169501304626,2,408,
7,60900,c,1.024029791355133,2,408,
7,60900,d,0.951020210981369,2,408,
7,60900,e,0.950590193271637,2,408,
7,60900,f,1.1255251169204712,2,408,
7,60900,g,1.0895680785179138,2,408,
7,60900,h,1.148248553276062,2,408,
7,60900,i,0.9906522631645203,2,408,
7,61200,a,1.2336872816085815,2,410,
7,61200,b,1.282289743423462,2,410,
7,61200,c,1.2224141359329224,2,410,
7,61200,d,1.0525827407836914,2,410,
7,61200,e,0.9352960586547852,2,410,
7,61200,f,1.0435065031051636,2,410,
7,61200,g,1.001673698425293,2,410,
7,61200,h,1.0979312658309937,2,410,
7,61200,i,1.0329368114471436,2,410,
7,61500,a,1.0787162780761719,2,412,
7,61500,b,1.0350174307823181,2,412,
7,61500,c,1.2802841663360596,2,412,
7,61500,d,1.0470468401908875,2,412,
7,61500,e,1.095156967639923,2,412,
7,61500,f,1.0823016464710236,2,412,
7,61500,g,1.0154313445091248,2,412,
7,61500,h,1.1059418320655823,2,412,
7,61500,i,1.1005317568778992,2,412,
7,61800,a,1.1144773960113525,2,414,
7,61800,b,1.0404980778694153,2,414,
7,61800,c,1.0720882415771484,2,414,
7,61800,d,0.8729813694953918,2,414,
7,61800,e,1.1221064925193787,2,414,
7,61800,f,1.1033374071121216,2,414,
7,61800,g,1.1072235703468323,2,414,
7,61800,h,1.0122193098068237,2,414,
7,61800,i,1.0860229134559631,2,414,
7,62100,a,1.3728484511375427,2,416,
7,62100,b,1.3102606534957886,2,416,
7,62100,c,1.05238676071167,2,416,
7,62100,d,1.0127991735935211,2,416,
7,62100,e,1.0562471747398376,2,416,
7,62100,f,1.1861612796783447,2,416,
7,62100,g,1.2356204390525818,2,416,
7,62100,h,0.8985332548618317,2,416,
7,62100,i,1.009751170873642,2,416,
7,62400,a,1.1829285025596619,2,418,
7,62400,b,1.3351967930793762,2,418,
7,62400,c,1.1141626834869385,2,418,
7,62400,d,1.2103980779647827,2,418,
7,62400,e,0.9607284963130951,2,418,
7,62400,f,1.0048178136348724,2,418,
7,62400,g,0.9631358981132507,2,418,
7,62400,h,1.2350695133209229,2,418,
7,62400,i,0.9862805604934692,2,418,
7,62700,a,1.039832592010498,2,420,
7,62700,b,1.4345049858093262,2,420,
7,62700,c,1.0884366631507874,2,420,
7,62700,d,1.0213173031806946,2,420,
7,62700,e,1.0094651877880096,2,420,
7,62700,f,1.045515239238739,2,420,
7,62700,g,1.123349905014038,2,420,
7,62700,h,1.0845797061920166,2,420,
7,62700,i,0.8984850645065308,2,420,
7,63000,a,1.217642605304718,2,422,
7,63000,b,1.121791422367096,2,422,
7,63000,c,1.2543492317199707,2,422,
7,63000,d,1.2121024131774902,2,422,
7,63000,e,1.1359105706214905,2,422,
7,63000,f,1.1580277681350708,2,422,
7,63000,g,1.0158991813659668,2,422,
7,63000,h,1.2390474677085876,2,422,
7,63000,i,0.9157168567180634,2,422,
7,63300,a,1.0130288302898407,2,424,
7,63300,b,0.951562225818634,2,424,
7,63300,c,1.1737590432167053,2,424,
7,63300,d,1.0083021521568298,2,424,
7,63300,e,1.0346105098724365,2,424,
7,63300,f,1.1180167198181152,2,424,
7,63300,g,1.2318577766418457,2,424,
7,63300,h,1.0522064864635468,2,424,
7,63300,i,1.1703873574733734,2,424,
7,63600,a,1.1061334013938904,2,426,
7,63600,b,1.0825450420379639,2,426,
7,63600,c,0.9696835279464722,2,426,
7,63600,d,1.1313406229019165,2,426,
7,63600,e,0.9694192409515381,2,426,
7,63600,f,1.0039911270141602,2,426,
7,63600,g,0.9629295468330383,2,426,
7,63600,h,1.082848608493805,2,426,
7,63600,i,1.0182667970657349,2,426,
7,63900,a,1.1037558019161224,2,428,
7,63900,b,1.0842400789260864,2,428,
7,63900,c,1.2594728469848633,2,428,
7,63900,d,1.1586875319480896,2,428,
7,63900,e,1.011583298444748,2,428,
7,63900,f,0.9158962965011597,2,428,
7,63900,g,1.0874423384666443,2,428,
7,63900,h,1.028145283460617,2,428,
7,63900,i,0.9776523411273956,2,428,
7,64200,a,1.0566496551036835,2,430,
7,64200,b,1.1131101250648499,2,430,
7,64200,c,1.286257803440094,2,430,
7,64200,d,1.0985277891159058,2,430,
7,64200,e,0.9550371170043945,2,430,
7,64200,f,0.9130285084247589,2,430,
7,64200,g,1.1805611848831177,2,430,
7,64200,h,0.915307492017746,2,430,
7,64200,i,1.0626169443130493,2,430,
7,64500,a,1.0367606282234192,2,432,
7,64500,b,1.128896415233612,2,432,
7,64500,c,1.2974750995635986,2,432,
7,64500,d,0.8271811008453369,2,432,
7,64500,e,1.111688256263733,2,432,
7,64500,f,1.2811821699142456,2,432,
7,64500,g,1.0883398652076721,2,432,
7,64500,h,1.1961015462875366,2,432,
7,64500,i,1.0512652099132538,2,432,
7,64800,a,1.094614326953888,2,434,
7,64800,b,1.222716510295868,2,434,
7,64800,c,1.436587631702423,2,434,
7,64800,d,1.0165892243385315,2,434,
7,64800,e,0.9328849613666534,2,434,
7,64800,f,0.9715835452079773,2,434,
7,64800,g,1.1137760281562805,2,434,
7,64800,h,0.988972008228302,2,434,
7,64800,i,1.068799376487732,2,434,
7,65100,a,0.9321518838405609,2,436,
7,65100,b,1.1989905834197998,2,436,
7,65100,c,1.1192675828933716,2,436,
7,65100,d,0.9811447858810425,2,436,
7,65100,e,0.9509172439575195,2,436,
7,65100,f,1.2164429426193237,2,436,
7,65100,g,0.9898699820041656,2,436,
7,65100,h,1.0917531847953796,2,436,
7,65100,i,1.0881630182266235,2,436,
7,65400,a,1.1700081825256348,2,438,
7,65400,b,1.266294538974762,2,438,
7,65400,c,1.077165961265564,2,438,
7,65400,d,0.9922106266021729,2,438,
7,65400,e,0.908111959695816,2,438,
7,65400,f,1.004290759563446,2,438,
7,65400,g,1.132658839225769,2,438,
7,65400,h,0.8422099351882935,2,438,
7,65400,i,1.0395302474498749,2,438,
7,65700,a,1.02781742811203,2,440,
7,65700,b,0.9963269829750061,2,440,
7,65700,c,1.129180133342743,2,440,
7,65700,d,1.0046719908714294,2,440,
7,65700,e,1.003476858139038,2,440,
7,65700,f,1.0341363549232483,2,440,
7,65700,g,1.0438511371612549,2,440,
7,65700,h,0.9484446942806244,2,440,
7,65700,i,0.9975161254405975,2,440,
7,66000,a,1.0763057470321655,2,442,
7,66000,b,1.2334104180335999,2,442,
7,66000,c,1.0516015887260437,2,442,
7,66000,d,0.9998117685317993,2,442,
7,66000,e,1.0543517470359802,2,442,
7,66000,f,1.083304226398468,2,442,
7,66000,g,1.2283843755722046,2,442,
7,66000,h,0.9477027654647827,2,442,
7,66000,i,1.0418704748153687,2,442,
7,66300,a,1.067735731601715,2,444,
7,66300,b,0.9771896004676819,2,444,
7,66300,c,1.0169415175914764,2,444,
7,66300,d,1.0233036875724792,2,444,
7,66300,e,1.2444339394569397,2,444,
7,66300,f,1.1600450277328491,2,444,
7,66300,g,1.1008774638175964,2,444,
7,66300,h,0.9852354228496552,2,444,
7,66300,i,1.0402825772762299,2,444,
7,66600,a,1.037282943725586,2,446,
7,66600,b,0.9263476133346558,2,446,
7,66600,c,0.9255171716213226,2,446,
7,66600,d,0.8680315315723419,2,446,
7,66600,e,0.9347639977931976,2,446,
7,66600,f,1.332634687423706,2,446,
7,66600,g,1.0657440423965454,2,446,
7,66600,h,0.9139374494552612,2,446,
7,66600,i,1.1519398093223572,2,446,
7,66900,a,1.133736789226532,2,448,
7,66900,b,1.2719074487686157,2,448,
7,66900,c,1.2927684783935547,2,448,
7,66900,d,0.918375700712204,2,448,
7,66900,e,0.9484280347824097,2,448,
7,66900,f,0.9582684636116028,2,448,
7,66900,g,1.2638880014419556,2,448,
7,66900,h,0.9525014162063599,2,448,
7,66900,i,0.9759646058082581,2,448,
7,67200,a,1.2471942901611328,2,450,
7,67200,b,1.073529064655304,2,450,
7,67200,c,1.0357269644737244,2,450,
7,67200,d,0.8457729518413544,2,450,
7,67200,e,1.3998957872390747,2,450,
7,67200,f,1.0336584448814392,2,450,
7,67200,g,1.2572264075279236,2,450,
7,67200,h,1.0693173110485077,2,450,
7,67200,i,0.8991120457649231,2,450,
7,67500,a,1.0554774403572083,2,452,
7,67500,b,1.1379503011703491,2,452,
7,67500,c,1.212022304534912,2,452,
7,67500,d,0.9274430274963379,2,452,
7,67500,e,1.0257641673088074,2,452,
7,67500,f,0.9967663288116455,2,452,
7,67500,g,1.1547065377235413,2,452,
7,67500,h,1.0505053400993347,2,452,
7,67500,i,1.0942367315292358,2,452,
7,67800,a,1.0859539806842804,2,454,
7,67800,b,1.0876920819282532,2,454,
7,67800,c,0.9524706304073334,2,454,
7,67800,d,1.0012142062187195,2,454,
7,67800,e,1.1528584361076355,2,454,
7,67800,f,1.060654103755951,2,454,
7,67800,g,1.0862057209014893,2,454,
7,67800,h,1.1756131649017334,2,454,
7,67800,i,0.901738166809082,2,454,
7,68100,a,0.9269095659255981,2,456,
7,68100,b,1.1100223064422607,2,456,
7,68100,c,1.0617691278457642,2,456,
7,68100,d,0.9707050919532776,2,456,
7,68100,e,1.003991186618805,2,456,
7,68100,f,1.1548606157302856,2,456,
7,68100,g,1.2237706184387207,2,456,
7,68100,h,0.9189668893814087,2,456,
7,68100,i,0.8756710886955261,2,456,
7,68400,a,0.9920722246170044,2,458,
7,68400,b,1.0752089619636536,2,458,
7,68400,c,1.1357041597366333,2,458,
7,68400,d,1.145513653755188,2,458,
7,68400,e,0.8891934156417847,2,458,
7,68400,f,0.9003683030605316,2,458,
7,68400,g,1.317253053188324,2,458,
7,68400,h,0.8712255954742432,2,458,
7,68400,i,0.9977370798587799,2,458,
7,68700,a,1.1629999279975891,2,460,
7,68700,b,1.0242009460926056,2,460,
7,68700,c,1.0478432178497314,2,460,
7,68700,d,1.0827466249465942,2,460,
7,68700,e,0.9846326112747192,2,460,
7,68700,f,1.1610270142555237,2,460,
7,68700,g,1.4836689829826355,2,460,
7,68700,h,0.8089888989925385,2,460,
7,68700,i,1.0462941229343414,2,460,
7,69000,a,1.1267977952957153,2,462,
7,69000,b,1.0491394996643066,2,462,
7,69000,c,1.1679767370224,2,462,
7,69000,d,0.9046770930290222,2,462,
7,69000,e,1.1699857711791992,2,462,
7,69000,f,1.1911999583244324,2,462,
7,69000,g,1.1218180060386658,2,462,
7,69000,h,0.9995193481445312,2,462,
7,69000,i,0.9005503356456757,2,462,
7,69300,a,0.9790694713592529,2,464,
7,69300,b,0.8773104846477509,2,464,
7,69300,c,1.1578555703163147,2,464,
7,69300,d,0.96152463555336,2,464,
7,69300,e,1.0225441455841064,2,464,
7,69300,f,0.9579847455024719,2,464,
7,69300,g,1.0120920240879059,2,464,
7,69300,h,1.0738009214401245,2,464,
7,69300,i,0.9602696895599365,2,464,
7,69600,a,1.0670105516910553,2,466,
7,69600,b,1.0864915251731873,2,466,
7,69600,c,1.1590101718902588,2,466,
7,69600,d,0.997967928647995,2,466,
7,69600,e,0.8880695104598999,2,466,
7,69600,f,1.0650652050971985,2,466,
7,69600,g,1.1466679573059082,2,466,
7,69600,h,1.1114308834075928,2,466,
7,69600,i,0.9796887636184692,2,466,
7,69900,a,1.0984734892845154,2,468,
7,69900,b,1.0647127628326416,2,468,
7,69900,c,0.9636283814907074,2,468,
7,69900,d,0.9996782839298248,2,468,
7,69900,e,0.9376656711101532,2,468,
7,69900,f,1.1221197843551636,2,468,
7,69900,g,1.019730806350708,2,468,
7,69900,h,0.8617754876613617,2,468,
7,69900,i,0.8715943694114685,2,468,
7,70200,a,1.0131794214248657,2,470,
7,70200,b,0.9013529121875763,2,470,
7,70200,c,1.1100512146949768,2,470,
7,70200,d,1.1072956323623657,2,470,
7,70200,e,0.9176774024963379,2,470,
7,70200,f,0.8809435963630676,2,470,
7,70200,g,1.3877590894699097,2,470,
7,70200,h,1.0041752457618713,2,470,
7,70200,i,0.9473580420017242,2,470,
7,70500,a,1.0793222784996033,2,472,
7,70500,b,0.9046864807605743,2,472,
7,70500,c,1.147507667541504,2,472,
7,70500,d,1.3976134061813354,2,472,
7,70500,e,0.9936334192752838,2,472,
7,70500,f,1.1069562435150146,2,472,
7,70500,g,1.1487348079681396,2,472,
7,70500,h,1.0058353245258331,2,472,
7,70500,i,1.045877456665039,2,472,
7,70800,a,1.0474645495414734,2,474,
7,70800,b,1.0042969286441803,2,474,
7,70800,c,0.989483654499054,2,474,
7,70800,d,1.15414297580719,2,474,
7,70800,e,0.8662871718406677,2,474,
7,70800,f,1.0740990042686462,2,474,
7,70800,g,1.0299528241157532,2,474,
7,70800,h,0.8251495659351349,2,474,
7,70800,i,0.9933212697505951,2,474,
7,71100,a,0.9617826342582703,2,476,
7,71100,b,1.065696120262146,2,476,
7,71100,c,1.205392599105835,2,476,
7,71100,d,0.9680735468864441,2,476,
7,71100,e,0.9566025733947754,2,476,
7,71100,f,1.0826618075370789,2,476,
7,71100,g,1.1504275798797607,2,476,
7,71100,h,0.9297589659690857,2,476,
7,71100,i,0.9177381992340088,2,476,
7,71400,a,1.0681185722351074,2,478,
7,71400,b,1.0548925995826721,2,478,
7,71400,c,1.1733832955360413,2,478,
7,71400,d,0.86435467004776,2,478,
7,71400,e,0.9328801035881042,2,478,
7,71400,f,1.0290398597717285,2,478,
7,71400,g,1.0509018301963806,2,478,
7,71400,h,1.0433741211891174,2,478,
7,71400,i,0.9839185476303101,2,478,
7,71700,a,1.1718788743019104,2,480,
7,71700,b,1.0709096491336823,2,480,
7,71700,c,1.1083531379699707,2,480,
7,71700,d,0.9556800127029419,2,480,
7,71700,e,0.946026474237442,2,480,
7,71700,f,1.1319981813430786,2,480,
7,71700,g,0.9972997903823853,2,480,
7,71700,h,0.9570553600788116,2,480,
7,71700,i,0.978129655122757,2,480,
7,72000,a,1.0133847892284393,2,482,
7,72000,b,1.0905373990535736,2,482,
7,72000,c,1.181203007698059,2,482,
7,72000,d,1.0995447933673859,2,482,
7,72000,e,0.843013346195221,2,482,
7,72000,f,0.8981124460697174,2,482,
7,72000,g,1.0475555062294006,2,482,
7,72000,h,0.9379850625991821,2,482,
7,72000,i,0.9722910523414612,2,482,
7,72300,a,1.096153050661087,2,484,
7,72300,b,1.0598897337913513,2,484,
7,72300,c,1.2913719415664673,2,484,
7,72300,d,1.106240689754486,2,484,
7,72300,e,0.9710938930511475,2,484,
7,72300,f,1.049961119890213,2,484,
7,72300,g,1.1287968754768372,2,484,
7,72300,h,0.8953006267547607,2,484,
7,72300,i,0.9571548104286194,2,484,
7,72600,a,0.9604989588260651,2,486,
7,72600,b,1.2836244106292725,2,486,
7,72600,c,1.0256884694099426,2,486,
7,72600,d,0.8736597895622253,2,486,
7,72600,e,0.9918196201324463,2,486,
7,72600,f,1.2021921277046204,2,486,
7,72600,g,1.1858280897140503,2,486,
7,72600,h,0.9163078665733337,2,486,
7,72600,i,1.2469592094421387,2,486,
7,72900,a,1.0630203485488892,2,488,
7,72900,b,1.0285052061080933,2,488,
7,72900,c,1.483216941356659,2,488,
7,72900,d,0.917557567358017,2,488,
7,72900,e,1.0111174285411835,2,488,
7,72900,f,1.0179870128631592,2,488,
7,72900,g,1.010518193244934,2,488,
7,72900,h,0.9176475405693054,2,488,
7,72900,i,0.895712673664093,2,488,
7,73200,a,1.110692024230957,2,490,
7,73200,b,0.9983224272727966,2,490,
7,73200,c,0.9979326128959656,2,490,
7,73200,d,1.0054241120815277,2,490,
7,73200,e,1.1017320454120636,2,490,
7,73200,f,1.0480711460113525,2,490,
7,73200,g,1.109485149383545,2,490,
7,73200,h,0.9766330718994141,2,490,
7,73200,i,0.9125964641571045,2,490,
7,73500,a,1.1429100036621094,2,492,
7,73500,b,1.2589134573936462,2,492,
7,73500,c,1.2635538578033447,2,492,
7,73500,d,0.9251586198806763,2,492,
7,73500,e,0.8658934235572815,2,492,
7,73500,f,1.1109619736671448,2,492,
7,73500,g,1.3215564489364624,2,492,
7,73500,h,1.35556298494339,2,492,
7,73500,i,0.7782348990440369,2,492,
7,73800,a,0.8619433641433716,2,494,
7,73800,b,1.0051518380641937,2,494,
7,73800,c,1.0802778601646423,2,494,
7,73800,d,0.9293082356452942,2,494,
7,73800,e,0.9407094120979309,2,494,
7,73800,f,1.07667875289917,2,494,
7,73800,g,1.2001789212226868,2,494,
7,73800,h,0.9236186444759369,2,494,
7,73800,i,0.9660733342170715,2,494,
7,74100,a,0.9231579899787903,2,496,
7,74100,b,1.0441246032714844,2,496,
7,74100,c,1.0905489921569824,2,496,
7,74100,d,0.9761359989643097,2,496,
7,74100,e,0.8605562150478363,2,496,
7,74100,f,1.072808563709259,2,496,
7,74100,g,0.9413594901561737,2,496,
7,74100,h,0.9328834712505341,2,496,
7,74100,i,1.0451571643352509,2,496,
7,74400,a,1.079474002122879,2,498,
7,74400,b,1.0761858224868774,2,498,
7,74400,c,1.1300806403160095,2,498,
7,74400,d,1.0594266951084137,2,498,
7,74400,e,0.9442270398139954,2,498,
7,74400,f,1.0148676037788391,2,498,
7,74400,g,1.1851404905319214,2,498,
7,74400,h,0.8586535453796387,2,498,
7,74400,i,0.8868874311447144,2,498,
7,74700,a,0.8546754717826843,2,500,
7,74700,b,1.2846310138702393,2,500,
7,74700,c,0.9239359796047211,2,500,
7,74700,d,0.8823134899139404,2,500,
7,74700,e,1.034613311290741,2,500,
7,74700,f,1.1390050649642944,2,500,
7,74700,g,0.9345865845680237,2,500,
7,74700,h,0.8976472020149231,2,500,
7,74700,i,0.9871417284011841,2,500,
7,75000,a,0.9913933277130127,2,502,
7,75000,b,1.0235213041305542,2,502,
7,75000,c,0.9557029008865356,2,502,
7,75000,d,1.126413881778717,2,502,
7,75000,e,0.9779137969017029,2,502,
7,75000,f,0.9739059209823608,2,502,
7,75000,g,1.121054768562317,2,502,
7,75000,h,0.8000138998031616,2,502,
7,75000,i,0.8979054093360901,2,502,
7,75300,a,0.9191091656684875,2,504,
7,75300,b,1.153754860162735,2,504,
7,75300,c,1.1394014954566956,2,504,
7,75300,d,1.0013808906078339,2,504,
7,75300,e,1.1008933782577515,2,504,
7,75300,f,1.0687222480773926,2,504,
7,75300,g,1.1521490216255188,2,504,
7,75300,h,1.2916552424430847,2,504,
7,75300,i,0.9426406621932983,2,504,
7,75600,a,1.0120619535446167,2,506,
7,75600,b,1.021018147468567,2,506,
7,75600,c,1.1495069861412048,2,506,
7,75600,d,0.9990857541561127,2,506,
7,75600,e,1.1735275983810425,2,506,
7,75600,f,0.9976179301738739,2,506,
7,75600,g,1.0103829205036163,2,506,
7,75600,h,0.91346675157547,2,506,
7,75600,i,1.1195515394210815,2,506,
7,75900,a,0.9568628370761871,2,508,
7,75900,b,0.949398934841156,2,508,
7,75900,c,0.9287432730197906,2,508,
7,75900,d,1.058185338973999,2,508,
7,75900,e,0.9074406921863556,2,508,
7,75900,f,1.1914278268814087,2,508,
7,75900,g,1.0505300164222717,2,508,
7,75900,h,0.8593467473983765,2,508,
7,75900,i,1.0073900818824768,2,508,
7,76200,a,1.0649354457855225,2,510,
7,76200,b,0.8676652014255524,2,510,
7,76200,c,0.8894602954387665,2,510,
7,76200,d,0.9554427862167358,2,510,
7,76200,e,0.8278268575668335,2,510,
7,76200,f,1.1119192838668823,2,510,
7,76200,g,1.061048150062561,2,510,
7,76200,h,0.8592534363269806,2,510,
7,76200,i,1.018658697605133,2,510,
7,76500,a,1.1168034672737122,2,512,
7,76500,b,0.9880041778087616,2,512,
7,76500,c,1.2108452916145325,2,512,
7,76500,d,0.9434306025505066,2,512,
7,76500,e,0.8386958539485931,2,512,
7,76500,f,1.0981747508049011,2,512,
7,76500,g,1.0596681237220764,2,512,
7,76500,h,0.8708701729774475,2,512,
7,76500,i,1.1219477653503418,2,512,
7,76800,a,1.1260412335395813,2,514,
7,76800,b,0.8710132241249084,2,514,
7,76800,c,1.0648057460784912,2,514,
7,76800,d,0.9795995056629181,2,514,
7,76800,e,0.8249757587909698,2,514,
7,76800,f,1.0112122595310211,2,514,
7,76800,g,0.9363431930541992,2,514,
7,76800,h,0.8994723558425903,2,514,
7,76800,i,0.9282222390174866,2,514,
7,77100,a,0.9551921784877777,2,516,
7,77100,b,1.0886629819869995,2,516,
7,77100,c,1.1724161803722382,2,516,
7,77100,d,1.1699339151382446,2,516,
7,77100,e,1.165700227022171,2,516,
7,77100,f,0.9614213109016418,2,516,
7,77100,g,1.2792822122573853,2,516,
7,77100,h,0.9435202777385712,2,516,
7,77100,i,0.9536877274513245,2,516,
7,77400,a,0.9938376545906067,2,518,
7,77400,b,1.0123462080955505,2,518,
7,77400,c,1.0357755422592163,2,518,
7,77400,d,0.9620342254638672,2,518,
7,77400,e,1.055364727973938,2,518,
7,77400,f,0.8023588955402374,2,518,
7,77400,g,1.1397814750671387,2,518,
7,77400,h,0.7592112123966217,2,518,
7,77400,i,0.8346253037452698,2,518,
7,77700,a,1.129207730293274,2,520,
7,77700,b,1.2065533995628357,2,520,
7,77700,c,1.0268563330173492,2,520,
7,77700,d,0.8300412893295288,2,520,
7,77700,e,0.9413449168205261,2,520,
7,77700,f,0.8794591724872589,2,520,
7,77700,g,1.177513301372528,2,520,
7,77700,h,0.989217072725296,2,520,
7,77700,i,0.9212263226509094,2,520,
7,78000,a,0.9208601713180542,2,522,
7,78000,b,1.0916819274425507,2,522,
7,78000,c,1.1387652158737183,2,522,
7,78000,d,0.9083720445632935,2,522,
7,78000,e,0.9427393674850464,2,522,
7,78000,f,0.7997927069664001,2,522,
7,78000,g,0.8860866725444794,2,522,
7,78000,h,0.8142687678337097,2,522,
7,78000,i,1.0185353755950928,2,522,
7,78300,a,1.0166863203048706,2,524,
7,78300,b,1.0818312764167786,2,524,
7,78300,c,1.1010457575321198,2,524,
7,78300,d,1.000121831893921,2,524,
7,78300,e,0.929283082485199,2,524,
7,78300,f,0.9492569267749786,2,524,
7,78300,g,1.0060480535030365,2,524,
7,78300,h,0.7854755818843842,2,524,
7,78300,i,0.7679899036884308,2,524,
7,78600,a,0.936487078666687,2,526,
7,78600,b,1.1126593351364136,2,526,
7,78600,c,1.0797994136810303,2,526,
7,78600,d,0.996866911649704,2,526,
7,78600,e,0.972395122051239,2,526,
7,78600,f,0.9441098570823669,2,526,
7,78600,g,1.0558915436267853,2,526,
7,78600,h,0.9025992751121521,2,526,
7,78600,i,0.8307665884494781,2,526,
7,78900,a,0.9708185195922852,2,528,
7,78900,b,1.101545810699463,2,528,
7,78900,c,1.2322897911071777,2,528,
7,78900,d,0.8985543251037598,2,528,
7,78900,e,0.8110567331314087,2,528,
7,78900,f,1.0037884414196014,2,528,
7,78900,g,0.925637811422348,2,528,
7,78900,h,1.072394847869873,2,528,
7,78900,i,0.9628361463546753,2,528,
7,79200,a,0.8959864377975464,2,530,
7,79200,b,1.211219608783722,2,530,
7,79200,c,1.0065757930278778,2,530,
7,79200,d,0.882838636636734,2,530,
7,79200,e,1.0413819551467896,2,530,
7,79200,f,1.1059982180595398,2,530,
7,79200,g,0.9637160301208496,2,530,
7,79200,h,0.7440579235553741,2,530,
7,79200,i,0.7952055335044861,2,530,
7,79500,a,0.9401518106460571,2,532,
7,79500,b,1.1348165273666382,2,532,
7,79500,c,1.0415992438793182,2,532,
7,79500,d,0.8806847035884857,2,532,
7,79500,e,0.808248370885849,2,532,
7,79500,f,1.0190626084804535,2,532,
7,79500,g,0.9760361909866333,2,532,
7,79500,h,0.9278867840766907,2,532,
7,79500,i,0.9519612193107605,2,532,
7,79800,a,0.945740282535553,2,534,
7,79800,b,1.1144846081733704,2,534,
7,79800,c,1.182668387889862,2,534,
7,79800,d,1.065328598022461,2,534,
7,79800,e,1.043722152709961,2,534,
7,79800,f,0.8892078697681427,2,534,
7,79800,g,0.9668976664543152,2,534,
7,79800,h,0.9564204812049866,2,534,
7,79800,i,1.0336704850196838,2,534,
7,80100,a,1.0052932500839233,2,536,
7,80100,b,1.0171299576759338,2,536,
7,80100,c,0.9153926968574524,2,536,
7,80100,d,0.9116758704185486,2,536,
7,80100,e,0.7741107642650604,2,536,
7,80100,f,0.8880690336227417,2,536,
7,80100,g,0.9435636401176453,2,536,
7,80100,h,0.863837867975235,2,536,
7,80100,i,1.0570396184921265,2,536,
7,80400,a,1.1066616773605347,2,538,
7,80400,b,1.0716259479522705,2,538,
7,80400,c,1.115739643573761,2,538,
7,80400,d,1.0498399138450623,2,538,
7,80400,e,0.7795533239841461,2,538,
7,80400,f,0.8191054463386536,2,538,
7,80400,g,1.10147625207901,2,538,
7,80400,h,1.1125944256782532,2,538,
7,80400,i,0.8808196783065796,2,538,
7,80700,a,1.065019965171814,2,540,
7,80700,b,1.0730822682380676,2,540,
7,80700,c,1.1764236092567444,2,540,
7,80700,d,0.916856437921524,2,540,
7,80700,e,0.9797343611717224,2,540,
7,80700,f,0.8739044368267059,2,540,
7,80700,g,1.194298267364502,2,540,
7,80700,h,0.8397571742534637,2,540,
7,80700,i,0.9712747931480408,2,540,
7,81000,a,0.8093672096729279,2,542,
7,81000,b,1.0466384291648865,2,542,
7,81000,c,1.1720747351646423,2,542,
7,81000,d,0.985273540019989,2,542,
7,81000,e,0.8757915794849396,2,542,
7,81000,f,0.9110181629657745,2,542,
7,81000,g,0.9087899923324585,2,542,
7,81000,h,0.8454773426055908,2,542,
7,81000,i,0.940397322177887,2,542,
7,81300,a,1.0020829141139984,2,544,
7,81300,b,1.29790461063385,2,544,
7,81300,c,1.0454035997390747,2,544,
7,81300,d,0.9137178063392639,2,544,
7,81300,e,0.890778511762619,2,544,
7,81300,f,1.0527656078338623,2,544,
7,81300,g,1.015759527683258,2,544,
7,81300,h,0.8980738520622253,2,544,
7,81300,i,1.0452988743782043,2,544,
7,81600,a,1.0605403780937195,2,546,
7,81600,b,0.9324623346328735,2,546,
7,81600,c,1.2473235130310059,2,546,
7,81600,d,0.8310515880584717,2,546,
7,81600,e,0.9947497844696045,2,546,
7,81600,f,0.9352650046348572,2,546,
7,81600,g,1.0593302249908447,2,546,
7,81600,h,0.8592177331447601,2,546,
7,81600,i,0.912517786026001,2,546,
7,81900,a,1.0944275856018066,2,548,
7,81900,b,0.9225080013275146,2,548,
7,81900,c,1.5115488171577454,2,548,
7,81900,d,0.9373192191123962,2,548,
7,81900,e,0.8863932490348816,2,548,
7,81900,f,0.8071042597293854,2,548,
7,81900,g,1.0040984749794006,2,548,
7,81900,h,0.9868368208408356,2,548,
7,81900,i,0.860684335231781,2,548,
7,82200,a,1.0941239595413208,2,550,
7,82200,b,1.410602331161499,2,550,
7,82200,c,1.1428049206733704,2,550,
7,82200,d,0.9943007826805115,2,550,
7,82200,e,0.8102186918258667,2,550,
7,82200,f,0.9511893093585968,2,550,
7,82200,g,0.9653450548648834,2,550,
7,82200,h,0.8492547571659088,2,550,
7,82200,i,0.888145387172699,2,550,
7,82500,a,1.099345326423645,2,552,
7,82500,b,0.9793729186058044,2,552,
7,82500,c,1.1292676329612732,2,552,
7,82500,d,0.9446804821491241,2,552,
7,82500,e,1.058926284313202,2,552,
7,82500,f,0.9985134601593018,2,552,
7,82500,g,1.1747202277183533,2,552,
7,82500,h,0.9526581466197968,2,552,
7,82500,i,0.9918724298477173,2,552,
7,82800,a,1.111882358789444,2,554,
7,82800,b,1.194416880607605,2,554,
7,82800,c,1.256701022386551,2,554,
7,82800,d,0.9076701998710632,2,554,
7,82800,e,0.7979723811149597,2,554,
7,82800,f,1.0040301084518433,2,554,
7,82800,g,0.8273107707500458,2,554,
7,82800,h,0.8561798632144928,2,554,
7,82800,i,0.967710554599762,2,554,
7,83100,a,1.0753659009933472,2,556,
7,83100,b,1.5157635807991028,2,556,
7,83100,c,1.1122549772262573,2,556,
7,83100,d,0.83029505610466,2,556,
7,83100,e,0.9881514310836792,2,556,
7,83100,f,0.9823040068149567,2,556,
7,83100,g,1.035899579524994,2,556,
7,83100,h,0.9078011810779572,2,556,
7,83100,i,0.8761566877365112,2,556,
7,83400,a,1.0045038163661957,2,558,
7,83400,b,1.3505394458770752,2,558,
7,83400,c,0.9673378765583038,2,558,
7,83400,d,1.136865496635437,2,558,
7,83400,e,1.0021731853485107,2,558,
7,83400,f,0.9969609379768372,2,558,
7,83400,g,0.9516369700431824,2,558,
7,83400,h,0.8689632415771484,2,558,
7,83400,i,0.805825412273407,2,558,
7,83700,a,1.0954279899597168,2,560,
7,83700,b,1.0801724195480347,2,560,
7,83700,c,1.0559739470481873,2,560,
7,83700,d,0.9281827807426453,2,560,
7,83700,e,0.8283578753471375,2,560,
7,83700,f,0.9151637256145477,2,560,
7,83700,g,0.8229317665100098,2,560,
7,83700,h,0.7828498482704163,2,560,
7,83700,i,0.8361371755599976,2,560,
7,84000,a,1.4090582132339478,2,562,
7,84000,b,0.8690284192562103,2,562,
7,84000,c,1.2006492614746094,2,562,
7,84000,d,0.8038148880004883,2,562,
7,84000,e,0.8165176808834076,2,562,
7,84000,f,1.0923003554344177,2,562,
7,84000,g,1.0051688849925995,2,562,
7,84000,h,0.8377096056938171,2,562,
7,84000,i,0.901847779750824,2,562,
7,84300,a,1.0569403171539307,2,564,
7,84300,b,1.0729307532310486,2,564,
7,84300,c,1.176176905632019,2,564,
7,84300,d,0.9626638293266296,2,564,
7,84300,e,0.9501392543315887,2,564,
7,84300,f,0.8775838911533356,2,564,
7,84300,g,0.8804683685302734,2,564,
7,84300,h,0.8657703995704651,2,564,
7,84300,i,0.7896972000598907,2,564,
7,84600,a,0.9097684323787689,2,566,
7,84600,b,1.0138622522354126,2,566,
7,84600,c,0.9076558351516724,2,566,
7,84600,d,0.9068478941917419,2,566,
7,84600,e,0.8345696032047272,2,566,
7,84600,f,1.2321838736534119,2,566,
7,84600,g,1.0583694577217102,2,566,
7,84600,h,0.9177666306495667,2,566,
7,84600,i,0.7868653833866119,2,566,
7,84900,a,1.0168710350990295,2,568,
7,84900,b,0.9039865136146545,2,568,
7,84900,c,1.1042905449867249,2,568,
7,84900,d,0.8732610940933228,2,568,
7,84900,e,0.9796180129051208,2,568,
7,84900,f,0.9903977513313293,2,568,
7,84900,g,1.2959549129009247,2,568,
7,84900,h,0.8299001753330231,2,568,
7,84900,i,0.8663036525249481,2,568,
7,85200,a,0.9490281641483307,2,570,
7,85200,b,0.9593127369880676,2,570,
7,85200,c,0.9021378755569458,2,570,
7,85200,d,0.8798786401748657,2,570,
7,85200,e,1.1240391433238983,2,570,
7,85200,f,1.0495515167713165,2,570,
7,85200,g,0.9476904273033142,2,570,
7,85200,h,0.8143088221549988,2,570,
7,85200,i,0.8366151452064514,2,570,
7,85500,a,0.9730899333953857,2,572,
7,85500,b,0.9378432035446167,2,572,
7,85500,c,0.9318309426307678,2,572,
7,85500,d,1.1532980799674988,2,572,
7,85500,e,0.9053975343704224,2,572,
7,85500,f,0.9327402114868164,2,572,
7,85500,g,1.001558005809784,2,572,
7,85500,h,0.8319804966449738,2,572,
7,85500,i,0.8200291693210602,2,572,
7,85800,a,1.0043081641197205,2,574,
7,85800,b,1.0554529428482056,2,574,
7,85800,c,1.0835812091827393,2,574,
7,85800,d,1.3313186764717102,2,574,
7,85800,e,0.896296501159668,2,574,
7,85800,f,0.877361923456192,2,574,
7,85800,g,0.8948873579502106,2,574,
7,85800,h,0.9210701882839203,2,574,
7,85800,i,0.8852506279945374,2,574,
7,86100,a,1.0328411161899567,2,576,
7,86100,b,1.024918794631958,2,576,
7,86100,c,1.1671313643455505,2,576,
7,86100,d,0.9177266359329224,2,576,
7,86100,e,1.0220507979393005,2,576,
7,86100,f,0.7502380609512329,2,576,
7,86100,g,1.1445581018924713,2,576,
7,86100,h,0.6979092955589294,2,576,
7,86100,i,0.9011081457138062,2,576,
7,86400,a,1.1176414489746094,2,578,
7,86400,b,1.0777795314788818,2,578,
7,86400,c,1.0799329578876495,2,578,
7,86400,d,0.8937317728996277,2,578,
7,86400,e,0.8922605812549591,2,578,
7,86400,f,1.0070164501667023,2,578,
7,86400,g,0.9073675572872162,2,578,
7,86400,h,0.8322234153747559,2,578,
7,86400,i,1.0226789712905884,2,578,
129,0,a,1.8473540544509888,2,2,
129,0,b,1.811236023902893,2,2,
129,0,c,1.7997583746910095,2,2,
129,0,d,1.8130435943603516,2,2,
129,0,e,1.8066732287406921,2,2,
129,0,f,1.8353991508483887,2,2,
129,0,g,1.810715913772583,2,2,
129,0,h,1.805147409439087,2,2,
129,0,i,1.8267672657966614,2,2,
129,300,a,1.8036730289459229,2,4,
129,300,b,1.7747180461883545,2,4,
129,300,c,1.7971428632736206,2,4,
129,300,d,1.8045793771743774,2,4,
129,300,e,1.7736452221870422,2,4,
129,300,f,1.7941862344741821,2,4,
129,300,g,1.7971720695495605,2,4,
129,300,h,1.812435269355774,2,4,
129,300,i,1.7831631898880005,2,4,
129,600,a,1.8325950503349304,2,6,
129,600,b,1.8308066129684448,2,6,
129,600,c,1.8076063990592957,2,6,
129,600,d,1.7974491715431213,2,6,
129,600,e,1.7831177115440369,2,6,
129,600,f,1.8169679641723633,2,6,
129,600,g,1.790080487728119,2,6,
129,600,h,1.8089375495910645,2,6,
129,600,i,1.8455992341041565,2,6,
129,900,a,1.779149055480957,2,8,
129,900,b,1.8359283208847046,2,8,
129,900,c,1.7592629194259644,2,8,
129,900,d,1.8204639554023743,2,8,
129,900,e,1.8168120384216309,2,8,
129,900,f,1.7752443552017212,2,8,
129,900,g,1.7692338228225708,2,8,
129,900,h,1.7979745268821716,2,8,
129,900,i,1.7861595153808594,2,8,
129,1200,a,1.7760748267173767,2,10,
129,1200,b,1.8104326725006104,2,10,
129,1200,c,1.8084152340888977,2,10,
129,1200,d,1.8402258157730103,2,10,
129,1200,e,1.8115115761756897,2,10,
129,1200,f,1.7897306084632874,2,10,
129,1200,g,1.8455119132995605,2,10,
129,1200,h,1.7916115522384644,2,10,
129,1200,i,1.7504480481147766,2,10,
129,1500,a,1.7549369931221008,2,12,
129,1500,b,1.82168447971344,2,12,
129,1500,c,1.7768719792366028,2,12,
129,1500,d,1.8106650114059448,2,12,
129,1500,e,1.802143394947052,2,12,
129,1500,f,1.8129909038543701,2,12,
129,1500,g,1.844472587108612,2,12,
129,1500,h,1.7930191159248352,2,12,
129,1500,i,1.8187756538391113,2,12,
129,1800,a,1.7366886138916016,2,14,
129,1800,b,1.8024932146072388,2,14,
129,1800,c,1.7753648161888123,2,14,
129,1800,d,1.8037382364273071,2,14,
129,1800,e,1.8012677431106567,2,14,
129,1800,f,1.7874649167060852,2,14,
129,1800,g,1.77202308177948,2,14,
129,1800,h,1.775400996208191,2,14,
129,1800,i,1.7485928535461426,2,14,
129,2100,a,1.785087764263153,2,16,
129,2100,b,1.8053211569786072,2,16,
129,2100,c,1.7789866924285889,2,16,
129,2100,d,1.8236719369888306,2,16,
129,2100,e,1.7568495869636536,2,16,
129,2100,f,1.7626197934150696,2,16,
129,2100,g,1.78048574924469,2,16,
129,2100,h,1.793244481086731,2,16,
129,2100,i,1.794651448726654,2,16,
129,2400,a,1.7853821516036987,2,18,
129,2400,b,1.7935311198234558,2,18,
129,2400,c,1.7671767473220825,2,18,
129,2400,d,1.781120479106903,2,18,
129,2400,e,1.792497456073761,2,18,
129,2400,f,1.7755843997001648,2,18,
129,2400,g,1.7912800312042236,2,18,
129,2400,h,1.7681277990341187,2,18,
129,2400,i,1.7515873312950134,2,18,
129,2700,a,1.7836527824401855,2,20,
129,2700,b,1.812489092350006,2,20,
129,2700,c,1.8023473024368286,2,20,
129,2700,d,1.7975007891654968,2,20,
129,2700,e,1.8104942440986633,2,20,
129,2700,f,1.8228465914726257,2,20,
129,2700,g,1.76613450050354,2,20,
129,2700,h,1.7935315370559692,2,20,
129,2700,i,1.7854225635528564,2,20,
129,3000,a,1.7765432000160217,2,22,
129,3000,b,1.7897660732269287,2,22,
129,3000,c,1.7317844033241272,2,22,
129,3000,d,1.779051423072815,2,22,
129,3000,e,1.7425568103790283,2,22,
129,3000,f,1.7603048086166382,2,22,
129,3000,g,1.7300384044647217,2,22,
129,3000,h,1.8131414651870728,2,22,
129,3000,i,1.8007225394248962,2,22,
129,3300,a,1.7555824518203735,2,24,
129,3300,b,1.7907968759536743,2,24,
129,3300,c,1.7670478820800781,2,24,
129,3300,d,1.7319661378860474,2,24,
129,3300,e,1.7843503952026367,2,24,
129,3300,f,1.773855447769165,2,24,
129,3300,g,1.7420862913131714,2,24,
129,3300,h,1.7104599475860596,2,24,
129,3300,i,1.7557754516601562,2,24,
129,3600,a,1.7599169611930847,2,26,
129,3600,b,1.7312382459640503,2,26,
129,3600,c,1.7945208549499512,2,26,
129,3600,d,1.7378772497177124,2,26,
129,3600,e,1.75356525182724,2,26,
129,3600,f,1.764441430568695,2,26,
129,3600,g,1.741810381412506,2,26,
129,3600,h,1.775183916091919,2,26,
129,3600,i,1.7668393850326538,2,26,
129,3900,a,1.7811293005943298,2,28,
129,3900,b,1.80033540725708,2,28,
129,3900,c,1.7798538208007812,2,28,
129,3900,d,1.7845314741134644,2,28,
129,3900,e,1.7160083651542664,2,28,
129,3900,f,1.7404642701148987,2,28,
129,3900,g,1.8020001649856567,2,28,
129,3900,h,1.745932698249817,2,28,
129,3900,i,1.6758120656013489,2,28,
129,4200,a,1.7330467104911804,2,30,
129,4200,b,1.7782431840896606,2,30,
129,4200,c,1.7639468908309937,2,30,
129,4200,d,1.7364457249641418,2,30,
129,4200,e,1.7348918914794922,2,30,
129,4200,f,1.7763271927833557,2,30,
129,4200,g,1.7027571201324463,2,30,
129,4200,h,1.7371153831481934,2,30,
129,4200,i,1.7184631824493408,2,30,
129,4500,a,1.8178428411483765,2,32,
129,4500,b,1.7457588911056519,2,32,
129,4500,c,1.7299443483352661,2,32,
129,4500,d,1.7373971939086914,2,32,
129,4500,e,1.7425549626350403,2,32,
129,4500,f,1.7257474660873413,2,32,
129,4500,g,1.805859923362732,2,32,
129,4500,h,1.7816548347473145,2,32,
129,4500,i,1.7056570649147034,2,32,
129,4800,a,1.7398558855056763,2,34,
129,4800,b,1.7373228073120117,2,34,
129,4800,c,1.743425965309143,2,34,
129,4800,d,1.729752540588379,2,34,
129,4800,e,1.7358062267303467,2,34,
129,4800,f,1.7339823246002197,2,34,
129,4800,g,1.7623680233955383,2,34,
129,4800,h,1.741398572921753,2,34,
129,4800,i,1.8018248081207275,2,34,
129,5100,a,1.739998459815979,2,36,
129,5100,b,1.717943549156189,2,36,
129,5100,c,1.693975031375885,2,36,
129,5100,d,1.7486303448677063,2,36,
129,5100,e,1.7605008482933044,2,36,
129,5100,f,1.726495385169983,2,36,
129,5100,g,1.7926172018051147,2,36,
129,5100,h,1.7169290781021118,2,36,
129,5100,i,1.7245927453041077,2,36,
129,5400,a,1.6937987804412842,2,38,
129,5400,b,1.723293960094452,2,38,
129,5400,c,1.7373629808425903,2,38,
129,5400,d,1.7203217148780823,2,38,
129,5400,e,1.697151005268097,2,38,
129,5400,f,1.7438265681266785,2,38,
129,5400,g,1.7510507702827454,2,38,
129,5400,h,1.72243332862854,2,38,
129,5400,i,1.6963412165641785,2,38,
129,5700,a,1.6788396835327148,2,40,
129,5700,b,1.7078886032104492,2,40,
129,5700,c,1.7424793243408203,2,40,
129,5700,d,1.7468640804290771,2,40,
129,5700,e,1.7209070324897766,2,40,
129,5700,f,1.7387245893478394,2,40,
129,5700,g,1.7851841449737549,2,40,
129,5700,h,1.6726369857788086,2,40,
129,5700,i,1.7342569828033447,2,40,
129,6000,a,1.7407159805297852,2,42,
129,6000,b,1.7265081405639648,2,42,
129,6000,c,1.7349095940589905,2,42,
129,6000,d,1.680314302444458,2,42,
129,6000,e,1.734255075454712,2,42,
129,6000,f,1.7132765650749207,2,42,
129,6000,g,1.7615762948989868,2,42,
129,6000,h,1.7026915550231934,2,42,
129,6000,i,1.7349777221679688,2,42,
129,6300,a,1.6988826990127563,2,44,
129,6300,b,1.7383370399475098,2,44,
129,6300,c,1.781704604625702,2,44,
129,6300,d,1.6923383474349976,2,44,
129,6300,e,1.7686941623687744,2,44,
129,6300,f,1.687265157699585,2,44,
129,6300,g,1.736462652683258,2,44,
129,6300,h,1.7426016926765442,2,44,
129,6300,i,1.7110356092453003,2,44,
129,6600,a,1.7148000597953796,2,46,
129,6600,b,1.7254958748817444,2,46,
129,6600,c,1.726486623287201,2,46,
129,6600,d,1.7148374915122986,2,46,
129,6600,e,1.7127640843391418,2,46,
129,6600,f,1.7105149626731873,2,46,
129,6600,g,1.7261365056037903,2,46,
129,6600,h,1.7359787225723267,2,46,
129,6600,i,1.6667523384094238,2,46,
129,6900,a,1.698240041732788,2,48,
129,6900,b,1.8057199716567993,2,48,
129,6900,c,1.7731492519378662,2,48,
129,6900,d,1.7168723940849304,2,48,
129,6900,e,1.7394323348999023,2,48,
129,6900,f,1.685920774936676,2,48,
129,6900,g,1.6739858388900757,2,48,
129,6900,h,1.698067843914032,2,48,
129,6900,i,1.6250187158584595,2,48,
129,7200,a,1.7123754024505615,2,50,
129,7200,b,1.6900717616081238,2,50,
129,7200,c,1.7225729823112488,2,50,
129,7200,d,1.6945704221725464,2,50,
129,7200,e,1.7014480829238892,2,50,
129,7200,f,1.7134941816329956,2,50,
129,7200,g,1.6624740958213806,2,50,
129,7200,h,1.66372811794281,2,50,
129,7200,i,1.6738641262054443,2,50,
129,7500,a,1.6703213453292847,2,52,
129,7500,b,1.7153542041778564,2,52,
129,7500,c,1.735682725906372,2,52,
129,7500,d,1.6735411882400513,2,52,
129,7500,e,1.6828558444976807,2,52,
129,7500,f,1.788977026939392,2,52,
129,7500,g,1.7507882118225098,2,52,
129,7500,h,1.7299616932868958,2,52,
129,7500,i,1.6931149363517761,2,52,
129,7800,a,1.6811392307281494,2,54,
129,7800,b,1.7198816537857056,2,54,
129,7800,c,1.7117120027542114,2,54,
129,7800,d,1.635678470134735,2,54,
129,7800,e,1.6819216012954712,2,54,
129,7800,f,1.683793306350708,2,54,
129,7800,g,1.7342244386672974,2,54,
129,7800,h,1.6753438711166382,2,54,
129,7800,i,1.6893174648284912,2,54,
129,8100,a,1.6841931343078613,2,56,
129,8100,b,1.7077836394309998,2,56,
129,8100,c,1.6605588793754578,2,56,
129,8100,d,1.6535444855690002,2,56,
129,8100,e,1.6761664152145386,2,56,
129,8100,f,1.689738154411316,2,56,
129,8100,g,1.6765747666358948,2,56,
129,8100,h,1.6968462467193604,2,56,
129,8100,i,1.7153677940368652,2,56,
129,8400,a,1.6860729455947876,2,58,
129,8400,b,1.659378468990326,2,58,
129,8400,c,1.7177444696426392,2,58,
129,8400,d,1.652417778968811,2,58,
129,8400,e,1.6661982536315918,2,58,
129,8400,f,1.7163152694702148,2,58,
129,8400,g,1.6181672811508179,2,58,
129,8400,h,1.693023920059204,2,58,
129,8400,i,1.684435248374939,2,58,
129,8700,a,1.6744130849838257,2,60,
129,8700,b,1.6627449989318848,2,60,
129,8700,c,1.7090868949890137,2,60,
129,8700,d,1.6302095651626587,2,60,
129,8700,e,1.711696207523346,2,60,
129,8700,f,1.6881146430969238,2,60,
129,8700,g,1.6618844270706177,2,60,
129,8700,h,1.6702831387519836,2,60,
129,8700,i,1.6968350410461426,2,60,
129,9000,a,1.7141650915145874,2,62,
129,9000,b,1.7066758871078491,2,62,
129,9000,c,1.6647266149520874,2,62,
129,9000,d,1.6064172387123108,2,62,
129,9000,e,1.6750247478485107,2,62,
129,9000,f,1.724388301372528,2,62,
129,9000,g,1.7161425352096558,2,62,
129,9000,h,1.6460906863212585,2,62,
129,9000,i,1.6119035482406616,2,62,
129,9300,a,1.6953037977218628,2,64,
129,9300,b,1.6778022646903992,2,64,
129,9300,c,1.6997573375701904,2,64,
129,9300,d,1.66802316904068,2,64,
129,9300,e,1.70598304271698,2,64,
129,9300,f,1.726030945777893,2,64,
129,9300,g,1.6369853019714355,2,64,
129,9300,h,1.667009949684143,2,64,
129,9300,i,1.6818944811820984,2,64,
129,9600,a,1.663271725177765,2,66,
129,9600,b,1.713884711265564,2,66,
129,9600,c,1.7442986965179443,2,66,
129,9600,d,1.6613910794258118,2,66,
129,9600,e,1.6630932092666626,2,66,
129,9600,f,1.6889513731002808,2,66,
129,9600,g,1.670193076133728,2,66,
129,9600,h,1.62181156873703,2,66,
129,9600,i,1.6114600896835327,2,66,
129,9900,a,1.6745007634162903,2,68,
129,9900,b,1.7186064720153809,2,68,
129,9900,c,1.6756840348243713,2,68,
129,9900,d,1.6416210532188416,2,68,
129,9900,e,1.6504099369049072,2,68,
129,9900,f,1.658279299736023,2,68,
129,9900,g,1.662043809890747,2,68,
129,9900,h,1.6661115288734436,2,68,
129,9900,i,1.6133562922477722,2,68,
129,10200,a,1.6039516925811768,2,70,
129,10200,b,1.7180763483047485,2,70,
129,10200,c,1.6767393350601196,2,70,
129,10200,d,1.6252820491790771,2,70,
129,10200,e,1.6073558926582336,2,70,
129,10200,f,1.57516747713089,2,70,
129,10200,g,1.6725934147834778,2,70,
129,10200,h,1.6100021600723267,2,70,
129,10200,i,1.6124907732009888,2,70,
129,10500,a,1.6785176396369934,2,72,
129,10500,b,1.666378140449524,2,72,
129,10500,c,1.7277167439460754,2,72,
129,10500,d,1.6422953009605408,2,72,
129,10500,e,1.5902774930000305,2,72,
129,10500,f,1.6591417789459229,2,72,
129,10500,g,1.6279228925704956,2,72,
129,10500,h,1.6244027614593506,2,72,
129,10500,i,1.6302382349967957,2,72,
129,10800,a,1.5975852608680725,2,74,
129,10800,b,1.685034453868866,2,74,
129,10800,c,1.6496729254722595,2,74,
129,10800,d,1.6581859588623047,2,74,
129,10800,e,1.6142854690551758,2,74,
129,10800,f,1.6402844190597534,2,74,
129,10800,g,1.6430226564407349,2,74,
129,10800,h,1.633913815021515,2,74,
129,10800,i,1.622742474079132,2,74,
129,11100,a,1.627554714679718,2,76,
129,11100,b,1.707157850265503,2,76,
129,11100,c,1.6637860536575317,2,76,
129,11100,d,1.5966310501098633,2,76,
129,11100,e,1.6354930996894836,2,76,
129,11100,f,1.6347239017486572,2,76,
129,11100,g,1.66642564535141,2,76,
129,11100,h,1.618037462234497,2,76,
129,11100,i,1.6641907095909119,2,76,
129,11400,a,1.5905484557151794,2,78,
129,11400,b,1.683347463607788,2,78,
129,11400,c,1.7427167296409607,2,78,
129,11400,d,1.6031422019004822,2,78,
129,11400,e,1.666778564453125,2,78,
129,11400,f,1.6080816984176636,2,78,
129,11400,g,1.6904165148735046,2,78,
129,11400,h,1.5724852681159973,2,78,
129,11400,i,1.6379737854003906,2,78,
129,11700,a,1.5857701897621155,2,80,
129,11700,b,1.701765239238739,2,80,
129,11700,c,1.6303685903549194,2,80,
129,11700,d,1.5486998558044434,2,80,
129,11700,e,1.5545275211334229,2,80,
129,11700,f,1.6100916266441345,2,80,
129,11700,g,1.6009600162506104,2,80,
129,11700,h,1.6321956515312195,2,80,
129,11700,i,1.6035629510879517,2,80,
129,12000,a,1.630723237991333,2,82,
129,12000,b,1.7282962799072266,2,82,
129,12000,c,1.6354546546936035,2,82,
129,12000,d,1.5862754583358765,2,82,
129,12000,e,1.6343157887458801,2,82,
129,12000,f,1.675498902797699,2,82,
129,12000,g,1.573737621307373,2,82,
129,12000,h,1.6146464943885803,2,82,
129,12000,i,1.6598840355873108,2,82,
129,12300,a,1.5777466893196106,2,84,
129,12300,b,1.6238333582878113,2,84,
129,12300,c,1.6731892824172974,2,84,
129,12300,d,1.5904746055603027,2,84,
129,12300,e,1.5788115859031677,2,84,
129,12300,f,1.5846627354621887,2,84,
129,12300,g,1.540367603302002,2,84,
129,12300,h,1.6113831996917725,2,84,
129,12300,i,1.582126796245575,2,84,
129,12600,a,1.5285433530807495,2,86,
129,12600,b,1.5965712666511536,2,86,
129,12600,c,1.7075298428535461,2,86,
129,12600,d,1.5576587915420532,2,86,
129,12600,e,1.5901867151260376,2,86,
129,12600,f,1.638000726699829,2,86,
129,12600,g,1.576434075832367,2,86,
129,12600,h,1.6074997186660767,2,86,
129,12600,i,1.5046979188919067,2,86,
129,12900,a,1.581972360610962,2,88,
129,12900,b,1.6397455930709839,2,88,
129,12900,c,1.6119742393493652,2,88,
129,12900,d,1.5983178615570068,2,88,
129,12900,e,1.5819498300552368,2,88,
129,12900,f,1.5249073505401611,2,88,
129,12900,g,1.5665926933288574,2,88,
129,12900,h,1.5770103335380554,2,88,
129,12900,i,1.6019997000694275,2,88,
129,13200,a,1.5210570096969604,2,90,
129,13200,b,1.5913945436477661,2,90,
129,13200,c,1.6238083839416504,2,90,
129,13200,d,1.576792299747467,2,90,
129,13200,e,1.5286353826522827,2,90,
129,13200,f,1.6173450350761414,2,90,
129,13200,g,1.6187396049499512,2,90,
129,13200,h,1.6258166432380676,2,90,
129,13200,i,1.6164882183074951,2,90,
129,13500,a,1.551070511341095,2,92,
129,13500,b,1.5839343667030334,2,92,
129,13500,c,1.6234434247016907,2,92,
129,13500,d,1.5366290807724,2,92,
129,13500,e,1.6102274060249329,2,92,
129,13500,f,1.6140480041503906,2,92,
129,13500,g,1.5977568626403809,2,92,
129,13500,h,1.5944730639457703,2,92,
129,13500,i,1.605569303035736,2,92,
129,13800,a,1.595694661140442,2,94,
129,13800,b,1.5817905068397522,2,94,
129,13800,c,1.6510912775993347,2,94,
129,13800,d,1.5358031392097473,2,94,
129,13800,e,1.5250043869018555,2,94,
129,13800,f,1.6351425051689148,2,94,
129,13800,g,1.5782275795936584,2,94,
129,13800,h,1.534933090209961,2,94,
129,13800,i,1.6175099611282349,2,94,
129,14100,a,1.56204354763031,2,96,
129,14100,b,1.6039382219314575,2,96,
129,14100,c,1.5914270877838135,2,96,
129,14100,d,1.5448750853538513,2,96,
129,14100,e,1.470961093902588,2,96,
129,14100,f,1.4954519867897034,2,96,
129,14100,g,1.614333689212799,2,96,
129,14100,h,1.5724772214889526,2,96,
129,14100,i,1.5350996851921082,2,96,
129,14400,a,1.5313501954078674,2,98,
129,14400,b,1.6517157554626465,2,98,
129,14400,c,1.6279512643814087,2,98,
129,14400,d,1.5140302777290344,2,98,
129,14400,e,1.576275646686554,2,98,
129,14400,f,1.6560883522033691,2,98,
129,14400,g,1.562304139137268,2,98,
129,14400,h,1.5322825908660889,2,98,
129,14400,i,1.5505805611610413,2,98,
129,14700,a,1.5367544889450073,2,100,
129,14700,b,1.5882025361061096,2,100,
129,14700,c,1.5999066233634949,2,100,
129,14700,d,1.4635370373725891,2,100,
129,14700,e,1.5537294149398804,2,100,
129,14700,f,1.6123479008674622,2,100,
129,14700,g,1.6348772048950195,2,100,
129,14700,h,1.58696848154068,2,100,
129,14700,i,1.468338966369629,2,100,
129,15000,a,1.5468503832817078,2,102,
129,15000,b,1.6003774404525757,2,102,
129,15000,c,1.528908610343933,2,102,
129,15000,d,1.462062418460846,2,102,
129,15000,e,1.6012099981307983,2,102,
129,15000,f,1.5428766012191772,2,102,
129,15000,g,1.5186669826507568,2,102,
129,15000,h,1.5441874265670776,2,102,
129,15000,i,1.617385983467102,2,102,
129,15300,a,1.5324153304100037,2,104,
129,15300,b,1.5491058230400085,2,104,
129,15300,c,1.6506579518318176,2,104,
129,15300,d,1.4670181274414062,2,104,
129,15300,e,1.497024416923523,2,104,
129,15300,f,1.6024949550628662,2,104,
129,15300,g,1.5575298070907593,2,104,
129,15300,h,1.5339183807373047,2,104,
129,15300,i,1.5622700452804565,2,104,
129,15600,a,1.4884288311004639,2,106,
129,15600,b,1.6529832482337952,2,106,
129,15600,c,1.5780578255653381,2,106,
129,15600,d,1.5237223505973816,2,106,
129,15600,e,1.5844537615776062,2,106,
129,15600,f,1.5769691467285156,2,106,
129,15600,g,1.5799461007118225,2,106,
129,15600,h,1.53617525100708,2,106,
129,15600,i,1.6224201917648315,2,106,
129,15900,a,1.5217956900596619,2,108,
129,15900,b,1.5757654905319214,2,108,
129,15900,c,1.6015238761901855,2,108,
129,15900,d,1.6383572220802307,2,108,
129,15900,e,1.4385574460029602,2,108,
129,15900,f,1.603061556816101,2,108,
129,15900,g,1.4801018238067627,2,108,
129,15900,h,1.4809561967849731,2,108,
129,15900,i,1.53644597530365,2,108,
129,16200,a,1.5391859412193298,2,110,
129,16200,b,1.5139514207839966,2,110,
129,16200,c,1.5194637179374695,2,110,
129,16200,d,1.4528696537017822,2,110,
129,16200,e,1.5563925504684448,2,110,
129,16200,f,1.6066745519638062,2,110,
129,16200,g,1.4979735612869263,2,110,
129,16200,h,1.469465970993042,2,110,
129,16200,i,1.5591318607330322,2,110,
129,16500,a,1.4919783473014832,2,112,
129,16500,b,1.6671223640441895,2,112,
129,16500,c,1.588771104812622,2,112,
129,16500,d,1.5895981788635254,2,112,
129,16500,e,1.5480246543884277,2,112,
129,16500,f,1.5117708444595337,2,112,
129,16500,g,1.6307456493377686,2,112,
129,16500,h,1.4625789523124695,2,112,
129,16500,i,1.5607507228851318,2,112,
129,16800,a,1.4673525094985962,2,114,
129,16800,b,1.5847817659378052,2,114,
129,16800,c,1.5322036147117615,2,114,
129,16800,d,1.5180670022964478,2,114,
129,16800,e,1.479461908340454,2,114,
129,16800,f,1.5906762480735779,2,114,
129,16800,g,1.575704038143158,2,114,
129,16800,h,1.4913330078125,2,114,
129,16800,i,1.4557185173034668,2,114,
129,17100,a,1.4183694124221802,2,116,
129,17100,b,1.4725117683410645,2,116,
129,17100,c,1.5650925040245056,2,116,
129,17100,d,1.4497580528259277,2,116,
129,17100,e,1.5908267498016357,2,116,
129,17100,f,1.5687447786331177,2,116,
129,17100,g,1.5024197101593018,2,116,
129,17100,h,1.4577203392982483,2,116,
129,17100,i,1.4244259595870972,2,116,
129,17400,a,1.4191899299621582,2,118,
129,17400,b,1.6489355564117432,2,118,
129,17400,c,1.6034142971038818,2,118,
129,17400,d,1.4292747974395752,2,118,
129,17400,e,1.4129068851470947,2,118,
129,17400,f,1.5002126097679138,2,118,
129,17400,g,1.537247896194458,2,118,
129,17400,h,1.4599789381027222,2,118,
129,17400,i,1.5635815858840942,2,118,
129,17700,a,1.4687856435775757,2,120,
129,17700,b,1.5422433614730835,2,120,
129,17700,c,1.459624469280243,2,120,
129,17700,d,1.4824535846710205,2,120,
129,17700,e,1.437075436115265,2,120,
129,17700,f,1.444718599319458,2,120,
129,17700,g,1.488948941230774,2,120,
129,17700,h,1.4909398555755615,2,120,
129,17700,i,1.4902576804161072,2,120,
129,18000,a,1.4379804730415344,2,122,
129,18000,b,1.5655606985092163,2,122,
129,18000,c,1.5519738793373108,2,122,
129,18000,d,1.5446158051490784,2,122,
129,18000,e,1.4106884598731995,2,122,
129,18000,f,1.476983368396759,2,122,
129,18000,g,1.4697582721710205,2,122,
129,18000,h,1.4476653933525085,2,122,
129,18000,i,1.5384774804115295,2,122,
129,18300,a,1.508968472480774,2,124,
129,18300,b,1.53850919008255,2,124,
129,18300,c,1.5392365455627441,2,124,
129,18300,d,1.4993851780891418,2,124,
129,18300,e,1.4529513716697693,2,124,
129,18300,f,1.5288082957267761,2,124,
129,18300,g,1.5747095346450806,2,124,
129,18300,h,1.4680596590042114,2,124,
129,18300,i,1.4850578308105469,2,124,
129,18600,a,1.4157074689865112,2,126,
129,18600,b,1.470108449459076,2,126,
129,18600,c,1.6001120805740356,2,126,
129,18600,d,1.4942083358764648,2,126,
129,18600,e,1.4702661037445068,2,126,
129,18600,f,1.5345126390457153,2,126,
129,18600,g,1.4934556484222412,2,126,
129,18600,h,1.555995225906372,2,126,
129,18600,i,1.529326319694519,2,126,
129,18900,a,1.4500492811203003,2,128,
129,18900,b,1.5590757131576538,2,128,
129,18900,c,1.5605599880218506,2,128,
129,18900,d,1.4978384971618652,2,128,
129,18900,e,1.4873220920562744,2,128,
129,18900,f,1.580127775669098,2,128,
129,18900,g,1.47510826587677,2,128,
129,18900,h,1.3724827766418457,2,128,
129,18900,i,1.4353455305099487,2,128,
129,19200,a,1.4356531500816345,2,130,
129,19200,b,1.6149006485939026,2,130,
129,19200,c,1.5272191762924194,2,130,
129,19200,d,1.486570119857788,2,130,
129,19200,e,1.5096174478530884,2,130,
129,19200,f,1.6095787286758423,2,130,
129,19200,g,1.6386750936508179,2,130,
129,19200,h,1.5200140476226807,2,130,
129,19200,i,1.4378150701522827,2,130,
129,19500,a,1.4561155438423157,2,132,
129,19500,b,1.5599120259284973,2,132,
129,19500,c,1.574267327785492,2,132,
129,19500,d,1.4149019718170166,2,132,
129,19500,e,1.4744130373001099,2,132,
129,19500,f,1.493314802646637,2,132,
129,19500,g,1.5340227484703064,2,132,
129,19500,h,1.4460620284080505,2,132,
129,19500,i,1.4204227924346924,2,132,
129,19800,a,1.4205291867256165,2,134,
129,19800,b,1.5512871146202087,2,134,
129,19800,c,1.5283211469650269,2,134,
129,19800,d,1.3369671702384949,2,134,
129,19800,e,1.5479389429092407,2,134,
129,19800,f,1.4808635711669922,2,134,
129,19800,g,1.459476888179779,2,134,
129,19800,h,1.5125170946121216,2,134,
129,19800,i,1.5251102447509766,2,134,
129,20100,a,1.4166624546051025,2,136,
129,20100,b,1.531357765197754,2,136,
129,20100,c,1.4646559953689575,2,136,
129,20100,d,1.4117496609687805,2,136,
129,20100,e,1.3939985036849976,2,136,
129,20100,f,1.5042210221290588,2,136,
129,20100,g,1.4717079401016235,2,136,
129,20100,h,1.4816820621490479,2,136,
129,20100,i,1.4395869374275208,2,136,
129,20400,a,1.469885528087616,2,138,
129,20400,b,1.4633302688598633,2,138,
129,20400,c,1.5789112448692322,2,138,
129,20400,d,1.425219476222992,2,138,
129,20400,e,1.395871877670288,2,138,
129,20400,f,1.373403549194336,2,138,
129,20400,g,1.3465524911880493,2,138,
129,20400,h,1.3463561534881592,2,138,
129,20400,i,1.3865430355072021,2,138,
129,20700,a,1.3963054418563843,2,140,
129,20700,b,1.574937641620636,2,140,
129,20700,c,1.6222034692764282,2,140,
129,20700,d,1.4041550159454346,2,140,
129,20700,e,1.5833669900894165,2,140,
129,20700,f,1.468874216079712,2,140,
129,20700,g,1.4899060726165771,2,140,
129,20700,h,1.3914192914962769,2,140,
129,20700,i,1.5384228825569153,2,140,
129,21000,a,1.4937885403633118,2,142,
129,21000,b,1.4761789441108704,2,142,
129,21000,c,1.4750910997390747,2,142,
129,21000,d,1.436991035938263,2,142,
129,21000,e,1.4550004601478577,2,142,
129,21000,f,1.4491010308265686,2,142,
129,21000,g,1.4701957702636719,2,142,
129,21000,h,1.385952651500702,2,142,
129,21000,i,1.4610772132873535,2,142,
129,21300,a,1.4120023250579834,2,144,
129,21300,b,1.5065101385116577,2,144,
129,21300,c,1.4912185668945312,2,144,
129,21300,d,1.3720614314079285,2,144,
129,21300,e,1.4491336345672607,2,144,
129,21300,f,1.5570415258407593,2,144,
129,21300,g,1.39601731300354,2,144,
129,21300,h,1.4042408466339111,2,144,
129,21300,i,1.4228042364120483,2,144,
129,21600,a,1.3695502281188965,2,146,
129,21600,b,1.4556467533111572,2,146,
129,21600,c,1.4318007826805115,2,146,
129,21600,d,1.462157964706421,2,146,
129,21600,e,1.4389929175376892,2,146,
129,21600,f,1.4963059425354004,2,146,
129,21600,g,1.3620685338974,2,146,
129,21600,h,1.4350624680519104,2,146,
129,21600,i,1.3767518997192383,2,146,
129,21900,a,1.504664421081543,2,148,
129,21900,b,1.4760676622390747,2,148,
129,21900,c,1.467304766178131,2,148,
129,21900,d,1.3549202680587769,2,148,
129,21900,e,1.4358903169631958,2,148,
129,21900,f,1.4144829511642456,2,148,
129,21900,g,1.3124133348464966,2,148,
129,21900,h,1.4196844100952148,2,148,
129,21900,i,1.395651936531067,2,148,
129,22200,a,1.3084181547164917,2,150,
129,22200,b,1.5997271537780762,2,150,
129,22200,c,1.4707570672035217,2,150,
129,22200,d,1.415796935558319,2,150,
129,22200,e,1.2708477973937988,2,150,
129,22200,f,1.5059657096862793,2,150,
129,22200,g,1.351192593574524,2,150,
129,22200,h,1.3602408170700073,2,150,
129,22200,i,1.4243537187576294,2,150,
129,22500,a,1.3874801397323608,2,152,
129,22500,b,1.5726069808006287,2,152,
129,22500,c,1.3921833634376526,2,152,
129,22500,d,1.3240277767181396,2,152,
129,22500,e,1.3691850304603577,2,152,
129,22500,f,1.4399744868278503,2,152,
129,22500,g,1.4022101759910583,2,152,
129,22500,h,1.353194534778595,2,152,
129,22500,i,1.3304224014282227,2,152,
129,22800,a,1.3676445484161377,2,154,
129,22800,b,1.4281100034713745,2,154,
129,22800,c,1.3740237951278687,2,154,
129,22800,d,1.4396312832832336,2,154,
129,22800,e,1.4380275011062622,2,154,
129,22800,f,1.5070508122444153,2,154,
129,22800,g,1.338483452796936,2,154,
129,22800,h,1.3469547033309937,2,154,
129,22800,i,1.3381548523902893,2,154,
129,23100,a,1.400446593761444,2,156,
129,23100,b,1.5280405282974243,2,156,
129,23100,c,1.4354819059371948,2,156,
129,23100,d,1.3033390045166016,2,156,
129,23100,e,1.3892614841461182,2,156,
129,23100,f,1.4123125672340393,2,156,
129,23100,g,1.5256083011627197,2,156,
129,23100,h,1.4149681329727173,2,156,
129,23100,i,1.410594642162323,2,156,
129,23400,a,1.379880428314209,2,158,
129,23400,b,1.5227370858192444,2,158,
129,23400,c,1.4254393577575684,2,158,
129,23400,d,1.321243166923523,2,158,
129,23400,e,1.4453822374343872,2,158,
129,23400,f,1.4966200590133667,2,158,
129,23400,g,1.485594391822815,2,158,
129,23400,h,1.6135667562484741,2,158,
129,23400,i,1.4077324867248535,2,158,
129,23700,a,1.36384516954422,2,160,
129,23700,b,1.470874309539795,2,160,
129,23700,c,1.5029463171958923,2,160,
129,23700,d,1.4130967855453491,2,160,
129,23700,e,1.3723189234733582,2,160,
129,23700,f,1.419413983821869,2,160,
129,23700,g,1.4959270358085632,2,160,
129,23700,h,1.4022908210754395,2,160,
129,23700,i,1.402222752571106,2,160,
129,24000,a,1.4808040857315063,2,162,
129,24000,b,1.5919857025146484,2,162,
129,24000,c,1.3832915425300598,2,162,
129,24000,d,1.2964172959327698,2,162,
129,24000,e,1.2896991968154907,2,162,
129,24000,f,1.4426790475845337,2,162,
129,24000,g,1.402740240097046,2,162,
129,24000,h,1.5148670673370361,2,162,
129,24000,i,1.4276615381240845,2,162,
129,24300,a,1.3415131568908691,2,164,
129,24300,b,1.5198554992675781,2,164,
129,24300,c,1.4974936246871948,2,164,
129,24300,d,1.2991886734962463,2,164,
129,24300,e,1.3382338881492615,2,164,
129,24300,f,1.4109512567520142,2,164,
129,24300,g,1.4519022703170776,2,164,
129,24300,h,1.437078058719635,2,164,
129,24300,i,1.3723078966140747,2,164,
129,24600,a,1.3173258900642395,2,166,
129,24600,b,1.448010504245758,2,166,
129,24600,c,1.5340515971183777,2,166,
129,24600,d,1.2532296180725098,2,166,
129,24600,e,1.320079267024994,2,166,
129,24600,f,1.3569697737693787,2,166,
129,24600,g,1.4270043969154358,2,166,
129,24600,h,1.3581758737564087,2,166,
129,24600,i,1.3138031959533691,2,166,
129,24900,a,1.3294122219085693,2,168,
129,24900,b,1.464392900466919,2,168,
129,24900,c,1.4765989780426025,2,168,
129,24900,d,1.507240653038025,2,168,
129,24900,e,1.3088294863700867,2,168,
129,24900,f,1.4445092678070068,2,168,
129,24900,g,1.397270143032074,2,168,
129,24900,h,1.5128103494644165,2,168,
129,24900,i,1.3077446222305298,2,168,
129,25200,a,1.3664479851722717,2,170,
129,25200,b,1.36570143699646,2,170,
129,25200,c,1.5026053190231323,2,170,
129,25200,d,1.3528948426246643,2,170,
129,25200,e,1.3724254965782166,2,170,
129,25200,f,1.3491014242172241,2,170,
129,25200,g,1.3209986090660095,2,170,
129,25200,h,1.3534817099571228,2,170,
129,25200,i,1.3841191530227661,2,170,
129,25500,a,1.2980892062187195,2,172,
129,25500,b,1.4123222827911377,2,172,
129,25500,c,1.5820848941802979,2,172,
129,25500,d,1.5033499598503113,2,172,
129,25500,e,1.3474152088165283,2,172,
129,25500,f,1.4582002758979797,2,172,
129,25500,g,1.3244943022727966,2,172,
129,25500,h,1.3743613958358765,2,172,
129,25500,i,1.5181105136871338,2,172,
129,25800,a,1.4514729976654053,2,174,
129,25800,b,1.4840953350067139,2,174,
129,25800,c,1.396757960319519,2,174,
129,25800,d,1.30983966588974,2,174,
129,25800,e,1.4245033860206604,2,174,
129,25800,f,1.5367043018341064,2,174,
129,25800,g,1.4074101448059082,2,174,
129,25800,h,1.368289291858673,2,174,
129,25800,i,1.3273736238479614,2,174,
129,26100,a,1.3651068806648254,2,176,
129,26100,b,1.4630022644996643,2,176,
129,26100,c,1.3996016383171082,2,176,
129,26100,d,1.286815345287323,2,176,
129,26100,e,1.2520902156829834,2,176,
129,26100,f,1.5185943841934204,2,176,
129,26100,g,1.3463597297668457,2,176,
129,26100,h,1.3568662405014038,2,176,
129,26100,i,1.3274110555648804,2,176,
129,26400,a,1.3512231707572937,2,178,
129,26400,b,1.495657503604889,2,178,
129,26400,c,1.456551730632782,2,178,
129,26400,d,1.3413746356964111,2,178,
129,26400,e,1.3476594686508179,2,178,
129,26400,f,1.3487576842308044,2,178,
129,26400,g,1.3042078614234924,2,178,
129,26400,h,1.239496648311615,2,178,
129,26400,i,1.3910110592842102,2,178,
129,26700,a,1.338862121105194,2,180,
129,26700,b,1.4631837606430054,2,180,
129,26700,c,1.5820993185043335,2,180,
129,26700,d,1.3397276401519775,2,180,
129,26700,e,1.308326244354248,2,180,
129,26700,f,1.2932961583137512,2,180,
129,26700,g,1.2305349111557007,2,180,
129,26700,h,1.527444839477539,2,180,
129,26700,i,1.4468328356742859,2,180,
129,27000,a,1.332059621810913,2,182,
129,27000,b,1.4606416821479797,2,182,
129,27000,c,1.4882381558418274,2,182,
129,27000,d,1.4015071988105774,2,182,
129,27000,e,1.2548317909240723,2,182,
129,27000,f,1.4051886796951294,2,182,
129,27000,g,1.3886556029319763,2,182,
129,27000,h,1.3607951402664185,2,182,
129,27000,i,1.4004191756248474,2,182,
129,27300,a,1.4948408603668213,2,184,
129,27300,b,1.5189687013626099,2,184,
129,27300,c,1.5530658960342407,2,184,
129,27300,d,1.3029929995536804,2,184,
129,27300,e,1.2570800185203552,2,184,
129,27300,f,1.5543458461761475,2,184,
129,27300,g,1.37165105342865,2,184,
129,27300,h,1.3610782027244568,2,184,
129,27300,i,1.302635371685028,2,184,
129,27600,a,1.3575136065483093,2,186,
129,27600,b,1.4854430556297302,2,186,
129,27600,c,1.4272963404655457,2,186,
129,27600,d,1.3356128931045532,2,186,
129,27600,e,1.3611398339271545,2,186,
129,27600,f,1.3314169645309448,2,186,
129,27600,g,1.299717366695404,2,186,
129,27600,h,1.5499253869056702,2,186,
129,27600,i,1.4840028882026672,2,186,
129,27900,a,1.2795396447181702,2,188,
129,27900,b,1.5124465823173523,2,188,
129,27900,c,1.3455460667610168,2,188,
129,27900,d,1.3485094904899597,2,188,
129,27900,e,1.395506739616394,2,188,
129,27900,f,1.4974547028541565,2,188,
129,27900,g,1.2213023900985718,2,188,
129,27900,h,1.394778311252594,2,188,
129,27900,i,1.316884458065033,2,188,
129,28200,a,1.368351697921753,2,190,
129,28200,b,1.4850932955741882,2,190,
129,28200,c,1.4368194937705994,2,190,
129,28200,d,1.2809852361679077,2,190,
129,28200,e,1.299734890460968,2,190,
129,28200,f,1.444954514503479,2,190,
129,28200,g,1.2148983478546143,2,190,
129,28200,h,1.3444904088974,2,190,
129,28200,i,1.2905588150024414,2,190,
129,28500,a,1.3384968042373657,2,192,
129,28500,b,1.4444404244422913,2,192,
129,28500,c,1.3493627905845642,2,192,
129,28500,d,1.2507739067077637,2,192,
129,28500,e,1.4126359820365906,2,192,
129,28500,f,1.5124577283859253,2,192,
129,28500,g,1.3491331338882446,2,192,
129,28500,h,1.2983298897743225,2,192,
129,28500,i,1.3646478652954102,2,192,
129,28800,a,1.318274736404419,2,194,
129,28800,b,1.3606398105621338,2,194,
129,28800,c,1.382054328918457,2,194,
129,28800,d,1.3434154987335205,2,194,
129,28800,e,1.4740849137306213,2,194,
129,28800,f,1.569318413734436,2,194,
129,28800,g,1.335241675376892,2,194,
129,28800,h,1.4684171676635742,2,194,
129,28800,i,1.319144606590271,2,194,
129,29100,a,1.2696411609649658,2,196,
129,29100,b,1.551294982433319,2,196,
129,29100,c,1.5188807249069214,2,196,
129,29100,d,1.2855610847473145,2,196,
129,29100,e,1.2843137979507446,2,196,
129,29100,f,1.3762837648391724,2,196,
129,29100,g,1.2624741196632385,2,196,
129,29100,h,1.2609797716140747,2,196,
129,29100,i,1.3380285501480103,2,196,
129,29400,a,1.320954978466034,2,198,
129,29400,b,1.413974106311798,2,198,
129,29400,c,1.352610170841217,2,198,
129,29400,d,1.3860437870025635,2,198,
129,29400,e,1.3528292179107666,2,198,
129,29400,f,1.53457510471344,2,198,
129,29400,g,1.3220397233963013,2,198,
129,29400,h,1.304836094379425,2,198,
129,29400,i,1.2876016497612,2,198,
129,29700,a,1.2471752762794495,2,200,
129,29700,b,1.4118187427520752,2,200,
129,29700,c,1.2779978513717651,2,200,
129,29700,d,1.3507878184318542,2,200,
129,29700,e,1.2421723008155823,2,200,
129,29700,f,1.4270862340927124,2,200,
129,29700,g,1.1913830041885376,2,200,
129,29700,h,1.3465462923049927,2,200,
129,29700,i,1.3521939516067505,2,200,
129,30000,a,1.2479750514030457,2,202,
129,30000,b,1.509399652481079,2,202,
129,30000,c,1.3798803091049194,2,202,
129,30000,d,1.3187453746795654,2,202,
129,30000,e,1.3740023374557495,2,202,
129,30000,f,1.4383310079574585,2,202,
129,30000,g,1.2613417506217957,2,202,
129,30000,h,1.1996598839759827,2,202,
129,30000,i,1.2789362072944641,2,202,
129,30300,a,1.1749999523162842,2,204,
129,30300,b,1.342496931552887,2,204,
129,30300,c,1.3603744506835938,2,204,
129,30300,d,1.3118351101875305,2,204,
129,30300,e,1.3618500232696533,2,204,
129,30300,f,1.470272719860077,2,204,
129,30300,g,1.39114511013031,2,204,
129,30300,h,1.4514432549476624,2,204,
129,30300,i,1.3076706528663635,2,204,
129,30600,a,1.2875009775161743,2,206,
129,30600,b,1.394382894039154,2,206,
129,30600,c,1.383938729763031,2,206,
129,30600,d,1.2438292503356934,2,206,
129,30600,e,1.3001620173454285,2,206,
129,30600,f,1.3367739915847778,2,206,
129,30600,g,1.3866007328033447,2,206,
129,30600,h,1.317336916923523,2,206,
129,30600,i,1.2915688157081604,2,206,
129,30900,a,1.3490660786628723,2,208,
129,30900,b,1.4706538319587708,2,208,
129,30900,c,1.43030846118927,2,208,
129,30900,d,1.2944656610488892,2,208,
129,30900,e,1.4029348492622375,2,208,
129,30900,f,1.3438358306884766,2,208,
129,30900,g,1.3481600880622864,2,208,
129,30900,h,1.4784931540489197,2,208,
129,30900,i,1.2183101773262024,2,208,
129,31200,a,1.328400731086731,2,210,
129,31200,b,1.372804582118988,2,210,
129,31200,c,1.3825716972351074,2,210,
129,31200,d,1.1936851143836975,2,210,
129,31200,e,1.1877185106277466,2,210,
129,31200,f,1.4520646333694458,2,210,
129,31200,g,1.267627477645874,2,210,
129,31200,h,1.2423865795135498,2,210,
129,31200,i,1.2482253313064575,2,210,
129,31500,a,1.2540867328643799,2,212,
129,31500,b,1.3888728022575378,2,212,
129,31500,c,1.6240307092666626,2,212,
129,31500,d,1.2353028059005737,2,212,
129,31500,e,1.441674530506134,2,212,
129,31500,f,1.4210441708564758,2,212,
129,31500,g,1.4218348264694214,2,212,
129,31500,h,1.5341165661811829,2,212,
129,31500,i,1.3124024271965027,2,212,
129,31800,a,1.2938360571861267,2,214,
129,31800,b,1.4193744659423828,2,214,
129,31800,c,1.4094229936599731,2,214,
129,31800,d,1.2370331287384033,2,214,
129,31800,e,1.4134753346443176,2,214,
129,31800,f,1.2699987292289734,2,214,
129,31800,g,1.2920450568199158,2,214,
129,31800,h,1.3562291860580444,2,214,
129,31800,i,1.3954256176948547,2,214,
129,32100,a,1.3105794191360474,2,216,
129,32100,b,1.3554461002349854,2,216,
129,32100,c,1.4716416597366333,2,216,
129,32100,d,1.192698895931244,2,216,
129,32100,e,1.2634201645851135,2,216,
129,32100,f,1.3349536061286926,2,216,
129,32100,g,1.2612298727035522,2,216,
129,32100,h,1.328987717628479,2,216,
129,32100,i,1.318178653717041,2,216,
129,32400,a,1.299849510192871,2,218,
129,32400,b,1.438157320022583,2,218,
129,32400,c,1.2897830605506897,2,218,
129,32400,d,1.2089579105377197,2,218,
129,32400,e,1.3364267349243164,2,218,
129,32400,f,1.3477544784545898,2,218,
129,32400,g,1.272378921508789,2,218,
129,32400,h,1.3420296907424927,2,218,
129,32400,i,1.2531890869140625,2,218,
129,32700,a,1.2577804327011108,2,220,
129,32700,b,1.3229087591171265,2,220,
129,32700,c,1.3218923807144165,2,220,
129,32700,d,1.1578280925750732,2,220,
129,32700,e,1.3583884835243225,2,220,
129,32700,f,1.3620670437812805,2,220,
129,32700,g,1.4341469407081604,2,220,
129,32700,h,1.2686315774917603,2,220,
129,32700,i,1.3713858723640442,2,220,
129,33000,a,1.198039174079895,2,222,
129,33000,b,1.3466709852218628,2,222,
129,33000,c,1.581663966178894,2,222,
129,33000,d,1.1969720721244812,2,222,
129,33000,e,1.671987771987915,2,222,
129,33000,f,1.3499135971069336,2,222,
129,33000,g,1.2182866334915161,2,222,
129,33000,h,1.3772882223129272,2,222,
129,33000,i,1.3061360120773315,2,222,
129,33300,a,1.305186688899994,2,224,
129,33300,b,1.4700151681900024,2,224,
129,33300,c,1.3539273738861084,2,224,
129,33300,d,1.2160459756851196,2,224,
129,33300,e,1.3148845434188843,2,224,
129,33300,f,1.350982427597046,2,224,
129,33300,g,1.4381960034370422,2,224,
129,33300,h,1.368265450000763,2,224,
129,33300,i,1.1244918704032898,2,224,
129,33600,a,1.326580286026001,2,226,
129,33600,b,1.3632190227508545,2,226,
129,33600,c,1.4699082970619202,2,226,
129,33600,d,1.3410682678222656,2,226,
129,33600,e,1.3108887672424316,2,226,
129,33600,f,1.5850977301597595,2,226,
129,33600,g,1.1575706601142883,2,226,
129,33600,h,1.388279378414154,2,226,
129,33600,i,1.30561763048172,2,226,
129,33900,a,1.2380406260490417,2,228,
129,33900,b,1.2964426279067993,2,228,
129,33900,c,1.3665995597839355,2,228,
129,33900,d,1.2456790804862976,2,228,
129,33900,e,1.3968331813812256,2,228,
129,33900,f,1.3423774242401123,2,228,
129,33900,g,1.492993712425232,2,228,
129,33900,h,1.252745270729065,2,228,
129,33900,i,1.200385570526123,2,228,
129,34200,a,1.3045557141304016,2,230,
129,34200,b,1.2565155029296875,2,230,
129,34200,c,1.503148078918457,2,230,
129,34200,d,1.3181071281433105,2,230,
129,34200,e,1.403860092163086,2,230,
129,34200,f,1.3037588596343994,2,230,
129,34200,g,1.279335856437683,2,230,
129,34200,h,1.2377227544784546,2,230,
129,34200,i,1.3351280689239502,2,230,
129,34500,a,1.252263069152832,2,232,
129,34500,b,1.4340689778327942,2,232,
129,34500,c,1.3112197518348694,2,232,
129,34500,d,1.3002628087997437,2,232,
129,34500,e,1.449741780757904,2,232,
129,34500,f,1.3371502161026,2,232,
129,34500,g,1.3667775392532349,2,232,
129,34500,h,1.3679322600364685,2,232,
129,34500,i,1.2887783646583557,2,232,
129,34800,a,1.4901185631752014,2,234,
129,34800,b,1.5129944682121277,2,234,
129,34800,c,1.2930961847305298,2,234,
129,34800,d,1.2889878749847412,2,234,
129,34800,e,1.2777732610702515,2,234,
129,34800,f,1.3958911895751953,2,234,
129,34800,g,1.4349636435508728,2,234,
129,34800,h,1.201666533946991,2,234,
129,34800,i,1.2285082340240479,2,234,
129,35100,a,1.3615918159484863,2,236,
129,35100,b,1.3202796578407288,2,236,
129,35100,c,1.4285861253738403,2,236,
129,35100,d,1.3551602363586426,2,236,
129,35100,e,1.2828782200813293,2,236,
129,35100,f,1.2005038857460022,2,236,
129,35100,g,1.2395987510681152,2,236,
129,35100,h,1.311368465423584,2,236,
129,35100,i,1.3646446466445923,2,236,
129,35400,a,1.261254906654358,2,238,
129,35400,b,1.4042884707450867,2,238,
129,35400,c,1.3574297428131104,2,238,
129,35400,d,1.4137738347053528,2,238,
129,35400,e,1.2904425263404846,2,238,
129,35400,f,1.3983448147773743,2,238,
129,35400,g,1.304337978363037,2,238,
129,35400,h,1.336207628250122,2,238,
129,35400,i,1.3207248449325562,2,238,
129,35700,a,1.3362815380096436,2,240,
129,35700,b,1.3473891019821167,2,240,
129,35700,c,1.4006092548370361,2,240,
129,35700,d,1.365191638469696,2,240,
129,35700,e,1.2948524951934814,2,240,
129,35700,f,1.509522020816803,2,240,
129,35700,g,1.2514408826828003,2,240,
129,35700,h,1.3121861815452576,2,240,
129,35700,i,1.458483099937439,2,240,
129,36000,a,1.17015540599823,2,242,
129,36000,b,1.403460443019867,2,242,
129,36000,c,1.3950830698013306,2,242,
129,36000,d,1.3234179615974426,2,242,
129,36000,e,1.2320663928985596,2,242,
129,36000,f,1.3147103190422058,2,242,
129,36000,g,1.3873631954193115,2,242,
129,36000,h,1.235851764678955,2,242,
129,36000,i,1.3424190282821655,2,242,
129,36300,a,1.1675358414649963,2,244,
129,36300,b,1.277604579925537,2,244,
129,36300,c,1.330388069152832,2,244,
129,36300,d,1.3250164985656738,2,244,
129,36300,e,1.2583523988723755,2,244,
129,36300,f,1.2774534821510315,2,244,
129,36300,g,1.2091270685195923,2,244,
129,36300,h,1.276160717010498,2,244,
129,36300,i,1.2494140267372131,2,244,
129,36600,a,1.2802454233169556,2,246,
129,36600,b,1.3154159784317017,2,246,
129,36600,c,1.294888198375702,2,246,
129,36600,d,1.1782805919647217,2,246,
129,36600,e,1.306018054485321,2,246,
129,36600,f,1.3228427171707153,2,246,
129,36600,g,1.307595133781433,2,246,
129,36600,h,1.4079741835594177,2,246,
129,36600,i,1.2860252857208252,2,246,
129,36900,a,1.291519045829773,2,248,
129,36900,b,1.3002435564994812,2,248,
129,36900,c,1.2501237392425537,2,248,
129,36900,d,1.258786141872406,2,248,
129,36900,e,1.280199646949768,2,248,
129,36900,f,1.3844574689865112,2,248,
129,36900,g,1.2399420738220215,2,248,
129,36900,h,1.369014859199524,2,248,
129,36900,i,1.2361405491828918,2,248,
129,37200,a,1.3968928456306458,2,250,
129,37200,b,1.299821138381958,2,250,
129,37200,c,1.3090038299560547,2,250,
129,37200,d,1.2613599300384521,2,250,
129,37200,e,1.2026859521865845,2,250,
129,37200,f,1.4259989261627197,2,250,
129,37200,g,1.247667133808136,2,250,
129,37200,h,1.2520445585250854,2,250,
129,37200,i,1.2347280383110046,2,250,
129,37500,a,1.2443487644195557,2,252,
129,37500,b,1.3241992592811584,2,252,
129,37500,c,1.3380106091499329,2,252,
129,37500,d,1.2130305171012878,2,252,
129,37500,e,1.2633267045021057,2,252,
129,37500,f,1.3243240118026733,2,252,
129,37500,g,1.213095784187317,2,252,
129,37500,h,1.4659953117370605,2,252,
129,37500,i,1.3018441200256348,2,252,
129,37800,a,1.142927348613739,2,254,
129,37800,b,1.4318406581878662,2,254,
129,37800,c,1.420711100101471,2,254,
129,37800,d,1.2177952527999878,2,254,
129,37800,e,1.1499248147010803,2,254,
129,37800,f,1.2691778540611267,2,254,
129,37800,g,1.3351777791976929,2,254,
129,37800,h,1.2359806299209595,2,254,
129,37800,i,1.1797247529029846,2,254,
129,38100,a,1.2918471097946167,2,256,
129,38100,b,1.319071352481842,2,256,
129,38100,c,1.3543608784675598,2,256,
129,38100,d,1.1142955422401428,2,256,
129,38100,e,1.0993893146514893,2,256,
129,38100,f,1.2937208414077759,2,256,
129,38100,g,1.2353531122207642,2,256,
129,38100,h,1.4299814701080322,2,256,
129,38100,i,1.2227057814598083,2,256,
129,38400,a,1.1207540035247803,2,258,
129,38400,b,1.417718231678009,2,258,
129,38400,c,1.3745146989822388,2,258,
129,38400,d,1.2325334548950195,2,258,
129,38400,e,1.1911014318466187,2,258,
129,38400,f,1.3216601014137268,2,258,
129,38400,g,1.1841594576835632,2,258,
129,38400,h,1.3318722248077393,2,258,
129,38400,i,1.354697346687317,2,258,
129,38700,a,1.2982471585273743,2,260,
129,38700,b,1.417743742465973,2,260,
129,38700,c,1.268308699131012,2,260,
129,38700,d,1.1255075931549072,2,260,
129,38700,e,1.3139870762825012,2,260,
129,38700,f,1.2356818318367004,2,260,
129,38700,g,1.4326726198196411,2,260,
129,38700,h,1.3380244374275208,2,260,
129,38700,i,1.2628496289253235,2,260,
129,39000,a,1.2226632237434387,2,262,
129,39000,b,1.337986707687378,2,262,
129,39000,c,1.4914473295211792,2,262,
129,39000,d,1.385873556137085,2,262,
129,39000,e,1.3334871530532837,2,262,
129,39000,f,1.3202815651893616,2,262,
129,39000,g,1.2934004068374634,2,262,
129,39000,h,1.381062626838684,2,262,
129,39000,i,1.2652759552001953,2,262,
129,39300,a,1.3173854351043701,2,264,
129,39300,b,1.2667775750160217,2,264,
129,39300,c,1.4090054035186768,2,264,
129,39300,d,1.238853096961975,2,264,
129,39300,e,1.4029677510261536,2,264,
129,39300,f,1.521525800228119,2,264,
129,39300,g,1.4067676663398743,2,264,
129,39300,h,1.3004196882247925,2,264,
129,39300,i,1.228973925113678,2,264,
129,39600,a,1.2272275686264038,2,266,
129,39600,b,1.459486722946167,2,266,
129,39600,c,1.3407398462295532,2,266,
129,39600,d,1.213840365409851,2,266,
129,39600,e,1.23356693983078,2,266,
129,39600,f,1.2755389213562012,2,266,
129,39600,g,1.3306882977485657,2,266,
129,39600,h,1.3066504001617432,2,266,
129,39600,i,1.2010222673416138,2,266,
129,39900,a,1.3178496360778809,2,268,
129,39900,b,1.2497780323028564,2,268,
129,39900,c,1.3458906412124634,2,268,
129,39900,d,1.159112572669983,2,268,
129,39900,e,1.1656346917152405,2,268,
129,39900,f,1.3022515773773193,2,268,
129,39900,g,1.3751254081726074,2,268,
129,39900,h,1.2287924885749817,2,268,
129,39900,i,1.4646334648132324,2,268,
129,40200,a,1.2140955328941345,2,270,
129,40200,b,1.2592748403549194,2,270,
129,40200,c,1.365440845489502,2,270,
129,40200,d,1.1776959300041199,2,270,
129,40200,e,1.3771551847457886,2,270,
129,40200,f,1.335571527481079,2,270,
129,40200,g,1.3098607063293457,2,270,
129,40200,h,1.166208565235138,2,270,
129,40200,i,1.348294198513031,2,270,
129,40500,a,1.2079997062683105,2,272,
129,40500,b,1.3286089301109314,2,272,
129,40500,c,1.4574694633483887,2,272,
129,40500,d,1.3784475922584534,2,272,
129,40500,e,1.2522709369659424,2,272,
129,40500,f,1.3562145233154297,2,272,
129,40500,g,1.3296672701835632,2,272,
129,40500,h,1.4378712177276611,2,272,
129,40500,i,1.1720703840255737,2,272,
129,40800,a,1.2302300930023193,2,274,
129,40800,b,1.2829210758209229,2,274,
129,40800,c,1.2798669934272766,2,274,
129,40800,d,1.2784172296524048,2,274,
129,40800,e,1.1409637928009033,2,274,
129,40800,f,1.2441916465759277,2,274,
129,40800,g,1.2716131210327148,2,274,
129,40800,h,1.3401070833206177,2,274,
129,40800,i,1.2563621997833252,2,274,
129,41100,a,1.241136372089386,2,276,
129,41100,b,1.3239343762397766,2,276,
129,41100,c,1.3369296789169312,2,276,
129,41100,d,1.418748915195465,2,276,
129,41100,e,1.2771325707435608,2,276,
129,41100,f,1.361701488494873,2,276,
129,41100,g,1.2030421495437622,2,276,
129,41100,h,1.1572579145431519,2,276,
129,41100,i,1.1579485535621643,2,276,
129,41400,a,1.177548587322235,2,278,
129,41400,b,1.3981955647468567,2,278,
129,41400,c,1.4406848549842834,2,278,
129,41400,d,1.2098265886306763,2,278,
129,41400,e,1.3931076526641846,2,278,
129,41400,f,1.2643890976905823,2,278,
129,41400,g,1.2471843957901,2,278,
129,41400,h,1.223048210144043,2,278,
129,41400,i,1.366465151309967,2,278,
129,41700,a,1.1594076752662659,2,280,
129,41700,b,1.3127029538154602,2,280,
129,41700,c,1.300913691520691,2,280,
129,41700,d,1.1873503923416138,2,280,
129,41700,e,1.2935015559196472,2,280,
129,41700,f,1.26921945810318,2,280,
129,41700,g,1.30761057138443,2,280,
129,41700,h,1.2842071056365967,2,280,
129,41700,i,1.3929751515388489,2,280,
129,42000,a,1.2411617040634155,2,282,
129,42000,b,1.375598669052124,2,282,
129,42000,c,1.424403965473175,2,282,
129,42000,d,1.1259457468986511,2,282,
129,42000,e,1.2477787137031555,2,282,
129,42000,f,1.3153035640716553,2,282,
129,42000,g,1.2397404313087463,2,282,
129,42000,h,1.165497601032257,2,282,
129,42000,i,1.160385549068451,2,282,
129,42300,a,1.1210733652114868,2,284,
129,42300,b,1.238016128540039,2,284,
129,42300,c,1.278516411781311,2,284,
129,42300,d,1.2508071660995483,2,284,
129,42300,e,1.1908626556396484,2,284,
129,42300,f,1.1689482927322388,2,284,
129,42300,g,1.248002529144287,2,284,
129,42300,h,1.2739455699920654,2,284,
129,42300,i,1.2591485381126404,2,284,
129,42600,a,1.2060602903366089,2,286,
129,42600,b,1.3496140241622925,2,286,
129,42600,c,1.242658019065857,2,286,
129,42600,d,1.22189861536026,2,286,
129,42600,e,1.1701010465621948,2,286,
129,42600,f,1.2679834365844727,2,286,
129,42600,g,1.2694796919822693,2,286,
129,42600,h,1.0762318074703217,2,286,
129,42600,i,1.2667851448059082,2,286,
129,42900,a,1.2281866669654846,2,288,
129,42900,b,1.3161890506744385,2,288,
129,42900,c,1.3800654411315918,2,288,
129,42900,d,1.0923289060592651,2,288,
129,42900,e,1.119167685508728,2,288,
129,42900,f,1.378306806087494,2,288,
129,42900,g,1.4497912526130676,2,288,
129,42900,h,1.3163792490959167,2,288,
129,42900,i,1.0979149341583252,2,288,
129,43200,a,1.3261381387710571,2,290,
129,43200,b,1.378400444984436,2,290,
129,43200,c,1.2575275897979736,2,290,
129,43200,d,1.1864020824432373,2,290,
129,43200,e,1.5070078372955322,2,290,
129,43200,f,1.3742401003837585,2,290,
129,43200,g,1.1855711936950684,2,290,
129,43200,h,1.1807899475097656,2,290,
129,43200,i,1.2233179211616516,2,290,
129,43500,a,1.2983450889587402,2,292,
129,43500,b,1.285821795463562,2,292,
129,43500,c,1.1943329572677612,2,292,
129,43500,d,1.1797817945480347,2,292,
129,43500,e,1.0983771085739136,2,292,
129,43500,f,1.3455322980880737,2,292,
129,43500,g,1.3246710896492004,2,292,
129,43500,h,1.1346073746681213,2,292,
129,43500,i,1.2678128480911255,2,292,
129,43800,a,1.2215876579284668,2,294,
129,43800,b,1.3131614923477173,2,294,
129,43800,c,1.2470718622207642,2,294,
129,43800,d,1.2227157354354858,2,294,
129,43800,e,1.2119969129562378,2,294,
129,43800,f,1.2733637690544128,2,294,
129,43800,g,1.1564730405807495,2,294,
129,43800,h,1.2510274052619934,2,294,
129,43800,i,1.2145992517471313,2,294,
129,44100,a,1.2013583779335022,2,296,
129,44100,b,1.3877724409103394,2,296,
129,44100,c,1.2367608547210693,2,296,
129,44100,d,1.1689768433570862,2,296,
129,44100,e,1.29982990026474,2,296,
129,44100,f,1.2169418334960938,2,296,
129,44100,g,1.43221116065979,2,296,
129,44100,h,1.2875808477401733,2,296,
129,44100,i,1.2622439861297607,2,296,
129,44400,a,1.1567304134368896,2,298,
129,44400,b,1.2674669027328491,2,298,
129,44400,c,1.3105513453483582,2,298,
129,44400,d,1.0761718153953552,2,298,
129,44400,e,1.2892014980316162,2,298,
129,44400,f,1.2572924494743347,2,298,
129,44400,g,1.3408488035202026,2,298,
129,44400,h,1.2102214694023132,2,298,
129,44400,i,1.2963301539421082,2,298,
129,44700,a,1.2349848747253418,2,300,
129,44700,b,1.269982933998108,2,300,
129,44700,c,1.1866434216499329,2,300,
129,44700,d,1.1610317826271057,2,300,
129,44700,e,1.3207420110702515,2,300,
129,44700,f,1.2222875952720642,2,300,
129,44700,g,1.276914656162262,2,300,
129,44700,h,1.2771985530853271,2,300,
129,44700,i,1.1312695741653442,2,300,
129,45000,a,1.160240650177002,2,302,
129,45000,b,1.3055364489555359,2,302,
129,45000,c,1.2333542704582214,2,302,
129,45000,d,1.316926658153534,2,302,
129,45000,e,1.1284814476966858,2,302,
129,45000,f,1.2424637079238892,2,302,
129,45000,g,1.2366688251495361,2,302,
129,45000,h,1.2014296650886536,2,302,
129,45000,i,1.1912761926651,2,302,
129,45300,a,1.2811284065246582,2,304,
129,45300,b,1.4401083588600159,2,304,
129,45300,c,1.248895287513733,2,304,
129,45300,d,1.4732760190963745,2,304,
129,45300,e,1.3329729437828064,2,304,
129,45300,f,1.2920792698860168,2,304,
129,45300,g,1.3272819519042969,2,304,
129,45300,h,1.2962611317634583,2,304,
129,45300,i,1.375314474105835,2,304,
129,45600,a,1.189283549785614,2,306,
129,45600,b,1.3518363237380981,2,306,
129,45600,c,1.1823684573173523,2,306,
129,45600,d,1.2123913168907166,2,306,
129,45600,e,1.157783031463623,2,306,
129,45600,f,1.280371606349945,2,306,
129,45600,g,1.1412684917449951,2,306,
129,45600,h,1.2551699876785278,2,306,
129,45600,i,1.221934974193573,2,306,
129,45900,a,1.1866724491119385,2,308,
129,45900,b,1.356866180896759,2,308,
129,45900,c,1.383941411972046,2,308,
129,45900,d,1.178713083267212,2,308,
129,45900,e,1.0853850841522217,2,308,
129,45900,f,1.3007982969284058,2,308,
129,45900,g,1.2563416957855225,2,308,
129,45900,h,1.2041547894477844,2,308,
129,45900,i,1.1606686115264893,2,308,
129,46200,a,1.1512702703475952,2,310,
129,46200,b,1.2159264087677002,2,310,
129,46200,c,1.2652567625045776,2,310,
129,46200,d,1.1035776734352112,2,310,
129,46200,e,1.288599669933319,2,310,
129,46200,f,1.1240068674087524,2,310,
129,46200,g,1.2839972972869873,2,310,
129,46200,h,1.1584675312042236,2,310,
129,46200,i,1.151356041431427,2,310,
129,46500,a,1.1537410616874695,2,312,
129,46500,b,1.2706506252288818,2,312,
129,46500,c,1.1856356263160706,2,312,
129,46500,d,1.127363383769989,2,312,
129,46500,e,1.285194754600525,2,312,
129,46500,f,1.2077221274375916,2,312,
129,46500,g,1.3228493928909302,2,312,
129,46500,h,1.26974755525589,2,312,
129,46500,i,1.227676272392273,2,312,
129,46800,a,1.0521720051765442,2,314,
129,46800,b,1.3387866020202637,2,314,
129,46800,c,1.1441802978515625,2,314,
129,46800,d,1.253864586353302,2,314,
129,46800,e,1.1573797464370728,2,314,
129,46800,f,1.1847089529037476,2,314,
129,46800,g,1.2919371128082275,2,314,
129,46800,h,1.2497100830078125,2,314,
129,46800,i,1.172702431678772,2,314,
129,47100,a,1.077562928199768,2,316,
129,47100,b,1.2811335325241089,2,316,
129,47100,c,1.3038897514343262,2,316,
129,47100,d,1.1168626546859741,2,316,
129,47100,e,1.1941932439804077,2,316,
129,47100,f,1.1724433898925781,2,316,
129,47100,g,1.1561694145202637,2,316,
129,47100,h,1.0911330580711365,2,316,
129,47100,i,1.149043083190918,2,316,
129,47400,a,1.1398000717163086,2,318,
129,47400,b,1.2153697609901428,2,318,
129,47400,c,1.2608117461204529,2,318,
129,47400,d,1.2594062089920044,2,318,
129,47400,e,1.2343284487724304,2,318,
129,47400,f,1.239193081855774,2,318,
129,47400,g,1.2360324263572693,2,318,
129,47400,h,1.230082631111145,2,318,
129,47400,i,1.2020580172538757,2,318,
129,47700,a,1.1993919014930725,2,320,
129,47700,b,1.324871003627777,2,320,
129,47700,c,1.1940040588378906,2,320,
129,47700,d,1.2082511186599731,2,320,
129,47700,e,1.422817587852478,2,320,
129,47700,f,1.2752492427825928,2,320,
129,47700,g,1.3154935836791992,2,320,
129,47700,h,1.1437159180641174,2,320,
129,47700,i,1.1591428518295288,2,320,
129,48000,a,1.285654902458191,2,322,
129,48000,b,1.5007686614990234,2,322,
129,48000,c,1.3421683311462402,2,322,
129,48000,d,1.1111254692077637,2,322,
129,48000,e,1.3199889659881592,2,322,
129,48000,f,1.2938486337661743,2,322,
129,48000,g,1.3352472186088562,2,322,
129,48000,h,1.2752114534378052,2,322,
129,48000,i,1.2414595484733582,2,322,
129,48300,a,1.2894145250320435,2,324,
129,48300,b,1.3034973740577698,2,324,
129,48300,c,1.393646001815796,2,324,
129,48300,d,1.1270358562469482,2,324,
129,48300,e,1.1343580484390259,2,324,
129,48300,f,1.3996999859809875,2,324,
129,48300,g,1.2277294397354126,2,324,
129,48300,h,1.119577407836914,2,324,
129,48300,i,1.2205578088760376,2,324,
129,48600,a,1.0831370949745178,2,326,
129,48600,b,1.4193477034568787,2,326,
129,48600,c,1.234291672706604,2,326,
129,48600,d,1.093205988407135,2,326,
129,48600,e,1.2530328631401062,2,326,
129,48600,f,1.3431890606880188,2,326,
129,48600,g,1.2569525241851807,2,326,
129,48600,h,1.1260302066802979,2,326,
129,48600,i,1.2633569240570068,2,326,
129,48900,a,1.1107932925224304,2,328,
129,48900,b,1.482615053653717,2,328,
129,48900,c,1.3299303650856018,2,328,
129,48900,d,1.0786014795303345,2,328,
129,48900,e,1.1322970986366272,2,328,
129,48900,f,1.3816615343093872,2,328,
129,48900,g,1.19496089220047,2,328,
129,48900,h,1.2362271547317505,2,328,
129,48900,i,1.1572296619415283,2,328,
129,49200,a,1.225459098815918,2,330,
129,49200,b,1.360125720500946,2,330,
129,49200,c,1.2751781940460205,2,330,
129,49200,d,1.1310309171676636,2,330,
129,49200,e,1.2587817311286926,2,330,
129,49200,f,1.2700626850128174,2,330,
129,49200,g,1.2594581246376038,2,330,
129,49200,h,1.0991604328155518,2,330,
129,49200,i,1.068912386894226,2,330,
129,49500,a,1.1196486353874207,2,332,
129,49500,b,1.2291470766067505,2,332,
129,49500,c,1.4436968564987183,2,332,
129,49500,d,1.285192847251892,2,332,
129,49500,e,1.131666660308838,2,332,
129,49500,f,1.3018569946289062,2,332,
129,49500,g,1.385358989238739,2,332,
129,49500,h,1.1099751591682434,2,332,
129,49500,i,1.0155811607837677,2,332,
129,49800,a,1.2776737213134766,2,334,
129,49800,b,1.1590978503227234,2,334,
129,49800,c,1.227344036102295,2,334,
129,49800,d,1.0661640167236328,2,334,
129,49800,e,1.2294369339942932,2,334,
129,49800,f,1.3235806822776794,2,334,
129,49800,g,1.2602450251579285,2,334,
129,49800,h,1.1485580801963806,2,334,
129,49800,i,1.0431663393974304,2,334,
129,50100,a,1.042712390422821,2,336,
129,50100,b,1.3540664315223694,2,336,
129,50100,c,1.3497310280799866,2,336,
129,50100,d,1.2280757427215576,2,336,
129,50100,e,1.0220427513122559,2,336,
129,50100,f,1.0664664506912231,2,336,
129,50100,g,1.5544663667678833,2,336,
129,50100,h,1.1151344180107117,2,336,
129,50100,i,1.182797372341156,2,336,
129,50400,a,1.2693917751312256,2,338,
129,50400,b,1.1893704533576965,2,338,
129,50400,c,1.1295645833015442,2,338,
129,50400,d,1.1010425686836243,2,338,
129,50400,e,1.2220463752746582,2,338,
129,50400,f,1.2941495776176453,2,338,
129,50400,g,1.2033974528312683,2,338,
129,50400,h,1.0878482162952423,2,338,
129,50400,i,1.078227162361145,2,338,
129,50700,a,1.1119727492332458,2,340,
129,50700,b,1.3177919387817383,2,340,
129,50700,c,1.1957422494888306,2,340,
129,50700,d,1.1523115634918213,2,340,
129,50700,e,1.2099270820617676,2,340,
129,50700,f,1.157759428024292,2,340,
129,50700,g,1.2155104875564575,2,340,
129,50700,h,1.226024568080902,2,340,
129,50700,i,1.1689512729644775,2,340,
129,51000,a,1.1141980290412903,2,342,
129,51000,b,1.3012235164642334,2,342,
129,51000,c,1.3400511741638184,2,342,
129,51000,d,1.128551036119461,2,342,
129,51000,e,1.3217401504516602,2,342,
129,51000,f,1.235262930393219,2,342,
129,51000,g,1.1220641136169434,2,342,
129,51000,h,1.0347666144371033,2,342,
129,51000,i,1.2300408482551575,2,342,
129,51300,a,1.2642742395401,2,344,
129,51300,b,1.2517750263214111,2,344,
129,51300,c,1.2125009298324585,2,344,
129,51300,d,1.1552261114120483,2,344,
129,51300,e,1.0806492567062378,2,344,
129,51300,f,1.4172018766403198,2,344,
129,51300,g,1.3581066131591797,2,344,
129,51300,h,1.0995903015136719,2,344,
129,51300,i,1.2915133237838745,2,344,
129,51600,a,1.0452629327774048,2,346,
129,51600,b,1.0534511804580688,2,346,
129,51600,c,1.2373186945915222,2,346,
129,51600,d,1.0853033065795898,2,346,
129,51600,e,1.080882489681244,2,346,
129,51600,f,1.139466941356659,2,346,
129,51600,g,1.216688096523285,2,346,
129,51600,h,1.1682316064834595,2,346,
129,51600,i,1.2141310572624207,2,346,
129,51900,a,1.1068665385246277,2,348,
129,51900,b,1.1964775323867798,2,348,
129,51900,c,1.2744389176368713,2,348,
129,51900,d,1.1444534659385681,2,348,
129,51900,e,1.1964203715324402,2,348,
129,51900,f,1.2758514881134033,2,348,
129,51900,g,1.2913157939910889,2,348,
129,51900,h,1.1168940663337708,2,348,
129,51900,i,1.2019514441490173,2,348,
129,52200,a,1.0990999341011047,2,350,
129,52200,b,1.3635910749435425,2,350,
129,52200,c,1.083634376525879,2,350,
129,52200,d,1.0778405666351318,2,350,
129,52200,e,1.2217052578926086,2,350,
129,52200,f,1.2825736999511719,2,350,
129,52200,g,1.271866261959076,2,350,
129,52200,h,1.0660142302513123,2,350,
129,52200,i,0.9952420294284821,2,350,
129,52500,a,1.113237738609314,2,352,
129,52500,b,1.0581611394882202,2,352,
129,52500,c,1.1958316564559937,2,352,
129,52500,d,1.12433922290802,2,352,
129,52500,e,1.0296913385391235,2,352,
129,52500,f,1.3283940553665161,2,352,
129,52500,g,1.1081234216690063,2,352,
129,52500,h,1.1887580156326294,2,352,
129,52500,i,1.2172437906265259,2,352,
129,52800,a,1.1706552505493164,2,354,
129,52800,b,1.2641448378562927,2,354,
129,52800,c,1.1473652720451355,2,354,
129,52800,d,1.2515915036201477,2,354,
129,52800,e,1.2365707159042358,2,354,
129,52800,f,1.222766637802124,2,354,
129,52800,g,1.2277505993843079,2,354,
129,52800,h,1.1381694674491882,2,354,
129,52800,i,1.1449589133262634,2,354,
129,53100,a,1.1367291808128357,2,356,
129,53100,b,1.3116651773452759,2,356,
129,53100,c,1.1673076748847961,2,356,
129,53100,d,1.1004624962806702,2,356,
129,53100,e,1.148725688457489,2,356,
129,53100,f,1.1690841615200043,2,356,
129,53100,g,1.1180598735809326,2,356,
129,53100,h,1.1791076064109802,2,356,
129,53100,i,1.0841442346572876,2,356,
129,53400,a,1.0576102137565613,2,358,
129,53400,b,1.2011168003082275,2,358,
129,53400,c,1.1861872673034668,2,358,
129,53400,d,1.1914071440696716,2,358,
129,53400,e,1.0627962350845337,2,358,
129,53400,f,1.134695827960968,2,358,
129,53400,g,1.2014212608337402,2,358,
129,53400,h,1.0461812615394592,2,358,
129,53400,i,1.184387743473053,2,358,
129,53700,a,1.1588366627693176,2,360,
129,53700,b,1.2639340162277222,2,360,
129,53700,c,1.1924912333488464,2,360,
129,53700,d,1.157386064529419,2,360,
129,53700,e,1.137269377708435,2,360,
129,53700,f,1.1503273248672485,2,360,
129,53700,g,1.211846113204956,2,360,
129,53700,h,1.1752591133117676,2,360,
129,53700,i,1.140872061252594,2,360,
129,54000,a,1.1070339679718018,2,362,
129,54000,b,1.1550711393356323,2,362,
129,54000,c,1.2134481072425842,2,362,
129,54000,d,1.1460346579551697,2,362,
129,54000,e,1.1908586621284485,2,362,
129,54000,f,1.0754830241203308,2,362,
129,54000,g,1.2295501828193665,2,362,
129,54000,h,1.1927106976509094,2,362,
129,54000,i,1.2215087413787842,2,362,
129,54300,a,1.102121889591217,2,364,
129,54300,b,1.1281378865242004,2,364,
129,54300,c,1.2680439352989197,2,364,
129,54300,d,1.205475926399231,2,364,
129,54300,e,1.1049503684043884,2,364,
129,54300,f,1.191359281539917,2,364,
129,54300,g,1.3149752616882324,2,364,
129,54300,h,1.1649411916732788,2,364,
129,54300,i,1.0776647329330444,2,364,
129,54600,a,1.1211798787117004,2,366,
129,54600,b,1.3144199848175049,2,366,
129,54600,c,1.399219036102295,2,366,
129,54600,d,1.0100426077842712,2,366,
129,54600,e,1.1383473873138428,2,366,
129,54600,f,1.1825883388519287,2,366,
129,54600,g,1.158599615097046,2,366,
129,54600,h,1.0313696265220642,2,366,
129,54600,i,1.2229009866714478,2,366,
129,54900,a,1.0804896354675293,2,368,
129,54900,b,1.343840777873993,2,368,
129,54900,c,1.2118676900863647,2,368,
129,54900,d,1.2588658332824707,2,368,
129,54900,e,1.2400882840156555,2,368,
129,54900,f,1.2282171845436096,2,368,
129,54900,g,1.1916593313217163,2,368,
129,54900,h,1.1332670450210571,2,368,
129,54900,i,1.0918920636177063,2,368,
129,55200,a,1.069726586341858,2,370,
129,55200,b,1.1627070903778076,2,370,
129,55200,c,1.2175946235656738,2,370,
129,55200,d,1.1025362014770508,2,370,
129,55200,e,1.1275676488876343,2,370,
129,55200,f,1.172991156578064,2,370,
129,55200,g,1.0594077110290527,2,370,
129,55200,h,1.0925617218017578,2,370,
129,55200,i,0.9811420440673828,2,370,
129,55500,a,1.1955419778823853,2,372,
129,55500,b,1.2175118923187256,2,372,
129,55500,c,1.2347940802574158,2,372,
129,55500,d,1.0348846912384033,2,372,
129,55500,e,1.1864538192749023,2,372,
129,55500,f,1.2008960843086243,2,372,
129,55500,g,1.1115363836288452,2,372,
129,55500,h,1.0557445883750916,2,372,
129,55500,i,1.067152976989746,2,372,
129,55800,a,1.1331303715705872,2,374,
129,55800,b,1.2015328407287598,2,374,
129,55800,c,1.2496138215065002,2,374,
129,55800,d,1.0157896876335144,2,374,
129,55800,e,1.1482890248298645,2,374,
129,55800,f,1.220018744468689,2,374,
129,55800,g,1.2109928727149963,2,374,
129,55800,h,1.0718596577644348,2,374,
129,55800,i,0.9963814914226532,2,374,
129,56100,a,1.306538164615631,2,376,
129,56100,b,1.1774014830589294,2,376,
129,56100,c,1.2215402126312256,2,376,
129,56100,d,1.0709062218666077,2,376,
129,56100,e,1.157605528831482,2,376,
129,56100,f,1.2093953490257263,2,376,
129,56100,g,1.0147932171821594,2,376,
129,56100,h,0.9620988368988037,2,376,
129,56100,i,0.9865065217018127,2,376,
129,56400,a,1.1531985998153687,2,378,
129,56400,b,1.2848559617996216,2,378,
129,56400,c,1.1267088055610657,2,378,
129,56400,d,1.0421367287635803,2,378,
129,56400,e,1.1173763275146484,2,378,
129,56400,f,1.0899022817611694,2,378,
129,56400,g,1.223044753074646,2,378,
129,56400,h,1.1490448117256165,2,378,
129,56400,i,1.0568459630012512,2,378,
129,56700,a,1.0915391445159912,2,380,
129,56700,b,1.106226921081543,2,380,
129,56700,c,1.2206255793571472,2,380,
129,56700,d,1.0454633235931396,2,380,
129,56700,e,0.9742799699306488,2,380,
129,56700,f,1.1873247027397156,2,380,
129,56700,g,1.0688814520835876,2,380,
129,56700,h,1.186378836631775,2,380,
129,56700,i,1.0906012058258057,2,380,
129,57000,a,1.1450933814048767,2,382,
129,57000,b,1.1690881848335266,2,382,
129,57000,c,1.1415306329727173,2,382,
129,57000,d,1.1808639466762543,2,382,
129,57000,e,1.0932208895683289,2,382,
129,57000,f,1.1646205186843872,2,382,
129,57000,g,1.1942238211631775,2,382,
129,57000,h,1.1242411136627197,2,382,
129,57000,i,1.0110101699829102,2,382,
129,57300,a,1.2041879892349243,2,384,
129,57300,b,1.1926799416542053,2,384,
129,57300,c,1.2150002717971802,2,384,
129,57300,d,1.155661940574646,2,384,
129,57300,e,1.1814638376235962,2,384,
129,57300,f,1.2167860865592957,2,384,
129,57300,g,1.1349027156829834,2,384,
129,57300,h,1.0146870017051697,2,384,
129,57300,i,1.057703822851181,2,384,
129,57600,a,1.0850025415420532,2,386,
129,57600,b,1.2237149477005005,2,386,
129,57600,c,1.2368922233581543,2,386,
129,57600,d,1.1028835773468018,2,386,
129,57600,e,1.139330506324768,2,386,
129,57600,f,1.050580382347107,2,386,
129,57600,g,1.0328449606895447,2,386,
129,57600,h,0.8127801716327667,2,386,
129,57600,i,0.990272045135498,2,386,
129,57900,a,1.2028902769088745,2,388,
129,57900,b,1.1043366193771362,2,388,
129,57900,c,1.1475295424461365,2,388,
129,57900,d,1.0488665103912354,2,388,
129,57900,e,1.190229058265686,2,388,
129,57900,f,1.157668650150299,2,388,
129,57900,g,1.1280765533447266,2,388,
129,57900,h,1.0380540490150452,2,388,
129,57900,i,1.0912786722183228,2,388,
129,58200,a,1.2500937581062317,2,390,
129,58200,b,1.2758190035820007,2,390,
129,58200,c,1.1883624196052551,2,390,
129,58200,d,1.070551574230194,2,390,
129,58200,e,1.1068102717399597,2,390,
129,58200,f,1.3420302271842957,2,390,
129,58200,g,1.1212541460990906,2,390,
129,58200,h,1.0555896759033203,2,390,
129,58200,i,1.0154370963573456,2,390,
129,58500,a,1.1124552488327026,2,392,
129,58500,b,1.4363582134246826,2,392,
129,58500,c,1.0811924636363983,2,392,
129,58500,d,1.104343056678772,2,392,
129,58500,e,1.1797782182693481,2,392,
129,58500,f,1.1188069581985474,2,392,
129,58500,g,1.173424780368805,2,392,
129,58500,h,0.9673291742801666,2,392,
129,58500,i,1.1270182430744171,2,392,
129,58800,a,1.0905423164367676,2,394,
129,58800,b,1.056360274553299,2,394,
129,58800,c,1.1822965145111084,2,394,
129,58800,d,1.1409330368041992,2,394,
129,58800,e,0.970528781414032,2,394,
129,58800,f,1.467911422252655,2,394,
129,58800,g,1.2776066660881042,2,394,
129,58800,h,1.1557824909687042,2,394,
129,58800,i,1.376838505268097,2,394,
129,59100,a,1.084989845752716,2,396,
129,59100,b,1.2447898387908936,2,396,
129,59100,c,1.2033308744430542,2,396,
129,59100,d,1.0400583744049072,2,396,
129,59100,e,1.0446738600730896,2,396,
129,59100,f,1.26364266872406,2,396,
129,59100,g,1.1938117742538452,2,396,
129,59100,h,0.9321531057357788,2,396,
129,59100,i,1.1499764323234558,2,396,
129,59400,a,1.0998411178588867,2,398,
129,59400,b,1.119811236858368,2,398,
129,59400,c,1.2464773654937744,2,398,
129,59400,d,1.0597715377807617,2,398,
129,59400,e,1.0264818370342255,2,398,
129,59400,f,1.21042400598526,2,398,
129,59400,g,1.2044386863708496,2,398,
129,59400,h,1.1037665903568268,2,398,
129,59400,i,1.2068692445755005,2,398,
129,59700,a,1.0500731468200684,2,400,
129,59700,b,1.220682978630066,2,400,
129,59700,c,1.1708906292915344,2,400,
129,59700,d,1.1307854056358337,2,400,
129,59700,e,1.158481240272522,2,400,
129,59700,f,1.224124789237976,2,400,
129,59700,g,1.033758968114853,2,400,
129,59700,h,1.1706451773643494,2,400,
129,59700,i,1.0370827317237854,2,400,
129,60000,a,1.0947557091712952,2,402,
129,60000,b,1.1563533544540405,2,402,
129,60000,c,1.0733239650726318,2,402,
129,60000,d,1.0833543539047241,2,402,
129,60000,e,1.2196133136749268,2,402,
129,60000,f,1.1089212894439697,2,402,
129,60000,g,1.0352651178836823,2,402,
129,60000,h,1.0518768429756165,2,402,
129,60000,i,1.0397908091545105,2,402,
129,60300,a,1.2426295280456543,2,404,
129,60300,b,1.1836491227149963,2,404,
129,60300,c,1.3600369691848755,2,404,
129,60300,d,1.0739426016807556,2,404,
129,60300,e,1.096357524394989,2,404,
129,60300,f,1.2195156812667847,2,404,
129,60300,g,1.0827267169952393,2,404,
129,60300,h,1.1762514114379883,2,404,
129,60300,i,1.1306071281433105,2,404,
129,60600,a,0.9606041312217712,2,406,
129,60600,b,1.118540644645691,2,406,
129,60600,c,1.1298275589942932,2,406,
129,60600,d,1.132739245891571,2,406,
129,60600,e,1.129584014415741,2,406,
129,60600,f,1.1736147999763489,2,406,
129,60600,g,1.2009035348892212,2,406,
129,60600,h,1.0953911542892456,2,406,
129,60600,i,1.0296761393547058,2,406,
129,60900,a,1.113628625869751,2,408,
129,60900,b,1.2710379362106323,2,408,
129,60900,c,1.0193703770637512,2,408,
129,60900,d,1.03150874376297,2,408,
129,60900,e,0.9629827737808228,2,408,
129,60900,f,1.218726634979248,2,408,
129,60900,g,1.0500469207763672,2,408,
129,60900,h,1.0545768737792969,2,408,
129,60900,i,1.1335043907165527,2,408,
129,61200,a,0.9688425064086914,2,410,
129,61200,b,1.1824910044670105,2,410,
129,61200,c,1.1567630767822266,2,410,
129,61200,d,1.0499888062477112,2,410,
129,61200,e,1.1641401052474976,2,410,
129,61200,f,1.219557762145996,2,410,
129,61200,g,1.2166858911514282,2,410,
129,61200,h,1.0168516337871552,2,410,
129,61200,i,1.138066828250885,2,410,
129,61500,a,1.1945118308067322,2,412,
129,61500,b,1.2706776857376099,2,412,
129,61500,c,1.1817225813865662,2,412,
129,61500,d,1.096151053905487,2,412,
129,61500,e,0.960802435874939,2,412,
129,61500,f,1.2419662475585938,2,412,
129,61500,g,1.1438404321670532,2,412,
129,61500,h,1.0195668935775757,2,412,
129,61500,i,1.0986353754997253,2,412,
129,61800,a,1.1543596982955933,2,414,
129,61800,b,1.0589275658130646,2,414,
129,61800,c,1.1705004572868347,2,414,
129,61800,d,1.0973431468009949,2,414,
129,61800,e,1.0111644268035889,2,414,
129,61800,f,1.3026397228240967,2,414,
129,61800,g,1.0558010339736938,2,414,
129,61800,h,1.0277913510799408,2,414,
129,61800,i,0.9735297560691833,2,414,
129,62100,a,1.1787068247795105,2,416,
129,62100,b,1.3663618564605713,2,416,
129,62100,c,1.1412065029144287,2,416,
129,62100,d,1.1856356859207153,2,416,
129,62100,e,0.9157954454421997,2,416,
129,62100,f,1.181114912033081,2,416,
129,62100,g,1.108077883720398,2,416,
129,62100,h,1.2485015988349915,2,416,
129,62100,i,1.0631712675094604,2,416,
129,62400,a,1.1526725888252258,2,418,
129,62400,b,1.113444745540619,2,418,
129,62400,c,1.0947203636169434,2,418,
129,62400,d,1.0399552583694458,2,418,
129,62400,e,1.1281528770923615,2,418,
129,62400,f,1.114289104938507,2,418,
129,62400,g,1.1505333185195923,2,418,
129,62400,h,1.103454351425171,2,418,
129,62400,i,1.02871435880661,2,418,
129,62700,a,1.1473793387413025,2,420,
129,62700,b,1.1489057540893555,2,420,
129,62700,c,1.0949026048183441,2,420,
129,62700,d,1.0625291466712952,2,420,
129,62700,e,1.1187849938869476,2,420,
129,62700,f,1.2363337278366089,2,420,
129,62700,g,1.0343738198280334,2,420,
129,62700,h,1.0026344656944275,2,420,
129,62700,i,1.044154703617096,2,420,
129,63000,a,0.9184837639331818,2,422,
129,63000,b,1.234526515007019,2,422,
129,63000,c,1.1668241024017334,2,422,
129,63000,d,1.0090551376342773,2,422,
129,63000,e,0.9895484149456024,2,422,
129,63000,f,1.1297795176506042,2,422,
129,63000,g,1.2198129892349243,2,422,
129,63000,h,1.062318742275238,2,422,
129,63000,i,1.0369649529457092,2,422,
129,63300,a,1.1511498093605042,2,424,
129,63300,b,1.215366244316101,2,424,
129,63300,c,1.0698816776275635,2,424,
129,63300,d,1.05204176902771,2,424,
129,63300,e,1.0046445727348328,2,424,
129,63300,f,1.2615819573402405,2,424,
129,63300,g,1.0431692898273468,2,424,
129,63300,h,0.9985737502574921,2,424,
129,63300,i,0.9968853890895844,2,424,
129,63600,a,1.1886005401611328,2,426,
129,63600,b,1.015146166086197,2,426,
129,63600,c,1.1807639002799988,2,426,
129,63600,d,1.0605623722076416,2,426,
129,63600,e,1.2678638696670532,2,426,
129,63600,f,0.9056423902511597,2,426,
129,63600,g,1.093449890613556,2,426,
129,63600,h,1.0228381156921387,2,426,
129,63600,i,0.961353063583374,2,426,
129,63900,a,1.1796672344207764,2,428,
129,63900,b,1.0386960804462433,2,428,
129,63900,c,1.1729688048362732,2,428,
129,63900,d,1.0301939845085144,2,428,
129,63900,e,1.0887048244476318,2,428,
129,63900,f,1.1839630603790283,2,428,
129,63900,g,1.2489696145057678,2,428,
129,63900,h,1.0870442986488342,2,428,
129,63900,i,1.0892703533172607,2,428,
129,64200,a,1.0053671598434448,2,430,
129,64200,b,1.2385614514350891,2,430,
129,64200,c,1.1080750226974487,2,430,
129,64200,d,1.000784993171692,2,430,
129,64200,e,1.259332001209259,2,430,
129,64200,f,1.0506224632263184,2,430,
129,64200,g,1.040347695350647,2,430,
129,64200,h,0.9865498840808868,2,430,
129,64200,i,1.0376216173171997,2,430,
129,64500,a,1.1382922530174255,2,432,
129,64500,b,1.132673442363739,2,432,
129,64500,c,1.314442217350006,2,432,
129,64500,d,1.1362012922763824,2,432,
129,64500,e,1.1990089416503906,2,432,
129,64500,f,1.1800466775894165,2,432,
129,64500,g,0.9937326312065125,2,432,
129,64500,h,1.0793322324752808,2,432,
129,64500,i,0.9707193970680237,2,432,
129,64800,a,1.1328354477882385,2,434,
129,64800,b,0.9239604771137238,2,434,
129,64800,c,1.0594807863235474,2,434,
129,64800,d,1.095789909362793,2,434,
129,64800,e,1.0728758573532104,2,434,
129,64800,f,1.2281286120414734,2,434,
129,64800,g,1.0559860467910767,2,434,
129,64800,h,1.0140413045883179,2,434,
129,64800,i,1.145633041858673,2,434,
129,65100,a,1.3818215131759644,2,436,
129,65100,b,1.1650322675704956,2,436,
129,65100,c,1.0360459983348846,2,436,
129,65100,d,1.0141995251178741,2,436,
129,65100,e,1.0392579436302185,2,436,
129,65100,f,1.0724202990531921,2,436,
129,65100,g,1.2682915925979614,2,436,
129,65100,h,1.0452117919921875,2,436,
129,65100,i,0.991516649723053,2,436,
129,65400,a,1.1075364649295807,2,438,
129,65400,b,1.131615698337555,2,438,
129,65400,c,1.2045589089393616,2,438,
129,65400,d,0.9683414697647095,2,438,
129,65400,e,0.8364734053611755,2,438,
129,65400,f,1.0397668480873108,2,438,
129,65400,g,0.9807596802711487,2,438,
129,65400,h,1.091172993183136,2,438,
129,65400,i,1.081882357597351,2,438,
129,65700,a,1.145154595375061,2,440,
129,65700,b,1.154910683631897,2,440,
129,65700,c,1.0645347237586975,2,440,
129,65700,d,0.9626988768577576,2,440,
129,65700,e,1.0326088070869446,2,440,
129,65700,f,1.2047857642173767,2,440,
129,65700,g,1.1586801409721375,2,440,
129,65700,h,1.245441734790802,2,440,
129,65700,i,1.0589327216148376,2,440,
129,66000,a,1.145057737827301,2,442,
129,66000,b,0.9851199984550476,2,442,
129,66000,c,1.2243462800979614,2,442,
129,66000,d,1.1316808462142944,2,442,
129,66000,e,1.0276973247528076,2,442,
129,66000,f,1.251656711101532,2,442,
129,66000,g,0.9737580716609955,2,442,
129,66000,h,1.0899417996406555,2,442,
129,66000,i,1.0560026168823242,2,442,
129,66300,a,1.0705804824829102,2,444,
129,66300,b,1.2275096774101257,2,444,
129,66300,c,1.18452650308609,2,444,
129,66300,d,1.2079099416732788,2,444,
129,66300,e,0.9654127359390259,2,444,
129,66300,f,0.8511772155761719,2,444,
129,66300,g,1.1581385731697083,2,444,
129,66300,h,0.9157607555389404,2,444,
129,66300,i,1.0424655079841614,2,444,
129,66600,a,0.9072905778884888,2,446,
129,66600,b,1.1789882481098175,2,446,
129,66600,c,1.2772091627120972,2,446,
129,66600,d,1.0378594398498535,2,446,
129,66600,e,1.1003842949867249,2,446,
129,66600,f,1.0784055292606354,2,446,
129,66600,g,1.1129274368286133,2,446,
129,66600,h,1.0025554299354553,2,446,
129,66600,i,1.0969539284706116,2,446,
129,66900,a,1.109582245349884,2,448,
129,66900,b,1.1137681603431702,2,448,
129,66900,c,1.3889796137809753,2,448,
129,66900,d,1.1097297668457031,2,448,
129,66900,e,1.0927454829216003,2,448,
129,66900,f,1.2608702182769775,2,448,
129,66900,g,1.0492588579654694,2,448,
129,66900,h,0.938077300786972,2,448,
129,66900,i,0.9874703884124756,2,448,
129,67200,a,1.0173909068107605,2,450,
129,67200,b,1.0909062027931213,2,450,
129,67200,c,1.0447259843349457,2,450,
129,67200,d,0.9615206122398376,2,450,
129,67200,e,1.1520441770553589,2,450,
129,67200,f,1.2712557911872864,2,450,
129,67200,g,1.2007967829704285,2,450,
129,67200,h,0.9335748851299286,2,450,
129,67200,i,0.8769412040710449,2,450,
129,67500,a,1.2338410019874573,2,452,
129,67500,b,1.090014934539795,2,452,
129,67500,c,1.1483377814292908,2,452,
129,67500,d,1.0713209509849548,2,452,
129,67500,e,1.3408782482147217,2,452,
129,67500,f,1.2323119640350342,2,452,
129,67500,g,1.2582432627677917,2,452,
129,67500,h,1.0551267862319946,2,452,
129,67500,i,1.144635796546936,2,452,
129,67800,a,1.0818478465080261,2,454,
129,67800,b,1.0258542895317078,2,454,
129,67800,c,1.0370875000953674,2,454,
129,67800,d,0.9220862686634064,2,454,
129,67800,e,1.074436366558075,2,454,
129,67800,f,1.0687838792800903,2,454,
129,67800,g,1.120276540517807,2,454,
129,67800,h,1.0467729568481445,2,454,
129,67800,i,1.0281558632850647,2,454,
129,68100,a,1.107875645160675,2,456,
129,68100,b,1.0568183660507202,2,456,
129,68100,c,1.0727040767669678,2,456,
129,68100,d,1.138445258140564,2,456,
129,68100,e,1.0863398909568787,2,456,
129,68100,f,0.8975492715835571,2,456,
129,68100,g,1.1880369186401367,2,456,
129,68100,h,0.9481998682022095,2,456,
129,68100,i,1.1073964834213257,2,456,
129,68400,a,0.9772996306419373,2,458,
129,68400,b,0.9800798296928406,2,458,
129,68400,c,1.0800046920776367,2,458,
129,68400,d,1.0213496088981628,2,458,
129,68400,e,1.0259473025798798,2,458,
129,68400,f,1.0364121198654175,2,458,
129,68400,g,1.0382991135120392,2,458,
129,68400,h,0.9700865149497986,2,458,
129,68400,i,0.9536213576793671,2,458,
129,68700,a,1.0618401765823364,2,460,
129,68700,b,1.064873367547989,2,460,
129,68700,c,1.1112226247787476,2,460,
129,68700,d,1.0335233807563782,2,460,
129,68700,e,1.1900559663772583,2,460,
129,68700,f,1.035659283399582,2,460,
129,68700,g,1.142577588558197,2,460,
129,68700,h,0.9687048196792603,2,460,
129,68700,i,1.0762953758239746,2,460,
129,69000,a,0.9851997494697571,2,462,
129,69000,b,0.9855693280696869,2,462,
129,69000,c,1.172319233417511,2,462,
129,69000,d,1.0199675559997559,2,462,
129,69000,e,1.1082182228565216,2,462,
129,69000,f,1.248405635356903,2,462,
129,69000,g,1.1533070802688599,2,462,
129,69000,h,0.968658983707428,2,462,
129,69000,i,1.1927126049995422,2,462,
129,69300,a,0.9552139639854431,2,464,
129,69300,b,0.9790332317352295,2,464,
129,69300,c,0.9030081331729889,2,464,
129,69300,d,0.9557472765445709,2,464,
129,69300,e,0.9617145359516144,2,464,
129,69300,f,1.073024868965149,2,464,
129,69300,g,1.1116504073143005,2,464,
129,69300,h,0.9879218935966492,2,464,
129,69300,i,1.0268936157226562,2,464,
129,69600,a,1.0476683378219604,2,466,
129,69600,b,0.9724903106689453,2,466,
129,69600,c,1.0199703574180603,2,466,
129,69600,d,1.1424033641815186,2,466,
129,69600,e,1.2115121483802795,2,466,
129,69600,f,1.1599581241607666,2,466,
129,69600,g,1.1268434524536133,2,466,
129,69600,h,1.156980037689209,2,466,
129,69600,i,1.045877456665039,2,466,
129,69900,a,0.9559037387371063,2,468,
129,69900,b,1.0140247344970703,2,468,
129,69900,c,1.0095140933990479,2,468,
129,69900,d,1.0726633071899414,2,468,
129,69900,e,0.9064653515815735,2,468,
129,69900,f,1.0337589979171753,2,468,
129,69900,g,1.0179342031478882,2,468,
129,69900,h,0.9184087514877319,2,468,
129,69900,i,0.9707076549530029,2,468,
129,70200,a,1.1343708038330078,2,470,
129,70200,b,1.058493196964264,2,470,
129,70200,c,1.17786306142807,2,470,
129,70200,d,0.9834440350532532,2,470,
129,70200,e,1.10602605342865,2,470,
129,70200,f,1.0769736766815186,2,470,
129,70200,g,1.1454880833625793,2,470,
129,70200,h,0.927344024181366,2,470,
129,70200,i,1.000710517168045,2,470,
129,70500,a,0.977725476026535,2,472,
129,70500,b,0.8322136402130127,2,472,
129,70500,c,1.0845378041267395,2,472,
129,70500,d,0.9974083006381989,2,472,
129,70500,e,0.8637631237506866,2,472,
129,70500,f,0.9900287091732025,2,472,
129,70500,g,1.178357720375061,2,472,
129,70500,h,1.1172932982444763,2,472,
129,70500,i,0.9046927988529205,2,472,
129,70800,a,0.9334560036659241,2,474,
129,70800,b,0.844732403755188,2,474,
129,70800,c,1.1230798363685608,2,474,
129,70800,d,1.0016475915908813,2,474,
129,70800,e,1.3030089735984802,2,474,
129,70800,f,1.1797048449516296,2,474,
129,70800,g,1.1390348076820374,2,474,
129,70800,h,0.9232122004032135,2,474,
129,70800,i,0.8709133863449097,2,474,
129,71100,a,1.014135479927063,2,476,
129,71100,b,1.0942798256874084,2,476,
129,71100,c,1.330455720424652,2,476,
129,71100,d,1.018427163362503,2,476,
129,71100,e,1.2373324632644653,2,476,
129,71100,f,0.9940380752086639,2,476,
129,71100,g,1.1330312490463257,2,476,
129,71100,h,0.9734590351581573,2,476,
129,71100,i,0.899634599685669,2,476,
129,71400,a,1.0927597284317017,2,478,
129,71400,b,1.0551602840423584,2,478,
129,71400,c,1.1389289498329163,2,478,
129,71400,d,1.1482305526733398,2,478,
129,71400,e,1.108767569065094,2,478,
129,71400,f,1.1410635113716125,2,478,
129,71400,g,1.0056719779968262,2,478,
129,71400,h,0.9720218479633331,2,478,
129,71400,i,1.0407918095588684,2,478,
129,71700,a,0.9562767744064331,2,480,
129,71700,b,1.1614511609077454,2,480,
129,71700,c,1.17570960521698,2,480,
129,71700,d,1.1202421188354492,2,480,
129,71700,e,1.1541895866394043,2,480,
129,71700,f,1.093396633863449,2,480,
129,71700,g,0.9821048080921173,2,480,
129,71700,h,0.7804825603961945,2,480,
129,71700,i,1.0727071166038513,2,480,
129,72000,a,1.282845914363861,2,482,
129,72000,b,1.089097499847412,2,482,
129,72000,c,1.070936918258667,2,482,
129,72000,d,0.868781328201294,2,482,
129,72000,e,1.1511289477348328,2,482,
129,72000,f,1.0021653175354004,2,482,
129,72000,g,1.008531391620636,2,482,
129,72000,h,1.0301087200641632,2,482,
129,72000,i,1.0541280508041382,2,482,
129,72300,a,1.0337376594543457,2,484,
129,72300,b,0.979675829410553,2,484,
129,72300,c,1.0677875876426697,2,484,
129,72300,d,0.9410813450813293,2,484,
129,72300,e,0.9386059641838074,2,484,
129,72300,f,1.1013153791427612,2,484,
129,72300,g,1.1543980240821838,2,484,
129,72300,h,1.0266506969928741,2,484,
129,72300,i,1.039756715297699,2,484,
129,72600,a,1.0974543690681458,2,486,
129,72600,b,0.9788109660148621,2,486,
129,72600,c,1.2949891090393066,2,486,
129,72600,d,1.127991795539856,2,486,
129,72600,e,1.2774215340614319,2,486,
129,72600,f,1.1396443843841553,2,486,
129,72600,g,1.080397605895996,2,486,
129,72600,h,0.9724124073982239,2,486,
129,72600,i,0.9874697029590607,2,486,
129,72900,a,1.0206759572029114,2,488,
129,72900,b,0.7885962128639221,2,488,
129,72900,c,1.105477213859558,2,488,
129,72900,d,1.0111767649650574,2,488,
129,72900,e,1.046689510345459,2,488,
129,72900,f,1.151692807674408,2,488,
129,72900,g,1.0902190506458282,2,488,
129,72900,h,1.0329543054103851,2,488,
129,72900,i,0.9865516722202301,2,488,
129,73200,a,1.121930480003357,2,490,
129,73200,b,1.0381407737731934,2,490,
129,73200,c,0.9885136783123016,2,490,
129,73200,d,1.236337661743164,2,490,
129,73200,e,0.961762011051178,2,490,
129,73200,f,1.117916226387024,2,490,
129,73200,g,1.0441699028015137,2,490,
129,73200,h,0.8382755517959595,2,490,
129,73200,i,1.1870628595352173,2,490,
129,73500,a,1.0554865002632141,2,492,
129,73500,b,1.3907181024551392,2,492,
129,73500,c,0.9346773326396942,2,492,
129,73500,d,1.024305284023285,2,492,
129,73500,e,1.0081707239151,2,492,
129,73500,f,1.19343763589859,2,492,
129,73500,g,1.0037721395492554,2,492,
129,73500,h,0.8931204676628113,2,492,
129,73500,i,1.0288753807544708,2,492,
129,73800,a,0.9827675521373749,2,494,
129,73800,b,1.0376446545124054,2,494,
129,73800,c,1.1368513107299805,2,494,
129,73800,d,1.0866255164146423,2,494,
129,73800,e,0.8837530016899109,2,494,
129,73800,f,0.9534075856208801,2,494,
129,73800,g,1.0436246395111084,2,494,
129,73800,h,0.7904312908649445,2,494,
129,73800,i,1.0047404170036316,2,494,
129,74100,a,1.0139923691749573,2,496,
129,74100,b,1.1896463632583618,2,496,
129,74100,c,1.0949650704860687,2,496,
129,74100,d,1.2113721370697021,2,496,
129,74100,e,0.8631854057312012,2,496,
129,74100,f,0.9383541345596313,2,496,
129,74100,g,0.9527990221977234,2,496,
129,74100,h,1.086210548877716,2,496,
129,74100,i,0.9007540047168732,2,496,
129,74400,a,0.9267246723175049,2,498,
129,74400,b,1.1452121138572693,2,498,
129,74400,c,1.2676759958267212,2,498,
129,74400,d,0.9275555610656738,2,498,
129,74400,e,0.9712693691253662,2,498,
129,74400,f,1.0162347257137299,2,498,
129,74400,g,1.0848397016525269,2,498,
129,74400,h,1.1201203167438507,2,498,
129,74400,i,1.0133754909038544,2,498,
129,74700,a,0.9793553352355957,2,500,
129,74700,b,0.8810093700885773,2,500,
129,74700,c,1.2410011291503906,2,500,
129,74700,d,0.9624630808830261,2,500,
129,74700,e,1.134485900402069,2,500,
129,74700,f,1.1221542358398438,2,500,
129,74700,g,1.1355537176132202,2,500,
129,74700,h,0.9150264859199524,2,500,
129,74700,i,0.9766591489315033,2,500,
129,75000,a,0.9755943119525909,2,502,
129,75000,b,1.1170404553413391,2,502,
129,75000,c,1.0560505390167236,2,502,
129,75000,d,1.1210273504257202,2,502,
129,75000,e,0.9616832137107849,2,502,
129,75000,f,0.8673146963119507,2,502,
129,75000,g,1.013217568397522,2,502,
129,75000,h,0.6958630084991455,2,502,
129,75000,i,0.9493074417114258,2,502,
129,75300,a,0.9292110204696655,2,504,
129,75300,b,0.9974633455276489,2,504,
129,75300,c,1.0954091548919678,2,504,
129,75300,d,0.8147699534893036,2,504,
129,75300,e,1.0300620198249817,2,504,
129,75300,f,1.204600751399994,2,504,
129,75300,g,1.024186134338379,2,504,
129,75300,h,1.108367770910263,2,504,
129,75300,i,1.0127443075180054,2,504,
129,75600,a,1.0019310414791107,2,506,
129,75600,b,1.3167807459831238,2,506,
129,75600,c,1.0712323784828186,2,506,
129,75600,d,0.8964907824993134,2,506,
129,75600,e,0.9321900904178619,2,506,
129,75600,f,1.0780274271965027,2,506,
129,75600,g,1.0900163054466248,2,506,
129,75600,h,1.0810537934303284,2,506,
129,75600,i,1.1157262921333313,2,506,
129,75900,a,0.9337582588195801,2,508,
129,75900,b,1.0224092602729797,2,508,
129,75900,c,1.2581481337547302,2,508,
129,75900,d,1.0266143679618835,2,508,
129,75900,e,0.947048544883728,2,508,
129,75900,f,1.171949028968811,2,508,
129,75900,g,1.2692039608955383,2,508,
129,75900,h,0.9771996140480042,2,508,
129,75900,i,0.8592900931835175,2,508,
129,76200,a,1.1236088871955872,2,510,
129,76200,b,1.142365038394928,2,510,
129,76200,c,1.0713493824005127,2,510,
129,76200,d,1.0018842220306396,2,510,
129,76200,e,0.9723725914955139,2,510,
129,76200,f,0.9390488266944885,2,510,
129,76200,g,0.9473158121109009,2,510,
129,76200,h,0.8766488134860992,2,510,
129,76200,i,0.969212681055069,2,510,
129,76500,a,0.9344741404056549,2,512,
129,76500,b,0.9869841933250427,2,512,
129,76500,c,1.186227262020111,2,512,
129,76500,d,0.9658696353435516,2,512,
129,76500,e,1.052152931690216,2,512,
129,76500,f,1.2249794006347656,2,512,
129,76500,g,1.1360902190208435,2,512,
129,76500,h,1.115427553653717,2,512,
129,76500,i,1.0104407668113708,2,512,
129,76800,a,1.1230641305446625,2,514,
129,76800,b,1.0853087902069092,2,514,
129,76800,c,1.0406103134155273,2,514,
129,76800,d,1.0041298270225525,2,514,
129,76800,e,0.916907548904419,2,514,
129,76800,f,0.9190647006034851,2,514,
129,76800,g,0.9779816269874573,2,514,
129,76800,h,0.9354293942451477,2,514,
129,76800,i,0.9358108341693878,2,514,
129,77100,a,1.3085485696792603,2,516,
129,77100,b,1.1006959676742554,2,516,
129,77100,c,1.0236349701881409,2,516,
129,77100,d,1.0509382486343384,2,516,
129,77100,e,0.8335788547992706,2,516,
129,77100,f,1.0911570191383362,2,516,
129,77100,g,1.0222514271736145,2,516,
129,77100,h,0.819798082113266,2,516,
129,77100,i,0.9741640985012054,2,516,
129,77400,a,1.025473713874817,2,518,
129,77400,b,1.003518432378769,2,518,
129,77400,c,1.0471366941928864,2,518,
129,77400,d,1.1311050057411194,2,518,
129,77400,e,1.0556913614273071,2,518,
129,77400,f,1.0342276692390442,2,518,
129,77400,g,1.0667438507080078,2,518,
129,77400,h,0.897005021572113,2,518,
129,77400,i,0.9967165589332581,2,518,
129,77700,a,1.12364000082016,2,520,
129,77700,b,1.125022053718567,2,520,
129,77700,c,0.9705324172973633,2,520,
129,77700,d,0.9529125690460205,2,520,
129,77700,e,0.9712478518486023,2,520,
129,77700,f,1.0102881789207458,2,520,
129,77700,g,1.0387842059135437,2,520,
129,77700,h,0.8821280598640442,2,520,
129,77700,i,1.0177389979362488,2,520,
129,78000,a,1.1221855878829956,2,522,
129,78000,b,0.9243958294391632,2,522,
129,78000,c,1.0315060317516327,2,522,
129,78000,d,0.8387019038200378,2,522,
129,78000,e,0.9389857649803162,2,522,
129,78000,f,0.9904511570930481,2,522,
129,78000,g,0.808910608291626,2,522,
129,78000,h,0.9474300742149353,2,522,
129,78000,i,0.8255602121353149,2,522,
129,78300,a,1.0416403114795685,2,524,
129,78300,b,1.051055371761322,2,524,
129,78300,c,1.0946576595306396,2,524,
129,78300,d,0.9146156013011932,2,524,
129,78300,e,1.156256914138794,2,524,
129,78300,f,1.1147821247577667,2,524,
129,78300,g,0.998718798160553,2,524,
129,78300,h,0.9299072623252869,2,524,
129,78300,i,0.9975591897964478,2,524,
129,78600,a,0.9738549292087555,2,526,
129,78600,b,0.8827150464057922,2,526,
129,78600,c,1.15552818775177,2,526,
129,78600,d,0.9817788898944855,2,526,
129,78600,e,0.9126726984977722,2,526,
129,78600,f,0.9028552174568176,2,526,
129,78600,g,1.0224864482879639,2,526,
129,78600,h,1.00387704372406,2,526,
129,78600,i,0.9305860102176666,2,526,
129,78900,a,1.1742465496063232,2,528,
129,78900,b,0.9610233902931213,2,528,
129,78900,c,1.443640410900116,2,528,
129,78900,d,1.017745167016983,2,528,
129,78900,e,0.9167897403240204,2,528,
129,78900,f,0.9186457097530365,2,528,
129,78900,g,1.2955204248428345,2,528,
129,78900,h,0.8285589814186096,2,528,
129,78900,i,0.9545788466930389,2,528,
129,79200,a,0.9467199742794037,2,530,
129,79200,b,1.1575079560279846,2,530,
129,79200,c,1.2308326959609985,2,530,
129,79200,d,0.8932861983776093,2,530,
129,79200,e,0.9046682119369507,2,530,
129,79200,f,1.0640811324119568,2,530,
129,79200,g,1.2312701344490051,2,530,
129,79200,h,0.9478951692581177,2,530,
129,79200,i,0.7521429061889648,2,530,
129,79500,a,1.0691384077072144,2,532,
129,79500,b,0.9318355917930603,2,532,
129,79500,c,0.8796027302742004,2,532,
129,79500,d,0.9128783345222473,2,532,
129,79500,e,1.0492827892303467,2,532,
129,79500,f,1.0351412296295166,2,532,
129,79500,g,0.9104894697666168,2,532,
129,79500,h,1.0222605764865875,2,532,
129,79500,i,0.872649073600769,2,532,
129,79800,a,0.8413827419281006,2,534,
129,79800,b,1.152877002954483,2,534,
129,79800,c,1.0328767001628876,2,534,
129,79800,d,1.0214676260948181,2,534,
129,79800,e,0.7843934297561646,2,534,
129,79800,f,0.9715369045734406,2,534,
129,79800,g,0.9175918102264404,2,534,
129,79800,h,0.9031868875026703,2,534,
129,79800,i,0.8347843289375305,2,534,
129,80100,a,1.0270158052444458,2,536,
129,80100,b,1.3340824246406555,2,536,
129,80100,c,1.0608993768692017,2,536,
129,80100,d,1.0085937082767487,2,536,
129,80100,e,0.9281211793422699,2,536,
129,80100,f,1.1983078718185425,2,536,
129,80100,g,1.1210059225559235,2,536,
129,80100,h,1.1960140466690063,2,536,
129,80100,i,0.9134080708026886,2,536,
129,80400,a,1.0815024375915527,2,538,
129,80400,b,0.9008080959320068,2,538,
129,80400,c,0.9769808351993561,2,538,
129,80400,d,0.9996815025806427,2,538,
129,80400,e,0.9432109296321869,2,538,
129,80400,f,1.2433071732521057,2,538,
129,80400,g,1.186851143836975,2,538,
129,80400,h,0.9813023209571838,2,538,
129,80400,i,0.9680970907211304,2,538,
129,80700,a,1.0209646224975586,2,540,
129,80700,b,1.2009642720222473,2,540,
129,80700,c,1.300408959388733,2,540,
129,80700,d,0.9268084168434143,2,540,
129,80700,e,1.144194781780243,2,540,
129,80700,f,1.050783097743988,2,540,
129,80700,g,1.0272765159606934,2,540,
129,80700,h,0.7776747345924377,2,540,
129,80700,i,0.8943559229373932,2,540,
129,81000,a,1.1417125463485718,2,542,
129,81000,b,1.1595290303230286,2,542,
129,81000,c,1.1356008052825928,2,542,
129,81000,d,0.9292948842048645,2,542,
129,81000,e,1.0244892537593842,2,542,
129,81000,f,1.1379899978637695,2,542,
129,81000,g,0.8951353430747986,2,542,
129,81000,h,1.0013127326965332,2,542,
129,81000,i,0.7190514802932739,2,542,
129,81300,a,1.0225226879119873,2,544,
129,81300,b,1.072036325931549,2,544,
129,81300,c,1.0344383120536804,2,544,
129,81300,d,0.9111135005950928,2,544,
129,81300,e,0.9558531045913696,2,544,
129,81300,f,0.9134141504764557,2,544,
129,81300,g,1.3959683179855347,2,544,
129,81300,h,1.0178792476654053,2,544,
129,81300,i,0.938724160194397,2,544,
129,81600,a,0.9816170334815979,2,546,
129,81600,b,0.9912896752357483,2,546,
129,81600,c,1.0377979278564453,2,546,
129,81600,d,1.0426532626152039,2,546,
129,81600,e,0.8469921946525574,2,546,
129,81600,f,1.131826400756836,2,546,
129,81600,g,1.0690281391143799,2,546,
129,81600,h,0.8894084692001343,2,546,
129,81600,i,0.8789588809013367,2,546,
129,81900,a,1.0746976733207703,2,548,
129,81900,b,0.8589152097702026,2,548,
129,81900,c,0.8994205594062805,2,548,
129,81900,d,0.9646609127521515,2,548,
129,81900,e,0.7475987076759338,2,548,
129,81900,f,1.0409520864486694,2,548,
129,81900,g,1.295819729566574,2,548,
129,81900,h,0.9608478546142578,2,548,
129,81900,i,0.9949808418750763,2,548,
129,82200,a,0.8747695088386536,2,550,
129,82200,b,1.0951118469238281,2,550,
129,82200,c,1.1160417199134827,2,550,
129,82200,d,0.9615622758865356,2,550,
129,82200,e,0.8781238496303558,2,550,
129,82200,f,0.8584792017936707,2,550,
129,82200,g,1.1734645068645477,2,550,
129,82200,h,0.9217493534088135,2,550,
129,82200,i,0.9786158800125122,2,550,
129,82500,a,1.0381593108177185,2,552,
129,82500,b,1.2699691653251648,2,552,
129,82500,c,0.9811530113220215,2,552,
129,82500,d,0.8283367156982422,2,552,
129,82500,e,1.0631913542747498,2,552,
129,82500,f,1.000099390745163,2,552,
129,82500,g,1.0414519906044006,2,552,
129,82500,h,0.9500776827335358,2,552,
129,82500,i,0.926444798707962,2,552,
129,82800,a,0.9910503625869751,2,554,
129,82800,b,1.1378902792930603,2,554,
129,82800,c,1.1051539778709412,2,554,
129,82800,d,0.9036851525306702,2,554,
129,82800,e,0.9370005428791046,2,554,
129,82800,f,1.214098334312439,2,554,
129,82800,g,1.0470985174179077,2,554,
129,82800,h,1.0414538383483887,2,554,
129,82800,i,0.9168267846107483,2,554,
129,83100,a,0.9702536761760712,2,556,
129,83100,b,1.0431210100650787,2,556,
129,83100,c,1.0820937156677246,2,556,
129,83100,d,1.022325873374939,2,556,
129,83100,e,0.9052431881427765,2,556,
129,83100,f,1.3211608529090881,2,556,
129,83100,g,1.1155176162719727,2,556,
129,83100,h,0.8879070281982422,2,556,
129,83100,i,0.961997777223587,2,556,
129,83400,a,1.0278072357177734,2,558,
129,83400,b,0.9290547668933868,2,558,
129,83400,c,1.1327697038650513,2,558,
129,83400,d,0.938206285238266,2,558,
129,83400,e,0.9083545207977295,2,558,
129,83400,f,1.104261577129364,2,558,
129,83400,g,0.9058004915714264,2,558,
129,83400,h,0.8731555342674255,2,558,
129,83400,i,0.8735779821872711,2,558,
129,83700,a,1.1616159677505493,2,560,
129,83700,b,1.0414260923862457,2,560,
129,83700,c,1.1144708395004272,2,560,
129,83700,d,0.9140794277191162,2,560,
129,83700,e,0.9485136568546295,2,560,
129,83700,f,0.9454323947429657,2,560,
129,83700,g,1.0244766473770142,2,560,
129,83700,h,0.8970554172992706,2,560,
129,83700,i,1.0909410119056702,2,560,
129,84000,a,0.901818573474884,2,562,
129,84000,b,1.0046818554401398,2,562,
129,84000,c,1.2446182370185852,2,562,
129,84000,d,0.9700226187705994,2,562,
129,84000,e,0.9800562858581543,2,562,
129,84000,f,0.9262443482875824,2,562,
129,84000,g,0.9617515802383423,2,562,
129,84000,h,0.8058494031429291,2,562,
129,84000,i,0.9481161236763,2,562,
129,84300,a,1.103712022304535,2,564,
129,84300,b,0.9543101787567139,2,564,
129,84300,c,0.9357399940490723,2,564,
129,84300,d,0.9226619899272919,2,564,
129,84300,e,0.9503874182701111,2,564,
129,84300,f,0.9265366196632385,2,564,
129,84300,g,0.9854911267757416,2,564,
129,84300,h,1.1156505942344666,2,564,
129,84300,i,0.8350968360900879,2,564,
129,84600,a,0.9779800176620483,2,566,
129,84600,b,1.0229997634887695,2,566,
129,84600,c,1.2083832621574402,2,566,
129,84600,d,0.9105781018733978,2,566,
129,84600,e,0.8440388441085815,2,566,
129,84600,f,0.8525133728981018,2,566,
129,84600,g,0.9749009013175964,2,566,
129,84600,h,1.0743680596351624,2,566,
129,84600,i,1.1008684039115906,2,566,
129,84900,a,0.9955479502677917,2,568,
129,84900,b,0.9293556213378906,2,568,
129,84900,c,1.2285694479942322,2,568,
129,84900,d,0.7843197882175446,2,568,
129,84900,e,0.8102142512798309,2,568,
129,84900,f,0.9998827576637268,2,568,
129,84900,g,1.0662824511528015,2,568,
129,84900,h,0.9150299727916718,2,568,
129,84900,i,0.9973814189434052,2,568,
129,85200,a,0.9916821718215942,2,570,
129,85200,b,1.0141685009002686,2,570,
129,85200,c,0.8999093472957611,2,570,
129,85200,d,0.9241384565830231,2,570,
129,85200,e,0.89702308177948,2,570,
129,85200,f,0.9895637035369873,2,570,
129,85200,g,1.1315953731536865,2,570,
129,85200,h,1.0998262166976929,2,570,
129,85200,i,0.9036380052566528,2,570,
129,85500,a,0.9660604596138,2,572,
129,85500,b,0.9084602296352386,2,572,
129,85500,c,1.0923957228660583,2,572,
129,85500,d,0.9423176348209381,2,572,
129,85500,e,0.7642687559127808,2,572,
129,85500,f,1.0747069716453552,2,572,
129,85500,g,1.0832417905330658,2,572,
129,85500,h,1.144590675830841,2,572,
129,85500,i,0.8421845436096191,2,572,
129,85800,a,1.0823644399642944,2,574,
129,85800,b,1.0077959299087524,2,574,
129,85800,c,0.9509602785110474,2,574,
129,85800,d,0.9515859186649323,2,574,
129,85800,e,0.7741024494171143,2,574,
129,85800,f,1.0858293771743774,2,574,
129,85800,g,0.9589217901229858,2,574,
129,85800,h,0.8715812563896179,2,574,
129,85800,i,0.9284651279449463,2,574,
129,86100,a,1.1049652695655823,2,576,
129,86100,b,0.8935543298721313,2,576,
129,86100,c,0.9224069118499756,2,576,
129,86100,d,0.9281516075134277,2,576,
129,86100,e,0.9799497723579407,2,576,
129,86100,f,1.0143966674804688,2,576,
129,86100,g,1.091101586818695,2,576,
129,86100,h,0.9876979291439056,2,576,
129,86100,i,1.0186594724655151,2,576,
129,86400,a,1.022528052330017,2,578,
129,86400,b,0.9896574318408966,2,578,
129,86400,c,1.072876214981079,2,578,
129,86400,d,0.9844150543212891,2,578,
129,86400,e,0.8800356388092041,2,578,
129,86400,f,0.8996663391590118,2,578,
129,86400,g,0.8265147507190704,2,578,
129,86400,h,0.9289613962173462,2,578,
129,86400,i,0.8685790300369263,2,578,
56,0,a,1.8003033995628357,2,2,
56,0,b,1.7942249774932861,2,2,
56,0,c,1.792425274848938,2,2,
56,0,d,1.8421494960784912,2,2,
56,0,e,1.8766666054725647,2,2,
56,0,f,1.8052610158920288,2,2,
56,0,g,1.8635262250900269,2,2,
56,0,h,1.7947579622268677,2,2,
56,0,i,1.7944257855415344,2,2,
56,300,a,1.8306113481521606,2,4,
56,300,b,1.796837329864502,2,4,
56,300,c,1.772750198841095,2,4,
56,300,d,1.8489386439323425,2,4,
56,300,e,1.8062168955802917,2,4,
56,300,f,1.8435215950012207,2,4,
56,300,g,1.8256118297576904,2,4,
56,300,h,1.7994105815887451,2,4,
56,300,i,1.824390709400177,2,4,
56,600,a,1.8171057105064392,2,6,
56,600,b,1.8534011840820312,2,6,
56,600,c,1.8551512956619263,2,6,
56,600,d,1.8442113399505615,2,6,
56,600,e,1.8053871393203735,2,6,
56,600,f,1.8540561199188232,2,6,
56,600,g,1.880603015422821,2,6,
56,600,h,1.7587542533874512,2,6,
56,600,i,1.763163447380066,2,6,
56,900,a,1.796722173690796,2,8,
56,900,b,1.824993371963501,2,8,
56,900,c,1.841288447380066,2,8,
56,900,d,1.7549983263015747,2,8,
56,900,e,1.8226056694984436,2,8,
56,900,f,1.825549066066742,2,8,
56,900,g,1.7829407453536987,2,8,
56,900,h,1.7747188806533813,2,8,
56,900,i,1.7919389009475708,2,8,
56,1200,a,1.8257770538330078,2,10,
56,1200,b,1.7907317876815796,2,10,
56,1200,c,1.804256796836853,2,10,
56,1200,d,1.8140637874603271,2,10,
56,1200,e,1.8105230331420898,2,10,
56,1200,f,1.7223145365715027,2,10,
56,1200,g,1.7985877990722656,2,10,
56,1200,h,1.737575888633728,2,10,
56,1200,i,1.7630148530006409,2,10,
56,1500,a,1.759824514389038,2,12,
56,1500,b,1.7492231130599976,2,12,
56,1500,c,1.787947654724121,2,12,
56,1500,d,1.7543820142745972,2,12,
56,1500,e,1.7619200944900513,2,12,
56,1500,f,1.809593141078949,2,12,
56,1500,g,1.7449085712432861,2,12,
56,1500,h,1.751747488975525,2,12,
56,1500,i,1.7768268585205078,2,12,
56,1800,a,1.7563692331314087,2,14,
56,1800,b,1.752971112728119,2,14,
56,1800,c,1.7440966963768005,2,14,
56,1800,d,1.7623459100723267,2,14,
56,1800,e,1.7068877220153809,2,14,
56,1800,f,1.791460394859314,2,14,
56,1800,g,1.737238585948944,2,14,
56,1800,h,1.7070448398590088,2,14,
56,1800,i,1.7340222597122192,2,14,
56,2100,a,1.8026548027992249,2,16,
56,2100,b,1.7503528594970703,2,16,
56,2100,c,1.8470568656921387,2,16,
56,2100,d,1.7838019728660583,2,16,
56,2100,e,1.8121496438980103,2,16,
56,2100,f,1.7273666858673096,2,16,
56,2100,g,1.8477756977081299,2,16,
56,2100,h,1.7256917357444763,2,16,
56,2100,i,1.7509615421295166,2,16,
56,2400,a,1.8114030361175537,2,18,
56,2400,b,1.7781713008880615,2,18,
56,2400,c,1.7499316930770874,2,18,
56,2400,d,1.808128535747528,2,18,
56,2400,e,1.7540115714073181,2,18,
56,2400,f,1.7182761430740356,2,18,
56,2400,g,1.7247621417045593,2,18,
56,2400,h,1.711412250995636,2,18,
56,2400,i,1.8125102519989014,2,18,
56,2700,a,1.796092450618744,2,20,
56,2700,b,1.7446923851966858,2,20,
56,2700,c,1.7683591842651367,2,20,
56,2700,d,1.7235103845596313,2,20,
56,2700,e,1.7521753311157227,2,20,
56,2700,f,1.7134469151496887,2,20,
56,2700,g,1.7078851461410522,2,20,
56,2700,h,1.7302743196487427,2,20,
56,2700,i,1.7968314290046692,2,20,
56,3000,a,1.7248718738555908,2,22,
56,3000,b,1.7242655754089355,2,22,
56,3000,c,1.7803789377212524,2,22,
56,3000,d,1.7083213925361633,2,22,
56,3000,e,1.7194231748580933,2,22,
56,3000,f,1.7270799279212952,2,22,
56,3000,g,1.6997401714324951,2,22,
56,3000,h,1.7224567532539368,2,22,
56,3000,i,1.7055526971817017,2,22,
56,3300,a,1.7457139492034912,2,24,
56,3300,b,1.7931294441223145,2,24,
56,3300,c,1.7741241455078125,2,24,
56,3300,d,1.7604776620864868,2,24,
56,3300,e,1.7177222967147827,2,24,
56,3300,f,1.776207447052002,2,24,
56,3300,g,1.7687429785728455,2,24,
56,3300,h,1.706959843635559,2,24,
56,3300,i,1.6828579306602478,2,24,
56,3600,a,1.7379561066627502,2,26,
56,3600,b,1.705758810043335,2,26,
56,3600,c,1.7533470392227173,2,26,
56,3600,d,1.6993764638900757,2,26,
56,3600,e,1.7374137043952942,2,26,
56,3600,f,1.7548145055770874,2,26,
56,3600,g,1.7394078373908997,2,26,
56,3600,h,1.7230263352394104,2,26,
56,3600,i,1.6772573590278625,2,26,
56,3900,a,1.6955156326293945,2,28,
56,3900,b,1.7119869589805603,2,28,
56,3900,c,1.7160601019859314,2,28,
56,3900,d,1.6873812079429626,2,28,
56,3900,e,1.7311126589775085,2,28,
56,3900,f,1.7439451217651367,2,28,
56,3900,g,1.7228364944458008,2,28,
56,3900,h,1.6800240874290466,2,28,
56,3900,i,1.732654094696045,2,28,
56,4200,a,1.645442545413971,2,30,
56,4200,b,1.789197027683258,2,30,
56,4200,c,1.7313669919967651,2,30,
56,4200,d,1.702252209186554,2,30,
56,4200,e,1.7502998113632202,2,30,
56,4200,f,1.7233238220214844,2,30,
56,4200,g,1.6727217435836792,2,30,
56,4200,h,1.7274386882781982,2,30,
56,4200,i,1.7204943895339966,2,30,
56,4500,a,1.6788248419761658,2,32,
56,4500,b,1.7016261219978333,2,32,
56,4500,c,1.7205427885055542,2,32,
56,4500,d,1.7057844996452332,2,32,
56,4500,e,1.653291404247284,2,32,
56,4500,f,1.6914617419242859,2,32,
56,4500,g,1.6807076930999756,2,32,
56,4500,h,1.7326278686523438,2,32,
56,4500,i,1.6022098064422607,2,32,
56,4800,a,1.7226398587226868,2,34,
56,4800,b,1.720395565032959,2,34,
56,4800,c,1.7598447799682617,2,34,
56,4800,d,1.7220746278762817,2,34,
56,4800,e,1.6878125071525574,2,34,
56,4800,f,1.7035701870918274,2,34,
56,4800,g,1.7041995525360107,2,34,
56,4800,h,1.7089653015136719,2,34,
56,4800,i,1.6601850390434265,2,34,
56,5100,a,1.6324287056922913,2,36,
56,5100,b,1.7256507277488708,2,36,
56,5100,c,1.7269734740257263,2,36,
56,5100,d,1.672303020954132,2,36,
56,5100,e,1.6776654124259949,2,36,
56,5100,f,1.6761730909347534,2,36,
56,5100,g,1.6472653150558472,2,36,
56,5100,h,1.7214992046356201,2,36,
56,5100,i,1.6742663979530334,2,36,
56,5400,a,1.6316591501235962,2,38,
56,5400,b,1.7007617950439453,2,38,
56,5400,c,1.7174681425094604,2,38,
56,5400,d,1.703127682209015,2,38,
56,5400,e,1.660161554813385,2,38,
56,5400,f,1.6985042095184326,2,38,
56,5400,g,1.6952690482139587,2,38,
56,5400,h,1.6508174538612366,2,38,
56,5400,i,1.6695501804351807,2,38,
56,5700,a,1.6402470469474792,2,40,
56,5700,b,1.7375776171684265,2,40,
56,5700,c,1.6547680497169495,2,40,
56,5700,d,1.6744216680526733,2,40,
56,5700,e,1.648240089416504,2,40,
56,5700,f,1.6241137385368347,2,40,
56,5700,g,1.619084894657135,2,40,
56,5700,h,1.6296080350875854,2,40,
56,5700,i,1.5837746858596802,2,40,
56,6000,a,1.6272594928741455,2,42,
56,6000,b,1.6804479360580444,2,42,
56,6000,c,1.7326807975769043,2,42,
56,6000,d,1.6881799101829529,2,42,
56,6000,e,1.7193458080291748,2,42,
56,6000,f,1.6436931490898132,2,42,
56,6000,g,1.739348292350769,2,42,
56,6000,h,1.620078682899475,2,42,
56,6000,i,1.5804217457771301,2,42,
56,6300,a,1.6157867908477783,2,44,
56,6300,b,1.6551337242126465,2,44,
56,6300,c,1.6981491446495056,2,44,
56,6300,d,1.6304354071617126,2,44,
56,6300,e,1.6939446926116943,2,44,
56,6300,f,1.6200591325759888,2,44,
56,6300,g,1.708920955657959,2,44,
56,6300,h,1.6201804876327515,2,44,
56,6300,i,1.6287260055541992,2,44,
56,6600,a,1.6328462958335876,2,46,
56,6600,b,1.7030349969863892,2,46,
56,6600,c,1.7037797570228577,2,46,
56,6600,d,1.6237229704856873,2,46,
56,6600,e,1.5875388383865356,2,46,
56,6600,f,1.6217554807662964,2,46,
56,6600,g,1.5839864611625671,2,46,
56,6600,h,1.582078218460083,2,46,
56,6600,i,1.6040070056915283,2,46,
56,6900,a,1.5777591466903687,2,48,
56,6900,b,1.6811922788619995,2,48,
56,6900,c,1.6975553631782532,2,48,
56,6900,d,1.606659471988678,2,48,
56,6900,e,1.5995758175849915,2,48,
56,6900,f,1.6195824146270752,2,48,
56,6900,g,1.651641845703125,2,48,
56,6900,h,1.6653690934181213,2,48,
56,6900,i,1.5428420901298523,2,48,
56,7200,a,1.624667763710022,2,50,
56,7200,b,1.6858369708061218,2,50,
56,7200,c,1.6668840646743774,2,50,
56,7200,d,1.6430912613868713,2,50,
56,7200,e,1.649560570716858,2,50,
56,7200,f,1.610328495502472,2,50,
56,7200,g,1.6154162883758545,2,50,
56,7200,h,1.6833223700523376,2,50,
56,7200,i,1.5853679180145264,2,50,
56,7500,a,1.5965757369995117,2,52,
56,7500,b,1.6659601926803589,2,52,
56,7500,c,1.6518733501434326,2,52,
56,7500,d,1.5871816277503967,2,52,
56,7500,e,1.6252675652503967,2,52,
56,7500,f,1.628462314605713,2,52,
56,7500,g,1.651112675666809,2,52,
56,7500,h,1.6486042737960815,2,52,
56,7500,i,1.6113934516906738,2,52,
56,7800,a,1.5741869807243347,2,54,
56,7800,b,1.7037341594696045,2,54,
56,7800,c,1.7173658609390259,2,54,
56,7800,d,1.593632698059082,2,54,
56,7800,e,1.700262188911438,2,54,
56,7800,f,1.5948972702026367,2,54,
56,7800,g,1.6105809211730957,2,54,
56,7800,h,1.5654112696647644,2,54,
56,7800,i,1.7191177606582642,2,54,
56,8100,a,1.603981852531433,2,56,
56,8100,b,1.6844762563705444,2,56,
56,8100,c,1.7564599514007568,2,56,
56,8100,d,1.7002285718917847,2,56,
56,8100,e,1.665851891040802,2,56,
56,8100,f,1.6258732080459595,2,56,
56,8100,g,1.5907198786735535,2,56,
56,8100,h,1.5786872506141663,2,56,
56,8100,i,1.5384843945503235,2,56,
56,8400,a,1.5348145365715027,2,58,
56,8400,b,1.6067762970924377,2,58,
56,8400,c,1.6491948366165161,2,58,
56,8400,d,1.5938690304756165,2,58,
56,8400,e,1.6035547256469727,2,58,
56,8400,f,1.548835813999176,2,58,
56,8400,g,1.6134490966796875,2,58,
56,8400,h,1.6217520236968994,2,58,
56,8400,i,1.5824090242385864,2,58,
56,8700,a,1.5927318930625916,2,60,
56,8700,b,1.583642065525055,2,60,
56,8700,c,1.5560575723648071,2,60,
56,8700,d,1.6234233379364014,2,60,
56,8700,e,1.590456485748291,2,60,
56,8700,f,1.5856608152389526,2,60,
56,8700,g,1.6996780037879944,2,60,
56,8700,h,1.5435285568237305,2,60,
56,8700,i,1.5619093179702759,2,60,
56,9000,a,1.5415955185890198,2,62,
56,9000,b,1.6117165088653564,2,62,
56,9000,c,1.6478620767593384,2,62,
56,9000,d,1.5643187165260315,2,62,
56,9000,e,1.553082287311554,2,62,
56,9000,f,1.547453224658966,2,62,
56,9000,g,1.5626319646835327,2,62,
56,9000,h,1.578337550163269,2,62,
56,9000,i,1.575843870639801,2,62,
56,9300,a,1.550404131412506,2,64,
56,9300,b,1.655888855457306,2,64,
56,9300,c,1.6041502952575684,2,64,
56,9300,d,1.6247010231018066,2,64,
56,9300,e,1.576826274394989,2,64,
56,9300,f,1.6119346618652344,2,64,
56,9300,g,1.5673052072525024,2,64,
56,9300,h,1.6664937734603882,2,64,
56,9300,i,1.5481667518615723,2,64,
56,9600,a,1.5115134716033936,2,66,
56,9600,b,1.6272534132003784,2,66,
56,9600,c,1.6331605315208435,2,66,
56,9600,d,1.522705852985382,2,66,
56,9600,e,1.4810953736305237,2,66,
56,9600,f,1.5914183855056763,2,66,
56,9600,g,1.629648506641388,2,66,
56,9600,h,1.5268141031265259,2,66,
56,9600,i,1.5035784840583801,2,66,
56,9900,a,1.4812484383583069,2,68,
56,9900,b,1.729232907295227,2,68,
56,9900,c,1.6386584043502808,2,68,
56,9900,d,1.4988137483596802,2,68,
56,9900,e,1.5759440660476685,2,68,
56,9900,f,1.5890961289405823,2,68,
56,9900,g,1.4985737204551697,2,68,
56,9900,h,1.5771048069000244,2,68,
56,9900,i,1.5223516821861267,2,68,
56,10200,a,1.556923270225525,2,70,
56,10200,b,1.6416813135147095,2,70,
56,10200,c,1.6098641157150269,2,70,
56,10200,d,1.613064706325531,2,70,
56,10200,e,1.487151324748993,2,70,
56,10200,f,1.584082007408142,2,70,
56,10200,g,1.5022922158241272,2,70,
56,10200,h,1.6822781562805176,2,70,
56,10200,i,1.5406159162521362,2,70,
56,10500,a,1.501583755016327,2,72,
56,10500,b,1.5081879496574402,2,72,
56,10500,c,1.5907273292541504,2,72,
56,10500,d,1.5154474377632141,2,72,
56,10500,e,1.5832204222679138,2,72,
56,10500,f,1.4874433875083923,2,72,
56,10500,g,1.5556244850158691,2,72,
56,10500,h,1.5113539099693298,2,72,
56,10500,i,1.557041347026825,2,72,
56,10800,a,1.517040193080902,2,74,
56,10800,b,1.5334287285804749,2,74,
56,10800,c,1.6431116461753845,2,74,
56,10800,d,1.5169625282287598,2,74,
56,10800,e,1.5672277808189392,2,74,
56,10800,f,1.553565502166748,2,74,
56,10800,g,1.5477910041809082,2,74,
56,10800,h,1.5238339304924011,2,74,
56,10800,i,1.454094409942627,2,74,
56,11100,a,1.5148277282714844,2,76,
56,11100,b,1.588356852531433,2,76,
56,11100,c,1.5180070996284485,2,76,
56,11100,d,1.440661072731018,2,76,
56,11100,e,1.4792366027832031,2,76,
56,11100,f,1.5875390768051147,2,76,
56,11100,g,1.5330357551574707,2,76,
56,11100,h,1.468178629875183,2,76,
56,11100,i,1.507517397403717,2,76,
56,11400,a,1.4441280961036682,2,78,
56,11400,b,1.731177568435669,2,78,
56,11400,c,1.5664182901382446,2,78,
56,11400,d,1.4610681533813477,2,78,
56,11400,e,1.5625945329666138,2,78,
56,11400,f,1.629859447479248,2,78,
56,11400,g,1.54105806350708,2,78,
56,11400,h,1.5253299474716187,2,78,
56,11400,i,1.4334004521369934,2,78,
56,11700,a,1.5184656381607056,2,80,
56,11700,b,1.6001235842704773,2,80,
56,11700,c,1.5366935729980469,2,80,
56,11700,d,1.4492464661598206,2,80,
56,11700,e,1.523728847503662,2,80,
56,11700,f,1.5305188298225403,2,80,
56,11700,g,1.4723426699638367,2,80,
56,11700,h,1.568723201751709,2,80,
56,11700,i,1.5239006876945496,2,80,
56,12000,a,1.4433857202529907,2,82,
56,12000,b,1.6437178254127502,2,82,
56,12000,c,1.532824695110321,2,82,
56,12000,d,1.4418625235557556,2,82,
56,12000,e,1.5341975092887878,2,82,
56,12000,f,1.5222021341323853,2,82,
56,12000,g,1.466078519821167,2,82,
56,12000,h,1.6668996810913086,2,82,
56,12000,i,1.4111093878746033,2,82,
56,12300,a,1.4685543179512024,2,84,
56,12300,b,1.5437495112419128,2,84,
56,12300,c,1.547763466835022,2,84,
56,12300,d,1.4982688426971436,2,84,
56,12300,e,1.3942371606826782,2,84,
56,12300,f,1.5438528060913086,2,84,
56,12300,g,1.4537090063095093,2,84,
56,12300,h,1.5347295999526978,2,84,
56,12300,i,1.4091299176216125,2,84,
56,12600,a,1.5207163095474243,2,86,
56,12600,b,1.5412348508834839,2,86,
56,12600,c,1.5034926533699036,2,86,
56,12600,d,1.5300859808921814,2,86,
56,12600,e,1.4947457909584045,2,86,
56,12600,f,1.4742584824562073,2,86,
56,12600,g,1.4765164256095886,2,86,
56,12600,h,1.5642690062522888,2,86,
56,12600,i,1.4417320489883423,2,86,
56,12900,a,1.4060508012771606,2,88,
56,12900,b,1.54527348279953,2,88,
56,12900,c,1.5522900223731995,2,88,
56,12900,d,1.4899998307228088,2,88,
56,12900,e,1.4433652758598328,2,88,
56,12900,f,1.5102230310440063,2,88,
56,12900,g,1.483877420425415,2,88,
56,12900,h,1.434423804283142,2,88,
56,12900,i,1.3048168420791626,2,88,
56,13200,a,1.51956307888031,2,90,
56,13200,b,1.6345958709716797,2,90,
56,13200,c,1.4861448407173157,2,90,
56,13200,d,1.5053218603134155,2,90,
56,13200,e,1.5460274815559387,2,90,
56,13200,f,1.466446876525879,2,90,
56,13200,g,1.5021215677261353,2,90,
56,13200,h,1.4225877523422241,2,90,
56,13200,i,1.5532216429710388,2,90,
56,13500,a,1.4379913806915283,2,92,
56,13500,b,1.574627161026001,2,92,
56,13500,c,1.4950290322303772,2,92,
56,13500,d,1.504071831703186,2,92,
56,13500,e,1.400953769683838,2,92,
56,13500,f,1.4898839592933655,2,92,
56,13500,g,1.458885133266449,2,92,
56,13500,h,1.4011926651000977,2,92,
56,13500,i,1.416896939277649,2,92,
56,13800,a,1.409966230392456,2,94,
56,13800,b,1.5571942925453186,2,94,
56,13800,c,1.5474262833595276,2,94,
56,13800,d,1.4671165943145752,2,94,
56,13800,e,1.491062879562378,2,94,
56,13800,f,1.4970090985298157,2,94,
56,13800,g,1.5748405456542969,2,94,
56,13800,h,1.6198941469192505,2,94,
56,13800,i,1.456348717212677,2,94,
56,14100,a,1.4547433257102966,2,96,
56,14100,b,1.6141879558563232,2,96,
56,14100,c,1.5978012084960938,2,96,
56,14100,d,1.4125200510025024,2,96,
56,14100,e,1.473717987537384,2,96,
56,14100,f,1.4275940656661987,2,96,
56,14100,g,1.4693872928619385,2,96,
56,14100,h,1.403833270072937,2,96,
56,14100,i,1.5442966222763062,2,96,
56,14400,a,1.449776291847229,2,98,
56,14400,b,1.5297934412956238,2,98,
56,14400,c,1.5541123151779175,2,98,
56,14400,d,1.482648253440857,2,98,
56,14400,e,1.5461695194244385,2,98,
56,14400,f,1.6322191953659058,2,98,
56,14400,g,1.4586083889007568,2,98,
56,14400,h,1.3658292293548584,2,98,
56,14400,i,1.4570351839065552,2,98,
56,14700,a,1.3838850855827332,2,100,
56,14700,b,1.4902251362800598,2,100,
56,14700,c,1.6147227883338928,2,100,
56,14700,d,1.4312445521354675,2,100,
56,14700,e,1.4687016010284424,2,100,
56,14700,f,1.4855248928070068,2,100,
56,14700,g,1.4548445343971252,2,100,
56,14700,h,1.3465802073478699,2,100,
56,14700,i,1.6008017659187317,2,100,
56,15000,a,1.325578212738037,2,102,
56,15000,b,1.5289241075515747,2,102,
56,15000,c,1.5230504870414734,2,102,
56,15000,d,1.5506980419158936,2,102,
56,15000,e,1.4247404336929321,2,102,
56,15000,f,1.6313305497169495,2,102,
56,15000,g,1.3858615159988403,2,102,
56,15000,h,1.4287868738174438,2,102,
56,15000,i,1.431541085243225,2,102,
56,15300,a,1.4007136821746826,2,104,
56,15300,b,1.5116817355155945,2,104,
56,15300,c,1.4123228192329407,2,104,
56,15300,d,1.4456453919410706,2,104,
56,15300,e,1.4292322397232056,2,104,
56,15300,f,1.4111504554748535,2,104,
56,15300,g,1.471742868423462,2,104,
56,15300,h,1.4244598746299744,2,104,
56,15300,i,1.5456543564796448,2,104,
56,15600,a,1.2935970425605774,2,106,
56,15600,b,1.5498294234275818,2,106,
56,15600,c,1.48216313123703,2,106,
56,15600,d,1.481212079524994,2,106,
56,15600,e,1.3665703535079956,2,106,
56,15600,f,1.5502269268035889,2,106,
56,15600,g,1.3484470844268799,2,106,
56,15600,h,1.4017833471298218,2,106,
56,15600,i,1.5582383871078491,2,106,
56,15900,a,1.359725296497345,2,108,
56,15900,b,1.6001986265182495,2,108,
56,15900,c,1.4966113567352295,2,108,
56,15900,d,1.4509919881820679,2,108,
56,15900,e,1.409282147884369,2,108,
56,15900,f,1.501230537891388,2,108,
56,15900,g,1.3798896074295044,2,108,
56,15900,h,1.410359263420105,2,108,
56,15900,i,1.3693967461585999,2,108,
56,16200,a,1.339156985282898,2,110,
56,16200,b,1.5449968576431274,2,110,
56,16200,c,1.5078474283218384,2,110,
56,16200,d,1.408836305141449,2,110,
56,16200,e,1.4669607281684875,2,110,
56,16200,f,1.4553837776184082,2,110,
56,16200,g,1.3609291911125183,2,110,
56,16200,h,1.366498589515686,2,110,
56,16200,i,1.4203105568885803,2,110,
56,16500,a,1.4400140643119812,2,112,
56,16500,b,1.5120893716812134,2,112,
56,16500,c,1.541130542755127,2,112,
56,16500,d,1.4116936326026917,2,112,
56,16500,e,1.4336991906166077,2,112,
56,16500,f,1.442418396472931,2,112,
56,16500,g,1.445743203163147,2,112,
56,16500,h,1.388364553451538,2,112,
56,16500,i,1.44288831949234,2,112,
56,16800,a,1.4643215537071228,2,114,
56,16800,b,1.4703644514083862,2,114,
56,16800,c,1.6356287002563477,2,114,
56,16800,d,1.3388270735740662,2,114,
56,16800,e,1.4181063175201416,2,114,
56,16800,f,1.492723822593689,2,114,
56,16800,g,1.4320256114006042,2,114,
56,16800,h,1.3781189322471619,2,114,
56,16800,i,1.3942192196846008,2,114,
56,17100,a,1.4043647050857544,2,116,
56,17100,b,1.580869734287262,2,116,
56,17100,c,1.5198407173156738,2,116,
56,17100,d,1.3524237871170044,2,116,
56,17100,e,1.3808248043060303,2,116,
56,17100,f,1.5737400650978088,2,116,
56,17100,g,1.4651718735694885,2,116,
56,17100,h,1.4251322150230408,2,116,
56,17100,i,1.3530693650245667,2,116,
56,17400,a,1.4027818441390991,2,118,
56,17400,b,1.471579134464264,2,118,
56,17400,c,1.5203258991241455,2,118,
56,17400,d,1.4410187602043152,2,118,
56,17400,e,1.4198130369186401,2,118,
56,17400,f,1.4727931022644043,2,118,
56,17400,g,1.3893214464187622,2,118,
56,17400,h,1.5150008797645569,2,118,
56,17400,i,1.394761085510254,2,118,
56,17700,a,1.4643279314041138,2,120,
56,17700,b,1.6331732869148254,2,120,
56,17700,c,1.4397678971290588,2,120,
56,17700,d,1.464648425579071,2,120,
56,17700,e,1.4063770174980164,2,120,
56,17700,f,1.451772928237915,2,120,
56,17700,g,1.4010449647903442,2,120,
56,17700,h,1.3746263980865479,2,120,
56,17700,i,1.3516314029693604,2,120,
56,18000,a,1.4123646020889282,2,122,
56,18000,b,1.4139224886894226,2,122,
56,18000,c,1.5605982542037964,2,122,
56,18000,d,1.4011059403419495,2,122,
56,18000,e,1.3619377613067627,2,122,
56,18000,f,1.4613653421401978,2,122,
56,18000,g,1.3895226120948792,2,122,
56,18000,h,1.4562910795211792,2,122,
56,18000,i,1.401535987854004,2,122,
56,18300,a,1.336485505104065,2,124,
56,18300,b,1.5045998096466064,2,124,
56,18300,c,1.5387259125709534,2,124,
56,18300,d,1.4877014756202698,2,124,
56,18300,e,1.4175377488136292,2,124,
56,18300,f,1.426132619380951,2,124,
56,18300,g,1.3837587237358093,2,124,
56,18300,h,1.3757622241973877,2,124,
56,18300,i,1.2406622767448425,2,124,
56,18600,a,1.509904682636261,2,126,
56,18600,b,1.3988383412361145,2,126,
56,18600,c,1.5004656910896301,2,126,
56,18600,d,1.3284294605255127,2,126,
56,18600,e,1.4641389846801758,2,126,
56,18600,f,1.4684520959854126,2,126,
56,18600,g,1.4070966243743896,2,126,
56,18600,h,1.3954384326934814,2,126,
56,18600,i,1.3353251218795776,2,126,
56,18900,a,1.3171135187149048,2,128,
56,18900,b,1.539486825466156,2,128,
56,18900,c,1.6213013529777527,2,128,
56,18900,d,1.3158644437789917,2,128,
56,18900,e,1.3424076437950134,2,128,
56,18900,f,1.4487446546554565,2,128,
56,18900,g,1.4748281836509705,2,128,
56,18900,h,1.3892443776130676,2,128,
56,18900,i,1.3126950860023499,2,128,
56,19200,a,1.3800252079963684,2,130,
56,19200,b,1.548355221748352,2,130,
56,19200,c,1.5633370876312256,2,130,
56,19200,d,1.4158645272254944,2,130,
56,19200,e,1.4448984861373901,2,130,
56,19200,f,1.5475636720657349,2,130,
56,19200,g,1.3410853147506714,2,130,
56,19200,h,1.2897915244102478,2,130,
56,19200,i,1.3508905172348022,2,130,
56,19500,a,1.3372478485107422,2,132,
56,19500,b,1.6401959657669067,2,132,
56,19500,c,1.5590754747390747,2,132,
56,19500,d,1.389397144317627,2,132,
56,19500,e,1.3382371068000793,2,132,
56,19500,f,1.5687922239303589,2,132,
56,19500,g,1.3256946206092834,2,132,
56,19500,h,1.546479344367981,2,132,
56,19500,i,1.3608500361442566,2,132,
56,19800,a,1.375705361366272,2,134,
56,19800,b,1.435817003250122,2,134,
56,19800,c,1.3817690014839172,2,134,
56,19800,d,1.3813193440437317,2,134,
56,19800,e,1.3672021627426147,2,134,
56,19800,f,1.4641956686973572,2,134,
56,19800,g,1.4139445424079895,2,134,
56,19800,h,1.4765105247497559,2,134,
56,19800,i,1.4552327990531921,2,134,
56,20100,a,1.3890817165374756,2,136,
56,20100,b,1.6122502088546753,2,136,
56,20100,c,1.4314316511154175,2,136,
56,20100,d,1.4084669947624207,2,136,
56,20100,e,1.3783844709396362,2,136,
56,20100,f,1.4664355516433716,2,136,
56,20100,g,1.3334251642227173,2,136,
56,20100,h,1.3087472915649414,2,136,
56,20100,i,1.4314024448394775,2,136,
56,20400,a,1.336452305316925,2,138,
56,20400,b,1.48883718252182,2,138,
56,20400,c,1.493866741657257,2,138,
56,20400,d,1.3151357769966125,2,138,
56,20400,e,1.4691588282585144,2,138,
56,20400,f,1.5066213011741638,2,138,
56,20400,g,1.3327027559280396,2,138,
56,20400,h,1.4044950008392334,2,138,
56,20400,i,1.262274444103241,2,138,
56,20700,a,1.363373577594757,2,140,
56,20700,b,1.4755140542984009,2,140,
56,20700,c,1.399778962135315,2,140,
56,20700,d,1.2690975666046143,2,140,
56,20700,e,1.3130578994750977,2,140,
56,20700,f,1.2969176173210144,2,140,
56,20700,g,1.4128187894821167,2,140,
56,20700,h,1.3954429626464844,2,140,
56,20700,i,1.3342222571372986,2,140,
56,21000,a,1.3912198543548584,2,142,
56,21000,b,1.4390053749084473,2,142,
56,21000,c,1.3702773451805115,2,142,
56,21000,d,1.2333546876907349,2,142,
56,21000,e,1.2824817895889282,2,142,
56,21000,f,1.4304108619689941,2,142,
56,21000,g,1.3626406788825989,2,142,
56,21000,h,1.3342061042785645,2,142,
56,21000,i,1.2499648928642273,2,142,
56,21300,a,1.4311269521713257,2,144,
56,21300,b,1.4624451398849487,2,144,
56,21300,c,1.456450343132019,2,144,
56,21300,d,1.2736387848854065,2,144,
56,21300,e,1.4467443227767944,2,144,
56,21300,f,1.3647820949554443,2,144,
56,21300,g,1.3208211660385132,2,144,
56,21300,h,1.3386225700378418,2,144,
56,21300,i,1.1942980289459229,2,144,
56,21600,a,1.3691083788871765,2,146,
56,21600,b,1.531718671321869,2,146,
56,21600,c,1.6230856776237488,2,146,
56,21600,d,1.451331615447998,2,146,
56,21600,e,1.321928858757019,2,146,
56,21600,f,1.4481236934661865,2,146,
56,21600,g,1.574645757675171,2,146,
56,21600,h,1.4042565822601318,2,146,
56,21600,i,1.325857937335968,2,146,
56,21900,a,1.3139628767967224,2,148,
56,21900,b,1.4926278591156006,2,148,
56,21900,c,1.4485037326812744,2,148,
56,21900,d,1.3689541220664978,2,148,
56,21900,e,1.4295576810836792,2,148,
56,21900,f,1.4411643147468567,2,148,
56,21900,g,1.3207409977912903,2,148,
56,21900,h,1.3976898193359375,2,148,
56,21900,i,1.5369250178337097,2,148,
56,22200,a,1.38277006149292,2,150,
56,22200,b,1.5192274451255798,2,150,
56,22200,c,1.42594313621521,2,150,
56,22200,d,1.40852952003479,2,150,
56,22200,e,1.2562291622161865,2,150,
56,22200,f,1.3909475803375244,2,150,
56,22200,g,1.3737290501594543,2,150,
56,22200,h,1.41285902261734,2,150,
56,22200,i,1.362133502960205,2,150,
56,22500,a,1.3784575462341309,2,152,
56,22500,b,1.4659118056297302,2,152,
56,22500,c,1.5879595875740051,2,152,
56,22500,d,1.5624068975448608,2,152,
56,22500,e,1.4391191601753235,2,152,
56,22500,f,1.3549153804779053,2,152,
56,22500,g,1.1445797085762024,2,152,
56,22500,h,1.2931733131408691,2,152,
56,22500,i,1.1866528987884521,2,152,
56,22800,a,1.2810261249542236,2,154,
56,22800,b,1.4192814230918884,2,154,
56,22800,c,1.4714385867118835,2,154,
56,22800,d,1.3455666303634644,2,154,
56,22800,e,1.3776715397834778,2,154,
56,22800,f,1.4655075073242188,2,154,
56,22800,g,1.3907451629638672,2,154,
56,22800,h,1.5331657528877258,2,154,
56,22800,i,1.3758928775787354,2,154,
56,23100,a,1.2251713275909424,2,156,
56,23100,b,1.4184727668762207,2,156,
56,23100,c,1.551951825618744,2,156,
56,23100,d,1.2711037993431091,2,156,
56,23100,e,1.2528205513954163,2,156,
56,23100,f,1.5417581796646118,2,156,
56,23100,g,1.3522056937217712,2,156,
56,23100,h,1.3390499949455261,2,156,
56,23100,i,1.4911909103393555,2,156,
56,23400,a,1.298977017402649,2,158,
56,23400,b,1.4033169150352478,2,158,
56,23400,c,1.4505529403686523,2,158,
56,23400,d,1.3289940357208252,2,158,
56,23400,e,1.2625315189361572,2,158,
56,23400,f,1.4272506833076477,2,158,
56,23400,g,1.4657825231552124,2,158,
56,23400,h,1.2716299295425415,2,158,
56,23400,i,1.333831787109375,2,158,
56,23700,a,1.4958348274230957,2,160,
56,23700,b,1.4008426666259766,2,160,
56,23700,c,1.453228771686554,2,160,
56,23700,d,1.2839974761009216,2,160,
56,23700,e,1.4471699595451355,2,160,
56,23700,f,1.434238851070404,2,160,
56,23700,g,1.4062787890434265,2,160,
56,23700,h,1.4225467443466187,2,160,
56,23700,i,1.3326696157455444,2,160,
56,24000,a,1.2672088146209717,2,162,
56,24000,b,1.3539537191390991,2,162,
56,24000,c,1.4447741508483887,2,162,
56,24000,d,1.3202758431434631,2,162,
56,24000,e,1.4149858355522156,2,162,
56,24000,f,1.4464475512504578,2,162,
56,24000,g,1.4559128880500793,2,162,
56,24000,h,1.4026654958724976,2,162,
56,24000,i,1.3113001585006714,2,162,
56,24300,a,1.3472478985786438,2,164,
56,24300,b,1.3185373544692993,2,164,
56,24300,c,1.362948715686798,2,164,
56,24300,d,1.3526579141616821,2,164,
56,24300,e,1.4061638712882996,2,164,
56,24300,f,1.3947833776474,2,164,
56,24300,g,1.2638132572174072,2,164,
56,24300,h,1.3365888595581055,2,164,
56,24300,i,1.3645118474960327,2,164,
56,24600,a,1.2811672687530518,2,166,
56,24600,b,1.443753957748413,2,166,
56,24600,c,1.4281761050224304,2,166,
56,24600,d,1.4592883586883545,2,166,
56,24600,e,1.462716817855835,2,166,
56,24600,f,1.3571075797080994,2,166,
56,24600,g,1.3185902833938599,2,166,
56,24600,h,1.3679815530776978,2,166,
56,24600,i,1.3943253755569458,2,166,
56,24900,a,1.2867510318756104,2,168,
56,24900,b,1.4522796869277954,2,168,
56,24900,c,1.403077483177185,2,168,
56,24900,d,1.3151394724845886,2,168,
56,24900,e,1.3505572080612183,2,168,
56,24900,f,1.3230583667755127,2,168,
56,24900,g,1.3412442207336426,2,168,
56,24900,h,1.336766242980957,2,168,
56,24900,i,1.2862856984138489,2,168,
56,25200,a,1.2851231694221497,2,170,
56,25200,b,1.520285427570343,2,170,
56,25200,c,1.3671914339065552,2,170,
56,25200,d,1.2840477228164673,2,170,
56,25200,e,1.3406123518943787,2,170,
56,25200,f,1.35016268491745,2,170,
56,25200,g,1.3038098216056824,2,170,
56,25200,h,1.3787831664085388,2,170,
56,25200,i,1.3963955640792847,2,170,
56,25500,a,1.253828763961792,2,172,
56,25500,b,1.4038634300231934,2,172,
56,25500,c,1.4276217818260193,2,172,
56,25500,d,1.3250288367271423,2,172,
56,25500,e,1.35262930393219,2,172,
56,25500,f,1.501731514930725,2,172,
56,25500,g,1.2798118591308594,2,172,
56,25500,h,1.314424991607666,2,172,
56,25500,i,1.2624627351760864,2,172,
56,25800,a,1.2167810797691345,2,174,
56,25800,b,1.5073742270469666,2,174,
56,25800,c,1.4932632446289062,2,174,
56,25800,d,1.215122938156128,2,174,
56,25800,e,1.420930564403534,2,174,
56,25800,f,1.3494329452514648,2,174,
56,25800,g,1.4258825182914734,2,174,
56,25800,h,1.4265071749687195,2,174,
56,25800,i,1.3701238632202148,2,174,
56,26100,a,1.345968782901764,2,176,
56,26100,b,1.355855643749237,2,176,
56,26100,c,1.4234150052070618,2,176,
56,26100,d,1.3180355429649353,2,176,
56,26100,e,1.3905874490737915,2,176,
56,26100,f,1.240776240825653,2,176,
56,26100,g,1.3198490142822266,2,176,
56,26100,h,1.2822344899177551,2,176,
56,26100,i,1.3074164390563965,2,176,
56,26400,a,1.238305389881134,2,178,
56,26400,b,1.4479146003723145,2,178,
56,26400,c,1.2733773589134216,2,178,
56,26400,d,1.328201413154602,2,178,
56,26400,e,1.3707112073898315,2,178,
56,26400,f,1.4591413736343384,2,178,
56,26400,g,1.2990358471870422,2,178,
56,26400,h,1.2796764969825745,2,178,
56,26400,i,1.4592407941818237,2,178,
56,26700,a,1.4366477727890015,2,180,
56,26700,b,1.4214690923690796,2,180,
56,26700,c,1.2236483097076416,2,180,
56,26700,d,1.2917483448982239,2,180,
56,26700,e,1.2956440448760986,2,180,
56,26700,f,1.3061448335647583,2,180,
56,26700,g,1.423602283000946,2,180,
56,26700,h,1.5225965976715088,2,180,
56,26700,i,1.3822323083877563,2,180,
56,27000,a,1.2687516808509827,2,182,
56,27000,b,1.4677084684371948,2,182,
56,27000,c,1.3021703958511353,2,182,
56,27000,d,1.3641554117202759,2,182,
56,27000,e,1.2979715466499329,2,182,
56,27000,f,1.317452609539032,2,182,
56,27000,g,1.3401017785072327,2,182,
56,27000,h,1.4117178916931152,2,182,
56,27000,i,1.3434921503067017,2,182,
56,27300,a,1.2552983164787292,2,184,
56,27300,b,1.3793256878852844,2,184,
56,27300,c,1.50968998670578,2,184,
56,27300,d,1.280135154724121,2,184,
56,27300,e,1.2393959164619446,2,184,
56,27300,f,1.512104868888855,2,184,
56,27300,g,1.3419628739356995,2,184,
56,27300,h,1.254960298538208,2,184,
56,27300,i,1.3110010027885437,2,184,
56,27600,a,1.363476037979126,2,186,
56,27600,b,1.5187601447105408,2,186,
56,27600,c,1.3042089939117432,2,186,
56,27600,d,1.2554954290390015,2,186,
56,27600,e,1.2876717448234558,2,186,
56,27600,f,1.424352765083313,2,186,
56,27600,g,1.4581373929977417,2,186,
56,27600,h,1.3456233739852905,2,186,
56,27600,i,1.2856111526489258,2,186,
56,27900,a,1.2289034128189087,2,188,
56,27900,b,1.50157231092453,2,188,
56,27900,c,1.4422720074653625,2,188,
56,27900,d,1.3395236730575562,2,188,
56,27900,e,1.277947723865509,2,188,
56,27900,f,1.4579622745513916,2,188,
56,27900,g,1.2542446851730347,2,188,
56,27900,h,1.3296017050743103,2,188,
56,27900,i,1.2732333540916443,2,188,
56,28200,a,1.3216258883476257,2,190,
56,28200,b,1.3196011781692505,2,190,
56,28200,c,1.426900863647461,2,190,
56,28200,d,1.3442966938018799,2,190,
56,28200,e,1.326880693435669,2,190,
56,28200,f,1.267787754535675,2,190,
56,28200,g,1.390714406967163,2,190,
56,28200,h,1.2846996784210205,2,190,
56,28200,i,1.3120408058166504,2,190,
56,28500,a,1.1605238914489746,2,192,
56,28500,b,1.2661967277526855,2,192,
56,28500,c,1.3002527952194214,2,192,
56,28500,d,1.2003905177116394,2,192,
56,28500,e,1.3612942695617676,2,192,
56,28500,f,1.3848247528076172,2,192,
56,28500,g,1.429529845714569,2,192,
56,28500,h,1.2695925831794739,2,192,
56,28500,i,1.307284951210022,2,192,
56,28800,a,1.209667444229126,2,194,
56,28800,b,1.5337238311767578,2,194,
56,28800,c,1.2795583009719849,2,194,
56,28800,d,1.2742910385131836,2,194,
56,28800,e,1.3358344435691833,2,194,
56,28800,f,1.3207491636276245,2,194,
56,28800,g,1.3542017936706543,2,194,
56,28800,h,1.2073587775230408,2,194,
56,28800,i,1.3452253937721252,2,194,
56,29100,a,1.247638761997223,2,196,
56,29100,b,1.353100299835205,2,196,
56,29100,c,1.2503520250320435,2,196,
56,29100,d,1.2637516856193542,2,196,
56,29100,e,1.3060840368270874,2,196,
56,29100,f,1.2927522659301758,2,196,
56,29100,g,1.4162886142730713,2,196,
56,29100,h,1.344383716583252,2,196,
56,29100,i,1.2809672951698303,2,196,
56,29400,a,1.2160223722457886,2,198,
56,29400,b,1.3650259375572205,2,198,
56,29400,c,1.358507513999939,2,198,
56,29400,d,1.3023486137390137,2,198,
56,29400,e,1.3743118643760681,2,198,
56,29400,f,1.3299767971038818,2,198,
56,29400,g,1.3426926136016846,2,198,
56,29400,h,1.3080495595932007,2,198,
56,29400,i,1.1613003611564636,2,198,
56,29700,a,1.2305225133895874,2,200,
56,29700,b,1.3296454548835754,2,200,
56,29700,c,1.2908337116241455,2,200,
56,29700,d,1.3224482536315918,2,200,
56,29700,e,1.1819825172424316,2,200,
56,29700,f,1.2587729692459106,2,200,
56,29700,g,1.2574326395988464,2,200,
56,29700,h,1.349864900112152,2,200,
56,29700,i,1.379591941833496,2,200,
56,30000,a,1.2489778995513916,2,202,
56,30000,b,1.3660337328910828,2,202,
56,30000,c,1.4087049961090088,2,202,
56,30000,d,1.217739999294281,2,202,
56,30000,e,1.32387375831604,2,202,
56,30000,f,1.3222556114196777,2,202,
56,30000,g,1.2825124859809875,2,202,
56,30000,h,1.2446699738502502,2,202,
56,30000,i,1.3522647619247437,2,202,
56,30300,a,1.2496375441551208,2,204,
56,30300,b,1.3544453382492065,2,204,
56,30300,c,1.3232910633087158,2,204,
56,30300,d,1.1157941222190857,2,204,
56,30300,e,1.3236911296844482,2,204,
56,30300,f,1.2900630831718445,2,204,
56,30300,g,1.2415700554847717,2,204,
56,30300,h,1.326286792755127,2,204,
56,30300,i,1.3578128814697266,2,204,
56,30600,a,1.2311847805976868,2,206,
56,30600,b,1.4586868286132812,2,206,
56,30600,c,1.4186172485351562,2,206,
56,30600,d,1.2478360533714294,2,206,
56,30600,e,1.3157349824905396,2,206,
56,30600,f,1.3791539072990417,2,206,
56,30600,g,1.1402801871299744,2,206,
56,30600,h,1.2135438919067383,2,206,
56,30600,i,1.4900884628295898,2,206,
56,30900,a,1.3782356977462769,2,208,
56,30900,b,1.4845942258834839,2,208,
56,30900,c,1.4063968658447266,2,208,
56,30900,d,1.3698011636734009,2,208,
56,30900,e,1.2048081755638123,2,208,
56,30900,f,1.307162582874298,2,208,
56,30900,g,1.2576962113380432,2,208,
56,30900,h,1.2162513732910156,2,208,
56,30900,i,1.2590928077697754,2,208,
56,31200,a,1.5898805856704712,2,210,
56,31200,b,1.3286137580871582,2,210,
56,31200,c,1.3871105909347534,2,210,
56,31200,d,1.267642080783844,2,210,
56,31200,e,1.1792824268341064,2,210,
56,31200,f,1.2718896865844727,2,210,
56,31200,g,1.346794068813324,2,210,
56,31200,h,1.3569875955581665,2,210,
56,31200,i,1.2424737215042114,2,210,
56,31500,a,1.3372275829315186,2,212,
56,31500,b,1.5321336388587952,2,212,
56,31500,c,1.3471021056175232,2,212,
56,31500,d,1.320960521697998,2,212,
56,31500,e,1.2993159294128418,2,212,
56,31500,f,1.27043217420578,2,212,
56,31500,g,1.1449416279792786,2,212,
56,31500,h,1.3357429504394531,2,212,
56,31500,i,1.224577784538269,2,212,
56,31800,a,1.2483326196670532,2,214,
56,31800,b,1.2651056051254272,2,214,
56,31800,c,1.4535937309265137,2,214,
56,31800,d,1.2866483926773071,2,214,
56,31800,e,1.372983694076538,2,214,
56,31800,f,1.3380275964736938,2,214,
56,31800,g,1.2517383694648743,2,214,
56,31800,h,1.4157498478889465,2,214,
56,31800,i,1.264747440814972,2,214,
56,32100,a,1.2689225673675537,2,216,
56,32100,b,1.3995399475097656,2,216,
56,32100,c,1.322067141532898,2,216,
56,32100,d,1.1350380778312683,2,216,
56,32100,e,1.4093835353851318,2,216,
56,32100,f,1.4181236028671265,2,216,
56,32100,g,1.1918571591377258,2,216,
56,32100,h,1.3372550010681152,2,216,
56,32100,i,1.1851022243499756,2,216,
56,32400,a,1.1738008856773376,2,218,
56,32400,b,1.4437756538391113,2,218,
56,32400,c,1.318099021911621,2,218,
56,32400,d,1.2120368480682373,2,218,
56,32400,e,1.3063058853149414,2,218,
56,32400,f,1.3567538261413574,2,218,
56,32400,g,1.3730278015136719,2,218,
56,32400,h,1.3213350176811218,2,218,
56,32400,i,1.236405074596405,2,218,
56,32700,a,1.2116376757621765,2,220,
56,32700,b,1.369938313961029,2,220,
56,32700,c,1.3656827211380005,2,220,
56,32700,d,1.254582941532135,2,220,
56,32700,e,1.2434020638465881,2,220,
56,32700,f,1.295928955078125,2,220,
56,32700,g,1.3340736031532288,2,220,
56,32700,h,1.3210439085960388,2,220,
56,32700,i,1.25819331407547,2,220,
56,33000,a,1.4308222532272339,2,222,
56,33000,b,1.3921114206314087,2,222,
56,33000,c,1.5274775624275208,2,222,
56,33000,d,1.1044566631317139,2,222,
56,33000,e,1.2700554132461548,2,222,
56,33000,f,1.4844833612442017,2,222,
56,33000,g,1.259367823600769,2,222,
56,33000,h,1.4964407086372375,2,222,
56,33000,i,1.2116044163703918,2,222,
56,33300,a,1.2563825845718384,2,224,
56,33300,b,1.2307020425796509,2,224,
56,33300,c,1.291922390460968,2,224,
56,33300,d,1.3084890246391296,2,224,
56,33300,e,1.2381646037101746,2,224,
56,33300,f,1.3497554063796997,2,224,
56,33300,g,1.2376367449760437,2,224,
56,33300,h,1.2267352938652039,2,224,
56,33300,i,1.262349247932434,2,224,
56,33600,a,1.2460853457450867,2,226,
56,33600,b,1.4089974164962769,2,226,
56,33600,c,1.3492428660392761,2,226,
56,33600,d,1.2671080827713013,2,226,
56,33600,e,1.2453914880752563,2,226,
56,33600,f,1.4123720526695251,2,226,
56,33600,g,1.2182904481887817,2,226,
56,33600,h,1.375866711139679,2,226,
56,33600,i,1.1873360872268677,2,226,
56,33900,a,1.4130030870437622,2,228,
56,33900,b,1.3952460289001465,2,228,
56,33900,c,1.2427849769592285,2,228,
56,33900,d,1.4730344414710999,2,228,
56,33900,e,1.3306080102920532,2,228,
56,33900,f,1.389405906200409,2,228,
56,33900,g,1.273398756980896,2,228,
56,33900,h,1.2781707048416138,2,228,
56,33900,i,1.3402840495109558,2,228,
56,34200,a,1.2031717896461487,2,230,
56,34200,b,1.244872808456421,2,230,
56,34200,c,1.4593316316604614,2,230,
56,34200,d,1.3429585695266724,2,230,
56,34200,e,1.2528602480888367,2,230,
56,34200,f,1.4388633966445923,2,230,
56,34200,g,1.2270631194114685,2,230,
56,34200,h,1.1966572403907776,2,230,
56,34200,i,1.1101784706115723,2,230,
56,34500,a,1.1753085851669312,2,232,
56,34500,b,1.3399978280067444,2,232,
56,34500,c,1.32242089509964,2,232,
56,34500,d,1.1870945692062378,2,232,
56,34500,e,1.2363684177398682,2,232,
56,34500,f,1.2518718838691711,2,232,
56,34500,g,1.4492955207824707,2,232,
56,34500,h,1.172922432422638,2,232,
56,34500,i,1.3597726821899414,2,232,
56,34800,a,1.3679124116897583,2,234,
56,34800,b,1.3759958148002625,2,234,
56,34800,c,1.3994483351707458,2,234,
56,34800,d,1.1433164477348328,2,234,
56,34800,e,1.206588864326477,2,234,
56,34800,f,1.4449552297592163,2,234,
56,34800,g,1.2249261140823364,2,234,
56,34800,h,1.3525788187980652,2,234,
56,34800,i,1.3078207969665527,2,234,
56,35100,a,1.275273323059082,2,236,
56,35100,b,1.3335502743721008,2,236,
56,35100,c,1.2146698236465454,2,236,
56,35100,d,1.2007606625556946,2,236,
56,35100,e,1.196271002292633,2,236,
56,35100,f,1.2737463116645813,2,236,
56,35100,g,1.307756781578064,2,236,
56,35100,h,1.3079490661621094,2,236,
56,35100,i,1.3456904292106628,2,236,
56,35400,a,1.2992989420890808,2,238,
56,35400,b,1.2322027683258057,2,238,
56,35400,c,1.368562400341034,2,238,
56,35400,d,1.2114487290382385,2,238,
56,35400,e,1.2082531452178955,2,238,
56,35400,f,1.3505383133888245,2,238,
56,35400,g,1.1510213613510132,2,238,
56,35400,h,1.4576473832130432,2,238,
56,35400,i,1.208929419517517,2,238,
56,35700,a,1.2087966203689575,2,240,
56,35700,b,1.407317876815796,2,240,
56,35700,c,1.2855145931243896,2,240,
56,35700,d,1.2532707452774048,2,240,
56,35700,e,1.2827165126800537,2,240,
56,35700,f,1.3065155744552612,2,240,
56,35700,g,1.370703935623169,2,240,
56,35700,h,1.1946143507957458,2,240,
56,35700,i,1.2137616276741028,2,240,
56,36000,a,1.2065740823745728,2,242,
56,36000,b,1.2389277219772339,2,242,
56,36000,c,1.2875227332115173,2,242,
56,36000,d,1.2928589582443237,2,242,
56,36000,e,1.2834981083869934,2,242,
56,36000,f,1.3836495280265808,2,242,
56,36000,g,1.2751013040542603,2,242,
56,36000,h,1.2181344628334045,2,242,
56,36000,i,1.300432562828064,2,242,
56,36300,a,1.3469581007957458,2,244,
56,36300,b,1.3377707600593567,2,244,
56,36300,c,1.3919026851654053,2,244,
56,36300,d,1.1618077158927917,2,244,
56,36300,e,1.3299630284309387,2,244,
56,36300,f,1.3719750046730042,2,244,
56,36300,g,1.2794359922409058,2,244,
56,36300,h,1.181867778301239,2,244,
56,36300,i,1.4932937622070312,2,244,
56,36600,a,1.1657915115356445,2,246,
56,36600,b,1.4234701991081238,2,246,
56,36600,c,1.4929543733596802,2,246,
56,36600,d,1.2809088230133057,2,246,
56,36600,e,1.210832417011261,2,246,
56,36600,f,1.2990072965621948,2,246,
56,36600,g,1.3213583827018738,2,246,
56,36600,h,1.3200018405914307,2,246,
56,36600,i,1.2626721858978271,2,246,
56,36900,a,1.1660165786743164,2,248,
56,36900,b,1.352860450744629,2,248,
56,36900,c,1.3576104640960693,2,248,
56,36900,d,1.1518330574035645,2,248,
56,36900,e,1.3095977902412415,2,248,
56,36900,f,1.2432928681373596,2,248,
56,36900,g,1.287136197090149,2,248,
56,36900,h,1.3363488912582397,2,248,
56,36900,i,1.308716595172882,2,248,
56,37200,a,1.2761076092720032,2,250,
56,37200,b,1.2015032768249512,2,250,
56,37200,c,1.372634768486023,2,250,
56,37200,d,1.2376470565795898,2,250,
56,37200,e,1.3117239475250244,2,250,
56,37200,f,1.2431268095970154,2,250,
56,37200,g,1.2623712420463562,2,250,
56,37200,h,1.320690929889679,2,250,
56,37200,i,1.229387640953064,2,250,
56,37500,a,1.1018127799034119,2,252,
56,37500,b,1.2768225073814392,2,252,
56,37500,c,1.2243014574050903,2,252,
56,37500,d,1.1058301329612732,2,252,
56,37500,e,1.2061778903007507,2,252,
56,37500,f,1.342156171798706,2,252,
56,37500,g,1.2709578275680542,2,252,
56,37500,h,1.3295140266418457,2,252,
56,37500,i,1.3846074938774109,2,252,
56,37800,a,1.3737286925315857,2,254,
56,37800,b,1.3084776401519775,2,254,
56,37800,c,1.35801100730896,2,254,
56,37800,d,1.2869281768798828,2,254,
56,37800,e,1.326126754283905,2,254,
56,37800,f,1.3879690766334534,2,254,
56,37800,g,1.1707810759544373,2,254,
56,37800,h,1.2069920897483826,2,254,
56,37800,i,1.2420523166656494,2,254,
56,38100,a,1.1504647135734558,2,256,
56,38100,b,1.244424283504486,2,256,
56,38100,c,1.2909187078475952,2,256,
56,38100,d,1.210130512714386,2,256,
56,38100,e,1.3020151257514954,2,256,
56,38100,f,1.4137712717056274,2,256,
56,38100,g,1.3334764242172241,2,256,
56,38100,h,1.2181446552276611,2,256,
56,38100,i,1.2697263956069946,2,256,
56,38400,a,1.268808126449585,2,258,
56,38400,b,1.2650769352912903,2,258,
56,38400,c,1.2155188918113708,2,258,
56,38400,d,1.2358813881874084,2,258,
56,38400,e,1.2427223324775696,2,258,
56,38400,f,1.344648540019989,2,258,
56,38400,g,1.251270055770874,2,258,
56,38400,h,1.3300246000289917,2,258,
56,38400,i,1.0684758126735687,2,258,
56,38700,a,1.2691975235939026,2,260,
56,38700,b,1.4679443836212158,2,260,
56,38700,c,1.1994238495826721,2,260,
56,38700,d,1.2473886609077454,2,260,
56,38700,e,1.1482294797897339,2,260,
56,38700,f,1.3764331936836243,2,260,
56,38700,g,1.239689588546753,2,260,
56,38700,h,1.2151857018470764,2,260,
56,38700,i,1.200585126876831,2,260,
56,39000,a,1.2363332509994507,2,262,
56,39000,b,1.3570606112480164,2,262,
56,39000,c,1.4148293137550354,2,262,
56,39000,d,1.2135100364685059,2,262,
56,39000,e,1.2177913784980774,2,262,
56,39000,f,1.4791902899742126,2,262,
56,39000,g,1.2743049263954163,2,262,
56,39000,h,1.2222450971603394,2,262,
56,39000,i,1.3196291327476501,2,262,
56,39300,a,1.1967336535453796,2,264,
56,39300,b,1.309816837310791,2,264,
56,39300,c,1.3058857917785645,2,264,
56,39300,d,1.2639084458351135,2,264,
56,39300,e,1.3429027199745178,2,264,
56,39300,f,1.2573108673095703,2,264,
56,39300,g,1.4181087017059326,2,264,
56,39300,h,1.2994768023490906,2,264,
56,39300,i,1.1946778297424316,2,264,
56,39600,a,1.255860984325409,2,266,
56,39600,b,1.1910343766212463,2,266,
56,39600,c,1.3317270278930664,2,266,
56,39600,d,1.1667834520339966,2,266,
56,39600,e,1.2846006155014038,2,266,
56,39600,f,1.257450819015503,2,266,
56,39600,g,1.2584747076034546,2,266,
56,39600,h,1.265128493309021,2,266,
56,39600,i,1.3328269720077515,2,266,
56,39900,a,1.5458377003669739,2,268,
56,39900,b,1.2728275060653687,2,268,
56,39900,c,1.4007360935211182,2,268,
56,39900,d,1.1629050374031067,2,268,
56,39900,e,1.3152672052383423,2,268,
56,39900,f,1.317724585533142,2,268,
56,39900,g,1.2366039156913757,2,268,
56,39900,h,1.2756723165512085,2,268,
56,39900,i,1.2073349952697754,2,268,
56,40200,a,1.2437555193901062,2,270,
56,40200,b,1.3141477704048157,2,270,
56,40200,c,1.3689123392105103,2,270,
56,40200,d,1.3492103219032288,2,270,
56,40200,e,1.2587429285049438,2,270,
56,40200,f,1.3266742825508118,2,270,
56,40200,g,1.3288335800170898,2,270,
56,40200,h,1.139194369316101,2,270,
56,40200,i,1.1677383184432983,2,270,
56,40500,a,1.243268370628357,2,272,
56,40500,b,1.2571443319320679,2,272,
56,40500,c,1.242363452911377,2,272,
56,40500,d,1.243237316608429,2,272,
56,40500,e,1.1185786724090576,2,272,
56,40500,f,1.4092056155204773,2,272,
56,40500,g,1.2705172896385193,2,272,
56,40500,h,1.2545515894889832,2,272,
56,40500,i,1.225746989250183,2,272,
56,40800,a,1.2375738024711609,2,274,
56,40800,b,1.3301835656166077,2,274,
56,40800,c,1.2581686973571777,2,274,
56,40800,d,1.3917195200920105,2,274,
56,40800,e,1.210606873035431,2,274,
56,40800,f,1.2476362586021423,2,274,
56,40800,g,1.2573484778404236,2,274,
56,40800,h,1.1603254675865173,2,274,
56,40800,i,1.323265552520752,2,274,
56,41100,a,1.1142231225967407,2,276,
56,41100,b,1.2821545004844666,2,276,
56,41100,c,1.2644105553627014,2,276,
56,41100,d,1.18453449010849,2,276,
56,41100,e,1.2767099142074585,2,276,
56,41100,f,1.220217525959015,2,276,
56,41100,g,1.269806444644928,2,276,
56,41100,h,1.2014142870903015,2,276,
56,41100,i,1.104217767715454,2,276,
56,41400,a,1.1291252970695496,2,278,
56,41400,b,1.2278680801391602,2,278,
56,41400,c,1.2778423428535461,2,278,
56,41400,d,1.1344102621078491,2,278,
56,41400,e,1.2312682271003723,2,278,
56,41400,f,1.4033093452453613,2,278,
56,41400,g,1.2772202491760254,2,278,
56,41400,h,1.2383299469947815,2,278,
56,41400,i,1.2619069814682007,2,278,
56,41700,a,1.2146941423416138,2,280,
56,41700,b,1.1435323357582092,2,280,
56,41700,c,1.187324583530426,2,280,
56,41700,d,1.160796046257019,2,280,
56,41700,e,1.1947702765464783,2,280,
56,41700,f,1.1571106910705566,2,280,
56,41700,g,1.1898988485336304,2,280,
56,41700,h,1.2220449447631836,2,280,
56,41700,i,1.166894793510437,2,280,
56,42000,a,1.1687132120132446,2,282,
56,42000,b,1.2082127928733826,2,282,
56,42000,c,1.3055129051208496,2,282,
56,42000,d,1.1962894797325134,2,282,
56,42000,e,1.294200837612152,2,282,
56,42000,f,1.2439661026000977,2,282,
56,42000,g,1.207571029663086,2,282,
56,42000,h,1.3130295872688293,2,282,
56,42000,i,1.305516541004181,2,282,
56,42300,a,1.205637812614441,2,284,
56,42300,b,1.1989913582801819,2,284,
56,42300,c,1.2525408267974854,2,284,
56,42300,d,1.19669109582901,2,284,
56,42300,e,1.1970728635787964,2,284,
56,42300,f,1.308902084827423,2,284,
56,42300,g,1.229280710220337,2,284,
56,42300,h,1.2351505756378174,2,284,
56,42300,i,1.1824071407318115,2,284,
56,42600,a,1.2789998650550842,2,286,
56,42600,b,1.2797675132751465,2,286,
56,42600,c,1.2422968745231628,2,286,
56,42600,d,1.2530065178871155,2,286,
56,42600,e,1.3613638877868652,2,286,
56,42600,f,1.2781309485435486,2,286,
56,42600,g,1.2161104679107666,2,286,
56,42600,h,1.3172887563705444,2,286,
56,42600,i,1.0907953977584839,2,286,
56,42900,a,1.2610868215560913,2,288,
56,42900,b,1.2879319190979004,2,288,
56,42900,c,1.389837622642517,2,288,
56,42900,d,1.1836451888084412,2,288,
56,42900,e,1.3066233396530151,2,288,
56,42900,f,1.3475677967071533,2,288,
56,42900,g,1.1631277799606323,2,288,
56,42900,h,1.176164150238037,2,288,
56,42900,i,1.1446995735168457,2,288,
56,43200,a,1.2490196228027344,2,290,
56,43200,b,1.220420002937317,2,290,
56,43200,c,1.1960153579711914,2,290,
56,43200,d,1.1863970160484314,2,290,
56,43200,e,1.2865204811096191,2,290,
56,43200,f,1.2208071947097778,2,290,
56,43200,g,1.3131614923477173,2,290,
56,43200,h,1.2829940915107727,2,290,
56,43200,i,1.1497500538825989,2,290,
56,43500,a,1.134628176689148,2,292,
56,43500,b,1.4926583170890808,2,292,
56,43500,c,1.3235234022140503,2,292,
56,43500,d,1.1397771835327148,2,292,
56,43500,e,1.1968373656272888,2,292,
56,43500,f,1.2960941195487976,2,292,
56,43500,g,1.2098976373672485,2,292,
56,43500,h,1.3622658252716064,2,292,
56,43500,i,1.2419240474700928,2,292,
56,43800,a,1.1961963176727295,2,294,
56,43800,b,1.1953877806663513,2,294,
56,43800,c,1.218818724155426,2,294,
56,43800,d,1.1101897358894348,2,294,
56,43800,e,1.2130184769630432,2,294,
56,43800,f,1.265969693660736,2,294,
56,43800,g,1.212218463420868,2,294,
56,43800,h,1.2364196181297302,2,294,
56,43800,i,1.3103895783424377,2,294,
56,44100,a,1.2068254947662354,2,296,
56,44100,b,1.200566828250885,2,296,
56,44100,c,1.28972327709198,2,296,
56,44100,d,1.0453725755214691,2,296,
56,44100,e,1.2020127773284912,2,296,
56,44100,f,1.2528297901153564,2,296,
56,44100,g,1.2908165454864502,2,296,
56,44100,h,1.164546012878418,2,296,
56,44100,i,1.1898508071899414,2,296,
56,44400,a,1.3313031196594238,2,298,
56,44400,b,1.2298860549926758,2,298,
56,44400,c,1.298165202140808,2,298,
56,44400,d,1.1427953243255615,2,298,
56,44400,e,1.2096111178398132,2,298,
56,44400,f,1.2598958015441895,2,298,
56,44400,g,1.2598158121109009,2,298,
56,44400,h,1.24991774559021,2,298,
56,44400,i,1.2133685946464539,2,298,
56,44700,a,1.0815606117248535,2,300,
56,44700,b,1.2787438035011292,2,300,
56,44700,c,1.1674175262451172,2,300,
56,44700,d,1.060516119003296,2,300,
56,44700,e,1.2071893215179443,2,300,
56,44700,f,1.3931170105934143,2,300,
56,44700,g,1.3380959033966064,2,300,
56,44700,h,1.2469186186790466,2,300,
56,44700,i,1.1416863203048706,2,300,
56,45000,a,1.2463173866271973,2,302,
56,45000,b,1.490663766860962,2,302,
56,45000,c,1.155376672744751,2,302,
56,45000,d,1.181832194328308,2,302,
56,45000,e,1.1669574975967407,2,302,
56,45000,f,1.2983010411262512,2,302,
56,45000,g,1.2383254170417786,2,302,
56,45000,h,1.1884716749191284,2,302,
56,45000,i,1.2991197109222412,2,302,
56,45300,a,1.1895968914031982,2,304,
56,45300,b,1.2295812964439392,2,304,
56,45300,c,1.1789327263832092,2,304,
56,45300,d,1.0751476287841797,2,304,
56,45300,e,1.1489652395248413,2,304,
56,45300,f,1.214358150959015,2,304,
56,45300,g,1.2545500993728638,2,304,
56,45300,h,1.1747884154319763,2,304,
56,45300,i,1.3281366229057312,2,304,
56,45600,a,1.1670752167701721,2,306,
56,45600,b,1.3159611821174622,2,306,
56,45600,c,1.4378234148025513,2,306,
56,45600,d,1.1207442879676819,2,306,
56,45600,e,1.1450496315956116,2,306,
56,45600,f,1.283462405204773,2,306,
56,45600,g,1.3787785768508911,2,306,
56,45600,h,1.224188506603241,2,306,
56,45600,i,1.1619558334350586,2,306,
56,45900,a,1.1131109595298767,2,308,
56,45900,b,1.2308467030525208,2,308,
56,45900,c,1.2118322253227234,2,308,
56,45900,d,1.203602910041809,2,308,
56,45900,e,1.4382154941558838,2,308,
56,45900,f,1.12521493434906,2,308,
56,45900,g,1.2870388627052307,2,308,
56,45900,h,1.3471109867095947,2,308,
56,45900,i,1.2356348037719727,2,308,
56,46200,a,1.1352638006210327,2,310,
56,46200,b,1.344268560409546,2,310,
56,46200,c,1.3426315188407898,2,310,
56,46200,d,1.3128160238265991,2,310,
56,46200,e,1.2113502025604248,2,310,
56,46200,f,1.2500108480453491,2,310,
56,46200,g,1.1303887367248535,2,310,
56,46200,h,1.2949471473693848,2,310,
56,46200,i,1.2141375541687012,2,310,
56,46500,a,1.2013418674468994,2,312,
56,46500,b,1.2536308765411377,2,312,
56,46500,c,1.352020502090454,2,312,
56,46500,d,1.1680819392204285,2,312,
56,46500,e,1.3645884990692139,2,312,
56,46500,f,1.4083714485168457,2,312,
56,46500,g,1.1632241010665894,2,312,
56,46500,h,1.194650650024414,2,312,
56,46500,i,1.2472285032272339,2,312,
56,46800,a,1.1234953999519348,2,314,
56,46800,b,1.3544501066207886,2,314,
56,46800,c,1.2922068238258362,2,314,
56,46800,d,1.1847661137580872,2,314,
56,46800,e,1.2872592210769653,2,314,
56,46800,f,1.2763755321502686,2,314,
56,46800,g,1.4495458006858826,2,314,
56,46800,h,1.0614950060844421,2,314,
56,46800,i,1.1030399799346924,2,314,
56,47100,a,1.277636468410492,2,316,
56,47100,b,1.3941243886947632,2,316,
56,47100,c,1.3157215118408203,2,316,
56,47100,d,1.1409131288528442,2,316,
56,47100,e,1.2006182670593262,2,316,
56,47100,f,1.1756575107574463,2,316,
56,47100,g,1.161357045173645,2,316,
56,47100,h,1.2311295866966248,2,316,
56,47100,i,1.2364614009857178,2,316,
56,47400,a,1.1409646272659302,2,318,
56,47400,b,1.3099167346954346,2,318,
56,47400,c,1.3067907094955444,2,318,
56,47400,d,1.2498992681503296,2,318,
56,47400,e,1.1644712090492249,2,318,
56,47400,f,1.0815356373786926,2,318,
56,47400,g,1.1154578924179077,2,318,
56,47400,h,1.2143406867980957,2,318,
56,47400,i,1.1930631399154663,2,318,
56,47700,a,1.2298157811164856,2,320,
56,47700,b,1.336986780166626,2,320,
56,47700,c,1.1269415020942688,2,320,
56,47700,d,1.0852129459381104,2,320,
56,47700,e,1.34856778383255,2,320,
56,47700,f,1.147158145904541,2,320,
56,47700,g,1.220462679862976,2,320,
56,47700,h,1.2154902219772339,2,320,
56,47700,i,1.2493611574172974,2,320,
56,48000,a,1.0982947945594788,2,322,
56,48000,b,1.193980097770691,2,322,
56,48000,c,1.1742210388183594,2,322,
56,48000,d,1.1970154643058777,2,322,
56,48000,e,1.3466219305992126,2,322,
56,48000,f,1.3099963665008545,2,322,
56,48000,g,1.119410216808319,2,322,
56,48000,h,1.151442050933838,2,322,
56,48000,i,1.1980156302452087,2,322,
56,48300,a,1.166511058807373,2,324,
56,48300,b,1.3625845313072205,2,324,
56,48300,c,1.2661306858062744,2,324,
56,48300,d,1.1130726337432861,2,324,
56,48300,e,1.264085054397583,2,324,
56,48300,f,1.3315484523773193,2,324,
56,48300,g,1.2082655429840088,2,324,
56,48300,h,1.1546319723129272,2,324,
56,48300,i,1.1555104851722717,2,324,
56,48600,a,1.2692896127700806,2,326,
56,48600,b,1.2044395208358765,2,326,
56,48600,c,1.1779394149780273,2,326,
56,48600,d,1.1473024487495422,2,326,
56,48600,e,1.270738124847412,2,326,
56,48600,f,1.2610380053520203,2,326,
56,48600,g,1.225358247756958,2,326,
56,48600,h,1.2149989604949951,2,326,
56,48600,i,1.27113276720047,2,326,
56,48900,a,1.1326520442962646,2,328,
56,48900,b,1.2351776957511902,2,328,
56,48900,c,1.2657049894332886,2,328,
56,48900,d,1.12372624874115,2,328,
56,48900,e,1.2723668813705444,2,328,
56,48900,f,1.2037602663040161,2,328,
56,48900,g,1.2635903358459473,2,328,
56,48900,h,1.1800587177276611,2,328,
56,48900,i,1.0721189379692078,2,328,
56,49200,a,1.1413519382476807,2,330,
56,49200,b,1.3221895098686218,2,330,
56,49200,c,1.234749972820282,2,330,
56,49200,d,1.0822990536689758,2,330,
56,49200,e,1.1806780099868774,2,330,
56,49200,f,1.287651777267456,2,330,
56,49200,g,1.1312146186828613,2,330,
56,49200,h,1.155946135520935,2,330,
56,49200,i,1.1169397234916687,2,330,
56,49500,a,1.2177419662475586,2,332,
56,49500,b,1.2506347298622131,2,332,
56,49500,c,1.2107309103012085,2,332,
56,49500,d,1.2880218029022217,2,332,
56,49500,e,1.0499626398086548,2,332,
56,49500,f,1.1632161140441895,2,332,
56,49500,g,1.0855604410171509,2,332,
56,49500,h,1.1151663661003113,2,332,
56,49500,i,1.1521210074424744,2,332,
56,49800,a,1.4040319919586182,2,334,
56,49800,b,1.150704801082611,2,334,
56,49800,c,1.210506021976471,2,334,
56,49800,d,1.1357730627059937,2,334,
56,49800,e,1.2829931378364563,2,334,
56,49800,f,1.3197514414787292,2,334,
56,49800,g,1.2310537099838257,2,334,
56,49800,h,1.2634950876235962,2,334,
56,49800,i,1.3988351821899414,2,334,
56,50100,a,1.163591206073761,2,336,
56,50100,b,1.2369283437728882,2,336,
56,50100,c,1.2422447800636292,2,336,
56,50100,d,1.2100180983543396,2,336,
56,50100,e,1.1978703141212463,2,336,
56,50100,f,1.149570882320404,2,336,
56,50100,g,1.2942475080490112,2,336,
56,50100,h,1.1476882696151733,2,336,
56,50100,i,1.2891939878463745,2,336,
56,50400,a,1.1607010960578918,2,338,
56,50400,b,1.2852891087532043,2,338,
56,50400,c,1.2434045672416687,2,338,
56,50400,d,1.1985424757003784,2,338,
56,50400,e,1.1974560022354126,2,338,
56,50400,f,1.2338043451309204,2,338,
56,50400,g,1.127940833568573,2,338,
56,50400,h,1.06378573179245,2,338,
56,50400,i,1.0411635637283325,2,338,
56,50700,a,1.2049731612205505,2,340,
56,50700,b,1.248427391052246,2,340,
56,50700,c,1.2784339785575867,2,340,
56,50700,d,1.1229113936424255,2,340,
56,50700,e,1.1255709528923035,2,340,
56,50700,f,1.186419129371643,2,340,
56,50700,g,1.1844603419303894,2,340,
56,50700,h,1.1677823662757874,2,340,
56,50700,i,1.1271103620529175,2,340,
56,51000,a,1.1448758244514465,2,342,
56,51000,b,1.1467753648757935,2,342,
56,51000,c,1.255772590637207,2,342,
56,51000,d,1.0429246425628662,2,342,
56,51000,e,1.3332579731941223,2,342,
56,51000,f,1.121779203414917,2,342,
56,51000,g,1.1948349475860596,2,342,
56,51000,h,1.2423086166381836,2,342,
56,51000,i,1.2330608367919922,2,342,
56,51300,a,1.1633484363555908,2,344,
56,51300,b,1.2125110030174255,2,344,
56,51300,c,1.1815130710601807,2,344,
56,51300,d,1.0408442616462708,2,344,
56,51300,e,1.2997591495513916,2,344,
56,51300,f,1.2758826613426208,2,344,
56,51300,g,1.0705505013465881,2,344,
56,51300,h,1.056935042142868,2,344,
56,51300,i,1.3605497479438782,2,344,
56,51600,a,1.1787670254707336,2,346,
56,51600,b,1.0900179743766785,2,346,
56,51600,c,1.2790551781654358,2,346,
56,51600,d,1.1175238490104675,2,346,
56,51600,e,1.266701340675354,2,346,
56,51600,f,1.2230527997016907,2,346,
56,51600,g,1.1248428225517273,2,346,
56,51600,h,1.1184356212615967,2,346,
56,51600,i,1.2465956211090088,2,346,
56,51900,a,1.0428253412246704,2,348,
56,51900,b,1.4644790887832642,2,348,
56,51900,c,1.2059901356697083,2,348,
56,51900,d,1.045746088027954,2,348,
56,51900,e,1.286661148071289,2,348,
56,51900,f,1.1950120329856873,2,348,
56,51900,g,1.1731785535812378,2,348,
56,51900,h,1.1251661777496338,2,348,
56,51900,i,1.194144368171692,2,348,
56,52200,a,1.1410824060440063,2,350,
56,52200,b,1.1659471988677979,2,350,
56,52200,c,1.2667211890220642,2,350,
56,52200,d,1.1145219802856445,2,350,
56,52200,e,1.152276873588562,2,350,
56,52200,f,1.2733778953552246,2,350,
56,52200,g,1.0409306287765503,2,350,
56,52200,h,1.0602338314056396,2,350,
56,52200,i,1.1650708317756653,2,350,
56,52500,a,1.1762136816978455,2,352,
56,52500,b,1.2301289439201355,2,352,
56,52500,c,1.2060531973838806,2,352,
56,52500,d,1.0150636434555054,2,352,
56,52500,e,1.1604211926460266,2,352,
56,52500,f,1.0893391966819763,2,352,
56,52500,g,1.3545315265655518,2,352,
56,52500,h,1.0803951621055603,2,352,
56,52500,i,1.6702474355697632,2,352,
56,52800,a,1.1529644131660461,2,354,
56,52800,b,1.2328059673309326,2,354,
56,52800,c,1.2707599401474,2,354,
56,52800,d,1.0484738945960999,2,354,
56,52800,e,1.0581214427947998,2,354,
56,52800,f,1.0521816611289978,2,354,
56,52800,g,1.159048318862915,2,354,
56,52800,h,1.3569599390029907,2,354,
56,52800,i,1.0390856266021729,2,354,
56,53100,a,1.229011058807373,2,356,
56,53100,b,1.2822996377944946,2,356,
56,53100,c,1.1515613794326782,2,356,
56,53100,d,1.0277842581272125,2,356,
56,53100,e,1.1324612498283386,2,356,
56,53100,f,1.0486823916435242,2,356,
56,53100,g,1.235596477985382,2,356,
56,53100,h,1.1172361969947815,2,356,
56,53100,i,1.0980165004730225,2,356,
56,53400,a,1.2543752193450928,2,358,
56,53400,b,1.2350569367408752,2,358,
56,53400,c,1.422128438949585,2,358,
56,53400,d,1.170804500579834,2,358,
56,53400,e,1.1036819815635681,2,358,
56,53400,f,1.2252471446990967,2,358,
56,53400,g,1.1337698698043823,2,358,
56,53400,h,1.3145731687545776,2,358,
56,53400,i,1.1809127926826477,2,358,
56,53700,a,1.0753440856933594,2,360,
56,53700,b,1.0678001642227173,2,360,
56,53700,c,1.2397189140319824,2,360,
56,53700,d,1.1828444600105286,2,360,
56,53700,e,1.1163820028305054,2,360,
56,53700,f,1.1603454947471619,2,360,
56,53700,g,1.0710651874542236,2,360,
56,53700,h,1.1371226906776428,2,360,
56,53700,i,1.1717108488082886,2,360,
56,54000,a,1.1335824131965637,2,362,
56,54000,b,1.2829523086547852,2,362,
56,54000,c,1.2641270756721497,2,362,
56,54000,d,1.2799593210220337,2,362,
56,54000,e,0.9668249487876892,2,362,
56,54000,f,1.2130562663078308,2,362,
56,54000,g,1.2259854078292847,2,362,
56,54000,h,1.1757997870445251,2,362,
56,54000,i,1.098314344882965,2,362,
56,54300,a,1.02770134806633,2,364,
56,54300,b,1.1820974349975586,2,364,
56,54300,c,1.1028891801834106,2,364,
56,54300,d,1.039576768875122,2,364,
56,54300,e,1.198177993297577,2,364,
56,54300,f,1.1558881402015686,2,364,
56,54300,g,1.3001965880393982,2,364,
56,54300,h,1.2175371050834656,2,364,
56,54300,i,1.1414929628372192,2,364,
56,54600,a,1.1847217679023743,2,366,
56,54600,b,1.3314350247383118,2,366,
56,54600,c,1.248855471611023,2,366,
56,54600,d,1.1352670192718506,2,366,
56,54600,e,1.0838031768798828,2,366,
56,54600,f,1.1192525625228882,2,366,
56,54600,g,1.2654685974121094,2,366,
56,54600,h,1.0739846229553223,2,366,
56,54600,i,1.1424766182899475,2,366,
56,54900,a,1.0334405899047852,2,368,
56,54900,b,1.2037314176559448,2,368,
56,54900,c,1.2092684507369995,2,368,
56,54900,d,1.051715761423111,2,368,
56,54900,e,1.0837554931640625,2,368,
56,54900,f,1.0420463681221008,2,368,
56,54900,g,1.0483325719833374,2,368,
56,54900,h,1.0311648547649384,2,368,
56,54900,i,1.1555351614952087,2,368,
56,55200,a,1.1170558333396912,2,370,
56,55200,b,1.1680603623390198,2,370,
56,55200,c,1.2337268590927124,2,370,
56,55200,d,1.1392854452133179,2,370,
56,55200,e,1.112695038318634,2,370,
56,55200,f,1.0807445645332336,2,370,
56,55200,g,1.2986259460449219,2,370,
56,55200,h,1.2100767493247986,2,370,
56,55200,i,1.1801090240478516,2,370,
56,55500,a,1.1095225811004639,2,372,
56,55500,b,1.1179978847503662,2,372,
56,55500,c,1.2567890286445618,2,372,
56,55500,d,1.131704568862915,2,372,
56,55500,e,1.2947874069213867,2,372,
56,55500,f,1.4462172389030457,2,372,
56,55500,g,1.1048953533172607,2,372,
56,55500,h,0.9346286058425903,2,372,
56,55500,i,1.0705857872962952,2,372,
56,55800,a,1.1161903738975525,2,374,
56,55800,b,1.132493942975998,2,374,
56,55800,c,1.0762799978256226,2,374,
56,55800,d,1.190365493297577,2,374,
56,55800,e,1.269555687904358,2,374,
56,55800,f,1.1086851358413696,2,374,
56,55800,g,1.0755022764205933,2,374,
56,55800,h,1.0530874133110046,2,374,
56,55800,i,1.2508078813552856,2,374,
56,56100,a,1.188614010810852,2,376,
56,56100,b,1.167922019958496,2,376,
56,56100,c,1.1476598381996155,2,376,
56,56100,d,1.1231837272644043,2,376,
56,56100,e,1.2097010016441345,2,376,
56,56100,f,1.1949492692947388,2,376,
56,56100,g,1.0741628408432007,2,376,
56,56100,h,1.2022363543510437,2,376,
56,56100,i,1.0949424505233765,2,376,
56,56400,a,1.0864814817905426,2,378,
56,56400,b,1.1246538162231445,2,378,
56,56400,c,1.0957794189453125,2,378,
56,56400,d,1.0599051117897034,2,378,
56,56400,e,1.2757689952850342,2,378,
56,56400,f,1.2528231143951416,2,378,
56,56400,g,1.1840506792068481,2,378,
56,56400,h,1.1015815734863281,2,378,
56,56400,i,1.2103238105773926,2,378,
56,56700,a,1.452829122543335,2,380,
56,56700,b,1.2827144861221313,2,380,
56,56700,c,1.1390454173088074,2,380,
56,56700,d,1.1354039311408997,2,380,
56,56700,e,1.0788154006004333,2,380,
56,56700,f,1.2727069854736328,2,380,
56,56700,g,1.0384449362754822,2,380,
56,56700,h,0.9817115068435669,2,380,
56,56700,i,1.0821347832679749,2,380,
56,57000,a,1.0576680898666382,2,382,
56,57000,b,1.2066433429718018,2,382,
56,57000,c,1.1156444549560547,2,382,
56,57000,d,1.169180452823639,2,382,
56,57000,e,1.374685525894165,2,382,
56,57000,f,1.057518482208252,2,382,
56,57000,g,1.1630343794822693,2,382,
56,57000,h,1.1299363374710083,2,382,
56,57000,i,1.1219768524169922,2,382,
56,57300,a,1.1523741483688354,2,384,
56,57300,b,1.239406406879425,2,384,
56,57300,c,1.161217212677002,2,384,
56,57300,d,1.0922170281410217,2,384,
56,57300,e,1.206401288509369,2,384,
56,57300,f,1.1470245122909546,2,384,
56,57300,g,1.2494280934333801,2,384,
56,57300,h,0.9857026040554047,2,384,
56,57300,i,0.9935650527477264,2,384,
56,57600,a,1.0783848762512207,2,386,
56,57600,b,1.090072214603424,2,386,
56,57600,c,1.255854070186615,2,386,
56,57600,d,1.0944844484329224,2,386,
56,57600,e,0.9876365065574646,2,386,
56,57600,f,1.193351686000824,2,386,
56,57600,g,1.1648932099342346,2,386,
56,57600,h,1.1173597574234009,2,386,
56,57600,i,1.101593017578125,2,386,
56,57900,a,1.0141495168209076,2,388,
56,57900,b,1.15533846616745,2,388,
56,57900,c,1.115357756614685,2,388,
56,57900,d,1.0959030389785767,2,388,
56,57900,e,1.1249530911445618,2,388,
56,57900,f,1.2409987449645996,2,388,
56,57900,g,1.0833895206451416,2,388,
56,57900,h,1.0243058800697327,2,388,
56,57900,i,1.1198989152908325,2,388,
56,58200,a,1.2315412759780884,2,390,
56,58200,b,1.053463339805603,2,390,
56,58200,c,1.4067960381507874,2,390,
56,58200,d,1.1691189408302307,2,390,
56,58200,e,0.9920897483825684,2,390,
56,58200,f,1.0723289847373962,2,390,
56,58200,g,1.2457646131515503,2,390,
56,58200,h,1.2021080255508423,2,390,
56,58200,i,1.0932830572128296,2,390,
56,58500,a,1.0283836126327515,2,392,
56,58500,b,1.2084065079689026,2,392,
56,58500,c,1.2586126327514648,2,392,
56,58500,d,1.0335772633552551,2,392,
56,58500,e,1.330851435661316,2,392,
56,58500,f,1.0499207973480225,2,392,
56,58500,g,1.1208969354629517,2,392,
56,58500,h,0.9913572371006012,2,392,
56,58500,i,1.300920009613037,2,392,
56,58800,a,1.0958281755447388,2,394,
56,58800,b,1.3685724139213562,2,394,
56,58800,c,1.1446948647499084,2,394,
56,58800,d,1.0017128884792328,2,394,
56,58800,e,0.9997557103633881,2,394,
56,58800,f,1.6109683513641357,2,394,
56,58800,g,1.1101664900779724,2,394,
56,58800,h,1.0911589860916138,2,394,
56,58800,i,1.1513979136943817,2,394,
56,59100,a,1.0728877782821655,2,396,
56,59100,b,1.0682044625282288,2,396,
56,59100,c,1.356876015663147,2,396,
56,59100,d,1.138309895992279,2,396,
56,59100,e,1.1151744723320007,2,396,
56,59100,f,1.1849054098129272,2,396,
56,59100,g,1.020248919725418,2,396,
56,59100,h,1.2170389890670776,2,396,
56,59100,i,1.0513232946395874,2,396,
56,59400,a,1.2035243511199951,2,398,
56,59400,b,1.0617275834083557,2,398,
56,59400,c,1.1031711995601654,2,398,
56,59400,d,1.1130934953689575,2,398,
56,59400,e,1.0135113596916199,2,398,
56,59400,f,1.138405680656433,2,398,
56,59400,g,1.1391518115997314,2,398,
56,59400,h,1.0836129784584045,2,398,
56,59400,i,1.0459965467453003,2,398,
56,59700,a,1.1302487254142761,2,400,
56,59700,b,1.190197467803955,2,400,
56,59700,c,1.2109938859939575,2,400,
56,59700,d,1.1360185146331787,2,400,
56,59700,e,0.9923575520515442,2,400,
56,59700,f,1.0360867381095886,2,400,
56,59700,g,1.1327577829360962,2,400,
56,59700,h,1.2594256401062012,2,400,
56,59700,i,1.0080054700374603,2,400,
56,60000,a,1.2291726469993591,2,402,
56,60000,b,1.1950438618659973,2,402,
56,60000,c,1.3827149271965027,2,402,
56,60000,d,0.9770326912403107,2,402,
56,60000,e,1.1609178185462952,2,402,
56,60000,f,1.1535575985908508,2,402,
56,60000,g,1.1227166652679443,2,402,
56,60000,h,1.0390913486480713,2,402,
56,60000,i,1.1425134539604187,2,402,
56,60300,a,1.1880516409873962,2,404,
56,60300,b,1.1531684398651123,2,404,
56,60300,c,1.2386550903320312,2,404,
56,60300,d,1.3199523091316223,2,404,
56,60300,e,1.0973702669143677,2,404,
56,60300,f,1.2579095363616943,2,404,
56,60300,g,1.2191293835639954,2,404,
56,60300,h,0.9517605304718018,2,404,
56,60300,i,1.1899634003639221,2,404,
56,60600,a,1.060234248638153,2,406,
56,60600,b,1.103028416633606,2,406,
56,60600,c,1.201696515083313,2,406,
56,60600,d,1.1048423051834106,2,406,
56,60600,e,0.9865983724594116,2,406,
56,60600,f,1.0376633405685425,2,406,
56,60600,g,1.4245303869247437,2,406,
56,60600,h,1.0746375918388367,2,406,
56,60600,i,1.2786421179771423,2,406,
56,60900,a,1.1952561140060425,2,408,
56,60900,b,1.3559527397155762,2,408,
56,60900,c,1.0324559807777405,2,408,
56,60900,d,0.9809192717075348,2,408,
56,60900,e,1.075190782546997,2,408,
56,60900,f,1.1757277846336365,2,408,
56,60900,g,1.3054026365280151,2,408,
56,60900,h,1.1400944590568542,2,408,
56,60900,i,1.4311790466308594,2,408,
56,61200,a,1.1568472981452942,2,410,
56,61200,b,1.1210320889949799,2,410,
56,61200,c,1.0545106828212738,2,410,
56,61200,d,1.311581552028656,2,410,
56,61200,e,1.2194788455963135,2,410,
56,61200,f,1.0486406683921814,2,410,
56,61200,g,1.0447497963905334,2,410,
56,61200,h,1.0704997777938843,2,410,
56,61200,i,1.1069026589393616,2,410,
56,61500,a,1.1913398504257202,2,412,
56,61500,b,1.1022976636886597,2,412,
56,61500,c,1.1462478637695312,2,412,
56,61500,d,1.1916784644126892,2,412,
56,61500,e,0.9949327707290649,2,412,
56,61500,f,1.127191960811615,2,412,
56,61500,g,0.9905790090560913,2,412,
56,61500,h,1.2456101179122925,2,412,
56,61500,i,1.0613455474376678,2,412,
56,61800,a,1.0985166430473328,2,414,
56,61800,b,1.1287903785705566,2,414,
56,61800,c,1.3470999002456665,2,414,
56,61800,d,1.0349175930023193,2,414,
56,61800,e,1.1622551679611206,2,414,
56,61800,f,1.1979916095733643,2,414,
56,61800,g,1.0682884454727173,2,414,
56,61800,h,1.00868159532547,2,414,
56,61800,i,1.2273430824279785,2,414,
56,62100,a,1.2490254640579224,2,416,
56,62100,b,1.1813758611679077,2,416,
56,62100,c,1.088222086429596,2,416,
56,62100,d,0.9706504046916962,2,416,
56,62100,e,1.135512351989746,2,416,
56,62100,f,1.1323659121990204,2,416,
56,62100,g,1.095641553401947,2,416,
56,62100,h,1.0966173708438873,2,416,
56,62100,i,1.1453173160552979,2,416,
56,62400,a,1.0865654945373535,2,418,
56,62400,b,1.0481230020523071,2,418,
56,62400,c,1.2076497077941895,2,418,
56,62400,d,1.2026286125183105,2,418,
56,62400,e,0.9524572193622589,2,418,
56,62400,f,1.267966628074646,2,418,
56,62400,g,1.0444035530090332,2,418,
56,62400,h,1.0871046483516693,2,418,
56,62400,i,1.066715121269226,2,418,
56,62700,a,1.4647079706192017,2,420,
56,62700,b,1.2147069573402405,2,420,
56,62700,c,0.969414234161377,2,420,
56,62700,d,1.1830410361289978,2,420,
56,62700,e,0.9417971670627594,2,420,
56,62700,f,1.2661923170089722,2,420,
56,62700,g,1.0463342666625977,2,420,
56,62700,h,1.25432950258255,2,420,
56,62700,i,1.0779276490211487,2,420,
56,63000,a,1.0975674390792847,2,422,
56,63000,b,1.036085605621338,2,422,
56,63000,c,1.130616933107376,2,422,
56,63000,d,1.09171861410141,2,422,
56,63000,e,1.2162466645240784,2,422,
56,63000,f,1.2385682463645935,2,422,
56,63000,g,1.0450729727745056,2,422,
56,63000,h,0.981933206319809,2,422,
56,63000,i,1.1160523295402527,2,422,
56,63300,a,1.0270570516586304,2,424,
56,63300,b,1.038477599620819,2,424,
56,63300,c,1.1381322145462036,2,424,
56,63300,d,1.0975782871246338,2,424,
56,63300,e,0.9942008256912231,2,424,
56,63300,f,1.1113285422325134,2,424,
56,63300,g,1.0815706253051758,2,424,
56,63300,h,1.051134169101715,2,424,
56,63300,i,1.1463103890419006,2,424,
56,63600,a,0.9843002557754517,2,426,
56,63600,b,1.2896811366081238,2,426,
56,63600,c,1.134288489818573,2,426,
56,63600,d,1.0505913197994232,2,426,
56,63600,e,1.0158509612083435,2,426,
56,63600,f,1.056309163570404,2,426,
56,63600,g,1.0510172843933105,2,426,
56,63600,h,0.9344500601291656,2,426,
56,63600,i,0.9925318956375122,2,426,
56,63900,a,1.1089419722557068,2,428,
56,63900,b,1.2222954034805298,2,428,
56,63900,c,1.1902762651443481,2,428,
56,63900,d,1.0409345626831055,2,428,
56,63900,e,1.2120242714881897,2,428,
56,63900,f,1.1185659766197205,2,428,
56,63900,g,1.110046923160553,2,428,
56,63900,h,0.9561591446399689,2,428,
56,63900,i,0.9642943739891052,2,428,
56,64200,a,1.1201627254486084,2,430,
56,64200,b,1.101244330406189,2,430,
56,64200,c,1.122822105884552,2,430,
56,64200,d,1.0089300870895386,2,430,
56,64200,e,0.8713927567005157,2,430,
56,64200,f,0.9839623868465424,2,430,
56,64200,g,1.1265267133712769,2,430,
56,64200,h,1.1790144443511963,2,430,
56,64200,i,1.022244930267334,2,430,
56,64500,a,1.0738182067871094,2,432,
56,64500,b,1.1755869388580322,2,432,
56,64500,c,1.3376865983009338,2,432,
56,64500,d,1.1058977246284485,2,432,
56,64500,e,1.0526220798492432,2,432,
56,64500,f,1.0547167658805847,2,432,
56,64500,g,1.095112681388855,2,432,
56,64500,h,0.8745949864387512,2,432,
56,64500,i,0.9885616600513458,2,432,
56,64800,a,1.1553994417190552,2,434,
56,64800,b,1.0816526412963867,2,434,
56,64800,c,1.4830001592636108,2,434,
56,64800,d,1.136497676372528,2,434,
56,64800,e,0.9739581048488617,2,434,
56,64800,f,0.9969542622566223,2,434,
56,64800,g,1.2684702277183533,2,434,
56,64800,h,1.1428090929985046,2,434,
56,64800,i,1.1286165118217468,2,434,
56,65100,a,1.099342256784439,2,436,
56,65100,b,1.1468585729599,2,436,
56,65100,c,1.1874170303344727,2,436,
56,65100,d,1.258626937866211,2,436,
56,65100,e,1.049535095691681,2,436,
56,65100,f,1.2255082726478577,2,436,
56,65100,g,1.1227403283119202,2,436,
56,65100,h,0.8844002783298492,2,436,
56,65100,i,1.2024827003479004,2,436,
56,65400,a,1.0663838386535645,2,438,
56,65400,b,1.1328387260437012,2,438,
56,65400,c,1.1627684831619263,2,438,
56,65400,d,0.9716558456420898,2,438,
56,65400,e,1.1396158337593079,2,438,
56,65400,f,1.11710786819458,2,438,
56,65400,g,1.2626612782478333,2,438,
56,65400,h,1.0191540122032166,2,438,
56,65400,i,1.0075668692588806,2,438,
56,65700,a,1.1216734051704407,2,440,
56,65700,b,0.9974465370178223,2,440,
56,65700,c,1.125817060470581,2,440,
56,65700,d,1.0184935629367828,2,440,
56,65700,e,1.2276790142059326,2,440,
56,65700,f,1.1219282150268555,2,440,
56,65700,g,1.108200490474701,2,440,
56,65700,h,0.9249182939529419,2,440,
56,65700,i,0.8869634568691254,2,440,
56,66000,a,1.1100698113441467,2,442,
56,66000,b,1.1814567148685455,2,442,
56,66000,c,1.1254522800445557,2,442,
56,66000,d,1.0265823602676392,2,442,
56,66000,e,1.0719761848449707,2,442,
56,66000,f,1.0212684273719788,2,442,
56,66000,g,1.2388547658920288,2,442,
56,66000,h,1.0218362510204315,2,442,
56,66000,i,1.056784212589264,2,442,
56,66300,a,1.0046463012695312,2,444,
56,66300,b,1.2309479117393494,2,444,
56,66300,c,1.1757236123085022,2,444,
56,66300,d,1.1241058111190796,2,444,
56,66300,e,0.9631584286689758,2,444,
56,66300,f,1.0823746919631958,2,444,
56,66300,g,1.12174654006958,2,444,
56,66300,h,1.1146289706230164,2,444,
56,66300,i,1.0206151604652405,2,444,
56,66600,a,1.1356958150863647,2,446,
56,66600,b,1.2505661845207214,2,446,
56,66600,c,1.1793493032455444,2,446,
56,66600,d,0.9733075499534607,2,446,
56,66600,e,1.161882221698761,2,446,
56,66600,f,1.3157618641853333,2,446,
56,66600,g,1.1319924592971802,2,446,
56,66600,h,0.9453448355197906,2,446,
56,66600,i,1.127867341041565,2,446,
56,66900,a,1.0664414167404175,2,448,
56,66900,b,1.138290822505951,2,448,
56,66900,c,1.0096310079097748,2,448,
56,66900,d,1.005869835615158,2,448,
56,66900,e,0.9635235667228699,2,448,
56,66900,f,1.0977376699447632,2,448,
56,66900,g,0.9996013641357422,2,448,
56,66900,h,0.9218049645423889,2,448,
56,66900,i,0.9356241822242737,2,448,
56,67200,a,1.0206831097602844,2,450,
56,67200,b,1.0877848863601685,2,450,
56,67200,c,1.3532205820083618,2,450,
56,67200,d,1.0228418707847595,2,450,
56,67200,e,0.8963950276374817,2,450,
56,67200,f,1.2153934240341187,2,450,
56,67200,g,1.2223395109176636,2,450,
56,67200,h,1.077780544757843,2,450,
56,67200,i,0.9461459517478943,2,450,
56,67500,a,1.1928602457046509,2,452,
56,67500,b,1.1651332378387451,2,452,
56,67500,c,1.129763424396515,2,452,
56,67500,d,0.9675062298774719,2,452,
56,67500,e,0.8718608319759369,2,452,
56,67500,f,1.2313326001167297,2,452,
56,67500,g,1.0412501990795135,2,452,
56,67500,h,0.9991590976715088,2,452,
56,67500,i,0.9775002896785736,2,452,
56,67800,a,1.2178024649620056,2,454,
56,67800,b,1.169178307056427,2,454,
56,67800,c,1.1462735533714294,2,454,
56,67800,d,1.0891396403312683,2,454,
56,67800,e,1.0001071095466614,2,454,
56,67800,f,1.2455745339393616,2,454,
56,67800,g,1.1272515058517456,2,454,
56,67800,h,0.9007459878921509,2,454,
56,67800,i,1.0237148106098175,2,454,
56,68100,a,1.0559937953948975,2,456,
56,68100,b,1.2016289234161377,2,456,
56,68100,c,1.1087711453437805,2,456,
56,68100,d,1.0153300166130066,2,456,
56,68100,e,1.022400587797165,2,456,
56,68100,f,1.051466464996338,2,456,
56,68100,g,1.0140596628189087,2,456,
56,68100,h,0.9908970892429352,2,456,
56,68100,i,1.0515803396701813,2,456,
56,68400,a,0.9331492185592651,2,458,
56,68400,b,1.0302728116512299,2,458,
56,68400,c,1.2390298247337341,2,458,
56,68400,d,1.0023025572299957,2,458,
56,68400,e,0.9803985953330994,2,458,
56,68400,f,0.9676339030265808,2,458,
56,68400,g,1.055278718471527,2,458,
56,68400,h,0.9783511161804199,2,458,
56,68400,i,0.8933705389499664,2,458,
56,68700,a,1.0931846499443054,2,460,
56,68700,b,1.156386375427246,2,460,
56,68700,c,1.2759928107261658,2,460,
56,68700,d,1.0400678217411041,2,460,
56,68700,e,0.9249796867370605,2,460,
56,68700,f,1.2832931876182556,2,460,
56,68700,g,1.1231454610824585,2,460,
56,68700,h,1.1560924053192139,2,460,
56,68700,i,1.1389241218566895,2,460,
56,69000,a,1.038914978504181,2,462,
56,69000,b,1.355369746685028,2,462,
56,69000,c,1.2297614812850952,2,462,
56,69000,d,1.0519292950630188,2,462,
56,69000,e,0.998944103717804,2,462,
56,69000,f,0.986368328332901,2,462,
56,69000,g,1.0639813840389252,2,462,
56,69000,h,0.9392704367637634,2,462,
56,69000,i,1.0040533244609833,2,462,
56,69300,a,1.0640302896499634,2,464,
56,69300,b,1.0295835137367249,2,464,
56,69300,c,0.9882833659648895,2,464,
56,69300,d,1.0381871461868286,2,464,
56,69300,e,1.0276870727539062,2,464,
56,69300,f,1.1515714526176453,2,464,
56,69300,g,1.1700978875160217,2,464,
56,69300,h,1.0045278668403625,2,464,
56,69300,i,0.9858847856521606,2,464,
56,69600,a,1.1202483177185059,2,466,
56,69600,b,0.9418590068817139,2,466,
56,69600,c,1.035492867231369,2,466,
56,69600,d,1.0597877204418182,2,466,
56,69600,e,1.183675616979599,2,466,
56,69600,f,1.0106325149536133,2,466,
56,69600,g,0.9999267756938934,2,466,
56,69600,h,1.0960749387741089,2,466,
56,69600,i,0.9177040159702301,2,466,
56,69900,a,1.1448548436164856,2,468,
56,69900,b,1.085854709148407,2,468,
56,69900,c,1.1468746066093445,2,468,
56,69900,d,1.0112985372543335,2,468,
56,69900,e,1.0079733431339264,2,468,
56,69900,f,1.2416131496429443,2,468,
56,69900,g,1.0857535004615784,2,468,
56,69900,h,0.8167979717254639,2,468,
56,69900,i,1.0324442386627197,2,468,
56,70200,a,0.8972897529602051,2,470,
56,70200,b,1.1254084706306458,2,470,
56,70200,c,1.00889390707016,2,470,
56,70200,d,0.9908635914325714,2,470,
56,70200,e,1.1312204599380493,2,470,
56,70200,f,1.1468353867530823,2,470,
56,70200,g,1.217248260974884,2,470,
56,70200,h,0.9026714563369751,2,470,
56,70200,i,1.1300445795059204,2,470,
56,70500,a,0.9964187741279602,2,472,
56,70500,b,0.9826098680496216,2,472,
56,70500,c,0.9572293162345886,2,472,
56,70500,d,0.9134470224380493,2,472,
56,70500,e,0.9538593888282776,2,472,
56,70500,f,1.0928795337677002,2,472,
56,70500,g,1.1903054118156433,2,472,
56,70500,h,0.9922405481338501,2,472,
56,70500,i,1.0859450101852417,2,472,
56,70800,a,0.9457384943962097,2,474,
56,70800,b,1.0510617196559906,2,474,
56,70800,c,1.0208660960197449,2,474,
56,70800,d,0.9910254776477814,2,474,
56,70800,e,1.0651779174804688,2,474,
56,70800,f,0.9216980636119843,2,474,
56,70800,g,1.0621730387210846,2,474,
56,70800,h,1.0646705329418182,2,474,
56,70800,i,0.9304162859916687,2,474,
56,71100,a,1.1068241000175476,2,476,
56,71100,b,0.9918075203895569,2,476,
56,71100,c,1.2684993147850037,2,476,
56,71100,d,1.0168230831623077,2,476,
56,71100,e,0.962678074836731,2,476,
56,71100,f,1.1244817972183228,2,476,
56,71100,g,1.1888947486877441,2,476,
56,71100,h,0.9508902430534363,2,476,
56,71100,i,0.9725289940834045,2,476,
56,71400,a,1.0133990943431854,2,478,
56,71400,b,1.164359211921692,2,478,
56,71400,c,1.075609028339386,2,478,
56,71400,d,0.9365147650241852,2,478,
56,71400,e,1.0189191699028015,2,478,
56,71400,f,1.16782146692276,2,478,
56,71400,g,0.9561179280281067,2,478,
56,71400,h,1.0804930925369263,2,478,
56,71400,i,0.9983235895633698,2,478,
56,71700,a,1.0260248184204102,2,480,
56,71700,b,1.0190924406051636,2,480,
56,71700,c,1.1385228037834167,2,480,
56,71700,d,1.0026942193508148,2,480,
56,71700,e,1.0925665497779846,2,480,
56,71700,f,1.0154676735401154,2,480,
56,71700,g,1.0803183019161224,2,480,
56,71700,h,0.9713767766952515,2,480,
56,71700,i,1.0407969951629639,2,480,
56,72000,a,0.9429185092449188,2,482,
56,72000,b,1.0643798112869263,2,482,
56,72000,c,1.066730797290802,2,482,
56,72000,d,0.9448836445808411,2,482,
56,72000,e,1.1904089450836182,2,482,
56,72000,f,1.0750689506530762,2,482,
56,72000,g,1.1792535781860352,2,482,
56,72000,h,0.8277506530284882,2,482,
56,72000,i,0.9537035524845123,2,482,
56,72300,a,1.09737628698349,2,484,
56,72300,b,1.1007612347602844,2,484,
56,72300,c,0.9556743502616882,2,484,
56,72300,d,0.9630916118621826,2,484,
56,72300,e,1.1664246916770935,2,484,
56,72300,f,1.0835429728031158,2,484,
56,72300,g,1.0280261039733887,2,484,
56,72300,h,0.9461998641490936,2,484,
56,72300,i,0.8927842974662781,2,484,
56,72600,a,1.032374531030655,2,486,
56,72600,b,1.0379486382007599,2,486,
56,72600,c,1.1910732984542847,2,486,
56,72600,d,0.9395883083343506,2,486,
56,72600,e,1.0495046377182007,2,486,
56,72600,f,1.1873736381530762,2,486,
56,72600,g,1.1844950318336487,2,486,
56,72600,h,0.8996361196041107,2,486,
56,72600,i,0.9557107985019684,2,486,
56,72900,a,0.9982578158378601,2,488,
56,72900,b,1.0980092287063599,2,488,
56,72900,c,1.0696943402290344,2,488,
56,72900,d,0.8510279953479767,2,488,
56,72900,e,1.2690542340278625,2,488,
56,72900,f,1.0761931538581848,2,488,
56,72900,g,1.102311372756958,2,488,
56,72900,h,0.8058715164661407,2,488,
56,72900,i,1.0295145511627197,2,488,
56,73200,a,1.077681839466095,2,490,
56,73200,b,0.9231259524822235,2,490,
56,73200,c,1.3351629376411438,2,490,
56,73200,d,0.9574628472328186,2,490,
56,73200,e,1.0118789970874786,2,490,
56,73200,f,0.9043051302433014,2,490,
56,73200,g,1.053349256515503,2,490,
56,73200,h,0.8363586068153381,2,490,
56,73200,i,1.0643566846847534,2,490,
56,73500,a,1.1324276328086853,2,492,
56,73500,b,0.9938706755638123,2,492,
56,73500,c,1.1005497574806213,2,492,
56,73500,d,0.8774071037769318,2,492,
56,73500,e,0.9197973310947418,2,492,
56,73500,f,1.0471619963645935,2,492,
56,73500,g,1.062286913394928,2,492,
56,73500,h,1.059441864490509,2,492,
56,73500,i,0.9160010814666748,2,492,
56,73800,a,0.9271222054958344,2,494,
56,73800,b,1.2306030988693237,2,494,
56,73800,c,1.0665825605392456,2,494,
56,73800,d,0.9684256017208099,2,494,
56,73800,e,1.2718783617019653,2,494,
56,73800,f,0.873235672712326,2,494,
56,73800,g,1.0137901306152344,2,494,
56,73800,h,0.7588555812835693,2,494,
56,73800,i,1.0973535478115082,2,494,
56,74100,a,1.079010248184204,2,496,
56,74100,b,1.0198096334934235,2,496,
56,74100,c,0.9501834511756897,2,496,
56,74100,d,0.9273512065410614,2,496,
56,74100,e,1.0780650973320007,2,496,
56,74100,f,0.9913428425788879,2,496,
56,74100,g,0.969915360212326,2,496,
56,74100,h,0.8977785110473633,2,496,
56,74100,i,0.8963716328144073,2,496,
56,74400,a,0.9147333800792694,2,498,
56,74400,b,1.316544532775879,2,498,
56,74400,c,0.9593601226806641,2,498,
56,74400,d,1.0790917575359344,2,498,
56,74400,e,0.9882080256938934,2,498,
56,74400,f,0.9905713796615601,2,498,
56,74400,g,1.0116767287254333,2,498,
56,74400,h,1.0772573351860046,2,498,
56,74400,i,1.1396697759628296,2,498,
56,74700,a,0.9754347205162048,2,500,
56,74700,b,1.2241122722625732,2,500,
56,74700,c,0.9692140221595764,2,500,
56,74700,d,1.0641541481018066,2,500,
56,74700,e,1.1634639501571655,2,500,
56,74700,f,1.1151660680770874,2,500,
56,74700,g,0.9387978315353394,2,500,
56,74700,h,0.9192560315132141,2,500,
56,74700,i,1.0281934142112732,2,500,
56,75000,a,1.08366060256958,2,502,
56,75000,b,0.9974657893180847,2,502,
56,75000,c,1.1127729415893555,2,502,
56,75000,d,0.9052211940288544,2,502,
56,75000,e,0.9302067458629608,2,502,
56,75000,f,1.0182654559612274,2,502,
56,75000,g,1.2073954939842224,2,502,
56,75000,h,0.9705505967140198,2,502,
56,75000,i,0.8689112067222595,2,502,
56,75300,a,1.0226364731788635,2,504,
56,75300,b,0.9958499073982239,2,504,
56,75300,c,1.0654637217521667,2,504,
56,75300,d,0.972059428691864,2,504,
56,75300,e,0.910304069519043,2,504,
56,75300,f,1.0757318139076233,2,504,
56,75300,g,1.137458086013794,2,504,
56,75300,h,0.9604474008083344,2,504,
56,75300,i,0.9079450368881226,2,504,
56,75600,a,1.0576478242874146,2,506,
56,75600,b,1.019971489906311,2,506,
56,75600,c,0.9912326633930206,2,506,
56,75600,d,1.1561885476112366,2,506,
56,75600,e,0.8747328817844391,2,506,
56,75600,f,0.9635733366012573,2,506,
56,75600,g,1.19276362657547,2,506,
56,75600,h,0.9324679672718048,2,506,
56,75600,i,0.9606401920318604,2,506,
56,75900,a,1.0593376159667969,2,508,
56,75900,b,1.1342337131500244,2,508,
56,75900,c,1.1205805540084839,2,508,
56,75900,d,0.9759336411952972,2,508,
56,75900,e,0.9542850255966187,2,508,
56,75900,f,1.1159127950668335,2,508,
56,75900,g,0.9468248784542084,2,508,
56,75900,h,0.9898222982883453,2,508,
56,75900,i,0.9690160155296326,2,508,
56,76200,a,1.10527104139328,2,510,
56,76200,b,1.066061794757843,2,510,
56,76200,c,0.9608710408210754,2,510,
56,76200,d,0.7962257266044617,2,510,
56,76200,e,0.8595517575740814,2,510,
56,76200,f,1.1204133033752441,2,510,
56,76200,g,1.013215810060501,2,510,
56,76200,h,0.9222353398799896,2,510,
56,76200,i,0.9658142030239105,2,510,
56,76500,a,0.9800243675708771,2,512,
56,76500,b,1.1731484234333038,2,512,
56,76500,c,0.9199813008308411,2,512,
56,76500,d,0.9374464452266693,2,512,
56,76500,e,0.9720406234264374,2,512,
56,76500,f,1.057558000087738,2,512,
56,76500,g,0.9584506452083588,2,512,
56,76500,h,0.9474455714225769,2,512,
56,76500,i,0.9900637269020081,2,512,
56,76800,a,0.927328884601593,2,514,
56,76800,b,1.0182757377624512,2,514,
56,76800,c,1.1537151336669922,2,514,
56,76800,d,0.8782520890235901,2,514,
56,76800,e,0.8875295221805573,2,514,
56,76800,f,1.0853118300437927,2,514,
56,76800,g,1.0189705193042755,2,514,
56,76800,h,1.0590620934963226,2,514,
56,76800,i,1.0863964557647705,2,514,
56,77100,a,1.0799129009246826,2,516,
56,77100,b,1.0956175029277802,2,516,
56,77100,c,1.1670377850532532,2,516,
56,77100,d,0.9361829459667206,2,516,
56,77100,e,0.8590360581874847,2,516,
56,77100,f,0.910535991191864,2,516,
56,77100,g,1.0006846189498901,2,516,
56,77100,h,0.9209307432174683,2,516,
56,77100,i,0.9249638617038727,2,516,
56,77400,a,1.0932579040527344,2,518,
56,77400,b,0.9455721974372864,2,518,
56,77400,c,0.9814575016498566,2,518,
56,77400,d,0.9499050676822662,2,518,
56,77400,e,0.9523795247077942,2,518,
56,77400,f,0.9647673666477203,2,518,
56,77400,g,0.974166214466095,2,518,
56,77400,h,1.069060206413269,2,518,
56,77400,i,0.8842836618423462,2,518,
56,77700,a,1.1600969433784485,2,520,
56,77700,b,1.1186582148075104,2,520,
56,77700,c,0.9618058502674103,2,520,
56,77700,d,0.9372918009757996,2,520,
56,77700,e,0.8998754024505615,2,520,
56,77700,f,1.0524038970470428,2,520,
56,77700,g,1.0511349439620972,2,520,
56,77700,h,0.9879400134086609,2,520,
56,77700,i,1.0440983176231384,2,520,
56,78000,a,1.0216628015041351,2,522,
56,78000,b,1.0872449278831482,2,522,
56,78000,c,1.0013485550880432,2,522,
56,78000,d,1.043770670890808,2,522,
56,78000,e,1.031108796596527,2,522,
56,78000,f,1.045580267906189,2,522,
56,78000,g,1.0482274293899536,2,522,
56,78000,h,1.0184123516082764,2,522,
56,78000,i,1.0048900246620178,2,522,
56,78300,a,1.0008645057678223,2,524,
56,78300,b,1.0554059743881226,2,524,
56,78300,c,1.141761600971222,2,524,
56,78300,d,0.8369449377059937,2,524,
56,78300,e,0.8520198166370392,2,524,
56,78300,f,1.051754891872406,2,524,
56,78300,g,0.9426799416542053,2,524,
56,78300,h,0.9098319411277771,2,524,
56,78300,i,1.0266202688217163,2,524,
56,78600,a,1.0491408109664917,2,526,
56,78600,b,1.0643990635871887,2,526,
56,78600,c,1.1207661628723145,2,526,
56,78600,d,1.0661908984184265,2,526,
56,78600,e,0.9022976160049438,2,526,
56,78600,f,0.9311952590942383,2,526,
56,78600,g,1.1055648624897003,2,526,
56,78600,h,0.9336981475353241,2,526,
56,78600,i,1.0816972255706787,2,526,
56,78900,a,0.9898021817207336,2,528,
56,78900,b,1.0547834038734436,2,528,
56,78900,c,0.9446515440940857,2,528,
56,78900,d,0.9972074031829834,2,528,
56,78900,e,0.9985785484313965,2,528,
56,78900,f,1.0495399236679077,2,528,
56,78900,g,0.9984604120254517,2,528,
56,78900,h,0.8271666467189789,2,528,
56,78900,i,0.9181773066520691,2,528,
56,79200,a,0.9396105706691742,2,530,
56,79200,b,1.0675062537193298,2,530,
56,79200,c,1.0081748366355896,2,530,
56,79200,d,0.9270193576812744,2,530,
56,79200,e,0.7953915596008301,2,530,
56,79200,f,0.9587581753730774,2,530,
56,79200,g,1.0900823473930359,2,530,
56,79200,h,0.878671795129776,2,530,
56,79200,i,1.0759267807006836,2,530,
56,79500,a,0.9647825658321381,2,532,
56,79500,b,0.9002598524093628,2,532,
56,79500,c,1.0040804147720337,2,532,
56,79500,d,0.8309176564216614,2,532,
56,79500,e,0.7923763394355774,2,532,
56,79500,f,1.1071500778198242,2,532,
56,79500,g,0.9144991636276245,2,532,
56,79500,h,0.9554445743560791,2,532,
56,79500,i,0.9100530743598938,2,532,
56,79800,a,1.0030615031719208,2,534,
56,79800,b,0.8698982000350952,2,534,
56,79800,c,1.0228405594825745,2,534,
56,79800,d,0.9852009415626526,2,534,
56,79800,e,0.8669618368148804,2,534,
56,79800,f,1.113425850868225,2,534,
56,79800,g,1.0130435228347778,2,534,
56,79800,h,0.7110117673873901,2,534,
56,79800,i,1.0442548394203186,2,534,
56,80100,a,1.072068691253662,2,536,
56,80100,b,0.972743570804596,2,536,
56,80100,c,1.060741126537323,2,536,
56,80100,d,1.0624054670333862,2,536,
56,80100,e,0.9129558503627777,2,536,
56,80100,f,1.1878031194210052,2,536,
56,80100,g,1.1923257112503052,2,536,
56,80100,h,0.7824814021587372,2,536,
56,80100,i,0.8871363401412964,2,536,
56,80400,a,0.9346386194229126,2,538,
56,80400,b,0.9668615460395813,2,538,
56,80400,c,1.0279255509376526,2,538,
56,80400,d,0.9849143028259277,2,538,
56,80400,e,0.8592450618743896,2,538,
56,80400,f,1.008095145225525,2,538,
56,80400,g,0.9241073727607727,2,538,
56,80400,h,1.1135936975479126,2,538,
56,80400,i,1.057019591331482,2,538,
56,80700,a,1.0804241299629211,2,540,
56,80700,b,0.8428871929645538,2,540,
56,80700,c,1.073338508605957,2,540,
56,80700,d,1.1071946024894714,2,540,
56,80700,e,0.9793541431427002,2,540,
56,80700,f,1.1403053402900696,2,540,
56,80700,g,1.158172607421875,2,540,
56,80700,h,0.9413440525531769,2,540,
56,80700,i,1.052503764629364,2,540,
56,81000,a,0.9156581163406372,2,542,
56,81000,b,1.2639724016189575,2,542,
56,81000,c,1.094492495059967,2,542,
56,81000,d,0.8320487439632416,2,542,
56,81000,e,0.9586078524589539,2,542,
56,81000,f,1.0394083261489868,2,542,
56,81000,g,1.167884647846222,2,542,
56,81000,h,1.0161825120449066,2,542,
56,81000,i,1.0311003923416138,2,542,
56,81300,a,0.9378658533096313,2,544,
56,81300,b,1.0254032015800476,2,544,
56,81300,c,1.024257093667984,2,544,
56,81300,d,0.94968181848526,2,544,
56,81300,e,0.9496257901191711,2,544,
56,81300,f,0.8761614561080933,2,544,
56,81300,g,0.8384096324443817,2,544,
56,81300,h,1.0384390652179718,2,544,
56,81300,i,0.9436690807342529,2,544,
56,81600,a,0.872492104768753,2,546,
56,81600,b,0.86252361536026,2,546,
56,81600,c,1.0684193968772888,2,546,
56,81600,d,0.8330603539943695,2,546,
56,81600,e,1.0892584919929504,2,546,
56,81600,f,1.112775981426239,2,546,
56,81600,g,0.8598130941390991,2,546,
56,81600,h,0.7942154407501221,2,546,
56,81600,i,0.809397280216217,2,546,
56,81900,a,0.9662645161151886,2,548,
56,81900,b,0.7616101801395416,2,548,
56,81900,c,0.9129346311092377,2,548,
56,81900,d,0.9252992570400238,2,548,
56,81900,e,0.9037197828292847,2,548,
56,81900,f,1.188579261302948,2,548,
56,81900,g,0.9044373333454132,2,548,
56,81900,h,0.9564333856105804,2,548,
56,81900,i,0.8037289381027222,2,548,
56,82200,a,0.8031899034976959,2,550,
56,82200,b,0.8721917867660522,2,550,
56,82200,c,1.0159269571304321,2,550,
56,82200,d,0.9158969223499298,2,550,
56,82200,e,0.9323229491710663,2,550,
56,82200,f,0.8529141843318939,2,550,
56,82200,g,0.9396737813949585,2,550,
56,82200,h,0.816930502653122,2,550,
56,82200,i,0.9149916470050812,2,550,
56,82500,a,1.036395013332367,2,552,
56,82500,b,0.9817298054695129,2,552,
56,82500,c,0.9514158070087433,2,552,
56,82500,d,0.9684703946113586,2,552,
56,82500,e,0.9162005484104156,2,552,
56,82500,f,0.8942357003688812,2,552,
56,82500,g,1.0177793502807617,2,552,
56,82500,h,0.9847857058048248,2,552,
56,82500,i,0.864456832408905,2,552,
56,82800,a,0.8766089081764221,2,554,
56,82800,b,1.0317927598953247,2,554,
56,82800,c,1.0814796090126038,2,554,
56,82800,d,1.0756668448448181,2,554,
56,82800,e,0.8392637670040131,2,554,
56,82800,f,0.987812727689743,2,554,
56,82800,g,1.0692834258079529,2,554,
56,82800,h,0.9085432887077332,2,554,
56,82800,i,1.0743017196655273,2,554,
56,83100,a,0.907676100730896,2,556,
56,83100,b,1.1567116379737854,2,556,
56,83100,c,0.8999860286712646,2,556,
56,83100,d,0.9051827788352966,2,556,
56,83100,e,1.0983840227127075,2,556,
56,83100,f,0.9951421320438385,2,556,
56,83100,g,1.2997218370437622,2,556,
56,83100,h,0.8432241678237915,2,556,
56,83100,i,0.926523894071579,2,556,
56,83400,a,0.914573609828949,2,558,
56,83400,b,0.9676545858383179,2,558,
56,83400,c,1.1399730443954468,2,558,
56,83400,d,0.8223617970943451,2,558,
56,83400,e,0.9163727462291718,2,558,
56,83400,f,1.1675573587417603,2,558,
56,83400,g,0.910939633846283,2,558,
56,83400,h,0.6825443208217621,2,558,
56,83400,i,0.8610162436962128,2,558,
56,83700,a,0.9443675577640533,2,560,
56,83700,b,1.0147187411785126,2,560,
56,83700,c,1.1202701926231384,2,560,
56,83700,d,0.8857856392860413,2,560,
56,83700,e,0.9236789345741272,2,560,
56,83700,f,1.0197370946407318,2,560,
56,83700,g,1.0633546113967896,2,560,
56,83700,h,0.8365316689014435,2,560,
56,83700,i,0.9057284593582153,2,560,
56,84000,a,1.0728667378425598,2,562,
56,84000,b,1.0894745290279388,2,562,
56,84000,c,1.2114579677581787,2,562,
56,84000,d,0.9122431576251984,2,562,
56,84000,e,0.9337294697761536,2,562,
56,84000,f,0.9343354105949402,2,562,
56,84000,g,1.0112417936325073,2,562,
56,84000,h,0.8599534630775452,2,562,
56,84000,i,0.958545982837677,2,562,
56,84300,a,0.8442473411560059,2,564,
56,84300,b,1.2076146006584167,2,564,
56,84300,c,1.1359906196594238,2,564,
56,84300,d,0.791534811258316,2,564,
56,84300,e,0.7961718738079071,2,564,
56,84300,f,0.8268232047557831,2,564,
56,84300,g,1.2614019513130188,2,564,
56,84300,h,0.8753046989440918,2,564,
56,84300,i,0.8972180485725403,2,564,
56,84600,a,0.923657238483429,2,566,
56,84600,b,0.8899336457252502,2,566,
56,84600,c,1.1254518628120422,2,566,
56,84600,d,0.8879558145999908,2,566,
56,84600,e,0.795223593711853,2,566,
56,84600,f,1.0609292387962341,2,566,
56,84600,g,0.8924728035926819,2,566,
56,84600,h,0.8476555347442627,2,566,
56,84600,i,0.9009377062320709,2,566,
56,84900,a,0.9051995277404785,2,568,
56,84900,b,0.8606748580932617,2,568,
56,84900,c,1.0377867221832275,2,568,
56,84900,d,0.8832979798316956,2,568,
56,84900,e,0.922796368598938,2,568,
56,84900,f,0.9522629976272583,2,568,
56,84900,g,0.9435784816741943,2,568,
56,84900,h,0.8734807372093201,2,568,
56,84900,i,0.9638988971710205,2,568,
56,85200,a,0.9782839715480804,2,570,
56,85200,b,0.9663298726081848,2,570,
56,85200,c,1.0863136649131775,2,570,
56,85200,d,0.9692753851413727,2,570,
56,85200,e,0.8184167444705963,2,570,
56,85200,f,0.9641451239585876,2,570,
56,85200,g,1.0329051911830902,2,570,
56,85200,h,1.0881604552268982,2,570,
56,85200,i,0.8837045431137085,2,570,
56,85500,a,0.9181534349918365,2,572,
56,85500,b,0.961524486541748,2,572,
56,85500,c,0.8971282541751862,2,572,
56,85500,d,0.9602768123149872,2,572,
56,85500,e,1.0411738157272339,2,572,
56,85500,f,1.1121170818805695,2,572,
56,85500,g,0.9229794144630432,2,572,
56,85500,h,0.7609249353408813,2,572,
56,85500,i,0.9980065822601318,2,572,
56,85800,a,0.9278965592384338,2,574,
56,85800,b,1.0493439435958862,2,574,
56,85800,c,1.1140132546424866,2,574,
56,85800,d,0.9154418706893921,2,574,
56,85800,e,0.8054889738559723,2,574,
56,85800,f,0.948237955570221,2,574,
56,85800,g,0.9742757380008698,2,574,
56,85800,h,0.734736442565918,2,574,
56,85800,i,0.8590907752513885,2,574,
56,86100,a,1.0610100030899048,2,576,
56,86100,b,0.9845733642578125,2,576,
56,86100,c,1.2308098673820496,2,576,
56,86100,d,1.028248369693756,2,576,
56,86100,e,0.7453416287899017,2,576,
56,86100,f,1.1429952383041382,2,576,
56,86100,g,0.9031384587287903,2,576,
56,86100,h,0.890875518321991,2,576,
56,86100,i,1.0316090285778046,2,576,
56,86400,a,0.9219629764556885,2,578,
56,86400,b,0.9768295586109161,2,578,
56,86400,c,1.0650276243686676,2,578,
56,86400,d,0.928325355052948,2,578,
56,86400,e,0.7580904364585876,2,578,
56,86400,f,1.0383260250091553,2,578,
56,86400,g,0.8987244367599487,2,578,
56,86400,h,0.7710746228694916,2,578,
56,86400,i,0.9733955562114716,2,578,
83,0,a,1.8359460234642029,2,2,
83,0,b,1.8167940378189087,2,2,
83,0,c,1.8067539930343628,2,2,
83,0,d,1.8360312581062317,2,2,
83,0,e,1.8176721930503845,2,2,
83,0,f,1.8292340636253357,2,2,
83,0,g,1.8102306127548218,2,2,
83,0,h,1.7909566164016724,2,2,
83,0,i,1.8382118940353394,2,2,
83,300,a,1.7974812388420105,2,4,
83,300,b,1.812863528728485,2,4,
83,300,c,1.8160990476608276,2,4,
83,300,d,1.7982105016708374,2,4,
83,300,e,1.798233985900879,2,4,
83,300,f,1.8141106367111206,2,4,
83,300,g,1.8483023047447205,2,4,
83,300,h,1.7826366424560547,2,4,
83,300,i,1.8263643980026245,2,4,
83,600,a,1.8011291027069092,2,6,
83,600,b,1.8050044775009155,2,6,
83,600,c,1.7992929816246033,2,6,
83,600,d,1.8119508624076843,2,6,
83,600,e,1.7844349145889282,2,6,
83,600,f,1.7893084287643433,2,6,
83,600,g,1.7754274010658264,2,6,
83,600,h,1.777564525604248,2,6,
83,600,i,1.8039944171905518,2,6,
83,900,a,1.7919853925704956,2,8,
83,900,b,1.7771313786506653,2,8,
83,900,c,1.800136685371399,2,8,
83,900,d,1.8056078553199768,2,8,
83,900,e,1.7970932722091675,2,8,
83,900,f,1.7752561569213867,2,8,
83,900,g,1.8023367524147034,2,8,
83,900,h,1.7662317752838135,2,8,
83,900,i,1.805774211883545,2,8,
83,1200,a,1.7909262776374817,2,10,
83,1200,b,1.8196904063224792,2,10,
83,1200,c,1.7842617630958557,2,10,
83,1200,d,1.7850393652915955,2,10,
83,1200,e,1.7533302307128906,2,10,
83,1200,f,1.7932147979736328,2,10,
83,1200,g,1.804758071899414,2,10,
83,1200,h,1.747417151927948,2,10,
83,1200,i,1.77969628572464,2,10,
83,1500,a,1.7933058738708496,2,12,
83,1500,b,1.7870874404907227,2,12,
83,1500,c,1.817965805530548,2,12,
83,1500,d,1.7626211047172546,2,12,
83,1500,e,1.7533173561096191,2,12,
83,1500,f,1.7756494283676147,2,12,
83,1500,g,1.7711235284805298,2,12,
83,1500,h,1.7349047660827637,2,12,
83,1500,i,1.7853561639785767,2,12,
83,1800,a,1.7821751236915588,2,14,
83,1800,b,1.7836481928825378,2,14,
83,1800,c,1.8028801679611206,2,14,
83,1800,d,1.792572021484375,2,14,
83,1800,e,1.7705093026161194,2,14,
83,1800,f,1.7818908095359802,2,14,
83,1800,g,1.8064813613891602,2,14,
83,1800,h,1.7592756748199463,2,14,
83,1800,i,1.7661343216896057,2,14,
83,2100,a,1.7870609164237976,2,16,
83,2100,b,1.7887349724769592,2,16,
83,2100,c,1.785073161125183,2,16,
83,2100,d,1.7474167346954346,2,16,
83,2100,e,1.7523357272148132,2,16,
83,2100,f,1.7852662801742554,2,16,
83,2100,g,1.7783396244049072,2,16,
83,2100,h,1.749502956867218,2,16,
83,2100,i,1.7732313871383667,2,16,
83,2400,a,1.7739180326461792,2,18,
83,2400,b,1.788537859916687,2,18,
83,2400,c,1.8043186664581299,2,18,
83,2400,d,1.7530322670936584,2,18,
83,2400,e,1.7796916961669922,2,18,
83,2400,f,1.7757918238639832,2,18,
83,2400,g,1.7712360620498657,2,18,
83,2400,h,1.7286460399627686,2,18,
83,2400,i,1.762345314025879,2,18,
83,2700,a,1.769373893737793,2,20,
83,2700,b,1.8027020692825317,2,20,
83,2700,c,1.785673975944519,2,20,
83,2700,d,1.7493971586227417,2,20,
83,2700,e,1.7192627787590027,2,20,
83,2700,f,1.752310335636139,2,20,
83,2700,g,1.7790059447288513,2,20,
83,2700,h,1.7860791683197021,2,20,
83,2700,i,1.7494380474090576,2,20,
83,3000,a,1.7557106614112854,2,22,
83,3000,b,1.7827147841453552,2,22,
83,3000,c,1.7822872996330261,2,22,
83,3000,d,1.7579963207244873,2,22,
83,3000,e,1.7354257106781006,2,22,
83,3000,f,1.7660484910011292,2,22,
83,3000,g,1.7542840242385864,2,22,
83,3000,h,1.77866530418396,2,22,
83,3000,i,1.7395046949386597,2,22,
83,3300,a,1.738706111907959,2,24,
83,3300,b,1.7642393112182617,2,24,
83,3300,c,1.794323742389679,2,24,
83,3300,d,1.7361813187599182,2,24,
83,3300,e,1.7290398478507996,2,24,
83,3300,f,1.7834492325782776,2,24,
83,3300,g,1.769719123840332,2,24,
83,3300,h,1.720292329788208,2,24,
83,3300,i,1.7554231882095337,2,24,
83,3600,a,1.7429671883583069,2,26,
83,3600,b,1.7675418853759766,2,26,
83,3600,c,1.7702971696853638,2,26,
83,3600,d,1.711268126964569,2,26,
83,3600,e,1.7538013458251953,2,26,
83,3600,f,1.7523207664489746,2,26,
83,3600,g,1.7520927786827087,2,26,
83,3600,h,1.700058937072754,2,26,
83,3600,i,1.7281697988510132,2,26,
83,3900,a,1.7314836978912354,2,28,
83,3900,b,1.7610785365104675,2,28,
83,3900,c,1.774616539478302,2,28,
83,3900,d,1.7194913625717163,2,28,
83,3900,e,1.7223381996154785,2,28,
83,3900,f,1.7597665190696716,2,28,
83,3900,g,1.7308853268623352,2,28,
83,3900,h,1.7165778279304504,2,28,
83,3900,i,1.7551945447921753,2,28,
83,4200,a,1.7473046779632568,2,30,
83,4200,b,1.7664992213249207,2,30,
83,4200,c,1.7961110472679138,2,30,
83,4200,d,1.7223865985870361,2,30,
83,4200,e,1.7497039437294006,2,30,
83,4200,f,1.778775930404663,2,30,
83,4200,g,1.7156490087509155,2,30,
83,4200,h,1.7274919748306274,2,30,
83,4200,i,1.7067256569862366,2,30,
83,4500,a,1.7181017994880676,2,32,
83,4500,b,1.7601690292358398,2,32,
83,4500,c,1.7789405584335327,2,32,
83,4500,d,1.7032476663589478,2,32,
83,4500,e,1.720381498336792,2,32,
83,4500,f,1.75728178024292,2,32,
83,4500,g,1.7139195203781128,2,32,
83,4500,h,1.7034027576446533,2,32,
83,4500,i,1.7038675546646118,2,32,
83,4800,a,1.7296746969223022,2,34,
83,4800,b,1.776947259902954,2,34,
83,4800,c,1.7509371042251587,2,34,
83,4800,d,1.7048479914665222,2,34,
83,4800,e,1.6953356862068176,2,34,
83,4800,f,1.7349356412887573,2,34,
83,4800,g,1.7429527044296265,2,34,
83,4800,h,1.7309719920158386,2,34,
83,4800,i,1.7108351588249207,2,34,
83,5100,a,1.7352733612060547,2,36,
83,5100,b,1.755143642425537,2,36,
83,5100,c,1.7388057112693787,2,36,
83,5100,d,1.6783663034439087,2,36,
83,5100,e,1.7081942558288574,2,36,
83,5100,f,1.7407214045524597,2,36,
83,5100,g,1.7184031009674072,2,36,
83,5100,h,1.694379210472107,2,36,
83,5100,i,1.6733960509300232,2,36,
83,5400,a,1.6707727313041687,2,38,
83,5400,b,1.7455032467842102,2,38,
83,5400,c,1.7231590151786804,2,38,
83,5400,d,1.699149489402771,2,38,
83,5400,e,1.6695062518119812,2,38,
83,5400,f,1.722361981868744,2,38,
83,5400,g,1.6822115182876587,2,38,
83,5400,h,1.7104884386062622,2,38,
83,5400,i,1.7326453924179077,2,38,
83,5700,a,1.6878660917282104,2,40,
83,5700,b,1.7251761555671692,2,40,
83,5700,c,1.7482901811599731,2,40,
83,5700,d,1.6583080887794495,2,40,
83,5700,e,1.6753681302070618,2,40,
83,5700,f,1.7457901239395142,2,40,
83,5700,g,1.672325074672699,2,40,
83,5700,h,1.6568620800971985,2,40,
83,5700,i,1.7030935287475586,2,40,
83,6000,a,1.7069273591041565,2,42,
83,6000,b,1.7279823422431946,2,42,
83,6000,c,1.7436063885688782,2,42,
83,6000,d,1.6498466730117798,2,42,
83,6000,e,1.725575029850006,2,42,
83,6000,f,1.717694342136383,2,42,
83,6000,g,1.67087721824646,2,42,
83,6000,h,1.7413595914840698,2,42,
83,6000,i,1.654438316822052,2,42,
83,6300,a,1.7250387072563171,2,44,
83,6300,b,1.7709088921546936,2,44,
83,6300,c,1.7149380445480347,2,44,
83,6300,d,1.6443196535110474,2,44,
83,6300,e,1.6741650104522705,2,44,
83,6300,f,1.700298547744751,2,44,
83,6300,g,1.6894491910934448,2,44,
83,6300,h,1.7043870091438293,2,44,
83,6300,i,1.6941750049591064,2,44,
83,6600,a,1.649124026298523,2,46,
83,6600,b,1.7458415031433105,2,46,
83,6600,c,1.7291350960731506,2,46,
83,6600,d,1.6625023484230042,2,46,
83,6600,e,1.6374782919883728,2,46,
83,6600,f,1.7410749793052673,2,46,
83,6600,g,1.6952242851257324,2,46,
83,6600,h,1.6511740684509277,2,46,
83,6600,i,1.6252434253692627,2,46,
83,6900,a,1.695995807647705,2,48,
83,6900,b,1.780434012413025,2,48,
83,6900,c,1.7266520857810974,2,48,
83,6900,d,1.7088451385498047,2,48,
83,6900,e,1.6494537591934204,2,48,
83,6900,f,1.716201364994049,2,48,
83,6900,g,1.7217187881469727,2,48,
83,6900,h,1.6504432559013367,2,48,
83,6900,i,1.6630167961120605,2,48,
83,7200,a,1.6993675231933594,2,50,
83,7200,b,1.706031322479248,2,50,
83,7200,c,1.7164873480796814,2,50,
83,7200,d,1.6504093408584595,2,50,
83,7200,e,1.6578856110572815,2,50,
83,7200,f,1.6653785705566406,2,50,
83,7200,g,1.6926745772361755,2,50,
83,7200,h,1.6943877935409546,2,50,
83,7200,i,1.6906883120536804,2,50,
83,7500,a,1.6939042210578918,2,52,
83,7500,b,1.7354618906974792,2,52,
83,7500,c,1.6805586218833923,2,52,
83,7500,d,1.6516512036323547,2,52,
83,7500,e,1.5782906413078308,2,52,
83,7500,f,1.7023109793663025,2,52,
83,7500,g,1.614972710609436,2,52,
83,7500,h,1.681630253791809,2,52,
83,7500,i,1.606412947177887,2,52,
83,7800,a,1.6246338486671448,2,54,
83,7800,b,1.7042253613471985,2,54,
83,7800,c,1.7123283743858337,2,54,
83,7800,d,1.7048394680023193,2,54,
83,7800,e,1.6420459747314453,2,54,
83,7800,f,1.643935203552246,2,54,
83,7800,g,1.6096880435943604,2,54,
83,7800,h,1.683108150959015,2,54,
83,7800,i,1.6255730986595154,2,54,
83,8100,a,1.695353388786316,2,56,
83,8100,b,1.7466528415679932,2,56,
83,8100,c,1.6275181770324707,2,56,
83,8100,d,1.6445273756980896,2,56,
83,8100,e,1.6839569807052612,2,56,
83,8100,f,1.692363440990448,2,56,
83,8100,g,1.6414169669151306,2,56,
83,8100,h,1.619317650794983,2,56,
83,8100,i,1.6081148386001587,2,56,
83,8400,a,1.6358004808425903,2,58,
83,8400,b,1.7179627418518066,2,58,
83,8400,c,1.712774395942688,2,58,
83,8400,d,1.6065891981124878,2,58,
83,8400,e,1.5922467708587646,2,58,
83,8400,f,1.6701545715332031,2,58,
83,8400,g,1.613733172416687,2,58,
83,8400,h,1.6661919355392456,2,58,
83,8400,i,1.6074573993682861,2,58,
83,8700,a,1.6133198142051697,2,60,
83,8700,b,1.7320324182510376,2,60,
83,8700,c,1.6781606674194336,2,60,
83,8700,d,1.6232157349586487,2,60,
83,8700,e,1.617942452430725,2,60,
83,8700,f,1.6898125410079956,2,60,
83,8700,g,1.689259648323059,2,60,
83,8700,h,1.6210441589355469,2,60,
83,8700,i,1.6179648637771606,2,60,
83,9000,a,1.6486361622810364,2,62,
83,9000,b,1.712017297744751,2,62,
83,9000,c,1.682698130607605,2,62,
83,9000,d,1.6243359446525574,2,62,
83,9000,e,1.6346310377120972,2,62,
83,9000,f,1.6380819082260132,2,62,
83,9000,g,1.6329609155654907,2,62,
83,9000,h,1.5337292551994324,2,62,
83,9000,i,1.6477674841880798,2,62,
83,9300,a,1.610963523387909,2,64,
83,9300,b,1.6940925121307373,2,64,
83,9300,c,1.736473560333252,2,64,
83,9300,d,1.6013144850730896,2,64,
83,9300,e,1.6261708736419678,2,64,
83,9300,f,1.6457926630973816,2,64,
83,9300,g,1.627249002456665,2,64,
83,9300,h,1.66536283493042,2,64,
83,9300,i,1.632695198059082,2,64,
83,9600,a,1.6212007999420166,2,66,
83,9600,b,1.6996384859085083,2,66,
83,9600,c,1.7250602841377258,2,66,
83,9600,d,1.6218998432159424,2,66,
83,9600,e,1.6187694668769836,2,66,
83,9600,f,1.6640366315841675,2,66,
83,9600,g,1.6090121269226074,2,66,
83,9600,h,1.681853711605072,2,66,
83,9600,i,1.6281509399414062,2,66,
83,9900,a,1.5850249528884888,2,68,
83,9900,b,1.6930046677589417,2,68,
83,9900,c,1.7375418543815613,2,68,
83,9900,d,1.5758999586105347,2,68,
83,9900,e,1.6529923677444458,2,68,
83,9900,f,1.5885794758796692,2,68,
83,9900,g,1.580604374408722,2,68,
83,9900,h,1.5893207788467407,2,68,
83,9900,i,1.64570152759552,2,68,
83,10200,a,1.5803500413894653,2,70,
83,10200,b,1.7543158531188965,2,70,
83,10200,c,1.6189873218536377,2,70,
83,10200,d,1.541970431804657,2,70,
83,10200,e,1.504580020904541,2,70,
83,10200,f,1.6216598749160767,2,70,
83,10200,g,1.5752973556518555,2,70,
83,10200,h,1.5727753639221191,2,70,
83,10200,i,1.57733553647995,2,70,
83,10500,a,1.6223024129867554,2,72,
83,10500,b,1.6903977990150452,2,72,
83,10500,c,1.695846676826477,2,72,
83,10500,d,1.5766972303390503,2,72,
83,10500,e,1.6501092910766602,2,72,
83,10500,f,1.6142967343330383,2,72,
83,10500,g,1.6118730902671814,2,72,
83,10500,h,1.6047199964523315,2,72,
83,10500,i,1.543534517288208,2,72,
83,10800,a,1.7155450582504272,2,74,
83,10800,b,1.6503893733024597,2,74,
83,10800,c,1.6366937756538391,2,74,
83,10800,d,1.6206424236297607,2,74,
83,10800,e,1.660779595375061,2,74,
83,10800,f,1.6367538571357727,2,74,
83,10800,g,1.590548813343048,2,74,
83,10800,h,1.5431053638458252,2,74,
83,10800,i,1.5505704879760742,2,74,
83,11100,a,1.5219590663909912,2,76,
83,11100,b,1.6607983708381653,2,76,
83,11100,c,1.7073586583137512,2,76,
83,11100,d,1.560582458972931,2,76,
83,11100,e,1.5867756009101868,2,76,
83,11100,f,1.6772177815437317,2,76,
83,11100,g,1.599099576473236,2,76,
83,11100,h,1.5365170240402222,2,76,
83,11100,i,1.572541356086731,2,76,
83,11400,a,1.612623691558838,2,78,
83,11400,b,1.7328523397445679,2,78,
83,11400,c,1.611827790737152,2,78,
83,11400,d,1.53253173828125,2,78,
83,11400,e,1.508497953414917,2,78,
83,11400,f,1.6467364430427551,2,78,
83,11400,g,1.5289324522018433,2,78,
83,11400,h,1.5321078896522522,2,78,
83,11400,i,1.628040611743927,2,78,
83,11700,a,1.6059935688972473,2,80,
83,11700,b,1.6772891283035278,2,80,
83,11700,c,1.6968229413032532,2,80,
83,11700,d,1.562390387058258,2,80,
83,11700,e,1.5167464017868042,2,80,
83,11700,f,1.4836439490318298,2,80,
83,11700,g,1.5199466943740845,2,80,
83,11700,h,1.4709269404411316,2,80,
83,11700,i,1.4417744874954224,2,80,
83,12000,a,1.5440980195999146,2,82,
83,12000,b,1.6860236525535583,2,82,
83,12000,c,1.688105285167694,2,82,
83,12000,d,1.4910281300544739,2,82,
83,12000,e,1.6078783869743347,2,82,
83,12000,f,1.6180965304374695,2,82,
83,12000,g,1.5239895582199097,2,82,
83,12000,h,1.5647563934326172,2,82,
83,12000,i,1.4813488721847534,2,82,
83,12300,a,1.5889118909835815,2,84,
83,12300,b,1.6600787043571472,2,84,
83,12300,c,1.6706163883209229,2,84,
83,12300,d,1.5137768983840942,2,84,
83,12300,e,1.5813142657279968,2,84,
83,12300,f,1.5752156376838684,2,84,
83,12300,g,1.4605884552001953,2,84,
83,12300,h,1.5430904626846313,2,84,
83,12300,i,1.4709991216659546,2,84,
83,12600,a,1.4899680614471436,2,86,
83,12600,b,1.6166349053382874,2,86,
83,12600,c,1.6268689632415771,2,86,
83,12600,d,1.5708279013633728,2,86,
83,12600,e,1.4648401737213135,2,86,
83,12600,f,1.5431764125823975,2,86,
83,12600,g,1.498115062713623,2,86,
83,12600,h,1.563487946987152,2,86,
83,12600,i,1.5600054860115051,2,86,
83,12900,a,1.5265571475028992,2,88,
83,12900,b,1.58026522397995,2,88,
83,12900,c,1.6538923382759094,2,88,
83,12900,d,1.5761816501617432,2,88,
83,12900,e,1.5856097340583801,2,88,
83,12900,f,1.6230624318122864,2,88,
83,12900,g,1.5760504603385925,2,88,
83,12900,h,1.5132337808609009,2,88,
83,12900,i,1.3982259631156921,2,88,
83,13200,a,1.5232431888580322,2,90,
83,13200,b,1.6568023562431335,2,90,
83,13200,c,1.6454485058784485,2,90,
83,13200,d,1.480787217617035,2,90,
83,13200,e,1.4573084712028503,2,90,
83,13200,f,1.5551990866661072,2,90,
83,13200,g,1.5107621550559998,2,90,
83,13200,h,1.5522558093070984,2,90,
83,13200,i,1.5088458061218262,2,90,
83,13500,a,1.4536725282669067,2,92,
83,13500,b,1.5674833059310913,2,92,
83,13500,c,1.6061499118804932,2,92,
83,13500,d,1.536115050315857,2,92,
83,13500,e,1.4859288930892944,2,92,
83,13500,f,1.4808452725410461,2,92,
83,13500,g,1.4932725429534912,2,92,
83,13500,h,1.5574194192886353,2,92,
83,13500,i,1.5209291577339172,2,92,
83,13800,a,1.5575740337371826,2,94,
83,13800,b,1.5668786764144897,2,94,
83,13800,c,1.6023200154304504,2,94,
83,13800,d,1.4850168228149414,2,94,
83,13800,e,1.5473406910896301,2,94,
83,13800,f,1.6386688947677612,2,94,
83,13800,g,1.427976369857788,2,94,
83,13800,h,1.5261772274971008,2,94,
83,13800,i,1.512346625328064,2,94,
83,14100,a,1.5222954750061035,2,96,
83,14100,b,1.5189159512519836,2,96,
83,14100,c,1.540679931640625,2,96,
83,14100,d,1.5235105752944946,2,96,
83,14100,e,1.5574374198913574,2,96,
83,14100,f,1.5552235841751099,2,96,
83,14100,g,1.548443853855133,2,96,
83,14100,h,1.4728564023971558,2,96,
83,14100,i,1.515430748462677,2,96,
83,14400,a,1.4167872071266174,2,98,
83,14400,b,1.5372199416160583,2,98,
83,14400,c,1.5256571769714355,2,98,
83,14400,d,1.537546455860138,2,98,
83,14400,e,1.5494844317436218,2,98,
83,14400,f,1.5884410738945007,2,98,
83,14400,g,1.447424054145813,2,98,
83,14400,h,1.4297475218772888,2,98,
83,14400,i,1.616949200630188,2,98,
83,14700,a,1.4586021900177002,2,100,
83,14700,b,1.6241521835327148,2,100,
83,14700,c,1.6541398763656616,2,100,
83,14700,d,1.5346066355705261,2,100,
83,14700,e,1.6060173511505127,2,100,
83,14700,f,1.62072092294693,2,100,
83,14700,g,1.406832218170166,2,100,
83,14700,h,1.498600721359253,2,100,
83,14700,i,1.3895108103752136,2,100,
83,15000,a,1.5885264873504639,2,102,
83,15000,b,1.6818617582321167,2,102,
83,15000,c,1.5614827871322632,2,102,
83,15000,d,1.5141242146492004,2,102,
83,15000,e,1.5463122129440308,2,102,
83,15000,f,1.535976529121399,2,102,
83,15000,g,1.4513526558876038,2,102,
83,15000,h,1.4502339363098145,2,102,
83,15000,i,1.4149922728538513,2,102,
83,15300,a,1.5076468586921692,2,104,
83,15300,b,1.4989783763885498,2,104,
83,15300,c,1.5829327702522278,2,104,
83,15300,d,1.4515743255615234,2,104,
83,15300,e,1.4814836978912354,2,104,
83,15300,f,1.5480129718780518,2,104,
83,15300,g,1.4651122093200684,2,104,
83,15300,h,1.6014614701271057,2,104,
83,15300,i,1.4709373712539673,2,104,
83,15600,a,1.4148268699645996,2,106,
83,15600,b,1.4968374967575073,2,106,
83,15600,c,1.6753792762756348,2,106,
83,15600,d,1.4838922619819641,2,106,
83,15600,e,1.4430474042892456,2,106,
83,15600,f,1.534727156162262,2,106,
83,15600,g,1.462807536125183,2,106,
83,15600,h,1.5479483604431152,2,106,
83,15600,i,1.4309857487678528,2,106,
83,15900,a,1.5027487874031067,2,108,
83,15900,b,1.5278258919715881,2,108,
83,15900,c,1.54523366689682,2,108,
83,15900,d,1.4285848736763,2,108,
83,15900,e,1.5224810242652893,2,108,
83,15900,f,1.5199986100196838,2,108,
83,15900,g,1.5984179973602295,2,108,
83,15900,h,1.5336154103279114,2,108,
83,15900,i,1.4529439806938171,2,108,
83,16200,a,1.5922470092773438,2,110,
83,16200,b,1.5853977799415588,2,110,
83,16200,c,1.5494314432144165,2,110,
83,16200,d,1.4620127081871033,2,110,
83,16200,e,1.3332064151763916,2,110,
83,16200,f,1.5893725156784058,2,110,
83,16200,g,1.3352919816970825,2,110,
83,16200,h,1.5039284825325012,2,110,
83,16200,i,1.5251579284667969,2,110,
83,16500,a,1.4518247842788696,2,112,
83,16500,b,1.565483570098877,2,112,
83,16500,c,1.6293220520019531,2,112,
83,16500,d,1.379055142402649,2,112,
83,16500,e,1.5050559639930725,2,112,
83,16500,f,1.4639201760292053,2,112,
83,16500,g,1.4262635111808777,2,112,
83,16500,h,1.6447107791900635,2,112,
83,16500,i,1.480913519859314,2,112,
83,16800,a,1.4224157333374023,2,114,
83,16800,b,1.7235006093978882,2,114,
83,16800,c,1.5660313367843628,2,114,
83,16800,d,1.508368968963623,2,114,
83,16800,e,1.4686529636383057,2,114,
83,16800,f,1.5528545379638672,2,114,
83,16800,g,1.4121995568275452,2,114,
83,16800,h,1.5255014300346375,2,114,
83,16800,i,1.4700307846069336,2,114,
83,17100,a,1.4704071283340454,2,116,
83,17100,b,1.5836170315742493,2,116,
83,17100,c,1.5402131080627441,2,116,
83,17100,d,1.4664588570594788,2,116,
83,17100,e,1.3826720714569092,2,116,
83,17100,f,1.567434549331665,2,116,
83,17100,g,1.5075898170471191,2,116,
83,17100,h,1.4845988154411316,2,116,
83,17100,i,1.3858925104141235,2,116,
83,17400,a,1.5626384615898132,2,118,
83,17400,b,1.598015010356903,2,118,
83,17400,c,1.6924206018447876,2,118,
83,17400,d,1.3494104146957397,2,118,
83,17400,e,1.419318437576294,2,118,
83,17400,f,1.5470192432403564,2,118,
83,17400,g,1.4634644985198975,2,118,
83,17400,h,1.4774017333984375,2,118,
83,17400,i,1.3987688422203064,2,118,
83,17700,a,1.4027891159057617,2,120,
83,17700,b,1.621925950050354,2,120,
83,17700,c,1.5799517035484314,2,120,
83,17700,d,1.4559497237205505,2,120,
83,17700,e,1.4281469583511353,2,120,
83,17700,f,1.588044822216034,2,120,
83,17700,g,1.4453610181808472,2,120,
83,17700,h,1.4951698780059814,2,120,
83,17700,i,1.5234400629997253,2,120,
83,18000,a,1.3761922121047974,2,122,
83,18000,b,1.5837595462799072,2,122,
83,18000,c,1.5870261192321777,2,122,
83,18000,d,1.5237103700637817,2,122,
83,18000,e,1.4833333492279053,2,122,
83,18000,f,1.6245180368423462,2,122,
83,18000,g,1.4893323183059692,2,122,
83,18000,h,1.3968690037727356,2,122,
83,18000,i,1.5278031826019287,2,122,
83,18300,a,1.563788115978241,2,124,
83,18300,b,1.4954050183296204,2,124,
83,18300,c,1.5662720799446106,2,124,
83,18300,d,1.4599599242210388,2,124,
83,18300,e,1.4375009536743164,2,124,
83,18300,f,1.4950423836708069,2,124,
83,18300,g,1.4050060510635376,2,124,
83,18300,h,1.412099003791809,2,124,
83,18300,i,1.4178056716918945,2,124,
83,18600,a,1.4078372716903687,2,126,
83,18600,b,1.6128541231155396,2,126,
83,18600,c,1.5095115900039673,2,126,
83,18600,d,1.4420521259307861,2,126,
83,18600,e,1.489791989326477,2,126,
83,18600,f,1.4757331013679504,2,126,
83,18600,g,1.4819369912147522,2,126,
83,18600,h,1.4729236364364624,2,126,
83,18600,i,1.404314637184143,2,126,
83,18900,a,1.432971477508545,2,128,
83,18900,b,1.4880873560905457,2,128,
83,18900,c,1.6196141242980957,2,128,
83,18900,d,1.4425355792045593,2,128,
83,18900,e,1.4498456716537476,2,128,
83,18900,f,1.5884579420089722,2,128,
83,18900,g,1.495968759059906,2,128,
83,18900,h,1.4025448560714722,2,128,
83,18900,i,1.316537857055664,2,128,
83,19200,a,1.4433357119560242,2,130,
83,19200,b,1.473422646522522,2,130,
83,19200,c,1.6980358958244324,2,130,
83,19200,d,1.405927836894989,2,130,
83,19200,e,1.3521159887313843,2,130,
83,19200,f,1.4782518148422241,2,130,
83,19200,g,1.3931556940078735,2,130,
83,19200,h,1.5123831629753113,2,130,
83,19200,i,1.3953375816345215,2,130,
83,19500,a,1.3767307996749878,2,132,
83,19500,b,1.388611614704132,2,132,
83,19500,c,1.6273123025894165,2,132,
83,19500,d,1.3849703669548035,2,132,
83,19500,e,1.3248199820518494,2,132,
83,19500,f,1.5546690225601196,2,132,
83,19500,g,1.4893627762794495,2,132,
83,19500,h,1.473618745803833,2,132,
83,19500,i,1.5837326049804688,2,132,
83,19800,a,1.4715079069137573,2,134,
83,19800,b,1.5769003629684448,2,134,
83,19800,c,1.5373138785362244,2,134,
83,19800,d,1.3846893310546875,2,134,
83,19800,e,1.385404109954834,2,134,
83,19800,f,1.5125633478164673,2,134,
83,19800,g,1.4350464344024658,2,134,
83,19800,h,1.5081669092178345,2,134,
83,19800,i,1.422959327697754,2,134,
83,20100,a,1.3425806760787964,2,136,
83,20100,b,1.5852643251419067,2,136,
83,20100,c,1.5246429443359375,2,136,
83,20100,d,1.3559136390686035,2,136,
83,20100,e,1.4369760751724243,2,136,
83,20100,f,1.452865481376648,2,136,
83,20100,g,1.4768767356872559,2,136,
83,20100,h,1.4634257555007935,2,136,
83,20100,i,1.3854516744613647,2,136,
83,20400,a,1.3785985112190247,2,138,
83,20400,b,1.6373767852783203,2,138,
83,20400,c,1.3619656562805176,2,138,
83,20400,d,1.336509346961975,2,138,
83,20400,e,1.3869972229003906,2,138,
83,20400,f,1.5702716708183289,2,138,
83,20400,g,1.5824857950210571,2,138,
83,20400,h,1.3993520140647888,2,138,
83,20400,i,1.5282778143882751,2,138,
83,20700,a,1.3587285280227661,2,140,
83,20700,b,1.5542603731155396,2,140,
83,20700,c,1.5593662858009338,2,140,
83,20700,d,1.408318042755127,2,140,
83,20700,e,1.4942007660865784,2,140,
83,20700,f,1.4082958102226257,2,140,
83,20700,g,1.582924723625183,2,140,
83,20700,h,1.4294403195381165,2,140,
83,20700,i,1.4349830150604248,2,140,
83,21000,a,1.4262649416923523,2,142,
83,21000,b,1.615853190422058,2,142,
83,21000,c,1.4481995701789856,2,142,
83,21000,d,1.3899462223052979,2,142,
83,21000,e,1.2678189873695374,2,142,
83,21000,f,1.3879137635231018,2,142,
83,21000,g,1.4739312529563904,2,142,
83,21000,h,1.3865594863891602,2,142,
83,21000,i,1.3915475606918335,2,142,
83,21300,a,1.4406594634056091,2,144,
83,21300,b,1.4857285022735596,2,144,
83,21300,c,1.4756428599357605,2,144,
83,21300,d,1.41396564245224,2,144,
83,21300,e,1.2533705830574036,2,144,
83,21300,f,1.556469440460205,2,144,
83,21300,g,1.425329566001892,2,144,
83,21300,h,1.4357413053512573,2,144,
83,21300,i,1.5280864834785461,2,144,
83,21600,a,1.3458378911018372,2,146,
83,21600,b,1.4267578721046448,2,146,
83,21600,c,1.3998193144798279,2,146,
83,21600,d,1.437016785144806,2,146,
83,21600,e,1.3529943227767944,2,146,
83,21600,f,1.4942517280578613,2,146,
83,21600,g,1.3831278681755066,2,146,
83,21600,h,1.4770381450653076,2,146,
83,21600,i,1.4570646286010742,2,146,
83,21900,a,1.3532495498657227,2,148,
83,21900,b,1.5852909088134766,2,148,
83,21900,c,1.4090999960899353,2,148,
83,21900,d,1.4347996711730957,2,148,
83,21900,e,1.4403743743896484,2,148,
83,21900,f,1.4879323840141296,2,148,
83,21900,g,1.4151162505149841,2,148,
83,21900,h,1.3765172362327576,2,148,
83,21900,i,1.4094043970108032,2,148,
83,22200,a,1.41780287027359,2,150,
83,22200,b,1.461293339729309,2,150,
83,22200,c,1.5215966701507568,2,150,
83,22200,d,1.3190626502037048,2,150,
83,22200,e,1.3169053196907043,2,150,
83,22200,f,1.5183090567588806,2,150,
83,22200,g,1.4612975120544434,2,150,
83,22200,h,1.3274101614952087,2,150,
83,22200,i,1.402151346206665,2,150,
83,22500,a,1.4335581064224243,2,152,
83,22500,b,1.5413550734519958,2,152,
83,22500,c,1.4135237336158752,2,152,
83,22500,d,1.2961875200271606,2,152,
83,22500,e,1.3684202432632446,2,152,
83,22500,f,1.4999439716339111,2,152,
83,22500,g,1.3803237676620483,2,152,
83,22500,h,1.484806776046753,2,152,
83,22500,i,1.328756034374237,2,152,
83,22800,a,1.3417892456054688,2,154,
83,22800,b,1.4783532619476318,2,154,
83,22800,c,1.4453306198120117,2,154,
83,22800,d,1.353096604347229,2,154,
83,22800,e,1.3594348430633545,2,154,
83,22800,f,1.3599089980125427,2,154,
83,22800,g,1.4478884935379028,2,154,
83,22800,h,1.4243863224983215,2,154,
83,22800,i,1.3997257947921753,2,154,
83,23100,a,1.4960671663284302,2,156,
83,23100,b,1.6883613467216492,2,156,
83,23100,c,1.4783209562301636,2,156,
83,23100,d,1.4023508429527283,2,156,
83,23100,e,1.3618230819702148,2,156,
83,23100,f,1.4405118823051453,2,156,
83,23100,g,1.3388920426368713,2,156,
83,23100,h,1.450225830078125,2,156,
83,23100,i,1.305159866809845,2,156,
83,23400,a,1.265533208847046,2,158,
83,23400,b,1.4985872507095337,2,158,
83,23400,c,1.4457927942276,2,158,
83,23400,d,1.3187585473060608,2,158,
83,23400,e,1.3497464060783386,2,158,
83,23400,f,1.377153754234314,2,158,
83,23400,g,1.4942771196365356,2,158,
83,23400,h,1.3093062043190002,2,158,
83,23400,i,1.3248063325881958,2,158,
83,23700,a,1.4248263239860535,2,160,
83,23700,b,1.554019808769226,2,160,
83,23700,c,1.3479009866714478,2,160,
83,23700,d,1.2896753549575806,2,160,
83,23700,e,1.3305004239082336,2,160,
83,23700,f,1.5487433075904846,2,160,
83,23700,g,1.4177936911582947,2,160,
83,23700,h,1.3608019351959229,2,160,
83,23700,i,1.402797818183899,2,160,
83,24000,a,1.3490893840789795,2,162,
83,24000,b,1.409414291381836,2,162,
83,24000,c,1.489589810371399,2,162,
83,24000,d,1.273618459701538,2,162,
83,24000,e,1.4350178837776184,2,162,
83,24000,f,1.3528826236724854,2,162,
83,24000,g,1.3806042075157166,2,162,
83,24000,h,1.3933232426643372,2,162,
83,24000,i,1.4867373704910278,2,162,
83,24300,a,1.3163930773735046,2,164,
83,24300,b,1.4870641231536865,2,164,
83,24300,c,1.5055562853813171,2,164,
83,24300,d,1.2748513221740723,2,164,
83,24300,e,1.4275863766670227,2,164,
83,24300,f,1.4397290349006653,2,164,
83,24300,g,1.3199746012687683,2,164,
83,24300,h,1.3190308809280396,2,164,
83,24300,i,1.6751996278762817,2,164,
83,24600,a,1.3002442121505737,2,166,
83,24600,b,1.4924094676971436,2,166,
83,24600,c,1.5563514828681946,2,166,
83,24600,d,1.3059566020965576,2,166,
83,24600,e,1.3194032311439514,2,166,
83,24600,f,1.4522000551223755,2,166,
83,24600,g,1.386262834072113,2,166,
83,24600,h,1.3598204255104065,2,166,
83,24600,i,1.3389138579368591,2,166,
83,24900,a,1.5301567912101746,2,168,
83,24900,b,1.4947959184646606,2,168,
83,24900,c,1.5660911798477173,2,168,
83,24900,d,1.2876864671707153,2,168,
83,24900,e,1.399418830871582,2,168,
83,24900,f,1.3921703100204468,2,168,
83,24900,g,1.338344693183899,2,168,
83,24900,h,1.3294771909713745,2,168,
83,24900,i,1.3307665586471558,2,168,
83,25200,a,1.3716415166854858,2,170,
83,25200,b,1.4464496970176697,2,170,
83,25200,c,1.3828535079956055,2,170,
83,25200,d,1.2992920875549316,2,170,
83,25200,e,1.3652725219726562,2,170,
83,25200,f,1.4613152146339417,2,170,
83,25200,g,1.4461530447006226,2,170,
83,25200,h,1.3548738956451416,2,170,
83,25200,i,1.268764078617096,2,170,
83,25500,a,1.5818228721618652,2,172,
83,25500,b,1.4513354301452637,2,172,
83,25500,c,1.5149379968643188,2,172,
83,25500,d,1.2684641480445862,2,172,
83,25500,e,1.342081069946289,2,172,
83,25500,f,1.3586333990097046,2,172,
83,25500,g,1.3985772132873535,2,172,
83,25500,h,1.3706666231155396,2,172,
83,25500,i,1.3463227152824402,2,172,
83,25800,a,1.264106035232544,2,174,
83,25800,b,1.5564305186271667,2,174,
83,25800,c,1.5313607454299927,2,174,
83,25800,d,1.3667885065078735,2,174,
83,25800,e,1.416006863117218,2,174,
83,25800,f,1.348522424697876,2,174,
83,25800,g,1.40101557970047,2,174,
83,25800,h,1.4124317169189453,2,174,
83,25800,i,1.4940890669822693,2,174,
83,26100,a,1.4450949430465698,2,176,
83,26100,b,1.4872427582740784,2,176,
83,26100,c,1.5149311423301697,2,176,
83,26100,d,1.323632299900055,2,176,
83,26100,e,1.2519854307174683,2,176,
83,26100,f,1.4833685159683228,2,176,
83,26100,g,1.3626267910003662,2,176,
83,26100,h,1.2111724019050598,2,176,
83,26100,i,1.3573680520057678,2,176,
83,26400,a,1.4118876457214355,2,178,
83,26400,b,1.4270586967468262,2,178,
83,26400,c,1.5369436740875244,2,178,
83,26400,d,1.3791067600250244,2,178,
83,26400,e,1.4147838950157166,2,178,
83,26400,f,1.3315227031707764,2,178,
83,26400,g,1.2866958379745483,2,178,
83,26400,h,1.2752330899238586,2,178,
83,26400,i,1.289920687675476,2,178,
83,26700,a,1.3364228010177612,2,180,
83,26700,b,1.4346164464950562,2,180,
83,26700,c,1.450968086719513,2,180,
83,26700,d,1.4232585430145264,2,180,
83,26700,e,1.391155183315277,2,180,
83,26700,f,1.3847941756248474,2,180,
83,26700,g,1.417596459388733,2,180,
83,26700,h,1.328134536743164,2,180,
83,26700,i,1.679857075214386,2,180,
83,27000,a,1.3182275295257568,2,182,
83,27000,b,1.4884247183799744,2,182,
83,27000,c,1.4444273710250854,2,182,
83,27000,d,1.3899880051612854,2,182,
83,27000,e,1.3336360454559326,2,182,
83,27000,f,1.4599847793579102,2,182,
83,27000,g,1.461949348449707,2,182,
83,27000,h,1.3087539672851562,2,182,
83,27000,i,1.3832458853721619,2,182,
83,27300,a,1.3322663307189941,2,184,
83,27300,b,1.5940144062042236,2,184,
83,27300,c,1.5341910123825073,2,184,
83,27300,d,1.321187973022461,2,184,
83,27300,e,1.3330969214439392,2,184,
83,27300,f,1.358737826347351,2,184,
83,27300,g,1.3740073442459106,2,184,
83,27300,h,1.303800344467163,2,184,
83,27300,i,1.3555859327316284,2,184,
83,27600,a,1.2294971942901611,2,186,
83,27600,b,1.5032868385314941,2,186,
83,27600,c,1.5257863402366638,2,186,
83,27600,d,1.2237634658813477,2,186,
83,27600,e,1.2723084688186646,2,186,
83,27600,f,1.5007969737052917,2,186,
83,27600,g,1.3541634678840637,2,186,
83,27600,h,1.4290551543235779,2,186,
83,27600,i,1.2982597351074219,2,186,
83,27900,a,1.4477688670158386,2,188,
83,27900,b,1.495397925376892,2,188,
83,27900,c,1.4506012201309204,2,188,
83,27900,d,1.4352965354919434,2,188,
83,27900,e,1.3912110328674316,2,188,
83,27900,f,1.3952778577804565,2,188,
83,27900,g,1.389190673828125,2,188,
83,27900,h,1.3101096749305725,2,188,
83,27900,i,1.2979702949523926,2,188,
83,28200,a,1.3501672148704529,2,190,
83,28200,b,1.4653837084770203,2,190,
83,28200,c,1.4520846605300903,2,190,
83,28200,d,1.294188141822815,2,190,
83,28200,e,1.2975151538848877,2,190,
83,28200,f,1.2727082967758179,2,190,
83,28200,g,1.212510585784912,2,190,
83,28200,h,1.2243837714195251,2,190,
83,28200,i,1.2747195363044739,2,190,
83,28500,a,1.394743800163269,2,192,
83,28500,b,1.5805397033691406,2,192,
83,28500,c,1.347317397594452,2,192,
83,28500,d,1.29769366979599,2,192,
83,28500,e,1.3550615310668945,2,192,
83,28500,f,1.5528489351272583,2,192,
83,28500,g,1.3096585273742676,2,192,
83,28500,h,1.241527259349823,2,192,
83,28500,i,1.2320462465286255,2,192,
83,28800,a,1.298229157924652,2,194,
83,28800,b,1.4972492456436157,2,194,
83,28800,c,1.4868454933166504,2,194,
83,28800,d,1.443440854549408,2,194,
83,28800,e,1.3912570476531982,2,194,
83,28800,f,1.3543673157691956,2,194,
83,28800,g,1.4505524635314941,2,194,
83,28800,h,1.4183276295661926,2,194,
83,28800,i,1.3544344305992126,2,194,
83,29100,a,1.3165725469589233,2,196,
83,29100,b,1.4370864033699036,2,196,
83,29100,c,1.5698001980781555,2,196,
83,29100,d,1.3480947613716125,2,196,
83,29100,e,1.2461016178131104,2,196,
83,29100,f,1.3147517442703247,2,196,
83,29100,g,1.4021565914154053,2,196,
83,29100,h,1.3708820343017578,2,196,
83,29100,i,1.3349383473396301,2,196,
83,29400,a,1.3635371327400208,2,198,
83,29400,b,1.4613547325134277,2,198,
83,29400,c,1.3647753596305847,2,198,
83,29400,d,1.2720386385917664,2,198,
83,29400,e,1.257559061050415,2,198,
83,29400,f,1.3487405180931091,2,198,
83,29400,g,1.352788507938385,2,198,
83,29400,h,1.4674406051635742,2,198,
83,29400,i,1.2277571558952332,2,198,
83,29700,a,1.4287958145141602,2,200,
83,29700,b,1.4573487043380737,2,200,
83,29700,c,1.3581097722053528,2,200,
83,29700,d,1.3625518083572388,2,200,
83,29700,e,1.3653625845909119,2,200,
83,29700,f,1.3589391708374023,2,200,
83,29700,g,1.3216188549995422,2,200,
83,29700,h,1.308323621749878,2,200,
83,29700,i,1.3671587109565735,2,200,
83,30000,a,1.3390833139419556,2,202,
83,30000,b,1.5442989468574524,2,202,
83,30000,c,1.4265831112861633,2,202,
83,30000,d,1.3970752358436584,2,202,
83,30000,e,1.2552317380905151,2,202,
83,30000,f,1.3312206268310547,2,202,
83,30000,g,1.3040418028831482,2,202,
83,30000,h,1.4649131298065186,2,202,
83,30000,i,1.249636173248291,2,202,
83,30300,a,1.279036283493042,2,204,
83,30300,b,1.3912387490272522,2,204,
83,30300,c,1.38482266664505,2,204,
83,30300,d,1.2348026037216187,2,204,
83,30300,e,1.3675604462623596,2,204,
83,30300,f,1.4974331259727478,2,204,
83,30300,g,1.2296067476272583,2,204,
83,30300,h,1.2097973823547363,2,204,
83,30300,i,1.4326286315917969,2,204,
83,30600,a,1.2482408285140991,2,206,
83,30600,b,1.324204444885254,2,206,
83,30600,c,1.4072241187095642,2,206,
83,30600,d,1.3387241959571838,2,206,
83,30600,e,1.2311033010482788,2,206,
83,30600,f,1.4646592736244202,2,206,
83,30600,g,1.3938074111938477,2,206,
83,30600,h,1.3271915316581726,2,206,
83,30600,i,1.2775999903678894,2,206,
83,30900,a,1.2619943022727966,2,208,
83,30900,b,1.5133256316184998,2,208,
83,30900,c,1.3454740047454834,2,208,
83,30900,d,1.184444785118103,2,208,
83,30900,e,1.3366723656654358,2,208,
83,30900,f,1.2713186144828796,2,208,
83,30900,g,1.3020799160003662,2,208,
83,30900,h,1.2578413486480713,2,208,
83,30900,i,1.3503365516662598,2,208,
83,31200,a,1.3467676043510437,2,210,
83,31200,b,1.4781501293182373,2,210,
83,31200,c,1.4087613821029663,2,210,
83,31200,d,1.2807732820510864,2,210,
83,31200,e,1.4617154598236084,2,210,
83,31200,f,1.333065390586853,2,210,
83,31200,g,1.1463199853897095,2,210,
83,31200,h,1.40134596824646,2,210,
83,31200,i,1.243140459060669,2,210,
83,31500,a,1.2365542650222778,2,212,
83,31500,b,1.3880082368850708,2,212,
83,31500,c,1.3395974040031433,2,212,
83,31500,d,1.2473918199539185,2,212,
83,31500,e,1.2890037298202515,2,212,
83,31500,f,1.363821804523468,2,212,
83,31500,g,1.3622528910636902,2,212,
83,31500,h,1.438235342502594,2,212,
83,31500,i,1.2322283387184143,2,212,
83,31800,a,1.3049770593643188,2,214,
83,31800,b,1.4093268513679504,2,214,
83,31800,c,1.4266018867492676,2,214,
83,31800,d,1.1661274433135986,2,214,
83,31800,e,1.2843883037567139,2,214,
83,31800,f,1.3105050325393677,2,214,
83,31800,g,1.3146790862083435,2,214,
83,31800,h,1.4200260043144226,2,214,
83,31800,i,1.3083779215812683,2,214,
83,32100,a,1.4004151225090027,2,216,
83,32100,b,1.3740841746330261,2,216,
83,32100,c,1.4468038082122803,2,216,
83,32100,d,1.2894421815872192,2,216,
83,32100,e,1.330553650856018,2,216,
83,32100,f,1.4289413690567017,2,216,
83,32100,g,1.3258692622184753,2,216,
83,32100,h,1.3114221692085266,2,216,
83,32100,i,1.1669673919677734,2,216,
83,32400,a,1.2516010999679565,2,218,
83,32400,b,1.6525208353996277,2,218,
83,32400,c,1.4067341685295105,2,218,
83,32400,d,1.2631564736366272,2,218,
83,32400,e,1.2566261291503906,2,218,
83,32400,f,1.4430620670318604,2,218,
83,32400,g,1.328946828842163,2,218,
83,32400,h,1.3001752495765686,2,218,
83,32400,i,1.240460991859436,2,218,
83,32700,a,1.3198214769363403,2,220,
83,32700,b,1.4074190258979797,2,220,
83,32700,c,1.4517513513565063,2,220,
83,32700,d,1.3593586087226868,2,220,
83,32700,e,1.182987928390503,2,220,
83,32700,f,1.4487297534942627,2,220,
83,32700,g,1.3756462931632996,2,220,
83,32700,h,1.3848881721496582,2,220,
83,32700,i,1.245838701725006,2,220,
83,33000,a,1.3705487847328186,2,222,
83,33000,b,1.331829011440277,2,222,
83,33000,c,1.349682331085205,2,222,
83,33000,d,1.3033108115196228,2,222,
83,33000,e,1.2690751552581787,2,222,
83,33000,f,1.2699589729309082,2,222,
83,33000,g,1.307210087776184,2,222,
83,33000,h,1.4059883952140808,2,222,
83,33000,i,1.2642359733581543,2,222,
83,33300,a,1.3575173616409302,2,224,
83,33300,b,1.4967238903045654,2,224,
83,33300,c,1.4299976825714111,2,224,
83,33300,d,1.3003203868865967,2,224,
83,33300,e,1.2607537508010864,2,224,
83,33300,f,1.325903594493866,2,224,
83,33300,g,1.3314560055732727,2,224,
83,33300,h,1.37179434299469,2,224,
83,33300,i,1.382408320903778,2,224,
83,33600,a,1.4182394742965698,2,226,
83,33600,b,1.4910743832588196,2,226,
83,33600,c,1.3069554567337036,2,226,
83,33600,d,1.279201865196228,2,226,
83,33600,e,1.3134496212005615,2,226,
83,33600,f,1.4898676872253418,2,226,
83,33600,g,1.4350104331970215,2,226,
83,33600,h,1.5198793411254883,2,226,
83,33600,i,1.2447035312652588,2,226,
83,33900,a,1.166402280330658,2,228,
83,33900,b,1.5629097819328308,2,228,
83,33900,c,1.36087167263031,2,228,
83,33900,d,1.280038595199585,2,228,
83,33900,e,1.2775746583938599,2,228,
83,33900,f,1.3589282631874084,2,228,
83,33900,g,1.2952620387077332,2,228,
83,33900,h,1.27584570646286,2,228,
83,33900,i,1.3242270350456238,2,228,
83,34200,a,1.2642383575439453,2,230,
83,34200,b,1.4231858849525452,2,230,
83,34200,c,1.3879905939102173,2,230,
83,34200,d,1.3719921112060547,2,230,
83,34200,e,1.3700729608535767,2,230,
83,34200,f,1.3126161098480225,2,230,
83,34200,g,1.382029950618744,2,230,
83,34200,h,1.222282350063324,2,230,
83,34200,i,1.4314026236534119,2,230,
83,34500,a,1.4084575772285461,2,232,
83,34500,b,1.5563308596611023,2,232,
83,34500,c,1.473027527332306,2,232,
83,34500,d,1.3051101565361023,2,232,
83,34500,e,1.2495414018630981,2,232,
83,34500,f,1.3391166925430298,2,232,
83,34500,g,1.3825699090957642,2,232,
83,34500,h,1.1864832043647766,2,232,
83,34500,i,1.289757490158081,2,232,
83,34800,a,1.3680200576782227,2,234,
83,34800,b,1.4193981885910034,2,234,
83,34800,c,1.3132196068763733,2,234,
83,34800,d,1.259386956691742,2,234,
83,34800,e,1.363675057888031,2,234,
83,34800,f,1.3742059469223022,2,234,
83,34800,g,1.2921886444091797,2,234,
83,34800,h,1.1668661236763,2,234,
83,34800,i,1.2575374841690063,2,234,
83,35100,a,1.3139342069625854,2,236,
83,35100,b,1.4541746973991394,2,236,
83,35100,c,1.4951227903366089,2,236,
83,35100,d,1.2137892842292786,2,236,
83,35100,e,1.36550372838974,2,236,
83,35100,f,1.4537519216537476,2,236,
83,35100,g,1.3514840602874756,2,236,
83,35100,h,1.1542367339134216,2,236,
83,35100,i,1.1925008893013,2,236,
83,35400,a,1.457953691482544,2,238,
83,35400,b,1.4535519480705261,2,238,
83,35400,c,1.364309012889862,2,238,
83,35400,d,1.2406193017959595,2,238,
83,35400,e,1.2035284042358398,2,238,
83,35400,f,1.34236478805542,2,238,
83,35400,g,1.3100406527519226,2,238,
83,35400,h,1.3450901508331299,2,238,
83,35400,i,1.3648680448532104,2,238,
83,35700,a,1.148831844329834,2,240,
83,35700,b,1.4924980998039246,2,240,
83,35700,c,1.6167435050010681,2,240,
83,35700,d,1.322094738483429,2,240,
83,35700,e,1.4109572172164917,2,240,
83,35700,f,1.5249285101890564,2,240,
83,35700,g,1.351276934146881,2,240,
83,35700,h,1.3780633807182312,2,240,
83,35700,i,1.2966853976249695,2,240,
83,36000,a,1.380001187324524,2,242,
83,36000,b,1.464407205581665,2,242,
83,36000,c,1.4169456958770752,2,242,
83,36000,d,1.300331950187683,2,242,
83,36000,e,1.2887650728225708,2,242,
83,36000,f,1.2758207321166992,2,242,
83,36000,g,1.3185785412788391,2,242,
83,36000,h,1.255861520767212,2,242,
83,36000,i,1.3617098331451416,2,242,
83,36300,a,1.3681506514549255,2,244,
83,36300,b,1.444488286972046,2,244,
83,36300,c,1.370423972606659,2,244,
83,36300,d,1.2746084928512573,2,244,
83,36300,e,1.3307334780693054,2,244,
83,36300,f,1.4722096920013428,2,244,
83,36300,g,1.437309741973877,2,244,
83,36300,h,1.2834896445274353,2,244,
83,36300,i,1.2985641360282898,2,244,
83,36600,a,1.2637035846710205,2,246,
83,36600,b,1.2369838953018188,2,246,
83,36600,c,1.3351857662200928,2,246,
83,36600,d,1.163189947605133,2,246,
83,36600,e,1.3556245565414429,2,246,
83,36600,f,1.3470394611358643,2,246,
83,36600,g,1.3003252148628235,2,246,
83,36600,h,1.3270502090454102,2,246,
83,36600,i,1.2603614330291748,2,246,
83,36900,a,1.3540409803390503,2,248,
83,36900,b,1.6071714162826538,2,248,
83,36900,c,1.3612155318260193,2,248,
83,36900,d,1.3039039373397827,2,248,
83,36900,e,1.2717788815498352,2,248,
83,36900,f,1.3132269382476807,2,248,
83,36900,g,1.2642272114753723,2,248,
83,36900,h,1.2964102029800415,2,248,
83,36900,i,1.365269422531128,2,248,
83,37200,a,1.2078591585159302,2,250,
83,37200,b,1.4422630667686462,2,250,
83,37200,c,1.2865068316459656,2,250,
83,37200,d,1.344186782836914,2,250,
83,37200,e,1.185132622718811,2,250,
83,37200,f,1.5354626178741455,2,250,
83,37200,g,1.366479754447937,2,250,
83,37200,h,1.3017048239707947,2,250,
83,37200,i,1.2274256348609924,2,250,
83,37500,a,1.3174299001693726,2,252,
83,37500,b,1.4186286926269531,2,252,
83,37500,c,1.4108718633651733,2,252,
83,37500,d,1.2622694969177246,2,252,
83,37500,e,1.294884979724884,2,252,
83,37500,f,1.3428412079811096,2,252,
83,37500,g,1.2957099676132202,2,252,
83,37500,h,1.200844645500183,2,252,
83,37500,i,1.3299345970153809,2,252,
83,37800,a,1.3828821778297424,2,254,
83,37800,b,1.3365821838378906,2,254,
83,37800,c,1.3381814360618591,2,254,
83,37800,d,1.484723687171936,2,254,
83,37800,e,1.2696439027786255,2,254,
83,37800,f,1.4236701726913452,2,254,
83,37800,g,1.3435473442077637,2,254,
83,37800,h,1.2763941884040833,2,254,
83,37800,i,1.3478684425354004,2,254,
83,38100,a,1.2358653545379639,2,256,
83,38100,b,1.3929849863052368,2,256,
83,38100,c,1.4351949095726013,2,256,
83,38100,d,1.2482916712760925,2,256,
83,38100,e,1.2917441725730896,2,256,
83,38100,f,1.3880019187927246,2,256,
83,38100,g,1.2737178206443787,2,256,
83,38100,h,1.4826260209083557,2,256,
83,38100,i,1.3754324913024902,2,256,
83,38400,a,1.4126908779144287,2,258,
83,38400,b,1.5130723714828491,2,258,
83,38400,c,1.3372304439544678,2,258,
83,38400,d,1.2097232341766357,2,258,
83,38400,e,1.2230883240699768,2,258,
83,38400,f,1.252307415008545,2,258,
83,38400,g,1.327061414718628,2,258,
83,38400,h,1.4317591786384583,2,258,
83,38400,i,1.4051604270935059,2,258,
83,38700,a,1.3246012330055237,2,260,
83,38700,b,1.54466712474823,2,260,
83,38700,c,1.4551611542701721,2,260,
83,38700,d,1.249997079372406,2,260,
83,38700,e,1.341029405593872,2,260,
83,38700,f,1.2464974522590637,2,260,
83,38700,g,1.1773067712783813,2,260,
83,38700,h,1.3704776167869568,2,260,
83,38700,i,1.1804797649383545,2,260,
83,39000,a,1.2076184749603271,2,262,
83,39000,b,1.5262916684150696,2,262,
83,39000,c,1.2859258651733398,2,262,
83,39000,d,1.1830843687057495,2,262,
83,39000,e,1.3458988666534424,2,262,
83,39000,f,1.3303946256637573,2,262,
83,39000,g,1.262331783771515,2,262,
83,39000,h,1.3218572735786438,2,262,
83,39000,i,1.2805637121200562,2,262,
83,39300,a,1.3875081539154053,2,264,
83,39300,b,1.4409967064857483,2,264,
83,39300,c,1.5330389738082886,2,264,
83,39300,d,1.2421735525131226,2,264,
83,39300,e,1.308470070362091,2,264,
83,39300,f,1.5680311918258667,2,264,
83,39300,g,1.3378019332885742,2,264,
83,39300,h,1.2700915336608887,2,264,
83,39300,i,1.2251284718513489,2,264,
83,39600,a,1.2797071933746338,2,266,
83,39600,b,1.5229905843734741,2,266,
83,39600,c,1.4123651385307312,2,266,
83,39600,d,1.2463428378105164,2,266,
83,39600,e,1.1937387585639954,2,266,
83,39600,f,1.5701170563697815,2,266,
83,39600,g,1.2427319288253784,2,266,
83,39600,h,1.3245535492897034,2,266,
83,39600,i,1.2313470244407654,2,266,
83,39900,a,1.1981046199798584,2,268,
83,39900,b,1.3127761483192444,2,268,
83,39900,c,1.2956706881523132,2,268,
83,39900,d,1.3199335932731628,2,268,
83,39900,e,1.2781652808189392,2,268,
83,39900,f,1.4291622042655945,2,268,
83,39900,g,1.3169575333595276,2,268,
83,39900,h,1.2267199158668518,2,268,
83,39900,i,1.1822982430458069,2,268,
83,40200,a,1.1947669982910156,2,270,
83,40200,b,1.4462640881538391,2,270,
83,40200,c,1.3719604015350342,2,270,
83,40200,d,1.1245534420013428,2,270,
83,40200,e,1.1572726964950562,2,270,
83,40200,f,1.198428750038147,2,270,
83,40200,g,1.2087194919586182,2,270,
83,40200,h,1.3566323518753052,2,270,
83,40200,i,1.2848727107048035,2,270,
83,40500,a,1.2445270419120789,2,272,
83,40500,b,1.4828479886054993,2,272,
83,40500,c,1.3808994889259338,2,272,
83,40500,d,1.2840596437454224,2,272,
83,40500,e,1.2299178838729858,2,272,
83,40500,f,1.344185471534729,2,272,
83,40500,g,1.4189147353172302,2,272,
83,40500,h,1.3713911771774292,2,272,
83,40500,i,1.1814637184143066,2,272,
83,40800,a,1.1834031343460083,2,274,
83,40800,b,1.401715874671936,2,274,
83,40800,c,1.2750215530395508,2,274,
83,40800,d,1.2321848273277283,2,274,
83,40800,e,1.122601330280304,2,274,
83,40800,f,1.2743263840675354,2,274,
83,40800,g,1.190777838230133,2,274,
83,40800,h,1.2346139550209045,2,274,
83,40800,i,1.2096658945083618,2,274,
83,41100,a,1.396962285041809,2,276,
83,41100,b,1.3697493076324463,2,276,
83,41100,c,1.2700834274291992,2,276,
83,41100,d,1.25641667842865,2,276,
83,41100,e,1.2918422222137451,2,276,
83,41100,f,1.3152905702590942,2,276,
83,41100,g,1.3856398463249207,2,276,
83,41100,h,1.4534686207771301,2,276,
83,41100,i,1.3114057779312134,2,276,
83,41400,a,1.1869914531707764,2,278,
83,41400,b,1.4656556248664856,2,278,
83,41400,c,1.3468295335769653,2,278,
83,41400,d,1.1536112427711487,2,278,
83,41400,e,1.2475139498710632,2,278,
83,41400,f,1.261661171913147,2,278,
83,41400,g,1.3885329365730286,2,278,
83,41400,h,1.2668668627738953,2,278,
83,41400,i,1.3129423260688782,2,278,
83,41700,a,1.2715107202529907,2,280,
83,41700,b,1.4097612500190735,2,280,
83,41700,c,1.2598541378974915,2,280,
83,41700,d,1.2656643986701965,2,280,
83,41700,e,1.2043098211288452,2,280,
83,41700,f,1.356525480747223,2,280,
83,41700,g,1.3441066145896912,2,280,
83,41700,h,1.2530823945999146,2,280,
83,41700,i,1.2715954184532166,2,280,
83,42000,a,1.4405149817466736,2,282,
83,42000,b,1.3551208972930908,2,282,
83,42000,c,1.4563384056091309,2,282,
83,42000,d,1.3657342791557312,2,282,
83,42000,e,1.5412253141403198,2,282,
83,42000,f,1.3946165442466736,2,282,
83,42000,g,1.2679869532585144,2,282,
83,42000,h,1.3227260112762451,2,282,
83,42000,i,1.2791898846626282,2,282,
83,42300,a,1.215903878211975,2,284,
83,42300,b,1.3834699988365173,2,284,
83,42300,c,1.3565253615379333,2,284,
83,42300,d,1.205444872379303,2,284,
83,42300,e,1.173399031162262,2,284,
83,42300,f,1.328429937362671,2,284,
83,42300,g,1.3211846947669983,2,284,
83,42300,h,1.184384822845459,2,284,
83,42300,i,1.2703503370285034,2,284,
83,42600,a,1.2464066743850708,2,286,
83,42600,b,1.3992267847061157,2,286,
83,42600,c,1.4797797799110413,2,286,
83,42600,d,1.2114369869232178,2,286,
83,42600,e,1.324967384338379,2,286,
83,42600,f,1.3227862119674683,2,286,
83,42600,g,1.3495444059371948,2,286,
83,42600,h,1.192117691040039,2,286,
83,42600,i,1.2431567311286926,2,286,
83,42900,a,1.2624958753585815,2,288,
83,42900,b,1.302011489868164,2,288,
83,42900,c,1.3462870121002197,2,288,
83,42900,d,1.1448031663894653,2,288,
83,42900,e,1.3354929685592651,2,288,
83,42900,f,1.4266563057899475,2,288,
83,42900,g,1.3164474964141846,2,288,
83,42900,h,1.2669012546539307,2,288,
83,42900,i,1.2321820855140686,2,288,
83,43200,a,1.3079881072044373,2,290,
83,43200,b,1.3355597257614136,2,290,
83,43200,c,1.4495255947113037,2,290,
83,43200,d,1.299881935119629,2,290,
83,43200,e,1.3888380527496338,2,290,
83,43200,f,1.3464865684509277,2,290,
83,43200,g,1.262703001499176,2,290,
83,43200,h,1.1476691961288452,2,290,
83,43200,i,1.3032045364379883,2,290,
83,43500,a,1.375141978263855,2,292,
83,43500,b,1.3898406028747559,2,292,
83,43500,c,1.3440608978271484,2,292,
83,43500,d,1.2546663284301758,2,292,
83,43500,e,1.4005193710327148,2,292,
83,43500,f,1.3581494688987732,2,292,
83,43500,g,1.14213228225708,2,292,
83,43500,h,1.2658085227012634,2,292,
83,43500,i,1.2296852469444275,2,292,
83,43800,a,1.1203252673149109,2,294,
83,43800,b,1.495343029499054,2,294,
83,43800,c,1.3170010447502136,2,294,
83,43800,d,1.1511559188365936,2,294,
83,43800,e,1.296099305152893,2,294,
83,43800,f,1.3070731163024902,2,294,
83,43800,g,1.2765541076660156,2,294,
83,43800,h,1.2478137016296387,2,294,
83,43800,i,1.2813832759857178,2,294,
83,44100,a,1.13042414188385,2,296,
83,44100,b,1.3985464572906494,2,296,
83,44100,c,1.3747663497924805,2,296,
83,44100,d,1.140676736831665,2,296,
83,44100,e,1.186422884464264,2,296,
83,44100,f,1.5290895700454712,2,296,
83,44100,g,1.2602561116218567,2,296,
83,44100,h,1.1656894087791443,2,296,
83,44100,i,1.347649097442627,2,296,
83,44400,a,1.2754974961280823,2,298,
83,44400,b,1.345206379890442,2,298,
83,44400,c,1.3645298480987549,2,298,
83,44400,d,1.1767116785049438,2,298,
83,44400,e,1.493337631225586,2,298,
83,44400,f,1.3013122081756592,2,298,
83,44400,g,1.2678333520889282,2,298,
83,44400,h,1.2178421020507812,2,298,
83,44400,i,1.2334116697311401,2,298,
83,44700,a,1.2768667936325073,2,300,
83,44700,b,1.4450215697288513,2,300,
83,44700,c,1.3921958208084106,2,300,
83,44700,d,1.1156837940216064,2,300,
83,44700,e,1.3967360258102417,2,300,
83,44700,f,1.2751966714859009,2,300,
83,44700,g,1.2598572969436646,2,300,
83,44700,h,1.2390013933181763,2,300,
83,44700,i,1.1344497799873352,2,300,
83,45000,a,1.3511776328086853,2,302,
83,45000,b,1.3291645646095276,2,302,
83,45000,c,1.4772581458091736,2,302,
83,45000,d,1.256393849849701,2,302,
83,45000,e,1.1337145566940308,2,302,
83,45000,f,1.2949796915054321,2,302,
83,45000,g,1.2860308289527893,2,302,
83,45000,h,1.2387741804122925,2,302,
83,45000,i,1.1929510831832886,2,302,
83,45300,a,1.3265522718429565,2,304,
83,45300,b,1.5273625254631042,2,304,
83,45300,c,1.2649196982383728,2,304,
83,45300,d,1.1780033111572266,2,304,
83,45300,e,1.2406431436538696,2,304,
83,45300,f,1.2931236028671265,2,304,
83,45300,g,1.4156046509742737,2,304,
83,45300,h,1.2140730023384094,2,304,
83,45300,i,1.1497199535369873,2,304,
83,45600,a,1.3260222673416138,2,306,
83,45600,b,1.4218581914901733,2,306,
83,45600,c,1.3098315000534058,2,306,
83,45600,d,1.216064989566803,2,306,
83,45600,e,1.197995901107788,2,306,
83,45600,f,1.425278902053833,2,306,
83,45600,g,1.3182133436203003,2,306,
83,45600,h,1.1336427330970764,2,306,
83,45600,i,1.2530975341796875,2,306,
83,45900,a,1.1431957483291626,2,308,
83,45900,b,1.3278266787528992,2,308,
83,45900,c,1.3910852670669556,2,308,
83,45900,d,1.2265257835388184,2,308,
83,45900,e,1.16861891746521,2,308,
83,45900,f,1.2421902418136597,2,308,
83,45900,g,1.1833390593528748,2,308,
83,45900,h,1.285069465637207,2,308,
83,45900,i,1.3218387961387634,2,308,
83,46200,a,1.3059478998184204,2,310,
83,46200,b,1.414679229259491,2,310,
83,46200,c,1.2690549492835999,2,310,
83,46200,d,1.2102894186973572,2,310,
83,46200,e,1.4385691285133362,2,310,
83,46200,f,1.2825802564620972,2,310,
83,46200,g,1.3033810257911682,2,310,
83,46200,h,1.234411895275116,2,310,
83,46200,i,1.236344575881958,2,310,
83,46500,a,1.2307428121566772,2,312,
83,46500,b,1.4330763220787048,2,312,
83,46500,c,1.497723639011383,2,312,
83,46500,d,1.3271507024765015,2,312,
83,46500,e,1.1456882953643799,2,312,
83,46500,f,1.5720113515853882,2,312,
83,46500,g,1.2816294431686401,2,312,
83,46500,h,1.129423439502716,2,312,
83,46500,i,1.195697009563446,2,312,
83,46800,a,1.342320442199707,2,314,
83,46800,b,1.5272157192230225,2,314,
83,46800,c,1.2434245944023132,2,314,
83,46800,d,1.178692877292633,2,314,
83,46800,e,1.249186635017395,2,314,
83,46800,f,1.325996994972229,2,314,
83,46800,g,1.389667809009552,2,314,
83,46800,h,1.3208513855934143,2,314,
83,46800,i,1.1974817514419556,2,314,
83,47100,a,1.1653509140014648,2,316,
83,47100,b,1.2377415895462036,2,316,
83,47100,c,1.4283196926116943,2,316,
83,47100,d,1.0923333168029785,2,316,
83,47100,e,1.1224833726882935,2,316,
83,47100,f,1.357650876045227,2,316,
83,47100,g,1.1674110293388367,2,316,
83,47100,h,1.2715816497802734,2,316,
83,47100,i,1.1455753445625305,2,316,
83,47400,a,1.2660871148109436,2,318,
83,47400,b,1.4308079481124878,2,318,
83,47400,c,1.2984193563461304,2,318,
83,47400,d,1.1952605843544006,2,318,
83,47400,e,1.3086000084877014,2,318,
83,47400,f,1.3234745264053345,2,318,
83,47400,g,1.2741308808326721,2,318,
83,47400,h,1.126874029636383,2,318,
83,47400,i,1.1928301453590393,2,318,
83,47700,a,1.1709619760513306,2,320,
83,47700,b,1.4537259936332703,2,320,
83,47700,c,1.5280629396438599,2,320,
83,47700,d,1.216785192489624,2,320,
83,47700,e,1.206807017326355,2,320,
83,47700,f,1.269858479499817,2,320,
83,47700,g,1.1381710767745972,2,320,
83,47700,h,1.1860774755477905,2,320,
83,47700,i,1.4475990533828735,2,320,
83,48000,a,1.155658483505249,2,322,
83,48000,b,1.2778297066688538,2,322,
83,48000,c,1.3783913254737854,2,322,
83,48000,d,1.2112995386123657,2,322,
83,48000,e,1.1521000862121582,2,322,
83,48000,f,1.2898201942443848,2,322,
83,48000,g,1.2593485713005066,2,322,
83,48000,h,1.3381056189537048,2,322,
83,48000,i,1.1396823525428772,2,322,
83,48300,a,1.364082932472229,2,324,
83,48300,b,1.378230333328247,2,324,
83,48300,c,1.3810282945632935,2,324,
83,48300,d,1.3583852052688599,2,324,
83,48300,e,1.1546311974525452,2,324,
83,48300,f,1.2959035634994507,2,324,
83,48300,g,1.1689305305480957,2,324,
83,48300,h,1.1657659411430359,2,324,
83,48300,i,1.1266138553619385,2,324,
83,48600,a,1.2159879207611084,2,326,
83,48600,b,1.4401919841766357,2,326,
83,48600,c,1.3999501466751099,2,326,
83,48600,d,1.0955867171287537,2,326,
83,48600,e,1.5458556413650513,2,326,
83,48600,f,1.2030634880065918,2,326,
83,48600,g,1.2435700297355652,2,326,
83,48600,h,1.1987681984901428,2,326,
83,48600,i,1.3578063249588013,2,326,
83,48900,a,1.3422118425369263,2,328,
83,48900,b,1.376665711402893,2,328,
83,48900,c,1.2738484740257263,2,328,
83,48900,d,1.2516164779663086,2,328,
83,48900,e,1.3534391522407532,2,328,
83,48900,f,1.4473682641983032,2,328,
83,48900,g,1.4433959126472473,2,328,
83,48900,h,1.1753640174865723,2,328,
83,48900,i,1.1741188764572144,2,328,
83,49200,a,1.2726936340332031,2,330,
83,49200,b,1.394938051700592,2,330,
83,49200,c,1.2832592129707336,2,330,
83,49200,d,1.084334671497345,2,330,
83,49200,e,1.2744797468185425,2,330,
83,49200,f,1.1611398458480835,2,330,
83,49200,g,1.4524215459823608,2,330,
83,49200,h,1.37827867269516,2,330,
83,49200,i,1.3209640383720398,2,330,
83,49500,a,1.1104978919029236,2,332,
83,49500,b,1.513339877128601,2,332,
83,49500,c,1.1911834478378296,2,332,
83,49500,d,1.2291545867919922,2,332,
83,49500,e,1.2159457206726074,2,332,
83,49500,f,1.2337827682495117,2,332,
83,49500,g,1.140691876411438,2,332,
83,49500,h,1.0920204520225525,2,332,
83,49500,i,1.2187016606330872,2,332,
83,49800,a,1.4010652303695679,2,334,
83,49800,b,1.3800975680351257,2,334,
83,49800,c,1.1962829232215881,2,334,
83,49800,d,1.0820730924606323,2,334,
83,49800,e,1.2615055441856384,2,334,
83,49800,f,1.2606860399246216,2,334,
83,49800,g,1.2844586968421936,2,334,
83,49800,h,1.1976503729820251,2,334,
83,49800,i,1.195374310016632,2,334,
83,50100,a,1.1695048809051514,2,336,
83,50100,b,1.3715596795082092,2,336,
83,50100,c,1.3792743682861328,2,336,
83,50100,d,1.1421195268630981,2,336,
83,50100,e,1.3774765133857727,2,336,
83,50100,f,1.465729534626007,2,336,
83,50100,g,1.2866674661636353,2,336,
83,50100,h,1.2079086303710938,2,336,
83,50100,i,1.2885109186172485,2,336,
83,50400,a,1.2187572717666626,2,338,
83,50400,b,1.4268097877502441,2,338,
83,50400,c,1.2788249254226685,2,338,
83,50400,d,1.2506526708602905,2,338,
83,50400,e,1.1846411228179932,2,338,
83,50400,f,1.2537871599197388,2,338,
83,50400,g,1.3718757033348083,2,338,
83,50400,h,1.163708209991455,2,338,
83,50400,i,1.1724106073379517,2,338,
83,50700,a,1.2253058552742004,2,340,
83,50700,b,1.3855459690093994,2,340,
83,50700,c,1.3461636900901794,2,340,
83,50700,d,1.1226386427879333,2,340,
83,50700,e,1.280692219734192,2,340,
83,50700,f,1.2595090866088867,2,340,
83,50700,g,1.1983684301376343,2,340,
83,50700,h,1.1928572058677673,2,340,
83,50700,i,1.326492726802826,2,340,
83,51000,a,1.2752302885055542,2,342,
83,51000,b,1.6024275422096252,2,342,
83,51000,c,1.4410353302955627,2,342,
83,51000,d,1.23941171169281,2,342,
83,51000,e,1.2104107737541199,2,342,
83,51000,f,1.4030131697654724,2,342,
83,51000,g,1.0941528975963593,2,342,
83,51000,h,1.2594161629676819,2,342,
83,51000,i,1.3850273489952087,2,342,
83,51300,a,1.3159803748130798,2,344,
83,51300,b,1.4256712198257446,2,344,
83,51300,c,1.6022549271583557,2,344,
83,51300,d,1.2062188386917114,2,344,
83,51300,e,1.2762131690979004,2,344,
83,51300,f,1.3237912058830261,2,344,
83,51300,g,1.2417752742767334,2,344,
83,51300,h,1.3388192653656006,2,344,
83,51300,i,1.21864652633667,2,344,
83,51600,a,1.3071383237838745,2,346,
83,51600,b,1.3313130140304565,2,346,
83,51600,c,1.5567981600761414,2,346,
83,51600,d,1.2242010235786438,2,346,
83,51600,e,1.1551504731178284,2,346,
83,51600,f,1.2359939813613892,2,346,
83,51600,g,1.1946616172790527,2,346,
83,51600,h,1.2331746816635132,2,346,
83,51600,i,1.281906545162201,2,346,
83,51900,a,1.2709807753562927,2,348,
83,51900,b,1.364432454109192,2,348,
83,51900,c,1.3934840559959412,2,348,
83,51900,d,1.3364427089691162,2,348,
83,51900,e,1.4208526611328125,2,348,
83,51900,f,1.3980661630630493,2,348,
83,51900,g,1.2203224897384644,2,348,
83,51900,h,1.0660676956176758,2,348,
83,51900,i,1.2284120917320251,2,348,
83,52200,a,1.1939884424209595,2,350,
83,52200,b,1.4473735094070435,2,350,
83,52200,c,1.455095887184143,2,350,
83,52200,d,1.3366714119911194,2,350,
83,52200,e,1.2496880292892456,2,350,
83,52200,f,1.181080400943756,2,350,
83,52200,g,1.1769607663154602,2,350,
83,52200,h,1.1225851774215698,2,350,
83,52200,i,1.2466909885406494,2,350,
83,52500,a,1.1671484112739563,2,352,
83,52500,b,1.435263752937317,2,352,
83,52500,c,1.2601590156555176,2,352,
83,52500,d,1.066767156124115,2,352,
83,52500,e,1.25474214553833,2,352,
83,52500,f,1.4322347044944763,2,352,
83,52500,g,1.1712779998779297,2,352,
83,52500,h,1.2739087343215942,2,352,
83,52500,i,1.19815993309021,2,352,
83,52800,a,1.2226786017417908,2,354,
83,52800,b,1.354537844657898,2,354,
83,52800,c,1.2914459109306335,2,354,
83,52800,d,1.2262119054794312,2,354,
83,52800,e,1.1458305716514587,2,354,
83,52800,f,1.3657156825065613,2,354,
83,52800,g,1.274376392364502,2,354,
83,52800,h,1.3467987775802612,2,354,
83,52800,i,1.1315830945968628,2,354,
83,53100,a,1.1283803582191467,2,356,
83,53100,b,1.4154025316238403,2,356,
83,53100,c,1.3396444916725159,2,356,
83,53100,d,1.11092209815979,2,356,
83,53100,e,1.2954278588294983,2,356,
83,53100,f,1.1788333654403687,2,356,
83,53100,g,1.3397787809371948,2,356,
83,53100,h,1.1704609990119934,2,356,
83,53100,i,1.213263750076294,2,356,
83,53400,a,1.1939433813095093,2,358,
83,53400,b,1.3808207511901855,2,358,
83,53400,c,1.3256108164787292,2,358,
83,53400,d,1.1576064825057983,2,358,
83,53400,e,1.3508636951446533,2,358,
83,53400,f,1.2333490252494812,2,358,
83,53400,g,1.2962400317192078,2,358,
83,53400,h,1.3217107057571411,2,358,
83,53400,i,1.2237854599952698,2,358,
83,53700,a,1.214768409729004,2,360,
83,53700,b,1.3794044256210327,2,360,
83,53700,c,1.3773219585418701,2,360,
83,53700,d,1.144629418849945,2,360,
83,53700,e,1.0931576490402222,2,360,
83,53700,f,1.1474342942237854,2,360,
83,53700,g,1.1661543250083923,2,360,
83,53700,h,1.202863872051239,2,360,
83,53700,i,1.3509633541107178,2,360,
83,54000,a,1.2372286915779114,2,362,
83,54000,b,1.2592202425003052,2,362,
83,54000,c,1.3081094622612,2,362,
83,54000,d,1.204667329788208,2,362,
83,54000,e,1.152097225189209,2,362,
83,54000,f,1.2504545450210571,2,362,
83,54000,g,1.2771772742271423,2,362,
83,54000,h,1.1678647994995117,2,362,
83,54000,i,1.058284878730774,2,362,
83,54300,a,1.360046148300171,2,364,
83,54300,b,1.400547742843628,2,364,
83,54300,c,1.4056494235992432,2,364,
83,54300,d,1.1016244888305664,2,364,
83,54300,e,1.1592340469360352,2,364,
83,54300,f,1.2837039232254028,2,364,
83,54300,g,1.2209528684616089,2,364,
83,54300,h,1.0887927412986755,2,364,
83,54300,i,1.1627858877182007,2,364,
83,54600,a,1.2507879734039307,2,366,
83,54600,b,1.3029428720474243,2,366,
83,54600,c,1.2433650493621826,2,366,
83,54600,d,1.1700037121772766,2,366,
83,54600,e,1.2430499196052551,2,366,
83,54600,f,1.1332401037216187,2,366,
83,54600,g,1.3010525107383728,2,366,
83,54600,h,1.1652718782424927,2,366,
83,54600,i,1.1759790778160095,2,366,
83,54900,a,1.2177337408065796,2,368,
83,54900,b,1.2685617208480835,2,368,
83,54900,c,1.3121216893196106,2,368,
83,54900,d,1.0951693654060364,2,368,
83,54900,e,1.3111729621887207,2,368,
83,54900,f,1.3995268940925598,2,368,
83,54900,g,1.3652767539024353,2,368,
83,54900,h,1.1136414408683777,2,368,
83,54900,i,1.2668209075927734,2,368,
83,55200,a,1.1294684410095215,2,370,
83,55200,b,1.2491607666015625,2,370,
83,55200,c,1.1733660101890564,2,370,
83,55200,d,1.0472264289855957,2,370,
83,55200,e,1.2261533737182617,2,370,
83,55200,f,1.2729092240333557,2,370,
83,55200,g,1.2698466777801514,2,370,
83,55200,h,1.3590760231018066,2,370,
83,55200,i,1.0546106696128845,2,370,
83,55500,a,1.355398178100586,2,372,
83,55500,b,1.3680018186569214,2,372,
83,55500,c,1.3812769651412964,2,372,
83,55500,d,1.205001950263977,2,372,
83,55500,e,1.25612211227417,2,372,
83,55500,f,1.3845235109329224,2,372,
83,55500,g,1.1179885268211365,2,372,
83,55500,h,1.1510969400405884,2,372,
83,55500,i,1.422609806060791,2,372,
83,55800,a,1.1399878859519958,2,374,
83,55800,b,1.284638226032257,2,374,
83,55800,c,1.2468457221984863,2,374,
83,55800,d,1.3505093455314636,2,374,
83,55800,e,1.0940779447555542,2,374,
83,55800,f,1.1919596195220947,2,374,
83,55800,g,1.2299047708511353,2,374,
83,55800,h,1.2264659404754639,2,374,
83,55800,i,1.1750396490097046,2,374,
83,56100,a,1.3310892581939697,2,376,
83,56100,b,1.315974235534668,2,376,
83,56100,c,1.3250222206115723,2,376,
83,56100,d,1.1500168442726135,2,376,
83,56100,e,1.1661816835403442,2,376,
83,56100,f,1.1950441598892212,2,376,
83,56100,g,1.15503591299057,2,376,
83,56100,h,1.2010137438774109,2,376,
83,56100,i,1.1919565796852112,2,376,
83,56400,a,1.2551833987236023,2,378,
83,56400,b,1.2395922541618347,2,378,
83,56400,c,1.3886770606040955,2,378,
83,56400,d,1.153686285018921,2,378,
83,56400,e,1.273476481437683,2,378,
83,56400,f,1.2525831460952759,2,378,
83,56400,g,1.2845060229301453,2,378,
83,56400,h,1.1401994228363037,2,378,
83,56400,i,1.4460097551345825,2,378,
83,56700,a,1.1923094987869263,2,380,
83,56700,b,1.2527124285697937,2,380,
83,56700,c,1.2956178784370422,2,380,
83,56700,d,1.0522514581680298,2,380,
83,56700,e,1.190158724784851,2,380,
83,56700,f,1.2926101684570312,2,380,
83,56700,g,1.2539761662483215,2,380,
83,56700,h,1.3500099182128906,2,380,
83,56700,i,1.1625487208366394,2,380,
83,57000,a,1.1315163373947144,2,382,
83,57000,b,1.2683612704277039,2,382,
83,57000,c,1.3151969909667969,2,382,
83,57000,d,1.1105282306671143,2,382,
83,57000,e,1.183506429195404,2,382,
83,57000,f,1.3402746319770813,2,382,
83,57000,g,1.3547192215919495,2,382,
83,57000,h,1.1697977185249329,2,382,
83,57000,i,1.2117865085601807,2,382,
83,57300,a,1.135623812675476,2,384,
83,57300,b,1.346405029296875,2,384,
83,57300,c,1.232753574848175,2,384,
83,57300,d,1.12913978099823,2,384,
83,57300,e,1.1665306687355042,2,384,
83,57300,f,1.4935871958732605,2,384,
83,57300,g,1.2418999075889587,2,384,
83,57300,h,1.2803183197975159,2,384,
83,57300,i,1.3660393357276917,2,384,
83,57600,a,1.265994131565094,2,386,
83,57600,b,1.2103701829910278,2,386,
83,57600,c,1.2692371606826782,2,386,
83,57600,d,1.1180245280265808,2,386,
83,57600,e,1.236957311630249,2,386,
83,57600,f,1.316550850868225,2,386,
83,57600,g,1.2112013697624207,2,386,
83,57600,h,1.158367931842804,2,386,
83,57600,i,1.2381912171840668,2,386,
83,57900,a,1.2622084021568298,2,388,
83,57900,b,1.3969728350639343,2,388,
83,57900,c,1.1886004209518433,2,388,
83,57900,d,1.0884056091308594,2,388,
83,57900,e,1.2038256525993347,2,388,
83,57900,f,1.31748765707016,2,388,
83,57900,g,1.2261451482772827,2,388,
83,57900,h,1.2134791612625122,2,388,
83,57900,i,1.1223455667495728,2,388,
83,58200,a,1.1641978025436401,2,390,
83,58200,b,1.3127844333648682,2,390,
83,58200,c,1.2357310056686401,2,390,
83,58200,d,1.1318863034248352,2,390,
83,58200,e,1.1207034587860107,2,390,
83,58200,f,1.3260928392410278,2,390,
83,58200,g,1.1231303215026855,2,390,
83,58200,h,1.1708047986030579,2,390,
83,58200,i,1.2555100321769714,2,390,
83,58500,a,1.11985844373703,2,392,
83,58500,b,1.321475327014923,2,392,
83,58500,c,1.2279000282287598,2,392,
83,58500,d,1.146677851676941,2,392,
83,58500,e,1.1912338137626648,2,392,
83,58500,f,1.1661139130592346,2,392,
83,58500,g,1.1370862126350403,2,392,
83,58500,h,1.1924629211425781,2,392,
83,58500,i,1.1823641061782837,2,392,
83,58800,a,1.228030025959015,2,394,
83,58800,b,1.4727110862731934,2,394,
83,58800,c,1.2457019090652466,2,394,
83,58800,d,1.1567149758338928,2,394,
83,58800,e,1.155538558959961,2,394,
83,58800,f,1.3048264384269714,2,394,
83,58800,g,1.0701539516448975,2,394,
83,58800,h,1.1591466069221497,2,394,
83,58800,i,1.2758326530456543,2,394,
83,59100,a,1.3936205506324768,2,396,
83,59100,b,1.3985975980758667,2,396,
83,59100,c,1.2790913581848145,2,396,
83,59100,d,1.152803897857666,2,396,
83,59100,e,1.1967611908912659,2,396,
83,59100,f,1.1456474661827087,2,396,
83,59100,g,1.3660325407981873,2,396,
83,59100,h,1.1999065279960632,2,396,
83,59100,i,1.1373255848884583,2,396,
83,59400,a,1.2885335683822632,2,398,
83,59400,b,1.5086666345596313,2,398,
83,59400,c,1.2686113119125366,2,398,
83,59400,d,1.1728007793426514,2,398,
83,59400,e,1.0939164757728577,2,398,
83,59400,f,1.3112066388130188,2,398,
83,59400,g,1.273234784603119,2,398,
83,59400,h,1.2295507192611694,2,398,
83,59400,i,1.1232646703720093,2,398,
83,59700,a,1.24223130941391,2,400,
83,59700,b,1.387803316116333,2,400,
83,59700,c,1.2736145853996277,2,400,
83,59700,d,1.0332632064819336,2,400,
83,59700,e,1.182813048362732,2,400,
83,59700,f,1.1515912413597107,2,400,
83,59700,g,1.2631577253341675,2,400,
83,59700,h,1.1618403196334839,2,400,
83,59700,i,1.1749535202980042,2,400,
83,60000,a,1.1536552906036377,2,402,
83,60000,b,1.206709384918213,2,402,
83,60000,c,1.3404325246810913,2,402,
83,60000,d,1.233686089515686,2,402,
83,60000,e,1.222133994102478,2,402,
83,60000,f,1.4816908836364746,2,402,
83,60000,g,1.1876326203346252,2,402,
83,60000,h,1.091756522655487,2,402,
83,60000,i,1.1965609192848206,2,402,
83,60300,a,1.1260409355163574,2,404,
83,60300,b,1.3322921991348267,2,404,
83,60300,c,1.2179561853408813,2,404,
83,60300,d,1.4208975434303284,2,404,
83,60300,e,1.13234543800354,2,404,
83,60300,f,1.169745147228241,2,404,
83,60300,g,1.2791407108306885,2,404,
83,60300,h,1.2417091727256775,2,404,
83,60300,i,1.2538443207740784,2,404,
83,60600,a,1.2543758749961853,2,406,
83,60600,b,1.253188133239746,2,406,
83,60600,c,1.4472860097885132,2,406,
83,60600,d,1.0887070298194885,2,406,
83,60600,e,1.1197094917297363,2,406,
83,60600,f,1.2648543119430542,2,406,
83,60600,g,1.2736693024635315,2,406,
83,60600,h,1.140204668045044,2,406,
83,60600,i,1.1761232614517212,2,406,
83,60900,a,1.1582088470458984,2,408,
83,60900,b,1.295390248298645,2,408,
83,60900,c,1.226733148097992,2,408,
83,60900,d,1.293076992034912,2,408,
83,60900,e,1.1874848008155823,2,408,
83,60900,f,1.2414011359214783,2,408,
83,60900,g,1.2989537715911865,2,408,
83,60900,h,1.2470502853393555,2,408,
83,60900,i,1.1868746876716614,2,408,
83,61200,a,1.1362160444259644,2,410,
83,61200,b,1.2180060148239136,2,410,
83,61200,c,1.2466981410980225,2,410,
83,61200,d,1.187847077846527,2,410,
83,61200,e,1.1912370920181274,2,410,
83,61200,f,1.2571752667427063,2,410,
83,61200,g,1.1270040273666382,2,410,
83,61200,h,1.1904138922691345,2,410,
83,61200,i,1.1175721287727356,2,410,
83,61500,a,1.1782505512237549,2,412,
83,61500,b,1.4054263234138489,2,412,
83,61500,c,1.171166181564331,2,412,
83,61500,d,1.1899195909500122,2,412,
83,61500,e,1.147336721420288,2,412,
83,61500,f,1.21511310338974,2,412,
83,61500,g,1.046975553035736,2,412,
83,61500,h,1.223082184791565,2,412,
83,61500,i,1.117096483707428,2,412,
83,61800,a,1.1943641304969788,2,414,
83,61800,b,1.2108233571052551,2,414,
83,61800,c,1.245534062385559,2,414,
83,61800,d,1.2014153599739075,2,414,
83,61800,e,1.2057603597640991,2,414,
83,61800,f,1.1521833539009094,2,414,
83,61800,g,1.2405621409416199,2,414,
83,61800,h,1.0529919266700745,2,414,
83,61800,i,1.1657561659812927,2,414,
83,62100,a,1.3347610831260681,2,416,
83,62100,b,1.2789113521575928,2,416,
83,62100,c,1.3467066287994385,2,416,
83,62100,d,1.058991253376007,2,416,
83,62100,e,1.1387726068496704,2,416,
83,62100,f,1.0381817817687988,2,416,
83,62100,g,1.469407081604004,2,416,
83,62100,h,1.6590842008590698,2,416,
83,62100,i,1.172629177570343,2,416,
83,62400,a,1.2077707052230835,2,418,
83,62400,b,1.197630763053894,2,418,
83,62400,c,1.248853087425232,2,418,
83,62400,d,1.1173948049545288,2,418,
83,62400,e,1.1752334833145142,2,418,
83,62400,f,1.3286169171333313,2,418,
83,62400,g,1.1669435501098633,2,418,
83,62400,h,1.0902066826820374,2,418,
83,62400,i,1.149132490158081,2,418,
83,62700,a,1.1551513075828552,2,420,
83,62700,b,1.3867578506469727,2,420,
83,62700,c,1.3998475670814514,2,420,
83,62700,d,1.1323542594909668,2,420,
83,62700,e,1.3675920963287354,2,420,
83,62700,f,1.2052932977676392,2,420,
83,62700,g,1.385596215724945,2,420,
83,62700,h,1.021483153104782,2,420,
83,62700,i,1.1308491230010986,2,420,
83,63000,a,1.2542195320129395,2,422,
83,63000,b,1.2422638535499573,2,422,
83,63000,c,1.3740793466567993,2,422,
83,63000,d,1.1226134300231934,2,422,
83,63000,e,1.1678382754325867,2,422,
83,63000,f,1.1683450937271118,2,422,
83,63000,g,1.095081865787506,2,422,
83,63000,h,1.072534203529358,2,422,
83,63000,i,1.2088303565979004,2,422,
83,63300,a,1.0849037766456604,2,424,
83,63300,b,1.3250303268432617,2,424,
83,63300,c,1.3641376495361328,2,424,
83,63300,d,1.2011467814445496,2,424,
83,63300,e,1.2758078575134277,2,424,
83,63300,f,1.146730899810791,2,424,
83,63300,g,0.970710277557373,2,424,
83,63300,h,1.1237560510635376,2,424,
83,63300,i,1.2047313451766968,2,424,
83,63600,a,1.1633170247077942,2,426,
83,63600,b,1.2369976043701172,2,426,
83,63600,c,1.250681221485138,2,426,
83,63600,d,1.1965458989143372,2,426,
83,63600,e,1.1943840384483337,2,426,
83,63600,f,1.231190264225006,2,426,
83,63600,g,1.259081482887268,2,426,
83,63600,h,1.286105990409851,2,426,
83,63600,i,1.0972809195518494,2,426,
83,63900,a,1.2158044576644897,2,428,
83,63900,b,1.2813091278076172,2,428,
83,63900,c,1.3871644139289856,2,428,
83,63900,d,1.0613321661949158,2,428,
83,63900,e,1.1148091554641724,2,428,
83,63900,f,1.0420390367507935,2,428,
83,63900,g,1.2368888854980469,2,428,
83,63900,h,1.0756573677062988,2,428,
83,63900,i,1.1675155758857727,2,428,
83,64200,a,1.145454227924347,2,430,
83,64200,b,1.2239997386932373,2,430,
83,64200,c,1.379549264907837,2,430,
83,64200,d,1.1971850991249084,2,430,
83,64200,e,1.0787149667739868,2,430,
83,64200,f,1.2711243033409119,2,430,
83,64200,g,1.221435546875,2,430,
83,64200,h,1.140860140323639,2,430,
83,64200,i,1.167336642742157,2,430,
83,64500,a,1.1778255701065063,2,432,
83,64500,b,1.4367907047271729,2,432,
83,64500,c,1.1945548057556152,2,432,
83,64500,d,1.0513150095939636,2,432,
83,64500,e,1.0999223589897156,2,432,
83,64500,f,1.2097834348678589,2,432,
83,64500,g,1.1565886735916138,2,432,
83,64500,h,1.0204516053199768,2,432,
83,64500,i,1.3011913895606995,2,432,
83,64800,a,1.218243658542633,2,434,
83,64800,b,1.3073750734329224,2,434,
83,64800,c,1.1409384608268738,2,434,
83,64800,d,1.1756392121315002,2,434,
83,64800,e,1.1693037748336792,2,434,
83,64800,f,1.2540630102157593,2,434,
83,64800,g,1.3255314826965332,2,434,
83,64800,h,1.072884738445282,2,434,
83,64800,i,1.3352018594741821,2,434,
83,65100,a,1.3447834849357605,2,436,
83,65100,b,1.3397325277328491,2,436,
83,65100,c,1.2547879815101624,2,436,
83,65100,d,1.447982668876648,2,436,
83,65100,e,1.1334916353225708,2,436,
83,65100,f,1.1928199529647827,2,436,
83,65100,g,1.1933059692382812,2,436,
83,65100,h,1.1268697381019592,2,436,
83,65100,i,1.226447582244873,2,436,
83,65400,a,1.0444791316986084,2,438,
83,65400,b,1.3461883068084717,2,438,
83,65400,c,1.263520896434784,2,438,
83,65400,d,0.9988260567188263,2,438,
83,65400,e,1.154409110546112,2,438,
83,65400,f,1.3370609283447266,2,438,
83,65400,g,1.3342235684394836,2,438,
83,65400,h,1.1776735186576843,2,438,
83,65400,i,1.0651710033416748,2,438,
83,65700,a,1.0960678458213806,2,440,
83,65700,b,1.3549457788467407,2,440,
83,65700,c,1.3961556553840637,2,440,
83,65700,d,1.0344371795654297,2,440,
83,65700,e,1.131040871143341,2,440,
83,65700,f,1.162717342376709,2,440,
83,65700,g,1.1662132143974304,2,440,
83,65700,h,1.0524474680423737,2,440,
83,65700,i,1.3631523847579956,2,440,
83,66000,a,1.2587292194366455,2,442,
83,66000,b,1.386546015739441,2,442,
83,66000,c,1.253114640712738,2,442,
83,66000,d,1.5566300749778748,2,442,
83,66000,e,1.2638182044029236,2,442,
83,66000,f,1.4504268169403076,2,442,
83,66000,g,1.1214645504951477,2,442,
83,66000,h,1.1261305212974548,2,442,
83,66000,i,1.135736882686615,2,442,
83,66300,a,1.0780190825462341,2,444,
83,66300,b,1.3136658668518066,2,444,
83,66300,c,1.2704858183860779,2,444,
83,66300,d,1.1419581770896912,2,444,
83,66300,e,1.3505063652992249,2,444,
83,66300,f,1.3760435581207275,2,444,
83,66300,g,1.1705213785171509,2,444,
83,66300,h,1.0904952883720398,2,444,
83,66300,i,1.2113645672798157,2,444,
83,66600,a,1.343294084072113,2,446,
83,66600,b,1.3398184776306152,2,446,
83,66600,c,1.3482162952423096,2,446,
83,66600,d,1.1810548901557922,2,446,
83,66600,e,1.3887823820114136,2,446,
83,66600,f,1.2395591735839844,2,446,
83,66600,g,1.0592821836471558,2,446,
83,66600,h,1.28516685962677,2,446,
83,66600,i,1.2908818125724792,2,446,
83,66900,a,1.3160343766212463,2,448,
83,66900,b,1.3442797660827637,2,448,
83,66900,c,1.2191524505615234,2,448,
83,66900,d,1.2670625448226929,2,448,
83,66900,e,0.962897390127182,2,448,
83,66900,f,1.3168433904647827,2,448,
83,66900,g,1.2919005155563354,2,448,
83,66900,h,1.1691048741340637,2,448,
83,66900,i,1.1869779229164124,2,448,
83,67200,a,1.0904507637023926,2,450,
83,67200,b,1.4425840973854065,2,450,
83,67200,c,1.3034400343894958,2,450,
83,67200,d,1.2163456678390503,2,450,
83,67200,e,1.176313579082489,2,450,
83,67200,f,1.2735408544540405,2,450,
83,67200,g,1.1502026319503784,2,450,
83,67200,h,1.083513081073761,2,450,
83,67200,i,1.2505825757980347,2,450,
83,67500,a,1.190069317817688,2,452,
83,67500,b,1.2857293486595154,2,452,
83,67500,c,1.29429692029953,2,452,
83,67500,d,1.2093048691749573,2,452,
83,67500,e,1.068889856338501,2,452,
83,67500,f,1.268458366394043,2,452,
83,67500,g,1.2443236708641052,2,452,
83,67500,h,1.0481194257736206,2,452,
83,67500,i,1.228319227695465,2,452,
83,67800,a,1.1271405220031738,2,454,
83,67800,b,1.266613483428955,2,454,
83,67800,c,1.1759220361709595,2,454,
83,67800,d,1.0646167993545532,2,454,
83,67800,e,1.034875512123108,2,454,
83,67800,f,1.0953216552734375,2,454,
83,67800,g,1.2178906798362732,2,454,
83,67800,h,1.038903832435608,2,454,
83,67800,i,1.3120759725570679,2,454,
83,68100,a,1.1454740166664124,2,456,
83,68100,b,1.0989025831222534,2,456,
83,68100,c,1.1814916729927063,2,456,
83,68100,d,1.2965754866600037,2,456,
83,68100,e,1.1518924236297607,2,456,
83,68100,f,1.1854084134101868,2,456,
83,68100,g,1.1240220069885254,2,456,
83,68100,h,1.1169518828392029,2,456,
83,68100,i,1.3093483448028564,2,456,
83,68400,a,1.2161818742752075,2,458,
83,68400,b,1.3378292918205261,2,458,
83,68400,c,1.4341202974319458,2,458,
83,68400,d,1.155448079109192,2,458,
83,68400,e,1.0477560758590698,2,458,
83,68400,f,1.1881702542304993,2,458,
83,68400,g,1.1669996976852417,2,458,
83,68400,h,1.3163508176803589,2,458,
83,68400,i,1.171416699886322,2,458,
83,68700,a,1.0860287547111511,2,460,
83,68700,b,1.185188889503479,2,460,
83,68700,c,1.4292296767234802,2,460,
83,68700,d,1.0904709100723267,2,460,
83,68700,e,1.089159369468689,2,460,
83,68700,f,1.2808749079704285,2,460,
83,68700,g,1.219981074333191,2,460,
83,68700,h,1.0934953093528748,2,460,
83,68700,i,1.223719596862793,2,460,
83,69000,a,1.425910234451294,2,462,
83,69000,b,1.1604053974151611,2,462,
83,69000,c,1.3275103569030762,2,462,
83,69000,d,1.073506236076355,2,462,
83,69000,e,1.2902792692184448,2,462,
83,69000,f,1.4778183698654175,2,462,
83,69000,g,1.090595781803131,2,462,
83,69000,h,1.1941576600074768,2,462,
83,69000,i,1.1461795568466187,2,462,
83,69300,a,1.134758174419403,2,464,
83,69300,b,1.3388072848320007,2,464,
83,69300,c,1.3100520372390747,2,464,
83,69300,d,1.143585979938507,2,464,
83,69300,e,1.0882942378520966,2,464,
83,69300,f,1.1238346099853516,2,464,
83,69300,g,1.1190921664237976,2,464,
83,69300,h,1.1421427130699158,2,464,
83,69300,i,1.2454019784927368,2,464,
83,69600,a,1.133969783782959,2,466,
83,69600,b,1.2423415780067444,2,466,
83,69600,c,1.2309123873710632,2,466,
83,69600,d,0.9226837158203125,2,466,
83,69600,e,1.3636616468429565,2,466,
83,69600,f,1.1952676177024841,2,466,
83,69600,g,1.3642531037330627,2,466,
83,69600,h,1.1793348789215088,2,466,
83,69600,i,1.3012303709983826,2,466,
83,69900,a,1.0695900917053223,2,468,
83,69900,b,1.2260447144508362,2,468,
83,69900,c,1.2809908986091614,2,468,
83,69900,d,1.0693360567092896,2,468,
83,69900,e,1.1928220987319946,2,468,
83,69900,f,1.2722408771514893,2,468,
83,69900,g,0.9696762561798096,2,468,
83,69900,h,1.151283860206604,2,468,
83,69900,i,1.094012439250946,2,468,
83,70200,a,1.1443081498146057,2,470,
83,70200,b,1.1977935433387756,2,470,
83,70200,c,1.395076036453247,2,470,
83,70200,d,1.0481277108192444,2,470,
83,70200,e,1.0791714191436768,2,470,
83,70200,f,1.190463662147522,2,470,
83,70200,g,1.3929063081741333,2,470,
83,70200,h,1.22039133310318,2,470,
83,70200,i,1.0875306725502014,2,470,
83,70500,a,1.2172808349132538,2,472,
83,70500,b,1.3537633419036865,2,472,
83,70500,c,1.642604947090149,2,472,
83,70500,d,1.058217465877533,2,472,
83,70500,e,1.0283866822719574,2,472,
83,70500,f,1.2666119933128357,2,472,
83,70500,g,1.066779375076294,2,472,
83,70500,h,1.3310761451721191,2,472,
83,70500,i,1.1084578037261963,2,472,
83,70800,a,1.1686716079711914,2,474,
83,70800,b,1.2089465856552124,2,474,
83,70800,c,1.2556113004684448,2,474,
83,70800,d,1.041767656803131,2,474,
83,70800,e,1.128838300704956,2,474,
83,70800,f,1.2034947276115417,2,474,
83,70800,g,1.1031505465507507,2,474,
83,70800,h,1.177573323249817,2,474,
83,70800,i,1.0962616205215454,2,474,
83,71100,a,1.1330979466438293,2,476,
83,71100,b,1.1988410353660583,2,476,
83,71100,c,1.3023755550384521,2,476,
83,71100,d,1.4136805534362793,2,476,
83,71100,e,1.1716035604476929,2,476,
83,71100,f,1.2063992619514465,2,476,
83,71100,g,1.2129150032997131,2,476,
83,71100,h,1.1221145987510681,2,476,
83,71100,i,1.2657908201217651,2,476,
83,71400,a,1.0707504749298096,2,478,
83,71400,b,1.4339221119880676,2,478,
83,71400,c,1.2461057305335999,2,478,
83,71400,d,1.1381142139434814,2,478,
83,71400,e,0.9389553964138031,2,478,
83,71400,f,1.2262208461761475,2,478,
83,71400,g,0.9161041080951691,2,478,
83,71400,h,1.1704996824264526,2,478,
83,71400,i,1.0413021743297577,2,478,
83,71700,a,1.3309353590011597,2,480,
83,71700,b,1.506008803844452,2,480,
83,71700,c,1.1658483147621155,2,480,
83,71700,d,1.0651559233665466,2,480,
83,71700,e,1.1167423129081726,2,480,
83,71700,f,1.2929093837738037,2,480,
83,71700,g,1.0672953724861145,2,480,
83,71700,h,1.1995455622673035,2,480,
83,71700,i,1.116527020931244,2,480,
83,72000,a,1.1925288438796997,2,482,
83,72000,b,1.315385341644287,2,482,
83,72000,c,1.2389305233955383,2,482,
83,72000,d,1.098507046699524,2,482,
83,72000,e,0.9127406477928162,2,482,
83,72000,f,0.9770324528217316,2,482,
83,72000,g,1.1363373398780823,2,482,
83,72000,h,1.0039166510105133,2,482,
83,72000,i,1.0954528748989105,2,482,
83,72300,a,1.131229043006897,2,484,
83,72300,b,1.145001769065857,2,484,
83,72300,c,1.2719596028327942,2,484,
83,72300,d,1.0414170026779175,2,484,
83,72300,e,1.1587515473365784,2,484,
83,72300,f,1.31219482421875,2,484,
83,72300,g,1.1291211247444153,2,484,
83,72300,h,1.099307358264923,2,484,
83,72300,i,1.1136635541915894,2,484,
83,72600,a,1.1078705787658691,2,486,
83,72600,b,1.2342251539230347,2,486,
83,72600,c,1.3963058590888977,2,486,
83,72600,d,1.0151166915893555,2,486,
83,72600,e,1.0672435760498047,2,486,
83,72600,f,1.2438528537750244,2,486,
83,72600,g,1.1331867575645447,2,486,
83,72600,h,1.2227751016616821,2,486,
83,72600,i,0.9977524280548096,2,486,
83,72900,a,1.237131953239441,2,488,
83,72900,b,1.2848228216171265,2,488,
83,72900,c,1.1748302578926086,2,488,
83,72900,d,1.1431680917739868,2,488,
83,72900,e,1.1903898119926453,2,488,
83,72900,f,1.2696576714515686,2,488,
83,72900,g,1.214978039264679,2,488,
83,72900,h,1.1170053482055664,2,488,
83,72900,i,1.0303575992584229,2,488,
83,73200,a,1.094655692577362,2,490,
83,73200,b,1.2329449653625488,2,490,
83,73200,c,1.2089186310768127,2,490,
83,73200,d,1.0465644598007202,2,490,
83,73200,e,1.1198950707912445,2,490,
83,73200,f,1.2889133095741272,2,490,
83,73200,g,1.0646034479141235,2,490,
83,73200,h,0.888200968503952,2,490,
83,73200,i,1.062110424041748,2,490,
83,73500,a,1.1245120167732239,2,492,
83,73500,b,1.187807559967041,2,492,
83,73500,c,1.206510603427887,2,492,
83,73500,d,1.0515430569648743,2,492,
83,73500,e,1.0191608667373657,2,492,
83,73500,f,1.0512322187423706,2,492,
83,73500,g,1.2149543166160583,2,492,
83,73500,h,1.234409511089325,2,492,
83,73500,i,1.1652539372444153,2,492,
83,73800,a,1.2535886764526367,2,494,
83,73800,b,1.1413012742996216,2,494,
83,73800,c,1.2679224610328674,2,494,
83,73800,d,1.086501955986023,2,494,
83,73800,e,1.1652532815933228,2,494,
83,73800,f,1.197585940361023,2,494,
83,73800,g,1.136643409729004,2,494,
83,73800,h,1.0948363542556763,2,494,
83,73800,i,1.051742136478424,2,494,
83,74100,a,1.0913322567939758,2,496,
83,74100,b,1.2052302360534668,2,496,
83,74100,c,1.072762131690979,2,496,
83,74100,d,1.0399454832077026,2,496,
83,74100,e,1.0657359957695007,2,496,
83,74100,f,1.0871010422706604,2,496,
83,74100,g,1.106656789779663,2,496,
83,74100,h,1.13887357711792,2,496,
83,74100,i,1.1461021900177002,2,496,
83,74400,a,1.1577194333076477,2,498,
83,74400,b,1.1785772442817688,2,498,
83,74400,c,1.1716474294662476,2,498,
83,74400,d,1.0349862277507782,2,498,
83,74400,e,1.0942614078521729,2,498,
83,74400,f,1.0588284730911255,2,498,
83,74400,g,1.2966066598892212,2,498,
83,74400,h,1.0946190357208252,2,498,
83,74400,i,1.1868347525596619,2,498,
83,74700,a,1.066015899181366,2,500,
83,74700,b,1.236407995223999,2,500,
83,74700,c,1.2773352265357971,2,500,
83,74700,d,1.0792286396026611,2,500,
83,74700,e,1.1232463717460632,2,500,
83,74700,f,1.1758142113685608,2,500,
83,74700,g,0.9886475503444672,2,500,
83,74700,h,0.9643296599388123,2,500,
83,74700,i,1.1118664145469666,2,500,
83,75000,a,1.1107118129730225,2,502,
83,75000,b,1.368903398513794,2,502,
83,75000,c,1.1320539712905884,2,502,
83,75000,d,1.001133143901825,2,502,
83,75000,e,1.1374792456626892,2,502,
83,75000,f,1.1541216373443604,2,502,
83,75000,g,1.1272878050804138,2,502,
83,75000,h,1.003395676612854,2,502,
83,75000,i,1.086525321006775,2,502,
83,75300,a,1.4280978441238403,2,504,
83,75300,b,1.2893469333648682,2,504,
83,75300,c,1.232720673084259,2,504,
83,75300,d,0.9746376872062683,2,504,
83,75300,e,1.005771279335022,2,504,
83,75300,f,1.05452162027359,2,504,
83,75300,g,1.028016984462738,2,504,
83,75300,h,1.1225178837776184,2,504,
83,75300,i,1.1381121277809143,2,504,
83,75600,a,1.0849015712738037,2,506,
83,75600,b,1.1875492930412292,2,506,
83,75600,c,1.1242251992225647,2,506,
83,75600,d,0.9552063047885895,2,506,
83,75600,e,1.4121747016906738,2,506,
83,75600,f,1.0697137117385864,2,506,
83,75600,g,1.118495523929596,2,506,
83,75600,h,1.0487093925476074,2,506,
83,75600,i,1.1427605152130127,2,506,
83,75900,a,1.3404408693313599,2,508,
83,75900,b,1.4269737601280212,2,508,
83,75900,c,1.286486029624939,2,508,
83,75900,d,1.2673136591911316,2,508,
83,75900,e,1.0276750326156616,2,508,
83,75900,f,1.1420854330062866,2,508,
83,75900,g,1.169003188610077,2,508,
83,75900,h,1.0460487008094788,2,508,
83,75900,i,1.1079084873199463,2,508,
83,76200,a,1.0711840987205505,2,510,
83,76200,b,1.1122447848320007,2,510,
83,76200,c,1.2818167209625244,2,510,
83,76200,d,1.1704562902450562,2,510,
83,76200,e,1.188352882862091,2,510,
83,76200,f,1.0370782911777496,2,510,
83,76200,g,1.2380695343017578,2,510,
83,76200,h,1.0552863478660583,2,510,
83,76200,i,1.1293874979019165,2,510,
83,76500,a,1.2960301637649536,2,512,
83,76500,b,1.1862646341323853,2,512,
83,76500,c,1.3509088158607483,2,512,
83,76500,d,0.9430463314056396,2,512,
83,76500,e,1.1731137037277222,2,512,
83,76500,f,1.2097650170326233,2,512,
83,76500,g,1.019455075263977,2,512,
83,76500,h,1.0647546648979187,2,512,
83,76500,i,1.0273321270942688,2,512,
83,76800,a,1.1004222631454468,2,514,
83,76800,b,1.2788158059120178,2,514,
83,76800,c,1.1677078008651733,2,514,
83,76800,d,1.3945555686950684,2,514,
83,76800,e,0.9783887565135956,2,514,
83,76800,f,1.096582055091858,2,514,
83,76800,g,1.126672625541687,2,514,
83,76800,h,1.0602306127548218,2,514,
83,76800,i,1.1269516944885254,2,514,
83,77100,a,1.0472592115402222,2,516,
83,77100,b,1.1072044372558594,2,516,
83,77100,c,1.1780242919921875,2,516,
83,77100,d,1.0908215641975403,2,516,
83,77100,e,1.0130378901958466,2,516,
83,77100,f,1.0673820972442627,2,516,
83,77100,g,1.7856181263923645,2,516,
83,77100,h,1.0614976286888123,2,516,
83,77100,i,0.9972483515739441,2,516,
83,77400,a,1.0340266823768616,2,518,
83,77400,b,1.1847498714923859,2,518,
83,77400,c,1.3623048067092896,2,518,
83,77400,d,0.9850204885005951,2,518,
83,77400,e,1.1374245882034302,2,518,
83,77400,f,1.1179981231689453,2,518,
83,77400,g,1.1988326907157898,2,518,
83,77400,h,1.1017230153083801,2,518,
83,77400,i,1.0300362408161163,2,518,
83,77700,a,1.2761346101760864,2,520,
83,77700,b,1.2804684042930603,2,520,
83,77700,c,1.289109230041504,2,520,
83,77700,d,0.9275636672973633,2,520,
83,77700,e,1.1899550557136536,2,520,
83,77700,f,1.055886685848236,2,520,
83,77700,g,1.090614140033722,2,520,
83,77700,h,1.0558154582977295,2,520,
83,77700,i,1.0729642510414124,2,520,
83,78000,a,1.0717273354530334,2,522,
83,78000,b,1.4309890270233154,2,522,
83,78000,c,1.431336522102356,2,522,
83,78000,d,1.0529698431491852,2,522,
83,78000,e,1.1363840103149414,2,522,
83,78000,f,1.4202821254730225,2,522,
83,78000,g,1.1884843707084656,2,522,
83,78000,h,1.0633890628814697,2,522,
83,78000,i,1.1466575860977173,2,522,
83,78300,a,1.0281378626823425,2,524,
83,78300,b,1.1799220442771912,2,524,
83,78300,c,1.1011358797550201,2,524,
83,78300,d,1.3155613541603088,2,524,
83,78300,e,1.154469907283783,2,524,
83,78300,f,0.9993132948875427,2,524,
83,78300,g,1.1290914118289948,2,524,
83,78300,h,0.9832918047904968,2,524,
83,78300,i,0.959463506937027,2,524,
83,78600,a,1.0558332204818726,2,526,
83,78600,b,1.2741007208824158,2,526,
83,78600,c,1.1080732941627502,2,526,
83,78600,d,0.9496546983718872,2,526,
83,78600,e,1.086830347776413,2,526,
83,78600,f,1.1101384162902832,2,526,
83,78600,g,1.124238908290863,2,526,
83,78600,h,0.9270067811012268,2,526,
83,78600,i,1.0368151664733887,2,526,
83,78900,a,1.0607109069824219,2,528,
83,78900,b,1.2066386938095093,2,528,
83,78900,c,1.1948986053466797,2,528,
83,78900,d,1.0271035730838776,2,528,
83,78900,e,0.9856000244617462,2,528,
83,78900,f,1.2039109468460083,2,528,
83,78900,g,1.3208135962486267,2,528,
83,78900,h,1.0669577717781067,2,528,
83,78900,i,0.9112259745597839,2,528,
83,79200,a,1.0165343284606934,2,530,
83,79200,b,1.1993529200553894,2,530,
83,79200,c,1.280119776725769,2,530,
83,79200,d,1.002487301826477,2,530,
83,79200,e,1.0069232285022736,2,530,
83,79200,f,1.2567455768585205,2,530,
83,79200,g,1.3158543109893799,2,530,
83,79200,h,1.0045966506004333,2,530,
83,79200,i,1.2108629941940308,2,530,
83,79500,a,1.1855276226997375,2,532,
83,79500,b,1.3692659139633179,2,532,
83,79500,c,1.1292328834533691,2,532,
83,79500,d,1.0316500961780548,2,532,
83,79500,e,1.0987331867218018,2,532,
83,79500,f,1.1640328764915466,2,532,
83,79500,g,1.382811963558197,2,532,
83,79500,h,0.9856084585189819,2,532,
83,79500,i,1.0773844122886658,2,532,
83,79800,a,0.9853894412517548,2,534,
83,79800,b,1.315427303314209,2,534,
83,79800,c,1.1239274740219116,2,534,
83,79800,d,1.1369587779045105,2,534,
83,79800,e,1.3169888257980347,2,534,
83,79800,f,1.1837278604507446,2,534,
83,79800,g,1.2552546858787537,2,534,
83,79800,h,1.0784366130828857,2,534,
83,79800,i,1.0726922154426575,2,534,
83,80100,a,1.1345958709716797,2,536,
83,80100,b,1.218048334121704,2,536,
83,80100,c,1.2852542400360107,2,536,
83,80100,d,1.0630570352077484,2,536,
83,80100,e,1.038597583770752,2,536,
83,80100,f,1.084633469581604,2,536,
83,80100,g,1.0374385714530945,2,536,
83,80100,h,1.0516266226768494,2,536,
83,80100,i,1.0654943585395813,2,536,
83,80400,a,1.1247279644012451,2,538,
83,80400,b,1.0680885910987854,2,538,
83,80400,c,1.3853343725204468,2,538,
83,80400,d,1.0484602749347687,2,538,
83,80400,e,0.9771215319633484,2,538,
83,80400,f,1.0304169058799744,2,538,
83,80400,g,1.1322696208953857,2,538,
83,80400,h,1.0310479700565338,2,538,
83,80400,i,1.0442262887954712,2,538,
83,80700,a,1.117950439453125,2,540,
83,80700,b,1.1267378330230713,2,540,
83,80700,c,1.1887076497077942,2,540,
83,80700,d,0.8787555992603302,2,540,
83,80700,e,1.0287542045116425,2,540,
83,80700,f,1.1589888334274292,2,540,
83,80700,g,1.127131700515747,2,540,
83,80700,h,1.2075856924057007,2,540,
83,80700,i,1.0845373272895813,2,540,
83,81000,a,1.074148029088974,2,542,
83,81000,b,1.4184597730636597,2,542,
83,81000,c,1.172609031200409,2,542,
83,81000,d,1.0040918588638306,2,542,
83,81000,e,1.067386507987976,2,542,
83,81000,f,1.0697382688522339,2,542,
83,81000,g,1.1179545521736145,2,542,
83,81000,h,1.009823352098465,2,542,
83,81000,i,1.0513119101524353,2,542,
83,81300,a,1.0534803867340088,2,544,
83,81300,b,1.4418756067752838,2,544,
83,81300,c,1.2234179973602295,2,544,
83,81300,d,1.0762705206871033,2,544,
83,81300,e,1.2331829071044922,2,544,
83,81300,f,1.1249225735664368,2,544,
83,81300,g,0.9987782835960388,2,544,
83,81300,h,0.9300600290298462,2,544,
83,81300,i,0.9813706874847412,2,544,
83,81600,a,1.0922155380249023,2,546,
83,81600,b,1.1608054041862488,2,546,
83,81600,c,1.0042434930801392,2,546,
83,81600,d,1.0321462750434875,2,546,
83,81600,e,0.949052482843399,2,546,
83,81600,f,0.9846885800361633,2,546,
83,81600,g,1.1865934133529663,2,546,
83,81600,h,1.0597219467163086,2,546,
83,81600,i,1.1954212188720703,2,546,
83,81900,a,1.1325066089630127,2,548,
83,81900,b,1.2080423831939697,2,548,
83,81900,c,1.094409465789795,2,548,
83,81900,d,1.1038676500320435,2,548,
83,81900,e,0.9536542296409607,2,548,
83,81900,f,1.1554540395736694,2,548,
83,81900,g,0.8336751163005829,2,548,
83,81900,h,0.8916815221309662,2,548,
83,81900,i,1.0113667249679565,2,548,
83,82200,a,1.1342821717262268,2,550,
83,82200,b,1.2397852540016174,2,550,
83,82200,c,1.2221304774284363,2,550,
83,82200,d,0.9619190096855164,2,550,
83,82200,e,1.064495325088501,2,550,
83,82200,f,0.9943951666355133,2,550,
83,82200,g,0.9912135004997253,2,550,
83,82200,h,0.9167042374610901,2,550,
83,82200,i,1.0697238445281982,2,550,
83,82500,a,1.0860684216022491,2,552,
83,82500,b,1.1201277375221252,2,552,
83,82500,c,1.1458357572555542,2,552,
83,82500,d,1.158241868019104,2,552,
83,82500,e,0.9395241439342499,2,552,
83,82500,f,1.1176224946975708,2,552,
83,82500,g,1.070802003145218,2,552,
83,82500,h,0.9612451791763306,2,552,
83,82500,i,1.0043632090091705,2,552,
83,82800,a,1.1718422770500183,2,554,
83,82800,b,1.0606828927993774,2,554,
83,82800,c,1.2457151412963867,2,554,
83,82800,d,0.8786388635635376,2,554,
83,82800,e,1.150308072566986,2,554,
83,82800,f,0.9018569886684418,2,554,
83,82800,g,1.0898488759994507,2,554,
83,82800,h,0.9447771310806274,2,554,
83,82800,i,0.9741410613059998,2,554,
83,83100,a,1.1764805912971497,2,556,
83,83100,b,1.1196420192718506,2,556,
83,83100,c,1.242972731590271,2,556,
83,83100,d,1.0161672830581665,2,556,
83,83100,e,1.2866822481155396,2,556,
83,83100,f,1.0860084295272827,2,556,
83,83100,g,1.0369139909744263,2,556,
83,83100,h,0.8524059057235718,2,556,
83,83100,i,1.0064699351787567,2,556,
83,83400,a,1.261829912662506,2,558,
83,83400,b,0.9383976459503174,2,558,
83,83400,c,1.1508702635765076,2,558,
83,83400,d,1.1099992990493774,2,558,
83,83400,e,1.1402658820152283,2,558,
83,83400,f,1.2585824131965637,2,558,
83,83400,g,1.1183990240097046,2,558,
83,83400,h,1.0578849017620087,2,558,
83,83400,i,0.9889920949935913,2,558,
83,83700,a,1.068366289138794,2,560,
83,83700,b,1.0905415713787079,2,560,
83,83700,c,1.1506725549697876,2,560,
83,83700,d,1.1733248233795166,2,560,
83,83700,e,0.9827860593795776,2,560,
83,83700,f,1.08847314119339,2,560,
83,83700,g,1.1987993121147156,2,560,
83,83700,h,1.0653996467590332,2,560,
83,83700,i,1.0587843656539917,2,560,
83,84000,a,1.1661901473999023,2,562,
83,84000,b,1.0404723286628723,2,562,
83,84000,c,1.2789003252983093,2,562,
83,84000,d,0.8766707181930542,2,562,
83,84000,e,0.9343054294586182,2,562,
83,84000,f,1.2102339565753937,2,562,
83,84000,g,1.0208936631679535,2,562,
83,84000,h,1.0500408411026,2,562,
83,84000,i,0.9041186571121216,2,562,
83,84300,a,1.1383199095726013,2,564,
83,84300,b,1.1990708112716675,2,564,
83,84300,c,1.1258479356765747,2,564,
83,84300,d,1.0727829337120056,2,564,
83,84300,e,0.9347080588340759,2,564,
83,84300,f,0.9956821799278259,2,564,
83,84300,g,1.0461369156837463,2,564,
83,84300,h,1.005055010318756,2,564,
83,84300,i,1.0323252379894257,2,564,
83,84600,a,1.0671097040176392,2,566,
83,84600,b,1.2977877259254456,2,566,
83,84600,c,1.1735113859176636,2,566,
83,84600,d,0.94450244307518,2,566,
83,84600,e,1.147695243358612,2,566,
83,84600,f,0.9893636703491211,2,566,
83,84600,g,1.1268051862716675,2,566,
83,84600,h,1.0796586275100708,2,566,
83,84600,i,0.9946488738059998,2,566,
83,84900,a,1.2426623106002808,2,568,
83,84900,b,1.0616921782493591,2,568,
83,84900,c,1.2248029708862305,2,568,
83,84900,d,0.9182747602462769,2,568,
83,84900,e,1.0153462886810303,2,568,
83,84900,f,1.0827854871749878,2,568,
83,84900,g,1.132135808467865,2,568,
83,84900,h,0.9843229651451111,2,568,
83,84900,i,1.0330449342727661,2,568,
83,85200,a,1.1099453568458557,2,570,
83,85200,b,1.2006094455718994,2,570,
83,85200,c,1.4288365244865417,2,570,
83,85200,d,0.9268958568572998,2,570,
83,85200,e,0.8839882612228394,2,570,
83,85200,f,1.0096937119960785,2,570,
83,85200,g,0.9779981374740601,2,570,
83,85200,h,0.9666055142879486,2,570,
83,85200,i,1.0511060953140259,2,570,
83,85500,a,1.0672782063484192,2,572,
83,85500,b,1.0956306457519531,2,572,
83,85500,c,1.1334056854248047,2,572,
83,85500,d,1.0420755743980408,2,572,
83,85500,e,1.0818274021148682,2,572,
83,85500,f,0.9327078759670258,2,572,
83,85500,g,1.2017391324043274,2,572,
83,85500,h,1.0481084287166595,2,572,
83,85500,i,1.0089879930019379,2,572,
83,85800,a,1.1660365462303162,2,574,
83,85800,b,1.2355106472969055,2,574,
83,85800,c,1.3337134718894958,2,574,
83,85800,d,1.1282291412353516,2,574,
83,85800,e,0.9076730310916901,2,574,
83,85800,f,1.135227918624878,2,574,
83,85800,g,1.2082728743553162,2,574,
83,85800,h,1.07625150680542,2,574,
83,85800,i,1.0927297472953796,2,574,
83,86100,a,1.0599619150161743,2,576,
83,86100,b,1.1578752398490906,2,576,
83,86100,c,1.4357924461364746,2,576,
83,86100,d,1.1599432826042175,2,576,
83,86100,e,0.9104271531105042,2,576,
83,86100,f,1.0741868317127228,2,576,
83,86100,g,0.9845898449420929,2,576,
83,86100,h,0.9503723978996277,2,576,
83,86100,i,0.9718050360679626,2,576,
83,86400,a,1.0193383693695068,2,578,
83,86400,b,1.0918618440628052,2,578,
83,86400,c,0.9799774289131165,2,578,
83,86400,d,0.9198120534420013,2,578,
83,86400,e,0.8214523196220398,2,578,
83,86400,f,0.9264918565750122,2,578,
83,86400,g,0.9990517795085907,2,578,
83,86400,h,0.8200933337211609,2,578,
83,86400,i,1.181602656841278,2,578,
