seed,time,node,split,accuracy,macro_f1
7,0,a,test,0.11884669214487076,0.06468400708493457
7,0,b,test,0.23911631107330322,0.11711183391932721
7,0,c,test,0.16305916011333466,0.10056058004824608
7,0,d,test,0.140154168009758,0.0725554468588409
7,0,e,test,0.19620667397975922,0.07586537775261931
7,0,f,test,0.18845872581005096,0.08119647320907616
7,0,g,test,0.15013404190540314,0.08246732316274448
7,0,h,test,0.14456140995025635,0.08590979275472622
7,0,i,test,0.15134099125862122,0.0926768154023423
7,900,a,test,0.1511954963207245,0.08728590298909539
7,900,b,test,0.2501624524593353,0.13024965217416867
7,900,c,test,0.25036075711250305,0.15946008322795646
7,900,d,test,0.17799580097198486,0.10343759624295512
7,900,e,test,0.24722041189670563,0.14860369471774262
7,900,f,test,0.21548575162887573,0.11695548856030692
7,900,g,test,0.2205093801021576,0.1449855291773852
7,900,h,test,0.3073684275150299,0.18703065334728006
7,900,i,test,0.20881226658821106,0.13005127488281595
7,1800,a,test,0.2805907130241394,0.15944601603341643
7,1800,b,test,0.3138401508331299,0.19400673199745824
7,1800,c,test,0.29725828766822815,0.1855896705875172
7,1800,d,test,0.3258584439754486,0.20960126499739176
7,1800,e,test,0.34924787282943726,0.21868829372845625
7,1800,f,test,0.29875820875167847,0.19040626445608422
7,1800,g,test,0.3458445072174072,0.21917448858021837
7,1800,h,test,0.3480701744556427,0.21889154869722485
7,1800,i,test,0.23818646371364594,0.13515734354008585
7,2700,a,test,0.30520394444465637,0.17899844319119682
7,2700,b,test,0.3931124210357666,0.25192321074038954
7,2700,c,test,0.36075034737586975,0.22218810247051232
7,2700,d,test,0.36299929022789,0.23642061507962753
7,2700,e,test,0.3996075987815857,0.2530201146583024
7,2700,f,test,0.3330898582935333,0.2166735481289472
7,2700,g,test,0.35790884494781494,0.21745610350441022
7,2700,h,test,0.35438597202301025,0.21418835520997329
7,2700,i,test,0.3007662892341614,0.18609825025133955
7,3600,a,test,0.37763711810112,0.2328868319578079
7,3600,b,test,0.4061078727245331,0.26024589068774856
7,3600,c,test,0.3643578588962555,0.22672666748655068
7,3600,d,test,0.38612473011016846,0.2523507034970964
7,3600,e,test,0.4231523871421814,0.26897012589256647
7,3600,f,test,0.37034332752227783,0.2436579280166095
7,3600,g,test,0.3713136613368988,0.23015852233549824
7,3600,h,test,0.3761403560638428,0.2458391283372328
7,3600,i,test,0.328224778175354,0.21053507895613158
7,4500,a,test,0.3846694827079773,0.24199128787999416
7,4500,b,test,0.41065627336502075,0.27328311708998376
7,4500,c,test,0.3658008575439453,0.23359211862758775
7,4500,d,test,0.39453399181365967,0.25376402466120784
7,4500,e,test,0.4211903214454651,0.2602758485125003
7,4500,f,test,0.37910884618759155,0.2535838891366458
7,4500,g,test,0.3612600564956665,0.21225029790636754
7,4500,h,test,0.3936842083930969,0.2564147858770141
7,4500,i,test,0.3876117467880249,0.2522007586190028
7,5400,a,test,0.3874824047088623,0.23788094818384906
7,5400,b,test,0.40220922231674194,0.2693623317932242
7,5400,c,test,0.380952388048172,0.2528930571556761
7,5400,d,test,0.38402241468429565,0.23800304531825997
7,5400,e,test,0.4290385842323303,0.2690281791355137
7,5400,f,test,0.3535427451133728,0.23155445685605747
7,5400,g,test,0.35991957783699036,0.19862885706219555
7,5400,h,test,0.3922806978225708,0.2655718171738454
7,5400,i,test,0.401660293340683,0.2629798266301305
7,6300,a,test,0.3917018175125122,0.23700318026553033
7,6300,b,test,0.3931124210357666,0.26792041828841845
7,6300,c,test,0.36868685483932495,0.23774514137818273
7,6300,d,test,0.3847231864929199,0.21699214248881105
7,6300,e,test,0.41137999296188354,0.2520775235907054
7,6300,f,test,0.40029218792915344,0.2696215963596372
7,6300,g,test,0.37198391556739807,0.2274630974461157
7,6300,h,test,0.3957894742488861,0.27417912307145403
7,6300,i,test,0.4227330684661865,0.2825392890320373
7,7200,a,test,0.3945147693157196,0.24585048641231103
7,7200,b,test,0.4119558036327362,0.2789440534772009
7,7200,c,test,0.38383838534355164,0.25843851125469625
7,7200,d,test,0.39663630723953247,0.24144576962152997
7,7200,e,test,0.4139960706233978,0.2530817463756675
7,7200,f,test,0.39517897367477417,0.2682167319004709
7,7200,g,test,0.3612600564956665,0.20293648098789321
7,7200,h,test,0.39859649538993835,0.27096064909465584
7,7200,i,test,0.42975735664367676,0.2877982930122628
7,8100,a,test,0.40084388852119446,0.25145553117088254
7,8100,b,test,0.4145548939704895,0.2817754744710924
7,8100,c,test,0.3737373650074005,0.24446108182233686
7,8100,d,test,0.40574631094932556,0.2563479353130113
7,8100,e,test,0.3826030194759369,0.22026095064579276
7,8100,f,test,0.410518616437912,0.27643873434215116
7,8100,g,test,0.3686327040195465,0.2213299579531259
7,8100,h,test,0.4000000059604645,0.2660997239908619
7,8100,i,test,0.43869730830192566,0.29869198897951577
7,9000,a,test,0.4085794687271118,0.26528771671786094
7,9000,b,test,0.3788174092769623,0.26931410699172326
7,9000,c,test,0.3823953866958618,0.2554676132478508
7,9000,d,test,0.3987386226654053,0.2380687629372782
7,9000,e,test,0.3976455330848694,0.23660046621699637
7,9000,f,test,0.3805697560310364,0.2664041214733159
7,9000,g,test,0.36729222536087036,0.21970565590134628
7,9000,h,test,0.41684210300445557,0.2819738822356815
7,9000,i,test,0.43742018938064575,0.2971596996024049
7,9900,a,test,0.40787622332572937,0.254852829799803
7,9900,b,test,0.40285900235176086,0.27663695736550525
7,9900,c,test,0.37590187788009644,0.24755257833253574
7,9900,d,test,0.3868255019187927,0.21851616356881856
7,9900,e,test,0.3976455330848694,0.23632433315176293
7,9900,f,test,0.3747260868549347,0.24938388995932126
7,9900,g,test,0.3592493236064911,0.19851735116272964
7,9900,h,test,0.39719298481941223,0.2688424432151301
7,9900,i,test,0.3991059958934784,0.25113310887000906
7,10800,a,test,0.4177215099334717,0.26814268754770576
7,10800,b,test,0.4171539843082428,0.2891025579747329
7,10800,c,test,0.3571428656578064,0.2168072564828126
7,10800,d,test,0.4001401662826538,0.23915278604574797
7,10800,e,test,0.41988226771354675,0.2602949712727804
7,10800,f,test,0.38568297028541565,0.2614983296810915
7,10800,g,test,0.35991957783699036,0.20512013134461024
7,10800,h,test,0.3957894742488861,0.27179731480378505
7,10800,i,test,0.42848020792007446,0.2882892468606692
7,11700,a,test,0.39662447571754456,0.23420925088604747
7,11700,b,test,0.3983106017112732,0.27627467378649156
7,11700,c,test,0.3881673812866211,0.2650607460957884
7,11700,d,test,0.39313244819641113,0.2267041961077815
7,11700,e,test,0.39895355701446533,0.2375437027584946
7,11700,f,test,0.39517897367477417,0.2657210401891253
7,11700,g,test,0.3558981120586395,0.19207533640226201
7,11700,h,test,0.3775438666343689,0.24968574890201425
7,11700,i,test,0.40229883790016174,0.25491379474577786
7,12600,a,test,0.4170182943344116,0.26564387152434343
7,12600,b,test,0.41065627336502075,0.2801429822829963
7,12600,c,test,0.37662336230278015,0.24404837002781354
7,12600,d,test,0.3938332200050354,0.23084584112602544
7,12600,e,test,0.3950294256210327,0.23258613465996106
7,12600,f,test,0.38641345500946045,0.25998876951072303
7,12600,g,test,0.36058980226516724,0.20066273079270144
7,12600,h,test,0.40210527181625366,0.27341839886156444
7,12600,i,test,0.43742018938064575,0.2980824857464795
7,13500,a,test,0.4099859297275543,0.25310442481495116
7,13500,b,test,0.4041585326194763,0.27959522193518355
7,13500,c,test,0.3722943663597107,0.2339645556290557
7,13500,d,test,0.3896285891532898,0.21878850103350492
7,13500,e,test,0.39895355701446533,0.23902002141819625
7,13500,f,test,0.37764790654182434,0.2516064752995662
7,13500,g,test,0.35991957783699036,0.19875481040696538
7,13500,h,test,0.40210527181625366,0.27376105254638883
7,13500,i,test,0.4144316613674164,0.27073386611853584
7,14400,a,test,0.4120956361293793,0.2604430289928485
7,14400,b,test,0.41910332441329956,0.28525385258862407
7,14400,c,test,0.37734487652778625,0.25316544091402526
7,14400,d,test,0.39243167638778687,0.22373343372537405
7,14400,e,test,0.3976455330848694,0.2396504832226558
7,14400,f,test,0.37983930110931396,0.2601273951005128
7,14400,g,test,0.3538874089717865,0.18782724459930478
7,14400,h,test,0.37684211134910583,0.24569730571503623
7,14400,i,test,0.41698595881462097,0.27375225673392717
7,15300,a,test,0.4057665169239044,0.25083786577546313
7,15300,b,test,0.3801169693470001,0.2617639302371026
7,15300,c,test,0.3708513677120209,0.24059311457668545
7,15300,d,test,0.387526273727417,0.21144627173281727
7,15300,e,test,0.3930673599243164,0.23248660237410476
7,15300,f,test,0.3608473241329193,0.23563503908013694
7,15300,g,test,0.35522788763046265,0.18832758974292504
7,15300,h,test,0.378947377204895,0.24811572075032054
7,15300,i,test,0.409323126077652,0.26317111373620333
7,16200,a,test,0.42405062913894653,0.2770626922355412
7,16200,b,test,0.38661468029022217,0.2775337217143605
7,16200,c,test,0.37590187788009644,0.24359344177376116
7,16200,d,test,0.3959355354309082,0.22822013359415835
7,16200,e,test,0.3950294256210327,0.23418471380280337
7,16200,f,test,0.38495251536369324,0.2628374960945587
7,16200,g,test,0.36260053515434265,0.2060613529140224
7,16200,h,test,0.40210527181625366,0.2731442599185803
7,16200,i,test,0.4157088100910187,0.27489946739586096
7,17100,a,test,0.4191280007362366,0.2659731629844479
7,17100,b,test,0.39116308093070984,0.2792521197952873
7,17100,c,test,0.37806639075279236,0.25489133136720243
7,17100,d,test,0.39243167638778687,0.22407387568698167
7,17100,e,test,0.3950294256210327,0.2354905222100752
7,17100,f,test,0.36961284279823303,0.252800498883685
7,17100,g,test,0.3558981120586395,0.19200404413326522
7,17100,h,test,0.36912280321121216,0.23872458436780752
7,17100,i,test,0.42081737518310547,0.2795728535206675
7,18000,a,test,0.4205344617366791,0.2679949239943182
7,18000,b,test,0.4171539843082428,0.2865372262247765
7,18000,c,test,0.3737373650074005,0.2395753692098657
7,18000,d,test,0.3959355354309082,0.23117219707066203
7,18000,e,test,0.38783517479896545,0.2258945090596025
7,18000,f,test,0.37837839126586914,0.2651469596438668
7,18000,g,test,0.3632707893848419,0.20868193961992756
7,18000,h,test,0.37684211134910583,0.24555356568857054
7,18000,i,test,0.4144316613674164,0.2736892095063318
7,18900,a,test,0.42967650294303894,0.2778617819392238
7,18900,b,test,0.36712151765823364,0.257429755319692
7,18900,c,test,0.38528138399124146,0.25878058562804535
7,18900,d,test,0.4008409380912781,0.24001658187273514
7,18900,e,test,0.4022236764431,0.24909617853333485
7,18900,f,test,0.38495251536369324,0.2570771397391574
7,18900,g,test,0.36260053515434265,0.20237146890017224
7,18900,h,test,0.3705263137817383,0.23995102076243047
7,18900,i,test,0.42337164282798767,0.2818330064352985
7,19800,a,test,0.4402250349521637,0.29441583733559934
7,19800,b,test,0.35672515630722046,0.2538047215647969
7,19800,c,test,0.4025973975658417,0.29277477072964836
7,19800,d,test,0.40364399552345276,0.25311604256557524
7,19800,e,test,0.3930673599243164,0.23735610627760217
7,19800,f,test,0.3878743648529053,0.2592242359367413
7,19800,g,test,0.3693029582500458,0.21636695529887798
7,19800,h,test,0.40421053767204285,0.27982432683153763
7,19800,i,test,0.42464879155158997,0.2834525844670272
7,20700,a,test,0.44514769315719604,0.3075497374363057
7,20700,b,test,0.3872644603252411,0.28846477681165633
7,20700,c,test,0.4033189117908478,0.2912274402734713
7,20700,d,test,0.4001401662826538,0.23819064772054663
7,20700,e,test,0.3976455330848694,0.24030677555779875
7,20700,f,test,0.4119795560836792,0.3166064515821281
7,20700,g,test,0.3632707893848419,0.20210646927746953
7,20700,h,test,0.38035088777542114,0.2545370231112448
7,20700,i,test,0.4042145609855652,0.2598396509218905
7,21600,a,test,0.4345991611480713,0.2950730736681177
7,21600,b,test,0.39701104164123535,0.284648220717685
7,21600,c,test,0.38600289821624756,0.26539028230321704
7,21600,d,test,0.40854939818382263,0.2734971098167703
7,21600,e,test,0.42642250657081604,0.2889756682505195
7,21600,f,test,0.3907962143421173,0.2918005504584537
7,21600,g,test,0.36796247959136963,0.2106478345909618
7,21600,h,test,0.3978947401046753,0.27733675368362354
7,21600,i,test,0.4393358826637268,0.2997507474569963
7,22500,a,test,0.43670886754989624,0.29217658147436687
7,22500,b,test,0.36452242732048035,0.2691858300150573
7,22500,c,test,0.4047619104385376,0.29392182039914655
7,22500,d,test,0.41906097531318665,0.27719613922332625
7,22500,e,test,0.4100719392299652,0.26502749536838927
7,22500,f,test,0.40905770659446716,0.3256638486822377
7,22500,g,test,0.37466487288475037,0.22878244230339026
7,22500,h,test,0.45614033937454224,0.339186651258272
7,22500,i,test,0.44636014103889465,0.3149034061511076
7,23400,a,test,0.4528832733631134,0.3256329210569886
7,23400,b,test,0.40545809268951416,0.29189317811069604
7,23400,c,test,0.42279940843582153,0.307520322037181
7,23400,d,test,0.42747020721435547,0.2949398418539378
7,23400,e,test,0.4081098735332489,0.25699243443640135
7,23400,f,test,0.3761869966983795,0.2616129151782384
7,23400,g,test,0.38002681732177734,0.24198629741390032
7,23400,h,test,0.4568420946598053,0.33275470212169217
7,23400,i,test,0.42337164282798767,0.28831160581722565
7,24300,a,test,0.4613220691680908,0.3249452071036985
7,24300,b,test,0.3976608216762543,0.27738420676948666
7,24300,c,test,0.42424243688583374,0.3219660657555034
7,24300,d,test,0.4134548008441925,0.26631230487202545
7,24300,e,test,0.4355788230895996,0.30551781820992774
7,24300,f,test,0.4046749472618103,0.2926023280885949
7,24300,g,test,0.38002681732177734,0.23456633856724526
7,24300,h,test,0.3845613896846771,0.24600653745872447
7,24300,i,test,0.4316730499267578,0.310758891363451
7,25200,a,test,0.4641350209712982,0.3479060594024548
7,25200,b,test,0.4230019450187683,0.30553017232047636
7,25200,c,test,0.42496392130851746,0.3100661592114308
7,25200,d,test,0.4176594316959381,0.28683267994590894
7,25200,e,test,0.43884891271591187,0.3115850013112689
7,25200,f,test,0.4192841351032257,0.3473539167311887
7,25200,g,test,0.3954423666000366,0.26251623181388384
7,25200,h,test,0.3992982506752014,0.26952613078543414
7,25200,i,test,0.4367816150188446,0.3054071728179246
7,26100,a,test,0.4388185739517212,0.2916399799417774
7,26100,b,test,0.4061078727245331,0.3031744280778618
7,26100,c,test,0.4184704124927521,0.31433537490281666
7,26100,d,test,0.4050455391407013,0.25350885860284395
7,26100,e,test,0.4231523871421814,0.28799384926050103
7,26100,f,test,0.4346238076686859,0.3553889271460528
7,26100,g,test,0.3766756057739258,0.22794013995932125
7,26100,h,test,0.4547368288040161,0.3465794600346445
7,26100,i,test,0.44763728976249695,0.31912399405437886
7,27000,a,test,0.4901547133922577,0.3916345476064668
7,27000,b,test,0.42170241475105286,0.3006731061594726
7,27000,c,test,0.4451659321784973,0.3531964820295402
7,27000,d,test,0.44989487528800964,0.33917255730747237
7,27000,e,test,0.45650753378868103,0.3324757104896411
7,27000,f,test,0.4390065670013428,0.3542847269604392
7,27000,g,test,0.40750670433044434,0.288384593240901
7,27000,h,test,0.49473685026168823,0.3937855145109565
7,27000,i,test,0.4533844292163849,0.3258664890365594
7,27900,a,test,0.46483826637268066,0.3239717215390044
7,27900,b,test,0.42365172505378723,0.30018183108171964
7,27900,c,test,0.4422799348831177,0.33907437811899127
7,27900,d,test,0.4309740662574768,0.3211768090890802
7,27900,e,test,0.4074558615684509,0.2605536861524267
7,27900,f,test,0.45872899889945984,0.3774086837134673
7,27900,g,test,0.4088471829891205,0.2990186439847283
7,27900,h,test,0.49403509497642517,0.3792514595317514
7,27900,i,test,0.46807152032852173,0.3513640495231621
7,28800,a,test,0.45358648896217346,0.3063184622667962
7,28800,b,test,0.4528914988040924,0.31150493704935506
7,28800,c,test,0.44733044505119324,0.33088438581571106
7,28800,d,test,0.422564834356308,0.28269249928837054
7,28800,e,test,0.4545454680919647,0.31891161739385415
7,28800,f,test,0.4258582890033722,0.31083077320163655
7,28800,g,test,0.38538873195648193,0.24354065738751904
7,28800,h,test,0.4884210526943207,0.3682292572059629
7,28800,i,test,0.4674329459667206,0.3480042088976381
7,29700,a,test,0.45639944076538086,0.3250009057453614
7,29700,b,test,0.4554905891418457,0.3220953450308319
7,29700,c,test,0.44805195927619934,0.34165495267510576
7,29700,d,test,0.4372810125350952,0.31544122168524363
7,29700,e,test,0.46304774284362793,0.326401469155756
7,29700,f,test,0.4207450747489929,0.30978027709213035
7,29700,g,test,0.39745306968688965,0.2684160474097141
7,29700,h,test,0.47087720036506653,0.35043060216329197
7,29700,i,test,0.45402297377586365,0.3268034588696322
7,30600,a,test,0.477496474981308,0.35269811374528864
7,30600,b,test,0.43209877610206604,0.3146960753857306
7,30600,c,test,0.44733044505119324,0.33254199679262536
7,30600,d,test,0.44779255986213684,0.3249830394341418
7,30600,e,test,0.45650753378868103,0.3305096151032266
7,30600,f,test,0.49671292304992676,0.43821203043132234
7,30600,g,test,0.3887399435043335,0.24475655838076704
7,30600,h,test,0.4828070104122162,0.373760809656233
7,30600,i,test,0.4597701132297516,0.3430687797402298
7,31500,a,test,0.4556961953639984,0.3094989659067728
7,31500,b,test,0.45419102907180786,0.32120078463599766
7,31500,c,test,0.4430014491081238,0.3340532885573959
7,31500,d,test,0.42116329073905945,0.27705115156599025
7,31500,e,test,0.44538915157318115,0.31034298405130517
7,31500,f,test,0.47406867146492004,0.40700390016877686
7,31500,g,test,0.3941018879413605,0.25712239247796304
7,31500,h,test,0.48561403155326843,0.3626839007668334
7,31500,i,test,0.4757343530654907,0.36547265469476137
7,32400,a,test,0.4739803075790405,0.3448519806458941
7,32400,b,test,0.44899284839630127,0.3318419484355318
7,32400,c,test,0.4466089606285095,0.33347518740934246
7,32400,d,test,0.4765241742134094,0.3760556228632446
7,32400,e,test,0.4395029544830322,0.2995957826803435
7,32400,f,test,0.48064279556274414,0.4158623369330783
7,32400,g,test,0.4135388731956482,0.28551616006267017
7,32400,h,test,0.49403509497642517,0.3968948740950666
7,32400,i,test,0.4782886207103729,0.3649633812825354
7,33300,a,test,0.4732770621776581,0.3424800927458085
7,33300,b,test,0.4333983063697815,0.3202170875659442
7,33300,c,test,0.4523809552192688,0.35187754990882897
7,33300,d,test,0.44989487528800964,0.3306872420125865
7,33300,e,test,0.4375408887863159,0.3066613623330842
7,33300,f,test,0.43097150325775146,0.3412151040628099
7,33300,g,test,0.40683645009994507,0.27047781471042076
7,33300,h,test,0.5024561285972595,0.4054822894858263
7,33300,i,test,0.469348669052124,0.3572023538158962
7,34200,a,test,0.4859353005886078,0.36506907486835666
7,34200,b,test,0.45873942971229553,0.3313753767805579
7,34200,c,test,0.4588744640350342,0.3649651872781768
7,34200,d,test,0.42747020721435547,0.2941661408813673
7,34200,e,test,0.47743624448776245,0.35894656149713994
7,34200,f,test,0.42951059341430664,0.3173533689056802
7,34200,g,test,0.40683645009994507,0.27416747931991986
7,34200,h,test,0.491929829120636,0.3933509421822375
7,34200,i,test,0.4610472619533539,0.34743169654944767
7,35100,a,test,0.48523205518722534,0.3537880889121237
7,35100,b,test,0.47238466143608093,0.33397045153942057
7,35100,c,test,0.45743146538734436,0.3641455474343165
7,35100,d,test,0.44569024443626404,0.3366987931109772
7,35100,e,test,0.4780902564525604,0.3566956330859962
7,35100,f,test,0.4477720856666565,0.34095312238735587
7,35100,g,test,0.43163537979125977,0.3148157297042162
7,35100,h,test,0.5171929597854614,0.4266470489538204
7,35100,i,test,0.46998724341392517,0.3545145098429681
7,36000,a,test,0.47538676857948303,0.34253440140882435
7,36000,b,test,0.4769330620765686,0.3271391180123949
7,36000,c,test,0.4581529498100281,0.36804195664912803
7,36000,d,test,0.4723195433616638,0.36067077862326125
7,36000,e,test,0.5166775584220886,0.4050691449455104
7,36000,f,test,0.4930606186389923,0.4235507159692902
7,36000,g,test,0.4403485357761383,0.3326879251546224
7,36000,h,test,0.5235087871551514,0.4280247813386793
7,36000,i,test,0.49297574162483215,0.3866158608464672
7,36900,a,test,0.4873417615890503,0.380611321114861
7,36900,b,test,0.4691357910633087,0.3452333722183141
7,36900,c,test,0.4617604613304138,0.35356127605891413
7,36900,d,test,0.5038542151451111,0.4024438384171325
7,36900,e,test,0.4898626506328583,0.37064244429655235
7,36900,f,test,0.5069393515586853,0.44721151925848335
7,36900,g,test,0.445040225982666,0.33075103704242775
7,36900,h,test,0.5108771920204163,0.41843599246218927
7,36900,i,test,0.49169859290122986,0.38238388431968456
7,37800,a,test,0.5007032155990601,0.391511487633097
7,37800,b,test,0.4665367007255554,0.3407670066586492
7,37800,c,test,0.4675324559211731,0.3739841342776434
7,37800,d,test,0.5157673358917236,0.4120921880560507
7,37800,e,test,0.5049051642417908,0.3944390505349667
7,37800,f,test,0.5054784417152405,0.4488861821163131
7,37800,g,test,0.45375335216522217,0.35101096786894437
7,37800,h,test,0.5024561285972595,0.4083859265590417
7,37800,i,test,0.4974457323551178,0.39398830108978616
7,38700,a,test,0.5,0.3910709036057029
7,38700,b,test,0.47238466143608093,0.3524964045836685
7,38700,c,test,0.4747474789619446,0.3856683431181827
7,38700,d,test,0.5122634768486023,0.41189326362984374
7,38700,e,test,0.5402223467826843,0.43552725464237035
7,38700,f,test,0.4996347725391388,0.4381676799676229
7,38700,g,test,0.44906166195869446,0.33995311858753513
7,38700,h,test,0.5150877237319946,0.43296602257893063
7,38700,i,test,0.5012771487236023,0.39544481319659036
7,39600,a,test,0.5042194128036499,0.39886267116460816
7,39600,b,test,0.4775828421115875,0.32321832288141683
7,39600,c,test,0.4682539701461792,0.36684866668063526
7,39600,d,test,0.48493343591690063,0.376359838852464
7,39600,e,test,0.5192936658859253,0.3997757631018508
7,39600,f,test,0.5259313583374023,0.4662090991234245
7,39600,g,test,0.46380695700645447,0.3620030530803225
7,39600,h,test,0.5214034914970398,0.42794883950777396
7,39600,i,test,0.49808427691459656,0.39314673067714184
7,40500,a,test,0.48382559418678284,0.3462649102815924
7,40500,b,test,0.4879792034626007,0.32311039869342323
7,40500,c,test,0.46536797285079956,0.383603091708096
7,40500,d,test,0.47792571783065796,0.36285531385499037
7,40500,e,test,0.5788096785545349,0.4738282684168927
7,40500,f,test,0.5310445427894592,0.47750661744503836
7,40500,g,test,0.4577747881412506,0.34517068086881414
7,40500,h,test,0.535438597202301,0.441822383965641
7,40500,i,test,0.5204342007637024,0.42948347439167395
7,41400,a,test,0.5168776512145996,0.4311097452510588
7,41400,b,test,0.4827810227870941,0.33912776917722054
7,41400,c,test,0.47330448031425476,0.378422934934463
7,41400,d,test,0.5129642486572266,0.4082669521696117
7,41400,e,test,0.547416627407074,0.444885499276902
7,41400,f,test,0.5193572044372559,0.4556617886807414
7,41400,g,test,0.4497319161891937,0.33142078328064256
7,41400,h,test,0.5368421077728271,0.4483689992178362
7,41400,i,test,0.5063856840133667,0.41127084536360664
7,42300,a,test,0.502812922000885,0.3937518048957495
7,42300,b,test,0.4853801131248474,0.3482789433595362
7,42300,c,test,0.4747474789619446,0.38127527061400496
7,42300,d,test,0.5199719667434692,0.4168318185312209
7,42300,e,test,0.5068672299385071,0.38556016734911475
7,42300,f,test,0.5383491516113281,0.4858773505232277
7,42300,g,test,0.4772118031978607,0.373426851994104
7,42300,h,test,0.5424561500549316,0.4534700577936129
7,42300,i,test,0.5242656469345093,0.433769216637573
7,43200,a,test,0.49648383259773254,0.37934619541650183
7,43200,b,test,0.4879792034626007,0.3465549736246991
7,43200,c,test,0.4747474789619446,0.3754966213505609
7,43200,d,test,0.5255781412124634,0.4376284612346857
7,43200,e,test,0.5598430633544922,0.4544870808402823
7,43200,f,test,0.5295836329460144,0.4746125709681876
7,43200,g,test,0.4745308458805084,0.3651393763715021
7,43200,h,test,0.5382456183433533,0.4374781401941214
7,43200,i,test,0.49936142563819885,0.3930971071143625
7,44100,a,test,0.4901547133922577,0.35428452659800364
7,44100,b,test,0.4873294234275818,0.35028996177433674
7,44100,c,test,0.48051947355270386,0.38669967646954556
7,44100,d,test,0.49544498324394226,0.3839507725092514
7,44100,e,test,0.5467625856399536,0.43461982816958117
7,44100,f,test,0.5054784417152405,0.4254780062738104
7,44100,g,test,0.4879356622695923,0.38480846436193344
7,44100,h,test,0.5438596606254578,0.4465774814766184
7,44100,i,test,0.5166028141975403,0.4230799385892732
7,45000,a,test,0.4887482523918152,0.3622094987695468
7,45000,b,test,0.4931773841381073,0.3639857019858946
7,45000,c,test,0.4819624722003937,0.40169471194122947
7,45000,d,test,0.5080588459968567,0.40157873727940396
7,45000,e,test,0.5533028244972229,0.44616399155196146
7,45000,f,test,0.5259313583374023,0.4648722333105712
7,45000,g,test,0.4611259996891022,0.3318241771111146
7,45000,h,test,0.5459648966789246,0.45154420258944444
7,45000,i,test,0.49680715799331665,0.3934251280238425
7,45900,a,test,0.49929675459861755,0.3716620248687255
7,45900,b,test,0.4899285137653351,0.36600375711895033
7,45900,c,test,0.4826839864253998,0.39705639746501525
7,45900,d,test,0.5157673358917236,0.41675945361103556
7,45900,e,test,0.5735775232315063,0.4630265993623202
7,45900,f,test,0.49013879895210266,0.4081414243361225
7,45900,g,test,0.4510723948478699,0.3240125986570818
7,45900,h,test,0.5368421077728271,0.4439206609534416
7,45900,i,test,0.5166028141975403,0.411824088804168
7,46800,a,test,0.502109706401825,0.37356989636917026
7,46800,b,test,0.48343080282211304,0.3603496374395359
7,46800,c,test,0.4783549904823303,0.3772726433068745
7,46800,d,test,0.5283812284469604,0.43321958852198006
7,46800,e,test,0.5506867170333862,0.43906670130651126
7,46800,f,test,0.5237399339675903,0.46404780362638937
7,46800,g,test,0.4752010703086853,0.3511145718928857
7,46800,h,test,0.5445613861083984,0.45362733169399355
7,46800,i,test,0.5159642696380615,0.4117318401306908
7,47700,a,test,0.5189873576164246,0.4186938337250658
7,47700,b,test,0.4899285137653351,0.35956175094796494
7,47700,c,test,0.4754689633846283,0.37199033055579583
7,47700,d,test,0.5353889465332031,0.44815140685974697
7,47700,e,test,0.5709614157676697,0.45659949639419034
7,47700,f,test,0.5485755801200867,0.49330148026405946
7,47700,g,test,0.4879356622695923,0.3782123458621047
7,47700,h,test,0.557894766330719,0.4658230887395009
7,47700,i,test,0.530651330947876,0.44569932215750047
7,48600,a,test,0.48523205518722534,0.35866654260076475
7,48600,b,test,0.48667967319488525,0.3517735344634561
7,48600,c,test,0.4783549904823303,0.38686777535936684
7,48600,d,test,0.5494043231010437,0.45576158339850337
7,48600,e,test,0.5977763533592224,0.49168533555869787
7,48600,f,test,0.5208181142807007,0.4559352100860734
7,48600,g,test,0.4906166195869446,0.38530666166502553
7,48600,h,test,0.5522807240486145,0.46204970277718727
7,48600,i,test,0.5268199443817139,0.4240633001810756
7,49500,a,test,0.4887482523918152,0.3689845618649099
7,49500,b,test,0.48927876353263855,0.3603483020780451
7,49500,c,test,0.48124098777770996,0.40499009069326797
7,49500,d,test,0.5178696513175964,0.4288688366441605
7,49500,e,test,0.6056246161460876,0.5065377653341626
7,49500,f,test,0.542001485824585,0.4790152724311036
7,49500,g,test,0.48860588669776917,0.37379015861441295
7,49500,h,test,0.5459648966789246,0.4511416537185858
7,49500,i,test,0.5312899351119995,0.4315476704187399
7,50400,a,test,0.5056259036064148,0.39674172598893104
7,50400,b,test,0.4931773841381073,0.3501517325644572
7,50400,c,test,0.4740259647369385,0.3950954959104283
7,50400,d,test,0.5423966646194458,0.45318561942828667
7,50400,e,test,0.6108567714691162,0.5129151155828964
7,50400,f,test,0.5661066174507141,0.5160428730036986
7,50400,g,test,0.49396783113479614,0.39033048961190425
7,50400,h,test,0.551578938961029,0.46113123910217096
7,50400,i,test,0.5274584889411926,0.4286587410042069
7,51300,a,test,0.5035161972045898,0.40009654365319
7,51300,b,test,0.49447694420814514,0.3634843682134967
7,51300,c,test,0.48701298236846924,0.3922215826651441
7,51300,d,test,0.5648213028907776,0.48913932456154363
7,51300,e,test,0.5899280309677124,0.4880385496611718
7,51300,f,test,0.5682980418205261,0.512920151172218
7,51300,g,test,0.5134048461914062,0.4231878083890905
7,51300,h,test,0.582456111907959,0.5154650014373724
7,51300,i,test,0.5312899351119995,0.4444763507597449
7,52200,a,test,0.5091420412063599,0.41756105817372785
7,52200,b,test,0.5029239654541016,0.37135338096602316
7,52200,c,test,0.4848484992980957,0.39185782120946117
7,52200,d,test,0.5683251619338989,0.48970124608674714
7,52200,e,test,0.6252452731132507,0.5366648699436184
7,52200,f,test,0.5741416811943054,0.5170064915222928
7,52200,g,test,0.49597856402397156,0.3920322700428525
7,52200,h,test,0.5649122595787048,0.47882292798487797
7,52200,i,test,0.5581098198890686,0.468327961606734
7,53100,a,test,0.5126582384109497,0.4122765301675191
7,53100,b,test,0.513970136642456,0.3821501766551751
7,53100,c,test,0.49711400270462036,0.4208991092758463
7,53100,d,test,0.5613174438476562,0.4821686392526108
7,53100,e,test,0.603008508682251,0.506293835944727
7,53100,f,test,0.5463842153549194,0.4847929787605875
7,53100,g,test,0.4932975769042969,0.3812910740004178
7,53100,h,test,0.5698245763778687,0.4907070764933907
7,53100,i,test,0.5491698384284973,0.46453808410229175
7,54000,a,test,0.502109706401825,0.38758535405844796
7,54000,b,test,0.5029239654541016,0.3735872074220113
7,54000,c,test,0.4913419783115387,0.4023232179030556
7,54000,d,test,0.5543097257614136,0.46127635857251376
7,54000,e,test,0.597122311592102,0.49776760530193936
7,54000,f,test,0.5149744153022766,0.4346867592498074
7,54000,g,test,0.5120643377304077,0.4160006979388497
7,54000,h,test,0.5635087490081787,0.4809796018081163
7,54000,i,test,0.5478927493095398,0.46240427678497936
7,54900,a,test,0.502812922000885,0.38279343700003254
7,54900,b,test,0.5055230855941772,0.3851833660655715
7,54900,c,test,0.48701298236846924,0.41038070664006954
7,54900,d,test,0.5627189874649048,0.4853926187177575
7,54900,e,test,0.5918900966644287,0.48755475114168273
7,54900,f,test,0.5843681693077087,0.5291624429711876
7,54900,g,test,0.48860588669776917,0.3671237955617028
7,54900,h,test,0.557894766330719,0.47141142476486175
7,54900,i,test,0.553639829158783,0.4758028427280547
7,55800,a,test,0.5182840824127197,0.4235351717933122
7,55800,b,test,0.5061728358268738,0.37860039252377337
7,55800,c,test,0.49711400270462036,0.4278452606575753
7,55800,d,test,0.5704274773597717,0.48722019043874326
7,55800,e,test,0.6147809028625488,0.5197103764014847
7,55800,f,test,0.5792549252510071,0.5217736775893135
7,55800,g,test,0.5174262523651123,0.4276501599365927
7,55800,h,test,0.551578938961029,0.4637622708732067
7,55800,i,test,0.5363984704017639,0.4424943366249054
7,56700,a,test,0.5189873576164246,0.41882434826369735
7,56700,b,test,0.5159194469451904,0.3725847663079897
7,56700,c,test,0.4819624722003937,0.4111698627823039
7,56700,d,test,0.5697267055511475,0.4899106863857903
7,56700,e,test,0.6415958404541016,0.5480241013318061
7,56700,f,test,0.5690284967422485,0.5082666008522999
7,56700,g,test,0.5415549874305725,0.463849546370744
7,56700,h,test,0.5621052384376526,0.47684198339367806
7,56700,i,test,0.5632184147834778,0.49284689958137534
7,57600,a,test,0.5,0.38004423387161723
7,57600,b,test,0.5224171280860901,0.38305519477141986
7,57600,c,test,0.5057719945907593,0.43706273403590346
7,57600,d,test,0.5704274773597717,0.4931174192072943
7,57600,e,test,0.6213211417198181,0.5240209343206571
7,57600,f,test,0.5164353251457214,0.43223133037520123
7,57600,g,test,0.5268096327781677,0.430258034768056
7,57600,h,test,0.5761403441429138,0.4947952978165886
7,57600,i,test,0.5766283273696899,0.5138415077279245
7,58500,a,test,0.5035161972045898,0.3757513126069525
7,58500,b,test,0.5198180675506592,0.4066469593268646
7,58500,c,test,0.5064935088157654,0.4269322351101165
7,58500,d,test,0.5697267055511475,0.4909266810864649
7,58500,e,test,0.5853499174118042,0.480609899264654
7,58500,f,test,0.5836377143859863,0.5267110234576057
7,58500,g,test,0.5006702542304993,0.38943447271265613
7,58500,h,test,0.562807023525238,0.47120120237713364
7,58500,i,test,0.5542784333229065,0.4589782058125234
7,59400,a,test,0.5232067704200745,0.41675529316521515
7,59400,b,test,0.5289148688316345,0.4118780526779298
7,59400,c,test,0.5209234952926636,0.4640106138742827
7,59400,d,test,0.5704274773597717,0.48695232351705675
7,59400,e,test,0.6003924012184143,0.5039026285166781
7,59400,f,test,0.575602650642395,0.5195039539248835
7,59400,g,test,0.5046916604042053,0.3901716102906474
7,59400,h,test,0.574035108089447,0.4929392895428974
7,59400,i,test,0.5683269500732422,0.4832522668978448
7,60300,a,test,0.5365682244300842,0.4455975854773117
7,60300,b,test,0.5178687572479248,0.39206089786561793
7,60300,c,test,0.5180374979972839,0.45355934821383553
7,60300,d,test,0.5676243901252747,0.4831076721932824
7,60300,e,test,0.6389797329902649,0.5463548955556968
7,60300,f,test,0.5551497340202332,0.4886421274667021
7,60300,g,test,0.5120643377304077,0.4085736855846474
7,60300,h,test,0.5866666436195374,0.5075969953898277
7,60300,i,test,0.5568326711654663,0.47685646858426506
7,61200,a,test,0.5063291192054749,0.39029602259648044
7,61200,b,test,0.5087719559669495,0.3855134262086222
7,61200,c,test,0.5115439891815186,0.4441634349507168
7,61200,d,test,0.5704274773597717,0.4950854620697753
7,61200,e,test,0.6049705743789673,0.5059411805440183
7,61200,f,test,0.5770635604858398,0.5196108592469002
7,61200,g,test,0.538203775882721,0.4504086562193823
7,61200,h,test,0.5866666436195374,0.5121959120619567
7,61200,i,test,0.5606641173362732,0.4827773804900904
7,62100,a,test,0.5140646696090698,0.40684772651410067
7,62100,b,test,0.5191683173179626,0.41772722637760545
7,62100,c,test,0.5281385183334351,0.46800468753795005
7,62100,d,test,0.5578135848045349,0.48022066244996203
7,62100,e,test,0.6245912313461304,0.5304356162128591
7,62100,f,test,0.603360116481781,0.5503328388798411
7,62100,g,test,0.5563002824783325,0.47240475690154987
7,62100,h,test,0.5803508758544922,0.5079874005700662
7,62100,i,test,0.5708812475204468,0.5093541386052793
7,63000,a,test,0.5147679448127747,0.4216802663486228
7,63000,b,test,0.5269655585289001,0.41821632958683863
7,63000,c,test,0.5165945291519165,0.4572413684632722
7,63000,d,test,0.5893482565879822,0.5337495505702098
7,63000,e,test,0.6304774284362793,0.5378047694147848
7,63000,f,test,0.6062819361686707,0.5547600601046944
7,63000,g,test,0.5576407313346863,0.4754131480557862
7,63000,h,test,0.5943859815597534,0.529074551054645
7,63000,i,test,0.5715197920799255,0.48488253234344175
7,63900,a,test,0.5288326144218445,0.4420868821912936
7,63900,b,test,0.5256659984588623,0.42353333742370075
7,63900,c,test,0.5021644830703735,0.4485705411634313
7,63900,d,test,0.58163982629776,0.513430769697461
7,63900,e,test,0.5958142280578613,0.49992811034504814
7,63900,f,test,0.5982468724250793,0.5485579818401439
7,63900,g,test,0.5442359447479248,0.4679090829981836
7,63900,h,test,0.5971930027008057,0.5331859876480222
7,63900,i,test,0.5989782810211182,0.5287089572629647
7,64800,a,test,0.5175808668136597,0.3993313517794142
7,64800,b,test,0.5276153087615967,0.4119466671903224
7,64800,c,test,0.49494948983192444,0.4331330860420097
7,64800,d,test,0.5641205310821533,0.48726781701893596
7,64800,e,test,0.6258992552757263,0.5350054039013628
7,64800,f,test,0.6004382967948914,0.551568786738143
7,64800,g,test,0.5268096327781677,0.4330147527728689
7,64800,h,test,0.6084210276603699,0.549314889689951
7,64800,i,test,0.5836526155471802,0.5310240179450358
7,65700,a,test,0.5344585180282593,0.44294430889761766
7,65700,b,test,0.5419103503227234,0.40750610027620304
7,65700,c,test,0.5101010203361511,0.4351608405659599
7,65700,d,test,0.5690259337425232,0.48996568800808143
7,65700,e,test,0.6115108132362366,0.5138398808819955
7,65700,f,test,0.5894813537597656,0.5389410672440665
7,65700,g,test,0.5408847332000732,0.4583461767572176
7,65700,h,test,0.590175449848175,0.5156846334471364
7,65700,i,test,0.5772669315338135,0.504012218587747
7,66600,a,test,0.5288326144218445,0.43095775547005594
7,66600,b,test,0.5477582812309265,0.45056187618757854
7,66600,c,test,0.5079365372657776,0.4353714234971731
7,66600,d,test,0.58163982629776,0.5119379871582082
7,66600,e,test,0.6579463481903076,0.5646694186925255
7,66600,f,test,0.6128560900688171,0.5599960203250943
7,66600,g,test,0.5207774639129639,0.42628416155845855
7,66600,h,test,0.5985965132713318,0.5268287332986905
7,66600,i,test,0.5906769037246704,0.5189593572972598
7,67500,a,test,0.5105485320091248,0.38251962703769626
7,67500,b,test,0.5393112301826477,0.45205268725825243
7,67500,c,test,0.47907647490501404,0.4301844767277088
7,67500,d,test,0.5865452289581299,0.5266173713095333
7,67500,e,test,0.6592544317245483,0.5705438710382009
7,67500,f,test,0.6040905714035034,0.5593416140486335
7,67500,g,test,0.5509383082389832,0.47153103897301474
7,67500,h,test,0.5971930027008057,0.5257998068093591
7,67500,i,test,0.5836526155471802,0.5110923202175969
7,68400,a,test,0.5112517476081848,0.3900694987940192
7,68400,b,test,0.5516569018363953,0.46332043749157564
7,68400,c,test,0.5,0.44772029515635303
7,68400,d,test,0.591450572013855,0.5362017324579567
7,68400,e,test,0.62393718957901,0.5330436535747981
7,68400,f,test,0.6238129734992981,0.5723387275634091
7,68400,g,test,0.5757372379302979,0.5099471836436796
7,68400,h,test,0.5733333230018616,0.4896719699814441
7,68400,i,test,0.5664112567901611,0.48315186609094746
7,69300,a,test,0.5119549632072449,0.39751291277857387
7,69300,b,test,0.5516569018363953,0.4601564941253336
7,69300,c,test,0.527417004108429,0.47010476749446456
7,69300,d,test,0.5508058667182922,0.4733099683746596
7,69300,e,test,0.6298233866691589,0.5429422995762313
7,69300,f,test,0.6347699165344238,0.5913010340184406
7,69300,g,test,0.5683646202087402,0.4825931399482238
7,69300,h,test,0.6182456016540527,0.5654184997109185
7,69300,i,test,0.5810983180999756,0.488926226550871
7,70200,a,test,0.5133614540100098,0.40509313746466197
7,70200,b,test,0.5373619198799133,0.4079276573980308
7,70200,c,test,0.5418470501899719,0.5082943999331565
7,70200,d,test,0.6180799007415771,0.574346747858944
7,70200,e,test,0.6448659300804138,0.5575942518236273
7,70200,f,test,0.6355003714561462,0.6093125771677412
7,70200,g,test,0.5703753232955933,0.4852649471231578
7,70200,h,test,0.6070175170898438,0.541948877283971
7,70200,i,test,0.5932311415672302,0.5226209268739566
7,71100,a,test,0.5140646696090698,0.40800585802695766
7,71100,b,test,0.5834957957267761,0.5181981118907891
7,71100,c,test,0.5014430284500122,0.44979692873373706
7,71100,d,test,0.612473726272583,0.5653240287037152
7,71100,e,test,0.6729888916015625,0.5823286190076118
7,71100,f,test,0.6121256351470947,0.5731789557757104
7,71100,g,test,0.5764074921607971,0.5006936528131808
7,71100,h,test,0.6084210276603699,0.539939729199719
7,71100,i,test,0.5945082902908325,0.513575472893168
7,72000,a,test,0.5400843620300293,0.4529370319448236
7,72000,b,test,0.5464587211608887,0.45141794653881107
7,72000,c,test,0.4927850067615509,0.44350543549808624
7,72000,d,test,0.5851436853408813,0.523556959340916
7,72000,e,test,0.6396337747573853,0.5468412479939632
7,72000,f,test,0.6128560900688171,0.5685086988851233
7,72000,g,test,0.5616621971130371,0.4804129354210603
7,72000,h,test,0.6294736862182617,0.5689922444772173
7,72000,i,test,0.6040868163108826,0.5333364620861484
7,72900,a,test,0.5358649492263794,0.45191320096785614
7,72900,b,test,0.5594542026519775,0.4728486357709463
7,72900,c,test,0.5310245156288147,0.4772044861458659
7,72900,d,test,0.6033636927604675,0.5445688807070482
7,72900,e,test,0.6716808080673218,0.5859442390609582
7,72900,f,test,0.6077429056167603,0.5508596863644869
7,72900,g,test,0.5757372379302979,0.5004776425531557
7,72900,h,test,0.6308771967887878,0.566954682798717
7,72900,i,test,0.6002554297447205,0.5415792248998493
7,73800,a,test,0.5281293988227844,0.4387321345843844
7,73800,b,test,0.5419103503227234,0.4438242207203995
7,73800,c,test,0.5144299864768982,0.4680857797923245
7,73800,d,test,0.6250876188278198,0.5725812494379434
7,73800,e,test,0.6448659300804138,0.5559142282092817
7,73800,f,test,0.6398831009864807,0.6003474214399821
7,73800,g,test,0.5710455775260925,0.4951218390908286
7,73800,h,test,0.6680701971054077,0.6160052969684358
7,73800,i,test,0.5874840617179871,0.5099563056679136
7,74700,a,test,0.5407876372337341,0.45880599006128514
7,74700,b,test,0.5406107902526855,0.44511964818606103
7,74700,c,test,0.5353535413742065,0.4743401945051036
7,74700,d,test,0.6005606055259705,0.541396868755972
7,74700,e,test,0.6415958404541016,0.5525922250354274
7,74700,f,test,0.6559532284736633,0.6202858032395216
7,74700,g,test,0.5730562806129456,0.4865471933148448
7,74700,h,test,0.6350877285003662,0.5698935042815163
7,74700,i,test,0.6302682161331177,0.5675226875910803
7,75600,a,test,0.5281293988227844,0.43823713340646203
7,75600,b,test,0.5562053322792053,0.4807737686743383
7,75600,c,test,0.5389610528945923,0.4735978639232506
7,75600,d,test,0.6208829879760742,0.5648087903451969
7,75600,e,test,0.6769130229949951,0.5942069230912665
7,75600,f,test,0.6092038154602051,0.5605674819256197
7,75600,g,test,0.5797587037086487,0.5031229459841718
7,75600,h,test,0.6561403274536133,0.5914726216086305
7,75600,i,test,0.5977011322975159,0.5092261963350674
7,76500,a,test,0.5436005592346191,0.5021374121711716
7,76500,b,test,0.5614035129547119,0.47833326040948904
7,76500,c,test,0.5418470501899719,0.4927242784257118
7,76500,d,test,0.6271899342536926,0.5876336168681152
7,76500,e,test,0.6415958404541016,0.5568082425010333
7,76500,f,test,0.6691015362739563,0.6318853341893053
7,76500,g,test,0.582439661026001,0.5082045576940958
7,76500,h,test,0.6526315808296204,0.5898586253963248
7,76500,i,test,0.6328224539756775,0.5731540896781254
7,77400,a,test,0.5168776512145996,0.4166238122854376
7,77400,b,test,0.5464587211608887,0.4433560041441848
7,77400,c,test,0.5115439891815186,0.468094788774182
7,77400,d,test,0.6061667799949646,0.5538534147669298
7,77400,e,test,0.6782210469245911,0.5947307913480337
7,77400,f,test,0.6625273823738098,0.61249254236507
7,77400,g,test,0.5777480006217957,0.4984580374514598
7,77400,h,test,0.6182456016540527,0.5510279099889038
7,77400,i,test,0.5989782810211182,0.5143042635096157
7,78300,a,test,0.5400843620300293,0.45413827346571384
7,78300,b,test,0.5692007541656494,0.49035309181107906
7,78300,c,test,0.5346320271492004,0.4708919614480589
7,78300,d,test,0.6194814443588257,0.5707409940828675
7,78300,e,test,0.6618704795837402,0.5754037610689134
7,78300,f,test,0.674214780330658,0.6206984254210667
7,78300,g,test,0.5898123383522034,0.518545982888021
7,78300,h,test,0.6301754117012024,0.5679849058491501
7,78300,i,test,0.6168582439422607,0.5606121683676599
7,79200,a,test,0.5421940684318542,0.4643430113048334
7,79200,b,test,0.5627030730247498,0.4757601241021292
7,79200,c,test,0.533189058303833,0.4792383424343509
7,79200,d,test,0.6313945055007935,0.5836311338997547
7,79200,e,test,0.6847612857818604,0.6036872384579863
7,79200,f,test,0.6727538108825684,0.6228092636216285
7,79200,g,test,0.5971850156784058,0.5336394954872395
7,79200,h,test,0.6428070068359375,0.5779019754737579
7,79200,i,test,0.6187739372253418,0.5574242576959204
7,80100,a,test,0.5443037748336792,0.47305390158760985
7,80100,b,test,0.5698505640029907,0.4908356098856547
7,80100,c,test,0.5108225345611572,0.4656632505832546
7,80100,d,test,0.6334968209266663,0.5880642992938893
7,80100,e,test,0.68410724401474,0.5999741826018491
7,80100,f,test,0.6691015362739563,0.6247019000882571
7,80100,g,test,0.5884718298912048,0.5132581593809918
7,80100,h,test,0.6940351128578186,0.6589587702314798
7,80100,i,test,0.6283524632453918,0.5740067853041556
7,81000,a,test,0.550632894039154,0.4758038109229017
7,81000,b,test,0.5802469253540039,0.5134276639546468
7,81000,c,test,0.5324675440788269,0.49529032524602573
7,81000,d,test,0.6285914778709412,0.5848836619929977
7,81000,e,test,0.6801831126213074,0.596832697494023
7,81000,f,test,0.6880934834480286,0.6518820117221337
7,81000,g,test,0.5918230414390564,0.5217448928322717
7,81000,h,test,0.6449123024940491,0.5788649181619675
7,81000,i,test,0.6085568070411682,0.5231265319909775
7,81900,a,test,0.547819972038269,0.4735643563682698
7,81900,b,test,0.5776478052139282,0.5076052782092514
7,81900,c,test,0.5497835278511047,0.5115556583520641
7,81900,d,test,0.6236860752105713,0.5714570411783112
7,81900,e,test,0.6860693097114563,0.5998271894466128
7,81900,f,test,0.6471877098083496,0.5968365331660221
7,81900,g,test,0.582439661026001,0.49796416599300736
7,81900,h,test,0.6456140279769897,0.5901075495107343
7,81900,i,test,0.6340996026992798,0.5717767877379176
7,82800,a,test,0.5379746556282043,0.5236075810330199
7,82800,b,test,0.5873944163322449,0.5250435393949803
7,82800,c,test,0.5454545617103577,0.5001461926230663
7,82800,d,test,0.6047652363777161,0.5460306816144952
7,82800,e,test,0.6782210469245911,0.5970591087872809
7,82800,f,test,0.6654492616653442,0.6358502008578829
7,82800,g,test,0.5978552103042603,0.5345275566440489
7,82800,h,test,0.6835087537765503,0.6461442168106061
7,82800,i,test,0.6277139186859131,0.5556278881187348
7,83700,a,test,0.554852306842804,0.4713183720539232
7,83700,b,test,0.5458089709281921,0.4360457851087189
7,83700,c,test,0.5259740352630615,0.4677570741496795
7,83700,d,test,0.6320952773094177,0.5857190479824862
7,83700,e,test,0.682799220085144,0.5944108896540279
7,83700,f,test,0.6851716637611389,0.6335224189466379
7,83700,g,test,0.5777480006217957,0.4994768188955005
7,83700,h,test,0.6392982602119446,0.5808922506034603
7,83700,i,test,0.6219667792320251,0.5404262565461201
7,84600,a,test,0.5597749352455139,0.48110593694779613
7,84600,b,test,0.565951943397522,0.47642673992006285
7,84600,c,test,0.542568564414978,0.483336182419317
7,84600,d,test,0.6222845315933228,0.5699890840220453
7,84600,e,test,0.688685417175293,0.6060316596403593
7,84600,f,test,0.6975894570350647,0.6686377086523118
7,84600,g,test,0.5971850156784058,0.5342149420392858
7,84600,h,test,0.659649133682251,0.6134370248968305
7,84600,i,test,0.6219667792320251,0.5670972562661963
7,85500,a,test,0.5583685040473938,0.46817052664644465
7,85500,b,test,0.5666016936302185,0.4684763117633152
7,85500,c,test,0.5353535413742065,0.46740651816182804
7,85500,d,test,0.6173791289329529,0.5727006682006871
7,85500,e,test,0.663178563117981,0.5770373207646111
7,85500,f,test,0.6844412088394165,0.6413435686189554
7,85500,g,test,0.5891420841217041,0.5130476677323578
7,85500,h,test,0.6308771967887878,0.5709909582193787
7,85500,i,test,0.6251596212387085,0.5450561738462448
7,86400,a,test,0.5604782104492188,0.47753569021317066
7,86400,b,test,0.5614035129547119,0.46159307031989955
7,86400,c,test,0.560606062412262,0.5214803275302152
7,86400,d,test,0.6362999081611633,0.5915661638781848
7,86400,e,test,0.7011118531227112,0.6288948164495757
7,86400,f,test,0.6515704989433289,0.6092319710728432
7,86400,g,test,0.5871313810348511,0.510541277929175
7,86400,h,test,0.6315789222717285,0.5706381006900992
7,86400,i,test,0.6219667792320251,0.5553141704796895
129,0,a,test,0.13431786000728607,0.045471315705214156
129,0,b,test,0.20467835664749146,0.06470388640931277
129,0,c,test,0.17027416825294495,0.05007324228389578
129,0,d,test,0.21093203127384186,0.06116647571283426
129,0,e,test,0.19293655455112457,0.05585202308348088
129,0,f,test,0.1775018274784088,0.055378173651554945
129,0,g,test,0.14745308458805084,0.05373407950963394
129,0,h,test,0.16842105984687805,0.055283681675577755
129,0,i,test,0.16219668090343475,0.05511165814771129
129,900,a,test,0.14838255941867828,0.046750524109014674
129,900,b,test,0.2033788114786148,0.05997783709855487
129,900,c,test,0.17027416825294495,0.0515670690699394
129,900,d,test,0.21793973445892334,0.061013236057588516
129,900,e,test,0.19359058141708374,0.05570500534529311
129,900,f,test,0.18772827088832855,0.0568176336036598
129,900,g,test,0.19504021108150482,0.058041951502342586
129,900,h,test,0.17403508722782135,0.0526152334334557
129,900,i,test,0.19348658621311188,0.058642857726333326
129,1800,a,test,0.1511954963207245,0.04606662966303568
129,1800,b,test,0.20402859151363373,0.06121797396867782
129,1800,c,test,0.17027416825294495,0.04999681081770633
129,1800,d,test,0.21723896265029907,0.05952380952380953
129,1800,e,test,0.19293655455112457,0.05394039129639788
129,1800,f,test,0.1840759664773941,0.06036416970737641
129,1800,g,test,0.2077748030424118,0.07084354800978045
129,1800,h,test,0.1733333319425583,0.04939012197560488
129,1800,i,test,0.19348658621311188,0.05421363392377885
129,2700,a,test,0.19409282505512238,0.1024096893350215
129,2700,b,test,0.20402859151363373,0.06003330287854178
129,2700,c,test,0.17316018044948578,0.05531094291669917
129,2700,d,test,0.2186405062675476,0.062112395611352185
129,2700,e,test,0.213865265250206,0.09224559101008074
129,2700,f,test,0.19284148514270782,0.06576573264836616
129,2700,g,test,0.21447721123695374,0.07491491602754445
129,2700,h,test,0.17614035308361053,0.05383978365229094
129,2700,i,test,0.22796934843063354,0.10017802938683368
129,3600,a,test,0.22714486718177795,0.12971650565844461
129,3600,b,test,0.20727744698524475,0.06914664774168876
129,3600,c,test,0.1984127014875412,0.09164447183641126
129,3600,d,test,0.24106517434120178,0.09887933785775299
129,3600,e,test,0.24395029246807098,0.12645554298126707
129,3600,f,test,0.22425128519535065,0.1062070995007942
129,3600,g,test,0.25,0.12016161616161618
129,3600,h,test,0.2357894778251648,0.1236445703471663
129,3600,i,test,0.23563218116760254,0.11053535862023682
129,4500,a,test,0.23558367788791656,0.13771718694285065
129,4500,b,test,0.2085769921541214,0.07050012863966353
129,4500,c,test,0.19408369064331055,0.08617704740650571
129,4500,d,test,0.2578836679458618,0.12139467171169493
129,4500,e,test,0.26618704199790955,0.14933954933954932
129,4500,f,test,0.2286340445280075,0.1118990575959955
129,4500,g,test,0.2922252118587494,0.15163031494004262
129,4500,h,test,0.24631579220294952,0.13636703207877449
129,4500,i,test,0.2879948914051056,0.1582902367506942
129,5400,a,test,0.30098453164100647,0.16850617038216562
129,5400,b,test,0.213775172829628,0.07805837968306442
129,5400,c,test,0.2705627679824829,0.1501294401425762
129,5400,d,test,0.3104414939880371,0.1657833200700731
129,5400,e,test,0.3080444633960724,0.17625013717293314
129,5400,f,test,0.2498173862695694,0.13271935779707245
129,5400,g,test,0.31300267577171326,0.1667165399884294
129,5400,h,test,0.2835087776184082,0.16602107423232956
129,5400,i,test,0.312899112701416,0.17150220282526638
129,6300,a,test,0.3206751048564911,0.17340917561545646
129,6300,b,test,0.28005197644233704,0.16340961349874733
129,6300,c,test,0.29076477885246277,0.16414849391610944
129,6300,d,test,0.3742116391658783,0.21004507696871808
129,6300,e,test,0.33616742491722107,0.18805307212600764
129,6300,f,test,0.29145362973213196,0.15789220825894626
129,6300,g,test,0.35522788763046265,0.18615577521015317
129,6300,h,test,0.36561402678489685,0.22182119963932134
129,6300,i,test,0.35185185074806213,0.18949501627332074
129,7200,a,test,0.3333333432674408,0.1872321045487644
129,7200,b,test,0.3716699182987213,0.25613695095231015
129,7200,c,test,0.3088023066520691,0.1807892199025204
129,7200,d,test,0.39733707904815674,0.23999932505539356
129,7200,e,test,0.35186395049095154,0.19514850472769732
129,7200,f,test,0.3294375538825989,0.20246159375626263
129,7200,g,test,0.35991957783699036,0.18726958692471177
129,7200,h,test,0.4140350818634033,0.2802715884832053
129,7200,i,test,0.36781609058380127,0.21279829513959325
129,8100,a,test,0.33825597167015076,0.19819562080431644
129,8100,b,test,0.3905133306980133,0.269682271632736
129,8100,c,test,0.3152958154678345,0.18695628063642808
129,8100,d,test,0.42536789178848267,0.2797088271077703
129,8100,e,test,0.371484637260437,0.22178506379977667
129,8100,f,test,0.36961284279823303,0.245885459484147
129,8100,g,test,0.3612600564956665,0.1954600074799304
129,8100,h,test,0.4238596558570862,0.2910600231560301
129,8100,i,test,0.4054917097091675,0.2673154210547191
129,9000,a,test,0.35654008388519287,0.22899686783394788
129,9000,b,test,0.4126055836677551,0.28265748619707953
129,9000,c,test,0.3261183202266693,0.20764377210149174
129,9000,d,test,0.4246671199798584,0.2769680489055254
129,9000,e,test,0.38325703144073486,0.24135911708033753
129,9000,f,test,0.3688823878765106,0.24565625433094115
129,9000,g,test,0.3632707893848419,0.20431057107915565
129,9000,h,test,0.4568420946598053,0.318360247413615
129,9000,i,test,0.40613025426864624,0.26185491146666257
129,9900,a,test,0.39521801471710205,0.26989503916973806
129,9900,b,test,0.41585445404052734,0.2842521099849083
129,9900,c,test,0.3174603283405304,0.1981162748440424
129,9900,d,test,0.44498950242996216,0.2962738448786543
129,9900,e,test,0.4120340049266815,0.2746860444220491
129,9900,f,test,0.4127100110054016,0.277049812994062
129,9900,g,test,0.3733243942260742,0.21890459683328953
129,9900,h,test,0.4750877320766449,0.32707116725083546
129,9900,i,test,0.38697317242622375,0.2411760131658319
129,10800,a,test,0.3762306571006775,0.2555894767260906
129,10800,b,test,0.39961013197898865,0.2771519844946002
129,10800,c,test,0.33549782633781433,0.22767205714588956
129,10800,d,test,0.4414856433868408,0.2930803277007919
129,10800,e,test,0.401569664478302,0.2631047917011567
129,10800,f,test,0.41563186049461365,0.2797716347456604
129,10800,g,test,0.38270777463912964,0.23471125644500856
129,10800,h,test,0.47578948736190796,0.32682170025357
129,10800,i,test,0.43997445702552795,0.2921707331734956
129,11700,a,test,0.4163150489330292,0.2865252112310936
129,11700,b,test,0.4197530746459961,0.2866166380725215
129,11700,c,test,0.3484848439693451,0.24689758956006336
129,11700,d,test,0.44498950242996216,0.2937690727465259
129,11700,e,test,0.41334205865859985,0.27545069249242077
129,11700,f,test,0.4200146198272705,0.279405811238733
129,11700,g,test,0.37734583020210266,0.22793208685108698
129,11700,h,test,0.4863157868385315,0.3260928226714706
129,11700,i,test,0.45019155740737915,0.29735066256141973
129,12600,a,test,0.41561180353164673,0.2862966218162431
129,12600,b,test,0.427550345659256,0.28833463559212386
129,12600,c,test,0.350649356842041,0.2438135560308942
129,12600,d,test,0.44569024443626404,0.2961997246649514
129,12600,e,test,0.4022236764431,0.2684223241498784
129,12600,f,test,0.4317019581794739,0.28273912343133445
129,12600,g,test,0.3739946484565735,0.2222845595261047
129,12600,h,test,0.4828070104122162,0.32632944147282367
129,12600,i,test,0.4406130313873291,0.2942517584283289
129,13500,a,test,0.4163150489330292,0.29101933048178436
129,13500,b,test,0.42430150508880615,0.2876084623963406
129,13500,c,test,0.36796537041664124,0.26272287773811615
129,13500,d,test,0.4491941034793854,0.2959245697001971
129,13500,e,test,0.396991491317749,0.2628063988028499
129,13500,f,test,0.4317019581794739,0.2863253311081156
129,13500,g,test,0.38538873195648193,0.24032220242956337
129,13500,h,test,0.4863157868385315,0.32615740404847965
129,13500,i,test,0.4584929645061493,0.30263726996300727
129,14400,a,test,0.41561180353164673,0.289591318509063
129,14400,b,test,0.427550345659256,0.296521061634397
129,14400,c,test,0.32828283309936523,0.21358069985657543
129,14400,d,test,0.4526979625225067,0.2977576380530349
129,14400,e,test,0.4146501123905182,0.2776787811617711
129,14400,f,test,0.4251278340816498,0.28428949092874134
129,14400,g,test,0.39477211236953735,0.24692021637116682
129,14400,h,test,0.47789472341537476,0.32922974482378453
129,14400,i,test,0.4482758641242981,0.331423579922347
129,15300,a,test,0.4191280007362366,0.2948891866479431
129,15300,b,test,0.4288499057292938,0.2871347331793938
129,15300,c,test,0.35930734872817993,0.2592943735119012
129,15300,d,test,0.45620182156562805,0.30042151093169306
129,15300,e,test,0.41334205865859985,0.2737860988317203
129,15300,f,test,0.4192841351032257,0.28336433878559725
129,15300,g,test,0.37801608443260193,0.21998198897778956
129,15300,h,test,0.4694736897945404,0.32230261979641905
129,15300,i,test,0.43614304065704346,0.2919399917349571
129,16200,a,test,0.4261603355407715,0.29375474375474375
129,16200,b,test,0.4327485263347626,0.2890106493491727
129,16200,c,test,0.36147186160087585,0.2544994167051473
129,16200,d,test,0.4555010497570038,0.3006030467559753
129,16200,e,test,0.4231523871421814,0.2857829525493148
129,16200,f,test,0.410518616437912,0.2781592552912194
129,16200,g,test,0.38739946484565735,0.2362058184788618
129,16200,h,test,0.4954386055469513,0.33568326101597606
129,16200,i,test,0.44763728976249695,0.30099237061829237
129,17100,a,test,0.4212377071380615,0.29492306156274056
129,17100,b,test,0.4366471767425537,0.2923326294720894
129,17100,c,test,0.3816738724708557,0.2779589569912565
129,17100,d,test,0.45409950613975525,0.2980608431566856
129,17100,e,test,0.41595813632011414,0.27381885753782303
129,17100,f,test,0.4346238076686859,0.28807068226258065
129,17100,g,test,0.39678284525871277,0.24740524477632386
129,17100,h,test,0.49403509497642517,0.3357228000886571
129,17100,i,test,0.4712643623352051,0.3154122745733772
129,18000,a,test,0.42967650294303894,0.2986323162951098
129,18000,b,test,0.4424951374530792,0.30568086336937317
129,18000,c,test,0.3744588792324066,0.2685865217018694
129,18000,d,test,0.4660126268863678,0.3140085081657565
129,18000,e,test,0.41334205865859985,0.27056749816891995
129,18000,f,test,0.4411979615688324,0.29227210128635644
129,18000,g,test,0.3860589861869812,0.2347375747270611
129,18000,h,test,0.47228071093559265,0.30586908389826833
129,18000,i,test,0.4367816150188446,0.292420822774846
129,18900,a,test,0.43248945474624634,0.3007131990580984
129,18900,b,test,0.4398960471153259,0.3001747357934019
129,18900,c,test,0.38311687111854553,0.27958399754055646
129,18900,d,test,0.46531185507774353,0.33514999446509064
129,18900,e,test,0.43230870366096497,0.2844124315697802
129,18900,f,test,0.4324324429035187,0.2896257827863153
129,18900,g,test,0.38941019773483276,0.24076026487224614
129,18900,h,test,0.47017544507980347,0.31092736690391826
129,18900,i,test,0.43422731757164,0.2943437373246284
129,19800,a,test,0.40928271412849426,0.2992414698612991
129,19800,b,test,0.4450942277908325,0.29333249452157406
129,19800,c,test,0.38455986976623535,0.28354017478455235
129,19800,d,test,0.4092501699924469,0.2544935954900089
129,19800,e,test,0.4342707693576813,0.2923279969545182
129,19800,f,test,0.41709277033805847,0.2837965680809849
129,19800,g,test,0.39946380257606506,0.25149769799554805
129,19800,h,test,0.5024561285972595,0.38314545877573797
129,19800,i,test,0.46424010396003723,0.3222525367815135
129,20700,a,test,0.4085794687271118,0.290929175035129
129,20700,b,test,0.43469786643981934,0.31387222199760184
129,20700,c,test,0.37734487652778625,0.2916905418723936
129,20700,d,test,0.4526979625225067,0.30274470101533235
129,20700,e,test,0.43230870366096497,0.29784767521106204
129,20700,f,test,0.42147552967071533,0.29462035984123053
129,20700,g,test,0.3987935781478882,0.25845286480958235
129,20700,h,test,0.4975438714027405,0.35091490677979054
129,20700,i,test,0.45146870613098145,0.30756320116343333
129,21600,a,test,0.4029535949230194,0.2838021712218351
129,21600,b,test,0.44574397802352905,0.3289906302604536
129,21600,c,test,0.3744588792324066,0.2833000282551947
129,21600,d,test,0.4597056806087494,0.3287476130717769
129,21600,e,test,0.40680181980133057,0.2791776326634005
129,21600,f,test,0.44046750664711,0.3176243442137712
129,21600,g,test,0.3806970417499542,0.22801187179453705
129,21600,h,test,0.47438597679138184,0.34005912492571677
129,21600,i,test,0.4572158455848694,0.315071116390752
129,22500,a,test,0.3959212303161621,0.27528189751171966
129,22500,b,test,0.4437946677207947,0.3155998155227407
129,22500,c,test,0.3665223717689514,0.2763027980604143
129,22500,d,test,0.428871750831604,0.27154876035629816
129,22500,e,test,0.3996075987815857,0.26345493666801173
129,22500,f,test,0.4251278340816498,0.2966355653192813
129,22500,g,test,0.3840482532978058,0.23486047722409856
129,22500,h,test,0.49052631855010986,0.3524645187615512
129,22500,i,test,0.43231162428855896,0.2924899848480214
129,23400,a,test,0.3790436089038849,0.25899851853029443
129,23400,b,test,0.4502924084663391,0.3100466260868347
129,23400,c,test,0.3787878751754761,0.28088160763061176
129,23400,d,test,0.428871750831604,0.28149588320401875
129,23400,e,test,0.3950294256210327,0.25045924102577327
129,23400,f,test,0.427319198846817,0.29229405616839793
129,23400,g,test,0.4061662256717682,0.2580952894817455
129,23400,h,test,0.4533333480358124,0.3337988957984364
129,23400,i,test,0.4195402264595032,0.2786827910422219
129,24300,a,test,0.40646976232528687,0.2865678637952694
129,24300,b,test,0.4327485263347626,0.30784872491191656
129,24300,c,test,0.3744588792324066,0.2866161452778498
129,24300,d,test,0.43027329444885254,0.281713025816641
129,24300,e,test,0.40287768840789795,0.2750900201614576
129,24300,f,test,0.44411978125572205,0.32461098227181867
129,24300,g,test,0.38739946484565735,0.24513936573423376
129,24300,h,test,0.4975438714027405,0.35430743011236404
129,24300,i,test,0.4355044662952423,0.30383259885886466
129,25200,a,test,0.35935303568840027,0.23293003473687046
129,25200,b,test,0.46263808012008667,0.32513130642446497
129,25200,c,test,0.380952388048172,0.28231387362093563
129,25200,d,test,0.4134548008441925,0.2568488551291341
129,25200,e,test,0.42380639910697937,0.28969755678093106
129,25200,f,test,0.4346238076686859,0.29968808001436414
129,25200,g,test,0.3833780288696289,0.2269618028720334
129,25200,h,test,0.44280701875686646,0.31648465747328985
129,25200,i,test,0.4278416335582733,0.29114345725539975
129,26100,a,test,0.3888888955116272,0.2666660262510044
129,26100,b,test,0.45419102907180786,0.3279386007784479
129,26100,c,test,0.3787878751754761,0.2795337967177072
129,26100,d,test,0.43658024072647095,0.28935355166342996
129,26100,e,test,0.4087638854980469,0.28008670645860895
129,26100,f,test,0.44485026597976685,0.3189900027059359
129,26100,g,test,0.3833780288696289,0.23383594176217223
129,26100,h,test,0.49824562668800354,0.3722657592276122
129,26100,i,test,0.4367816150188446,0.3030337695480061
129,27000,a,test,0.40506330132484436,0.28842474982694544
129,27000,b,test,0.4574398994445801,0.35361596260806794
129,27000,c,test,0.3823953866958618,0.2889357418597534
129,27000,d,test,0.4555010497570038,0.31632163977701594
129,27000,e,test,0.38325703144073486,0.24841710837132303
129,27000,f,test,0.4360847473144531,0.3111809177246329
129,27000,g,test,0.3914209008216858,0.25175313494279644
129,27000,h,test,0.5214034914970398,0.38264560669781417
129,27000,i,test,0.4469987154006958,0.30924594973930125
129,27900,a,test,0.4212377071380615,0.30572151838680156
129,27900,b,test,0.46133852005004883,0.3306758139721244
129,27900,c,test,0.3975468873977661,0.3013482632258227
129,27900,d,test,0.4569025933742523,0.31169292296228496
129,27900,e,test,0.49705690145492554,0.3990283777470503
129,27900,f,test,0.45142439007759094,0.3279576424623594
129,27900,g,test,0.3880697190761566,0.24171229009945516
129,27900,h,test,0.524210512638092,0.3809797893739968
129,27900,i,test,0.45657727122306824,0.31829772027655767
129,28800,a,test,0.43952178955078125,0.34408161660783687
129,28800,b,test,0.46458739042282104,0.33203691407418373
129,28800,c,test,0.39393940567970276,0.3113236157150217
129,28800,d,test,0.46671339869499207,0.32074476435006644
129,28800,e,test,0.41530412435531616,0.28151852067283883
129,28800,f,test,0.45361578464508057,0.3296420141472372
129,28800,g,test,0.4054959714412689,0.2696281901334533
129,28800,h,test,0.5221052765846252,0.37653047302623843
129,28800,i,test,0.4757343530654907,0.33730636808350645
129,29700,a,test,0.43530237674713135,0.32510033307095715
129,29700,b,test,0.47563353180885315,0.3323577308668572
129,29700,c,test,0.38528138399124146,0.2912978039336666
129,29700,d,test,0.4751226305961609,0.35143958183918383
129,29700,e,test,0.4166121780872345,0.27971558146807335
129,29700,f,test,0.45069393515586853,0.3265897011065436
129,29700,g,test,0.4088471829891205,0.2723901602153767
129,29700,h,test,0.5347368717193604,0.403162658391107
129,29700,i,test,0.4597701132297516,0.32318728185613216
129,30600,a,test,0.4212377071380615,0.29879781040586273
129,30600,b,test,0.46978557109832764,0.32638545345005204
129,30600,c,test,0.3896103799343109,0.30275476759403
129,30600,d,test,0.45620182156562805,0.3042925741669767
129,30600,e,test,0.4054937958717346,0.2705868649603091
129,30600,f,test,0.45361578464508057,0.32895466739087403
129,30600,g,test,0.4034852683544159,0.27008854783438957
129,30600,h,test,0.5207017660140991,0.3745537987632142
129,30600,i,test,0.47381865978240967,0.3407279261827494
129,31500,a,test,0.4163150489330292,0.3029096041298757
129,31500,b,test,0.4684860408306122,0.3449219504562504
129,31500,c,test,0.39177489280700684,0.311142655589386
129,31500,d,test,0.463910311460495,0.3341629077439086
129,31500,e,test,0.4081098735332489,0.2831906746191491
129,31500,f,test,0.4411979615688324,0.3224726834693427
129,31500,g,test,0.4182305634021759,0.28973803399186476
129,31500,h,test,0.530526340007782,0.3967909970973907
129,31500,i,test,0.4521072804927826,0.31389722943412807
129,32400,a,test,0.42405062913894653,0.3015656692621211
129,32400,b,test,0.4736842215061188,0.335435779668952
129,32400,c,test,0.4062049090862274,0.307267177621781
129,32400,d,test,0.4681149125099182,0.3244593921775016
129,32400,e,test,0.4663178622722626,0.34553077799563586
129,32400,f,test,0.4258582890033722,0.31011603571673646
129,32400,g,test,0.3867292106151581,0.23185735376690977
129,32400,h,test,0.5228070020675659,0.39606915213061694
129,32400,i,test,0.4833971858024597,0.3565709011248442
129,33300,a,test,0.4205344617366791,0.3144490786639331
129,33300,b,test,0.46783626079559326,0.34757417619692327
129,33300,c,test,0.4025973975658417,0.3145215696838076
129,33300,d,test,0.48493343591690063,0.3857420984050079
129,33300,e,test,0.41726619005203247,0.28836911579618396
129,33300,f,test,0.43681520223617554,0.32449298259853243
129,33300,g,test,0.4108579158782959,0.27902083839231034
129,33300,h,test,0.5263158082962036,0.38177436327042624
129,33300,i,test,0.46679437160491943,0.33613308388374596
129,34200,a,test,0.42686358094215393,0.31517537984783933
129,34200,b,test,0.48083171248435974,0.3560883090321742
129,34200,c,test,0.41630592942237854,0.3373868121352099
129,34200,d,test,0.4877365231513977,0.3643613249504544
129,34200,e,test,0.47939831018447876,0.36170798501891194
129,34200,f,test,0.48210373520851135,0.37783207633000476
129,34200,g,test,0.40951743721961975,0.2716695292560732
129,34200,h,test,0.5417543649673462,0.4083487111832824
129,34200,i,test,0.477011501789093,0.337427808628554
129,35100,a,test,0.4345991611480713,0.3106432382451152
129,35100,b,test,0.48148149251937866,0.34150053041457434
129,35100,c,test,0.42424243688583374,0.3349365704130272
129,35100,d,test,0.4968465268611908,0.3635003659660669
129,35100,e,test,0.457161545753479,0.3248371905632507
129,35100,f,test,0.4791818857192993,0.3673126250419823
129,35100,g,test,0.4356568455696106,0.3011004616085832
129,35100,h,test,0.5410526394844055,0.40312173389454103
129,35100,i,test,0.48659002780914307,0.343563070406695
129,36000,a,test,0.4331927001476288,0.3209480032619864
129,36000,b,test,0.47498375177383423,0.34548006031702955
129,36000,c,test,0.41774892807006836,0.3296527239206634
129,36000,d,test,0.4989488422870636,0.3683191010035279
129,36000,e,test,0.46958795189857483,0.3448179996137562
129,36000,f,test,0.46676406264305115,0.3456065193226879
129,36000,g,test,0.4584450423717499,0.3342704569502384
129,36000,h,test,0.5382456183433533,0.40988956129935555
129,36000,i,test,0.4948914349079132,0.35274510536728326
129,36900,a,test,0.4416314959526062,0.33213398116699183
129,36900,b,test,0.48602989315986633,0.34761145064803395
129,36900,c,test,0.4220779240131378,0.3311727256162936
129,36900,d,test,0.48072880506515503,0.3356918642425342
129,36900,e,test,0.4545454680919647,0.3180571897112933
129,36900,f,test,0.46018990874290466,0.32366247542621124
129,36900,g,test,0.4356568455696106,0.30162794387665454
129,36900,h,test,0.5473684072494507,0.41145285867108905
129,36900,i,test,0.49042144417762756,0.3410994349065157
129,37800,a,test,0.4388185739517212,0.3235820629152259
129,37800,b,test,0.48408058285713196,0.3357461934467902
129,37800,c,test,0.4264069199562073,0.33823690170545206
129,37800,d,test,0.49124035239219666,0.35314122588047697
129,37800,e,test,0.46958795189857483,0.34170435719286374
129,37800,f,test,0.46676406264305115,0.33897082882981394
129,37800,g,test,0.4497319161891937,0.329066305719745
129,37800,h,test,0.5459648966789246,0.40746671651101557
129,37800,i,test,0.4872286021709442,0.36520241785619034
129,38700,a,test,0.43108299374580383,0.3087676837874695
129,38700,b,test,0.47498375177383423,0.36239208978974613
129,38700,c,test,0.4213564097881317,0.3288116721637294
129,38700,d,test,0.49334266781806946,0.3701303887919893
129,38700,e,test,0.4722040593624115,0.3449029562205051
129,38700,f,test,0.48867785930633545,0.3797438583354582
129,38700,g,test,0.4631367325782776,0.36660461192801136
129,38700,h,test,0.5473684072494507,0.41810633665823954
129,38700,i,test,0.49169859290122986,0.35187357478202547
129,39600,a,test,0.4402250349521637,0.32457417924871784
129,39600,b,test,0.4879792034626007,0.3504727264511011
129,39600,c,test,0.4271284341812134,0.33162587498784746
129,39600,d,test,0.5080588459968567,0.38847422315185304
129,39600,e,test,0.49836495518684387,0.3727941297878448
129,39600,f,test,0.5040175318717957,0.4039285253357885
129,39600,g,test,0.4611259996891022,0.34222335439168533
129,39600,h,test,0.5501754283905029,0.4183256536583582
129,39600,i,test,0.48275861144065857,0.3475072324516691
129,40500,a,test,0.4388185739517212,0.3242627412575258
129,40500,b,test,0.4743339717388153,0.33800676935063817
129,40500,c,test,0.42496392130851746,0.33881860066603364
129,40500,d,test,0.5003503561019897,0.37929453426357784
129,40500,e,test,0.4977109134197235,0.37411478094039974
129,40500,f,test,0.48867785930633545,0.3709328751553526
129,40500,g,test,0.44638070464134216,0.32061480998744735
129,40500,h,test,0.5494737029075623,0.4120966390670338
129,40500,i,test,0.4948914349079132,0.3500427769095768
129,41400,a,test,0.4360056221485138,0.30854365401792594
129,41400,b,test,0.48927876353263855,0.3428789816428317
129,41400,c,test,0.43217894434928894,0.34301978579708675
129,41400,d,test,0.4793272614479065,0.3338182824509101
129,41400,e,test,0.5147154927253723,0.38371001247872205
129,41400,f,test,0.485025554895401,0.3662828312028772
129,41400,g,test,0.4624664783477783,0.3432442467963203
129,41400,h,test,0.5487719178199768,0.4127178139085222
129,41400,i,test,0.49425286054611206,0.36302479978041086
129,42300,a,test,0.4360056221485138,0.3138376670724948
129,42300,b,test,0.4899285137653351,0.3440948520494927
129,42300,c,test,0.4365079402923584,0.34008834465868115
129,42300,d,test,0.4835318922996521,0.3473085599767605
129,42300,e,test,0.4787442684173584,0.3407804253388617
129,42300,f,test,0.5164353251457214,0.4247753498417288
129,42300,g,test,0.4550938308238983,0.3326284557156562
129,42300,h,test,0.5487719178199768,0.4108606846693698
129,42300,i,test,0.4936143159866333,0.36249907465850034
129,43200,a,test,0.4444444477558136,0.32764377290854746
129,43200,b,test,0.48862898349761963,0.35391668644040286
129,43200,c,test,0.4357864260673523,0.34714150941331473
129,43200,d,test,0.501051127910614,0.38000425191009524
129,43200,e,test,0.5323740839958191,0.399679994611475
129,43200,f,test,0.5208181142807007,0.4176950778442827
129,43200,g,test,0.44436997175216675,0.3194401356718172
129,43200,h,test,0.5480701923370361,0.41329780088752766
129,43200,i,test,0.4757343530654907,0.34412946908828457
129,44100,a,test,0.4528832733631134,0.3297595645806482
129,44100,b,test,0.47563353180885315,0.32969039374374265
129,44100,c,test,0.4365079402923584,0.3370474833882758
129,44100,d,test,0.5066573023796082,0.3846689523010684
129,44100,e,test,0.5238718390464783,0.39502995117109135
129,44100,f,test,0.48867785930633545,0.3780898798546408
129,44100,g,test,0.4530830979347229,0.329906282077933
129,44100,h,test,0.5705263018608093,0.4532603732058753
129,44100,i,test,0.49169859290122986,0.361214584660601
129,45000,a,test,0.44936707615852356,0.3318171058280014
129,45000,b,test,0.48927876353263855,0.36697368357171395
129,45000,c,test,0.43362194299697876,0.35440412744103394
129,45000,d,test,0.5199719667434692,0.4140333610509411
129,45000,e,test,0.5323740839958191,0.4136498265336876
129,45000,f,test,0.5003652572631836,0.3932481027480812
129,45000,g,test,0.4584450423717499,0.33920151816147087
129,45000,h,test,0.557894766330719,0.43347172106296195
129,45000,i,test,0.48914432525634766,0.3534358823848563
129,45900,a,test,0.4627285599708557,0.36408768740254854
129,45900,b,test,0.4912280738353729,0.36779869460693115
129,45900,c,test,0.4379509389400482,0.3606655056461499
129,45900,d,test,0.5045549869537354,0.39163932811609237
129,45900,e,test,0.5349901914596558,0.4009724202262079
129,45900,f,test,0.5032870769500732,0.400166408023446
129,45900,g,test,0.4497319161891937,0.3225360212253396
129,45900,h,test,0.5585964918136597,0.4314467009667331
129,45900,i,test,0.5044699907302856,0.38200826950132777
129,46800,a,test,0.44655415415763855,0.3295772180601913
129,46800,b,test,0.4899285137653351,0.37053766557792184
129,46800,c,test,0.44011545181274414,0.3487597455800173
129,46800,d,test,0.5052557587623596,0.3874941806068369
129,46800,e,test,0.5147154927253723,0.390004884034531
129,46800,f,test,0.5149744153022766,0.4078447520134789
129,46800,g,test,0.4631367325782776,0.3383711063431738
129,46800,h,test,0.5691227912902832,0.44492540461727675
129,46800,i,test,0.49680715799331665,0.3644145941177855
129,47700,a,test,0.4486638605594635,0.33595350547260744
129,47700,b,test,0.4931773841381073,0.36282927127716147
129,47700,c,test,0.4386724531650543,0.35199241130537434
129,47700,d,test,0.5409951210021973,0.4393558676437967
129,47700,e,test,0.5264878869056702,0.3945175216120877
129,47700,f,test,0.4923301637172699,0.3666128530273604
129,47700,g,test,0.47922250628471375,0.3614325787632277
129,47700,h,test,0.5635087490081787,0.4356857895664239
129,47700,i,test,0.507662832736969,0.38412050903672657
129,48600,a,test,0.4472573697566986,0.3231045288473356
129,48600,b,test,0.4931773841381073,0.37002904485439975
129,48600,c,test,0.44877344369888306,0.36827766592024197
129,48600,d,test,0.511562705039978,0.4018649528072336
129,48600,e,test,0.5807717442512512,0.460943458826191
129,48600,f,test,0.5054784417152405,0.39850720919418614
129,48600,g,test,0.47587132453918457,0.35353042420070785
129,48600,h,test,0.5607017278671265,0.43465261109079956
129,48600,i,test,0.5070242881774902,0.36885341264375365
129,49500,a,test,0.45077356696128845,0.32144404789008385
129,49500,b,test,0.4951266944408417,0.34844516384129415
129,49500,c,test,0.44083693623542786,0.3508640657222137
129,49500,d,test,0.494744211435318,0.35961542069455316
129,49500,e,test,0.5330281257629395,0.39262547470890957
129,49500,f,test,0.4864864945411682,0.36729750803935257
129,49500,g,test,0.4832439720630646,0.36244084793326636
129,49500,h,test,0.54666668176651,0.41315114089369526
129,49500,i,test,0.4948914349079132,0.3531829334805649
129,50400,a,test,0.4514767825603485,0.3220729123985771
129,50400,b,test,0.49772578477859497,0.34936525003561
129,50400,c,test,0.4437229335308075,0.3412167664487023
129,50400,d,test,0.49754729866981506,0.3571231972936962
129,50400,e,test,0.5179855823516846,0.36262169266487293
129,50400,f,test,0.4857560396194458,0.35603696203631857
129,50400,g,test,0.4698391556739807,0.3353770691766345
129,50400,h,test,0.5522807240486145,0.4195297556531814
129,50400,i,test,0.49680715799331665,0.36584262774623716
129,51300,a,test,0.4542897343635559,0.32781834642902324
129,51300,b,test,0.4964262545108795,0.35207757257407435
129,51300,c,test,0.4444444477558136,0.3571948708941004
129,51300,d,test,0.5073580741882324,0.3797451302242704
129,51300,e,test,0.5454545617103577,0.4126791106292456
129,51300,f,test,0.49525201320648193,0.38577010309928744
129,51300,g,test,0.4698391556739807,0.34211287863175643
129,51300,h,test,0.5585964918136597,0.4334705980479769
129,51300,i,test,0.5038314461708069,0.37095523780250744
129,52200,a,test,0.4528832733631134,0.32808462279283007
129,52200,b,test,0.49187785387039185,0.3595822113593601
129,52200,c,test,0.4458874464035034,0.36267070595422224
129,52200,d,test,0.5129642486572266,0.39456392361981235
129,52200,e,test,0.5310660600662231,0.4020798469350058
129,52200,f,test,0.5193572044372559,0.4350385900260813
129,52200,g,test,0.47922250628471375,0.3555815794008359
129,52200,h,test,0.5670175552368164,0.44640466241599297
129,52200,i,test,0.515325665473938,0.3870512002456217
129,53100,a,test,0.450070321559906,0.3249200151250729
129,53100,b,test,0.4925276041030884,0.35376939911625754
129,53100,c,test,0.44877344369888306,0.35940901894791977
129,53100,d,test,0.5045549869537354,0.3745870884708374
129,53100,e,test,0.5598430633544922,0.435799064315366
129,53100,f,test,0.5164353251457214,0.41779770711074066
129,53100,g,test,0.48659518361091614,0.37476909629509353
129,53100,h,test,0.582456111907959,0.47473436608611025
129,53100,i,test,0.5140485167503357,0.3948017079543192
129,54000,a,test,0.4718706011772156,0.3768242659197922
129,54000,b,test,0.4873294234275818,0.3418318935419682
129,54000,c,test,0.44877344369888306,0.36833471360556674
129,54000,d,test,0.5178696513175964,0.4097841598601996
129,54000,e,test,0.5676913261413574,0.4377176107170837
129,54000,f,test,0.5558801889419556,0.4788822091621028
129,54000,g,test,0.4832439720630646,0.36458313164832834
129,54000,h,test,0.5831578969955444,0.47689371457579194
129,54000,i,test,0.5197956562042236,0.39647459280968783
129,54900,a,test,0.46343177556991577,0.346425963073323
129,54900,b,test,0.4951266944408417,0.3673779614627059
129,54900,c,test,0.47186148166656494,0.40267571416312276
129,54900,d,test,0.560616672039032,0.47095067980568484
129,54900,e,test,0.5801177024841309,0.4624443711007323
129,54900,f,test,0.5536888241767883,0.4876265350550178
129,54900,g,test,0.4899463951587677,0.3712700738080417
129,54900,h,test,0.5859649181365967,0.4719480297935161
129,54900,i,test,0.5108556747436523,0.3844737618164879
129,55800,a,test,0.4676511883735657,0.3524895329043575
129,55800,b,test,0.4964262545108795,0.3750149259714692
129,55800,c,test,0.4595959484577179,0.37218850319742286
129,55800,d,test,0.5003503561019897,0.3756049219724811
129,55800,e,test,0.5866579413414001,0.46824416477358977
129,55800,f,test,0.5208181142807007,0.41982992416165743
129,55800,g,test,0.48525470495224,0.36397163265406224
129,55800,h,test,0.5929824709892273,0.4856653249894285
129,55800,i,test,0.5044699907302856,0.3720193096071997
129,56700,a,test,0.4697608947753906,0.36230097666452116
129,56700,b,test,0.4912280738353729,0.35971473613243593
129,56700,c,test,0.4545454680919647,0.37448994214965525
129,56700,d,test,0.5199719667434692,0.3943455082530771
129,56700,e,test,0.5722694396972656,0.4455633631258025
129,56700,f,test,0.5551497340202332,0.47917861152516145
129,56700,g,test,0.4745308458805084,0.3435002406964822
129,56700,h,test,0.582456111907959,0.466607146604414
129,56700,i,test,0.5363984704017639,0.41665168850490325
129,57600,a,test,0.46343177556991577,0.33943544484726634
129,57600,b,test,0.5217673778533936,0.4172321031787965
129,57600,c,test,0.4531024396419525,0.3765303017182484
129,57600,d,test,0.5206727385520935,0.38638684864645895
129,57600,e,test,0.5755395889282227,0.45594132943051235
129,57600,f,test,0.5427319407463074,0.4646781324468101
129,57600,g,test,0.4845844507217407,0.3559262220118022
129,57600,h,test,0.5712280869483948,0.44694181267835636
129,57600,i,test,0.5236271023750305,0.4119555712949405
129,58500,a,test,0.4599156081676483,0.33134120959915975
129,58500,b,test,0.5016244053840637,0.36773845224556795
129,58500,c,test,0.45526695251464844,0.3637471147434303
129,58500,d,test,0.5241765975952148,0.39441799294755914
129,58500,e,test,0.5755395889282227,0.4581346470423607
129,58500,f,test,0.5617238879203796,0.5028231436910476
129,58500,g,test,0.4805630147457123,0.36068732297856393
129,58500,h,test,0.5614035129547119,0.43169155679417487
129,58500,i,test,0.517241358757019,0.40417932153182456
129,59400,a,test,0.4760900139808655,0.3714069473929469
129,59400,b,test,0.490578293800354,0.3518317777698921
129,59400,c,test,0.45526695251464844,0.3724272628361218
129,59400,d,test,0.5444989204406738,0.43077780331558596
129,59400,e,test,0.5945062041282654,0.4804930725727494
129,59400,f,test,0.6121256351470947,0.5753853058482993
129,59400,g,test,0.4845844507217407,0.360641713998157
129,59400,h,test,0.5873684287071228,0.47929214060864855
129,59400,i,test,0.530651330947876,0.4080426377358606
129,60300,a,test,0.46483826637268066,0.3445133202323105
129,60300,b,test,0.4938271641731262,0.365565971583776
129,60300,c,test,0.4783549904823303,0.4150510408998551
129,60300,d,test,0.5648213028907776,0.4576586753239955
129,60300,e,test,0.5833878517150879,0.46715034065120054
129,60300,f,test,0.5880204439163208,0.5382755412782871
129,60300,g,test,0.49932974576950073,0.39276957047618327
129,60300,h,test,0.5775438547134399,0.45762243462361246
129,60300,i,test,0.5900382995605469,0.512496024597075
129,61200,a,test,0.4810126721858978,0.3717861765469514
129,61200,b,test,0.5042235255241394,0.3909857342244359
129,61200,c,test,0.45670995116233826,0.3760065435715659
129,61200,d,test,0.5648213028907776,0.4576541957973405
129,61200,e,test,0.5722694396972656,0.45652861037456466
129,61200,f,test,0.5807158350944519,0.5326862554977757
129,61200,g,test,0.5053619146347046,0.3881503890049156
129,61200,h,test,0.5866666436195374,0.4924758330274202
129,61200,i,test,0.5197956562042236,0.402519704012791
129,62100,a,test,0.472573846578598,0.35476050047506313
129,62100,b,test,0.5061728358268738,0.3946103493566176
129,62100,c,test,0.4675324559211731,0.3972076853537628
129,62100,d,test,0.5893482565879822,0.5028997255306135
129,62100,e,test,0.5860038995742798,0.46896934994606493
129,62100,f,test,0.5704894065856934,0.5034117283160587
129,62100,g,test,0.49128687381744385,0.37015065902270167
129,62100,h,test,0.5845614075660706,0.4869066799619656
129,62100,i,test,0.5593869686126709,0.46245850780820014
129,63000,a,test,0.49929675459861755,0.4058993995716817
129,63000,b,test,0.5003249049186707,0.37928561651703846
129,63000,c,test,0.4682539701461792,0.3947934070504033
129,63000,d,test,0.5767344236373901,0.4795375275473064
129,63000,e,test,0.5905820727348328,0.478849257936512
129,63000,f,test,0.6099342703819275,0.5659135534874855
129,63000,g,test,0.5040214657783508,0.38927443302261094
129,63000,h,test,0.5866666436195374,0.4759676035826399
129,63000,i,test,0.5472541451454163,0.44149812342579
129,63900,a,test,0.47538676857948303,0.35899541753588293
129,63900,b,test,0.49187785387039185,0.36397185491616385
129,63900,c,test,0.4624819755554199,0.3799374939544782
129,63900,d,test,0.5676243901252747,0.46010090724825026
129,63900,e,test,0.6095487475395203,0.5048122556274618
129,63900,f,test,0.5924032330513,0.5393816153086854
129,63900,g,test,0.4979892671108246,0.3644173536682665
129,63900,h,test,0.5838596224784851,0.47693809451133834
129,63900,i,test,0.5581098198890686,0.4662232992926552
129,64800,a,test,0.47046414017677307,0.35039766238870923
129,64800,b,test,0.5016244053840637,0.37251839436455625
129,64800,c,test,0.4740259647369385,0.3986580206455636
129,64800,d,test,0.5459004640579224,0.43986136396142733
129,64800,e,test,0.5886200070381165,0.47607231575309533
129,64800,f,test,0.5558801889419556,0.4833810874611047
129,64800,g,test,0.494638055562973,0.37258144548093486
129,64800,h,test,0.5796491503715515,0.4706389516363491
129,64800,i,test,0.5504469871520996,0.45197598357560814
129,65700,a,test,0.4676511883735657,0.3495750114263616
129,65700,b,test,0.5009746551513672,0.38083430799641177
129,65700,c,test,0.46320345997810364,0.38126900023124005
129,65700,d,test,0.552908182144165,0.44719707272040216
129,65700,e,test,0.5657292604446411,0.4457018390144054
129,65700,f,test,0.5040175318717957,0.3936380993515142
129,65700,g,test,0.49128687381744385,0.36184621862507904
129,65700,h,test,0.601403534412384,0.5122818470164421
129,65700,i,test,0.5440613031387329,0.4259653008516888
129,66600,a,test,0.4789029657840729,0.37117740434039653
129,66600,b,test,0.4938271641731262,0.36467657136683534
129,66600,c,test,0.4588744640350342,0.39540736231549745
129,66600,d,test,0.5683251619338989,0.46063262997384474
129,66600,e,test,0.5781556367874146,0.4607158553199539
129,66600,f,test,0.5149744153022766,0.4049499558604073
129,66600,g,test,0.5046916604042053,0.3840221480682537
129,66600,h,test,0.5866666436195374,0.48317388766790925
129,66600,i,test,0.5446998476982117,0.4437843760874874
129,67500,a,test,0.502109706401825,0.4155068756121272
129,67500,b,test,0.5100714564323425,0.3958126555165416
129,67500,c,test,0.46464645862579346,0.40874147637619346
129,67500,d,test,0.5599159002304077,0.45755387237425166
129,67500,e,test,0.6043165326118469,0.49169217450812036
129,67500,f,test,0.5317749977111816,0.4392183094530889
129,67500,g,test,0.5067024230957031,0.4121023783556043
129,67500,h,test,0.5929824709892273,0.49349003187341167
129,67500,i,test,0.5542784333229065,0.45854651904609245
129,68400,a,test,0.4957805871963501,0.40300298775596105
129,68400,b,test,0.5250162482261658,0.4206971846276111
129,68400,c,test,0.47330448031425476,0.4061177151122876
129,68400,d,test,0.5627189874649048,0.4541268209466787
129,68400,e,test,0.601700484752655,0.4922685839043111
129,68400,f,test,0.5953250527381897,0.5445882869778005
129,68400,g,test,0.5355227589607239,0.4486998491731246
129,68400,h,test,0.6021052598953247,0.5187407169877661
129,68400,i,test,0.5638569593429565,0.46828843148799554
129,69300,a,test,0.48241913318634033,0.37918083402939357
129,69300,b,test,0.5172189474105835,0.4106929085689037
129,69300,c,test,0.4704184830188751,0.4010964021562966
129,69300,d,test,0.5592151284217834,0.4492135147236323
129,69300,e,test,0.5945062041282654,0.485013235739999
129,69300,f,test,0.5719503164291382,0.5089717215505093
129,69300,g,test,0.5040214657783508,0.3824077192513316
129,69300,h,test,0.6042105555534363,0.5152255455266627
129,69300,i,test,0.6066411137580872,0.5677805761408924
129,70200,a,test,0.48523205518722534,0.38234147177342986
129,70200,b,test,0.5120207667350769,0.398073378776782
129,70200,c,test,0.4754689633846283,0.42467820716404464
129,70200,d,test,0.5627189874649048,0.46853341736018916
129,70200,e,test,0.5814257860183716,0.47413127632165647
129,70200,f,test,0.6617969274520874,0.6398689178568141
129,70200,g,test,0.5154155492782593,0.3965826622255639
129,70200,h,test,0.6084210276603699,0.516105103118384
129,70200,i,test,0.5810983180999756,0.48459852305930834
129,71100,a,test,0.48382559418678284,0.3829088643986143
129,71100,b,test,0.502274215221405,0.3900755406924549
129,71100,c,test,0.5014430284500122,0.4537404040007762
129,71100,d,test,0.5802382826805115,0.4883855980173675
129,71100,e,test,0.593852162361145,0.48716502614615553
129,71100,f,test,0.6018992066383362,0.5493644926677677
129,71100,g,test,0.5201072096824646,0.4093668470449677
129,71100,h,test,0.6070175170898438,0.5174250856346461
129,71100,i,test,0.5670498013496399,0.4871255826221907
129,72000,a,test,0.5196905732154846,0.4428765497157099
129,72000,b,test,0.5159194469451904,0.4192760985270782
129,72000,c,test,0.47113996744155884,0.4101548588703663
129,72000,d,test,0.519271194934845,0.39855522946355576
129,72000,e,test,0.6134728789329529,0.5095810323513061
129,72000,f,test,0.5763331055641174,0.5151484248435927
129,72000,g,test,0.5053619146347046,0.3818033294550413
129,72000,h,test,0.6280701756477356,0.5564516041174092
129,72000,i,test,0.5549169778823853,0.45215413170005125
129,72900,a,test,0.46905767917633057,0.3506980141041475
129,72900,b,test,0.4983755648136139,0.3813218384766475
129,72900,c,test,0.4834054708480835,0.43191308682430035
129,72900,d,test,0.594253659248352,0.519124874626279
129,72900,e,test,0.6003924012184143,0.4969587993247799
129,72900,f,test,0.6216216087341309,0.5814931057802364
129,72900,g,test,0.527479887008667,0.43568425420768864
129,72900,h,test,0.5929824709892273,0.4909583021913504
129,72900,i,test,0.6379310488700867,0.5828939633149866
129,73800,a,test,0.4971870481967926,0.4055837254537378
129,73800,b,test,0.5315139889717102,0.42876883781642744
129,73800,c,test,0.5101010203361511,0.45573490851756665
129,73800,d,test,0.5809390544891357,0.4937563404720586
129,73800,e,test,0.5990843772888184,0.5014529182679077
129,73800,f,test,0.6508400440216064,0.6258789839074654
129,73800,g,test,0.5140750408172607,0.3909787591537965
129,73800,h,test,0.5985965132713318,0.5185680196362793
129,73800,i,test,0.5491698384284973,0.44368506641010813
129,74700,a,test,0.5042194128036499,0.41707008986567656
129,74700,b,test,0.5380116701126099,0.44980957101311053
129,74700,c,test,0.4862914979457855,0.4256891751631582
129,74700,d,test,0.5893482565879822,0.5097782342971949
129,74700,e,test,0.6121647953987122,0.5325991190936338
129,74700,f,test,0.6428049802780151,0.6191179056551237
129,74700,g,test,0.5187667608261108,0.39990503363485463
129,74700,h,test,0.6203508973121643,0.5508805905184593
129,74700,i,test,0.6123882532119751,0.5480281181440283
129,75600,a,test,0.5007032155990601,0.41075349646086184
129,75600,b,test,0.5185185074806213,0.41339604260626883
129,75600,c,test,0.47907647490501404,0.4054144691475486
129,75600,d,test,0.5304835438728333,0.4143359122742294
129,75600,e,test,0.601700484752655,0.49910030586637283
129,75600,f,test,0.5960555076599121,0.5517830159967575
129,75600,g,test,0.5234584212303162,0.4173650996642426
129,75600,h,test,0.5950877070426941,0.5010570430075045
129,75600,i,test,0.6117497086524963,0.5764878030396724
129,76500,a,test,0.4817158877849579,0.3718593436377511
129,76500,b,test,0.5321637392044067,0.44634919030836123
129,76500,c,test,0.4769119620323181,0.4099261545600261
129,76500,d,test,0.5998598337173462,0.5203955206318507
129,76500,e,test,0.6474820375442505,0.5831736399556406
129,76500,f,test,0.5953250527381897,0.54991369205739
129,76500,g,test,0.5154155492782593,0.41118403438596357
129,76500,h,test,0.6091228127479553,0.5329227493684853
129,76500,i,test,0.595146894454956,0.5317081471159412
129,77400,a,test,0.5077356100082397,0.4174271813983457
129,77400,b,test,0.5425601005554199,0.471649563526192
129,77400,c,test,0.4834054708480835,0.42948266493089643
129,77400,d,test,0.5886474847793579,0.5033447288885976
129,77400,e,test,0.6396337747573853,0.5720650409728013
129,77400,f,test,0.6683710813522339,0.6496313345267027
129,77400,g,test,0.5167560577392578,0.4055994628060759
129,77400,h,test,0.6056140065193176,0.52703787638549
129,77400,i,test,0.5830140709877014,0.5119813335712269
129,78300,a,test,0.5007032155990601,0.40605519939903884
129,78300,b,test,0.5328134894371033,0.4366077782073436
129,78300,c,test,0.5072150230407715,0.46211754614665695
129,78300,d,test,0.5949544310569763,0.5170610532711603
129,78300,e,test,0.6304774284362793,0.5479062521364652
129,78300,f,test,0.6676406264305115,0.6475814899215538
129,78300,g,test,0.5087131261825562,0.3881539104632188
129,78300,h,test,0.6392982602119446,0.5837921628767274
129,78300,i,test,0.5932311415672302,0.512630752784952
129,79200,a,test,0.4985935389995575,0.4005545558118004
129,79200,b,test,0.539961040019989,0.45823853058419123
129,79200,c,test,0.490620493888855,0.4411885038445554
129,79200,d,test,0.5935528874397278,0.5244128626733806
129,79200,e,test,0.6461739540100098,0.5817055858183877
129,79200,f,test,0.6953980922698975,0.6813648499469589
129,79200,g,test,0.5301608443260193,0.425597109591056
129,79200,h,test,0.6442105174064636,0.5831043317445522
129,79200,i,test,0.5945082902908325,0.5094520617995862
129,80100,a,test,0.5077356100082397,0.42725967117696717
129,80100,b,test,0.5620532631874084,0.4854987143917247
129,80100,c,test,0.49567100405693054,0.4403613608331544
129,80100,d,test,0.6194814443588257,0.5593240561372338
129,80100,e,test,0.657292366027832,0.6016226518144218
129,80100,f,test,0.6727538108825684,0.6574767038395061
129,80100,g,test,0.5241286754608154,0.4085004441353524
129,80100,h,test,0.653333306312561,0.6017308176403666
129,80100,i,test,0.6436781883239746,0.5880261339121484
129,81000,a,test,0.5154711604118347,0.4389766629438545
129,81000,b,test,0.5620532631874084,0.49290138985954296
129,81000,c,test,0.49711400270462036,0.44503637978501503
129,81000,d,test,0.6040644645690918,0.5347690219924102
129,81000,e,test,0.6422498226165771,0.5786196025152398
129,81000,f,test,0.7012417912483215,0.6870501477993315
129,81000,g,test,0.5180965065956116,0.400644380854099
129,81000,h,test,0.6470175385475159,0.5888274727443549
129,81000,i,test,0.6226053833961487,0.5571880740531044
129,81900,a,test,0.502109706401825,0.419795982299914
129,81900,b,test,0.5510071516036987,0.47391932376713247
129,81900,c,test,0.5101010203361511,0.46542695706152437
129,81900,d,test,0.591450572013855,0.5202878537834926
129,81900,e,test,0.6533682346343994,0.5935014198752573
129,81900,f,test,0.6661797165870667,0.6434739996137229
129,81900,g,test,0.5609919428825378,0.48225659656002856
129,81900,h,test,0.648421049118042,0.5958131422200325
129,81900,i,test,0.689016580581665,0.6687713714334985
129,82800,a,test,0.5042194128036499,0.43283338676706573
129,82800,b,test,0.5705003142356873,0.5057642716142808
129,82800,c,test,0.4935064911842346,0.4393420643953397
129,82800,d,test,0.5977575182914734,0.5187641098037067
129,82800,e,test,0.633093535900116,0.5511491949908937
129,82800,f,test,0.6983199119567871,0.6844820402090047
129,82800,g,test,0.527479887008667,0.43196152539306204
129,82800,h,test,0.6603508591651917,0.6125381625185219
129,82800,i,test,0.6366539001464844,0.5882140509926003
129,83700,a,test,0.4971870481967926,0.41330368447939797
129,83700,b,test,0.5633528232574463,0.4965281144259012
129,83700,c,test,0.5014430284500122,0.45081248579332817
129,83700,d,test,0.62018221616745,0.5690101845430554
129,83700,e,test,0.6363636255264282,0.5614632229647115
129,83700,f,test,0.6632578372955322,0.6379820731978924
129,83700,g,test,0.5375335216522217,0.4424335820608461
129,83700,h,test,0.6392982602119446,0.5792912355499749
129,83700,i,test,0.6353767514228821,0.5835541519552755
129,84600,a,test,0.5372714400291443,0.46515504444519046
129,84600,b,test,0.5263158082962036,0.43121063253522335
129,84600,c,test,0.4978354871273041,0.4453234778664472
129,84600,d,test,0.6384022235870361,0.5923798526072876
129,84600,e,test,0.6533682346343994,0.5861996871445653
129,84600,f,test,0.6449963450431824,0.6152235321406673
129,84600,g,test,0.5368632674217224,0.4457102513061204
129,84600,h,test,0.6582456231117249,0.609450069939367
129,84600,i,test,0.6277139186859131,0.5705163795053362
129,85500,a,test,0.5140646696090698,0.4384968366351775
129,85500,b,test,0.5666016936302185,0.5005659537607673
129,85500,c,test,0.4992784857749939,0.44055111937722463
129,85500,d,test,0.6377014517784119,0.5938852569893122
129,85500,e,test,0.6311314702033997,0.5650776958552659
129,85500,f,test,0.7041636109352112,0.695769778671783
129,85500,g,test,0.5308310985565186,0.4281181251936271
129,85500,h,test,0.6701754331588745,0.6185068491587643
129,85500,i,test,0.6455938816070557,0.5871264737800684
129,86400,a,test,0.5084388256072998,0.43000348331225763
129,86400,b,test,0.5828459858894348,0.5213451567650279
129,86400,c,test,0.5173160433769226,0.4729590819817488
129,86400,d,test,0.6503153443336487,0.6145070762362833
129,86400,e,test,0.6821451783180237,0.6389875097435945
129,86400,f,test,0.6588751077651978,0.626749084158448
129,86400,g,test,0.5569705367088318,0.47554026126830623
129,86400,h,test,0.6505263447761536,0.5979342703468716
129,86400,i,test,0.6832695007324219,0.6371423722058225
56,0,a,test,0.09774965047836304,0.053346896296431155
56,0,b,test,0.12150747328996658,0.059962384005152074
56,0,c,test,0.13708513975143433,0.07705289307911782
56,0,d,test,0.04064470902085304,0.0192015732546706
56,0,e,test,0.037933290004730225,0.019407042288527927
56,0,f,test,0.08984660357236862,0.04302967452590253
56,0,g,test,0.0790884718298912,0.04040858930210169
56,0,h,test,0.0589473694562912,0.024629728410080463
56,0,i,test,0.04406130313873291,0.022836246386641182
56,900,a,test,0.14345991611480713,0.07181415335034241
56,900,b,test,0.12930473685264587,0.05627014535060512
56,900,c,test,0.16305916011333466,0.09289332067109846
56,900,d,test,0.07358093559741974,0.030235535074244754
56,900,e,test,0.0791366919875145,0.03149096684534445
56,900,f,test,0.12125638872385025,0.06073388709028784
56,900,g,test,0.08847185224294662,0.040869416525655754
56,900,h,test,0.10245613753795624,0.03551063439677301
56,900,i,test,0.06385695934295654,0.027153897794665233
56,1800,a,test,0.24824191629886627,0.12921817295427376
56,1800,b,test,0.21052631735801697,0.1026429464485234
56,1800,c,test,0.22655121982097626,0.12800689294876294
56,1800,d,test,0.1639803797006607,0.059806108380073775
56,1800,e,test,0.18639633059501648,0.07950311296286404
56,1800,f,test,0.17384952306747437,0.08476232344080253
56,1800,g,test,0.1809651404619217,0.06265711469194389
56,1800,h,test,0.19578947126865387,0.06118793740943578
56,1800,i,test,0.17496807873249054,0.06302429038012301
56,2700,a,test,0.2679324746131897,0.14199820177418407
56,2700,b,test,0.2605588138103485,0.12771342630571506
56,2700,c,test,0.24025973677635193,0.13084794619777482
56,2700,d,test,0.1906096637248993,0.06909369576673592
56,2700,e,test,0.2243296205997467,0.1119860153543427
56,2700,f,test,0.2059897780418396,0.1024336840778779
56,2700,g,test,0.1957104504108429,0.08631859848748152
56,2700,h,test,0.22175438702106476,0.0942563728582701
56,2700,i,test,0.19604086875915527,0.08910395402541998
56,3600,a,test,0.28270041942596436,0.15992031572689322
56,3600,b,test,0.3066926598548889,0.15717298546529632
56,3600,c,test,0.25108224153518677,0.12947110387089525
56,3600,d,test,0.3545900583267212,0.2153960351483133
56,3600,e,test,0.24264225363731384,0.12383504008891007
56,3600,f,test,0.2578524351119995,0.14573170692425338
56,3600,g,test,0.3317694365978241,0.2144130537908103
56,3600,h,test,0.22175438702106476,0.09780303712724092
56,3600,i,test,0.25542783737182617,0.160313241690573
56,4500,a,test,0.3874824047088623,0.25237792794535513
56,4500,b,test,0.30799219012260437,0.16540615883624693
56,4500,c,test,0.29653680324554443,0.19014681848265055
56,4500,d,test,0.3714085519313812,0.22318843285482004
56,4500,e,test,0.2890778183937073,0.15306326367477446
56,4500,f,test,0.3462381362915039,0.22580178694477585
56,4500,g,test,0.36729222536087036,0.22887341888647592
56,4500,h,test,0.3164912164211273,0.19949255248258568
56,4500,i,test,0.36206895112991333,0.21409185662799535
56,5400,a,test,0.3931083083152771,0.2584004295096966
56,5400,b,test,0.34567901492118835,0.22043276213418758
56,5400,c,test,0.3578643500804901,0.23790846804295876
56,5400,d,test,0.37771549820899963,0.20356835734273426
56,5400,e,test,0.35971224308013916,0.1893312697498154
56,5400,f,test,0.35646456480026245,0.2283214149894708
56,5400,g,test,0.38002681732177734,0.22213014206036916
56,5400,h,test,0.34526315331459045,0.2239986702844513
56,5400,i,test,0.3748403489589691,0.21569656001954507
56,6300,a,test,0.3959212303161621,0.260639470216879
56,6300,b,test,0.33788174390792847,0.19861949628976194
56,6300,c,test,0.35930734872817993,0.2389966558492849
56,6300,d,test,0.3833216428756714,0.19283289679460144
56,6300,e,test,0.36886852979660034,0.19821249436424696
56,6300,f,test,0.34331628680229187,0.2101180956914784
56,6300,g,test,0.37265416979789734,0.20525082050248708
56,6300,h,test,0.35228070616722107,0.1904874447718394
56,6300,i,test,0.3735632300376892,0.20370598162367826
56,7200,a,test,0.3846694827079773,0.24865552641101848
56,7200,b,test,0.3391812741756439,0.1965498118439295
56,7200,c,test,0.36002886295318604,0.23999417553218258
56,7200,d,test,0.3826208710670471,0.19276406484980116
56,7200,e,test,0.36232832074165344,0.18092129769720489
56,7200,f,test,0.32797661423683167,0.18632811900927845
56,7200,g,test,0.36796247959136963,0.19506167645271946
56,7200,h,test,0.35087719559669495,0.19248558319287445
56,7200,i,test,0.3639846742153168,0.18669503819417785
56,8100,a,test,0.38537272810935974,0.24836686495044122
56,8100,b,test,0.3359324336051941,0.1912705734085963
56,8100,c,test,0.36002886295318604,0.2384599902423713
56,8100,d,test,0.38612473011016846,0.20133588276129363
56,8100,e,test,0.3636363744735718,0.1840375077752124
56,8100,f,test,0.31994155049324036,0.17175919185388455
56,8100,g,test,0.36729222536087036,0.1931645018528819
56,8100,h,test,0.351578950881958,0.18882882114252827
56,8100,i,test,0.36909323930740356,0.19650429746941425
56,9000,a,test,0.38677918910980225,0.25056315935407836
56,9000,b,test,0.34307992458343506,0.20151692054894674
56,9000,c,test,0.3564213514328003,0.23683466335941117
56,9000,d,test,0.3805185556411743,0.19204739596264972
56,9000,e,test,0.36429038643836975,0.1872702296946133
56,9000,f,test,0.3177501857280731,0.1723362637053041
56,9000,g,test,0.37801608443260193,0.20999413616371912
56,9000,h,test,0.35228070616722107,0.19265946262871061
56,9000,i,test,0.3799489140510559,0.2187804997717798
56,9900,a,test,0.37693390250205994,0.24006035636504697
56,9900,b,test,0.33138400316238403,0.18519870037180608
56,9900,c,test,0.3484848439693451,0.22382513669558868
56,9900,d,test,0.3826208710670471,0.18797005213665507
56,9900,e,test,0.36429038643836975,0.18515268576986632
56,9900,f,test,0.3301680088043213,0.1964507757954991
56,9900,g,test,0.3686327040195465,0.19145521289495426
56,9900,h,test,0.3550877273082733,0.18864597861459786
56,9900,i,test,0.36909323930740356,0.19514813269100897
56,10800,a,test,0.3790436089038849,0.2435249529599415
56,10800,b,test,0.33203378319740295,0.18755098535076123
56,10800,c,test,0.3470418453216553,0.22037916941844804
56,10800,d,test,0.38192009925842285,0.187797128323424
56,10800,e,test,0.3649443984031677,0.1848628865709653
56,10800,f,test,0.3089846670627594,0.16309349654088062
56,10800,g,test,0.36796247959136963,0.190911762837401
56,10800,h,test,0.3550877273082733,0.18796951727223873
56,10800,i,test,0.366538941860199,0.19070118901972669
56,11700,a,test,0.37974682450294495,0.23889841694015126
56,11700,b,test,0.33983105421066284,0.19475760550703533
56,11700,c,test,0.341269850730896,0.21065546334019578
56,11700,d,test,0.3805185556411743,0.1880670767598024
56,11700,e,test,0.36429038643836975,0.18665517814150503
56,11700,f,test,0.31263697147369385,0.16477735646818648
56,11700,g,test,0.3693029582500458,0.19414775450948726
56,11700,h,test,0.3592982590198517,0.19411583863301593
56,11700,i,test,0.366538941860199,0.19147902159598718
56,12600,a,test,0.36990153789520264,0.22647281271873873
56,12600,b,test,0.32943469285964966,0.18096604467579935
56,12600,c,test,0.3419913351535797,0.21091249434943404
56,12600,d,test,0.3805185556411743,0.1874236008660165
56,12600,e,test,0.3636363744735718,0.18547658602708228
56,12600,f,test,0.31409788131713867,0.16775279665484336
56,12600,g,test,0.36997318267822266,0.19582187050539357
56,12600,h,test,0.3571929931640625,0.19283231265503845
56,12600,i,test,0.3697318136692047,0.2001205719332814
56,13500,a,test,0.3677918314933777,0.21664183163710796
56,13500,b,test,0.3300844728946686,0.1828365933496078
56,13500,c,test,0.3398268520832062,0.20527175567268532
56,13500,d,test,0.38192009925842285,0.18923216885534097
56,13500,e,test,0.3655984401702881,0.18758805333608483
56,13500,f,test,0.3162892758846283,0.16668796673071531
56,13500,g,test,0.3739946484565735,0.20042838494001206
56,13500,h,test,0.35649123787879944,0.18739662948087057
56,13500,i,test,0.36781609058380127,0.19319203657438952
56,14400,a,test,0.3720112442970276,0.22194318867203097
56,14400,b,test,0.3365821838378906,0.18987411090435388
56,14400,c,test,0.3427128493785858,0.21125019687623736
56,14400,d,test,0.3833216428756714,0.19258965126512673
56,14400,e,test,0.3655984401702881,0.18757059468858658
56,14400,f,test,0.3162892758846283,0.16921035794119355
56,14400,g,test,0.37198391556739807,0.19595530152427507
56,14400,h,test,0.3571929931640625,0.1934798862389254
56,14400,i,test,0.37292465567588806,0.2030142789796899
56,15300,a,test,0.3691983222961426,0.21844749628597057
56,15300,b,test,0.3333333432674408,0.1869236113713358
56,15300,c,test,0.34632036089897156,0.2154884256241583
56,15300,d,test,0.3833216428756714,0.19241818557891555
56,15300,e,test,0.36886852979660034,0.19408638661273078
56,15300,f,test,0.32213294506073,0.17669134415727028
56,15300,g,test,0.3760053515434265,0.20226865993888588
56,15300,h,test,0.35789474844932556,0.19401200960569856
56,15300,i,test,0.37292465567588806,0.20110782267373387
56,16200,a,test,0.36849507689476013,0.2168070226808966
56,16200,b,test,0.3365821838378906,0.1927349045680881
56,16200,c,test,0.3492063581943512,0.21519933185938536
56,16200,d,test,0.3826208710670471,0.191631297981646
56,16200,e,test,0.372138649225235,0.20027086340735464
56,16200,f,test,0.36376917362213135,0.2505686923977345
56,16200,g,test,0.37265416979789734,0.19432965926011467
56,16200,h,test,0.36210525035858154,0.20100587703435804
56,16200,i,test,0.37292465567588806,0.2023830105549014
56,17100,a,test,0.3677918314933777,0.21299907946428157
56,17100,b,test,0.3443794548511505,0.20447667006481676
56,17100,c,test,0.3470418453216553,0.2121349640664454
56,17100,d,test,0.3868255019187927,0.2009225623760114
56,17100,e,test,0.3734467029571533,0.20319385089738598
56,17100,f,test,0.33528122305870056,0.20010317218696191
56,17100,g,test,0.38002681732177734,0.20729058730475358
56,17100,h,test,0.3607017397880554,0.1996483446544919
56,17100,i,test,0.3735632300376892,0.20276187436873963
56,18000,a,test,0.3706047832965851,0.22647221792917271
56,18000,b,test,0.34762832522392273,0.2099608980135155
56,18000,c,test,0.3405483365058899,0.2241239851483082
56,18000,d,test,0.3847231864929199,0.1932554213573481
56,18000,e,test,0.36886852979660034,0.19459657097757763
56,18000,f,test,0.32578524947166443,0.17924710665666888
56,18000,g,test,0.37466487288475037,0.1956554360181718
56,18000,h,test,0.36210525035858154,0.19917273102206148
56,18000,i,test,0.37420177459716797,0.20572011098359075
56,18900,a,test,0.3677918314933777,0.21645036126756556
56,18900,b,test,0.3638726472854614,0.22617543880077198
56,18900,c,test,0.35137084126472473,0.21575311253400917
56,18900,d,test,0.4029432237148285,0.24467258188390187
56,18900,e,test,0.372138649225235,0.2006435691411916
56,18900,f,test,0.3301680088043213,0.18637373299904006
56,18900,g,test,0.37734583020210266,0.1996938051526743
56,18900,h,test,0.3663157820701599,0.2040600347546788
56,18900,i,test,0.3773946464061737,0.20987251087161876
56,19800,a,test,0.3706047832965851,0.22000685958433977
56,19800,b,test,0.35412606596946716,0.2092748237842158
56,19800,c,test,0.3470418453216553,0.20852373706621644
56,19800,d,test,0.39103013277053833,0.2110773468796524
56,19800,e,test,0.3695225715637207,0.19604778831524652
56,19800,f,test,0.34989044070243835,0.22569754098332506
56,19800,g,test,0.3840482532978058,0.21325640167679605
56,19800,h,test,0.3628070056438446,0.19817285753402344
56,19800,i,test,0.3850574791431427,0.22367311507936508
56,20700,a,test,0.3720112442970276,0.22281751690947063
56,20700,b,test,0.35152697563171387,0.21052924640916784
56,20700,c,test,0.35137084126472473,0.2169159179995488
56,20700,d,test,0.3868255019187927,0.19985898283495332
56,20700,e,test,0.37083059549331665,0.19790239821636468
56,20700,f,test,0.3301680088043213,0.19105113880126778
56,20700,g,test,0.38471850752830505,0.2125059589794077
56,20700,h,test,0.3663157820701599,0.20671283824543596
56,20700,i,test,0.3825031816959381,0.21777501717918799
56,21600,a,test,0.37412095069885254,0.22402806617855467
56,21600,b,test,0.3606237769126892,0.21859873326858628
56,21600,c,test,0.35137084126472473,0.2331834463184416
56,21600,d,test,0.3896285891532898,0.20416012640171788
56,21600,e,test,0.37279266119003296,0.20066222984112492
56,21600,f,test,0.3586559593677521,0.24751307034196668
56,21600,g,test,0.38471850752830505,0.2132783161935197
56,21600,h,test,0.3649122714996338,0.20378179672810623
56,21600,i,test,0.37931033968925476,0.2142324067858288
56,22500,a,test,0.3804500699043274,0.2483904957589168
56,22500,b,test,0.37816762924194336,0.24071007038690154
56,22500,c,test,0.35930734872817993,0.23225139799176533
56,22500,d,test,0.387526273727417,0.19517221405191398
56,22500,e,test,0.37475472688674927,0.2065809889454586
56,22500,f,test,0.3301680088043213,0.19421653411821024
56,22500,g,test,0.38270777463912964,0.2059672852746498
56,22500,h,test,0.37122806906700134,0.21877975040766326
56,22500,i,test,0.3850574791431427,0.22610640158139636
56,23400,a,test,0.3790436089038849,0.2321122785711934
56,23400,b,test,0.3768680989742279,0.2372074375770864
56,23400,c,test,0.3499278426170349,0.23992980173876735
56,23400,d,test,0.3959355354309082,0.21688201473587487
56,23400,e,test,0.37279266119003296,0.20364182809624787
56,23400,f,test,0.3455076813697815,0.21263915276924686
56,23400,g,test,0.3880697190761566,0.2159703227675628
56,23400,h,test,0.37263157963752747,0.21974866432527693
56,23400,i,test,0.39846742153167725,0.2556732948555909
56,24300,a,test,0.3860759437084198,0.2456127994435325
56,24300,b,test,0.3664717376232147,0.24332161295586477
56,24300,c,test,0.36940836906433105,0.2535020035594397
56,24300,d,test,0.428871750831604,0.28230018073844115
56,24300,e,test,0.3976455330848694,0.24597441604107198
56,24300,f,test,0.35646456480026245,0.24768513452028174
56,24300,g,test,0.4061662256717682,0.25216321180430085
56,24300,h,test,0.3740350902080536,0.22153578919947237
56,24300,i,test,0.3965517282485962,0.24701208584340917
56,25200,a,test,0.3902953565120697,0.25268170965100173
56,25200,b,test,0.3905133306980133,0.26617263475033265
56,25200,c,test,0.3658008575439453,0.24346034503572156
56,25200,d,test,0.4113524854183197,0.2521556369717478
56,25200,e,test,0.38521909713745117,0.2248995397068019
56,25200,f,test,0.3513513505458832,0.23469368831479742
56,25200,g,test,0.4008042812347412,0.24067629171609561
56,25200,h,test,0.37824562191963196,0.23346682587125847
56,25200,i,test,0.39591315388679504,0.24787975062198683
56,26100,a,test,0.40365681052207947,0.27692330756967914
56,26100,b,test,0.401559442281723,0.266643128345256
56,26100,c,test,0.36796537041664124,0.2710492164584142
56,26100,d,test,0.4092501699924469,0.24891651139964485
56,26100,e,test,0.4087638854980469,0.26324906474368936
56,26100,f,test,0.4127100110054016,0.3343590275843642
56,26100,g,test,0.40750670433044434,0.2543280776077736
56,26100,h,test,0.3796491324901581,0.23032297885385655
56,26100,i,test,0.409323126077652,0.272963382176876
56,27000,a,test,0.4071730077266693,0.27889244690940634
56,27000,b,test,0.43729695677757263,0.3200637370792642
56,27000,c,test,0.37012988328933716,0.23940098845017377
56,27000,d,test,0.4548002779483795,0.3231622201205182
56,27000,e,test,0.396991491317749,0.24540594973232543
56,27000,f,test,0.4046749472618103,0.32487076145554966
56,27000,g,test,0.40683645009994507,0.251933716560981
56,27000,h,test,0.40842103958129883,0.27941142645810724
56,27000,i,test,0.40357598662376404,0.24946725855761478
56,27900,a,test,0.397327721118927,0.25939776979002804
56,27900,b,test,0.4282001256942749,0.2943349220403831
56,27900,c,test,0.3816738724708557,0.26785144311330306
56,27900,d,test,0.44288718700408936,0.305730623061277
56,27900,e,test,0.40941792726516724,0.2674404440920514
56,27900,f,test,0.4097881615161896,0.32360105061101
56,27900,g,test,0.4041554927825928,0.24678725710788316
56,27900,h,test,0.39649122953414917,0.2639488805637015
56,27900,i,test,0.40613025426864624,0.2611066392541405
56,28800,a,test,0.40225034952163696,0.26466178061427154
56,28800,b,test,0.45679011940956116,0.2997502071488921
56,28800,c,test,0.3730158805847168,0.2512286148115138
56,28800,d,test,0.4029432237148285,0.23157832028897993
56,28800,e,test,0.3891432285308838,0.23170151364313765
56,28800,f,test,0.3915266692638397,0.27913091676701485
56,28800,g,test,0.4182305634021759,0.2756407182797324
56,28800,h,test,0.4000000059604645,0.26638600115698235
56,28800,i,test,0.40613025426864624,0.258066807644441
56,29700,a,test,0.4029535949230194,0.27990827357189213
56,29700,b,test,0.46133852005004883,0.32005566693395004
56,29700,c,test,0.37734487652778625,0.2626886425610071
56,29700,d,test,0.42116329073905945,0.2705628652444858
56,29700,e,test,0.4107259511947632,0.2670892013151733
56,29700,f,test,0.3907962143421173,0.2927959375917973
56,29700,g,test,0.4336461126804352,0.3126074515913339
56,29700,h,test,0.42807018756866455,0.3016422203596019
56,29700,i,test,0.42337164282798767,0.28676869278578504
56,30600,a,test,0.43108299374580383,0.3239827407223542
56,30600,b,test,0.4853801131248474,0.37266970229726276
56,30600,c,test,0.380952388048172,0.2830248264512734
56,30600,d,test,0.44989487528800964,0.3226071549952007
56,30600,e,test,0.4316546618938446,0.29788712976162435
56,30600,f,test,0.454346239566803,0.371562235435793
56,30600,g,test,0.42426273226737976,0.2885666191509029
56,30600,h,test,0.41543859243392944,0.29052592633959046
56,30600,i,test,0.43742018938064575,0.3141525359210456
56,31500,a,test,0.41490858793258667,0.2839871451164675
56,31500,b,test,0.4801819324493408,0.361976844906706
56,31500,c,test,0.37806639075279236,0.2646919660562335
56,31500,d,test,0.42817097902297974,0.2805030262460603
56,31500,e,test,0.4211903214454651,0.2832333170944317
56,31500,f,test,0.43827611207962036,0.3461887215063677
56,31500,g,test,0.41689008474349976,0.27017189495199134
56,31500,h,test,0.4477193057537079,0.3354030092086882
56,31500,i,test,0.4125159680843353,0.2688622209276475
56,32400,a,test,0.41490858793258667,0.28395017702249153
56,32400,b,test,0.5172189474105835,0.39383206011549143
56,32400,c,test,0.38528138399124146,0.2647863441533557
56,32400,d,test,0.4505956470966339,0.3120771651677803
56,32400,e,test,0.4290385842323303,0.2959945418709258
56,32400,f,test,0.471146821975708,0.38012982250068333
56,32400,g,test,0.4115281403064728,0.2839997592427476
56,32400,h,test,0.437894731760025,0.3174139339158223
56,32400,i,test,0.4106002449989319,0.26177972462255517
56,33300,a,test,0.41490858793258667,0.2782607324310221
56,33300,b,test,0.5042235255241394,0.38301606130864946
56,33300,c,test,0.390331894159317,0.27941367364875097
56,33300,d,test,0.4113524854183197,0.24584323571243807
56,33300,e,test,0.4722040593624115,0.3520676203997359
56,33300,f,test,0.45288532972335815,0.37187973718202305
56,33300,g,test,0.4162198305130005,0.26294445153268814
56,33300,h,test,0.48701754212379456,0.385504343820362
56,33300,i,test,0.4201788008213043,0.28369152268963743
56,34200,a,test,0.4289732873439789,0.3232724134175596
56,34200,b,test,0.5055230855941772,0.3833778570878845
56,34200,c,test,0.3802308738231659,0.265288446489833
56,34200,d,test,0.41695865988731384,0.2544667142293131
56,34200,e,test,0.44735121726989746,0.3205511959846444
56,34200,f,test,0.43827611207962036,0.345735462794069
56,34200,g,test,0.41420912742614746,0.25770845826457556
56,34200,h,test,0.4456140398979187,0.33345258770637815
56,34200,i,test,0.4125159680843353,0.2668440244570484
56,35100,a,test,0.41983121633529663,0.28830896925984834
56,35100,b,test,0.5230669379234314,0.38562224669649403
56,35100,c,test,0.39177489280700684,0.27496733252676386
56,35100,d,test,0.4358794689178467,0.2824199272515436
56,35100,e,test,0.42184433341026306,0.2850847104308363
56,35100,f,test,0.4470416307449341,0.346910237205821
56,35100,g,test,0.4155496060848236,0.27184848315176185
56,35100,h,test,0.449122816324234,0.3310379798843393
56,35100,i,test,0.4252873659133911,0.2831602652404914
56,36000,a,test,0.4261603355407715,0.29531333646616775
56,36000,b,test,0.4957764744758606,0.3744131966422744
56,36000,c,test,0.39177489280700684,0.28141318005683186
56,36000,d,test,0.43027329444885254,0.27605273042281464
56,36000,e,test,0.4421190321445465,0.31361289985856444
56,36000,f,test,0.43681520223617554,0.32122395477036986
56,36000,g,test,0.4329758584499359,0.28470509922945725
56,36000,h,test,0.4435087740421295,0.320519447635772
56,36000,i,test,0.4303959012031555,0.29636343421368816
56,36900,a,test,0.4219409227371216,0.3395128969998315
56,36900,b,test,0.5347628593444824,0.39954844657108074
56,36900,c,test,0.40043291449546814,0.2927886075817698
56,36900,d,test,0.41695865988731384,0.25504969041479664
56,36900,e,test,0.4807063341140747,0.36287899570369864
56,36900,f,test,0.4492330253124237,0.3694975676841224
56,36900,g,test,0.44168901443481445,0.3074272842397071
56,36900,h,test,0.5284210443496704,0.41326119229364516
56,36900,i,test,0.4533844292163849,0.33334630702939133
56,37800,a,test,0.427566796541214,0.29722822437672775
56,37800,b,test,0.5308641791343689,0.38741777240757397
56,37800,c,test,0.4054833948612213,0.3227254513533715
56,37800,d,test,0.4786264896392822,0.35813176311405986
56,37800,e,test,0.46958795189857483,0.3469556044165083
56,37800,f,test,0.5069393515586853,0.41492639058510106
56,37800,g,test,0.45710456371307373,0.32983806689424205
56,37800,h,test,0.5136842131614685,0.4090811471778106
56,37800,i,test,0.44763728976249695,0.3209609726651186
56,38700,a,test,0.4261603355407715,0.2891474827733818
56,38700,b,test,0.5178687572479248,0.33691310215099196
56,38700,c,test,0.40981242060661316,0.2963063537086652
56,38700,d,test,0.4484933316707611,0.30549224761280175
56,38700,e,test,0.4205363094806671,0.2700673069399708
56,38700,f,test,0.48210373520851135,0.4028811625519409
56,38700,g,test,0.46715816855430603,0.3388589234079333
56,38700,h,test,0.49263158440589905,0.38663883649097336
56,38700,i,test,0.43614304065704346,0.293759194047552
56,39600,a,test,0.46202531456947327,0.3668417872932026
56,39600,b,test,0.5458089709281921,0.4082154362582515
56,39600,c,test,0.42568543553352356,0.3148650573452411
56,39600,d,test,0.49544498324394226,0.3823896145898658
56,39600,e,test,0.46500980854034424,0.3352619401357532
56,39600,f,test,0.4930606186389923,0.4014864340882191
56,39600,g,test,0.472520112991333,0.3405714739467305
56,39600,h,test,0.5143859386444092,0.3970951160864582
56,39600,i,test,0.4661557972431183,0.3371615096819589
56,40500,a,test,0.4331927001476288,0.29498290207785055
56,40500,b,test,0.5120207667350769,0.3373256336434844
56,40500,c,test,0.4271284341812134,0.30854440169109076
56,40500,d,test,0.5374912619590759,0.4372160638760789
56,40500,e,test,0.4532374143600464,0.30728757969731874
56,40500,f,test,0.4791818857192993,0.368725442520736
56,40500,g,test,0.4550938308238983,0.29920399126930647
56,40500,h,test,0.5691227912902832,0.445978976406475
56,40500,i,test,0.46296295523643494,0.32347485488231803
56,41400,a,test,0.43108299374580383,0.2984801269582386
56,41400,b,test,0.5191683173179626,0.3415237862857861
56,41400,c,test,0.42352092266082764,0.3009766742440269
56,41400,d,test,0.4765241742134094,0.3371321197414716
56,41400,e,test,0.4637017548084259,0.32410008378429994
56,41400,f,test,0.47479912638664246,0.3684749943468056
56,41400,g,test,0.4778820276260376,0.3251476368695843
56,41400,h,test,0.5754386186599731,0.45218108997985157
56,41400,i,test,0.4744572043418884,0.3360060339935665
56,42300,a,test,0.4472573697566986,0.3468752264853618
56,42300,b,test,0.5152696371078491,0.33543677607103484
56,42300,c,test,0.4278499186038971,0.3105241773423259
56,42300,d,test,0.4505956470966339,0.3038536255433106
56,42300,e,test,0.4617396891117096,0.3206061166119958
56,42300,f,test,0.4485025703907013,0.33284241954845306
56,42300,g,test,0.4584450423717499,0.30143176509295677
56,42300,h,test,0.5571929812431335,0.41341409911966914
56,42300,i,test,0.46807152032852173,0.32981284127780736
56,43200,a,test,0.4444444477558136,0.32242106951793587
56,43200,b,test,0.521117627620697,0.34918237807001357
56,43200,c,test,0.42496392130851746,0.30528403136864707
56,43200,d,test,0.5388928055763245,0.4312881867851604
56,43200,e,test,0.4977109134197235,0.3588810839944488
56,43200,f,test,0.46603360772132874,0.34857499439093004
56,43200,g,test,0.4932975769042969,0.3679661301665555
56,43200,h,test,0.5992982387542725,0.49373719217661294
56,43200,i,test,0.4623243808746338,0.32159513309279186
56,44100,a,test,0.43952178955078125,0.30755480191971396
56,44100,b,test,0.5308641791343689,0.37538944755538645
56,44100,c,test,0.4437229335308075,0.3377386256572305
56,44100,d,test,0.511562705039978,0.3983380166208736
56,44100,e,test,0.47547417879104614,0.3262895277634054
56,44100,f,test,0.5062088966369629,0.4150562497898939
56,44100,g,test,0.4684986472129822,0.3170326155369829
56,44100,h,test,0.5803508758544922,0.44872664296439696
56,44100,i,test,0.49553000926971436,0.38166025520194774
56,45000,a,test,0.44796061515808105,0.31920595844096017
56,45000,b,test,0.5328134894371033,0.37175026645780523
56,45000,c,test,0.4350649416446686,0.32831755859118833
56,45000,d,test,0.5395935773849487,0.43639878828868417
56,45000,e,test,0.4911707043647766,0.35671401322519686
56,45000,f,test,0.5303140878677368,0.44605532779414675
56,45000,g,test,0.4906166195869446,0.35411656269453035
56,45000,h,test,0.6119298338890076,0.5210102490723746
56,45000,i,test,0.4789271950721741,0.34871768716138934
56,45900,a,test,0.45358648896217346,0.34025301803179403
56,45900,b,test,0.5269655585289001,0.3544746501365162
56,45900,c,test,0.44155845046043396,0.33207006451383864
56,45900,d,test,0.5206727385520935,0.4074619246938617
56,45900,e,test,0.5330281257629395,0.4051774634288022
56,45900,f,test,0.5266618132591248,0.44362773415330436
56,45900,g,test,0.4879356622695923,0.3379633412501593
56,45900,h,test,0.5957894921302795,0.4925505300672017
56,45900,i,test,0.49042144417762756,0.35510148017372667
56,46800,a,test,0.44092828035354614,0.31548897159942135
56,46800,b,test,0.5386614799499512,0.3837383186124193
56,46800,c,test,0.4365079402923584,0.34889821227573403
56,46800,d,test,0.511562705039978,0.38983871301090467
56,46800,e,test,0.487246572971344,0.3480687127847207
56,46800,f,test,0.5164353251457214,0.43045154319422435
56,46800,g,test,0.5067024230957031,0.38103947297813967
56,46800,h,test,0.5964912176132202,0.4968049596113067
56,46800,i,test,0.5031928420066833,0.3952172931388365
56,47700,a,test,0.45639944076538086,0.3555649790375266
56,47700,b,test,0.5477582812309265,0.40524685699593266
56,47700,c,test,0.4379509389400482,0.32815297030015184
56,47700,d,test,0.5318850874900818,0.4283957196054575
56,47700,e,test,0.48855459690093994,0.35686936799606217
56,47700,f,test,0.5259313583374023,0.4640198938461701
56,47700,g,test,0.4845844507217407,0.3508570003948778
56,47700,h,test,0.6203508973121643,0.5373699608636137
56,47700,i,test,0.4910600185394287,0.3723772846419415
56,48600,a,test,0.4556961953639984,0.33683420628047633
56,48600,b,test,0.5536062121391296,0.4144379774642089
56,48600,c,test,0.44155845046043396,0.3325330925329914
56,48600,d,test,0.5536089539527893,0.444691417518216
56,48600,e,test,0.538260281085968,0.40053538510996295
56,48600,f,test,0.5142439603805542,0.4354740033560282
56,48600,g,test,0.48860588669776917,0.3479403502694265
56,48600,h,test,0.5894736647605896,0.46994846791802103
56,48600,i,test,0.49808427691459656,0.3750588705589659
56,49500,a,test,0.47538676857948303,0.3811779531330413
56,49500,b,test,0.5477582812309265,0.4045282963795622
56,49500,c,test,0.4444444477558136,0.3390062449717622
56,49500,d,test,0.5262789130210876,0.40656352727672856
56,49500,e,test,0.538260281085968,0.4059596057794381
56,49500,f,test,0.4835646450519562,0.374496051991694
56,49500,g,test,0.48391419649124146,0.33229802520462787
56,49500,h,test,0.6035087704658508,0.5032948763419822
56,49500,i,test,0.49553000926971436,0.3660008311406466
56,50400,a,test,0.4641350209712982,0.3430750310988604
56,50400,b,test,0.5341130495071411,0.3628506964876214
56,50400,c,test,0.4516594409942627,0.34466880191725546
56,50400,d,test,0.552908182144165,0.44406121590497644
56,50400,e,test,0.5323740839958191,0.385321685168232
56,50400,f,test,0.5098612308502197,0.416752190342923
56,50400,g,test,0.49664878845214844,0.3448060792995158
56,50400,h,test,0.5782456398010254,0.4563266724267964
56,50400,i,test,0.492337167263031,0.36076307531249263
56,51300,a,test,0.46624472737312317,0.3588422513481826
56,51300,b,test,0.5516569018363953,0.40243302512059526
56,51300,c,test,0.44949495792388916,0.35067635809443765
56,51300,d,test,0.5641205310821533,0.4525109844086055
56,51300,e,test,0.5585349798202515,0.4179841234363175
56,51300,f,test,0.5434623956680298,0.4657474336654141
56,51300,g,test,0.5046916604042053,0.3662731888167352
56,51300,h,test,0.6042105555534363,0.5103890678479762
56,51300,i,test,0.507662832736969,0.40106700746322055
56,52200,a,test,0.4571026861667633,0.3477406085332743
56,52200,b,test,0.539961040019989,0.3751675402758845
56,52200,c,test,0.4531024396419525,0.36991745781498436
56,52200,d,test,0.5830413699150085,0.5048924874135511
56,52200,e,test,0.6147809028625488,0.47959186661070136
56,52200,f,test,0.5339664220809937,0.43278606174226636
56,52200,g,test,0.5053619146347046,0.381317000704073
56,52200,h,test,0.6196491122245789,0.5312606503714727
56,52200,i,test,0.5344827771186829,0.4246536111609894
56,53100,a,test,0.46483826637268066,0.3435212764977
56,53100,b,test,0.54710853099823,0.3945722965423004
56,53100,c,test,0.45598846673965454,0.3559874934354026
56,53100,d,test,0.5732305645942688,0.4772520402943013
56,53100,e,test,0.5461085438728333,0.40317117282959614
56,53100,f,test,0.5310445427894592,0.4493605141750289
56,53100,g,test,0.49932974576950073,0.35030182859640174
56,53100,h,test,0.6301754117012024,0.552042543964989
56,53100,i,test,0.5363984704017639,0.40474513638251836
56,54000,a,test,0.47046414017677307,0.34777257272689127
56,54000,b,test,0.5581546425819397,0.4149590243820937
56,54000,c,test,0.4617604613304138,0.356515315093834
56,54000,d,test,0.5613174438476562,0.44983746882869885
56,54000,e,test,0.5199477076530457,0.37200261591167344
56,54000,f,test,0.5230094790458679,0.4388045992994052
56,54000,g,test,0.527479887008667,0.40096108101500055
56,54000,h,test,0.6547368168830872,0.5947763132146737
56,54000,i,test,0.5191571116447449,0.38564609747589484
56,54900,a,test,0.477496474981308,0.3645863693730939
56,54900,b,test,0.5646523833274841,0.4240226098904379
56,54900,c,test,0.4617604613304138,0.3578986537540923
56,54900,d,test,0.5143657922744751,0.3864761236313447
56,54900,e,test,0.5807717442512512,0.4467444767797852
56,54900,f,test,0.5332359671592712,0.4583015057038111
56,54900,g,test,0.5174262523651123,0.3967161401637618
56,54900,h,test,0.6231579184532166,0.5326225996999293
56,54900,i,test,0.5945082902908325,0.5107654548701047
56,55800,a,test,0.50492262840271,0.41644358177375235
56,55800,b,test,0.5464587211608887,0.39738392242793696
56,55800,c,test,0.4624819755554199,0.3722098125493412
56,55800,d,test,0.5795375108718872,0.4830746619247576
56,55800,e,test,0.6062785983085632,0.47765118182023025
56,55800,f,test,0.5682980418205261,0.4967745325442923
56,55800,g,test,0.5415549874305725,0.42677455401566505
56,55800,h,test,0.6161403656005859,0.5215427070227657
56,55800,i,test,0.5517241358757019,0.45755727611446906
56,56700,a,test,0.4817158877849579,0.3719073908546134
56,56700,b,test,0.5529564619064331,0.40922284008891446
56,56700,c,test,0.460317462682724,0.37726636080125814
56,56700,d,test,0.5592151284217834,0.4537391317793653
56,56700,e,test,0.5506867170333862,0.40652422815321815
56,56700,f,test,0.5938641428947449,0.544849407356246
56,56700,g,test,0.5134048461914062,0.37777100485067044
56,56700,h,test,0.6105263233184814,0.5081218901897043
56,56700,i,test,0.5395913124084473,0.4454235400241264
56,57600,a,test,0.49085795879364014,0.3914375160212115
56,57600,b,test,0.5601039528846741,0.4208243047205867
56,57600,c,test,0.4689754545688629,0.3891951600813868
56,57600,d,test,0.5753328800201416,0.46827819904022877
56,57600,e,test,0.5807717442512512,0.44641758377641844
56,57600,f,test,0.545653760433197,0.46349941641471154
56,57600,g,test,0.525469183921814,0.40403866894828216
56,57600,h,test,0.6168420910835266,0.5300759048319528
56,57600,i,test,0.5530012845993042,0.461543144168941
56,58500,a,test,0.48523205518722534,0.37171574062603363
56,58500,b,test,0.5458089709281921,0.38951566150929257
56,58500,c,test,0.4747474789619446,0.3943988973185357
56,58500,d,test,0.5690259337425232,0.46654517225172726
56,58500,e,test,0.6213211417198181,0.4924194820271382
56,58500,f,test,0.6457267999649048,0.615864252935673
56,58500,g,test,0.5113940834999084,0.37752742763920183
56,58500,h,test,0.6357894539833069,0.5588903236970862
56,58500,i,test,0.5504469871520996,0.45129848586286386
56,59400,a,test,0.5091420412063599,0.43241612503068244
56,59400,b,test,0.5523067116737366,0.4090722087915352
56,59400,c,test,0.47258296608924866,0.37271269909414667
56,59400,d,test,0.5718290209770203,0.4626321281649188
56,59400,e,test,0.6062785983085632,0.47600999124886
56,59400,f,test,0.562454342842102,0.4916374128053478
56,59400,g,test,0.5462466478347778,0.4278297497107184
56,59400,h,test,0.6315789222717285,0.5445880312704946
56,59400,i,test,0.5415070056915283,0.4256995998839315
56,60300,a,test,0.5112517476081848,0.4479243188945888
56,60300,b,test,0.5808966755867004,0.46171877991636684
56,60300,c,test,0.47979798913002014,0.39217710712393794
56,60300,d,test,0.5760336518287659,0.46756359750979865
56,60300,e,test,0.5644211769104004,0.43488115816373557
56,60300,f,test,0.5646457076072693,0.49624784344581235
56,60300,g,test,0.5489276051521301,0.42933786094086046
56,60300,h,test,0.6659649014472961,0.6177801023042899
56,60300,i,test,0.5696040987968445,0.49838322692272546
56,61200,a,test,0.5288326144218445,0.47245845821699256
56,61200,b,test,0.5724496245384216,0.4403031764089064
56,61200,c,test,0.47258296608924866,0.3873623789045995
56,61200,d,test,0.5760336518287659,0.4930549151188393
56,61200,e,test,0.6304774284362793,0.5117935234167311
56,61200,f,test,0.5193572044372559,0.43652712078843753
56,61200,g,test,0.5415549874305725,0.4298346490143495
56,61200,h,test,0.6442105174064636,0.5774661788743022
56,61200,i,test,0.6021711230278015,0.5265655523823335
56,62100,a,test,0.4810126721858978,0.368913646675137
56,62100,b,test,0.5588043928146362,0.41677079501473563
56,62100,c,test,0.4819624722003937,0.4022625210453629
56,62100,d,test,0.563419759273529,0.4506865316166411
56,62100,e,test,0.6167429685592651,0.4893689678714755
56,62100,f,test,0.5741416811943054,0.5163163506592722
56,62100,g,test,0.540214478969574,0.4285515837060687
56,62100,h,test,0.6336842179298401,0.5592565172964806
56,62100,i,test,0.5395913124084473,0.44206029785834583
56,63000,a,test,0.5189873576164246,0.4400876753998309
56,63000,b,test,0.5380116701126099,0.37375093362140704
56,63000,c,test,0.4834054708480835,0.3970579682717263
56,63000,d,test,0.5697267055511475,0.4650696304432904
56,63000,e,test,0.6108567714691162,0.49138867359529376
56,63000,f,test,0.5836377143859863,0.531116162339807
56,63000,g,test,0.5348525643348694,0.4228158286738724
56,63000,h,test,0.6196491122245789,0.5284584337591355
56,63000,i,test,0.5625798106193542,0.46979323581869287
56,63900,a,test,0.5225034952163696,0.46699827323393966
56,63900,b,test,0.5607537627220154,0.4237617599603359
56,63900,c,test,0.48701298236846924,0.4128038206459499
56,63900,d,test,0.5199719667434692,0.39079795837304115
56,63900,e,test,0.6429038643836975,0.544451873353986
56,63900,f,test,0.5880204439163208,0.540293230062398
56,63900,g,test,0.5428954362869263,0.43455960557910145
56,63900,h,test,0.6800000071525574,0.6374382057318784
56,63900,i,test,0.5651341080665588,0.49547355383322694
56,64800,a,test,0.5070323348045349,0.434665357875819
56,64800,b,test,0.5880441665649414,0.4945091872376315
56,64800,c,test,0.49567100405693054,0.4332569365679786
56,64800,d,test,0.560616672039032,0.46238768497295163
56,64800,e,test,0.598430335521698,0.4812085909434119
56,64800,f,test,0.6347699165344238,0.606672486311877
56,64800,g,test,0.5583109855651855,0.46339949271655456
56,64800,h,test,0.6554386019706726,0.5974418884235594
56,64800,i,test,0.6053639650344849,0.5652229467077309
56,65700,a,test,0.48945146799087524,0.39694540008039025
56,65700,b,test,0.5769980549812317,0.46866496057954415
56,65700,c,test,0.4935064911842346,0.42642294011295606
56,65700,d,test,0.5837421417236328,0.5075594451617154
56,65700,e,test,0.577501654624939,0.4654755059575284
56,65700,f,test,0.650109589099884,0.6287203057974043
56,65700,g,test,0.5569705367088318,0.45610725729164175
56,65700,h,test,0.6554386019706726,0.593988739636071
56,65700,i,test,0.6098339557647705,0.5514763357791145
56,66600,a,test,0.5253164768218994,0.4812661647934837
56,66600,b,test,0.5841455459594727,0.4708458709462926
56,66600,c,test,0.49711400270462036,0.42873374782635
56,66600,d,test,0.5788367390632629,0.4834587648847559
56,66600,e,test,0.6612164974212646,0.6059106805983854
56,66600,f,test,0.6420745253562927,0.6207542735849368
56,66600,g,test,0.5650134086608887,0.46673534693013563
56,66600,h,test,0.6863157749176025,0.6522236769639692
56,66600,i,test,0.6366539001464844,0.5852228587521022
56,67500,a,test,0.50492262840271,0.4325026085556986
56,67500,b,test,0.5601039528846741,0.4291673135205256
56,67500,c,test,0.5209234952926636,0.46770822922652977
56,67500,d,test,0.5949544310569763,0.5236641431097869
56,67500,e,test,0.603008508682251,0.48390448929382984
56,67500,f,test,0.6990504264831543,0.6888990386133683
56,67500,g,test,0.5623324513435364,0.46899926210941006
56,67500,h,test,0.6842105388641357,0.6481474874011258
56,67500,i,test,0.6206896305084229,0.589529507849164
56,68400,a,test,0.5253164768218994,0.4812848282457676
56,68400,b,test,0.565951943397522,0.429068873645659
56,68400,c,test,0.49711400270462036,0.4349721655762367
56,68400,d,test,0.5690259337425232,0.49177737728067883
56,68400,e,test,0.6664486527442932,0.596033801998843
56,68400,f,test,0.6851716637611389,0.6691175902593413
56,68400,g,test,0.5864611268043518,0.5126999272283385
56,68400,h,test,0.6856140494346619,0.6530878758667878
56,68400,i,test,0.6558110117912292,0.6071551250713706
56,69300,a,test,0.5119549632072449,0.4597767114301314
56,69300,b,test,0.5776478052139282,0.4634028868281346
56,69300,c,test,0.5028859972953796,0.45067284599382673
56,69300,d,test,0.6426068544387817,0.5953204339807755
56,69300,e,test,0.6344015598297119,0.5578902965504619
56,69300,f,test,0.6734842658042908,0.6511919309090436
56,69300,g,test,0.5563002824783325,0.4605142320022925
56,69300,h,test,0.6750876903533936,0.6306436939074985
56,69300,i,test,0.6424010396003723,0.6141663640708928
56,70200,a,test,0.48945146799087524,0.3861749708909425
56,70200,b,test,0.5834957957267761,0.47981957065164416
56,70200,c,test,0.5028859972953796,0.45322625001269473
56,70200,d,test,0.6517168879508972,0.6052957921431253
56,70200,e,test,0.6108567714691162,0.5300377204178194
56,70200,f,test,0.6866325736045837,0.674448243320897
56,70200,g,test,0.5924932956695557,0.5185729450770658
56,70200,h,test,0.6701754331588745,0.6269224255232956
56,70200,i,test,0.639208197593689,0.6119442567537774
56,71100,a,test,0.5365682244300842,0.4935701955014
56,71100,b,test,0.5698505640029907,0.44740703611813587
56,71100,c,test,0.49711400270462036,0.4384280559105991
56,71100,d,test,0.6250876188278198,0.560950418858345
56,71100,e,test,0.6671026945114136,0.5917952667060977
56,71100,f,test,0.6449963450431824,0.6161995039683461
56,71100,g,test,0.5857908725738525,0.49968628713056
56,71100,h,test,0.6905263066291809,0.6565620346095241
56,71100,i,test,0.6053639650344849,0.5642411129553996
56,72000,a,test,0.5358649492263794,0.49935669859141646
56,72000,b,test,0.5951916575431824,0.49791232081780773
56,72000,c,test,0.4935064911842346,0.4334926105033354
56,72000,d,test,0.6398037672042847,0.577769506324913
56,72000,e,test,0.688685417175293,0.6361117621386441
56,72000,f,test,0.6486486196517944,0.6114128185878572
56,72000,g,test,0.5281501412391663,0.38371207571258276
56,72000,h,test,0.6673684120178223,0.6251384473656202
56,72000,i,test,0.595146894454956,0.5083686268535695
56,72900,a,test,0.5133614540100098,0.4534816360292966
56,72900,b,test,0.5653021335601807,0.4405784593682194
56,72900,c,test,0.5202020406723022,0.4782687948915227
56,72900,d,test,0.5977575182914734,0.5216055790274199
56,72900,e,test,0.6599084138870239,0.5697346014555978
56,72900,f,test,0.6639882922172546,0.6478675893553182
56,72900,g,test,0.5911527872085571,0.506805812794998
56,72900,h,test,0.66456139087677,0.6208203440847073
56,72900,i,test,0.6526181101799011,0.61120095935352
56,73800,a,test,0.5105485320091248,0.436523209784095
56,73800,b,test,0.6062378287315369,0.5191945042719953
56,73800,c,test,0.5021644830703735,0.4419508301801496
56,73800,d,test,0.5690259337425232,0.47720359339876534
56,73800,e,test,0.6357096433639526,0.5668432958946757
56,73800,f,test,0.6844412088394165,0.674351277421855
56,73800,g,test,0.5723860859870911,0.4804407304440333
56,73800,h,test,0.6701754331588745,0.6298663722327118
56,73800,i,test,0.6711366772651672,0.6229060571834983
56,74700,a,test,0.5351617336273193,0.4945488129545735
56,74700,b,test,0.6211825609207153,0.5461898931941837
56,74700,c,test,0.5194805264472961,0.4797659057328106
56,74700,d,test,0.5991590619087219,0.51950990352426
56,74700,e,test,0.6618704795837402,0.601365590779023
56,74700,f,test,0.7143900394439697,0.7092124860069897
56,74700,g,test,0.5703753232955933,0.4742002984297297
56,74700,h,test,0.6750876903533936,0.6390595035902965
56,74700,i,test,0.689016580581665,0.6537635805162433
56,75600,a,test,0.5218002796173096,0.47605396872973066
56,75600,b,test,0.6302794218063354,0.5623978685585104
56,75600,c,test,0.5079365372657776,0.46261133711959096
56,75600,d,test,0.5956552028656006,0.5313389146460311
56,75600,e,test,0.6880313754081726,0.6482527250443145
56,75600,f,test,0.6238129734992981,0.5806986610088333
56,75600,g,test,0.6347184777259827,0.5895296743340727
56,75600,h,test,0.6898245811462402,0.6514707289644639
56,75600,i,test,0.6762452125549316,0.6701690058380629
56,76500,a,test,0.5105485320091248,0.44133386590826107
56,76500,b,test,0.5945419073104858,0.49399913906293147
56,76500,c,test,0.5050504803657532,0.4372129093770563
56,76500,d,test,0.6187806725502014,0.5433109602689212
56,76500,e,test,0.7344669699668884,0.6987534666540807
56,76500,f,test,0.661066472530365,0.6401538605966464
56,76500,g,test,0.5663539171218872,0.4627959165943267
56,76500,h,test,0.6835087537765503,0.6385024956648837
56,76500,i,test,0.6513410210609436,0.6090576750392439
56,77400,a,test,0.49789029359817505,0.4110267687747668
56,77400,b,test,0.5938921570777893,0.48615134408705307
56,77400,c,test,0.5230880379676819,0.4687879631949163
56,77400,d,test,0.6391029953956604,0.5923634050283325
56,77400,e,test,0.6455199718475342,0.5747278032535039
56,77400,f,test,0.6530314087867737,0.6287133886930962
56,77400,g,test,0.6085790991783142,0.5346763162947004
56,77400,h,test,0.7129824757575989,0.6937790810809085
56,77400,i,test,0.610472559928894,0.5372380934824811
56,78300,a,test,0.5281293988227844,0.46837055513930825
56,78300,b,test,0.6257309913635254,0.5535284803605752
56,78300,c,test,0.5310245156288147,0.4883092964294274
56,78300,d,test,0.6278907060623169,0.5699802427551144
56,78300,e,test,0.6461739540100098,0.58295111711894
56,78300,f,test,0.7048940658569336,0.6952590815370042
56,78300,g,test,0.5971850156784058,0.5209774214321228
56,78300,h,test,0.687017560005188,0.6424703438204971
56,78300,i,test,0.6730523705482483,0.6228939314528714
56,79200,a,test,0.5576652884483337,0.5194724830694338
56,79200,b,test,0.6471734642982483,0.5895008128375779
56,79200,c,test,0.5252525210380554,0.4874698947801972
56,79200,d,test,0.6419060826301575,0.593209888955458
56,79200,e,test,0.6448659300804138,0.5583714402817322
56,79200,f,test,0.7260774374008179,0.7167707240887901
56,79200,g,test,0.6085790991783142,0.5489396177712949
56,79200,h,test,0.7242105007171631,0.6974761699718371
56,79200,i,test,0.679438054561615,0.6363272371767508
56,80100,a,test,0.5386779308319092,0.4861176245193621
56,80100,b,test,0.623781681060791,0.5496096200102669
56,80100,c,test,0.4855699837207794,0.4389739967263289
56,80100,d,test,0.6671338677406311,0.6205240406461558
56,80100,e,test,0.6690647602081299,0.6118602356421277
56,80100,f,test,0.6712929010391235,0.6488811089724064
56,80100,g,test,0.6219838857650757,0.5750021711125095
56,80100,h,test,0.7017543911933899,0.6726390067463169
56,80100,i,test,0.6807152032852173,0.6485738437901807
56,81000,a,test,0.5443037748336792,0.49578368138202045
56,81000,b,test,0.604938268661499,0.5122406365930422
56,81000,c,test,0.5310245156288147,0.4932999443178743
56,81000,d,test,0.6552207469940186,0.6062619291674907
56,81000,e,test,0.6952256560325623,0.6447038635927941
56,81000,f,test,0.650109589099884,0.6224537348208797
56,81000,g,test,0.6052278876304626,0.5401149042853254
56,81000,h,test,0.6933333277702332,0.6589969441410304
56,81000,i,test,0.6558110117912292,0.6044886318066834
56,81900,a,test,0.5358649492263794,0.476024225881769
56,81900,b,test,0.5906432867050171,0.48594028731950684
56,81900,c,test,0.5,0.4332569505486281
56,81900,d,test,0.6236860752105713,0.5443175093622251
56,81900,e,test,0.6638325452804565,0.6009779534884839
56,81900,f,test,0.6420745253562927,0.6070407070502865
56,81900,g,test,0.580428957939148,0.48720256782831367
56,81900,h,test,0.6687719225883484,0.6221858767783199
56,81900,i,test,0.6494252681732178,0.6091268269380731
56,82800,a,test,0.5140646696090698,0.4308751992542066
56,82800,b,test,0.6244314312934875,0.5470134485002994
56,82800,c,test,0.5209234952926636,0.48713098282279504
56,82800,d,test,0.6678346395492554,0.6267829989519479
56,82800,e,test,0.6984957456588745,0.6361410283368144
56,82800,f,test,0.6793279647827148,0.6624728280659454
56,82800,g,test,0.6072385907173157,0.540379602280095
56,82800,h,test,0.6631578803062439,0.6109749307537161
56,82800,i,test,0.6704980731010437,0.619511177128859
56,83700,a,test,0.5140646696090698,0.44234524215643795
56,83700,b,test,0.6127355694770813,0.5261160173447735
56,83700,c,test,0.5382395386695862,0.5058166785484649
56,83700,d,test,0.6937631368637085,0.6691373609108088
56,83700,e,test,0.6710268259048462,0.6065154234249516
56,83700,f,test,0.6800584197044373,0.6543232261585915
56,83700,g,test,0.6327077746391296,0.5782406117540778
56,83700,h,test,0.6736842393875122,0.6260122687770485
56,83700,i,test,0.6826308965682983,0.6392660846836419
56,84600,a,test,0.5436005592346191,0.5009351476355922
56,84600,b,test,0.6452241539955139,0.5828835385033236
56,84600,c,test,0.5310245156288147,0.4952814273594028
56,84600,d,test,0.6355991363525391,0.5739100752320393
56,84600,e,test,0.6677566766738892,0.5924924702957743
56,84600,f,test,0.6705624461174011,0.6564606712957798
56,84600,g,test,0.6058981418609619,0.5304432920857134
56,84600,h,test,0.6989473700523376,0.6528343894381612
56,84600,i,test,0.6960408687591553,0.6603761683596845
56,85500,a,test,0.5302391052246094,0.46582622726033623
56,85500,b,test,0.600389838218689,0.5038381115635676
56,85500,c,test,0.5144299864768982,0.45079816685012536
56,85500,d,test,0.6489138007164001,0.6025830035476986
56,85500,e,test,0.6697187423706055,0.6113395286148758
56,85500,f,test,0.6457267999649048,0.6178341298452837
56,85500,g,test,0.5938338041305542,0.5125121561121718
56,85500,h,test,0.6891227960586548,0.6459901023638092
56,85500,i,test,0.6462324261665344,0.6009498568473031
56,86400,a,test,0.5330520272254944,0.4726881489588796
56,86400,b,test,0.6153346300125122,0.5276948190461158
56,86400,c,test,0.51875901222229,0.4660341876529326
56,86400,d,test,0.6285914778709412,0.5678023395590849
56,86400,e,test,0.6605624556541443,0.6061084801888456
56,86400,f,test,0.6515704989433289,0.6315607437093553
56,86400,g,test,0.5978552103042603,0.5213520046260539
56,86400,h,test,0.687017560005188,0.6490036652906194
56,86400,i,test,0.6768837571144104,0.6184080304404223
83,0,a,test,0.08368495106697083,0.03678356007930465
83,0,b,test,0.09421702474355698,0.0398281518257417
83,0,c,test,0.09595959633588791,0.04080040736160722
83,0,d,test,0.13174492120742798,0.06611579003125166
83,0,e,test,0.1471550017595291,0.08225739605890316
83,0,f,test,0.08911614120006561,0.04127919336262723
83,0,g,test,0.12332439422607422,0.04424460743310193
83,0,h,test,0.20140351355075836,0.11684453678859698
83,0,i,test,0.13409961760044098,0.07188516968851698
83,900,a,test,0.06751054525375366,0.03839588048089113
83,900,b,test,0.09161793440580368,0.046938789001557894
83,900,c,test,0.11760462075471878,0.04516660634723088
83,900,d,test,0.13454800844192505,0.10644571849028583
83,900,e,test,0.1968606859445572,0.12876321509629038
83,900,f,test,0.09495982527732849,0.05581896430663108
83,900,g,test,0.10120643675327301,0.07305262710469307
83,900,h,test,0.19859649240970612,0.11695995135222294
83,900,i,test,0.13346104323863983,0.08850906858998035
83,1800,a,test,0.14135020971298218,0.10461267366856891
83,1800,b,test,0.08576998114585876,0.054331215544628476
83,1800,c,test,0.12265512347221375,0.08578005695285922
83,1800,d,test,0.22915206849575043,0.18432997882290156
83,1800,e,test,0.27207323908805847,0.23469592251658664
83,1800,f,test,0.13148283958435059,0.11068068123430896
83,1800,g,test,0.12265415489673615,0.10030930447160757
83,1800,h,test,0.224561408162117,0.1714601136046714
83,1800,i,test,0.18518517911434174,0.16516732902657286
83,2700,a,test,0.19831223785877228,0.17980462509078013
83,2700,b,test,0.09616634249687195,0.09562197531437729
83,2700,c,test,0.1738816797733307,0.1422174304173434
83,2700,d,test,0.24106517434120178,0.21393983983836898
83,2700,e,test,0.34466972947120667,0.2740170493856201
83,2700,f,test,0.17457997798919678,0.16405436410169333
83,2700,g,test,0.21849866211414337,0.17450456520135005
83,2700,h,test,0.3199999928474426,0.2772667589422831
83,2700,i,test,0.24457216262817383,0.2005399557941384
83,3600,a,test,0.28691983222961426,0.2222237570117133
83,3600,b,test,0.17283950746059418,0.1288697977450922
83,3600,c,test,0.17748917639255524,0.1488606949590499
83,3600,d,test,0.3307638466358185,0.25155197152878933
83,3600,e,test,0.39829954504966736,0.296804284848946
83,3600,f,test,0.21475529670715332,0.19916272357156575
83,3600,g,test,0.3197050988674164,0.24509885261243833
83,3600,h,test,0.3810526430606842,0.2972203486461292
83,3600,i,test,0.29629629850387573,0.2331777800337909
83,4500,a,test,0.32278481125831604,0.22767839497422074
83,4500,b,test,0.14035087823867798,0.12211581639531667
83,4500,c,test,0.22510822117328644,0.17837990819834346
83,4500,d,test,0.3594954311847687,0.24916641806739695
83,4500,e,test,0.3826030194759369,0.27695973678641556
83,4500,f,test,0.2666179835796356,0.21025349159594728
83,4500,g,test,0.36997318267822266,0.257942378221682
83,4500,h,test,0.378947377204895,0.28235775749396824
83,4500,i,test,0.335887610912323,0.23627833956322852
83,5400,a,test,0.33684951066970825,0.22768744793381554
83,5400,b,test,0.17673814296722412,0.14140486995029775
83,5400,c,test,0.2849927842617035,0.20156946486729035
83,5400,d,test,0.3651016056537628,0.23436753507185382
83,5400,e,test,0.3799869120121002,0.2522922591151942
83,5400,f,test,0.27538350224494934,0.1946622495060012
83,5400,g,test,0.3766756057739258,0.24943985760529885
83,5400,h,test,0.38596490025520325,0.2656654280529993
83,5400,i,test,0.35057470202445984,0.2257637231157151
83,6300,a,test,0.3291139304637909,0.21231936255429884
83,6300,b,test,0.20987653732299805,0.16267763440016314
83,6300,c,test,0.3152958154678345,0.2118367865868214
83,6300,d,test,0.35529083013534546,0.21292394039483575
83,6300,e,test,0.37540876865386963,0.2376939469816063
83,6300,f,test,0.27538350224494934,0.1821947137412929
83,6300,g,test,0.3739946484565735,0.2409023389931433
83,6300,h,test,0.3628070056438446,0.22807252990762647
83,6300,i,test,0.351213276386261,0.2155241561137149
83,7200,a,test,0.3333333432674408,0.21343561491607874
83,7200,b,test,0.25341129302978516,0.1683352671112083
83,7200,c,test,0.32106781005859375,0.19391734739968378
83,7200,d,test,0.35739314556121826,0.20748988248333136
83,7200,e,test,0.37475472688674927,0.23960206482393367
83,7200,f,test,0.2885317802429199,0.185499899189929
83,7200,g,test,0.3733243942260742,0.22751182326294683
83,7200,h,test,0.3550877273082733,0.2129243530862003
83,7200,i,test,0.35185185074806213,0.21240954800544554
83,8100,a,test,0.34247538447380066,0.22193875074103678
83,8100,b,test,0.23651722073554993,0.16340234469901713
83,8100,c,test,0.32178932428359985,0.1754405131363498
83,8100,d,test,0.36650314927101135,0.19924677062603868
83,8100,e,test,0.371484637260437,0.22701358195185062
83,8100,f,test,0.2885317802429199,0.18625400610694728
83,8100,g,test,0.3739946484565735,0.22259234993278287
83,8100,h,test,0.3684210479259491,0.22249107796272447
83,8100,i,test,0.35057470202445984,0.20227693216165077
83,9000,a,test,0.33403655886650085,0.19860916846239082
83,9000,b,test,0.2657569944858551,0.15307843238562077
83,9000,c,test,0.3246753215789795,0.18278200020231142
83,9000,d,test,0.3658023774623871,0.20973476637603308
83,9000,e,test,0.3701765835285187,0.21790285546730134
83,9000,f,test,0.28341856598854065,0.1650333127826041
83,9000,g,test,0.37265416979789734,0.2223327884813765
83,9000,h,test,0.35438597202301025,0.189647166776475
83,9000,i,test,0.35312899947166443,0.20062499129923847
83,9900,a,test,0.33966243267059326,0.203230234728479
83,9900,b,test,0.26965561509132385,0.1611981747097229
83,9900,c,test,0.32972583174705505,0.18388837428138738
83,9900,d,test,0.3693062365055084,0.19186296424347826
83,9900,e,test,0.36232832074165344,0.20217518856453962
83,9900,f,test,0.29145362973213196,0.16579040326348296
83,9900,g,test,0.3693029582500458,0.22018791076285357
83,9900,h,test,0.35789474844932556,0.19831948660064105
83,9900,i,test,0.3601532578468323,0.20415641398134562
83,10800,a,test,0.3445850908756256,0.20481529359633496
83,10800,b,test,0.26965561509132385,0.1573413950486951
83,10800,c,test,0.33621934056282043,0.18609619655567233
83,10800,d,test,0.3721093237400055,0.19950798824155572
83,10800,e,test,0.36821451783180237,0.20301876615545558
83,10800,f,test,0.2856099307537079,0.16772516910297222
83,10800,g,test,0.3693029582500458,0.21684785043390678
83,10800,h,test,0.35789474844932556,0.1937947631307488
83,10800,i,test,0.3607918322086334,0.20117147465033022
83,11700,a,test,0.33966243267059326,0.18577839101958424
83,11700,b,test,0.27550357580184937,0.15772903917570777
83,11700,c,test,0.3333333432674408,0.17692835500843318
83,11700,d,test,0.37701472640037537,0.19466650945250166
83,11700,e,test,0.36429038643836975,0.19490331393096036
83,11700,f,test,0.28341856598854065,0.15854148489507022
83,11700,g,test,0.3619302809238434,0.1940534095759253
83,11700,h,test,0.3585965037345886,0.19691926836118345
83,11700,i,test,0.3575989902019501,0.19509706108246969
83,12600,a,test,0.34528833627700806,0.19253335005887443
83,12600,b,test,0.2768031060695648,0.161701632808838
83,12600,c,test,0.33694082498550415,0.18318767161505367
83,12600,d,test,0.37701472640037537,0.196410963029276
83,12600,e,test,0.3610202670097351,0.1894781305780687
83,12600,f,test,0.2929145395755768,0.17097973692400936
83,12600,g,test,0.36260053515434265,0.19844363271201784
83,12600,h,test,0.35649123787879944,0.1901414291602059
83,12600,i,test,0.3563218414783478,0.19227700742800077
83,13500,a,test,0.34669479727745056,0.19310628488671633
83,13500,b,test,0.2716049253940582,0.14967575261603447
83,13500,c,test,0.3405483365058899,0.1770457866032704
83,13500,d,test,0.37281009554862976,0.18244712481472605
83,13500,e,test,0.36036625504493713,0.18740560031863196
83,13500,f,test,0.28999269008636475,0.1562993400559131
83,13500,g,test,0.3592493236064911,0.186183643421327
83,13500,h,test,0.35789474844932556,0.1934094495498004
83,13500,i,test,0.3575989902019501,0.19510559775616798
83,14400,a,test,0.3431786298751831,0.19517779282625328
83,14400,b,test,0.2787524461746216,0.15878364910004145
83,14400,c,test,0.34415584802627563,0.17493760770875857
83,14400,d,test,0.3784162700176239,0.194411504937359
83,14400,e,test,0.3649443984031677,0.1912316773038528
83,14400,f,test,0.29072314500808716,0.15863475232277097
83,14400,g,test,0.35991957783699036,0.19137546536099473
83,14400,h,test,0.35438597202301025,0.18496037840496626
83,14400,i,test,0.36206895112991333,0.20209399931032415
83,15300,a,test,0.35232067108154297,0.19905159192583635
83,15300,b,test,0.2742040157318115,0.16443470903940202
83,15300,c,test,0.3405483365058899,0.18751951080414855
83,15300,d,test,0.37981781363487244,0.1924878593628636
83,15300,e,test,0.3695225715637207,0.20134052357953558
83,15300,f,test,0.28926223516464233,0.1584644730890973
83,15300,g,test,0.37265416979789734,0.22115097948727014
83,15300,h,test,0.36350876092910767,0.2055266277810723
83,15300,i,test,0.35823753476142883,0.19710757497207218
83,16200,a,test,0.35232067108154297,0.19186146775478538
83,16200,b,test,0.2768031060695648,0.16010402844793184
83,16200,c,test,0.34559884667396545,0.1846000077310501
83,16200,d,test,0.3833216428756714,0.2127903074740387
83,16200,e,test,0.3636363744735718,0.19201234457502558
83,16200,f,test,0.30460190773010254,0.19382611313822384
83,16200,g,test,0.36260053515434265,0.19668732971714106
83,16200,h,test,0.36000001430511475,0.19691406093808791
83,16200,i,test,0.3627075254917145,0.20263505009152358
83,17100,a,test,0.3579465448856354,0.2230980003725529
83,17100,b,test,0.28070175647735596,0.16138309362447134
83,17100,c,test,0.350649356842041,0.19532967694049166
83,17100,d,test,0.3847231864929199,0.21389342509614148
83,17100,e,test,0.36886852979660034,0.20156093073318446
83,17100,f,test,0.3031409680843353,0.18637207658923663
83,17100,g,test,0.3733243942260742,0.2219212819679572
83,17100,h,test,0.3733333349227905,0.21803369996548164
83,17100,i,test,0.36526182293891907,0.21043341357024029
83,18000,a,test,0.3628692030906677,0.22286606017977414
83,18000,b,test,0.28330084681510925,0.1665042580124446
83,18000,c,test,0.34487733244895935,0.1907500998364342
83,18000,d,test,0.3805185556411743,0.21110347811652208
83,18000,e,test,0.37671682238578796,0.21945904387068252
83,18000,f,test,0.31263697147369385,0.21096781595421366
83,18000,g,test,0.3806970417499542,0.23609705090913646
83,18000,h,test,0.37473684549331665,0.23328862360267277
83,18000,i,test,0.3761174976825714,0.2368349623927218
83,18900,a,test,0.3621659576892853,0.2065161800186148
83,18900,b,test,0.29109811782836914,0.1966081440643138
83,18900,c,test,0.34559884667396545,0.20090491740823765
83,18900,d,test,0.3826208710670471,0.21963426399822059
83,18900,e,test,0.3826030194759369,0.22936949199059276
83,18900,f,test,0.30606281757354736,0.18765900249948064
83,18900,g,test,0.37801608443260193,0.2338497137310828
83,18900,h,test,0.3698245584964752,0.21395391028780406
83,18900,i,test,0.3659003973007202,0.21094318148386046
83,19800,a,test,0.3621659576892853,0.2272485549417561
83,19800,b,test,0.2846003770828247,0.19183066578206165
83,19800,c,test,0.34559884667396545,0.20428561751612576
83,19800,d,test,0.37701472640037537,0.2067872107044467
83,19800,e,test,0.3845650851726532,0.23106153548657316
83,19800,f,test,0.3148283362388611,0.22271686777779306
83,19800,g,test,0.3760053515434265,0.21995883087574578
83,19800,h,test,0.3761403560638428,0.23009015746133507
83,19800,i,test,0.3735632300376892,0.2292969121330489
83,20700,a,test,0.3649789094924927,0.21666139208833704
83,20700,b,test,0.2923976480960846,0.19716459924844276
83,20700,c,test,0.34415584802627563,0.2130872516783382
83,20700,d,test,0.3959355354309082,0.23820080428022686
83,20700,e,test,0.3826030194759369,0.23001281633649065
83,20700,f,test,0.3316289186477661,0.23753268369965566
83,20700,g,test,0.4034852683544159,0.27841513500649234
83,20700,h,test,0.3866666555404663,0.24671613948231388
83,20700,i,test,0.37675607204437256,0.23470495526276067
83,21600,a,test,0.36990153789520264,0.24794816469971823
83,21600,b,test,0.29109811782836914,0.20431611901972593
83,21600,c,test,0.34487733244895935,0.21131670204388972
83,21600,d,test,0.40574631094932556,0.2621901228447902
83,21600,e,test,0.38521909713745117,0.23507327314746526
83,21600,f,test,0.34915995597839355,0.27097562248094936
83,21600,g,test,0.3954423666000366,0.2652567115841841
83,21600,h,test,0.3957894742488861,0.26398510758420807
83,21600,i,test,0.39080458879470825,0.26196729333372765
83,22500,a,test,0.36849507689476013,0.2509585474343867
83,22500,b,test,0.2930474281311035,0.206241747656741
83,22500,c,test,0.33621934056282043,0.21357295874000884
83,22500,d,test,0.4162578880786896,0.28029910531341534
83,22500,e,test,0.4035317301750183,0.2664355012456075
83,22500,f,test,0.3462381362915039,0.25302911907861
83,22500,g,test,0.4155496060848236,0.30646016643725
83,22500,h,test,0.39438596367836,0.2673779890757965
83,22500,i,test,0.39080458879470825,0.2641097134599141
83,23400,a,test,0.3649789094924927,0.23739683598803865
83,23400,b,test,0.3027940094470978,0.22038502480511124
83,23400,c,test,0.3333333432674408,0.22172326452531108
83,23400,d,test,0.41906097531318665,0.2728868755729597
83,23400,e,test,0.39175930619239807,0.24774212790475567
83,23400,f,test,0.352812260389328,0.27182278651022557
83,23400,g,test,0.4061662256717682,0.2851401954469747
83,23400,h,test,0.38947367668151855,0.2649481046373913
83,23400,i,test,0.3825031816959381,0.2470165370408157
83,24300,a,test,0.37763711810112,0.2689238684389949
83,24300,b,test,0.30799219012260437,0.22909544038867904
83,24300,c,test,0.341269850730896,0.22129099379603576
83,24300,d,test,0.4071478545665741,0.26148259311769256
83,24300,e,test,0.4035317301750183,0.26123107573234455
83,24300,f,test,0.34769904613494873,0.26058248528182987
83,24300,g,test,0.39946380257606506,0.26774255652881734
83,24300,h,test,0.39859649538993835,0.2756838865783873
83,24300,i,test,0.3952745795249939,0.2714412758306925
83,25200,a,test,0.37271448969841003,0.24246545806353606
83,25200,b,test,0.3092917501926422,0.23761265261348727
83,25200,c,test,0.35209235548973083,0.22203132691543473
83,25200,d,test,0.39243167638778687,0.2626360621370068
83,25200,e,test,0.4185742437839508,0.2963545032763038
83,25200,f,test,0.3382030725479126,0.2532014516216414
83,25200,g,test,0.40013405680656433,0.2706270108704632
83,25200,h,test,0.39438596367836,0.2604698788694255
83,25200,i,test,0.3825031816959381,0.24613369574421004
83,26100,a,test,0.38396623730659485,0.2739481271019805
83,26100,b,test,0.3040935695171356,0.22738464415239848
83,26100,c,test,0.34415584802627563,0.25716451036320304
83,26100,d,test,0.428871750831604,0.2995207376637766
83,26100,e,test,0.41334205865859985,0.28536625763755863
83,26100,f,test,0.3593864142894745,0.2749358097768277
83,26100,g,test,0.40951743721961975,0.2879707802642224
83,26100,h,test,0.38807016611099243,0.2586605987007417
83,26100,i,test,0.39463600516319275,0.26964305329549465
83,27000,a,test,0.37693390250205994,0.25874642444418694
83,27000,b,test,0.30214425921440125,0.21969416693501395
83,27000,c,test,0.36002886295318604,0.22212091777596019
83,27000,d,test,0.39663630723953247,0.24826313674299938
83,27000,e,test,0.40287768840789795,0.2705977127883168
83,27000,f,test,0.36523008346557617,0.28754489679777034
83,27000,g,test,0.41689008474349976,0.29860731066881063
83,27000,h,test,0.3978947401046753,0.27433463771509176
83,27000,i,test,0.39335888624191284,0.2660650334115197
83,27900,a,test,0.38537272810935974,0.26859746711968496
83,27900,b,test,0.3138401508331299,0.234396188671106
83,27900,c,test,0.36796537041664124,0.2673173641151192
83,27900,d,test,0.3917309045791626,0.25256398645283484
83,27900,e,test,0.41726619005203247,0.28826727165542404
83,27900,f,test,0.3367421329021454,0.24789420857447308
83,27900,g,test,0.4028150141239166,0.27262416938301526
83,27900,h,test,0.40982455015182495,0.29443332851704374
83,27900,i,test,0.39974457025527954,0.27624779658795384
83,28800,a,test,0.3846694827079773,0.25402748465104397
83,28800,b,test,0.30214425921440125,0.20729225791482386
83,28800,c,test,0.3636363744735718,0.23795706560824048
83,28800,d,test,0.4141555726528168,0.29322210158045875
83,28800,e,test,0.3937213718891144,0.24626620062850502
83,28800,f,test,0.3542732000350952,0.2781526193668357
83,28800,g,test,0.4115281403064728,0.2881151356189782
83,28800,h,test,0.39508771896362305,0.2682534629733266
83,28800,i,test,0.3876117467880249,0.2546566058267971
83,29700,a,test,0.3902953565120697,0.2657230912457419
83,29700,b,test,0.31254062056541443,0.21886947444051494
83,29700,c,test,0.36219337582588196,0.22476471011690613
83,29700,d,test,0.439383327960968,0.3210867573257726
83,29700,e,test,0.4126880168914795,0.28509980050775946
83,29700,f,test,0.33528122305870056,0.24553536442967183
83,29700,g,test,0.3867292106151581,0.2429312907391479
83,29700,h,test,0.4014035165309906,0.2765095776640282
83,29700,i,test,0.38825032114982605,0.25465849036432886
83,30600,a,test,0.400140643119812,0.28413270222116094
83,30600,b,test,0.3190383315086365,0.2365019543907939
83,30600,c,test,0.37518036365509033,0.2548963703086159
83,30600,d,test,0.41275402903556824,0.27583647946349454
83,30600,e,test,0.42184433341026306,0.2972688162552926
83,30600,f,test,0.3615778088569641,0.2778293453781742
83,30600,g,test,0.40951743721961975,0.28443542491201945
83,30600,h,test,0.4070175290107727,0.28384314973693237
83,30600,i,test,0.3927203118801117,0.261249990749564
83,31500,a,test,0.39521801471710205,0.2775631579202987
83,31500,b,test,0.3144899308681488,0.2339886580669128
83,31500,c,test,0.3708513677120209,0.21440868310433528
83,31500,d,test,0.39243167638778687,0.2116353617647487
83,31500,e,test,0.41530412435531616,0.2854654846860329
83,31500,f,test,0.3681519329547882,0.2777850737535537
83,31500,g,test,0.4135388731956482,0.28682592934926276
83,31500,h,test,0.4140350818634033,0.29328292985665844
83,31500,i,test,0.39846742153167725,0.274517066518078
83,32400,a,test,0.38115331530570984,0.2566209595495712
83,32400,b,test,0.3274853825569153,0.24019209890114754
83,32400,c,test,0.36796537041664124,0.23230281308828252
83,32400,d,test,0.4379817843437195,0.3139723044422466
83,32400,e,test,0.42380639910697937,0.29677685999573766
83,32400,f,test,0.3813002109527588,0.3015580287048523
83,32400,g,test,0.4008042812347412,0.2724656318656024
83,32400,h,test,0.4161403477191925,0.29170947463876074
83,32400,i,test,0.3863345980644226,0.25116396817094055
83,33300,a,test,0.3987341821193695,0.28135555705057397
83,33300,b,test,0.31578946113586426,0.21340652813452396
83,33300,c,test,0.3658008575439453,0.21413710535018707
83,33300,d,test,0.41695865988731384,0.2684568193584082
83,33300,e,test,0.3871811628341675,0.2353157605517561
83,33300,f,test,0.3615778088569641,0.27487461279002584
83,33300,g,test,0.4108579158782959,0.28516891366683295
83,33300,h,test,0.42105263471603394,0.29870759705803235
83,33300,i,test,0.39208173751831055,0.26197017560855795
83,34200,a,test,0.39943739771842957,0.2849473603810073
83,34200,b,test,0.3190383315086365,0.2241275240324161
83,34200,c,test,0.3730158805847168,0.2485439688646042
83,34200,d,test,0.42606866359710693,0.29260472906121787
83,34200,e,test,0.40091562271118164,0.2594384863675557
83,34200,f,test,0.3842220604419708,0.30827342823763115
83,34200,g,test,0.4014745354652405,0.2698639248009597
83,34200,h,test,0.40982455015182495,0.2810495622340445
83,34200,i,test,0.401660293340683,0.27875412164505214
83,35100,a,test,0.3917018175125122,0.2642792823256696
83,35100,b,test,0.32098764181137085,0.21690833019835454
83,35100,c,test,0.38383838534355164,0.26150313285672383
83,35100,d,test,0.4162578880786896,0.27309518200090654
83,35100,e,test,0.40091562271118164,0.2661121666287557
83,35100,f,test,0.37837839126586914,0.2983326058483672
83,35100,g,test,0.4108579158782959,0.2819069028991424
83,35100,h,test,0.4049122929573059,0.2746897827866343
83,35100,i,test,0.38186463713645935,0.24143930549910989
83,36000,a,test,0.39381152391433716,0.27689256839194615
83,36000,b,test,0.3274853825569153,0.22647375005375667
83,36000,c,test,0.3722943663597107,0.24685342492210458
83,36000,d,test,0.42396634817123413,0.2868181257667627
83,36000,e,test,0.41334205865859985,0.2829247451981966
83,36000,f,test,0.38495251536369324,0.3073105523100042
83,36000,g,test,0.41890081763267517,0.28995904794715915
83,36000,h,test,0.4238596558570862,0.3058639096802001
83,36000,i,test,0.3914431631565094,0.26206162255692317
83,36900,a,test,0.40928271412849426,0.3031680917255077
83,36900,b,test,0.33398309350013733,0.24072570216193476
83,36900,c,test,0.3816738724708557,0.26485499904396376
83,36900,d,test,0.45620182156562805,0.3498435075992985
83,36900,e,test,0.45192936062812805,0.34590686740461063
83,36900,f,test,0.37107378244400024,0.283066050152623
83,36900,g,test,0.42694368958473206,0.30546778284354054
83,36900,h,test,0.43017545342445374,0.3154413474455772
83,36900,i,test,0.41507023572921753,0.3068248968836233
83,37800,a,test,0.4029535949230194,0.29444125286552486
83,37800,b,test,0.33723196387290955,0.25089351856301917
83,37800,c,test,0.380952388048172,0.23116124570131144
83,37800,d,test,0.4379817843437195,0.31460888147482724
83,37800,e,test,0.43100064992904663,0.3088448702668171
83,37800,f,test,0.3754565417766571,0.2980392187268089
83,37800,g,test,0.42493298649787903,0.3066400205698402
83,37800,h,test,0.42807018756866455,0.30581220887343336
83,37800,i,test,0.4137931168079376,0.3046596986148192
83,38700,a,test,0.42827004194259644,0.342771304392469
83,38700,b,test,0.3411306142807007,0.2523376191086029
83,38700,c,test,0.3737373650074005,0.2884710681567383
83,38700,d,test,0.422564834356308,0.2879918971756348
83,38700,e,test,0.43688684701919556,0.3185740631658654
83,38700,f,test,0.3813002109527588,0.31559628725162
83,38700,g,test,0.43498659133911133,0.3231745833829961
83,38700,h,test,0.4526315927505493,0.35224016640735184
83,38700,i,test,0.39974457025527954,0.2756256061023371
83,39600,a,test,0.4163150489330292,0.32724849948066786
83,39600,b,test,0.3599739968776703,0.273014890391932
83,39600,c,test,0.3867243826389313,0.29923863590471395
83,39600,d,test,0.43027329444885254,0.2994338158748419
83,39600,e,test,0.4395029544830322,0.31739607837362166
83,39600,f,test,0.38641345500946045,0.32298072884738727
83,39600,g,test,0.41487935185432434,0.2900684297461707
83,39600,h,test,0.4533333480358124,0.35790776017190584
83,39600,i,test,0.40485313534736633,0.28937880117784026
83,40500,a,test,0.4212377071380615,0.3436328020663007
83,40500,b,test,0.34307992458343506,0.2614559651261692
83,40500,c,test,0.3795093894004822,0.25537427252817296
83,40500,d,test,0.47582340240478516,0.3733314319252205
83,40500,e,test,0.4676258862018585,0.36412325768552295
83,40500,f,test,0.40759679675102234,0.3472524241036472
83,40500,g,test,0.4276139438152313,0.3147479402999729
83,40500,h,test,0.4442105293273926,0.3406174754436075
83,40500,i,test,0.3927203118801117,0.2643877885763266
83,41400,a,test,0.4071730077266693,0.303099556924715
83,41400,b,test,0.34502923488616943,0.2665213194390882
83,41400,c,test,0.390331894159317,0.28840154451059913
83,41400,d,test,0.46741414070129395,0.3588794766867048
83,41400,e,test,0.4525834023952484,0.3385194643523642
83,41400,f,test,0.3893352746963501,0.318916394536574
83,41400,g,test,0.4115281403064728,0.2839150010441109
83,41400,h,test,0.43929824233055115,0.32329250270982074
83,41400,i,test,0.4118773937225342,0.29671861333241617
83,42300,a,test,0.4331927001476288,0.3712612565429807
83,42300,b,test,0.34048083424568176,0.25581886987414176
83,42300,c,test,0.39898988604545593,0.30446906900182324
83,42300,d,test,0.47372108697891235,0.37386999007399885
83,42300,e,test,0.47089600563049316,0.36623480035668116
83,42300,f,test,0.40686631202697754,0.3583705587130112
83,42300,g,test,0.4336461126804352,0.318425975204683
83,42300,h,test,0.464561402797699,0.3929976280522582
83,42300,i,test,0.4278416335582733,0.3207098099458045
83,43200,a,test,0.41561180353164673,0.32730778672420807
83,43200,b,test,0.34567901492118835,0.2684223502062872
83,43200,c,test,0.40836942195892334,0.32370099452004847
83,43200,d,test,0.47161877155303955,0.36578623593176296
83,43200,e,test,0.4676258862018585,0.3694588257441825
83,43200,f,test,0.45945945382118225,0.41037286325665456
83,43200,g,test,0.4329758584499359,0.31974784653411703
83,43200,h,test,0.4435087740421295,0.3572056486744511
83,43200,i,test,0.4418901801109314,0.3469554666386258
83,44100,a,test,0.427566796541214,0.33103060557529945
83,44100,b,test,0.3677712678909302,0.29177625344237024
83,44100,c,test,0.38528138399124146,0.31872196561479443
83,44100,d,test,0.45620182156562805,0.3408977001133693
83,44100,e,test,0.4767822027206421,0.3795864403322405
83,44100,f,test,0.4338933527469635,0.3837126842465348
83,44100,g,test,0.4577747881412506,0.36003891971941543
83,44100,h,test,0.47789472341537476,0.39697936676610923
83,44100,i,test,0.45402297377586365,0.38721494349212215
83,45000,a,test,0.42264416813850403,0.34571135937432557
83,45000,b,test,0.3625730872154236,0.28158709991210945
83,45000,c,test,0.3961038887500763,0.31846446745125667
83,45000,d,test,0.453398734331131,0.333791708571138
83,45000,e,test,0.4637017548084259,0.3547715320959998
83,45000,f,test,0.41490137577056885,0.3614197185979597
83,45000,g,test,0.46715816855430603,0.3785324766302045
83,45000,h,test,0.4659649133682251,0.3827802334950207
83,45000,i,test,0.45274585485458374,0.3935719170056305
83,45900,a,test,0.4120956361293793,0.30257609905488697
83,45900,b,test,0.35672515630722046,0.26101687885616204
83,45900,c,test,0.40764790773391724,0.33378859286341145
83,45900,d,test,0.48283112049102783,0.37484215308499197
83,45900,e,test,0.47547417879104614,0.37690682351413884
83,45900,f,test,0.4207450747489929,0.36297090222973805
83,45900,g,test,0.4577747881412506,0.35974663343523283
83,45900,h,test,0.5052631497383118,0.42589505251595133
83,45900,i,test,0.4859514832496643,0.41511804490635545
83,46800,a,test,0.4219409227371216,0.34198444453960525
83,46800,b,test,0.37816762924194336,0.2983023274430893
83,46800,c,test,0.40043291449546814,0.32202664538809783
83,46800,d,test,0.46250876784324646,0.34777111151237844
83,46800,e,test,0.4807063341140747,0.38040859088087986
83,46800,f,test,0.42878013849258423,0.3793302508891916
83,46800,g,test,0.4577747881412506,0.35463278422977673
83,46800,h,test,0.5178947448730469,0.4374129025147901
83,46800,i,test,0.4636015295982361,0.3687921231563178
83,47700,a,test,0.40506330132484436,0.32292031158940077
83,47700,b,test,0.39441195130348206,0.31721765865237356
83,47700,c,test,0.390331894159317,0.29626491230799906
83,47700,d,test,0.4905395805835724,0.40168580056597536
83,47700,e,test,0.4656638205051422,0.35793631861575154
83,47700,f,test,0.4032140374183655,0.34717311764920505
83,47700,g,test,0.44436997175216675,0.33824336509002567
83,47700,h,test,0.5087719559669495,0.43025972623375036
83,47700,i,test,0.46296295523643494,0.3707614669048748
83,48600,a,test,0.4289732873439789,0.35280484143324387
83,48600,b,test,0.37816762924194336,0.300493058365738
83,48600,c,test,0.3968254029750824,0.2866931658681758
83,48600,d,test,0.4597056806087494,0.35136020685675806
83,48600,e,test,0.45846959948539734,0.35431829923035507
83,48600,f,test,0.41636231541633606,0.3577230981823844
83,48600,g,test,0.44906166195869446,0.34263578303399406
83,48600,h,test,0.503157913684845,0.4258879985002553
83,48600,i,test,0.49553000926971436,0.44155641892122977
83,49500,a,test,0.40365681052207947,0.2996159338042244
83,49500,b,test,0.39441195130348206,0.31618851565293277
83,49500,c,test,0.39321789145469666,0.2813190205930175
83,49500,d,test,0.4835318922996521,0.3838989884434015
83,49500,e,test,0.48201438784599304,0.38806503929677
83,49500,f,test,0.42878013849258423,0.3780311839493125
83,49500,g,test,0.44705092906951904,0.33305980214684827
83,49500,h,test,0.4680701792240143,0.3762459606372021
83,49500,i,test,0.4597701132297516,0.36855351631385563
83,50400,a,test,0.4120956361293793,0.3260203233241438
83,50400,b,test,0.3989603519439697,0.3213181289025368
83,50400,c,test,0.3975468873977661,0.27286138096387424
83,50400,d,test,0.4765241742134094,0.3763047604284755
83,50400,e,test,0.4610856771469116,0.3539098088220652
83,50400,f,test,0.41636231541633606,0.3585123615371582
83,50400,g,test,0.465147465467453,0.368435801384972
83,50400,h,test,0.5101754665374756,0.4339387501668941
83,50400,i,test,0.47062578797340393,0.3791367235169895
83,51300,a,test,0.44092828035354614,0.36715147334585946
83,51300,b,test,0.4385964870452881,0.35581069902018975
83,51300,c,test,0.41558441519737244,0.33429769965578515
83,51300,d,test,0.4926418960094452,0.3978989104522688
83,51300,e,test,0.49901896715164185,0.4085940078030579
83,51300,f,test,0.47260773181915283,0.4327040633077975
83,51300,g,test,0.43900805711746216,0.32231999222663615
83,51300,h,test,0.5087719559669495,0.43010202314173845
83,51300,i,test,0.4948914349079132,0.4203066353211773
83,52200,a,test,0.4205344617366791,0.3235113520217977
83,52200,b,test,0.420402854681015,0.33141429239608566
83,52200,c,test,0.4184704124927521,0.3342153693609387
83,52200,d,test,0.4632095396518707,0.35526200597479246
83,52200,e,test,0.4846304655075073,0.38528820072124076
83,52200,f,test,0.4280496835708618,0.37656087957633444
83,52200,g,test,0.4752010703086853,0.3802116561367188
83,52200,h,test,0.5178947448730469,0.4491590636896438
83,52200,i,test,0.469348669052124,0.3798637859900609
83,53100,a,test,0.4170182943344116,0.32129584936809463
83,53100,b,test,0.3976608216762543,0.31814998719838866
83,53100,c,test,0.411255419254303,0.32714153215474157
83,53100,d,test,0.4814295768737793,0.3834283505855705
83,53100,e,test,0.49509483575820923,0.4102184000110651
83,53100,f,test,0.4842950999736786,0.4399656689375146
83,53100,g,test,0.46447721123695374,0.3575614483078286
83,53100,h,test,0.5817543864250183,0.5140492045076203
83,53100,i,test,0.477011501789093,0.3966882969746892
83,54000,a,test,0.43811532855033875,0.3710867646024288
83,54000,b,test,0.41585445404052734,0.3124420562080992
83,54000,c,test,0.40909090638160706,0.3333707786962248
83,54000,d,test,0.4905395805835724,0.3922558273760901
83,54000,e,test,0.4911707043647766,0.400410500278426
83,54000,f,test,0.4470416307449341,0.39579020082428706
83,54000,g,test,0.46648794412612915,0.362030360548871
83,54000,h,test,0.562807023525238,0.4980224748023119
83,54000,i,test,0.5,0.42792626802246786
83,54900,a,test,0.4219409227371216,0.3350846505437999
83,54900,b,test,0.41390514373779297,0.3485434292517948
83,54900,c,test,0.4213564097881317,0.35509555819965
83,54900,d,test,0.46741414070129395,0.36620516760688915
83,54900,e,test,0.4977109134197235,0.4094527422468936
83,54900,f,test,0.42878013849258423,0.36786720404751877
83,54900,g,test,0.48927614092826843,0.38851225021967495
83,54900,h,test,0.5480701923370361,0.4797462392818503
83,54900,i,test,0.5121328234672546,0.4538966052664796
83,55800,a,test,0.4191280007362366,0.32523779762126065
83,55800,b,test,0.40480831265449524,0.330892521871454
83,55800,c,test,0.4105339050292969,0.314759339638522
83,55800,d,test,0.5066573023796082,0.42009211507383526
83,55800,e,test,0.5277959704399109,0.46482421034948446
83,55800,f,test,0.45945945382118225,0.41486579829889275
83,55800,g,test,0.4899463951587677,0.40052201949149796
83,55800,h,test,0.5866666436195374,0.5220797939343124
83,55800,i,test,0.5070242881774902,0.4328803364315295
83,56700,a,test,0.4472573697566986,0.3801589165480556
83,56700,b,test,0.3989603519439697,0.3270107571895876
83,56700,c,test,0.4119769036769867,0.3302800958427072
83,56700,d,test,0.4772249460220337,0.37677384265986613
83,56700,e,test,0.4977109134197235,0.40955213931790935
83,56700,f,test,0.45142439007759094,0.4087770308721554
83,56700,g,test,0.46380695700645447,0.36024419491092924
83,56700,h,test,0.551578938961029,0.47951825837835443
83,56700,i,test,0.4872286021709442,0.40511893363957646
83,57600,a,test,0.4303797483444214,0.34661610898583395
83,57600,b,test,0.3924626410007477,0.3279446607326768
83,57600,c,test,0.3888888955116272,0.30936511156768404
83,57600,d,test,0.46531185507774353,0.35356930314815127
83,57600,e,test,0.48659253120422363,0.3963763623076555
83,57600,f,test,0.4485025703907013,0.39616352221439816
83,57600,g,test,0.48391419649124146,0.3931983294499586
83,57600,h,test,0.5677192807197571,0.49749128186561614
83,57600,i,test,0.5089399814605713,0.4380626214435341
83,58500,a,test,0.4205344617366791,0.33248187016071284
83,58500,b,test,0.401559442281723,0.3392448549787132
83,58500,c,test,0.4054833948612213,0.30422866623583983
83,58500,d,test,0.47792571783065796,0.3805608106409723
83,58500,e,test,0.4931327700614929,0.4030933256539854
83,58500,f,test,0.4653031527996063,0.42223971695219187
83,58500,g,test,0.47184985876083374,0.37114967789633097
83,58500,h,test,0.5410526394844055,0.47788893479728256
83,58500,i,test,0.507662832736969,0.4312407225155126
83,59400,a,test,0.41068917512893677,0.3339776490623602
83,59400,b,test,0.4632878601551056,0.4031822872118309
83,59400,c,test,0.4126984179019928,0.32217038157639216
83,59400,d,test,0.5052557587623596,0.4251758195974013
83,59400,e,test,0.5114454030990601,0.43004561930773416
83,59400,f,test,0.5310445427894592,0.5166707922024427
83,59400,g,test,0.51474529504776,0.438209750150584
83,59400,h,test,0.5950877070426941,0.5360070591847004
83,59400,i,test,0.5204342007637024,0.45297989954499385
83,60300,a,test,0.4360056221485138,0.36259785111704784
83,60300,b,test,0.44314488768577576,0.3560322625666315
83,60300,c,test,0.40836942195892334,0.34294706802779334
83,60300,d,test,0.5045549869537354,0.41742882374419715
83,60300,e,test,0.5546108484268188,0.47845322269372015
83,60300,f,test,0.515704870223999,0.4764096903102159
83,60300,g,test,0.5301608443260193,0.45408658727112955
83,60300,h,test,0.6273684501647949,0.5801268505675912
83,60300,i,test,0.532567024230957,0.47038004098254255
83,61200,a,test,0.4388185739517212,0.36549392281342546
83,61200,b,test,0.4385964870452881,0.3570987358237316
83,61200,c,test,0.39971140027046204,0.3492957512056836
83,61200,d,test,0.5318850874900818,0.46505855917952754
83,61200,e,test,0.5441464781761169,0.46475031167510417
83,61200,f,test,0.5609934329986572,0.5282650264524845
83,61200,g,test,0.5341823101043701,0.4590617244881971
83,61200,h,test,0.6540350914001465,0.5922111967081086
83,61200,i,test,0.5191571116447449,0.4589644698781339
83,62100,a,test,0.4430379867553711,0.38986270245132465
83,62100,b,test,0.446393758058548,0.39147196146248614
83,62100,c,test,0.4444444477558136,0.3931784816272257
83,62100,d,test,0.5473020076751709,0.4849582412734499
83,62100,e,test,0.5591890215873718,0.49635483091342464
83,62100,f,test,0.5376186966896057,0.5156193798436776
83,62100,g,test,0.5234584212303162,0.4454402304272446
83,62100,h,test,0.643508791923523,0.5890225467866185
83,62100,i,test,0.5338441729545593,0.4902150411013145
83,63000,a,test,0.42545709013938904,0.3399096044080723
83,63000,b,test,0.45419102907180786,0.39025271678100953
83,63000,c,test,0.44011545181274414,0.3823505137182784
83,63000,d,test,0.5276804566383362,0.4556314190250221
83,63000,e,test,0.5362982153892517,0.4741324576769346
83,63000,f,test,0.5332359671592712,0.5057867109019695
83,63000,g,test,0.5281501412391663,0.4529713470373096
83,63000,h,test,0.5971930027008057,0.5392889285670142
83,63000,i,test,0.5210728049278259,0.4519355376461554
83,63900,a,test,0.45921236276626587,0.40055170337545515
83,63900,b,test,0.4528914988040924,0.3795288278204428
83,63900,c,test,0.4437229335308075,0.3957921115807255
83,63900,d,test,0.5276804566383362,0.4549372598925996
83,63900,e,test,0.5801177024841309,0.5244275587275616
83,63900,f,test,0.5215485692024231,0.4849747892388094
83,63900,g,test,0.5194370150566101,0.4338848643308915
83,63900,h,test,0.5810526609420776,0.5396244387951906
83,63900,i,test,0.5351213216781616,0.476752563897561
83,64800,a,test,0.4458509087562561,0.376752459603196
83,64800,b,test,0.4606887698173523,0.3796181408773771
83,64800,c,test,0.4278499186038971,0.3627598299548131
83,64800,d,test,0.5045549869537354,0.42079667495836404
83,64800,e,test,0.572923481464386,0.5193985207974755
83,64800,f,test,0.5661066174507141,0.5557591155394986
83,64800,g,test,0.5509383082389832,0.4954012020141076
83,64800,h,test,0.6224561333656311,0.576489620720002
83,64800,i,test,0.5242656469345093,0.45584478047630567
83,65700,a,test,0.45921236276626587,0.4003812933302222
83,65700,b,test,0.5061728358268738,0.4433280907021002
83,65700,c,test,0.4285714328289032,0.38296538948206643
83,65700,d,test,0.5227750539779663,0.4446457763384785
83,65700,e,test,0.5853499174118042,0.5366106356887248
83,65700,f,test,0.5376186966896057,0.5051622133824697
83,65700,g,test,0.5368632674217224,0.46041579080302864
83,65700,h,test,0.6196491122245789,0.5520714592834396
83,65700,i,test,0.5236271023750305,0.4631829049315102
83,66600,a,test,0.46624472737312317,0.41083158922451185
83,66600,b,test,0.5081221461296082,0.4235134262741795
83,66600,c,test,0.42424243688583374,0.35326708431099435
83,66600,d,test,0.5430974364280701,0.47592824509148707
83,66600,e,test,0.5846958756446838,0.5136036065413156
83,66600,f,test,0.5704894065856934,0.5439615672310795
83,66600,g,test,0.5455763936042786,0.4739878778317386
83,66600,h,test,0.6315789222717285,0.5704201690327028
83,66600,i,test,0.5453384518623352,0.4872686276795349
83,67500,a,test,0.4571026861667633,0.3941940014282168
83,67500,b,test,0.5055230855941772,0.41930719392799665
83,67500,c,test,0.4386724531650543,0.38078468487125994
83,67500,d,test,0.5444989204406738,0.471954054693309
83,67500,e,test,0.5846958756446838,0.5168706026820058
83,67500,f,test,0.6018992066383362,0.5697019478492454
83,67500,g,test,0.5415549874305725,0.4610497113040588
83,67500,h,test,0.6666666865348816,0.6032432102376322
83,67500,i,test,0.5581098198890686,0.49296650339826037
83,68400,a,test,0.44092828035354614,0.3681949381693473
83,68400,b,test,0.490578293800354,0.4262152574919385
83,68400,c,test,0.41630592942237854,0.36375398025610134
83,68400,d,test,0.5865452289581299,0.5317226141775498
83,68400,e,test,0.5572269558906555,0.4774450271288822
83,68400,f,test,0.6070123910903931,0.5740359049142881
83,68400,g,test,0.538203775882721,0.45650374459744986
83,68400,h,test,0.637192964553833,0.5826752866004502
83,68400,i,test,0.5338441729545593,0.45260752879433436
83,69300,a,test,0.424753874540329,0.35897883121976976
83,69300,b,test,0.5081221461296082,0.42428960840786023
83,69300,c,test,0.41630592942237854,0.3596273127689655
83,69300,d,test,0.5662228465080261,0.5091308994937201
83,69300,e,test,0.5918900966644287,0.5180582226276634
83,69300,f,test,0.5894813537597656,0.5610377727809482
83,69300,g,test,0.5328418016433716,0.4451685027908294
83,69300,h,test,0.6582456231117249,0.6130070710790995
83,69300,i,test,0.5568326711654663,0.5135427446649118
83,70200,a,test,0.4528832733631134,0.3973539627677381
83,70200,b,test,0.48343080282211304,0.41963611147886165
83,70200,c,test,0.40187591314315796,0.3299859611311076
83,70200,d,test,0.5423966646194458,0.47785731844119567
83,70200,e,test,0.6160889267921448,0.5442471687129052
83,70200,f,test,0.5741416811943054,0.546336579057881
83,70200,g,test,0.5469169020652771,0.4691491033289808
83,70200,h,test,0.6477193236351013,0.6007349126048548
83,70200,i,test,0.5344827771186829,0.46513679093418164
83,71100,a,test,0.46624472737312317,0.4041883636098267
83,71100,b,test,0.5146198868751526,0.4186957776642943
83,71100,c,test,0.43145743012428284,0.3643397277762319
83,71100,d,test,0.5760336518287659,0.5259147124761719
83,71100,e,test,0.5997384190559387,0.5273246201297445
83,71100,f,test,0.5931336879730225,0.5776180498495513
83,71100,g,test,0.5650134086608887,0.4962348151755927
83,71100,h,test,0.6568421125411987,0.5921950764214295
83,71100,i,test,0.5651341080665588,0.5079098569667115
83,72000,a,test,0.4416314959526062,0.36593706792257796
83,72000,b,test,0.5276153087615967,0.43664408384094094
83,72000,c,test,0.4220779240131378,0.3483513919674594
83,72000,d,test,0.5718290209770203,0.5215419793325377
83,72000,e,test,0.6062785983085632,0.5414712373039984
83,72000,f,test,0.573411226272583,0.5350408694114884
83,72000,g,test,0.554959774017334,0.48184284336108557
83,72000,h,test,0.6722807288169861,0.6078684431045623
83,72000,i,test,0.5485312938690186,0.4772896533967305
83,72900,a,test,0.47960618138313293,0.4195874581313542
83,72900,b,test,0.5315139889717102,0.4462237086121599
83,72900,c,test,0.4343434274196625,0.36798017657545595
83,72900,d,test,0.5851436853408813,0.5319991685168306
83,72900,e,test,0.6344015598297119,0.5730367125022365
83,72900,f,test,0.6194302439689636,0.5818488523309986
83,72900,g,test,0.5576407313346863,0.4863348696669266
83,72900,h,test,0.6694737076759338,0.6045766830586649
83,72900,i,test,0.5408684611320496,0.4670657912118914
83,73800,a,test,0.4444444477558136,0.3662687094309241
83,73800,b,test,0.521117627620697,0.42829622660887084
83,73800,c,test,0.4502164423465729,0.41677845328222146
83,73800,d,test,0.6082690954208374,0.5564436762553719
83,73800,e,test,0.6344015598297119,0.5818436809548388
83,73800,f,test,0.6121256351470947,0.5803880022042219
83,73800,g,test,0.552949070930481,0.4780389046183715
83,73800,h,test,0.6680701971054077,0.598172909236191
83,73800,i,test,0.5344827771186829,0.45123512663070203
83,74700,a,test,0.44796061515808105,0.37178645919923375
83,74700,b,test,0.5367121696472168,0.4359392561966091
83,74700,c,test,0.4437229335308075,0.3956853679309377
83,74700,d,test,0.5970567464828491,0.5465972579391534
83,74700,e,test,0.6265532970428467,0.5557056700271056
83,74700,f,test,0.6267348527908325,0.6107552205854101
83,74700,g,test,0.5723860859870911,0.5025684870030082
83,74700,h,test,0.6828070282936096,0.6142039886922647
83,74700,i,test,0.5651341080665588,0.4947424515021894
83,75600,a,test,0.47116735577583313,0.3997437347394058
83,75600,b,test,0.5380116701126099,0.45957809020554824
83,75600,c,test,0.44155845046043396,0.386523441228885
83,75600,d,test,0.5767344236373901,0.5218985887899484
83,75600,e,test,0.6245912313461304,0.5547419004605221
83,75600,f,test,0.6113951802253723,0.5881309507185104
83,75600,g,test,0.5415549874305725,0.4695272187479242
83,75600,h,test,0.6245614290237427,0.5645985051892445
83,75600,i,test,0.6040868163108826,0.5645599438265266
83,76500,a,test,0.5070323348045349,0.45206703193743314
83,76500,b,test,0.5360623598098755,0.4535367101667674
83,76500,c,test,0.44805195927619934,0.3909786401564533
83,76500,d,test,0.5739313364028931,0.5191159210769454
83,76500,e,test,0.5827338099479675,0.5145187525220805
83,76500,f,test,0.5967859625816345,0.5829932196095623
83,76500,g,test,0.5522788166999817,0.47866290703786957
83,76500,h,test,0.6792982220649719,0.6452079387007509
83,76500,i,test,0.5804597735404968,0.5353057590410815
83,77400,a,test,0.4542897343635559,0.37942742904818
83,77400,b,test,0.5204678177833557,0.4186140668615455
83,77400,c,test,0.45743146538734436,0.3882531430497844
83,77400,d,test,0.5851436853408813,0.5339735352998433
83,77400,e,test,0.6036625504493713,0.5337872240671754
83,77400,f,test,0.5807158350944519,0.5401853660854877
83,77400,g,test,0.5576407313346863,0.4796897778163383
83,77400,h,test,0.6715789437294006,0.6108766440553203
83,77400,i,test,0.5395913124084473,0.46006864822806565
83,78300,a,test,0.47538676857948303,0.4149343692522665
83,78300,b,test,0.5295646786689758,0.4367645590911902
83,78300,c,test,0.4761904776096344,0.42173843730942145
83,78300,d,test,0.6152768135070801,0.5712030210121946
83,78300,e,test,0.6422498226165771,0.5745988653969248
83,78300,f,test,0.6157779693603516,0.5803972455524848
83,78300,g,test,0.5670241117477417,0.4982192192820066
83,78300,h,test,0.6877192854881287,0.6208973027354122
83,78300,i,test,0.5619412660598755,0.4895723732995354
83,79200,a,test,0.4528832733631134,0.3921635898349341
83,79200,b,test,0.5653021335601807,0.4870200911316416
83,79200,c,test,0.46536797285079956,0.41585907918392545
83,79200,d,test,0.6145760416984558,0.573165875932723
83,79200,e,test,0.6265532970428467,0.555306140482805
83,79200,f,test,0.6318480372428894,0.5978495403703381
83,79200,g,test,0.5623324513435364,0.49260328798200564
83,79200,h,test,0.6877192854881287,0.6278949936812432
83,79200,i,test,0.6015325784683228,0.5675765233015438
83,80100,a,test,0.5,0.45353167300592395
83,80100,b,test,0.5490578413009644,0.4651250996397385
83,80100,c,test,0.469696968793869,0.42080252763581655
83,80100,d,test,0.6054660081863403,0.5537823050372962
83,80100,e,test,0.6579463481903076,0.6101500484854926
83,80100,f,test,0.6376917362213135,0.6056468126971736
83,80100,g,test,0.5851206183433533,0.5154956542449222
83,80100,h,test,0.6947368383407593,0.6272316812807419
83,80100,i,test,0.5798212289810181,0.5179682592792494
83,81000,a,test,0.49085795879364014,0.43104630660237025
83,81000,b,test,0.5503574013710022,0.4757311839181448
83,81000,c,test,0.4581529498100281,0.41326618313053465
83,81000,d,test,0.5949544310569763,0.5543691340906767
83,81000,e,test,0.6396337747573853,0.5746966358928024
83,81000,f,test,0.6245434880256653,0.5940922036016872
83,81000,g,test,0.5743967890739441,0.4875891564202848
83,81000,h,test,0.6968421339988708,0.6298965172348491
83,81000,i,test,0.5715197920799255,0.4915459410653223
83,81900,a,test,0.4718706011772156,0.4142953529288172
83,81900,b,test,0.5562053322792053,0.45964273654458654
83,81900,c,test,0.4617604613304138,0.40926580927722583
83,81900,d,test,0.6222845315933228,0.582170545075946
83,81900,e,test,0.6304774284362793,0.5757905443919625
83,81900,f,test,0.6574141979217529,0.6490085705072344
83,81900,g,test,0.5918230414390564,0.5240813801859314
83,81900,h,test,0.6982455849647522,0.6510792721956271
83,81900,i,test,0.5900382995605469,0.5278212854452319
83,82800,a,test,0.5140646696090698,0.4669473172546958
83,82800,b,test,0.567251443862915,0.49797382106834015
83,82800,c,test,0.49639248847961426,0.45378955477765137
83,82800,d,test,0.6194814443588257,0.5830980132074154
83,82800,e,test,0.6651406288146973,0.6158735052231269
83,82800,f,test,0.6260043978691101,0.5874429973614016
83,82800,g,test,0.5871313810348511,0.5226146001180546
83,82800,h,test,0.6940351128578186,0.6540149278330155
83,82800,i,test,0.6404852867126465,0.6072638950122135
83,83700,a,test,0.5421940684318542,0.5079625845712689
83,83700,b,test,0.5802469253540039,0.5110016213723743
83,83700,c,test,0.49494948983192444,0.4570447126147507
83,83700,d,test,0.6243868470191956,0.5877695008668614
83,83700,e,test,0.6703727841377258,0.6028871900023405
83,83700,f,test,0.6428049802780151,0.6125711062614746
83,83700,g,test,0.5656836628913879,0.4932628635796445
83,83700,h,test,0.7073684334754944,0.6670972196960839
83,83700,i,test,0.6232439279556274,0.5748901832981445
83,84600,a,test,0.5808719992637634,0.529537315369683
83,84600,b,test,0.6075373888015747,0.547592189024332
83,84600,c,test,0.4913419783115387,0.45094380488987323
83,84600,d,test,0.6482130289077759,0.6175144237395239
83,84600,e,test,0.6808371543884277,0.631591166706303
83,84600,f,test,0.6493791341781616,0.625461039818769
83,84600,g,test,0.5797587037086487,0.5014032108372509
83,84600,h,test,0.7017543911933899,0.6433758706153764
83,84600,i,test,0.6008939743041992,0.5399195189320813
83,85500,a,test,0.5583685040473938,0.5338269517448136
83,85500,b,test,0.5730994343757629,0.4862730459053943
83,85500,c,test,0.4747474789619446,0.43118708988795945
83,85500,d,test,0.6180799007415771,0.5732839730796628
83,85500,e,test,0.6579463481903076,0.596077569102612
83,85500,f,test,0.64426589012146,0.6098268781788335
83,85500,g,test,0.5831099152565002,0.5106688939702323
83,85500,h,test,0.7094736695289612,0.6826533957159185
83,85500,i,test,0.6066411137580872,0.547630847756557
83,86380,a,test,0.545007050037384,0.49501420749734804
83,86380,b,test,0.5750487446784973,0.490913696715747
83,86380,c,test,0.48917749524116516,0.45104370121684495
83,86380,d,test,0.661527693271637,0.6231874404319807
83,86380,e,test,0.6690647602081299,0.6091842287267705
83,86380,f,test,0.650109589099884,0.616320164706759
83,86380,g,test,0.5924932956695557,0.5224915520819642
83,86380,h,test,0.7010526061058044,0.6370595002447075
83,86380,i,test,0.602809727191925,0.539470398784814
