seed,time,node,split,accuracy,macro_f1
7,0,a,test,0.12236286699771881,0.06546472516054265
7,0,b,test,0.23131904006004333,0.1084364473240431
7,0,c,test,0.14141413569450378,0.0788580925787561
7,0,d,test,0.13735108077526093,0.07047950605358443
7,0,e,test,0.18705035746097565,0.08348778832216382
7,0,f,test,0.19649378955364227,0.08634834458751312
7,0,g,test,0.1508042961359024,0.07490302946772816
7,0,h,test,0.12842105329036713,0.05762356903949428
7,0,i,test,0.14367815852165222,0.05991243820180703
7,900,a,test,0.3192686438560486,0.2522601314414204
7,900,b,test,0.2625081241130829,0.19659353091483833
7,900,c,test,0.22366522252559662,0.14662301458682284
7,900,d,test,0.23335669934749603,0.14096900423514921
7,900,e,test,0.3799869120121002,0.32266619838402255
7,900,f,test,0.2790358066558838,0.2153840751215612
7,900,g,test,0.2453083097934723,0.16721625405347199
7,900,h,test,0.26807016134262085,0.15522812854333387
7,900,i,test,0.25798213481903076,0.1960879771271343
7,1800,a,test,0.3917018175125122,0.328842310527812
7,1800,b,test,0.2787524461746216,0.20977131305941074
7,1800,c,test,0.2842712700366974,0.23573672996396286
7,1800,d,test,0.31674841046333313,0.2907913997177891
7,1800,e,test,0.4126880168914795,0.3780365415964892
7,1800,f,test,0.33528122305870056,0.31435064149734865
7,1800,g,test,0.304959774017334,0.2493725878424418
7,1800,h,test,0.2856140434741974,0.24667173899517467
7,1800,i,test,0.3218390941619873,0.2756338263587094
7,2700,a,test,0.4184247553348541,0.3698025579292968
7,2700,b,test,0.34567901492118835,0.3031051366431728
7,2700,c,test,0.28787878155708313,0.24210205839278173
7,2700,d,test,0.3812193274497986,0.3635812596321398
7,2700,e,test,0.4166121780872345,0.3802483129523202
7,2700,f,test,0.43827611207962036,0.4149411719417497
7,2700,g,test,0.3089812397956848,0.2579526764666712
7,2700,h,test,0.31578946113586426,0.28831218932920205
7,2700,i,test,0.3914431631565094,0.36200833929215287
7,3600,a,test,0.4212377071380615,0.3707971900350151
7,3600,b,test,0.35932424664497375,0.31719875961989913
7,3600,c,test,0.29004329442977905,0.2650187371203406
7,3600,d,test,0.41485634446144104,0.403682423429586
7,3600,e,test,0.46304774284362793,0.4400603993021395
7,3600,f,test,0.4265887439250946,0.397961580483279
7,3600,g,test,0.3733243942260742,0.3291619340535278
7,3600,h,test,0.3901754319667816,0.3486127904201613
7,3600,i,test,0.3914431631565094,0.3662915830332794
7,4500,a,test,0.4303797483444214,0.3962733764717825
7,4500,b,test,0.3801169693470001,0.34018066526043933
7,4500,c,test,0.3578643500804901,0.32736652489961093
7,4500,d,test,0.463910311460495,0.4404743541193515
7,4500,e,test,0.47089600563049316,0.4362437557503512
7,4500,f,test,0.4718772768974304,0.44552797856987664
7,4500,g,test,0.43699732422828674,0.3596452339386002
7,4500,h,test,0.3845613896846771,0.37405242932182275
7,4500,i,test,0.4029374122619629,0.3821124049615319
7,5400,a,test,0.44514769315719604,0.41859145031023265
7,5400,b,test,0.3924626410007477,0.35620863998563373
7,5400,c,test,0.3629148602485657,0.33209479617638293
7,5400,d,test,0.4723195433616638,0.4362753495172322
7,5400,e,test,0.4381949007511139,0.3866623859869025
7,5400,f,test,0.49598246812820435,0.4676113947729039
7,5400,g,test,0.4115281403064728,0.33907001684410937
7,5400,h,test,0.40070176124572754,0.39079610529734393
7,5400,i,test,0.43614304065704346,0.42184302299536913
7,6300,a,test,0.44374120235443115,0.41335387325556266
7,6300,b,test,0.4035087823867798,0.3686449050060962
7,6300,c,test,0.36868685483932495,0.35550486623628536
7,6300,d,test,0.470217227935791,0.42862165971968724
7,6300,e,test,0.45650753378868103,0.40444125513709883
7,6300,f,test,0.4762600362300873,0.43402903166311774
7,6300,g,test,0.4477211833000183,0.39041239315948206
7,6300,h,test,0.40421053767204285,0.3600249152793656
7,6300,i,test,0.44891443848609924,0.4095306314363923
7,7200,a,test,0.4542897343635559,0.4259266794800152
7,7200,b,test,0.401559442281723,0.3645226690857341
7,7200,c,test,0.350649356842041,0.33698444693313406
7,7200,d,test,0.4765241742134094,0.4340520695050864
7,7200,e,test,0.457161545753479,0.40954209087053456
7,7200,f,test,0.4638422131538391,0.4221248693671927
7,7200,g,test,0.4631367325782776,0.39292423381044145
7,7200,h,test,0.437894731760025,0.392717173999503
7,7200,i,test,0.4610472619533539,0.4274103507117737
7,8100,a,test,0.4585091471672058,0.420562960135791
7,8100,b,test,0.40740740299224854,0.3725942237431046
7,8100,c,test,0.3484848439693451,0.3201842931544579
7,8100,d,test,0.4919411242008209,0.4477274320683253
7,8100,e,test,0.4610856771469116,0.40205076054242644
7,8100,f,test,0.5003652572631836,0.4618603906504277
7,8100,g,test,0.46715816855430603,0.3953875861306581
7,8100,h,test,0.4421052634716034,0.399946912683953
7,8100,i,test,0.4636015295982361,0.42339138642861224
7,9000,a,test,0.4514767825603485,0.41904381726761125
7,9000,b,test,0.40805718302726746,0.37112470561638894
7,9000,c,test,0.36002886295318604,0.34953774391169135
7,9000,d,test,0.5080588459968567,0.4781329744461425
7,9000,e,test,0.48593851923942566,0.4233321771489406
7,9000,f,test,0.5040175318717957,0.47117223879535985
7,9000,g,test,0.4825737178325653,0.4125475566819546
7,9000,h,test,0.449122816324234,0.41498957152383964
7,9000,i,test,0.4757343530654907,0.4250116359914637
7,9900,a,test,0.502812922000885,0.446742635625581
7,9900,b,test,0.4262508153915405,0.39482954731389985
7,9900,c,test,0.3643578588962555,0.35971858242857385
7,9900,d,test,0.49754729866981506,0.45953557432132713
7,9900,e,test,0.4767822027206421,0.40542601796597216
7,9900,f,test,0.5091307759284973,0.47792044039232523
7,9900,g,test,0.4604557752609253,0.40666730973483906
7,9900,h,test,0.47228071093559265,0.4351251677574494
7,9900,i,test,0.5006385445594788,0.4620880796101643
7,10800,a,test,0.5084388256072998,0.4595196509904391
7,10800,b,test,0.4197530746459961,0.3797820619537701
7,10800,c,test,0.39321789145469666,0.3876423702660838
7,10800,d,test,0.5031534433364868,0.46045476769586596
7,10800,e,test,0.4846304655075073,0.42196813602670263
7,10800,f,test,0.5222790241241455,0.4947551879245908
7,10800,g,test,0.502010703086853,0.4507047493330998
7,10800,h,test,0.4638596475124359,0.4356550557498103
7,10800,i,test,0.507662832736969,0.4720857003479281
7,11700,a,test,0.5126582384109497,0.45719648672487573
7,11700,b,test,0.4282001256942749,0.39306387679552857
7,11700,c,test,0.3946608901023865,0.38888749698519715
7,11700,d,test,0.49754729866981506,0.46000683575762813
7,11700,e,test,0.4911707043647766,0.4182347051110491
7,11700,f,test,0.5230094790458679,0.50075826716479
7,11700,g,test,0.49664878845214844,0.4509630915721214
7,11700,h,test,0.49052631855010986,0.4496939259202733
7,11700,i,test,0.4974457323551178,0.4388867561393459
7,12600,a,test,0.5035161972045898,0.45446194113437843
7,12600,b,test,0.43729695677757263,0.40413824634829343
7,12600,c,test,0.3896103799343109,0.38300619791819024
7,12600,d,test,0.5003503561019897,0.4599391291541712
7,12600,e,test,0.482668399810791,0.40930342611417353
7,12600,f,test,0.5252009034156799,0.5003612728824475
7,12600,g,test,0.49865952134132385,0.4445271903850834
7,12600,h,test,0.503157913684845,0.4617726702761573
7,12600,i,test,0.4897828996181488,0.4487300154590237
7,13500,a,test,0.49929675459861755,0.45893853261247913
7,13500,b,test,0.43469786643981934,0.40271274793368056
7,13500,c,test,0.411255419254303,0.40411045314027033
7,13500,d,test,0.5052557587623596,0.4687817373634269
7,13500,e,test,0.4846304655075073,0.40820364977121026
7,13500,f,test,0.528853178024292,0.5025377699034798
7,13500,g,test,0.5087131261825562,0.45169317157431016
7,13500,h,test,0.5207017660140991,0.4815489204774372
7,13500,i,test,0.4897828996181488,0.44255317330742394
7,14400,a,test,0.5203937888145447,0.4798002805196658
7,14400,b,test,0.4301494359970093,0.4015825187665336
7,14400,c,test,0.3896103799343109,0.3748688327801837
7,14400,d,test,0.5185704231262207,0.48936714607601334
7,14400,e,test,0.4898626506328583,0.412773394745791
7,14400,f,test,0.5244703888893127,0.5029788799811642
7,14400,g,test,0.5053619146347046,0.45284562494769237
7,14400,h,test,0.5228070020675659,0.48927757376876224
7,14400,i,test,0.5063856840133667,0.47393926214338183
7,15300,a,test,0.5161743760108948,0.46802141061686325
7,15300,b,test,0.4476933181285858,0.41151139663492414
7,15300,c,test,0.3946608901023865,0.3826415529635016
7,15300,d,test,0.5017518997192383,0.46473804947564407
7,15300,e,test,0.47939831018447876,0.41023707325734277
7,15300,f,test,0.5273922681808472,0.5070410128929309
7,15300,g,test,0.5040214657783508,0.46173574097789233
7,15300,h,test,0.49614036083221436,0.4706045940223582
7,15300,i,test,0.5121328234672546,0.4710582300273418
7,16200,a,test,0.5112517476081848,0.49171690340822294
7,16200,b,test,0.44834306836128235,0.4286674567575654
7,16200,c,test,0.4213564097881317,0.41237198802008707
7,16200,d,test,0.5122634768486023,0.47826506093936155
7,16200,e,test,0.49051669239997864,0.4217925797576505
7,16200,f,test,0.5427319407463074,0.5207367815434291
7,16200,g,test,0.5194370150566101,0.4980722753920472
7,16200,h,test,0.48701754212379456,0.46488364886815675
7,16200,i,test,0.5319284796714783,0.5030132381650143
7,17100,a,test,0.5133614540100098,0.4833850700437928
7,17100,b,test,0.4632878601551056,0.4443324397917574
7,17100,c,test,0.4264069199562073,0.41027481656678927
7,17100,d,test,0.5199719667434692,0.4876805949824066
7,17100,e,test,0.4780902564525604,0.417184902859685
7,17100,f,test,0.5354273319244385,0.5168415010177828
7,17100,g,test,0.5241286754608154,0.501955014662829
7,17100,h,test,0.49263158440589905,0.4750337032330787
7,17100,i,test,0.532567024230957,0.5033471186175004
7,18000,a,test,0.5119549632072449,0.4744556300004679
7,18000,b,test,0.4307992160320282,0.417712317466335
7,18000,c,test,0.43073591589927673,0.4201289728457646
7,18000,d,test,0.5157673358917236,0.48117517559808265
7,18000,e,test,0.4767822027206421,0.4241777891542002
7,18000,f,test,0.5310445427894592,0.5169125506607186
7,18000,g,test,0.542225182056427,0.5334441560931688
7,18000,h,test,0.5059649348258972,0.48838378025720636
7,18000,i,test,0.5108556747436523,0.46956557130833826
7,18900,a,test,0.5210970640182495,0.4846056865030646
7,18900,b,test,0.4424951374530792,0.4277470500089285
7,18900,c,test,0.4126984179019928,0.39885306503061857
7,18900,d,test,0.5304835438728333,0.5059093350271616
7,18900,e,test,0.47743624448776245,0.4181398761252089
7,18900,f,test,0.5405405163764954,0.5345882685826747
7,18900,g,test,0.542225182056427,0.5362875950076981
7,18900,h,test,0.5171929597854614,0.507903041451577
7,18900,i,test,0.5261813402175903,0.471573847436699
7,19800,a,test,0.5246132016181946,0.4874597968165996
7,19800,b,test,0.45614033937454224,0.43405042775423724
7,19800,c,test,0.42496392130851746,0.42116893692619833
7,19800,d,test,0.5283812284469604,0.5021224902404914
7,19800,e,test,0.4761281907558441,0.42275051905341515
7,19800,f,test,0.5522279143333435,0.5452003204513529
7,19800,g,test,0.5455763936042786,0.5373000222798976
7,19800,h,test,0.5143859386444092,0.5048729894382227
7,19800,i,test,0.5268199443817139,0.4921906534701362
7,20700,a,test,0.5337553024291992,0.5083623128563817
7,20700,b,test,0.4600389897823334,0.4396647813928582
7,20700,c,test,0.4278499186038971,0.42342812250179757
7,20700,d,test,0.5360897183418274,0.5141415265714248
7,20700,e,test,0.48005232214927673,0.42936588270103027
7,20700,f,test,0.556610643863678,0.5560472437192527
7,20700,g,test,0.5623324513435364,0.5527578702554324
7,20700,h,test,0.5066666603088379,0.5046160353716214
7,20700,i,test,0.5274584889411926,0.4942380051659134
7,21600,a,test,0.5513361692428589,0.5387560999676202
7,21600,b,test,0.45679011940956116,0.4362081846208199
7,21600,c,test,0.42352092266082764,0.4157286746294147
7,21600,d,test,0.5388928055763245,0.517646357008195
7,21600,e,test,0.4833224415779114,0.43509218883962636
7,21600,f,test,0.545653760433197,0.5419248516140122
7,21600,g,test,0.5495978593826294,0.5372879660877844
7,21600,h,test,0.5171929597854614,0.5066672758691704
7,21600,i,test,0.524904191493988,0.49335718004765394
7,22500,a,test,0.5365682244300842,0.514929402808595
7,22500,b,test,0.45419102907180786,0.43035799219858584
7,22500,c,test,0.42568543553352356,0.4160620808004121
7,22500,d,test,0.532585859298706,0.5019873657662899
7,22500,e,test,0.4807063341140747,0.4269155174880066
7,22500,f,test,0.542001485824585,0.5405216101851286
7,22500,g,test,0.5542895197868347,0.5475912254831804
7,22500,h,test,0.5410526394844055,0.5303440244913271
7,22500,i,test,0.5312899351119995,0.49161940216632144
7,23400,a,test,0.5464134812355042,0.5228777737500749
7,23400,b,test,0.45614033937454224,0.4255192663107264
7,23400,c,test,0.4588744640350342,0.4515597207526381
7,23400,d,test,0.5353889465332031,0.5069408405389405
7,23400,e,test,0.48005232214927673,0.4177457393172969
7,23400,f,test,0.542001485824585,0.5305433369840126
7,23400,g,test,0.5563002824783325,0.5398629921194277
7,23400,h,test,0.5445613861083984,0.5300378280843815
7,23400,i,test,0.538314163684845,0.49986002835376825
7,24300,a,test,0.5344585180282593,0.5131185407928058
7,24300,b,test,0.471734881401062,0.44854450056601314
7,24300,c,test,0.4523809552192688,0.4462523249682795
7,24300,d,test,0.5353889465332031,0.5097463037432365
7,24300,e,test,0.48855459690093994,0.42283804664159325
7,24300,f,test,0.5405405163764954,0.530369302839517
7,24300,g,test,0.5536193251609802,0.5424782643972438
7,24300,h,test,0.5361403226852417,0.5167782204426202
7,24300,i,test,0.545976996421814,0.5086023716084033
7,25200,a,test,0.5253164768218994,0.5097827623069512
7,25200,b,test,0.46783626079559326,0.44577739326625415
7,25200,c,test,0.4523809552192688,0.4429552968618558
7,25200,d,test,0.5269796848297119,0.4939981108761493
7,25200,e,test,0.4977109134197235,0.4333610286480829
7,25200,f,test,0.5507670044898987,0.542434320005086
7,25200,g,test,0.5556300282478333,0.5424696095526709
7,25200,h,test,0.5607017278671265,0.5381728873470338
7,25200,i,test,0.5504469871520996,0.5229733523097089
7,26100,a,test,0.550632894039154,0.5342016458084318
7,26100,b,test,0.4665367007255554,0.44082279728021395
7,26100,c,test,0.4458874464035034,0.4359377253279471
7,26100,d,test,0.5388928055763245,0.5131741373770754
7,26100,e,test,0.4918247163295746,0.433074358099054
7,26100,f,test,0.55880206823349,0.5559758673539382
7,26100,g,test,0.5596514940261841,0.5440047265128284
7,26100,h,test,0.5403508543968201,0.532173231803947
7,26100,i,test,0.5517241358757019,0.5210434329264365
7,27000,a,test,0.5203937888145447,0.4980513377590981
7,27000,b,test,0.47303444147109985,0.4562453136495866
7,27000,c,test,0.4523809552192688,0.44387722190439455
7,27000,d,test,0.5388928055763245,0.516739505259764
7,27000,e,test,0.5206016898155212,0.4548603087890953
7,27000,f,test,0.5631847977638245,0.5583640670011905
7,27000,g,test,0.5556300282478333,0.5453680340398824
7,27000,h,test,0.5585964918136597,0.5475651965330656
7,27000,i,test,0.5619412660598755,0.5391472555423212
7,27900,a,test,0.5126582384109497,0.4960778952085228
7,27900,b,test,0.47563353180885315,0.4493732622582253
7,27900,c,test,0.4466089606285095,0.43718490188841047
7,27900,d,test,0.5423966646194458,0.5186359411130163
7,27900,e,test,0.521909773349762,0.460358814115879
7,27900,f,test,0.5544192790985107,0.5496787788911602
7,27900,g,test,0.5522788166999817,0.5409327186145095
7,27900,h,test,0.5747368335723877,0.562146199119458
7,27900,i,test,0.5753512382507324,0.5509173290191772
7,28800,a,test,0.5414908528327942,0.5160587636760213
7,28800,b,test,0.47563353180885315,0.4489300332610526
7,28800,c,test,0.4531024396419525,0.44668169486141024
7,28800,d,test,0.5437981486320496,0.521132937961613
7,28800,e,test,0.5323740839958191,0.4757938398191773
7,28800,f,test,0.5434623956680298,0.5276254150095462
7,28800,g,test,0.5563002824783325,0.5467461298058736
7,28800,h,test,0.5656140446662903,0.5482196464899235
7,28800,i,test,0.5727969408035278,0.5383661356664349
7,29700,a,test,0.5091420412063599,0.48397420086864945
7,29700,b,test,0.47628331184387207,0.45547461739894873
7,29700,c,test,0.4610389471054077,0.4486233128509676
7,29700,d,test,0.5487035512924194,0.5244310002287164
7,29700,e,test,0.5114454030990601,0.4589015545948907
7,29700,f,test,0.5558801889419556,0.5439209206529608
7,29700,g,test,0.5630027055740356,0.5543789959052211
7,29700,h,test,0.582456111907959,0.5726805513789305
7,29700,i,test,0.5683269500732422,0.5304887895298084
7,30600,a,test,0.5372714400291443,0.5225776421740874
7,30600,b,test,0.47043535113334656,0.45340942170254195
7,30600,c,test,0.4278499186038971,0.412564297477448
7,30600,d,test,0.58163982629776,0.5663914798175623
7,30600,e,test,0.517331600189209,0.46771447710531433
7,30600,f,test,0.5675675868988037,0.5634359867439448
7,30600,g,test,0.5730562806129456,0.5673270472158037
7,30600,h,test,0.5761403441429138,0.5682693327937267
7,30600,i,test,0.5715197920799255,0.5465062087826732
7,31500,a,test,0.5562587976455688,0.5432820347082122
7,31500,b,test,0.4743339717388153,0.46320115677146784
7,31500,c,test,0.42279940843582153,0.41414412896776565
7,31500,d,test,0.5753328800201416,0.557829364294952
7,31500,e,test,0.5304120182991028,0.48071436453828625
7,31500,f,test,0.5675675868988037,0.56473108428478
7,31500,g,test,0.5636729001998901,0.5615742774457599
7,31500,h,test,0.574035108089447,0.5636510021928395
7,31500,i,test,0.5587484240531921,0.5508796106160996
7,32400,a,test,0.5569620132446289,0.5480570958511447
7,32400,b,test,0.4853801131248474,0.4661356397936158
7,32400,c,test,0.45598846673965454,0.4537527617145502
7,32400,d,test,0.5599159002304077,0.5390724862850801
7,32400,e,test,0.5212557315826416,0.4844181678204608
7,32400,f,test,0.5690284967422485,0.5645319789500814
7,32400,g,test,0.5730562806129456,0.5724529754400424
7,32400,h,test,0.5775438547134399,0.5666015823445438
7,32400,i,test,0.5747126340866089,0.5580967778273873
7,33300,a,test,0.554852306842804,0.5423309865459558
7,33300,b,test,0.48927876353263855,0.4690505280191469
7,33300,c,test,0.45598846673965454,0.4570643797289453
7,33300,d,test,0.5459004640579224,0.5173736897658904
7,33300,e,test,0.5336821675300598,0.4878541977575422
7,33300,f,test,0.5595325231552124,0.5495415491153733
7,33300,g,test,0.5831099152565002,0.5815550741071164
7,33300,h,test,0.5789473652839661,0.5608517313617103
7,33300,i,test,0.561302661895752,0.5476185644959054
7,34200,a,test,0.5513361692428589,0.5419143034841466
7,34200,b,test,0.5009746551513672,0.4759221270387726
7,34200,c,test,0.44733044505119324,0.4440765897121617
7,34200,d,test,0.5662228465080261,0.5429063037810288
7,34200,e,test,0.5487246513366699,0.4908570304516089
7,34200,f,test,0.5646457076072693,0.5584801037635335
7,34200,g,test,0.5918230414390564,0.5859072670103033
7,34200,h,test,0.5635087490081787,0.5463172475458452
7,34200,i,test,0.5587484240531921,0.5496871393273499
7,35100,a,test,0.5372714400291443,0.519156996904773
7,35100,b,test,0.49447694420814514,0.4750029428930013
7,35100,c,test,0.4617604613304138,0.45980826295300115
7,35100,d,test,0.591450572013855,0.5725291875422008
7,35100,e,test,0.5421844124794006,0.49616893911147675
7,35100,f,test,0.5850986242294312,0.5853872355537337
7,35100,g,test,0.5911527872085571,0.5846820424949973
7,35100,h,test,0.5789473652839661,0.5708830213989211
7,35100,i,test,0.5753512382507324,0.5474378514932919
7,36000,a,test,0.5675105452537537,0.555144171541155
7,36000,b,test,0.49447694420814514,0.472891687105534
7,36000,c,test,0.4783549904823303,0.471445820831989
7,36000,d,test,0.5886474847793579,0.5666130116896542
7,36000,e,test,0.5160235166549683,0.47287335264187025
7,36000,f,test,0.5836377143859863,0.5819630558041965
7,36000,g,test,0.6213136911392212,0.6150404125671477
7,36000,h,test,0.5747368335723877,0.565614303064691
7,36000,i,test,0.5766283273696899,0.5471448616377197
7,36900,a,test,0.5597749352455139,0.5419729392513778
7,36900,b,test,0.5081221461296082,0.48365829912513564
7,36900,c,test,0.4769119620323181,0.47231820481033354
7,36900,d,test,0.5851436853408813,0.5665916410400715
7,36900,e,test,0.5389143228530884,0.4952625395787787
7,36900,f,test,0.5858290791511536,0.5837287104232741
7,36900,g,test,0.5904825925827026,0.5867421391202268
7,36900,h,test,0.5873684287071228,0.5773283893694888
7,36900,i,test,0.5868454575538635,0.5595829865322272
7,37800,a,test,0.552039384841919,0.5403503574712734
7,37800,b,test,0.48343080282211304,0.45936477139994875
7,37800,c,test,0.4675324559211731,0.4608899121912309
7,37800,d,test,0.5886474847793579,0.5685620589713919
7,37800,e,test,0.5670372843742371,0.5074071449961227
7,37800,f,test,0.5843681693077087,0.5781827852714492
7,37800,g,test,0.5945039987564087,0.5823952150459758
7,37800,h,test,0.5747368335723877,0.5661820463828253
7,37800,i,test,0.6136654019355774,0.5894777177818985
7,38700,a,test,0.547819972038269,0.5315134992607106
7,38700,b,test,0.502274215221405,0.4778230804188375
7,38700,c,test,0.4740259647369385,0.4713014398922785
7,38700,d,test,0.6068675518035889,0.5872026722151341
7,38700,e,test,0.5637671947479248,0.49970459386612154
7,38700,f,test,0.5675675868988037,0.5630241132431753
7,38700,g,test,0.5844504237174988,0.5685527463066795
7,38700,h,test,0.593684196472168,0.5840724373301013
7,38700,i,test,0.5957854390144348,0.5765829375750515
7,39600,a,test,0.5457102656364441,0.5210630030647216
7,39600,b,test,0.5172189474105835,0.49146009743327396
7,39600,c,test,0.5036075115203857,0.49100790431058944
7,39600,d,test,0.5795375108718872,0.5509694825072696
7,39600,e,test,0.5755395889282227,0.5154853820753774
7,39600,f,test,0.5507670044898987,0.5526294705223278
7,39600,g,test,0.5998659729957581,0.5913704411731879
7,39600,h,test,0.574035108089447,0.5661943710898876
7,39600,i,test,0.602809727191925,0.5740625875215893
7,40500,a,test,0.5745428800582886,0.5622406185787987
7,40500,b,test,0.5243664979934692,0.49803218733141436
7,40500,c,test,0.4978354871273041,0.48654988527537646
7,40500,d,test,0.5732305645942688,0.5407946669281626
7,40500,e,test,0.5781556367874146,0.5143472148605726
7,40500,f,test,0.5653761625289917,0.5673571429818038
7,40500,g,test,0.6079088449478149,0.5996524423672646
7,40500,h,test,0.574035108089447,0.5682933258379245
7,40500,i,test,0.618135392665863,0.5953781158717409
7,41400,a,test,0.5815752744674683,0.5574625856118302
7,41400,b,test,0.5373619198799133,0.5069800259301324
7,41400,c,test,0.47979798913002014,0.47181910329034854
7,41400,d,test,0.6145760416984558,0.5952020618784276
7,41400,e,test,0.5572269558906555,0.5088392703057586
7,41400,f,test,0.5748721957206726,0.5681997466667814
7,41400,g,test,0.5938338041305542,0.5866095837992232
7,41400,h,test,0.5803508758544922,0.568341378820045
7,41400,i,test,0.6091954112052917,0.5745410217737862
7,42300,a,test,0.5639943480491638,0.5427164037760233
7,42300,b,test,0.5224171280860901,0.49263467566949
7,42300,c,test,0.48845598101615906,0.47747140238330493
7,42300,d,test,0.6173791289329529,0.5968812188759346
7,42300,e,test,0.5663832426071167,0.5126207308940872
7,42300,f,test,0.5909423232078552,0.592951187062782
7,42300,g,test,0.6206434369087219,0.6098677268449589
7,42300,h,test,0.604912281036377,0.5995751893471112
7,42300,i,test,0.6060025691986084,0.5737426480536033
7,43200,a,test,0.5569620132446289,0.5239988055724605
7,43200,b,test,0.5113710165023804,0.48366583311825656
7,43200,c,test,0.49711400270462036,0.4882334443937349
7,43200,d,test,0.6180799007415771,0.5971405913556762
7,43200,e,test,0.5761935710906982,0.5205630757676888
7,43200,f,test,0.6026296615600586,0.596533826827018
7,43200,g,test,0.6199731826782227,0.6081256746420552
7,43200,h,test,0.5978947281837463,0.597255238849151
7,43200,i,test,0.6040868163108826,0.5693369922372266
7,44100,a,test,0.5780590772628784,0.5612055747106747
7,44100,b,test,0.54710853099823,0.5162533539892872
7,44100,c,test,0.4978354871273041,0.48938962854215357
7,44100,d,test,0.622985303401947,0.6000247112315615
7,44100,e,test,0.5722694396972656,0.5185264661971482
7,44100,f,test,0.5880204439163208,0.5808639868142064
7,44100,g,test,0.6306970715522766,0.6252214561681657
7,44100,h,test,0.6217544078826904,0.6124908385572275
7,44100,i,test,0.6034482717514038,0.5808929973322708
7,45000,a,test,0.5794655680656433,0.5610858287024317
7,45000,b,test,0.5490578413009644,0.515548201425912
7,45000,c,test,0.5209234952926636,0.5097426116417528
7,45000,d,test,0.612473726272583,0.5878868992394904
7,45000,e,test,0.5657292604446411,0.5128364405922549
7,45000,f,test,0.5967859625816345,0.5904301913811569
7,45000,g,test,0.6119303107261658,0.6073777393405309
7,45000,h,test,0.621052622795105,0.6116326702924894
7,45000,i,test,0.6015325784683228,0.5758752544620667
7,45900,a,test,0.5850914120674133,0.5705820774609637
7,45900,b,test,0.5451592206954956,0.516080099355205
7,45900,c,test,0.5079365372657776,0.4920512042005178
7,45900,d,test,0.6299930214881897,0.6105488595962739
7,45900,e,test,0.5860038995742798,0.52364264745178
7,45900,f,test,0.5916727781295776,0.5823221489017348
7,45900,g,test,0.5878016352653503,0.5734398095063086
7,45900,h,test,0.6231579184532166,0.6109665373626761
7,45900,i,test,0.5970625877380371,0.5760623421928659
7,46800,a,test,0.5914205312728882,0.5747014352146255
7,46800,b,test,0.5341130495071411,0.5045469409205975
7,46800,c,test,0.5101010203361511,0.49802182851261806
7,46800,d,test,0.6215837597846985,0.6060059155751308
7,46800,e,test,0.5853499174118042,0.5285552846192921
7,46800,f,test,0.6040905714035034,0.5986998818354697
7,46800,g,test,0.6119303107261658,0.6026238395106249
7,46800,h,test,0.6308771967887878,0.6229762900666349
7,46800,i,test,0.5989782810211182,0.5772639243631553
7,47700,a,test,0.5801687836647034,0.5607610469293826
7,47700,b,test,0.5477582812309265,0.515209648475309
7,47700,c,test,0.5086579918861389,0.4976367809069701
7,47700,d,test,0.6117729544639587,0.5845264960032004
7,47700,e,test,0.5873119831085205,0.5397811096087767
7,47700,f,test,0.5924032330513,0.5799533704994605
7,47700,g,test,0.6193029284477234,0.6156905473251161
7,47700,h,test,0.6392982602119446,0.6208844298338139
7,47700,i,test,0.5970625877380371,0.5753991116484709
7,48600,a,test,0.5900140404701233,0.5765815193504146
7,48600,b,test,0.5237166881561279,0.4993095220318371
7,48600,c,test,0.5014430284500122,0.4900930996052066
7,48600,d,test,0.62018221616745,0.5945673549146123
7,48600,e,test,0.5951602458953857,0.5462052408047886
7,48600,f,test,0.599707841873169,0.5911878291124644
7,48600,g,test,0.6206434369087219,0.615760241801403
7,48600,h,test,0.6161403656005859,0.6051431402604148
7,48600,i,test,0.6060025691986084,0.577319582756927
7,49500,a,test,0.5625879168510437,0.5430749391827041
7,49500,b,test,0.5269655585289001,0.5044537991217135
7,49500,c,test,0.5129870176315308,0.49433535694472835
7,49500,d,test,0.6026629209518433,0.5756983358356473
7,49500,e,test,0.5945062041282654,0.5344993590183265
7,49500,f,test,0.6040905714035034,0.6001329706131106
7,49500,g,test,0.6266756057739258,0.6206547431068152
7,49500,h,test,0.621052622795105,0.6091534924349568
7,49500,i,test,0.6053639650344849,0.5838062159943899
7,50400,a,test,0.5203937888145447,0.4987156405149689
7,50400,b,test,0.5529564619064331,0.5272022478304735
7,50400,c,test,0.49639248847961426,0.48315608839874663
7,50400,d,test,0.6250876188278198,0.6045697287270645
7,50400,e,test,0.5873119831085205,0.5364911773882993
7,50400,f,test,0.6070123910903931,0.6005584541672634
7,50400,g,test,0.6005361676216125,0.6001411294413833
7,50400,h,test,0.6329824328422546,0.6159203037993558
7,50400,i,test,0.6111111044883728,0.5982434948589884
7,51300,a,test,0.5759493708610535,0.5529685632723812
7,51300,b,test,0.5549057722091675,0.5180040144402738
7,51300,c,test,0.5043290257453918,0.49484037850863016
7,51300,d,test,0.6355991363525391,0.614905347496985
7,51300,e,test,0.5827338099479675,0.5311701741466873
7,51300,f,test,0.6026296615600586,0.5955828347536746
7,51300,g,test,0.6280161142349243,0.6257725669222327
7,51300,h,test,0.6392982602119446,0.6281513491449261
7,51300,i,test,0.6117497086524963,0.5976524132764087
7,52200,a,test,0.5639943480491638,0.5403224557718858
7,52200,b,test,0.5627030730247498,0.5285741679978201
7,52200,c,test,0.5057719945907593,0.4935052770886987
7,52200,d,test,0.6299930214881897,0.605579973323595
7,52200,e,test,0.598430335521698,0.5427065308686464
7,52200,f,test,0.6018992066383362,0.592853212845884
7,52200,g,test,0.6172922253608704,0.6138828889529284
7,52200,h,test,0.6364912390708923,0.6130831051150379
7,52200,i,test,0.6174967885017395,0.5843590757380941
7,53100,a,test,0.5928270220756531,0.570330143419376
7,53100,b,test,0.5536062121391296,0.5161992388691977
7,53100,c,test,0.5072150230407715,0.4971128301793384
7,53100,d,test,0.6215837597846985,0.5953475766661499
7,53100,e,test,0.5833878517150879,0.5280936392967744
7,53100,f,test,0.6011687517166138,0.5962631893110876
7,53100,g,test,0.6434316635131836,0.6368918296750257
7,53100,h,test,0.6603508591651917,0.6507610103955027
7,53100,i,test,0.6079182624816895,0.5729485879591126
7,54000,a,test,0.5752461552619934,0.5486869010155129
7,54000,b,test,0.574398934841156,0.5427211939725299
7,54000,c,test,0.4848484992980957,0.4723753474107273
7,54000,d,test,0.5802382826805115,0.5387878561214893
7,54000,e,test,0.577501654624939,0.5229286505290317
7,54000,f,test,0.5675675868988037,0.5608609030293321
7,54000,g,test,0.6159517168998718,0.6107831481601063
7,54000,h,test,0.648421049118042,0.6368548552009686
7,54000,i,test,0.610472559928894,0.580828173686584
7,54900,a,test,0.5907173156738281,0.5683026338659855
7,54900,b,test,0.5795971155166626,0.5376708174721546
7,54900,c,test,0.48845598101615906,0.47447210631405695
7,54900,d,test,0.6194814443588257,0.5907324362096846
7,54900,e,test,0.5788096785545349,0.5218455669542531
7,54900,f,test,0.6106647253036499,0.6015305148141202
7,54900,g,test,0.6427614092826843,0.634042853700215
7,54900,h,test,0.6491228342056274,0.6379380393702556
7,54900,i,test,0.595146894454956,0.5681773145901765
7,55800,a,test,0.5815752744674683,0.5503688802282558
7,55800,b,test,0.5802469253540039,0.5376046058644431
7,55800,c,test,0.5151515007019043,0.5023881730184899
7,55800,d,test,0.6271899342536926,0.5973829852672629
7,55800,e,test,0.5879659652709961,0.536638277059228
7,55800,f,test,0.5989773273468018,0.5916873609021586
7,55800,g,test,0.6193029284477234,0.6125843007191664
7,55800,h,test,0.6421052813529968,0.6324017682889226
7,55800,i,test,0.6206896305084229,0.5857333533961163
7,56700,a,test,0.5900140404701233,0.550909927192904
7,56700,b,test,0.5717998743057251,0.5278709208849018
7,56700,c,test,0.5259740352630615,0.5060100200043031
7,56700,d,test,0.6243868470191956,0.5918419955378201
7,56700,e,test,0.5958142280578613,0.5396905639819524
7,56700,f,test,0.5982468724250793,0.5928498432650927
7,56700,g,test,0.6146112680435181,0.6067452016474388
7,56700,h,test,0.6217544078826904,0.5989198329297146
7,56700,i,test,0.6098339557647705,0.5734510026979335
7,57600,a,test,0.6040787696838379,0.5801561430565424
7,57600,b,test,0.5802469253540039,0.5353050567752984
7,57600,c,test,0.5151515007019043,0.5003573255263204
7,57600,d,test,0.6187806725502014,0.5872328768545191
7,57600,e,test,0.5951602458953857,0.5351731269785284
7,57600,f,test,0.6011687517166138,0.5927553734208469
7,57600,g,test,0.6233243942260742,0.6128264759501612
7,57600,h,test,0.6343859434127808,0.610910986254605
7,57600,i,test,0.6123882532119751,0.5771025769650061
7,58500,a,test,0.6139240264892578,0.5957120598530095
7,58500,b,test,0.593242347240448,0.5513981531361065
7,58500,c,test,0.5432900190353394,0.5236919427468371
7,58500,d,test,0.6264891624450684,0.5999529714141775
7,58500,e,test,0.5709614157676697,0.514687708959076
7,58500,f,test,0.5872899889945984,0.5820934722755554
7,58500,g,test,0.6327077746391296,0.6249748333204606
7,58500,h,test,0.6456140279769897,0.6312669522765589
7,58500,i,test,0.6213282346725464,0.5826338388698146
7,59400,a,test,0.6216596364974976,0.6112848758879746
7,59400,b,test,0.5477582812309265,0.5195019822355255
7,59400,c,test,0.5454545617103577,0.5361907941691418
7,59400,d,test,0.6320952773094177,0.6047147552465234
7,59400,e,test,0.6049705743789673,0.5491056953841144
7,59400,f,test,0.5989773273468018,0.5899751541996928
7,59400,g,test,0.6293565630912781,0.6199459353248028
7,59400,h,test,0.659649133682251,0.6496085162029558
7,59400,i,test,0.6111111044883728,0.5798748650497019
7,60300,a,test,0.5893108248710632,0.565612449116595
7,60300,b,test,0.5717998743057251,0.5455547663066622
7,60300,c,test,0.5346320271492004,0.5243562701755323
7,60300,d,test,0.6334968209266663,0.6126795261716423
7,60300,e,test,0.5997384190559387,0.5467480210127902
7,60300,f,test,0.5960555076599121,0.589878393505383
7,60300,g,test,0.6554960012435913,0.6500634316360973
7,60300,h,test,0.6399999856948853,0.6359929005526258
7,60300,i,test,0.6174967885017395,0.595052439021026
7,61200,a,test,0.5900140404701233,0.5727544715334105
7,61200,b,test,0.5646523833274841,0.5284886732353695
7,61200,c,test,0.533189058303833,0.5194149967048456
7,61200,d,test,0.6348983645439148,0.6140486506094426
7,61200,e,test,0.6160889267921448,0.566871688781376
7,61200,f,test,0.5799853801727295,0.5812761751037591
7,61200,g,test,0.6474530696868896,0.6374547181384286
7,61200,h,test,0.6589473485946655,0.6401475655972714
7,61200,i,test,0.6149425506591797,0.5979496893244286
7,62100,a,test,0.5963431596755981,0.5846590085629982
7,62100,b,test,0.5490578413009644,0.5025190327835777
7,62100,c,test,0.569985568523407,0.5588054363012521
7,62100,d,test,0.6419060826301575,0.6227516590392191
7,62100,e,test,0.6082406640052795,0.5420507386676848
7,62100,f,test,0.6062819361686707,0.6039229822010822
7,62100,g,test,0.6414209008216858,0.6401293661877093
7,62100,h,test,0.6547368168830872,0.6433694981363252
7,62100,i,test,0.6206896305084229,0.598203961382252
7,63000,a,test,0.5857946276664734,0.5647296245549687
7,63000,b,test,0.5666016936302185,0.5221466173311113
7,63000,c,test,0.5707070827484131,0.5612535993088834
7,63000,d,test,0.6503153443336487,0.6330680010865595
7,63000,e,test,0.6115108132362366,0.5500027169382814
7,63000,f,test,0.5894813537597656,0.5846654262205969
7,63000,g,test,0.6367292404174805,0.6365548420037288
7,63000,h,test,0.6652631759643555,0.6508132507076629
7,63000,i,test,0.6149425506591797,0.5972314666352949
7,63900,a,test,0.5787622928619385,0.5614244071433324
7,63900,b,test,0.5782976150512695,0.531129548011776
7,63900,c,test,0.5735930800437927,0.5639718528798398
7,63900,d,test,0.6531184315681458,0.6338595731099959
7,63900,e,test,0.6102027297019958,0.5618933732375794
7,63900,f,test,0.5960555076599121,0.5904587920717763
7,63900,g,test,0.6266756057739258,0.6255605134044196
7,63900,h,test,0.6575438380241394,0.6419942053395405
7,63900,i,test,0.6206896305084229,0.5948095591759714
7,64800,a,test,0.600562572479248,0.5881568120732664
7,64800,b,test,0.5782976150512695,0.543168692393266
7,64800,c,test,0.5649350881576538,0.5559869141565355
7,64800,d,test,0.6552207469940186,0.6392429887138806
7,64800,e,test,0.6056246161460876,0.5427484615308851
7,64800,f,test,0.5989773273468018,0.5918794761911726
7,64800,g,test,0.6233243942260742,0.6173725677839509
7,64800,h,test,0.6470175385475159,0.6381356824206108
7,64800,i,test,0.6296296119689941,0.6058021599346955
7,65700,a,test,0.597749650478363,0.576900245088228
7,65700,b,test,0.5802469253540039,0.5478860566141832
7,65700,c,test,0.5490620732307434,0.5210554923785224
7,65700,d,test,0.6384022235870361,0.6137124628247762
7,65700,e,test,0.6252452731132507,0.5705172276503402
7,65700,f,test,0.6230825185775757,0.6179407910234457
7,65700,g,test,0.6300268173217773,0.6183616310601446
7,65700,h,test,0.6554386019706726,0.6464400330731336
7,65700,i,test,0.6219667792320251,0.5972690839597381
7,66600,a,test,0.6054852604866028,0.5936619589218062
7,66600,b,test,0.574398934841156,0.5409764704005414
7,66600,c,test,0.5569985508918762,0.5297463730348927
7,66600,d,test,0.674141526222229,0.6576121772320873
7,66600,e,test,0.6219751238822937,0.57243392874457
7,66600,f,test,0.5975164175033569,0.5933506033098254
7,66600,g,test,0.6494638323783875,0.6413394996820131
7,66600,h,test,0.6554386019706726,0.6495944348807532
7,66600,i,test,0.6194125413894653,0.6001667264491333
7,67500,a,test,0.6132208108901978,0.5980569263251984
7,67500,b,test,0.5841455459594727,0.5414051251056513
7,67500,c,test,0.5353535413742065,0.49881228463387384
7,67500,d,test,0.6257883906364441,0.5951612153557485
7,67500,e,test,0.6213211417198181,0.5690103881533637
7,67500,f,test,0.6216216087341309,0.616983498038771
7,67500,g,test,0.6179624795913696,0.6017696544151384
7,67500,h,test,0.6456140279769897,0.6328459496643428
7,67500,i,test,0.6079182624816895,0.5781501698871114
7,68400,a,test,0.6286919713020325,0.6118504136595037
7,68400,b,test,0.5705003142356873,0.5329331393535223
7,68400,c,test,0.5324675440788269,0.49665183365756244
7,68400,d,test,0.6440083980560303,0.6221698095661135
7,68400,e,test,0.6324394941329956,0.5802483005651266
7,68400,f,test,0.614316999912262,0.5986132492168776
7,68400,g,test,0.6427614092826843,0.6344911284926558
7,68400,h,test,0.6470175385475159,0.6262382710099285
7,68400,i,test,0.6155810952186584,0.5888110301820398
7,69300,a,test,0.6329113841056824,0.6199571481660359
7,69300,b,test,0.5906432867050171,0.5538312345913251
7,69300,c,test,0.5468975305557251,0.5162256488167616
7,69300,d,test,0.6524176597595215,0.6315137004966533
7,69300,e,test,0.6102027297019958,0.5562444148105118
7,69300,f,test,0.590211808681488,0.5781034789250443
7,69300,g,test,0.6467828154563904,0.6377205354470363
7,69300,h,test,0.6547368168830872,0.6364107553778342
7,69300,i,test,0.6117497086524963,0.5885210239151296
7,70200,a,test,0.6251758337020874,0.6168656393604787
7,70200,b,test,0.593242347240448,0.5557144231626387
7,70200,c,test,0.5598845481872559,0.5363053101933347
7,70200,d,test,0.6496145725250244,0.6262830096131737
7,70200,e,test,0.603008508682251,0.5423341104549446
7,70200,f,test,0.6172388792037964,0.6130027511267594
7,70200,g,test,0.6286863088607788,0.6191797291701256
7,70200,h,test,0.6392982602119446,0.6216008308693437
7,70200,i,test,0.6194125413894653,0.5969097826071882
7,71100,a,test,0.604781985282898,0.5921917890181856
7,71100,b,test,0.5795971155166626,0.5465820777980168
7,71100,c,test,0.5714285969734192,0.5580059237836857
7,71100,d,test,0.65381920337677,0.6320021088479304
7,71100,e,test,0.6121647953987122,0.550231218701637
7,71100,f,test,0.6077429056167603,0.6031877927675126
7,71100,g,test,0.6441018581390381,0.630878126340014
7,71100,h,test,0.6624561548233032,0.6512718980904822
7,71100,i,test,0.6321839094161987,0.5984848793314564
7,72000,a,test,0.6040787696838379,0.5975544831846743
7,72000,b,test,0.6042885184288025,0.5635498984296309
7,72000,c,test,0.5649350881576538,0.5546635543266162
7,72000,d,test,0.6503153443336487,0.6311613265032251
7,72000,e,test,0.6422498226165771,0.5985094316274601
7,72000,f,test,0.6055514812469482,0.5970509435729788
7,72000,g,test,0.6340482831001282,0.6295669137042591
7,72000,h,test,0.6505263447761536,0.6368377494258596
7,72000,i,test,0.6366539001464844,0.6194349636704982
7,72900,a,test,0.5724331736564636,0.5482369385292495
7,72900,b,test,0.6016893982887268,0.5624267532657323
7,72900,c,test,0.569985568523407,0.5536590815691628
7,72900,d,test,0.6489138007164001,0.6272263310924016
7,72900,e,test,0.6402877569198608,0.5990545992800943
7,72900,f,test,0.6121256351470947,0.6086025345462552
7,72900,g,test,0.6487935781478882,0.6439717331403269
7,72900,h,test,0.6589473485946655,0.6448839572709872
7,72900,i,test,0.639208197593689,0.6162378344138294
7,73800,a,test,0.5794655680656433,0.5585487987914988
7,73800,b,test,0.6107861995697021,0.5629683254332022
7,73800,c,test,0.569985568523407,0.5501601173092073
7,73800,d,test,0.6496145725250244,0.6276199901341738
7,73800,e,test,0.6455199718475342,0.5999292677448401
7,73800,f,test,0.6040905714035034,0.5950352180717585
7,73800,g,test,0.6501340270042419,0.6417823781715932
7,73800,h,test,0.6617543697357178,0.6409618916949967
7,73800,i,test,0.6366539001464844,0.6146310633497584
7,74700,a,test,0.5857946276664734,0.563222806861895
7,74700,b,test,0.5906432867050171,0.5574698384296232
7,74700,c,test,0.5483405590057373,0.527760590288657
7,74700,d,test,0.6769446134567261,0.664622045605073
7,74700,e,test,0.6494441032409668,0.6018575310256299
7,74700,f,test,0.6055514812469482,0.597736664085731
7,74700,g,test,0.6514745354652405,0.6461368841608642
7,74700,h,test,0.6898245811462402,0.6852533276996403
7,74700,i,test,0.6289910674095154,0.6133937745911205
7,75600,a,test,0.607594907283783,0.5909022789119488
7,75600,b,test,0.6068875789642334,0.577358248022283
7,75600,c,test,0.5728715658187866,0.5553566271821209
7,75600,d,test,0.6685354113578796,0.6513042237489821
7,75600,e,test,0.6455199718475342,0.6048446612913574
7,75600,f,test,0.6121256351470947,0.608255403223895
7,75600,g,test,0.6407506465911865,0.6335706158416196
7,75600,h,test,0.659649133682251,0.6508090350906497
7,75600,i,test,0.6347382068634033,0.6215931539433246
7,76500,a,test,0.6272855401039124,0.6136076233487068
7,76500,b,test,0.623781681060791,0.579291787514681
7,76500,c,test,0.5808081030845642,0.565131038774206
7,76500,d,test,0.6783461570739746,0.665215958520628
7,76500,e,test,0.6324394941329956,0.5849135957854334
7,76500,f,test,0.6186997890472412,0.6170004814820276
7,76500,g,test,0.6213136911392212,0.6140749044804034
7,76500,h,test,0.6722807288169861,0.6645099019680439
7,76500,i,test,0.6372924447059631,0.6341194590034681
7,77400,a,test,0.6300984621047974,0.6113113687190762
7,77400,b,test,0.6088368892669678,0.5678842747339884
7,77400,c,test,0.5995671153068542,0.5818747738093465
7,77400,d,test,0.6888577342033386,0.6816055051470339
7,77400,e,test,0.6383256912231445,0.5915127502178634
7,77400,f,test,0.6208911538124084,0.6186002135508016
7,77400,g,test,0.6347184777259827,0.6283429870211618
7,77400,h,test,0.6968421339988708,0.6935777178577464
7,77400,i,test,0.633461058139801,0.6214425223330676
7,78300,a,test,0.6343178749084473,0.6214412730402464
7,78300,b,test,0.6094866991043091,0.5775121335317736
7,78300,c,test,0.5988456010818481,0.5829629236144617
7,78300,d,test,0.7049754858016968,0.69628921484574
7,78300,e,test,0.6232832074165344,0.5742860539390643
7,78300,f,test,0.6128560900688171,0.6130980347874158
7,78300,g,test,0.6380696892738342,0.6341286168608423
7,78300,h,test,0.6856140494346619,0.6808959888296627
7,78300,i,test,0.6526181101799011,0.6448344931617903
7,79200,a,test,0.6286919713020325,0.6110432213056864
7,79200,b,test,0.6029889583587646,0.5681074241033403
7,79200,c,test,0.5865800976753235,0.5712962196242434
7,79200,d,test,0.7007708549499512,0.6903435908441443
7,79200,e,test,0.6461739540100098,0.6045212250122262
7,79200,f,test,0.6128560900688171,0.6144402558479377
7,79200,g,test,0.6367292404174805,0.6283812009402397
7,79200,h,test,0.6792982220649719,0.6712449101298451
7,79200,i,test,0.6577267050743103,0.6471373265698358
7,80100,a,test,0.650492250919342,0.6346326818990812
7,80100,b,test,0.6068875789642334,0.5714698508946726
7,80100,c,test,0.5894660949707031,0.5769420212985626
7,80100,d,test,0.7098808884620667,0.7008420275556281
7,80100,e,test,0.627207338809967,0.588290814008878
7,80100,f,test,0.6208911538124084,0.6209628875566565
7,80100,g,test,0.6494638323783875,0.6467684243110551
7,80100,h,test,0.6968421339988708,0.6880109847741155
7,80100,i,test,0.6577267050743103,0.6472530054328139
7,81000,a,test,0.6308016777038574,0.6103709627715733
7,81000,b,test,0.6153346300125122,0.5797309264501808
7,81000,c,test,0.5880230665206909,0.5723951357666367
7,81000,d,test,0.6937631368637085,0.6806638734991736
7,81000,e,test,0.6402877569198608,0.5941433229346172
7,81000,f,test,0.6223520636558533,0.6237676801231323
7,81000,g,test,0.6501340270042419,0.6451858027204033
7,81000,h,test,0.703157901763916,0.6926277574553783
7,81000,i,test,0.6532567143440247,0.6311535526496369
7,81900,a,test,0.597749650478363,0.5821937711666697
7,81900,b,test,0.61208575963974,0.57399876109921
7,81900,c,test,0.5909090638160706,0.5817560305493669
7,81900,d,test,0.6650315523147583,0.6445677794082313
7,81900,e,test,0.658600389957428,0.6149331670469517
7,81900,f,test,0.6018992066383362,0.5984069707100313
7,81900,g,test,0.637399435043335,0.6356573033773247
7,81900,h,test,0.6926316022872925,0.6828831763313884
7,81900,i,test,0.6570881009101868,0.6399789559638419
7,82800,a,test,0.6293952465057373,0.6213617328825497
7,82800,b,test,0.6127355694770813,0.5854655690036231
7,82800,c,test,0.5714285969734192,0.5564453213594814
7,82800,d,test,0.6608269214630127,0.6425637272982728
7,82800,e,test,0.6677566766738892,0.623851250119737
7,82800,f,test,0.6216216087341309,0.6202644532192129
7,82800,g,test,0.6179624795913696,0.6143867137390703
7,82800,h,test,0.6771929860115051,0.6633169735199975
7,82800,i,test,0.6404852867126465,0.6338833869881179
7,83700,a,test,0.6279887557029724,0.6214793465175944
7,83700,b,test,0.6114360094070435,0.5772478790700674
7,83700,c,test,0.5670995712280273,0.5539736174444035
7,83700,d,test,0.6678346395492554,0.6519779824035619
7,83700,e,test,0.6605624556541443,0.6251755458275001
7,83700,f,test,0.6194302439689636,0.6228722141803736
7,83700,g,test,0.6387399435043335,0.6354845802137709
7,83700,h,test,0.6835087537765503,0.6759881295973947
7,83700,i,test,0.6353767514228821,0.622882557381334
7,84600,a,test,0.657524585723877,0.6471580134439227
7,84600,b,test,0.6068875789642334,0.5743749141195781
7,84600,c,test,0.5375180244445801,0.5137209057325373
7,84600,d,test,0.6706377267837524,0.6529904880827486
7,84600,e,test,0.633093535900116,0.5868396597282592
7,84600,f,test,0.6281957626342773,0.6253880209972996
7,84600,g,test,0.6434316635131836,0.6385633033874415
7,84600,h,test,0.6877192854881287,0.6803659534300297
7,84600,i,test,0.6475095748901367,0.6333737732964383
7,85500,a,test,0.6167370080947876,0.6119737413116636
7,85500,b,test,0.5919428467750549,0.5479461807653067
7,85500,c,test,0.5526695251464844,0.5362699487784927
7,85500,d,test,0.6993693113327026,0.687735071426102
7,85500,e,test,0.6304774284362793,0.5850554000302427
7,85500,f,test,0.5763331055641174,0.5745356252306321
7,85500,g,test,0.6441018581390381,0.642787070717593
7,85500,h,test,0.6975438594818115,0.6860720929258926
7,85500,i,test,0.6570881009101868,0.6419261756480975
7,86400,a,test,0.6286919713020325,0.624518410759789
7,86400,b,test,0.6140350699424744,0.5797063405787349
7,86400,c,test,0.5656565427780151,0.5489975523724125
7,86400,d,test,0.6867554187774658,0.6740379939697673
7,86400,e,test,0.6278613209724426,0.5855396303853656
7,86400,f,test,0.620160698890686,0.6161648145580322
7,86400,g,test,0.6514745354652405,0.6506345742850762
7,86400,h,test,0.6863157749176025,0.679084561862067
7,86400,i,test,0.6507024168968201,0.6290352543824556
129,0,a,test,0.13572433590888977,0.04499571958952763
129,0,b,test,0.2033788114786148,0.06625947981880186
129,0,c,test,0.17316018044948578,0.057354865230882235
129,0,d,test,0.20882971584796906,0.060929841963734466
129,0,e,test,0.18966645002365112,0.05727161223908711
129,0,f,test,0.13659605383872986,0.04981697534547242
129,0,g,test,0.20107237994670868,0.05818053101665797
129,0,h,test,0.16491228342056274,0.05501884663481508
129,0,i,test,0.18263091146945953,0.05655713400384205
129,900,a,test,0.14135020971298218,0.06388348704788406
129,900,b,test,0.19818063080310822,0.08202835574306123
129,900,c,test,0.16810967028141022,0.0884603280501829
129,900,d,test,0.2207428216934204,0.0730708406071444
129,900,e,test,0.19751471281051636,0.09094962164890534
129,900,f,test,0.18918919563293457,0.06797166764600045
129,900,g,test,0.20509383082389832,0.09627240670067495
129,900,h,test,0.16842105984687805,0.05261439176431029
129,900,i,test,0.18518517911434174,0.06356699469028675
129,1800,a,test,0.3122362792491913,0.27491405790089046
129,1800,b,test,0.22287198901176453,0.13917616491192955
129,1800,c,test,0.21067820489406586,0.1649536764259791
129,1800,d,test,0.3594954311847687,0.2634308324399246
129,1800,e,test,0.18901242315769196,0.10679026846286482
129,1800,f,test,0.1921110302209854,0.1259275446558476
129,1800,g,test,0.29356569051742554,0.2465908381489533
129,1800,h,test,0.19017544388771057,0.12039453740353805
129,1800,i,test,0.26436781883239746,0.17578400949857087
129,2700,a,test,0.42264416813850403,0.3868060866568473
129,2700,b,test,0.35347628593444824,0.3401230644149346
129,2700,c,test,0.36868685483932495,0.3617107017758014
129,2700,d,test,0.40784862637519836,0.34414984438954493
129,2700,e,test,0.3400915563106537,0.2701645540573833
129,2700,f,test,0.3228633999824524,0.2623507461845303
129,2700,g,test,0.41890081763267517,0.3798590098167798
129,2700,h,test,0.3585965037345886,0.2971835187494556
129,2700,i,test,0.38314175605773926,0.36162648243394097
129,3600,a,test,0.4163150489330292,0.37398430650398856
129,3600,b,test,0.3768680989742279,0.36152834919958204
129,3600,c,test,0.371572881937027,0.3640420573774903
129,3600,d,test,0.4400840997695923,0.3820764268344195
129,3600,e,test,0.32570308446884155,0.2819710999953308
129,3600,f,test,0.35646456480026245,0.3194794734931041
129,3600,g,test,0.4229222536087036,0.3805478787130252
129,3600,h,test,0.35087719559669495,0.3263367142889877
129,3600,i,test,0.42081737518310547,0.3981202323964999
129,4500,a,test,0.4303797483444214,0.3750522341335267
129,4500,b,test,0.40025991201400757,0.38700932822221984
129,4500,c,test,0.3888888955116272,0.37864377311954706
129,4500,d,test,0.4491941034793854,0.4090044670946383
129,4500,e,test,0.3440156877040863,0.3198969998133047
129,4500,f,test,0.4258582890033722,0.4006946817823487
129,4500,g,test,0.4302949011325836,0.39073221036991357
129,4500,h,test,0.37824562191963196,0.35776615490920277
129,4500,i,test,0.4623243808746338,0.4368405045735131
129,5400,a,test,0.4184247553348541,0.3555792883372677
129,5400,b,test,0.4152046740055084,0.4041533810348253
129,5400,c,test,0.380952388048172,0.3566386354792029
129,5400,d,test,0.45620182156562805,0.4098273278942684
129,5400,e,test,0.35382601618766785,0.32858366988861304
129,5400,f,test,0.42293643951416016,0.40325071180118477
129,5400,g,test,0.44638070464134216,0.4101269046791009
129,5400,h,test,0.3761403560638428,0.3560654014468661
129,5400,i,test,0.47381865978240967,0.4305985699809449
129,6300,a,test,0.4219409227371216,0.3547888059013311
129,6300,b,test,0.4249512553215027,0.4121347751029913
129,6300,c,test,0.36724385619163513,0.3287232646100637
129,6300,d,test,0.46951645612716675,0.4197582976099117
129,6300,e,test,0.38521909713745117,0.34864752434621793
129,6300,f,test,0.4631117582321167,0.44497672024597046
129,6300,g,test,0.4457104504108429,0.4065051738948416
129,6300,h,test,0.4140350818634033,0.4021124472876474
129,6300,i,test,0.48020434379577637,0.43315771343047804
129,7200,a,test,0.4458509087562561,0.39647018249980176
129,7200,b,test,0.43794670701026917,0.4263789834248823
129,7200,c,test,0.3953824043273926,0.3498286812101578
129,7200,d,test,0.4751226305961609,0.4154122691383975
129,7200,e,test,0.38979724049568176,0.3566358880543703
129,7200,f,test,0.4777209758758545,0.45790646233118726
129,7200,g,test,0.4584450423717499,0.42378498115992125
129,7200,h,test,0.4526315927505493,0.42874855772039283
129,7200,i,test,0.501915693283081,0.45248540185394037
129,8100,a,test,0.46905767917633057,0.43366031104943287
129,8100,b,test,0.4411955773830414,0.4127683380443203
129,8100,c,test,0.4062049090862274,0.36595062679289847
129,8100,d,test,0.4898388087749481,0.4404570469145268
129,8100,e,test,0.4022236764431,0.3784320744537764
129,8100,f,test,0.4718772768974304,0.46052231325571696
129,8100,g,test,0.4611259996891022,0.44176664008029204
129,8100,h,test,0.4898245632648468,0.4687333720017854
129,8100,i,test,0.5006385445594788,0.4312085884992109
129,9000,a,test,0.4845288395881653,0.4556740280150384
129,9000,b,test,0.4437946677207947,0.4261919364710633
129,9000,c,test,0.4184704124927521,0.38307020828760247
129,9000,d,test,0.508759617805481,0.4793446493704428
129,9000,e,test,0.4427730441093445,0.4168517358799247
129,9000,f,test,0.4908692538738251,0.47963935407238384
129,9000,g,test,0.4631367325782776,0.4376125389468956
129,9000,h,test,0.4694736897945404,0.45900445284718594
129,9000,i,test,0.5089399814605713,0.4425253378757359
129,9900,a,test,0.47819972038269043,0.4399475777968809
129,9900,b,test,0.4301494359970093,0.4107871268188614
129,9900,c,test,0.4141414165496826,0.38978977757107636
129,9900,d,test,0.5101611614227295,0.4818258322863527
129,9900,e,test,0.4395029544830322,0.4140828742328229
129,9900,f,test,0.49671292304992676,0.49139144974352583
129,9900,g,test,0.472520112991333,0.45604726674232765
129,9900,h,test,0.49473685026168823,0.4814452461715339
129,9900,i,test,0.5,0.4589628822998036
129,10800,a,test,0.4655414819717407,0.42204731856879113
129,10800,b,test,0.4437946677207947,0.421060339486119
129,10800,c,test,0.4134199023246765,0.3886120338631866
129,10800,d,test,0.5122634768486023,0.4791139158028566
129,10800,e,test,0.4440810978412628,0.4089542515972306
129,10800,f,test,0.5047479867935181,0.4874561963398972
129,10800,g,test,0.46447721123695374,0.4430507214928093
129,10800,h,test,0.48701754212379456,0.47533719972548977
129,10800,i,test,0.5242656469345093,0.4777404598158372
129,11700,a,test,0.4817158877849579,0.4529931334881734
129,11700,b,test,0.45094215869903564,0.43230378761455784
129,11700,c,test,0.40764790773391724,0.37560295091859336
129,11700,d,test,0.5255781412124634,0.49906893246030964
129,11700,e,test,0.4591236114501953,0.4192348656009952
129,11700,f,test,0.5062088966369629,0.4889142184592065
129,11700,g,test,0.45643430948257446,0.4421037126535992
129,11700,h,test,0.46877193450927734,0.4581849523976318
129,11700,i,test,0.5287356376647949,0.48071032388206136
129,12600,a,test,0.4845288395881653,0.45448490277386416
129,12600,b,test,0.4658869504928589,0.45205865932679967
129,12600,c,test,0.4105339050292969,0.3803289411152857
129,12600,d,test,0.5374912619590759,0.5203427478509349
129,12600,e,test,0.44800522923469543,0.40325973541907684
129,12600,f,test,0.512052595615387,0.4932873294160503
129,12600,g,test,0.4604557752609253,0.4463362097917867
129,12600,h,test,0.4624561369419098,0.4474097520278482
129,12600,i,test,0.5415070056915283,0.5111427363179298
129,13500,a,test,0.474683552980423,0.4376079669113289
129,13500,b,test,0.46458739042282104,0.45359957552077185
129,13500,c,test,0.42279940843582153,0.3896214234393424
129,13500,d,test,0.5367904901504517,0.5131275805038434
129,13500,e,test,0.4676258862018585,0.415466759093816
129,13500,f,test,0.49525201320648193,0.4803258515497309
129,13500,g,test,0.47587132453918457,0.45521721219057715
129,13500,h,test,0.4715789556503296,0.45948882966121757
129,13500,i,test,0.5370370149612427,0.49380998760969014
129,14400,a,test,0.4760900139808655,0.44069036219041724
129,14400,b,test,0.458089679479599,0.4443071341733679
129,14400,c,test,0.4350649416446686,0.4143947903180176
129,14400,d,test,0.5255781412124634,0.49741315610250697
129,14400,e,test,0.4617396891117096,0.4189579432337051
129,14400,f,test,0.5076698064804077,0.48993592090155585
129,14400,g,test,0.487265408039093,0.46711518498856996
129,14400,h,test,0.5066666603088379,0.4918345607351117
129,14400,i,test,0.5395913124084473,0.49629822348327
129,15300,a,test,0.46905767917633057,0.428268860465139
129,15300,b,test,0.4528914988040924,0.4353174662484351
129,15300,c,test,0.4365079402923584,0.409345078605577
129,15300,d,test,0.5564120411872864,0.5354424896110722
129,15300,e,test,0.46893393993377686,0.4306473219542981
129,15300,f,test,0.5193572044372559,0.5051121243956116
129,15300,g,test,0.48592492938041687,0.4611719058630796
129,15300,h,test,0.5129824280738831,0.49816593791736113
129,15300,i,test,0.5472541451454163,0.5055844951415701
129,16200,a,test,0.48804500699043274,0.4614168690371688
129,16200,b,test,0.4496426284313202,0.43364666852944245
129,16200,c,test,0.4466089606285095,0.4333902802855088
129,16200,d,test,0.5564120411872864,0.5277083341904852
129,16200,e,test,0.45585349202156067,0.4103647493630705
129,16200,f,test,0.501095712184906,0.47936338744099255
129,16200,g,test,0.5154155492782593,0.501318057754989
129,16200,h,test,0.5108771920204163,0.49330876343247027
129,16200,i,test,0.5446998476982117,0.5026735521130729
129,17100,a,test,0.5330520272254944,0.5164667761102152
129,17100,b,test,0.47043535113334656,0.4473992531838573
129,17100,c,test,0.44949495792388916,0.43716165760472087
129,17100,d,test,0.5444989204406738,0.5086082067279497
129,17100,e,test,0.4466971755027771,0.40909917589828426
129,17100,f,test,0.512052595615387,0.49858312767611085
129,17100,g,test,0.5160858035087585,0.5041392553781143
129,17100,h,test,0.5326315760612488,0.51254260424119
129,17100,i,test,0.5561941266059875,0.520931451509978
129,18000,a,test,0.5372714400291443,0.5196959241613152
129,18000,b,test,0.4665367007255554,0.44885614172363786
129,18000,c,test,0.4617604613304138,0.44885237424177366
129,18000,d,test,0.5641205310821533,0.53560636677033
129,18000,e,test,0.43884891271591187,0.4150253486039488
129,18000,f,test,0.5208181142807007,0.5101020720010944
129,18000,g,test,0.5167560577392578,0.5010768933296325
129,18000,h,test,0.5164912343025208,0.49700619226533416
129,18000,i,test,0.5657726526260376,0.522839193193976
129,18900,a,test,0.5232067704200745,0.5083082999006098
129,18900,b,test,0.45873942971229553,0.4405572223697776
129,18900,c,test,0.4660894572734833,0.4554435424392573
129,18900,d,test,0.563419759273529,0.5353883785014236
129,18900,e,test,0.44996729493141174,0.42036447399234106
129,18900,f,test,0.5054784417152405,0.4932787998287737
129,18900,g,test,0.5053619146347046,0.49254081783898024
129,18900,h,test,0.524210512638092,0.5051270910080553
129,18900,i,test,0.5638569593429565,0.5296772530249112
129,19800,a,test,0.50492262840271,0.47353110812116633
129,19800,b,test,0.45419102907180786,0.44182653107788755
129,19800,c,test,0.4826839864253998,0.46277569346747865
129,19800,d,test,0.5627189874649048,0.5348144052183321
129,19800,e,test,0.45650753378868103,0.43045676072282607
129,19800,f,test,0.5164353251457214,0.5001141577933733
129,19800,g,test,0.510723888874054,0.502441392721551
129,19800,h,test,0.5333333611488342,0.51116182275097
129,19800,i,test,0.5625798106193542,0.5262544790251534
129,20700,a,test,0.5189873576164246,0.4984201593005695
129,20700,b,test,0.4600389897823334,0.448080278397764
129,20700,c,test,0.4689754545688629,0.4451900661973496
129,20700,d,test,0.5578135848045349,0.5314526212363392
129,20700,e,test,0.4833224415779114,0.45899076854451565
129,20700,f,test,0.5252009034156799,0.5151996550225623
129,20700,g,test,0.5180965065956116,0.5094276462949083
129,20700,h,test,0.5536842346191406,0.5349659268487185
129,20700,i,test,0.5657726526260376,0.5310986559868703
129,21600,a,test,0.5239099860191345,0.4976309955527787
129,21600,b,test,0.45873942971229553,0.4499110452795531
129,21600,c,test,0.4783549904823303,0.44864247495209275
129,21600,d,test,0.5697267055511475,0.5461793580759317
129,21600,e,test,0.49705690145492554,0.47192059016537247
129,21600,f,test,0.517896294593811,0.5095022069058879
129,21600,g,test,0.5268096327781677,0.5149394769228105
129,21600,h,test,0.530526340007782,0.5150033136517954
129,21600,i,test,0.5702426433563232,0.5371626410890067
129,22500,a,test,0.5386779308319092,0.5227714182886678
129,22500,b,test,0.4665367007255554,0.4558287683653586
129,22500,c,test,0.48845598101615906,0.47286411211084484
129,22500,d,test,0.5662228465080261,0.5371114097202571
129,22500,e,test,0.4898626506328583,0.46845042132264486
129,22500,f,test,0.5062088966369629,0.49718855412365004
129,22500,g,test,0.5207774639129639,0.5189854393929958
129,22500,h,test,0.5270175337791443,0.5108656118498205
129,22500,i,test,0.568965494632721,0.5286903791741958
129,23400,a,test,0.5302391052246094,0.5137861637767237
129,23400,b,test,0.4684860408306122,0.45212551729768163
129,23400,c,test,0.4660894572734833,0.4467384184368823
129,23400,d,test,0.5557112693786621,0.5208889785366435
129,23400,e,test,0.4931327700614929,0.4633338857407417
129,23400,f,test,0.5368882417678833,0.529926940568121
129,23400,g,test,0.510723888874054,0.508651380540731
129,23400,h,test,0.5291228294372559,0.5254432699830899
129,23400,i,test,0.5734354853630066,0.5345190739614066
129,24300,a,test,0.5267229080200195,0.5072918002994293
129,24300,b,test,0.4847303330898285,0.4666185514646302
129,24300,c,test,0.4826839864253998,0.45940037354122226
129,24300,d,test,0.5662228465080261,0.5324436695224452
129,24300,e,test,0.4977109134197235,0.4672393416004046
129,24300,f,test,0.5310445427894592,0.526794176652579
129,24300,g,test,0.5113940834999084,0.5018375801869381
129,24300,h,test,0.5410526394844055,0.5328623129855279
129,24300,i,test,0.5817369222640991,0.5605557442128614
129,25200,a,test,0.5182840824127197,0.49826310242315325
129,25200,b,test,0.4801819324493408,0.4616435638697111
129,25200,c,test,0.4935064911842346,0.4691217687125488
129,25200,d,test,0.5823405981063843,0.5502665024187657
129,25200,e,test,0.4918247163295746,0.4559589508451793
129,25200,f,test,0.5237399339675903,0.521238481224304
129,25200,g,test,0.5167560577392578,0.5100598968478105
129,25200,h,test,0.5473684072494507,0.5262502836938301
129,25200,i,test,0.5823754668235779,0.5626234366448571
129,26100,a,test,0.5267229080200195,0.5016977752697326
129,26100,b,test,0.4847303330898285,0.4625663613174904
129,26100,c,test,0.4913419783115387,0.46413953858769513
129,26100,d,test,0.5977575182914734,0.5739711897533201
129,26100,e,test,0.5134074687957764,0.46177079181614383
129,26100,f,test,0.5551497340202332,0.5442942073397087
129,26100,g,test,0.5180965065956116,0.5091277579333423
129,26100,h,test,0.5094736814498901,0.49029897017667096
129,26100,i,test,0.5798212289810181,0.5625984873340223
129,27000,a,test,0.550632894039154,0.5355719346711139
129,27000,b,test,0.48602989315986633,0.47316134778993346
129,27000,c,test,0.4862914979457855,0.46574368152540485
129,27000,d,test,0.5662228465080261,0.5362183952263128
129,27000,e,test,0.5304120182991028,0.49193939557464744
129,27000,f,test,0.5478451251983643,0.5387921545543045
129,27000,g,test,0.527479887008667,0.5225596091836399
129,27000,h,test,0.535438597202301,0.5211671534104048
129,27000,i,test,0.5779054760932922,0.5621882504662973
129,27900,a,test,0.5625879168510437,0.5487030816142503
129,27900,b,test,0.47888240218162537,0.46080709855754276
129,27900,c,test,0.4898989796638489,0.46717716103622475
129,27900,d,test,0.601962149143219,0.5772623990657813
129,27900,e,test,0.5376062989234924,0.503019604235125
129,27900,f,test,0.5522279143333435,0.543255692274806
129,27900,g,test,0.5261394381523132,0.5199494935542591
129,27900,h,test,0.5761403441429138,0.5641786602088047
129,27900,i,test,0.5842911601066589,0.5706780933693035
129,28800,a,test,0.5260196924209595,0.49522823041937075
129,28800,b,test,0.4795321524143219,0.4639206571617563
129,28800,c,test,0.48917749524116516,0.476369895658233
129,28800,d,test,0.6103714108467102,0.5871497188657485
129,28800,e,test,0.5258339047431946,0.4793504352906804
129,28800,f,test,0.5573410987854004,0.5508701409578992
129,28800,g,test,0.5167560577392578,0.5091890735537733
129,28800,h,test,0.562807023525238,0.5566279058730134
129,28800,i,test,0.5945082902908325,0.5794679147983324
129,29700,a,test,0.5203937888145447,0.49381401062473346
129,29700,b,test,0.4827810227870941,0.46208314776792864
129,29700,c,test,0.4855699837207794,0.4686417647006899
129,29700,d,test,0.6222845315933228,0.5975267669203435
129,29700,e,test,0.5389143228530884,0.5078299415566425
129,29700,f,test,0.5631847977638245,0.5611605257972919
129,29700,g,test,0.5509383082389832,0.5361943649050055
129,29700,h,test,0.5817543864250183,0.5689710646365651
129,29700,i,test,0.5906769037246704,0.5755121236783257
129,30600,a,test,0.5232067704200745,0.4910525030341282
129,30600,b,test,0.4938271641731262,0.4786291728601984
129,30600,c,test,0.4862914979457855,0.46343222420332886
129,30600,d,test,0.5998598337173462,0.5751999674506512
129,30600,e,test,0.5271419286727905,0.49494007472620066
129,30600,f,test,0.5631847977638245,0.5552201839874721
129,30600,g,test,0.5489276051521301,0.534598662912004
129,30600,h,test,0.5866666436195374,0.574386405820403
129,30600,i,test,0.5779054760932922,0.5493027206805633
129,31500,a,test,0.5203937888145447,0.5017978233563628
129,31500,b,test,0.46978557109832764,0.45179724867496285
129,31500,c,test,0.469696968793869,0.4443773806877938
129,31500,d,test,0.5984582901000977,0.568350298742507
129,31500,e,test,0.5343361496925354,0.4964346059884122
129,31500,f,test,0.55880206823349,0.5503919901470501
129,31500,g,test,0.5221179723739624,0.5065640183300865
129,31500,h,test,0.5838596224784851,0.572366588069842
129,31500,i,test,0.5766283273696899,0.5496167066007731
129,32400,a,test,0.5379746556282043,0.5170409695681398
129,32400,b,test,0.4600389897823334,0.43190586767180505
129,32400,c,test,0.47907647490501404,0.4614675047730959
129,32400,d,test,0.6012613773345947,0.5681275093008086
129,32400,e,test,0.5480706095695496,0.49237057439956167
129,32400,f,test,0.5434623956680298,0.5292538295631811
129,32400,g,test,0.5321716070175171,0.5139445751894794
129,32400,h,test,0.5691227912902832,0.5477996202085734
129,32400,i,test,0.5849297642707825,0.5540091018403014
129,33300,a,test,0.547819972038269,0.5345984776214178
129,33300,b,test,0.46523717045783997,0.4284798007777389
129,33300,c,test,0.49639248847961426,0.47978544348588065
129,33300,d,test,0.6033636927604675,0.5711241578275673
129,33300,e,test,0.5310660600662231,0.49139658736125885
129,33300,f,test,0.5536888241767883,0.545735737150517
129,33300,g,test,0.5462466478347778,0.5347936810681241
129,33300,h,test,0.5564912557601929,0.5434975969065721
129,33300,i,test,0.5893997550010681,0.5450174232820222
129,34200,a,test,0.5555555820465088,0.5430041821976389
129,34200,b,test,0.4795321524143219,0.4649921382319185
129,34200,c,test,0.48917749524116516,0.4691428712039001
129,34200,d,test,0.5956552028656006,0.5702042438157361
129,34200,e,test,0.5330281257629395,0.5014804617884516
129,34200,f,test,0.5617238879203796,0.5516036155819215
129,34200,g,test,0.5475871562957764,0.5326052277919772
129,34200,h,test,0.5459648966789246,0.5224231158223837
129,34200,i,test,0.5785440802574158,0.5559962038831893
129,35100,a,test,0.5780590772628784,0.5663916263214782
129,35100,b,test,0.4736842215061188,0.46091411788873954
129,35100,c,test,0.4913419783115387,0.47437955979224
129,35100,d,test,0.6299930214881897,0.6073440862426711
129,35100,e,test,0.5336821675300598,0.4952097722717075
129,35100,f,test,0.55880206823349,0.5487035349297558
129,35100,g,test,0.554959774017334,0.547550008686209
129,35100,h,test,0.5614035129547119,0.5571515894932734
129,35100,i,test,0.5817369222640991,0.5581090423004879
129,36000,a,test,0.5822784900665283,0.5713923766623835
129,36000,b,test,0.48148149251937866,0.4704657348849546
129,36000,c,test,0.49567100405693054,0.4805627408961863
129,36000,d,test,0.6243868470191956,0.601770344734207
129,36000,e,test,0.5310660600662231,0.487400183304828
129,36000,f,test,0.5580716133117676,0.5457815085859905
129,36000,g,test,0.5623324513435364,0.5521435201665718
129,36000,h,test,0.5831578969955444,0.5726145564589314
129,36000,i,test,0.5849297642707825,0.5570133517130359
129,36900,a,test,0.5900140404701233,0.5815925425711378
129,36900,b,test,0.46978557109832764,0.4591726896610475
129,36900,c,test,0.48773449659347534,0.46736601602318223
129,36900,d,test,0.612473726272583,0.5871238838061154
129,36900,e,test,0.5500326752662659,0.5155184315494378
129,36900,f,test,0.5748721957206726,0.565452468032315
129,36900,g,test,0.5516085624694824,0.5450687487836019
129,36900,h,test,0.590175449848175,0.5760097542106152
129,36900,i,test,0.5727969408035278,0.5543845750966376
129,37800,a,test,0.5724331736564636,0.5681932869155518
129,37800,b,test,0.49447694420814514,0.4763636165268595
129,37800,c,test,0.4935064911842346,0.4794674602529983
129,37800,d,test,0.6482130289077759,0.6314690961267075
129,37800,e,test,0.5448005199432373,0.5119043746136983
129,37800,f,test,0.5573410987854004,0.5600194426095119
129,37800,g,test,0.5797587037086487,0.573813655981562
129,37800,h,test,0.5571929812431335,0.5263169707449564
129,37800,i,test,0.6040868163108826,0.5958023633291862
129,38700,a,test,0.5689170360565186,0.5530537489054376
129,38700,b,test,0.5016244053840637,0.4857970368070074
129,38700,c,test,0.5007215142250061,0.48300175591568756
129,38700,d,test,0.6222845315933228,0.6028580704893861
129,38700,e,test,0.5467625856399536,0.5121470979250351
129,38700,f,test,0.5799853801727295,0.5750050684576654
129,38700,g,test,0.5817694664001465,0.5712412627153707
129,38700,h,test,0.5978947281837463,0.5838094954134673
129,38700,i,test,0.5906769037246704,0.5788830004197267
129,39600,a,test,0.5829817056655884,0.5686401574703247
129,39600,b,test,0.48667967319488525,0.45508193866207325
129,39600,c,test,0.5064935088157654,0.49201386552680315
129,39600,d,test,0.5865452289581299,0.548769042615463
129,39600,e,test,0.5552648901939392,0.500695616589495
129,39600,f,test,0.5704894065856934,0.5632795231716218
129,39600,g,test,0.5650134086608887,0.5505424650066397
129,39600,h,test,0.5557894706726074,0.5339583723957154
129,39600,i,test,0.5977011322975159,0.5671108146414578
129,40500,a,test,0.5675105452537537,0.5529745668036085
129,40500,b,test,0.4879792034626007,0.4608807716388623
129,40500,c,test,0.5014430284500122,0.49089239152360764
129,40500,d,test,0.5970567464828491,0.5652575083821186
129,40500,e,test,0.5585349798202515,0.5032153242081482
129,40500,f,test,0.5507670044898987,0.5373172086739028
129,40500,g,test,0.5415549874305725,0.5248377015381077
129,40500,h,test,0.5873684287071228,0.5703325709923414
129,40500,i,test,0.5798212289810181,0.5370062600334268
129,41400,a,test,0.5759493708610535,0.5688706716736207
129,41400,b,test,0.4951266944408417,0.47861819181748083
129,41400,c,test,0.48773449659347534,0.48183917057930664
129,41400,d,test,0.6012613773345947,0.5674633038518296
129,41400,e,test,0.5572269558906555,0.5016901321526964
129,41400,f,test,0.5675675868988037,0.5511161468255399
129,41400,g,test,0.5589812397956848,0.5531457572733
129,41400,h,test,0.5964912176132202,0.580921295059817
129,41400,i,test,0.5919540524482727,0.5580571641280222
129,42300,a,test,0.5618846416473389,0.5470667093357334
129,42300,b,test,0.48408058285713196,0.4684092711643732
129,42300,c,test,0.49494948983192444,0.48972423902800205
129,42300,d,test,0.6180799007415771,0.5942632614070843
129,42300,e,test,0.5722694396972656,0.524250376166545
129,42300,f,test,0.5799853801727295,0.5669597234127118
129,42300,g,test,0.5495978593826294,0.5459205625823113
129,42300,h,test,0.5775438547134399,0.5671240292399984
129,42300,i,test,0.5919540524482727,0.571656039611292
129,43200,a,test,0.6040787696838379,0.5940926110186461
129,43200,b,test,0.49447694420814514,0.4745820655191209
129,43200,c,test,0.5137085318565369,0.5091286143352819
129,43200,d,test,0.6180799007415771,0.5877741805653942
129,43200,e,test,0.572923481464386,0.5339150308619893
129,43200,f,test,0.5829072594642639,0.571164765443931
129,43200,g,test,0.5670241117477417,0.563569784750258
129,43200,h,test,0.6168420910835266,0.6002343310656656
129,43200,i,test,0.5945082902908325,0.5673812438626991
129,44100,a,test,0.5900140404701233,0.5793555328148821
129,44100,b,test,0.4801819324493408,0.46376738642547727
129,44100,c,test,0.5101010203361511,0.49706201800992567
129,44100,d,test,0.6348983645439148,0.6109546001407868
129,44100,e,test,0.5657292604446411,0.5328915273543704
129,44100,f,test,0.5924032330513,0.5831484193536863
129,44100,g,test,0.5784182548522949,0.5731095612175041
129,44100,h,test,0.6021052598953247,0.5939825024794352
129,44100,i,test,0.6072797179222107,0.5834723118648619
129,45000,a,test,0.5808719992637634,0.5666970461306172
129,45000,b,test,0.4899285137653351,0.47988157445899976
129,45000,c,test,0.5144299864768982,0.5025089143789879
129,45000,d,test,0.6271899342536926,0.6014961982034795
129,45000,e,test,0.5722694396972656,0.5365917364779145
129,45000,f,test,0.5989773273468018,0.5871079824475985
129,45000,g,test,0.5958445072174072,0.5892373002438859
129,45000,h,test,0.6077193021774292,0.5982329868900872
129,45000,i,test,0.6072797179222107,0.5862672569413839
129,45900,a,test,0.5914205312728882,0.5748903824712067
129,45900,b,test,0.509421706199646,0.49886130850510235
129,45900,c,test,0.5115439891815186,0.4940901287195702
129,45900,d,test,0.6271899342536926,0.5999207730747019
129,45900,e,test,0.5513407588005066,0.5306629372921959
129,45900,f,test,0.5960555076599121,0.5943569174375319
129,45900,g,test,0.5878016352653503,0.5781996211041479
129,45900,h,test,0.6126315593719482,0.6036156651794046
129,45900,i,test,0.6040868163108826,0.5762262195621269
129,46800,a,test,0.5928270220756531,0.5766848455877466
129,46800,b,test,0.5204678177833557,0.5066913970435812
129,46800,c,test,0.5014430284500122,0.4964932902319421
129,46800,d,test,0.6285914778709412,0.5943570136819638
129,46800,e,test,0.5565729141235352,0.5272767864064577
129,46800,f,test,0.5982468724250793,0.5919870787612811
129,46800,g,test,0.5998659729957581,0.5887352186005805
129,46800,h,test,0.6119298338890076,0.5985986623731328
129,46800,i,test,0.6194125413894653,0.5964928338008472
129,47700,a,test,0.6054852604866028,0.5993881455010804
129,47700,b,test,0.5230669379234314,0.5070103625422683
129,47700,c,test,0.51875901222229,0.5049824772944363
129,47700,d,test,0.6208829879760742,0.5933095169324664
129,47700,e,test,0.5467625856399536,0.5215986288073777
129,47700,f,test,0.5967859625816345,0.592606031847637
129,47700,g,test,0.5784182548522949,0.5630932686493366
129,47700,h,test,0.6315789222717285,0.6232197418004305
129,47700,i,test,0.6085568070411682,0.5902293756427263
129,48600,a,test,0.5893108248710632,0.5816119919740204
129,48600,b,test,0.5172189474105835,0.5010467857069888
129,48600,c,test,0.5122655034065247,0.5015407778551922
129,48600,d,test,0.6496145725250244,0.6314801030091668
129,48600,e,test,0.5833878517150879,0.5389766429914901
129,48600,f,test,0.573411226272583,0.5617350526070816
129,48600,g,test,0.5851206183433533,0.5731026474555292
129,48600,h,test,0.6498245596885681,0.6344222023110393
129,48600,i,test,0.6200510859489441,0.6072424623263956
129,49500,a,test,0.5710267424583435,0.5599490539786243
129,49500,b,test,0.5055230855941772,0.48646031950917146
129,49500,c,test,0.5050504803657532,0.4877513920715591
129,49500,d,test,0.6531184315681458,0.6345202031177761
129,49500,e,test,0.6088947057723999,0.569407733195388
129,49500,f,test,0.5770635604858398,0.5682591847628484
129,49500,g,test,0.6058981418609619,0.5906639523896987
129,49500,h,test,0.6378947496414185,0.6207799930091942
129,49500,i,test,0.6117497086524963,0.5923879141627589
129,50400,a,test,0.5780590772628784,0.5689272653073888
129,50400,b,test,0.5321637392044067,0.5107231388149657
129,50400,c,test,0.5057719945907593,0.49636991210158343
129,50400,d,test,0.6517168879508972,0.6345660918785677
129,50400,e,test,0.5846958756446838,0.5493286956336364
129,50400,f,test,0.5924032330513,0.5793227469850678
129,50400,g,test,0.5904825925827026,0.5838005759664746
129,50400,h,test,0.6350877285003662,0.6247873676102228
129,50400,i,test,0.6117497086524963,0.5910826387809013
129,51300,a,test,0.5872011184692383,0.5776676515559224
129,51300,b,test,0.5185185074806213,0.4906140065580942
129,51300,c,test,0.4978354871273041,0.49031117323095624
129,51300,d,test,0.6468114852905273,0.6280027245185891
129,51300,e,test,0.6062785983085632,0.575784673774263
129,51300,f,test,0.5814462900161743,0.576299814372329
129,51300,g,test,0.6005361676216125,0.5925813687280661
129,51300,h,test,0.6140350699424744,0.601930768011416
129,51300,i,test,0.618135392665863,0.6057556795572232
129,52200,a,test,0.552039384841919,0.5370588188790993
129,52200,b,test,0.528265118598938,0.5003704440219315
129,52200,c,test,0.5007215142250061,0.49443710094562127
129,52200,d,test,0.6447091698646545,0.6277672484037261
129,52200,e,test,0.6043165326118469,0.5771944326142463
129,52200,f,test,0.5792549252510071,0.5849302947486127
129,52200,g,test,0.5938338041305542,0.5916981114065282
129,52200,h,test,0.609824538230896,0.598093326639117
129,52200,i,test,0.6021711230278015,0.5886272202770403
129,53100,a,test,0.5534458756446838,0.5389993275312305
129,53100,b,test,0.5009746551513672,0.48073557964594565
129,53100,c,test,0.5014430284500122,0.4999073446728192
129,53100,d,test,0.6503153443336487,0.6348167069938496
129,53100,e,test,0.5853499174118042,0.55280175742865
129,53100,f,test,0.6018992066383362,0.6002323460315447
129,53100,g,test,0.5831099152565002,0.5831591912181437
129,53100,h,test,0.637192964553833,0.6279145451189512
129,53100,i,test,0.6002554297447205,0.5898049375704429
129,54000,a,test,0.5794655680656433,0.5685850498282787
129,54000,b,test,0.5152696371078491,0.5012515639456886
129,54000,c,test,0.5101010203361511,0.5058645614330899
129,54000,d,test,0.6622284650802612,0.645669497146056
129,54000,e,test,0.5958142280578613,0.5671050213585295
129,54000,f,test,0.6128560900688171,0.6116322009546363
129,54000,g,test,0.6012064218521118,0.595892714477681
129,54000,h,test,0.6498245596885681,0.6417974347514901
129,54000,i,test,0.6130267977714539,0.5878355234444763
129,54900,a,test,0.5879043340682983,0.5731345020563577
129,54900,b,test,0.5185185074806213,0.5066161634417347
129,54900,c,test,0.51875901222229,0.5117781024577431
129,54900,d,test,0.6552207469940186,0.635556876422109
129,54900,e,test,0.5958142280578613,0.5662577631446429
129,54900,f,test,0.6077429056167603,0.6022162285642104
129,54900,g,test,0.5991957187652588,0.5924166831755171
129,54900,h,test,0.6428070068359375,0.6276385574962627
129,54900,i,test,0.6194125413894653,0.5992064170693464
129,55800,a,test,0.5801687836647034,0.5638912033131221
129,55800,b,test,0.5224171280860901,0.5081986648747423
129,55800,c,test,0.49567100405693054,0.49185989935461455
129,55800,d,test,0.6636300086975098,0.6440676983611838
129,55800,e,test,0.597122311592102,0.561173594699164
129,55800,f,test,0.5872899889945984,0.5814500451941432
129,55800,g,test,0.6105898022651672,0.5992554245379726
129,55800,h,test,0.6196491122245789,0.6100405481584926
129,55800,i,test,0.618135392665863,0.5967803901015717
129,56700,a,test,0.5745428800582886,0.5494101985030834
129,56700,b,test,0.5425601005554199,0.5223926180540589
129,56700,c,test,0.5115439891815186,0.5019994086342792
129,56700,d,test,0.6636300086975098,0.645625473970005
129,56700,e,test,0.5977763533592224,0.5611886382700558
129,56700,f,test,0.5858290791511536,0.578531476354598
129,56700,g,test,0.6172922253608704,0.6111898793752114
129,56700,h,test,0.6343859434127808,0.6243457659071127
129,56700,i,test,0.6149425506591797,0.5848123622624296
129,57600,a,test,0.5773558616638184,0.5555318844842715
129,57600,b,test,0.5048732757568359,0.47853653880336094
129,57600,c,test,0.5014430284500122,0.4950008272514115
129,57600,d,test,0.6692361831665039,0.6513885267171003
129,57600,e,test,0.6003924012184143,0.5628258814266561
129,57600,f,test,0.6018992066383362,0.5953317892233592
129,57600,g,test,0.6079088449478149,0.6028848996537125
129,57600,h,test,0.6161403656005859,0.6075530376004609
129,57600,i,test,0.6232439279556274,0.6025036915248582
129,58500,a,test,0.5569620132446289,0.5418477736883865
129,58500,b,test,0.5100714564323425,0.49526192527320045
129,58500,c,test,0.5108225345611572,0.5042592721777821
129,58500,d,test,0.6173791289329529,0.591714577314007
129,58500,e,test,0.6056246161460876,0.5720650851880844
129,58500,f,test,0.5989773273468018,0.5935979190282125
129,58500,g,test,0.6146112680435181,0.6098050458437737
129,58500,h,test,0.6540350914001465,0.6410361995196543
129,58500,i,test,0.6079182624816895,0.5774023558841167
129,59400,a,test,0.5443037748336792,0.5337542882538258
129,59400,b,test,0.5159194469451904,0.4966840218133324
129,59400,c,test,0.5158730149269104,0.5102185658989021
129,59400,d,test,0.6152768135070801,0.5855501929182974
129,59400,e,test,0.6049705743789673,0.5777757694298148
129,59400,f,test,0.6084733605384827,0.609268448467267
129,59400,g,test,0.6219838857650757,0.6185626593070703
129,59400,h,test,0.6631578803062439,0.6578724276793685
129,59400,i,test,0.5983397364616394,0.562791275345844
129,60300,a,test,0.5710267424583435,0.5572841241768184
129,60300,b,test,0.516569197177887,0.4975927548599856
129,60300,c,test,0.5360750555992126,0.5286750111966533
129,60300,d,test,0.6145760416984558,0.5816261499005158
129,60300,e,test,0.6187050342559814,0.5936643417345185
129,60300,f,test,0.6208911538124084,0.6183823380094314
129,60300,g,test,0.6166219711303711,0.6098078992487833
129,60300,h,test,0.6470175385475159,0.6418471732679442
129,60300,i,test,0.6085568070411682,0.5806779321232475
129,61200,a,test,0.600562572479248,0.5915779595260028
129,61200,b,test,0.5256659984588623,0.5065192037982212
129,61200,c,test,0.5375180244445801,0.526675207585209
129,61200,d,test,0.6285914778709412,0.6014104223590299
129,61200,e,test,0.6134728789329529,0.5753541312107389
129,61200,f,test,0.6172388792037964,0.6151392695071497
129,61200,g,test,0.6172922253608704,0.608230665496384
129,61200,h,test,0.67087721824646,0.660610025796321
129,61200,i,test,0.6123882532119751,0.5897049803958575
129,62100,a,test,0.5893108248710632,0.576614211558202
129,62100,b,test,0.5191683173179626,0.501071439589927
129,62100,c,test,0.5295815467834473,0.5214470777544412
129,62100,d,test,0.6362999081611633,0.6140292011755246
129,62100,e,test,0.6232832074165344,0.5896277307259352
129,62100,f,test,0.6018992066383362,0.5923426824120543
129,62100,g,test,0.6146112680435181,0.6022318770313325
129,62100,h,test,0.6624561548233032,0.647962088150634
129,62100,i,test,0.6079182624816895,0.5757526067690564
129,63000,a,test,0.5604782104492188,0.5441005356608766
129,63000,b,test,0.5263158082962036,0.5089964383671673
129,63000,c,test,0.5396825671195984,0.5346683493980329
129,63000,d,test,0.65381920337677,0.6372974535556511
129,63000,e,test,0.6128188371658325,0.5766209972639423
129,63000,f,test,0.6157779693603516,0.6023389385640017
129,63000,g,test,0.6186327338218689,0.6095534643676853
129,63000,h,test,0.67087721824646,0.658084357208777
129,63000,i,test,0.6047254204750061,0.5844991484580099
129,63900,a,test,0.6019690632820129,0.5930626753342376
129,63900,b,test,0.5055230855941772,0.4826785637558271
129,63900,c,test,0.5461760759353638,0.5388995585680011
129,63900,d,test,0.6468114852905273,0.6251740917964667
129,63900,e,test,0.6291694045066833,0.5840641102489575
129,63900,f,test,0.6128560900688171,0.6011270803309834
129,63900,g,test,0.6246649026870728,0.6164016583033559
129,63900,h,test,0.6477193236351013,0.6283057249526106
129,63900,i,test,0.6047254204750061,0.5790531255841568
129,64800,a,test,0.6146273016929626,0.6098104962596387
129,64800,b,test,0.5146198868751526,0.486802297051242
129,64800,c,test,0.5497835278511047,0.5407714740586859
129,64800,d,test,0.6320952773094177,0.6041003990761719
129,64800,e,test,0.6180509924888611,0.5739965716162206
129,64800,f,test,0.6223520636558533,0.6135578315180925
129,64800,g,test,0.6058981418609619,0.601623770509555
129,64800,h,test,0.6407017707824707,0.6278215365036974
129,64800,i,test,0.6174967885017395,0.6001575408090872
129,65700,a,test,0.5928270220756531,0.5868633000456834
129,65700,b,test,0.5107212662696838,0.48927273110600916
129,65700,c,test,0.5310245156288147,0.5238364088636285
129,65700,d,test,0.6608269214630127,0.6386121643075936
129,65700,e,test,0.6180509924888611,0.5802281862465551
129,65700,f,test,0.6172388792037964,0.6107508661886475
129,65700,g,test,0.609919548034668,0.5880495754729261
129,65700,h,test,0.6505263447761536,0.6388347213710125
129,65700,i,test,0.6149425506591797,0.5955098425645043
129,66600,a,test,0.6188467144966125,0.6093204233520814
129,66600,b,test,0.5191683173179626,0.4977058881692302
129,66600,c,test,0.5476190447807312,0.539940286018037
129,66600,d,test,0.6608269214630127,0.6417865424247983
129,66600,e,test,0.6232832074165344,0.5781874499159172
129,66600,f,test,0.6216216087341309,0.6156130009374414
129,66600,g,test,0.6146112680435181,0.5992032268322822
129,66600,h,test,0.6547368168830872,0.6368951972078212
129,66600,i,test,0.6264367699623108,0.611511772021064
129,67500,a,test,0.6139240264892578,0.6057098825097978
129,67500,b,test,0.5393112301826477,0.5117498708767846
129,67500,c,test,0.5310245156288147,0.5264201505459282
129,67500,d,test,0.6587246060371399,0.6369327309995824
129,67500,e,test,0.633093535900116,0.5933318129894527
129,67500,f,test,0.6230825185775757,0.6162164193616119
129,67500,g,test,0.6260053515434265,0.6119580419189409
129,67500,h,test,0.6743859648704529,0.6561767750343128
129,67500,i,test,0.6449552774429321,0.6350418729501882
129,68400,a,test,0.644866406917572,0.6421095395121347
129,68400,b,test,0.5497075915336609,0.5367274224876777
129,68400,c,test,0.5505050420761108,0.5447185192411309
129,68400,d,test,0.6454099416732788,0.623459702854619
129,68400,e,test,0.6232832074165344,0.5823956858136545
129,68400,f,test,0.6274653077125549,0.6213184967270696
129,68400,g,test,0.6213136911392212,0.6097849565835115
129,68400,h,test,0.6729824542999268,0.654916869022913
129,68400,i,test,0.6424010396003723,0.6271756865775964
129,69300,a,test,0.6392405033111572,0.6341256076753276
129,69300,b,test,0.5549057722091675,0.5321894074232641
129,69300,c,test,0.5591630339622498,0.554812016302589
129,69300,d,test,0.6278907060623169,0.6031078233816904
129,69300,e,test,0.6429038643836975,0.6076365777106577
129,69300,f,test,0.6406136155128479,0.6395758908475598
129,69300,g,test,0.6239946484565735,0.6127534713697947
129,69300,h,test,0.6891227960586548,0.6807835464265751
129,69300,i,test,0.6609195470809937,0.647907759145449
129,70200,a,test,0.5893108248710632,0.5758957040293167
129,70200,b,test,0.5614035129547119,0.5392777903787841
129,70200,c,test,0.5634920597076416,0.5530316396003343
129,70200,d,test,0.6601261496543884,0.6391045981101534
129,70200,e,test,0.6141268610954285,0.574248269624846
129,70200,f,test,0.6420745253562927,0.639497341320991
129,70200,g,test,0.6139410138130188,0.6041362312762907
129,70200,h,test,0.6750876903533936,0.6673430439263258
129,70200,i,test,0.625798225402832,0.6037132925281331
129,71100,a,test,0.6139240264892578,0.6059192174429208
129,71100,b,test,0.567251443862915,0.5415501848575377
129,71100,c,test,0.5598845481872559,0.5524753172454985
129,71100,d,test,0.674141526222229,0.6526730972113468
129,71100,e,test,0.6474820375442505,0.6121437374105866
129,71100,f,test,0.620160698890686,0.6237163779643822
129,71100,g,test,0.5884718298912048,0.5856605750173435
129,71100,h,test,0.6842105388641357,0.6764529488881253
129,71100,i,test,0.625798225402832,0.6096535039840086
129,72000,a,test,0.6230661273002625,0.620863919209363
129,72000,b,test,0.5789473652839661,0.5519484034799028
129,72000,c,test,0.5692640542984009,0.5611005158490106
129,72000,d,test,0.6790469288825989,0.6604738777169752
129,72000,e,test,0.6370176672935486,0.6060035657285423
129,72000,f,test,0.6238129734992981,0.6241525466443029
129,72000,g,test,0.6119303107261658,0.6031095878719529
129,72000,h,test,0.6940351128578186,0.685611186220301
129,72000,i,test,0.6187739372253418,0.6027073582576367
129,72900,a,test,0.6279887557029724,0.6191353023913408
129,72900,b,test,0.574398934841156,0.5445319031758747
129,72900,c,test,0.5656565427780151,0.5580631992131168
129,72900,d,test,0.6888577342033386,0.6689382104321258
129,72900,e,test,0.6402877569198608,0.6092602924883251
129,72900,f,test,0.6362308263778687,0.6312693232479201
129,72900,g,test,0.6179624795913696,0.6120575227693433
129,72900,h,test,0.6926316022872925,0.6829062334857903
129,72900,i,test,0.6245210766792297,0.6134320807123038
129,73800,a,test,0.6244725584983826,0.6156525508998538
129,73800,b,test,0.574398934841156,0.5513271958741718
129,73800,c,test,0.5822510719299316,0.5655716610293496
129,73800,d,test,0.6797477006912231,0.6622859803247617
129,73800,e,test,0.6514061689376831,0.6175626694491628
129,73800,f,test,0.6406136155128479,0.6358118922632664
129,73800,g,test,0.5844504237174988,0.5757890846430057
129,73800,h,test,0.6722807288169861,0.6616858477832757
129,73800,i,test,0.6200510859489441,0.6175908097500146
129,74700,a,test,0.647679328918457,0.6409827183024831
129,74700,b,test,0.5821962356567383,0.5572412606714273
129,74700,c,test,0.5743145942687988,0.5675830091400235
129,74700,d,test,0.6475122570991516,0.6260886906829684
129,74700,e,test,0.6579463481903076,0.6188147998911174
129,74700,f,test,0.6376917362213135,0.6342354050523108
129,74700,g,test,0.6219838857650757,0.6123143283083582
129,74700,h,test,0.6687719225883484,0.6565327715638745
129,74700,i,test,0.6385695934295654,0.6326548955267629
129,75600,a,test,0.6279887557029724,0.6189522584351975
129,75600,b,test,0.5568550825119019,0.5222167745526342
129,75600,c,test,0.5541125535964966,0.5461707039117777
129,75600,d,test,0.6313945055007935,0.6020020054268319
129,75600,e,test,0.6357096433639526,0.5898073418731324
129,75600,f,test,0.6238129734992981,0.6209484407158848
129,75600,g,test,0.6293565630912781,0.6159475283181358
129,75600,h,test,0.6638596653938293,0.6512561092434742
129,75600,i,test,0.6372924447059631,0.6115668252018608
129,76500,a,test,0.6413502097129822,0.6372055171562839
129,76500,b,test,0.5821962356567383,0.5576824863970509
129,76500,c,test,0.560606062412262,0.5553279851706657
129,76500,d,test,0.672039270401001,0.6485965927202342
129,76500,e,test,0.6553303003311157,0.6133564899794799
129,76500,f,test,0.6274653077125549,0.6185390446533905
129,76500,g,test,0.622654139995575,0.6126046713251575
129,76500,h,test,0.6512280702590942,0.6364414887580147
129,76500,i,test,0.6526181101799011,0.6335912597469239
129,77400,a,test,0.6251758337020874,0.6168566276151854
129,77400,b,test,0.5984405279159546,0.5727643290094814
129,77400,c,test,0.5259740352630615,0.5162458856677304
129,77400,d,test,0.6860546469688416,0.6565242787033264
129,77400,e,test,0.6435579061508179,0.6004070624697339
129,77400,f,test,0.6391526460647583,0.628929816559107
129,77400,g,test,0.6260053515434265,0.6139675811660289
129,77400,h,test,0.6863157749176025,0.6681195851869579
129,77400,i,test,0.6251596212387085,0.6036203277144893
129,78300,a,test,0.646976113319397,0.6405765818596671
129,78300,b,test,0.600389838218689,0.573619899804931
129,78300,c,test,0.5562770366668701,0.5388392700116288
129,78300,d,test,0.6636300086975098,0.635574729059202
129,78300,e,test,0.6415958404541016,0.5955606460224313
129,78300,f,test,0.633309006690979,0.6238401070302769
129,78300,g,test,0.6280161142349243,0.615761296555661
129,78300,h,test,0.6863157749176025,0.6708505158928304
129,78300,i,test,0.633461058139801,0.6106307013373079
129,79200,a,test,0.652601957321167,0.6468178205217158
129,79200,b,test,0.600389838218689,0.5730520197234881
129,79200,c,test,0.5649350881576538,0.5578373618002159
129,79200,d,test,0.6769446134567261,0.6543649413586868
129,79200,e,test,0.6625245213508606,0.6250821833494998
129,79200,f,test,0.6267348527908325,0.621205658936363
129,79200,g,test,0.6233243942260742,0.6168117660426181
129,79200,h,test,0.6694737076759338,0.6568441483797224
129,79200,i,test,0.6449552774429321,0.6303884847871243
129,80100,a,test,0.6272855401039124,0.6199308819943855
129,80100,b,test,0.6075373888015747,0.5764978130887184
129,80100,c,test,0.551948070526123,0.5414528659996333
129,80100,d,test,0.6783461570739746,0.6515507733915327
129,80100,e,test,0.6625245213508606,0.629676714380058
129,80100,f,test,0.6303871273994446,0.6252029858014895
129,80100,g,test,0.6313672661781311,0.617704776390788
129,80100,h,test,0.6835087537765503,0.6716043725614393
129,80100,i,test,0.6481481194496155,0.6378976828328059
129,81000,a,test,0.6251758337020874,0.607424471529466
129,81000,b,test,0.6088368892669678,0.585637010493272
129,81000,c,test,0.5346320271492004,0.5248298894702689
129,81000,d,test,0.6832515597343445,0.6604770019969295
129,81000,e,test,0.6788750886917114,0.6416916788325516
129,81000,f,test,0.6347699165344238,0.6249667218279427
129,81000,g,test,0.6347184777259827,0.621359334320962
129,81000,h,test,0.6771929860115051,0.6597067703532757
129,81000,i,test,0.6289910674095154,0.6140181613860897
129,81900,a,test,0.6364275813102722,0.627175408609269
129,81900,b,test,0.61663419008255,0.5946274484444946
129,81900,c,test,0.5497835278511047,0.5400358898720801
129,81900,d,test,0.6860546469688416,0.6697023712658625
129,81900,e,test,0.6455199718475342,0.6139615743737302
129,81900,f,test,0.6245434880256653,0.622536919503767
129,81900,g,test,0.6293565630912781,0.6082985741127864
129,81900,h,test,0.6884210705757141,0.6799284451180906
129,81900,i,test,0.6519795656204224,0.6357802274367694
129,82800,a,test,0.647679328918457,0.643725280989634
129,82800,b,test,0.6042885184288025,0.5799119370662352
129,82800,c,test,0.5634920597076416,0.5563470537442546
129,82800,d,test,0.6671338677406311,0.6452333580299653
129,82800,e,test,0.6690647602081299,0.645912854070717
129,82800,f,test,0.6223520636558533,0.6155764484547689
129,82800,g,test,0.6380696892738342,0.635859709118073
129,82800,h,test,0.6933333277702332,0.6813148346322241
129,82800,i,test,0.6430395841598511,0.6303116178480378
129,83700,a,test,0.6490858197212219,0.6439129554806172
129,83700,b,test,0.5997400879859924,0.5748664291099588
129,83700,c,test,0.5779221057891846,0.5710485350798898
129,83700,d,test,0.6762438416481018,0.6602780429196028
129,83700,e,test,0.6814911961555481,0.6561411747491263
129,83700,f,test,0.6413440704345703,0.634375895574281
129,83700,g,test,0.6487935781478882,0.6440381671687383
129,83700,h,test,0.7108771800994873,0.6930212292701329
129,83700,i,test,0.6219667792320251,0.6074992613132999
129,84600,a,test,0.646976113319397,0.6399638889305626
129,84600,b,test,0.6023392081260681,0.5799281811649188
129,84600,c,test,0.5757575631141663,0.5705436863274903
129,84600,d,test,0.6881569623947144,0.6746561982879445
129,84600,e,test,0.6736429333686829,0.6375986918281865
129,84600,f,test,0.6260043978691101,0.6264220325863813
129,84600,g,test,0.6420911550521851,0.6414915080767846
129,84600,h,test,0.6800000071525574,0.6633621230972312
129,84600,i,test,0.6251596212387085,0.618940476957116
129,85500,a,test,0.6392405033111572,0.634516891957955
129,85500,b,test,0.5919428467750549,0.5605000079617166
129,85500,c,test,0.5728715658187866,0.5677254347994456
129,85500,d,test,0.6804484724998474,0.6653728279993477
129,85500,e,test,0.6736429333686829,0.639661402151419
129,85500,f,test,0.620160698890686,0.6207891964965627
129,85500,g,test,0.6568364500999451,0.6529172894884552
129,85500,h,test,0.6750876903533936,0.6600250141947275
129,85500,i,test,0.6264367699623108,0.6218231373560184
129,86400,a,test,0.6462728381156921,0.6411399719870302
129,86400,b,test,0.6023392081260681,0.579781427224081
129,86400,c,test,0.5707070827484131,0.5631610710070708
129,86400,d,test,0.6650315523147583,0.6504178781899865
129,86400,e,test,0.6749509572982788,0.6472908192774459
129,86400,f,test,0.6252739429473877,0.6252105907689092
129,86400,g,test,0.6481233239173889,0.6409558372742425
129,86400,h,test,0.6835087537765503,0.6733703364928757
129,86400,i,test,0.6328224539756775,0.6305090406238093
56,0,a,test,0.10126582533121109,0.05280929736003349
56,0,b,test,0.1085120216012001,0.05345204342369101
56,0,c,test,0.13347762823104858,0.06821991393212519
56,0,d,test,0.0350385420024395,0.01727530732111551
56,0,e,test,0.03989535570144653,0.020492613127826017
56,0,f,test,0.10153396427631378,0.05199875084728938
56,0,g,test,0.08243967592716217,0.041878614923228745
56,0,h,test,0.04491228237748146,0.019797074236343776
56,0,i,test,0.038314174860715866,0.02031846844803339
56,900,a,test,0.05907173082232475,0.03816949424606689
56,900,b,test,0.12605588138103485,0.06655298924558439
56,900,c,test,0.10533910244703293,0.0681724224839698
56,900,d,test,0.07708479464054108,0.04956262265532319
56,900,e,test,0.060824066400527954,0.03026217401740317
56,900,f,test,0.11176040768623352,0.0567131007659642
56,900,g,test,0.1407506763935089,0.09031518946148974
56,900,h,test,0.08210526406764984,0.059030578310876665
56,900,i,test,0.07088122516870499,0.05183515549663381
56,1800,a,test,0.31575244665145874,0.1823234749178594
56,1800,b,test,0.2436647117137909,0.22197979909289448
56,1800,c,test,0.21861471235752106,0.15390102240515066
56,1800,d,test,0.25928521156311035,0.2084663555257448
56,1800,e,test,0.2459123581647873,0.18045726731885517
56,1800,f,test,0.19649378955364227,0.14213558491539127
56,1800,g,test,0.27412867546081543,0.19604233517334094
56,1800,h,test,0.3038596510887146,0.21842093491412248
56,1800,i,test,0.2650063931941986,0.15053703027269325
56,2700,a,test,0.3649789094924927,0.2648138130885575
56,2700,b,test,0.2846003770828247,0.2813189369077755
56,2700,c,test,0.2467532455921173,0.22029222507281007
56,2700,d,test,0.37771549820899963,0.36599657931125024
56,2700,e,test,0.25114452838897705,0.19170626567619467
56,2700,f,test,0.3177501857280731,0.2815516350005677
56,2700,g,test,0.30361929535865784,0.25225843227436634
56,2700,h,test,0.3501754403114319,0.297022113302472
56,2700,i,test,0.3007662892341614,0.1979545170051781
56,3600,a,test,0.41490858793258667,0.34938921195999034
56,3600,b,test,0.36127355694770813,0.33843894045853035
56,3600,c,test,0.32178932428359985,0.29277401259734886
56,3600,d,test,0.39313244819641113,0.3477862378317908
56,3600,e,test,0.27926748991012573,0.23097442474644916
56,3600,f,test,0.32870709896087646,0.29750525111144444
56,3600,g,test,0.38538873195648193,0.3261733035912154
56,3600,h,test,0.36771929264068604,0.3381303640270956
56,3600,i,test,0.3473818600177765,0.2889619212470142
56,4500,a,test,0.4303797483444214,0.36533567662169353
56,4500,b,test,0.41910332441329956,0.39268165687692164
56,4500,c,test,0.35281383991241455,0.33551514874128263
56,4500,d,test,0.4660126268863678,0.4284889877832732
56,4500,e,test,0.3309352397918701,0.28926705299368977
56,4500,f,test,0.3813002109527588,0.3602131900773588
56,4500,g,test,0.4557640850543976,0.4179372608354834
56,4500,h,test,0.4014035165309906,0.3896503260786921
56,4500,i,test,0.4003831446170807,0.3455350967133288
56,5400,a,test,0.4669479727745056,0.41010257021476887
56,5400,b,test,0.4450942277908325,0.4152953848722312
56,5400,c,test,0.40043291449546814,0.3828535098612981
56,5400,d,test,0.5143657922744751,0.4877585663796757
56,5400,e,test,0.3485938608646393,0.3094565411406031
56,5400,f,test,0.39444848895072937,0.3748910536102201
56,5400,g,test,0.487265408039093,0.45732220484096553
56,5400,h,test,0.44070175290107727,0.4398597541326759
56,5400,i,test,0.4674329459667206,0.44913457839136134
56,6300,a,test,0.44655415415763855,0.3971213921622197
56,6300,b,test,0.4658869504928589,0.45382877571628616
56,6300,c,test,0.41558441519737244,0.400472854197798
56,6300,d,test,0.5269796848297119,0.49570770944837067
56,6300,e,test,0.38979724049568176,0.3481657080063192
56,6300,f,test,0.4499634802341461,0.4322257327316872
56,6300,g,test,0.5026809573173523,0.4763197708720816
56,6300,h,test,0.44982457160949707,0.4511796583470784
56,6300,i,test,0.4948914349079132,0.4755360250858604
56,7200,a,test,0.4831223487854004,0.449563933382924
56,7200,b,test,0.4665367007255554,0.44433874603050666
56,7200,c,test,0.4379509389400482,0.41352782625915224
56,7200,d,test,0.5227750539779663,0.4941375748279198
56,7200,e,test,0.38194897770881653,0.33353561506298735
56,7200,f,test,0.43024104833602905,0.4066207805875272
56,7200,g,test,0.5100536346435547,0.484045534853863
56,7200,h,test,0.45192983746528625,0.4432902426459154
56,7200,i,test,0.5332056283950806,0.4954148084625276
56,8100,a,test,0.5098453164100647,0.47800704752474193
56,8100,b,test,0.471734881401062,0.4543574811628676
56,8100,c,test,0.4365079402923584,0.41921320849208804
56,8100,d,test,0.508759617805481,0.4622279785673902
56,8100,e,test,0.41137999296188354,0.3845295715193094
56,8100,f,test,0.5062088966369629,0.499249721776255
56,8100,g,test,0.5113940834999084,0.491456416247862
56,8100,h,test,0.4442105293273926,0.4405975505889679
56,8100,i,test,0.545976996421814,0.5108680789443371
56,9000,a,test,0.5175808668136597,0.4855562868429377
56,9000,b,test,0.47823262214660645,0.45755695851453404
56,9000,c,test,0.4350649416446686,0.4140022096041685
56,9000,d,test,0.5353889465332031,0.4962869651579722
56,9000,e,test,0.4290385842323303,0.39812007406854605
56,9000,f,test,0.5376186966896057,0.5400058125057223
56,9000,g,test,0.5375335216522217,0.5130304503799653
56,9000,h,test,0.43228068947792053,0.42532377161373774
56,9000,i,test,0.5370370149612427,0.49699462713355264
56,9900,a,test,0.5042194128036499,0.4651033934008739
56,9900,b,test,0.47498375177383423,0.4463773905141792
56,9900,c,test,0.4502164423465729,0.42868435548105305
56,9900,d,test,0.5052557587623596,0.4598071089559934
56,9900,e,test,0.44342708587646484,0.4092214021578012
56,9900,f,test,0.5463842153549194,0.5434023503082371
56,9900,g,test,0.5234584212303162,0.4914364333027434
56,9900,h,test,0.4456140398979187,0.4394959714199407
56,9900,i,test,0.5357599258422852,0.494449427970257
56,10800,a,test,0.5225034952163696,0.489919987810899
56,10800,b,test,0.4899285137653351,0.4619341828321224
56,10800,c,test,0.4365079402923584,0.41694668075758407
56,10800,d,test,0.5318850874900818,0.49123199518285415
56,10800,e,test,0.44931328296661377,0.39371560524748617
56,10800,f,test,0.5310445427894592,0.5218708808246032
56,10800,g,test,0.5194370150566101,0.5030774116488875
56,10800,h,test,0.4554385840892792,0.4415989765711467
56,10800,i,test,0.5370370149612427,0.5026261385722718
56,11700,a,test,0.5295358896255493,0.5114810138684082
56,11700,b,test,0.46978557109832764,0.4501779713571999
56,11700,c,test,0.44877344369888306,0.4380123189629199
56,11700,d,test,0.529782772064209,0.4908073616604797
56,11700,e,test,0.4251144528388977,0.38846320025389414
56,11700,f,test,0.539810061454773,0.5343025679879109
56,11700,g,test,0.525469183921814,0.5149480490586322
56,11700,h,test,0.48701754212379456,0.4756247093590846
56,11700,i,test,0.5625798106193542,0.550012352305807
56,12600,a,test,0.5309423208236694,0.5103378325055885
56,12600,b,test,0.47303444147109985,0.44586847733775575
56,12600,c,test,0.4458874464035034,0.43708723653163184
56,12600,d,test,0.5346881747245789,0.4979486109981623
56,12600,e,test,0.4251144528388977,0.38846320025389414
56,12600,f,test,0.539810061454773,0.5343025679879109
56,12600,g,test,0.5388739705085754,0.5281621645362969
56,12600,h,test,0.49052631855010986,0.47858849435905443
56,12600,i,test,0.5708812475204468,0.5548813934113067
56,13500,a,test,0.545007050037384,0.528151050379949
56,13500,b,test,0.47498375177383423,0.4506157073846396
56,13500,c,test,0.4502164423465729,0.4421899285456416
56,13500,d,test,0.532585859298706,0.49565391617290894
56,13500,e,test,0.4466971755027771,0.3958557063027577
56,13500,f,test,0.5383491516113281,0.5310693494166073
56,13500,g,test,0.5288203954696655,0.5093843225255955
56,13500,h,test,0.48561403155326843,0.4751876865496761
56,13500,i,test,0.5644955039024353,0.5367566414918441
56,14400,a,test,0.5309423208236694,0.50975032184718
56,14400,b,test,0.47823262214660645,0.4521795174223588
56,14400,c,test,0.4466089606285095,0.43768873728017227
56,14400,d,test,0.5332866311073303,0.49900743569380634
56,14400,e,test,0.44996729493141174,0.3992700570738205
56,14400,f,test,0.5171658396720886,0.5132182965294046
56,14400,g,test,0.538203775882721,0.5246946035071233
56,14400,h,test,0.4771929681301117,0.4534373525617852
56,14400,i,test,0.568965494632721,0.54515087468536
56,15300,a,test,0.5267229080200195,0.5103954245278897
56,15300,b,test,0.48927876353263855,0.46473749395400804
56,15300,c,test,0.45598846673965454,0.44236345195418636
56,15300,d,test,0.5360897183418274,0.5000135473394702
56,15300,e,test,0.4597776234149933,0.4200113840536821
56,15300,f,test,0.5441928505897522,0.5436733042381178
56,15300,g,test,0.5415549874305725,0.535997784820152
56,15300,h,test,0.4968421161174774,0.48162812216510337
56,15300,i,test,0.5727969408035278,0.5418382653158056
56,16200,a,test,0.5358649492263794,0.5230990000759922
56,16200,b,test,0.48408058285713196,0.4595834321822763
56,16200,c,test,0.45743146538734436,0.4481523199859763
56,16200,d,test,0.5515066385269165,0.5278482016112759
56,16200,e,test,0.4898626506328583,0.45195327322439716
56,16200,f,test,0.5441928505897522,0.5435437035171541
56,16200,g,test,0.5502681136131287,0.5401946824506135
56,16200,h,test,0.49052631855010986,0.4864539054154657
56,16200,i,test,0.5823754668235779,0.5593755057144131
56,17100,a,test,0.552742600440979,0.5424528214847664
56,17100,b,test,0.471734881401062,0.44861462220173415
56,17100,c,test,0.4610389471054077,0.45275682293432346
56,17100,d,test,0.5346881747245789,0.5173543852448031
56,17100,e,test,0.49640288949012756,0.4583579118028112
56,17100,f,test,0.5493060350418091,0.5500373493332872
56,17100,g,test,0.554959774017334,0.5438192695705025
56,17100,h,test,0.47087720036506653,0.4652155474505539
56,17100,i,test,0.5568326711654663,0.5375353619843223
56,18000,a,test,0.5316455960273743,0.5219716009957107
56,18000,b,test,0.46458739042282104,0.43887871005003193
56,18000,c,test,0.469696968793869,0.46413803891349664
56,18000,d,test,0.5564120411872864,0.5334580535372303
56,18000,e,test,0.46697187423706055,0.4412162299698557
56,18000,f,test,0.5463842153549194,0.5457086299666435
56,18000,g,test,0.5167560577392578,0.5148621650332654
56,18000,h,test,0.48912280797958374,0.478784055416239
56,18000,i,test,0.5893997550010681,0.5714135310134222
56,18900,a,test,0.5372714400291443,0.5178893689882703
56,18900,b,test,0.4769330620765686,0.4518315703129953
56,18900,c,test,0.4913419783115387,0.4764702856389058
56,18900,d,test,0.5557112693786621,0.529582273905262
56,18900,e,test,0.457815557718277,0.4294969335323319
56,18900,f,test,0.5332359671592712,0.532394386502567
56,18900,g,test,0.5388739705085754,0.5294140207655635
56,18900,h,test,0.4624561369419098,0.4448200408662335
56,18900,i,test,0.6072797179222107,0.5834700189685829
56,19800,a,test,0.5597749352455139,0.552673230960446
56,19800,b,test,0.48602989315986633,0.46223343739276596
56,19800,c,test,0.47258296608924866,0.4598479488309708
56,19800,d,test,0.5487035512924194,0.5244362689505584
56,19800,e,test,0.48855459690093994,0.4534150188617037
56,19800,f,test,0.5500365495681763,0.5498854718018223
56,19800,g,test,0.5710455775260925,0.5551714258574824
56,19800,h,test,0.49052631855010986,0.48840707857152177
56,19800,i,test,0.5977011322975159,0.5841313367107971
56,20700,a,test,0.5555555820465088,0.5442633228114341
56,20700,b,test,0.4853801131248474,0.4566332468114449
56,20700,c,test,0.47907647490501404,0.46219462073608736
56,20700,d,test,0.552908182144165,0.5215944883537359
56,20700,e,test,0.48136037588119507,0.436603680471282
56,20700,f,test,0.5500365495681763,0.5476819680395802
56,20700,g,test,0.5743967890739441,0.5542101555669856
56,20700,h,test,0.5319298505783081,0.5253184626894802
56,20700,i,test,0.5989782810211182,0.585388507423499
56,21600,a,test,0.5555555820465088,0.5468389440659709
56,21600,b,test,0.4827810227870941,0.452198391382779
56,21600,c,test,0.4747474789619446,0.4656642545222202
56,21600,d,test,0.5508058667182922,0.5203719022457194
56,21600,e,test,0.4898626506328583,0.44196478158330366
56,21600,f,test,0.5522279143333435,0.5499797559635745
56,21600,g,test,0.5817694664001465,0.5668324769219847
56,21600,h,test,0.5291228294372559,0.5246696746900726
56,21600,i,test,0.6085568070411682,0.5903720101339981
56,22500,a,test,0.5597749352455139,0.5459659328094434
56,22500,b,test,0.4938271641731262,0.4495495646556808
56,22500,c,test,0.5028859972953796,0.49136196990432185
56,22500,d,test,0.5613174438476562,0.5382045201258843
56,22500,e,test,0.4957488477230072,0.43610183865169194
56,22500,f,test,0.5595325231552124,0.5582473264847295
56,22500,g,test,0.5784182548522949,0.5612946167452011
56,22500,h,test,0.551578938961029,0.5426131130264874
56,22500,i,test,0.6091954112052917,0.5840306721790534
56,23400,a,test,0.5843881964683533,0.5756808068555056
56,23400,b,test,0.5074723958969116,0.4799096738814133
56,23400,c,test,0.49567100405693054,0.4869541639584969
56,23400,d,test,0.5753328800201416,0.547614392595391
56,23400,e,test,0.49705690145492554,0.44986824740819786
56,23400,f,test,0.5770635604858398,0.5712276052628481
56,23400,g,test,0.5918230414390564,0.5761449120229668
56,23400,h,test,0.5529824495315552,0.545352532614363
56,23400,i,test,0.6098339557647705,0.5853365121630129
56,24300,a,test,0.5562587976455688,0.5323891615613042
56,24300,b,test,0.5224171280860901,0.4956425429298827
56,24300,c,test,0.4783549904823303,0.4697398824183685
56,24300,d,test,0.5718290209770203,0.5463548363662108
56,24300,e,test,0.5160235166549683,0.4716842331916398
56,24300,f,test,0.5719503164291382,0.5677353241963697
56,24300,g,test,0.5978552103042603,0.5804154470961442
56,24300,h,test,0.5670175552368164,0.5503560070764281
56,24300,i,test,0.6130267977714539,0.5938679984446508
56,25200,a,test,0.5991561412811279,0.5962612628499558
56,25200,b,test,0.5380116701126099,0.49600665981616404
56,25200,c,test,0.4769119620323181,0.4675223349379205
56,25200,d,test,0.5837421417236328,0.5425903932529487
56,25200,e,test,0.5160235166549683,0.4716842331916398
56,25200,f,test,0.5748721957206726,0.568493903742685
56,25200,g,test,0.5730562806129456,0.5534960282465357
56,25200,h,test,0.5782456398010254,0.5688835495887741
56,25200,i,test,0.6111111044883728,0.5910569929031718
56,26100,a,test,0.5675105452537537,0.5507855099454783
56,26100,b,test,0.5438596606254578,0.5193508604285498
56,26100,c,test,0.4660894572734833,0.45422968444793727
56,26100,d,test,0.5893482565879822,0.5638614029812827
56,26100,e,test,0.5206016898155212,0.4760709103539386
56,26100,f,test,0.5763331055641174,0.5647621792004046
56,26100,g,test,0.5831099152565002,0.5616244031312662
56,26100,h,test,0.5978947281837463,0.5891836386762644
56,26100,i,test,0.6168582439422607,0.5916794032942929
56,27000,a,test,0.5900140404701233,0.5807972440354267
56,27000,b,test,0.5451592206954956,0.518302167498487
56,27000,c,test,0.47907647490501404,0.4751216787123132
56,27000,d,test,0.5739313364028931,0.533772031406076
56,27000,e,test,0.5454545617103577,0.4938007935824847
56,27000,f,test,0.599707841873169,0.5903555415866326
56,27000,g,test,0.5817694664001465,0.5611118574135471
56,27000,h,test,0.5957894921302795,0.5777879669133559
56,27000,i,test,0.6213282346725464,0.5987683038582671
56,27900,a,test,0.5914205312728882,0.5850724868077897
56,27900,b,test,0.565951943397522,0.5335980419814127
56,27900,c,test,0.5057719945907593,0.4958926703462045
56,27900,d,test,0.5970567464828491,0.569521413892869
56,27900,e,test,0.541530430316925,0.4900955270627736
56,27900,f,test,0.6004382967948914,0.5942545004135501
56,27900,g,test,0.5690348744392395,0.5588187503752372
56,27900,h,test,0.5957894921302795,0.5762550091803437
56,27900,i,test,0.6328224539756775,0.6156692213387621
56,28800,a,test,0.5555555820465088,0.5281913805408758
56,28800,b,test,0.5432098507881165,0.5076129715790672
56,28800,c,test,0.509379506111145,0.5018436915053346
56,28800,d,test,0.5879467129707336,0.5496820886926993
56,28800,e,test,0.5107913613319397,0.45746071857235154
56,28800,f,test,0.6004382967948914,0.5942545004135501
56,28800,g,test,0.5797587037086487,0.5578606593758298
56,28800,h,test,0.6175438761711121,0.5951272076005034
56,28800,i,test,0.6289910674095154,0.5919817370086179
56,29700,a,test,0.5963431596755981,0.5677165814088171
56,29700,b,test,0.565951943397522,0.5276594810824836
56,29700,c,test,0.5079365372657776,0.5014168255701389
56,29700,d,test,0.5718290209770203,0.5363786733804196
56,29700,e,test,0.5500326752662659,0.5026820792478299
56,29700,f,test,0.5514974594116211,0.5456174528151013
56,29700,g,test,0.6072385907173157,0.5934155109985099
56,29700,h,test,0.6238596439361572,0.5983398535966145
56,29700,i,test,0.6398467421531677,0.607529749286334
56,30600,a,test,0.6125175952911377,0.6094139861295397
56,30600,b,test,0.5490578413009644,0.5084272516271772
56,30600,c,test,0.4935064911842346,0.4679204923050119
56,30600,d,test,0.5935528874397278,0.5557200409698551
56,30600,e,test,0.5618051290512085,0.5128432630399892
56,30600,f,test,0.5441928505897522,0.5325481266804943
56,30600,g,test,0.5898123383522034,0.571499378623701
56,30600,h,test,0.6343859434127808,0.6154064634064825
56,30600,i,test,0.6302682161331177,0.61137672952528
56,31500,a,test,0.6019690632820129,0.5942726401150619
56,31500,b,test,0.5536062121391296,0.5322881152006159
56,31500,c,test,0.5165945291519165,0.5005682702941775
56,31500,d,test,0.5732305645942688,0.5320416849361521
56,31500,e,test,0.5945062041282654,0.5431646260633112
56,31500,f,test,0.5785244703292847,0.5750976374644792
56,31500,g,test,0.5878016352653503,0.5628491784035946
56,31500,h,test,0.653333306312561,0.6344006460811757
56,31500,i,test,0.6296296119689941,0.6088359856637211
56,32400,a,test,0.5864979028701782,0.5810612514045976
56,32400,b,test,0.5575048923492432,0.5378167115232019
56,32400,c,test,0.523809552192688,0.5195915719063867
56,32400,d,test,0.6159775853157043,0.5905998410878319
56,32400,e,test,0.5899280309677124,0.5382374173486411
56,32400,f,test,0.5726807713508606,0.5672791542330105
56,32400,g,test,0.6058981418609619,0.5956330336269838
56,32400,h,test,0.6280701756477356,0.6195161672742596
56,32400,i,test,0.6507024168968201,0.6332313730672737
56,33300,a,test,0.6012658476829529,0.5905748598969139
56,33300,b,test,0.5724496245384216,0.5553554673341272
56,33300,c,test,0.5339105129241943,0.5280754989479611
56,33300,d,test,0.6145760416984558,0.5837882036220304
56,33300,e,test,0.6010464429855347,0.5549162394898548
56,33300,f,test,0.5712198615074158,0.568641996364509
56,33300,g,test,0.5931635499000549,0.5789199487395056
56,33300,h,test,0.6308771967887878,0.6133217367828195
56,33300,i,test,0.6507024168968201,0.6218137316460236
56,34200,a,test,0.5984528660774231,0.5804411462149613
56,34200,b,test,0.5821962356567383,0.5562844598851117
56,34200,c,test,0.5613275766372681,0.5417334114666464
56,34200,d,test,0.5865452289581299,0.5528177143469429
56,34200,e,test,0.5964682698249817,0.5402193537390343
56,34200,f,test,0.5777940154075623,0.5762657325457579
56,34200,g,test,0.6092493534088135,0.5846430483496309
56,34200,h,test,0.6196491122245789,0.5828717905524935
56,34200,i,test,0.6328224539756775,0.6184956000744307
56,35100,a,test,0.6286919713020325,0.6218916071539498
56,35100,b,test,0.5958414673805237,0.5502537448965352
56,35100,c,test,0.5512265563011169,0.541512209828659
56,35100,d,test,0.5991590619087219,0.5611441370979309
56,35100,e,test,0.577501654624939,0.5254122315679153
56,35100,f,test,0.5894813537597656,0.5926781866423319
56,35100,g,test,0.612600564956665,0.5928974373199666
56,35100,h,test,0.6336842179298401,0.6206601417005605
56,35100,i,test,0.6519795656204224,0.6247939294131601
56,36000,a,test,0.6350210905075073,0.6317002767870564
56,36000,b,test,0.5795971155166626,0.5493417901358547
56,36000,c,test,0.5468975305557251,0.5357462036834315
56,36000,d,test,0.6138752698898315,0.5818421940151133
56,36000,e,test,0.5663832426071167,0.5276161645808183
56,36000,f,test,0.5894813537597656,0.5926781866423319
56,36000,g,test,0.5878016352653503,0.5740560623329497
56,36000,h,test,0.6007017493247986,0.5905767507057247
56,36000,i,test,0.64112389087677,0.6299399758053256
56,36900,a,test,0.6082981824874878,0.606159287952133
56,36900,b,test,0.5769980549812317,0.5402394313429969
56,36900,c,test,0.536796510219574,0.5259705895838972
56,36900,d,test,0.5879467129707336,0.5496742581113355
56,36900,e,test,0.6304774284362793,0.5814177049476391
56,36900,f,test,0.5478451251983643,0.5472890266737552
56,36900,g,test,0.5971850156784058,0.579815751529454
56,36900,h,test,0.6308771967887878,0.6130522472314013
56,36900,i,test,0.646871030330658,0.6385141262086512
56,37800,a,test,0.5984528660774231,0.5931248099607288
56,37800,b,test,0.5867446660995483,0.5493855383042044
56,37800,c,test,0.5476190447807312,0.5374417342240249
56,37800,d,test,0.5830413699150085,0.5404445935336062
56,37800,e,test,0.6049705743789673,0.537662487749383
56,37800,f,test,0.5924032330513,0.5737141132932251
56,37800,g,test,0.6038873791694641,0.5816197746660766
56,37800,h,test,0.6364912390708923,0.6164232989611363
56,37800,i,test,0.6500638723373413,0.638012456378814
56,38700,a,test,0.6097046136856079,0.6007495873569355
56,38700,b,test,0.6062378287315369,0.5751779692153334
56,38700,c,test,0.5295815467834473,0.5175521809782629
56,38700,d,test,0.5823405981063843,0.5360005343355952
56,38700,e,test,0.6069326400756836,0.5650103135068769
56,38700,f,test,0.5975164175033569,0.5864897464827314
56,38700,g,test,0.6058981418609619,0.5871476539589984
56,38700,h,test,0.6470175385475159,0.6256355683509136
56,38700,i,test,0.6666666865348816,0.6409532833759364
56,39600,a,test,0.6357243061065674,0.6313516915406685
56,39600,b,test,0.5971410274505615,0.5670522341458235
56,39600,c,test,0.5454545617103577,0.533704956573803
56,39600,d,test,0.5795375108718872,0.5241691201741047
56,39600,e,test,0.6232832074165344,0.5754893660977599
56,39600,f,test,0.5924032330513,0.5906539057354837
56,39600,g,test,0.5891420841217041,0.5815364982262875
56,39600,h,test,0.6238596439361572,0.6126449924652125
56,39600,i,test,0.646871030330658,0.6233902123441571
56,40500,a,test,0.6202531456947327,0.612674112654783
56,40500,b,test,0.6107861995697021,0.5759707625301278
56,40500,c,test,0.5404040217399597,0.5200882878944183
56,40500,d,test,0.5963559746742249,0.5542825367927966
56,40500,e,test,0.6062785983085632,0.530109522564549
56,40500,f,test,0.6084733605384827,0.59825227321837
56,40500,g,test,0.5924932956695557,0.5725089091274842
56,40500,h,test,0.6449123024940491,0.6222132195822943
56,40500,i,test,0.6353767514228821,0.6141162938420996
56,41400,a,test,0.6082981824874878,0.6059989971138592
56,41400,b,test,0.604938268661499,0.5724719403367572
56,41400,c,test,0.5533910393714905,0.5414867767357796
56,41400,d,test,0.6061667799949646,0.5658010130104242
56,41400,e,test,0.6154349446296692,0.5570177487183348
56,41400,f,test,0.6179693341255188,0.6090313660938914
56,41400,g,test,0.6172922253608704,0.5971353277030319
56,41400,h,test,0.6610526442527771,0.6378225230467662
56,41400,i,test,0.6245210766792297,0.6111419219398314
56,42300,a,test,0.5963431596755981,0.5830017473038276
56,42300,b,test,0.5977907776832581,0.5550588372652989
56,42300,c,test,0.5584415793418884,0.5447568763690813
56,42300,d,test,0.5977575182914734,0.5651763192124378
56,42300,e,test,0.5912361145019531,0.5353881306630422
56,42300,f,test,0.614316999912262,0.6016941836102697
56,42300,g,test,0.6079088449478149,0.582970859757958
56,42300,h,test,0.6526315808296204,0.626480874920805
56,42300,i,test,0.6609195470809937,0.6364574442030979
56,43200,a,test,0.6090013980865479,0.5947502620369192
56,43200,b,test,0.6140350699424744,0.5866300298957445
56,43200,c,test,0.5512265563011169,0.5375952913284002
56,43200,d,test,0.5858444571495056,0.5493768723371798
56,43200,e,test,0.6134728789329529,0.5646946220883872
56,43200,f,test,0.6084733605384827,0.5948735270794335
56,43200,g,test,0.6300268173217773,0.6110482430261778
56,43200,h,test,0.643508791923523,0.6149526598863247
56,43200,i,test,0.6404852867126465,0.6051652893104956
56,44100,a,test,0.6181434392929077,0.6075234768999838
56,44100,b,test,0.6075373888015747,0.5746278267964976
56,44100,c,test,0.5555555820465088,0.5522831503582986
56,44100,d,test,0.5984582901000977,0.5598670375615618
56,44100,e,test,0.6049705743789673,0.5468114497211265
56,44100,f,test,0.6070123910903931,0.5957605551701853
56,44100,g,test,0.6012064218521118,0.5944625644529599
56,44100,h,test,0.6329824328422546,0.6173886263104296
56,44100,i,test,0.6455938816070557,0.6207732907193887
56,45000,a,test,0.607594907283783,0.5976288857715433
56,45000,b,test,0.6198830604553223,0.5838039616742244
56,45000,c,test,0.5692640542984009,0.5624912390023139
56,45000,d,test,0.5823405981063843,0.541891039870278
56,45000,e,test,0.6252452731132507,0.5835946503369799
56,45000,f,test,0.6223520636558533,0.6121384153222976
56,45000,g,test,0.5810992121696472,0.5667121717559266
56,45000,h,test,0.6652631759643555,0.6525224213536213
56,45000,i,test,0.6615580916404724,0.633613094647027
56,45900,a,test,0.6104078888893127,0.6007781224310853
56,45900,b,test,0.6114360094070435,0.564705230666984
56,45900,c,test,0.5252525210380554,0.5022187672405699
56,45900,d,test,0.6075683236122131,0.5732914793277224
56,45900,e,test,0.6474820375442505,0.5969576107944635
56,45900,f,test,0.6208911538124084,0.6118938401198117
56,45900,g,test,0.6394101977348328,0.6260947394965125
56,45900,h,test,0.6547368168830872,0.6461510143501816
56,45900,i,test,0.6768837571144104,0.6613396154558115
56,46800,a,test,0.6090013980865479,0.6042521404967858
56,46800,b,test,0.6133853197097778,0.5700734659419261
56,46800,c,test,0.5137085318565369,0.4993144222496562
56,46800,d,test,0.6012613773345947,0.5714287155519047
56,46800,e,test,0.6363636255264282,0.5811826442967167
56,46800,f,test,0.6179693341255188,0.6027284088015922
56,46800,g,test,0.637399435043335,0.6137835694504439
56,46800,h,test,0.6399999856948853,0.6281291972616788
56,46800,i,test,0.6481481194496155,0.6307451795123389
56,47700,a,test,0.597749650478363,0.5881960976149344
56,47700,b,test,0.5984405279159546,0.5582883990540093
56,47700,c,test,0.5613275766372681,0.5479062702586428
56,47700,d,test,0.6215837597846985,0.5887395963676757
56,47700,e,test,0.6520601511001587,0.6069821749787276
56,47700,f,test,0.6238129734992981,0.6145894950592321
56,47700,g,test,0.6260053515434265,0.5947590491618276
56,47700,h,test,0.6547368168830872,0.64126254976674
56,47700,i,test,0.6551724076271057,0.63249680420747
56,48600,a,test,0.6153305172920227,0.6050256508027319
56,48600,b,test,0.6159843802452087,0.5804348533838236
56,48600,c,test,0.5418470501899719,0.540464905397993
56,48600,d,test,0.6278907060623169,0.6005612941614923
56,48600,e,test,0.6429038643836975,0.5993584763370524
56,48600,f,test,0.633309006690979,0.6245250439733292
56,48600,g,test,0.6367292404174805,0.6242521283968592
56,48600,h,test,0.6449123024940491,0.6324667104772107
56,48600,i,test,0.6532567143440247,0.6388898734180964
56,49500,a,test,0.5984528660774231,0.5849981993106836
56,49500,b,test,0.5977907776832581,0.5746196203363023
56,49500,c,test,0.542568564414978,0.5393520223448045
56,49500,d,test,0.6103714108467102,0.570213423643426
56,49500,e,test,0.6383256912231445,0.5981680716315524
56,49500,f,test,0.6464572548866272,0.6344617123717713
56,49500,g,test,0.6172922253608704,0.6081566546664484
56,49500,h,test,0.66456139087677,0.6584682509484374
56,49500,i,test,0.656449556350708,0.6369416548646041
56,50400,a,test,0.6230661273002625,0.6188338682387623
56,50400,b,test,0.5938921570777893,0.5739346395413268
56,50400,c,test,0.5548340678215027,0.5467321522546938
56,50400,d,test,0.6299930214881897,0.6035242257727679
56,50400,e,test,0.6298233866691589,0.6024498714924195
56,50400,f,test,0.6435354351997375,0.6363442665041986
56,50400,g,test,0.6085790991783142,0.598393823340562
56,50400,h,test,0.6575438380241394,0.6484996694960475
56,50400,i,test,0.679438054561615,0.6639741181428578
56,51300,a,test,0.599859356880188,0.5761299378193243
56,51300,b,test,0.6185835003852844,0.5819220895173045
56,51300,c,test,0.5512265563011169,0.5361747815082735
56,51300,d,test,0.6131744980812073,0.5847895253016158
56,51300,e,test,0.6219751238822937,0.585142182489676
56,51300,f,test,0.5924032330513,0.591659039728854
56,51300,g,test,0.612600564956665,0.5919098973111326
56,51300,h,test,0.6463158130645752,0.6261252146150292
56,51300,i,test,0.6704980731010437,0.6494535328356646
56,52200,a,test,0.6315048933029175,0.6240122506312871
56,52200,b,test,0.6348277926445007,0.6098776218956051
56,52200,c,test,0.5353535413742065,0.5171814569629561
56,52200,d,test,0.6355991363525391,0.6136201721127461
56,52200,e,test,0.6245912313461304,0.5582579324471203
56,52200,f,test,0.6194302439689636,0.6123150700127881
56,52200,g,test,0.6172922253608704,0.578054234016207
56,52200,h,test,0.6659649014472961,0.6410677618059125
56,52200,i,test,0.6775223612785339,0.6543268056064249
56,53100,a,test,0.6610407829284668,0.6569181689373744
56,53100,b,test,0.61208575963974,0.5623065937592456
56,53100,c,test,0.5454545617103577,0.5343948344483822
56,53100,d,test,0.6257883906364441,0.5932171396092665
56,53100,e,test,0.637671709060669,0.5777109968231184
56,53100,f,test,0.5989773273468018,0.5885296902730679
56,53100,g,test,0.6199731826782227,0.5939853290748804
56,53100,h,test,0.6785964965820312,0.6574739696226702
56,53100,i,test,0.687100887298584,0.6629969832570688
56,54000,a,test,0.6244725584983826,0.6221494905773911
56,54000,b,test,0.6276803016662598,0.5831335768158009
56,54000,c,test,0.5411255359649658,0.5310202962839683
56,54000,d,test,0.6145760416984558,0.57674877526407
56,54000,e,test,0.6703727841377258,0.632777401371986
56,54000,f,test,0.6106647253036499,0.6072658877998692
56,54000,g,test,0.6487935781478882,0.6314020169020819
56,54000,h,test,0.6589473485946655,0.6455814602243709
56,54000,i,test,0.6832695007324219,0.6674779299171076
56,54900,a,test,0.6237693428993225,0.6219949173057895
56,54900,b,test,0.6250812411308289,0.5762069856211708
56,54900,c,test,0.5548340678215027,0.5494736984453351
56,54900,d,test,0.6299930214881897,0.6049147278080733
56,54900,e,test,0.6703727841377258,0.6269295676930586
56,54900,f,test,0.6216216087341309,0.6161161174806374
56,54900,g,test,0.6146112680435181,0.6007699385870443
56,54900,h,test,0.6456140279769897,0.6326136059828282
56,54900,i,test,0.6851851940155029,0.66939742929606
56,55800,a,test,0.6357243061065674,0.6354289585695613
56,55800,b,test,0.6341780424118042,0.5952527505695273
56,55800,c,test,0.5526695251464844,0.5512320060750825
56,55800,d,test,0.6243868470191956,0.5913958713413338
56,55800,e,test,0.6710268259048462,0.6330410766395075
56,55800,f,test,0.6157779693603516,0.6073650610135489
56,55800,g,test,0.6481233239173889,0.6225188360656905
56,55800,h,test,0.6568421125411987,0.6435302486847764
56,55800,i,test,0.6519795656204224,0.6430747308742507
56,56700,a,test,0.6090013980865479,0.606181865335795
56,56700,b,test,0.6439246535301208,0.6096273181854016
56,56700,c,test,0.5461760759353638,0.5319157282521219
56,56700,d,test,0.6145760416984558,0.5797411957116727
56,56700,e,test,0.6514061689376831,0.6085962984378698
56,56700,f,test,0.6223520636558533,0.6216824284211422
56,56700,g,test,0.6561661958694458,0.6405907747940184
56,56700,h,test,0.6617543697357178,0.6399504254797992
56,56700,i,test,0.6819923520088196,0.6674435836682097
56,57600,a,test,0.6223628520965576,0.6205865712681632
56,57600,b,test,0.6556205153465271,0.6131323614367973
56,57600,c,test,0.5786435604095459,0.5731300855283382
56,57600,d,test,0.6292922496795654,0.5999527033467229
56,57600,e,test,0.6461739540100098,0.6035119623244445
56,57600,f,test,0.6150474548339844,0.6136182056465959
56,57600,g,test,0.6005361676216125,0.5951989021395911
56,57600,h,test,0.687017560005188,0.6690330196163944
56,57600,i,test,0.6756066679954529,0.6558824091936566
56,58500,a,test,0.6279887557029724,0.6189545464648142
56,58500,b,test,0.6400259733200073,0.6070031742932793
56,58500,c,test,0.588744580745697,0.5862940792427606
56,58500,d,test,0.6040644645690918,0.5655292521084975
56,58500,e,test,0.6520601511001587,0.6033431457091515
56,58500,f,test,0.6070123910903931,0.6060833385314057
56,58500,g,test,0.6508042812347412,0.6372126021349171
56,58500,h,test,0.6891227960586548,0.6752887415595031
56,58500,i,test,0.6628352403640747,0.6470957115472993
56,59400,a,test,0.5963431596755981,0.5881260009974004
56,59400,b,test,0.6575698256492615,0.6226195263425301
56,59400,c,test,0.5945165753364563,0.5848366559399784
56,59400,d,test,0.6355991363525391,0.6026241485144491
56,59400,e,test,0.6749509572982788,0.6365441106525441
56,59400,f,test,0.6362308263778687,0.6168826099835368
56,59400,g,test,0.6441018581390381,0.625912092108213
56,59400,h,test,0.6954386234283447,0.6682318802149139
56,59400,i,test,0.6519795656204224,0.6337446611983776
56,60300,a,test,0.6040787696838379,0.5953213065446507
56,60300,b,test,0.6458739638328552,0.6020595107098928
56,60300,c,test,0.5901876091957092,0.5826257498484139
56,60300,d,test,0.62018221616745,0.5795766543571925
56,60300,e,test,0.6514061689376831,0.5985267099083752
56,60300,f,test,0.5887508988380432,0.5666882729339074
56,60300,g,test,0.6293565630912781,0.6032291538766846
56,60300,h,test,0.7045614123344421,0.6807408154460878
56,60300,i,test,0.6577267050743103,0.6435370217894059
56,61200,a,test,0.5710267424583435,0.5397120786580437
56,61200,b,test,0.6432748436927795,0.6101020302466528
56,61200,c,test,0.5678210854530334,0.5565647384570386
56,61200,d,test,0.6496145725250244,0.6275637318714019
56,61200,e,test,0.6756049990653992,0.6281420610544669
56,61200,f,test,0.6252739429473877,0.6160230417175107
56,61200,g,test,0.6280161142349243,0.592649734213463
56,61200,h,test,0.6947368383407593,0.6761637980790098
56,61200,i,test,0.6532567143440247,0.6201749098293047
56,62100,a,test,0.5675105452537537,0.5638850891879782
56,62100,b,test,0.6374269127845764,0.6109501163492526
56,62100,c,test,0.5649350881576538,0.5596773402363304
56,62100,d,test,0.6580238342285156,0.6408499271585621
56,62100,e,test,0.6716808080673218,0.6267060790396318
56,62100,f,test,0.6194302439689636,0.6107295245306767
56,62100,g,test,0.6327077746391296,0.6166565591715764
56,62100,h,test,0.6940351128578186,0.6719789745592224
56,62100,i,test,0.5977011322975159,0.5870995278087611
56,63000,a,test,0.646976113319397,0.6442997973384282
56,63000,b,test,0.6387264728546143,0.6137707635004548
56,63000,c,test,0.5649350881576538,0.5613303635307013
56,63000,d,test,0.6222845315933228,0.5964342454524328
56,63000,e,test,0.6494441032409668,0.6038990031498469
56,63000,f,test,0.6062819361686707,0.6090560452425369
56,63000,g,test,0.6347184777259827,0.6224587802779621
56,63000,h,test,0.6687719225883484,0.6630140857607555
56,63000,i,test,0.6609195470809937,0.6477031421016956
56,63900,a,test,0.6343178749084473,0.6210846691634656
56,63900,b,test,0.61663419008255,0.5850877589851994
56,63900,c,test,0.5649350881576538,0.5596884214006691
56,63900,d,test,0.6370006799697876,0.6157836182600412
56,63900,e,test,0.593852162361145,0.5482881231462755
56,63900,f,test,0.6055514812469482,0.5920710706567717
56,63900,g,test,0.6434316635131836,0.6289082715484807
56,63900,h,test,0.6771929860115051,0.6704271840508045
56,63900,i,test,0.6481481194496155,0.6334974186657415
56,64800,a,test,0.6336145997047424,0.6226336781675146
56,64800,b,test,0.6302794218063354,0.602348504626081
56,64800,c,test,0.5555555820465088,0.5428298583856441
56,64800,d,test,0.6278907060623169,0.5997628060757596
56,64800,e,test,0.5886200070381165,0.5388648940301733
56,64800,f,test,0.6223520636558533,0.6232448232942961
56,64800,g,test,0.6132707595825195,0.6064170585603258
56,64800,h,test,0.6933333277702332,0.6781209003390547
56,64800,i,test,0.664112389087677,0.6502754649052453
56,65700,a,test,0.602672278881073,0.5820567212958639
56,65700,b,test,0.6289798617362976,0.5974548862498469
56,65700,c,test,0.593795120716095,0.5888204925638639
56,65700,d,test,0.6573230624198914,0.643713777833207
56,65700,e,test,0.633093535900116,0.5989643909103848
56,65700,f,test,0.6238129734992981,0.6251372322150542
56,65700,g,test,0.5918230414390564,0.5907568053358279
56,65700,h,test,0.7052631378173828,0.6860875085661431
56,65700,i,test,0.6596423983573914,0.6372393240063973
56,66600,a,test,0.6174402236938477,0.6007791723205153
56,66600,b,test,0.6270305514335632,0.5963259649242593
56,66600,c,test,0.5851370692253113,0.5800160725355229
56,66600,d,test,0.6152768135070801,0.5799374678027177
56,66600,e,test,0.652714192867279,0.6188738309918652
56,66600,f,test,0.6252739429473877,0.6224593505972731
56,66600,g,test,0.6239946484565735,0.6180217812122067
56,66600,h,test,0.6933333277702332,0.6781479656030043
56,66600,i,test,0.6698595285415649,0.6473856723520229
56,67500,a,test,0.6216596364974976,0.6176867185550466
56,67500,b,test,0.6452241539955139,0.6157597332292893
56,67500,c,test,0.5663780570030212,0.5607020370013766
56,67500,d,test,0.6271899342536926,0.5939755893790636
56,67500,e,test,0.6252452731132507,0.5754340212893516
56,67500,f,test,0.6245434880256653,0.6176309128407594
56,67500,g,test,0.6246649026870728,0.6195301854659948
56,67500,h,test,0.6617543697357178,0.6519337101760913
56,67500,i,test,0.6653895378112793,0.6521407434505743
56,68400,a,test,0.6610407829284668,0.6540992374458595
56,68400,b,test,0.6452241539955139,0.621310372616893
56,68400,c,test,0.5656565427780151,0.558057828874743
56,68400,d,test,0.6566222906112671,0.6407593474760599
56,68400,e,test,0.6324394941329956,0.5822294444985463
56,68400,f,test,0.6355003714561462,0.6296180206198809
56,68400,g,test,0.6105898022651672,0.6007534945352194
56,68400,h,test,0.6414034962654114,0.6329820505630152
56,68400,i,test,0.6551724076271057,0.6336425129736103
56,69300,a,test,0.6596342921257019,0.6527017007778251
56,69300,b,test,0.642625093460083,0.6156887090349771
56,69300,c,test,0.5858585834503174,0.5828835639297916
56,69300,d,test,0.6489138007164001,0.6325978003399946
56,69300,e,test,0.6716808080673218,0.6302234354862096
56,69300,f,test,0.6340394616127014,0.6305148985896943
56,69300,g,test,0.622654139995575,0.6072343099548387
56,69300,h,test,0.6385964751243591,0.6346769262533133
56,69300,i,test,0.6577267050743103,0.6363142968273258
56,70200,a,test,0.6455696225166321,0.6379638209507825
56,70200,b,test,0.6419752836227417,0.6097943221204076
56,70200,c,test,0.5923520922660828,0.580906992943444
56,70200,d,test,0.6475122570991516,0.6237288360352742
56,70200,e,test,0.6716808080673218,0.6302234354862096
56,70200,f,test,0.6340394616127014,0.6326208698026533
56,70200,g,test,0.627345860004425,0.6172099051989545
56,70200,h,test,0.6357894539833069,0.6004099540882825
56,70200,i,test,0.6577267050743103,0.6288410183072289
56,71100,a,test,0.6603375673294067,0.653510927244787
56,71100,b,test,0.6257309913635254,0.5922851638069723
56,71100,c,test,0.5988456010818481,0.5869983870488357
56,71100,d,test,0.6299930214881897,0.6004652321743141
56,71100,e,test,0.6579463481903076,0.6235493087372476
56,71100,f,test,0.631117582321167,0.6336160842030759
56,71100,g,test,0.637399435043335,0.6078982162904762
56,71100,h,test,0.6982455849647522,0.6812400591620239
56,71100,i,test,0.6513410210609436,0.6172218287440245
56,72000,a,test,0.6223628520965576,0.6121477916740131
56,72000,b,test,0.6445744037628174,0.6091782493914941
56,72000,c,test,0.6053391098976135,0.5882342208277702
56,72000,d,test,0.6398037672042847,0.620562053742562
56,72000,e,test,0.6435579061508179,0.6064653789172866
56,72000,f,test,0.6369612812995911,0.6397659920246679
56,72000,g,test,0.6105898022651672,0.562581746495543
56,72000,h,test,0.6905263066291809,0.6686988956593329
56,72000,i,test,0.6417624354362488,0.6054255138890526
56,72900,a,test,0.6561181545257568,0.6556417525147572
56,72900,b,test,0.6068875789642334,0.5665181468969006
56,72900,c,test,0.5440115332603455,0.5227828233086714
56,72900,d,test,0.5599159002304077,0.5035070451427901
56,72900,e,test,0.652714192867279,0.6177163185931195
56,72900,f,test,0.6260043978691101,0.6293136992846242
56,72900,g,test,0.6112600564956665,0.5724676325416945
56,72900,h,test,0.6933333277702332,0.6738198901414042
56,72900,i,test,0.6462324261665344,0.6210436454315701
56,73800,a,test,0.6694796085357666,0.6662678583329877
56,73800,b,test,0.6478232741355896,0.611891263270056
56,73800,c,test,0.6010100841522217,0.5833326314063465
56,73800,d,test,0.6264891624450684,0.5978085904197702
56,73800,e,test,0.607586681842804,0.5508060440382697
56,73800,f,test,0.6230825185775757,0.6159301125230449
56,73800,g,test,0.6367292404174805,0.6097904725234287
56,73800,h,test,0.6982455849647522,0.6788594154697084
56,73800,i,test,0.6481481194496155,0.6262931140935737
56,74700,a,test,0.652601957321167,0.6506821521140839
56,74700,b,test,0.6387264728546143,0.6073820693039618
56,74700,c,test,0.5786435604095459,0.5638638093928828
56,74700,d,test,0.6419060826301575,0.6198796165702758
56,74700,e,test,0.6370176672935486,0.5902512900733646
56,74700,f,test,0.6464572548866272,0.6392166759779887
56,74700,g,test,0.6414209008216858,0.6263169045621683
56,74700,h,test,0.7108771800994873,0.6968836683821505
56,74700,i,test,0.6500638723373413,0.6248749234054679
56,75600,a,test,0.5386779308319092,0.5074411926609678
56,75600,b,test,0.642625093460083,0.6161729565725316
56,75600,c,test,0.5894660949707031,0.5783788262488514
56,75600,d,test,0.6475122570991516,0.6269245634153111
56,75600,e,test,0.6435579061508179,0.6034756495134307
56,75600,f,test,0.6296566724777222,0.6127916982915949
56,75600,g,test,0.6394101977348328,0.6268435631712584
56,75600,h,test,0.6785964965820312,0.6615660439014971
56,75600,i,test,0.639208197593689,0.6240308949698793
56,76500,a,test,0.6364275813102722,0.6303058668989113
56,76500,b,test,0.6517218947410583,0.6140030234220929
56,76500,c,test,0.5873016119003296,0.578605038863952
56,76500,d,test,0.674141526222229,0.6565893138394922
56,76500,e,test,0.6442118883132935,0.608788231753924
56,76500,f,test,0.6340394616127014,0.6256693995786115
56,76500,g,test,0.6621983647346497,0.6500639520664324
56,76500,h,test,0.6912280917167664,0.6874679619970919
56,76500,i,test,0.648786723613739,0.638404919237193
56,77400,a,test,0.6441631317138672,0.6355562553805847
56,77400,b,test,0.6400259733200073,0.6125075520717618
56,77400,c,test,0.5822510719299316,0.5727913035231221
56,77400,d,test,0.6475122570991516,0.6266315989433202
56,77400,e,test,0.6625245213508606,0.6267738477609147
56,77400,f,test,0.6208911538124084,0.6111731778515539
56,77400,g,test,0.6380696892738342,0.6167983353474665
56,77400,h,test,0.6933333277702332,0.6810467755296273
56,77400,i,test,0.6296296119689941,0.6120512238654436
56,78300,a,test,0.6413502097129822,0.6259406355954124
56,78300,b,test,0.6484730243682861,0.6215392590867224
56,78300,c,test,0.5800865888595581,0.574407643667749
56,78300,d,test,0.6440083980560303,0.6195429368571062
56,78300,e,test,0.6814911961555481,0.6507388314615482
56,78300,f,test,0.6347699165344238,0.6258259587649063
56,78300,g,test,0.6260053515434265,0.6137206971375075
56,78300,h,test,0.6778947114944458,0.6728447879965828
56,78300,i,test,0.6590038537979126,0.6314729517494156
56,79200,a,test,0.6406469941139221,0.6314029418453289
56,79200,b,test,0.6445744037628174,0.6100920778943798
56,79200,c,test,0.598124086856842,0.5905272603043188
56,79200,d,test,0.6131744980812073,0.5746907050709927
56,79200,e,test,0.6756049990653992,0.6437484779825235
56,79200,f,test,0.6391526460647583,0.6299728979935983
56,79200,g,test,0.6253350973129272,0.6121417341686468
56,79200,h,test,0.6989473700523376,0.6864407084993309
56,79200,i,test,0.681353747844696,0.6680452226303819
56,80100,a,test,0.647679328918457,0.6377461343127551
56,80100,b,test,0.649772584438324,0.6243453727200594
56,80100,c,test,0.5707070827484131,0.5641386066705008
56,80100,d,test,0.6573230624198914,0.6361086808259993
56,80100,e,test,0.6232832074165344,0.5762787009191843
56,80100,f,test,0.631117582321167,0.619184478939281
56,80100,g,test,0.6132707595825195,0.6041425018656749
56,80100,h,test,0.675789475440979,0.6518600336941456
56,80100,i,test,0.6596423983573914,0.626561352651737
56,81000,a,test,0.6350210905075073,0.618584336531998
56,81000,b,test,0.6530214548110962,0.6228738022549726
56,81000,c,test,0.5692640542984009,0.5642898958292263
56,81000,d,test,0.681850016117096,0.6647565889170767
56,81000,e,test,0.6291694045066833,0.5879040380068342
56,81000,f,test,0.6391526460647583,0.627990361927474
56,81000,g,test,0.5710455775260925,0.561233936033733
56,81000,h,test,0.6933333277702332,0.6774840278319708
56,81000,i,test,0.6538952589035034,0.6120757064528773
56,81900,a,test,0.6223628520965576,0.6044351013202177
56,81900,b,test,0.654321014881134,0.6280009970753598
56,81900,c,test,0.5757575631141663,0.5759981877733756
56,81900,d,test,0.6888577342033386,0.6771147409628094
56,81900,e,test,0.6317854523658752,0.5899003180598977
56,81900,f,test,0.6420745253562927,0.6305584573574528
56,81900,g,test,0.582439661026001,0.5749477254340056
56,81900,h,test,0.7080701589584351,0.6940686715917906
56,81900,i,test,0.6826308965682983,0.6589818201032367
56,82800,a,test,0.650492250919342,0.6486510276081533
56,82800,b,test,0.6692657470703125,0.6427309119794412
56,82800,c,test,0.5649350881576538,0.561005102195088
56,82800,d,test,0.6825507879257202,0.6705891863702743
56,82800,e,test,0.6167429685592651,0.5756156588632496
56,82800,f,test,0.6581446528434753,0.6531940972391325
56,82800,g,test,0.5817694664001465,0.5805776928404071
56,82800,h,test,0.6912280917167664,0.6801442338489933
56,82800,i,test,0.6915708780288696,0.6777986967262454
56,83700,a,test,0.6392405033111572,0.6350614217133006
56,83700,b,test,0.6718648672103882,0.63800341649607
56,83700,c,test,0.5779221057891846,0.5730650249396099
56,83700,d,test,0.6888577342033386,0.6789940815131758
56,83700,e,test,0.6128188371658325,0.5668708158253398
56,83700,f,test,0.6289262175559998,0.6237406631604209
56,83700,g,test,0.6233243942260742,0.6107822595732402
56,83700,h,test,0.6589473485946655,0.6549669022844219
56,83700,i,test,0.673690915107727,0.6506123059697285
56,84600,a,test,0.6420534253120422,0.638344371905397
56,84600,b,test,0.6556205153465271,0.6160176617030731
56,84600,c,test,0.569985568523407,0.5582825799874863
56,84600,d,test,0.6839523315429688,0.6720456789101464
56,84600,e,test,0.6357096433639526,0.5931388826926656
56,84600,f,test,0.6384221911430359,0.6319052130756275
56,84600,g,test,0.6467828154563904,0.6394290605285252
56,84600,h,test,0.6624561548233032,0.6490696175698459
56,84600,i,test,0.6647509336471558,0.6396211291859847
56,85500,a,test,0.6209564208984375,0.6203342346295461
56,85500,b,test,0.6634178161621094,0.6334096379776332
56,85500,c,test,0.5772005915641785,0.5711639040634396
56,85500,d,test,0.6608269214630127,0.6434968317909772
56,85500,e,test,0.6474820375442505,0.6107294808969091
56,85500,f,test,0.6384221911430359,0.6309483354201703
56,85500,g,test,0.6434316635131836,0.6352663141539442
56,85500,h,test,0.6652631759643555,0.653160222634192
56,85500,i,test,0.6660280823707581,0.6470567546870601
56,86400,a,test,0.6329113841056824,0.6261077161976357
56,86400,b,test,0.6627680063247681,0.6296532660161556
56,86400,c,test,0.5822510719299316,0.5709836747918204
56,86400,d,test,0.6706377267837524,0.655598819585137
56,86400,e,test,0.6736429333686829,0.6469352257561836
56,86400,f,test,0.6355003714561462,0.6310628103697092
56,86400,g,test,0.6360589861869812,0.6214854135013747
56,86400,h,test,0.6814035177230835,0.6724437589078489
56,86400,i,test,0.6507024168968201,0.6317414897660891
83,0,a,test,0.07735583931207657,0.03973495731748434
83,0,b,test,0.12020792812108994,0.03812801556052838
83,0,c,test,0.11688311398029327,0.04277582020075373
83,0,d,test,0.1380518525838852,0.0718459427364558
83,0,e,test,0.14650097489356995,0.08027627572768238
83,0,f,test,0.11176040768623352,0.04617424897653232
83,0,g,test,0.10723860561847687,0.04634277468221543
83,0,h,test,0.20140351355075836,0.13404180721497674
83,0,i,test,0.1123882532119751,0.0473888610176515
83,900,a,test,0.1666666716337204,0.14794921542623188
83,900,b,test,0.08771929889917374,0.07083252922643622
83,900,c,test,0.08802308887243271,0.07804123356879968
83,900,d,test,0.1597757488489151,0.1548921662595772
83,900,e,test,0.23152387142181396,0.22224601563974555
83,900,f,test,0.19576333463191986,0.1821670138355095
83,900,g,test,0.09182305634021759,0.07293325516571365
83,900,h,test,0.1452631652355194,0.12678025679700625
83,900,i,test,0.24393358826637268,0.19147256532224488
83,1800,a,test,0.3206751048564911,0.25862915210022747
83,1800,b,test,0.15789473056793213,0.14162042102839845
83,1800,c,test,0.18903319537639618,0.16067520432862623
83,1800,d,test,0.22214436531066895,0.18996429666206147
83,1800,e,test,0.3544800579547882,0.2793950451229557
83,1800,f,test,0.2498173862695694,0.2003154135769101
83,1800,g,test,0.22184985876083374,0.16459748381025455
83,1800,h,test,0.1824561357498169,0.16663601269011216
83,1800,i,test,0.36526182293891907,0.28571288801740874
83,2700,a,test,0.43389591574668884,0.39273736271268583
83,2700,b,test,0.17153996229171753,0.17015364610112746
83,2700,c,test,0.2380952388048172,0.21454192165938288
83,2700,d,test,0.34477925300598145,0.28316978350579725
83,2700,e,test,0.3911052942276001,0.31522466116086895
83,2700,f,test,0.28999269008636475,0.25399435020626154
83,2700,g,test,0.31099194288253784,0.2234933350645043
83,2700,h,test,0.3663157820701599,0.2809663880902409
83,2700,i,test,0.3735632300376892,0.287522311279694
83,3600,a,test,0.4669479727745056,0.4301174241290951
83,3600,b,test,0.2111760824918747,0.20043186800520404
83,3600,c,test,0.2525252401828766,0.22700403154682747
83,3600,d,test,0.34688156843185425,0.27899737087973037
83,3600,e,test,0.38587310910224915,0.31673692685345894
83,3600,f,test,0.3469685912132263,0.31613036899239694
83,3600,g,test,0.31099194288253784,0.2234933350645043
83,3600,h,test,0.35298246145248413,0.2835481318482303
83,3600,i,test,0.42337164282798767,0.3572359056244163
83,4500,a,test,0.502812922000885,0.45446708858584306
83,4500,b,test,0.27745288610458374,0.24640216287933633
83,4500,c,test,0.310966819524765,0.281281578180206
83,4500,d,test,0.36860546469688416,0.3128601864101396
83,4500,e,test,0.3891432285308838,0.3086504367117191
83,4500,f,test,0.41563186049461365,0.38828144037044793
83,4500,g,test,0.2915549576282501,0.21702813093377119
83,4500,h,test,0.36000001430511475,0.2754314236043934
83,4500,i,test,0.507662832736969,0.4480123471017082
83,5400,a,test,0.5330520272254944,0.5080650142186879
83,5400,b,test,0.33138400316238403,0.2909681583535095
83,5400,c,test,0.30663779377937317,0.2816040330190823
83,5400,d,test,0.4176594316959381,0.3888099297475725
83,5400,e,test,0.38783517479896545,0.3118082471520986
83,5400,f,test,0.4426588714122772,0.40910493560374644
83,5400,g,test,0.32104557752609253,0.25337709706354816
83,5400,h,test,0.3901754319667816,0.3296043654768858
83,5400,i,test,0.507662832736969,0.4486297800227024
83,6300,a,test,0.5386779308319092,0.5242269373179532
83,6300,b,test,0.3658219575881958,0.31449477883031723
83,6300,c,test,0.3246753215789795,0.31643028196130113
83,6300,d,test,0.42817097902297974,0.38364077398629154
83,6300,e,test,0.4035317301750183,0.3404795389169711
83,6300,f,test,0.47333821654319763,0.4456052072322542
83,6300,g,test,0.32037532329559326,0.27140569070623005
83,6300,h,test,0.3810526430606842,0.3100144921641719
83,6300,i,test,0.5363984704017639,0.5017455522870059
83,7200,a,test,0.552039384841919,0.5341918931757328
83,7200,b,test,0.3775178790092468,0.3306502062127001
83,7200,c,test,0.3470418453216553,0.3434287073208684
83,7200,d,test,0.43447792530059814,0.4276317494798005
83,7200,e,test,0.41530412435531616,0.3585999682078698
83,7200,f,test,0.4857560396194458,0.4717495242416485
83,7200,g,test,0.3290884792804718,0.2723019685945483
83,7200,h,test,0.39438596367836,0.31854910390439956
83,7200,i,test,0.545976996421814,0.5219476050988281
83,8100,a,test,0.5210970640182495,0.484615233364674
83,8100,b,test,0.4093567132949829,0.365947863307607
83,8100,c,test,0.3578643500804901,0.34581633708957854
83,8100,d,test,0.43027329444885254,0.3874823045082032
83,8100,e,test,0.45585349202156067,0.38663948844397433
83,8100,f,test,0.4835646450519562,0.46492795120757807
83,8100,g,test,0.3934316337108612,0.34082779577488687
83,8100,h,test,0.4554385840892792,0.40270908861489313
83,8100,i,test,0.5542784333229065,0.5300939288876813
83,9000,a,test,0.5253164768218994,0.5007036266611598
83,9000,b,test,0.401559442281723,0.35390782410683447
83,9000,c,test,0.36796537041664124,0.34906192190026886
83,9000,d,test,0.44288718700408936,0.40640620974127933
83,9000,e,test,0.47089600563049316,0.40117998708771685
83,9000,f,test,0.4842950999736786,0.47112503782496723
83,9000,g,test,0.4155496060848236,0.3395309973156928
83,9000,h,test,0.4554385840892792,0.40270908861489313
83,9000,i,test,0.5319284796714783,0.494270888141867
83,9900,a,test,0.5365682244300842,0.4918811467026573
83,9900,b,test,0.4126055836677551,0.3708255840477835
83,9900,c,test,0.3896103799343109,0.3619376685255989
83,9900,d,test,0.4526979625225067,0.4085039469862391
83,9900,e,test,0.44735121726989746,0.3619034062105831
83,9900,f,test,0.5069393515586853,0.48167821543986694
83,9900,g,test,0.4611259996891022,0.42587474651397234
83,9900,h,test,0.41894736886024475,0.40065095262070866
83,9900,i,test,0.530651330947876,0.46213604539311676
83,10800,a,test,0.547116756439209,0.5212006767114529
83,10800,b,test,0.40805718302726746,0.36925789589062213
83,10800,c,test,0.4105339050292969,0.38314714899836116
83,10800,d,test,0.4421864151954651,0.40103591065045335
83,10800,e,test,0.427730530500412,0.37706023747840556
83,10800,f,test,0.5105916857719421,0.48312399974941195
83,10800,g,test,0.4436997175216675,0.4171637339698772
83,10800,h,test,0.437894731760025,0.4153459263949543
83,10800,i,test,0.5446998476982117,0.4757035156707005
83,11700,a,test,0.549929678440094,0.5244407293332877
83,11700,b,test,0.42690059542655945,0.3903239225118243
83,11700,c,test,0.4264069199562073,0.4127609771881995
83,11700,d,test,0.46250876784324646,0.42706355886555786
83,11700,e,test,0.44538915157318115,0.38428388310529044
83,11700,f,test,0.49744337797164917,0.46733516131985936
83,11700,g,test,0.4436997175216675,0.4171637339698772
83,11700,h,test,0.410526305437088,0.3850204167636359
83,11700,i,test,0.5906769037246704,0.5388953923091392
83,12600,a,test,0.5682137608528137,0.5574362133838923
83,12600,b,test,0.4366471767425537,0.4056407428004114
83,12600,c,test,0.4437229335308075,0.43263183161127855
83,12600,d,test,0.4597056806087494,0.431017071397047
83,12600,e,test,0.4185742437839508,0.3695450116489228
83,12600,f,test,0.5149744153022766,0.5077048632060682
83,12600,g,test,0.4584450423717499,0.42594234986252416
83,12600,h,test,0.43929824233055115,0.4259904827708501
83,12600,i,test,0.5868454575538635,0.5414016183910394
83,13500,a,test,0.5682137608528137,0.5572030558306152
83,13500,b,test,0.4437946677207947,0.4104697982497096
83,13500,c,test,0.43939393758773804,0.4265364587149365
83,13500,d,test,0.4597056806087494,0.4261520586543855
83,13500,e,test,0.4421190321445465,0.37984241986636375
83,13500,f,test,0.5222790241241455,0.5156389777083062
83,13500,g,test,0.4684986472129822,0.4405289266638432
83,13500,h,test,0.4421052634716034,0.42958043421542724
83,13500,i,test,0.5945082902908325,0.5462757507059509
83,14400,a,test,0.5696202516555786,0.5540103051178754
83,14400,b,test,0.439246267080307,0.4064148393105376
83,14400,c,test,0.43217894434928894,0.4246579726085047
83,14400,d,test,0.46250876784324646,0.41492999728503993
83,14400,e,test,0.46043166518211365,0.38422207068063363
83,14400,f,test,0.528853178024292,0.5176365100995725
83,14400,g,test,0.4705093801021576,0.4588961797041382
83,14400,h,test,0.4526315927505493,0.44271045182246777
83,14400,i,test,0.5938697457313538,0.541549703225174
83,15300,a,test,0.5724331736564636,0.5540485507070463
83,15300,b,test,0.4554905891418457,0.42565107824441584
83,15300,c,test,0.44805195927619934,0.4326095076397596
83,15300,d,test,0.47161877155303955,0.42465626916021976
83,15300,e,test,0.46697187423706055,0.3904784526485174
83,15300,f,test,0.532505452632904,0.5207483441424295
83,15300,g,test,0.48391419649124146,0.4624256896692838
83,15300,h,test,0.45964911580085754,0.4352924016684478
83,15300,i,test,0.6072797179222107,0.5900783057651654
83,16200,a,test,0.5738396644592285,0.5605006091874424
83,16200,b,test,0.47498375177383423,0.4490682527885829
83,16200,c,test,0.4451659321784973,0.43361704951055224
83,16200,d,test,0.48633497953414917,0.4433757490707653
83,16200,e,test,0.5003269910812378,0.4320933598841233
83,16200,f,test,0.5339664220809937,0.5172923917781238
83,16200,g,test,0.48860588669776917,0.4720113833581853
83,16200,h,test,0.4715789556503296,0.4591717976375753
83,16200,i,test,0.5810983180999756,0.56134306048814
83,17100,a,test,0.5703234672546387,0.5594306020480827
83,17100,b,test,0.4522417187690735,0.42036279961114137
83,17100,c,test,0.46536797285079956,0.4334962729065646
83,17100,d,test,0.4618079960346222,0.4144096387003775
83,17100,e,test,0.49509483575820923,0.4228440112791834
83,17100,f,test,0.5266618132591248,0.5169763358991107
83,17100,g,test,0.4825737178325653,0.4669017154303787
83,17100,h,test,0.47789472341537476,0.4651834373146018
83,17100,i,test,0.5836526155471802,0.5327238904403352
83,18000,a,test,0.5822784900665283,0.5722011502272466
83,18000,b,test,0.446393758058548,0.40004307589711563
83,18000,c,test,0.4379509389400482,0.4194636156752236
83,18000,d,test,0.46951645612716675,0.4254690018387381
83,18000,e,test,0.4702419936656952,0.41660701579847376
83,18000,f,test,0.5244703888893127,0.5115268255264968
83,18000,g,test,0.4879356622695923,0.46892236007437177
83,18000,h,test,0.41894736886024475,0.41370428869658354
83,18000,i,test,0.5804597735404968,0.5248745726021272
83,18900,a,test,0.5829817056655884,0.5722404338328386
83,18900,b,test,0.4528914988040924,0.4195369394690498
83,18900,c,test,0.43939393758773804,0.4148485389231564
83,18900,d,test,0.49754729866981506,0.46385132820906866
83,18900,e,test,0.49705690145492554,0.43881721051591666
83,18900,f,test,0.5259313583374023,0.49592684891504485
83,18900,g,test,0.4979892671108246,0.46236724543486823
83,18900,h,test,0.4771929681301117,0.44261895889126096
83,18900,i,test,0.5791826248168945,0.5289045978665367
83,19800,a,test,0.5632911324501038,0.5413834914680831
83,19800,b,test,0.4736842215061188,0.42860138128897285
83,19800,c,test,0.44733044505119324,0.4207059677883905
83,19800,d,test,0.49124035239219666,0.4564361613192715
83,19800,e,test,0.5075212717056274,0.446072596668504
83,19800,f,test,0.5405405163764954,0.5155781866152215
83,19800,g,test,0.5033512115478516,0.4704512606646099
83,19800,h,test,0.5228070020675659,0.49845896581361265
83,19800,i,test,0.5855683088302612,0.5381231706678385
83,20700,a,test,0.5773558616638184,0.5636515250507176
83,20700,b,test,0.4775828421115875,0.44355791976704184
83,20700,c,test,0.4386724531650543,0.410179465127627
83,20700,d,test,0.49754729866981506,0.46047245615926985
83,20700,e,test,0.514061450958252,0.45191052893338207
83,20700,f,test,0.5544192790985107,0.5417788438588887
83,20700,g,test,0.5033512115478516,0.4612295601958006
83,20700,h,test,0.5263158082962036,0.4866000796636894
83,20700,i,test,0.6130267977714539,0.586150307507312
83,21600,a,test,0.5872011184692383,0.5737339726048776
83,21600,b,test,0.4639376103878021,0.4314652785896886
83,21600,c,test,0.4437229335308075,0.418185457964988
83,21600,d,test,0.5031534433364868,0.4676711759590913
83,21600,e,test,0.5101373195648193,0.4463082742861266
83,21600,f,test,0.5536888241767883,0.54838671430482
83,21600,g,test,0.5053619146347046,0.4672928606098358
83,21600,h,test,0.5361403226852417,0.4859951474815348
83,21600,i,test,0.6226053833961487,0.5848221221233366
83,22500,a,test,0.5562587976455688,0.5300853838518514
83,22500,b,test,0.49187785387039185,0.46027381707458
83,22500,c,test,0.4531024396419525,0.4225024144213086
83,22500,d,test,0.48913803696632385,0.4467700552003835
83,22500,e,test,0.508175253868103,0.44447282592673304
83,22500,f,test,0.545653760433197,0.5429143122313385
83,22500,g,test,0.5026809573173523,0.4660965931079728
83,22500,h,test,0.5319298505783081,0.4803718487883489
83,22500,i,test,0.6245210766792297,0.6089435674600635
83,23400,a,test,0.5689170360565186,0.5572899037238973
83,23400,b,test,0.4450942277908325,0.4098339746793734
83,23400,c,test,0.4430014491081238,0.41902287638876246
83,23400,d,test,0.49824807047843933,0.451889450845691
83,23400,e,test,0.5192936658859253,0.4520372090527048
83,23400,f,test,0.5609934329986572,0.548587079296803
83,23400,g,test,0.4919570982456207,0.4699226701454408
83,23400,h,test,0.5066666603088379,0.46927449040210617
83,23400,i,test,0.6136654019355774,0.5954273288706239
83,24300,a,test,0.5738396644592285,0.54477932313732
83,24300,b,test,0.4801819324493408,0.442210950821305
83,24300,c,test,0.47113996744155884,0.45504728262972943
83,24300,d,test,0.48072880506515503,0.433529305431784
83,24300,e,test,0.5212557315826416,0.43984391291153074
83,24300,f,test,0.5054784417152405,0.47132368008244274
83,24300,g,test,0.49128687381744385,0.46606901825725133
83,24300,h,test,0.5003508925437927,0.4490811909539724
83,24300,i,test,0.610472559928894,0.5537457805030049
83,25200,a,test,0.607594907283783,0.5942186795297004
83,25200,b,test,0.4769330620765686,0.4274144388798126
83,25200,c,test,0.42279940843582153,0.40383424127063394
83,25200,d,test,0.5059565305709839,0.4767481245373673
83,25200,e,test,0.4918247163295746,0.4302021752868262
83,25200,f,test,0.539810061454773,0.5170812177756101
83,25200,g,test,0.4906166195869446,0.4610504053493465
83,25200,h,test,0.4884210526943207,0.4497641497985378
83,25200,i,test,0.6168582439422607,0.5705760875627631
83,26100,a,test,0.6097046136856079,0.6052523431821902
83,26100,b,test,0.46523717045783997,0.4281482965765697
83,26100,c,test,0.45598846673965454,0.43207059383367197
83,26100,d,test,0.522074282169342,0.4819473893004589
83,26100,e,test,0.538260281085968,0.4578106402232371
83,26100,f,test,0.5332359671592712,0.5233952860382705
83,26100,g,test,0.5033512115478516,0.4842480385643184
83,26100,h,test,0.5045614242553711,0.4824594186554613
83,26100,i,test,0.6647509336471558,0.6320818885743772
83,27000,a,test,0.5829817056655884,0.5737703730621111
83,27000,b,test,0.5133203268051147,0.47513923547748615
83,27000,c,test,0.46392497420310974,0.4483663720745044
83,27000,d,test,0.5045549869537354,0.4592134727780353
83,27000,e,test,0.5206016898155212,0.4629811918047155
83,27000,f,test,0.545653760433197,0.5287762437639568
83,27000,g,test,0.5073726773262024,0.487609301359691
83,27000,h,test,0.5235087871551514,0.49086896366674093
83,27000,i,test,0.6366539001464844,0.5864659882304248
83,27900,a,test,0.5879043340682983,0.5655641508360173
83,27900,b,test,0.5087719559669495,0.47680347098438086
83,27900,c,test,0.4689754545688629,0.4664465935257309
83,27900,d,test,0.5360897183418274,0.5068549124835607
83,27900,e,test,0.5369522571563721,0.48467996925311585
83,27900,f,test,0.575602650642395,0.5671190132509755
83,27900,g,test,0.5060321688652039,0.4841491088353429
83,27900,h,test,0.5291228294372559,0.49330907068159374
83,27900,i,test,0.6513410210609436,0.6361165323748911
83,28800,a,test,0.6118143200874329,0.6027721184278598
83,28800,b,test,0.5256659984588623,0.4842719806281481
83,28800,c,test,0.4610389471054077,0.4423515856003936
83,28800,d,test,0.5395935773849487,0.5079456415161178
83,28800,e,test,0.5552648901939392,0.4916446806353294
83,28800,f,test,0.5631847977638245,0.5596544410141905
83,28800,g,test,0.5154155492782593,0.49550964762140476
83,28800,h,test,0.5207017660140991,0.4820660240863519
83,28800,i,test,0.6494252681732178,0.6297543354203076
83,29700,a,test,0.5921237468719482,0.5625054091627153
83,29700,b,test,0.5198180675506592,0.4751903513260134
83,29700,c,test,0.47186148166656494,0.45673189496860017
83,29700,d,test,0.5360897183418274,0.4913381681030718
83,29700,e,test,0.5441464781761169,0.4849625335664542
83,29700,f,test,0.5653761625289917,0.5659272550641443
83,29700,g,test,0.5174262523651123,0.5014001126007498
83,29700,h,test,0.5445613861083984,0.5092672174015634
83,29700,i,test,0.6749680638313293,0.6598521834839891
83,30600,a,test,0.5815752744674683,0.5530771730606089
83,30600,b,test,0.49447694420814514,0.46540610538837907
83,30600,c,test,0.45670995116233826,0.43481410724508973
83,30600,d,test,0.5339874029159546,0.5045063538270848
83,30600,e,test,0.57161545753479,0.5009990136354073
83,30600,f,test,0.5631847977638245,0.5446515953787958
83,30600,g,test,0.5214477181434631,0.5030208675827297
83,30600,h,test,0.5592982172966003,0.527397227136484
83,30600,i,test,0.6347382068634033,0.5995864415126864
83,31500,a,test,0.602672278881073,0.5868348564879127
83,31500,b,test,0.4912280738353729,0.4590074467140823
83,31500,c,test,0.46536797285079956,0.44549802169397057
83,31500,d,test,0.5409951210021973,0.5149895402222344
83,31500,e,test,0.5827338099479675,0.5098720946462568
83,31500,f,test,0.5675675868988037,0.5568107029178738
83,31500,g,test,0.5113940834999084,0.4829145672049285
83,31500,h,test,0.5536842346191406,0.5135862451856403
83,31500,i,test,0.6698595285415649,0.6530543234468941
83,32400,a,test,0.6258790493011475,0.616492054472548
83,32400,b,test,0.5341130495071411,0.49722254110681935
83,32400,c,test,0.4783549904823303,0.4588803966341655
83,32400,d,test,0.5430974364280701,0.491607245961948
83,32400,e,test,0.5801177024841309,0.5041289297201492
83,32400,f,test,0.5493060350418091,0.5464096259614007
83,32400,g,test,0.5113940834999084,0.48781526695105976
83,32400,h,test,0.5557894706726074,0.5341367238634085
83,32400,i,test,0.6590038537979126,0.6341065405646401
83,33300,a,test,0.5984528660774231,0.5909515994113758
83,33300,b,test,0.528265118598938,0.5005873850673542
83,33300,c,test,0.4595959484577179,0.4345285262703306
83,33300,d,test,0.5459004640579224,0.5092992762789953
83,33300,e,test,0.5807717442512512,0.506055914510135
83,33300,f,test,0.5551497340202332,0.5493044805803498
83,33300,g,test,0.525469183921814,0.5102935126937701
83,33300,h,test,0.5775438547134399,0.5621595608912088
83,33300,i,test,0.664112389087677,0.6200450361893225
83,34200,a,test,0.6125175952911377,0.6068089642139831
83,34200,b,test,0.535412609577179,0.4993613950492984
83,34200,c,test,0.4545454680919647,0.4309729310695067
83,34200,d,test,0.5515066385269165,0.5177378413047256
83,34200,e,test,0.5755395889282227,0.5045064551699723
83,34200,f,test,0.5836377143859863,0.5672390102761855
83,34200,g,test,0.5341823101043701,0.5098590001117835
83,34200,h,test,0.5768421292304993,0.5493121797882999
83,34200,i,test,0.6647509336471558,0.6431157168013123
83,35100,a,test,0.6132208108901978,0.6062235907140637
83,35100,b,test,0.5217673778533936,0.4725930619770274
83,35100,c,test,0.4595959484577179,0.439174856274948
83,35100,d,test,0.5437981486320496,0.5176530518060966
83,35100,e,test,0.598430335521698,0.5376366456404821
83,35100,f,test,0.5675675868988037,0.5465946642597975
83,35100,g,test,0.5221179723739624,0.5125400519420727
83,35100,h,test,0.5838596224784851,0.5693010940149702
83,35100,i,test,0.6673052310943604,0.632796678883839
83,36000,a,test,0.5731364488601685,0.5632148403340939
83,36000,b,test,0.5224171280860901,0.49924768676419656
83,36000,c,test,0.469696968793869,0.4573103718351695
83,36000,d,test,0.5480027794837952,0.5156478790196873
83,36000,e,test,0.5990843772888184,0.5438257366669982
83,36000,f,test,0.6077429056167603,0.6005278802753388
83,36000,g,test,0.5395442247390747,0.5184152290646147
83,36000,h,test,0.5978947281837463,0.5789134597092206
83,36000,i,test,0.6724137663841248,0.655888167403643
83,36900,a,test,0.5921237468719482,0.5809531152249902
83,36900,b,test,0.5386614799499512,0.5085819612315832
83,36900,c,test,0.48845598101615906,0.4792021891875013
83,36900,d,test,0.5550104975700378,0.522508704051822
83,36900,e,test,0.6108567714691162,0.5452786716383419
83,36900,f,test,0.6099342703819275,0.6054461342110712
83,36900,g,test,0.5395442247390747,0.5184152290646147
83,36900,h,test,0.5978947281837463,0.5789134597092206
83,36900,i,test,0.6698595285415649,0.636621486630201
83,37800,a,test,0.602672278881073,0.5958085525777647
83,37800,b,test,0.5334632992744446,0.5082103619762187
83,37800,c,test,0.4747474789619446,0.45841808628975694
83,37800,d,test,0.5599159002304077,0.5204953914691596
83,37800,e,test,0.6036625504493713,0.5235635047493631
83,37800,f,test,0.5872899889945984,0.5853543720207101
83,37800,g,test,0.5462466478347778,0.527860186307629
83,37800,h,test,0.5922806859016418,0.5685318018639335
83,37800,i,test,0.6653895378112793,0.6299053138682301
83,38700,a,test,0.6061884760856628,0.5895057112909613
83,38700,b,test,0.5380116701126099,0.4976719940944406
83,38700,c,test,0.469696968793869,0.4515212428367568
83,38700,d,test,0.5739313364028931,0.5264854420525097
83,38700,e,test,0.5964682698249817,0.5151689381274436
83,38700,f,test,0.599707841873169,0.5849115463495612
83,38700,g,test,0.5475871562957764,0.5254272364946139
83,38700,h,test,0.5894736647605896,0.5644868601127495
83,38700,i,test,0.6800765991210938,0.6532043300753321
83,39600,a,test,0.5914205312728882,0.5663453252083128
83,39600,b,test,0.5692007541656494,0.5263824306986237
83,39600,c,test,0.48124098777770996,0.45846660049290994
83,39600,d,test,0.591450572013855,0.5601414513201821
83,39600,e,test,0.6043165326118469,0.534431954561001
83,39600,f,test,0.6223520636558533,0.6221466229236573
83,39600,g,test,0.5670241117477417,0.551259309236611
83,39600,h,test,0.6119298338890076,0.5981818916333578
83,39600,i,test,0.673690915107727,0.65280872494578
83,40500,a,test,0.5787622928619385,0.5505560396063359
83,40500,b,test,0.5789473652839661,0.5441702410408621
83,40500,c,test,0.509379506111145,0.5017241393238409
83,40500,d,test,0.5774351954460144,0.548765754259615
83,40500,e,test,0.6363636255264282,0.5840592709007694
83,40500,f,test,0.6318480372428894,0.6294906204403116
83,40500,g,test,0.5683646202087402,0.5612811597218116
83,40500,h,test,0.6217544078826904,0.6010433909173767
83,40500,i,test,0.673690915107727,0.6469695873161515
83,41400,a,test,0.6061884760856628,0.5884323512569498
83,41400,b,test,0.5614035129547119,0.5133736356194132
83,41400,c,test,0.5108225345611572,0.4946440743075525
83,41400,d,test,0.5886474847793579,0.5650676599551677
83,41400,e,test,0.6350556015968323,0.576689407664159
83,41400,f,test,0.6245434880256653,0.6182076498346435
83,41400,g,test,0.5904825925827026,0.5774541499645262
83,41400,h,test,0.6084210276603699,0.5851309576530704
83,41400,i,test,0.6685823798179626,0.641410966984639
83,42300,a,test,0.6195499300956726,0.5939162016617403
83,42300,b,test,0.5594542026519775,0.5146424116939378
83,42300,c,test,0.4927850067615509,0.46793655943035134
83,42300,d,test,0.5830413699150085,0.5452087398578769
83,42300,e,test,0.6187050342559814,0.5585287308230281
83,42300,f,test,0.6340394616127014,0.6311381747885638
83,42300,g,test,0.6018766760826111,0.5787177337886825
83,42300,h,test,0.5887719392776489,0.5662092328309446
83,42300,i,test,0.6819923520088196,0.6506597878438255
83,43200,a,test,0.6427567005157471,0.6317746674877757
83,43200,b,test,0.5711501240730286,0.5191628727342553
83,43200,c,test,0.5158730149269104,0.4966975593166023
83,43200,d,test,0.5886474847793579,0.5467098379803841
83,43200,e,test,0.633093535900116,0.5675069253351132
83,43200,f,test,0.633309006690979,0.6307546269325764
83,43200,g,test,0.5938338041305542,0.5790933782638907
83,43200,h,test,0.5915789604187012,0.5822862034120139
83,43200,i,test,0.6800765991210938,0.651256231380189
83,44100,a,test,0.6279887557029724,0.6176646657470916
83,44100,b,test,0.5640025734901428,0.5202826281448462
83,44100,c,test,0.5122655034065247,0.49264246030750397
83,44100,d,test,0.6054660081863403,0.5809863560131312
83,44100,e,test,0.6311314702033997,0.562798299669628
83,44100,f,test,0.5916727781295776,0.5768947894459963
83,44100,g,test,0.5871313810348511,0.5609369881345851
83,44100,h,test,0.6056140065193176,0.5877486508743678
83,44100,i,test,0.6832695007324219,0.6459848678065732
83,45000,a,test,0.6223628520965576,0.6108651922655572
83,45000,b,test,0.5529564619064331,0.5169549990473477
83,45000,c,test,0.47258296608924866,0.45426238051164636
83,45000,d,test,0.5718290209770203,0.5233994475001585
83,45000,e,test,0.6134728789329529,0.5267211980389207
83,45000,f,test,0.603360116481781,0.5951068869291564
83,45000,g,test,0.5596514940261841,0.5257532430549029
83,45000,h,test,0.6056140065193176,0.5866373437491483
83,45000,i,test,0.6768837571144104,0.6269950591062915
83,45900,a,test,0.6540084481239319,0.6460377843596364
83,45900,b,test,0.5984405279159546,0.5620877201445167
83,45900,c,test,0.48845598101615906,0.46667307642585665
83,45900,d,test,0.6012613773345947,0.5741784378630556
83,45900,e,test,0.6265532970428467,0.571357957419914
83,45900,f,test,0.6260043978691101,0.6211231989773062
83,45900,g,test,0.5341823101043701,0.5106806320014003
83,45900,h,test,0.609824538230896,0.5854672521398173
83,45900,i,test,0.6698595285415649,0.6256219354870053
83,46800,a,test,0.646976113319397,0.6333602463054872
83,46800,b,test,0.5906432867050171,0.5603828946762265
83,46800,c,test,0.5129870176315308,0.49413444492475317
83,46800,d,test,0.5844429135322571,0.5576170798746101
83,46800,e,test,0.6232832074165344,0.5687171160148942
83,46800,f,test,0.6208911538124084,0.6121712901269433
83,46800,g,test,0.5797587037086487,0.5462057993454458
83,46800,h,test,0.6196491122245789,0.589725636215368
83,46800,i,test,0.6666666865348816,0.6181557444258784
83,47700,a,test,0.6216596364974976,0.6004043488097995
83,47700,b,test,0.5627030730247498,0.524101946407112
83,47700,c,test,0.509379506111145,0.5050604554182418
83,47700,d,test,0.6440083980560303,0.6256606580949303
83,47700,e,test,0.6429038643836975,0.5901042994148292
83,47700,f,test,0.6274653077125549,0.6197420859743777
83,47700,g,test,0.5931635499000549,0.5633318547656866
83,47700,h,test,0.6378947496414185,0.6084544442812297
83,47700,i,test,0.696679413318634,0.6634631856305627
83,48600,a,test,0.6033755540847778,0.5833617950373656
83,48600,b,test,0.5808966755867004,0.5284277513117591
83,48600,c,test,0.5259740352630615,0.5138368744661114
83,48600,d,test,0.6355991363525391,0.6125157854674007
83,48600,e,test,0.6357096433639526,0.5891083220748494
83,48600,f,test,0.6267348527908325,0.6267563231639243
83,48600,g,test,0.5851206183433533,0.5541445274141886
83,48600,h,test,0.6273684501647949,0.6054809531676916
83,48600,i,test,0.7030651569366455,0.6862913537063938
83,49500,a,test,0.6272855401039124,0.6179455759557492
83,49500,b,test,0.5919428467750549,0.5498344405880102
83,49500,c,test,0.51875901222229,0.4993355320244151
83,49500,d,test,0.5718290209770203,0.5276427231219046
83,49500,e,test,0.658600389957428,0.6130116197237835
83,49500,f,test,0.6289262175559998,0.6243622491477833
83,49500,g,test,0.582439661026001,0.5554441347798166
83,49500,h,test,0.6350877285003662,0.6173611364407091
83,49500,i,test,0.6909323334693909,0.6703950819062469
83,50400,a,test,0.6132208108901978,0.598238239680029
83,50400,b,test,0.5945419073104858,0.552844953166247
83,50400,c,test,0.5447330474853516,0.5111902983060514
83,50400,d,test,0.5844429135322571,0.5454321746792373
83,50400,e,test,0.6291694045066833,0.5586308944357526
83,50400,f,test,0.6355003714561462,0.6312869589862345
83,50400,g,test,0.5945039987564087,0.5619489521701606
83,50400,h,test,0.6343859434127808,0.6114897463346752
83,50400,i,test,0.6973180174827576,0.6819524888396189
83,51300,a,test,0.6230661273002625,0.60870123833945
83,51300,b,test,0.593242347240448,0.5535426208885793
83,51300,c,test,0.5526695251464844,0.5322745824996021
83,51300,d,test,0.5998598337173462,0.5733745351852987
83,51300,e,test,0.6409417986869812,0.5885864404887762
83,51300,f,test,0.6296566724777222,0.6237780172934159
83,51300,g,test,0.6025469303131104,0.5754496015809137
83,51300,h,test,0.6301754117012024,0.6127231370330926
83,51300,i,test,0.6826308965682983,0.6511713826172176
83,52200,a,test,0.6244725584983826,0.6077209086891792
83,52200,b,test,0.61663419008255,0.5781755768359428
83,52200,c,test,0.5454545617103577,0.525699808884201
83,52200,d,test,0.6208829879760742,0.5965229737401312
83,52200,e,test,0.6612164974212646,0.6006764175663286
83,52200,f,test,0.6208911538124084,0.6049556244490356
83,52200,g,test,0.5871313810348511,0.5668945657261204
83,52200,h,test,0.621052622795105,0.6020079757133224
83,52200,i,test,0.6762452125549316,0.6602031604932931
83,53100,a,test,0.6061884760856628,0.5836741559342536
83,53100,b,test,0.5899934768676758,0.5421186442512181
83,53100,c,test,0.5548340678215027,0.5480933913728824
83,53100,d,test,0.6187806725502014,0.5987857423386854
83,53100,e,test,0.6409417986869812,0.5828059902720204
83,53100,f,test,0.6289262175559998,0.6142007617077051
83,53100,g,test,0.6065683364868164,0.5813797525375605
83,53100,h,test,0.6336842179298401,0.5960309242749608
83,53100,i,test,0.6692209243774414,0.6452543273210273
83,54000,a,test,0.5963431596755981,0.5784828071513982
83,54000,b,test,0.6257309913635254,0.5932280569400721
83,54000,c,test,0.5512265563011169,0.542154449407313
83,54000,d,test,0.6348983645439148,0.6153623751174243
83,54000,e,test,0.6546762585639954,0.5967066810212794
83,54000,f,test,0.6384221911430359,0.6342534579784433
83,54000,g,test,0.6079088449478149,0.5980730917806725
83,54000,h,test,0.5866666436195374,0.5835316926333073
83,54000,i,test,0.6979565620422363,0.6688767867537826
83,54900,a,test,0.6427567005157471,0.6339488645446089
83,54900,b,test,0.6127355694770813,0.5864280434250289
83,54900,c,test,0.5548340678215027,0.537163735053419
83,54900,d,test,0.6215837597846985,0.5966526962970898
83,54900,e,test,0.6487900614738464,0.606012535086232
83,54900,f,test,0.6464572548866272,0.6408650878512913
83,54900,g,test,0.6085790991783142,0.5841246585618344
83,54900,h,test,0.6392982602119446,0.6323423846220199
83,54900,i,test,0.6928480267524719,0.668598837410737
83,55800,a,test,0.6279887557029724,0.6200178064598666
83,55800,b,test,0.5958414673805237,0.5503548732000012
83,55800,c,test,0.5562770366668701,0.5417824909085087
83,55800,d,test,0.6313945055007935,0.6165347781207707
83,55800,e,test,0.6769130229949951,0.6344712099731236
83,55800,f,test,0.6544923186302185,0.6525055478110409
83,55800,g,test,0.5904825925827026,0.5575846108561521
83,55800,h,test,0.6687719225883484,0.6482422816871289
83,55800,i,test,0.679438054561615,0.6452045892872034
83,56700,a,test,0.6251758337020874,0.6158439870322103
83,56700,b,test,0.5776478052139282,0.5226628836968232
83,56700,c,test,0.5173160433769226,0.5055288800946018
83,56700,d,test,0.6033636927604675,0.5751937363603619
83,56700,e,test,0.6644865870475769,0.617080591810005
83,56700,f,test,0.6471877098083496,0.6478846938153651
83,56700,g,test,0.5985254645347595,0.5693193811966637
83,56700,h,test,0.6575438380241394,0.6361703495264598
83,56700,i,test,0.687100887298584,0.6615053979160289
83,57600,a,test,0.6336145997047424,0.626823486281737
83,57600,b,test,0.5828459858894348,0.5386111263730428
83,57600,c,test,0.5303030014038086,0.5250779416144044
83,57600,d,test,0.6285914778709412,0.6179993945303786
83,57600,e,test,0.6867233514785767,0.6500986593075287
83,57600,f,test,0.6260043978691101,0.619231108501172
83,57600,g,test,0.5965147614479065,0.5684951026349379
83,57600,h,test,0.6624561548233032,0.6415003229343758
83,57600,i,test,0.694763720035553,0.6694377327976498
83,58500,a,test,0.6125175952911377,0.5894407634566086
83,58500,b,test,0.5640025734901428,0.5106047099744643
83,58500,c,test,0.5173160433769226,0.5072868429864911
83,58500,d,test,0.6447091698646545,0.6252075928574751
83,58500,e,test,0.6684107184410095,0.6067716829414272
83,58500,f,test,0.6099342703819275,0.6005918065810204
83,58500,g,test,0.5991957187652588,0.5723869918698009
83,58500,h,test,0.6561403274536133,0.6343007160125
83,58500,i,test,0.6379310488700867,0.590470294338651
83,59400,a,test,0.6132208108901978,0.5936554908960066
83,59400,b,test,0.5886939764022827,0.5542094475721521
83,59400,c,test,0.523809552192688,0.5171900365801112
83,59400,d,test,0.6412053108215332,0.6188359688125308
83,59400,e,test,0.6618704795837402,0.6036073614954093
83,59400,f,test,0.6252739429473877,0.6112762991337513
83,59400,g,test,0.5998659729957581,0.5811225412983071
83,59400,h,test,0.609824538230896,0.6036458437712471
83,59400,i,test,0.6934865713119507,0.6592003606316528
83,60300,a,test,0.6202531456947327,0.6106912781868304
83,60300,b,test,0.6023392081260681,0.5584514856732233
83,60300,c,test,0.5447330474853516,0.5287757800954765
83,60300,d,test,0.6440083980560303,0.6245831676371041
83,60300,e,test,0.6697187423706055,0.6139301786027213
83,60300,f,test,0.6515704989433289,0.6497369588896752
83,60300,g,test,0.5878016352653503,0.5717008695281418
83,60300,h,test,0.6421052813529968,0.6330945346980227
83,60300,i,test,0.687100887298584,0.6458076611712775
83,61200,a,test,0.6153305172920227,0.6051354646108873
83,61200,b,test,0.6094866991043091,0.5806260663137296
83,61200,c,test,0.527417004108429,0.5147007009549734
83,61200,d,test,0.6650315523147583,0.641563728801125
83,61200,e,test,0.6664486527442932,0.607047052420297
83,61200,f,test,0.6289262175559998,0.6211795698511311
83,61200,g,test,0.6092493534088135,0.5950150189798635
83,61200,h,test,0.637192964553833,0.6269144205684878
83,61200,i,test,0.6800765991210938,0.6421199585872593
83,62100,a,test,0.6371307969093323,0.631624399048639
83,62100,b,test,0.6055880188941956,0.565402402193807
83,62100,c,test,0.5562770366668701,0.5444664200065117
83,62100,d,test,0.6608269214630127,0.6497553235673845
83,62100,e,test,0.6906474828720093,0.6439596905715333
83,62100,f,test,0.6026296615600586,0.5905871023901428
83,62100,g,test,0.6119303107261658,0.5987396279827384
83,62100,h,test,0.6133333444595337,0.601110287119276
83,62100,i,test,0.6724137663841248,0.6503793852510709
83,63000,a,test,0.6272855401039124,0.6203242336469607
83,63000,b,test,0.6036387085914612,0.5552178461114418
83,63000,c,test,0.551948070526123,0.5377525532357464
83,63000,d,test,0.6636300086975098,0.6476281856770995
83,63000,e,test,0.7050359845161438,0.6636356652284506
83,63000,f,test,0.5843681693077087,0.5692859643598159
83,63000,g,test,0.567694365978241,0.5284886983905482
83,63000,h,test,0.6091228127479553,0.5935282208959712
83,63000,i,test,0.6653895378112793,0.6469416160861202
83,63900,a,test,0.6462728381156921,0.6415819565313835
83,63900,b,test,0.6081871390342712,0.559759077884275
83,63900,c,test,0.5497835278511047,0.5397057033940819
83,63900,d,test,0.6664330959320068,0.6583107403442108
83,63900,e,test,0.6795291304588318,0.6277128283658153
83,63900,f,test,0.6727538108825684,0.6701232315856931
83,63900,g,test,0.5757372379302979,0.5415927463735223
83,63900,h,test,0.5922806859016418,0.5792297099749558
83,63900,i,test,0.6845465898513794,0.6679401483356283
83,64800,a,test,0.644866406917572,0.6368308217233785
83,64800,b,test,0.604938268661499,0.5546787299040212
83,64800,c,test,0.5382395386695862,0.5232656043247463
83,64800,d,test,0.6797477006912231,0.6683861069463245
83,64800,e,test,0.6553303003311157,0.5895947504183084
83,64800,f,test,0.6544923186302185,0.6528706643185489
83,64800,g,test,0.5938338041305542,0.5626314367268825
83,64800,h,test,0.590175449848175,0.5764074835612134
83,64800,i,test,0.6896551847457886,0.6750024833937078
83,65700,a,test,0.652601957321167,0.6457726140609564
83,65700,b,test,0.6172839403152466,0.5737219165128945
83,65700,c,test,0.5353535413742065,0.5202262020201449
83,65700,d,test,0.6755430698394775,0.6611137094662085
83,65700,e,test,0.6834532618522644,0.6351102594344692
83,65700,f,test,0.6420745253562927,0.6385661352608638
83,65700,g,test,0.6139410138130188,0.5997609945226531
83,65700,h,test,0.6119298338890076,0.6005682785289336
83,65700,i,test,0.6768837571144104,0.6599303298137511
83,66600,a,test,0.644866406917572,0.6324885029344829
83,66600,b,test,0.6068875789642334,0.5603437834847093
83,66600,c,test,0.5101010203361511,0.48357363184079905
83,66600,d,test,0.6664330959320068,0.6532120285066217
83,66600,e,test,0.7030739188194275,0.6507231640820145
83,66600,f,test,0.6428049802780151,0.6405224072333082
83,66600,g,test,0.5945039987564087,0.5870282022654961
83,66600,h,test,0.6301754117012024,0.6255948223725439
83,66600,i,test,0.6864623427391052,0.6652127295131712
83,67500,a,test,0.6434599161148071,0.6343999690684193
83,67500,b,test,0.6218323707580566,0.5760277632112047
83,67500,c,test,0.5230880379676819,0.5067921142684836
83,67500,d,test,0.6271899342536926,0.599865439820184
83,67500,e,test,0.7004578113555908,0.6627091865446164
83,67500,f,test,0.6639882922172546,0.6613142412460304
83,67500,g,test,0.6072385907173157,0.5965695573773594
83,67500,h,test,0.6421052813529968,0.6354831218856619
83,67500,i,test,0.6787995100021362,0.6564716192990113
83,68400,a,test,0.6329113841056824,0.6257778391557037
83,68400,b,test,0.6101364493370056,0.5739922871320579
83,68400,c,test,0.5266955494880676,0.5190262820024866
83,68400,d,test,0.6552207469940186,0.6374923860015212
83,68400,e,test,0.7292348146438599,0.6979615683957698
83,68400,f,test,0.6355003714561462,0.6253837268095458
83,68400,g,test,0.609919548034668,0.6013434114693204
83,68400,h,test,0.6561403274536133,0.6468046384276164
83,68400,i,test,0.6896551847457886,0.669695337210585
83,69300,a,test,0.6308016777038574,0.6240842796502449
83,69300,b,test,0.6094866991043091,0.564248372648071
83,69300,c,test,0.5526695251464844,0.5492616940320015
83,69300,d,test,0.6692361831665039,0.656486651762953
83,69300,e,test,0.7462393641471863,0.7236993022008537
83,69300,f,test,0.6515704989433289,0.637914840235808
83,69300,g,test,0.6018766760826111,0.5826413129637432
83,69300,h,test,0.6414034962654114,0.6318624234664845
83,69300,i,test,0.6807152032852173,0.6696223118863659
83,70200,a,test,0.6336145997047424,0.6233169587150397
83,70200,b,test,0.5977907776832581,0.5498815187663554
83,70200,c,test,0.5295815467834473,0.5068388550573338
83,70200,d,test,0.6440083980560303,0.62143172704134
83,70200,e,test,0.6952256560325623,0.6594882330416743
83,70200,f,test,0.6566836833953857,0.6533789702250525
83,70200,g,test,0.6018766760826111,0.5795199899725275
83,70200,h,test,0.6428070068359375,0.6357287822499124
83,70200,i,test,0.6666666865348816,0.6507931053054438
83,71100,a,test,0.6223628520965576,0.6137092431047654
83,71100,b,test,0.5880441665649414,0.5556347080050595
83,71100,c,test,0.5418470501899719,0.5343186025218264
83,71100,d,test,0.6320952773094177,0.6019405378874955
83,71100,e,test,0.7220405340194702,0.6882901526363666
83,71100,f,test,0.6318480372428894,0.6185337197257857
83,71100,g,test,0.5851206183433533,0.5645415156871235
83,71100,h,test,0.637192964553833,0.6284402897342856
83,71100,i,test,0.6749680638313293,0.6493451110902412
83,72000,a,test,0.647679328918457,0.6445804663104103
83,72000,b,test,0.5977907776832581,0.5497234882602983
83,72000,c,test,0.5613275766372681,0.5490853209956216
83,72000,d,test,0.6657323241233826,0.6558026442535925
83,72000,e,test,0.7200784683227539,0.6915279852836425
83,72000,f,test,0.6303871273994446,0.6128201751651406
83,72000,g,test,0.6105898022651672,0.6020348415600608
83,72000,h,test,0.6729824542999268,0.6674813019428716
83,72000,i,test,0.6832695007324219,0.645964923410055
83,72900,a,test,0.6251758337020874,0.6171107737911653
83,72900,b,test,0.6010396480560303,0.5632248851381129
83,72900,c,test,0.5447330474853516,0.5329622373497719
83,72900,d,test,0.6713384985923767,0.6612425780753804
83,72900,e,test,0.7168083786964417,0.6825486749599573
83,72900,f,test,0.6413440704345703,0.6239133239642926
83,72900,g,test,0.6018766760826111,0.5860845744282381
83,72900,h,test,0.6877192854881287,0.6791251800426066
83,72900,i,test,0.6839080452919006,0.6582841437904731
83,73800,a,test,0.6603375673294067,0.6550933675509666
83,73800,b,test,0.6023392081260681,0.5678432975490987
83,73800,c,test,0.5180374979972839,0.501418479022666
83,73800,d,test,0.6573230624198914,0.6358324030075088
83,73800,e,test,0.7220405340194702,0.6911658427634152
83,73800,f,test,0.6252739429473877,0.6117680651188538
83,73800,g,test,0.6152815222740173,0.6012026609682884
83,73800,h,test,0.6835087537765503,0.6782576319914165
83,73800,i,test,0.6570881009101868,0.6363777945873473
83,74700,a,test,0.6371307969093323,0.6206533479750914
83,74700,b,test,0.6185835003852844,0.5801155004620223
83,74700,c,test,0.5497835278511047,0.5401544930751657
83,74700,d,test,0.6384022235870361,0.6116839818036929
83,74700,e,test,0.7416611909866333,0.713709152821527
83,74700,f,test,0.664718747138977,0.6636585097682953
83,74700,g,test,0.6012064218521118,0.582782544120204
83,74700,h,test,0.6729824542999268,0.6719480194378104
83,74700,i,test,0.6730523705482483,0.6534328002065708
83,75600,a,test,0.604781985282898,0.5977359737889979
83,75600,b,test,0.6510721445083618,0.6196435549566367
83,75600,c,test,0.5490620732307434,0.5392031155401659
83,75600,d,test,0.6622284650802612,0.6454695416987208
83,75600,e,test,0.7207325100898743,0.6873016773538071
83,75600,f,test,0.6515704989433289,0.6421043033336927
83,75600,g,test,0.582439661026001,0.5676516516056488
83,75600,h,test,0.7129824757575989,0.710154472800152
83,75600,i,test,0.6928480267524719,0.6759189510248199
83,76500,a,test,0.6251758337020874,0.6220958183391304
83,76500,b,test,0.600389838218689,0.5477442985559772
83,76500,c,test,0.5649350881576538,0.5539607345025087
83,76500,d,test,0.6601261496543884,0.6425806897775158
83,76500,e,test,0.7285807728767395,0.6962209748090032
83,76500,f,test,0.661066472530365,0.6524275794594862
83,76500,g,test,0.6132707595825195,0.5928252032471027
83,76500,h,test,0.7010526061058044,0.6818376521004194
83,76500,i,test,0.7056193947792053,0.6872541067488842
83,77400,a,test,0.6315048933029175,0.6276433525026691
83,77400,b,test,0.6257309913635254,0.5723426613458978
83,77400,c,test,0.5541125535964966,0.5420983861062534
83,77400,d,test,0.6313945055007935,0.6036974579208852
83,77400,e,test,0.6998037695884705,0.661409185854686
83,77400,f,test,0.6464572548866272,0.6411944239528236
83,77400,g,test,0.6038873791694641,0.5857237706959783
83,77400,h,test,0.6659649014472961,0.6412898308114735
83,77400,i,test,0.6928480267524719,0.6672703231031957
83,78300,a,test,0.6490858197212219,0.6476452155172436
83,78300,b,test,0.623781681060791,0.5898960024942221
83,78300,c,test,0.5642135739326477,0.5572236854860964
83,78300,d,test,0.6678346395492554,0.6529297383415954
83,78300,e,test,0.7076520323753357,0.6677484016366174
83,78300,f,test,0.6449963450431824,0.6451815677249774
83,78300,g,test,0.6012064218521118,0.5753464970299714
83,78300,h,test,0.6863157749176025,0.6729476451719019
83,78300,i,test,0.6743295192718506,0.6374196414720648
83,79200,a,test,0.6153305172920227,0.598185115672636
83,79200,b,test,0.5951916575431824,0.5473588744046485
83,79200,c,test,0.5656565427780151,0.5583796536629545
83,79200,d,test,0.6629292368888855,0.6474313653183029
83,79200,e,test,0.7207325100898743,0.6864620893499772
83,79200,f,test,0.6428049802780151,0.6400454457680875
83,79200,g,test,0.6058981418609619,0.5824175740467215
83,79200,h,test,0.6863157749176025,0.6721841116774957
83,79200,i,test,0.6864623427391052,0.6559681877639598
83,80100,a,test,0.6343178749084473,0.6296380484399542
83,80100,b,test,0.6263807415962219,0.5900869731381576
83,80100,c,test,0.5714285969734192,0.5611824557461326
83,80100,d,test,0.6706377267837524,0.6571153477070887
83,80100,e,test,0.7292348146438599,0.6992703287703925
83,80100,f,test,0.6274653077125549,0.6187283104658343
83,80100,g,test,0.5891420841217041,0.5674634113382121
83,80100,h,test,0.6659649014472961,0.6522128211293444
83,80100,i,test,0.7005108594894409,0.6684977830660408
83,81000,a,test,0.5935302376747131,0.5883809672914735
83,81000,b,test,0.6452241539955139,0.6121462160373436
83,81000,c,test,0.536796510219574,0.5322720740348136
83,81000,d,test,0.6769446134567261,0.6640554256407699
83,81000,e,test,0.7181164026260376,0.6883309100366107
83,81000,f,test,0.6508400440216064,0.6484405207247127
83,81000,g,test,0.609919548034668,0.5908745722329112
83,81000,h,test,0.6947368383407593,0.6772745972386537
83,81000,i,test,0.6915708780288696,0.659208770757372
83,81900,a,test,0.6237693428993225,0.614652495117245
83,81900,b,test,0.635477602481842,0.6006962976393303
83,81900,c,test,0.5627705454826355,0.557965352776239
83,81900,d,test,0.7084793448448181,0.7033969800723194
83,81900,e,test,0.7233486175537109,0.7014146736455321
83,81900,f,test,0.6398831009864807,0.639740932272627
83,81900,g,test,0.6119303107261658,0.5885141320980883
83,81900,h,test,0.6715789437294006,0.6528688452429566
83,81900,i,test,0.681353747844696,0.6553736032481261
83,82800,a,test,0.6371307969093323,0.6300929824128572
83,82800,b,test,0.6549707651138306,0.6286231166926254
83,82800,c,test,0.5317460298538208,0.5241995388166747
83,82800,d,test,0.6930623650550842,0.6857789050882613
83,82800,e,test,0.7279267311096191,0.696133390588041
83,82800,f,test,0.6552227735519409,0.6546983188434801
83,82800,g,test,0.5965147614479065,0.5675643790191504
83,82800,h,test,0.7108771800994873,0.6976353643554849
83,82800,i,test,0.6858237385749817,0.6584924581525544
83,83700,a,test,0.6364275813102722,0.6304179548530314
83,83700,b,test,0.6452241539955139,0.618387932502519
83,83700,c,test,0.5497835278511047,0.5436707951449394
83,83700,d,test,0.6937631368637085,0.6861594587964075
83,83700,e,test,0.7338129281997681,0.7067644241549065
83,83700,f,test,0.6515704989433289,0.6494378560234199
83,83700,g,test,0.6132707595825195,0.5837680707561069
83,83700,h,test,0.7101754546165466,0.6956067302601968
83,83700,i,test,0.6883780360221863,0.6764444357431159
83,84600,a,test,0.6251758337020874,0.6185334473818119
83,84600,b,test,0.6523716449737549,0.6197883760050428
83,84600,c,test,0.5194805264472961,0.5129770295108752
83,84600,d,test,0.6762438416481018,0.667421192374316
83,84600,e,test,0.7390451431274414,0.7100259054081025
83,84600,f,test,0.6654492616653442,0.6608071540549325
83,84600,g,test,0.6186327338218689,0.5986570676804411
83,84600,h,test,0.7052631378173828,0.688165920849196
83,84600,i,test,0.7088122367858887,0.6987002893060928
83,85500,a,test,0.6490858197212219,0.6451541603231054
83,85500,b,test,0.6523716449737549,0.6200272179998924
83,85500,c,test,0.5447330474853516,0.534767564003598
83,85500,d,test,0.6552207469940186,0.6418240647068063
83,85500,e,test,0.7233486175537109,0.6866657325444238
83,85500,f,test,0.6493791341781616,0.6430298915367028
83,85500,g,test,0.6032171845436096,0.5845031520540473
83,85500,h,test,0.714385986328125,0.7011937947090138
83,85500,i,test,0.710089385509491,0.6885940681264593
83,86400,a,test,0.6279887557029724,0.622395844382416
83,86400,b,test,0.6172839403152466,0.5717788929538721
83,86400,c,test,0.5324675440788269,0.5222096442271201
83,86400,d,test,0.6594253778457642,0.6425624084361572
83,86400,e,test,0.7279267311096191,0.6898263661443842
83,86400,f,test,0.650109589099884,0.6442030149204071
83,86400,g,test,0.6112600564956665,0.5844654415568996
83,86400,h,test,0.7164912223815918,0.6984498657065012
83,86400,i,test,0.7158365249633789,0.6953186087262795
