seed,time,requester_id,peer_id,details
7,160,S7,S8,"{""agreement"": 0.08637341856956482, ""completed"": true}"
7,160,S11,S7,"{""agreement"": 0.47214311361312866, ""completed"": true}"
7,160,S8,S7,"{""agreement"": 0.43375131487846375, ""completed"": true}"
7,180,S7,S11,"{""agreement"": 0.9014129042625427, ""completed"": true}"
7,180,S11,S7,"{""agreement"": 0.87314373254776, ""completed"": true}"
7,180,S8,S7,"{""agreement"": 0.3165590465068817, ""completed"": true}"
7,200,S7,S11,"{""agreement"": 0.8560094833374023, ""completed"": true}"
7,200,S11,S7,"{""agreement"": 0.24800576269626617, ""completed"": true}"
7,200,S8,S7,"{""agreement"": 0.7595235705375671, ""completed"": true}"
7,220,S7,S11,"{""agreement"": -0.7023031115531921, ""completed"": true}"
7,220,S11,S7,"{""agreement"": 0.7668014764785767, ""completed"": true}"
7,220,S8,S7,"{""agreement"": 0.7702587842941284, ""completed"": true}"
7,240,S7,S11,"{""agreement"": 0.7436192035675049, ""completed"": true}"
7,240,S11,S7,"{""agreement"": 0.7797357439994812, ""completed"": true}"
7,240,S8,S7,"{""agreement"": 0.7909839153289795, ""completed"": true}"
7,260,S7,S11,"{""agreement"": 0.4768120050430298, ""completed"": true}"
7,260,S11,S7,"{""agreement"": 0.8498162031173706, ""completed"": true}"
7,260,S8,S7,"{""agreement"": -0.19825005531311035, ""completed"": true}"
7,280,S7,S11,"{""agreement"": -0.101314015686512, ""completed"": true}"
7,280,S11,S7,"{""agreement"": 0.6987578272819519, ""completed"": true}"
7,280,S8,S7,"{""agreement"": 0.6055527925491333, ""completed"": true}"
7,300,S7,S11,"{""agreement"": 0.07916539907455444, ""completed"": true}"
7,300,S11,S7,"{""agreement"": 0.6539583206176758, ""completed"": true}"
7,300,S8,S7,"{""agreement"": 0.17585454881191254, ""completed"": true}"
7,320,S7,S11,"{""agreement"": 0.5502399206161499, ""completed"": true}"
7,320,S11,S7,"{""agreement"": 0.6950994729995728, ""completed"": true}"
7,320,S8,S7,"{""agreement"": 0.1897576004266739, ""completed"": true}"
7,340,S7,S11,"{""agreement"": 0.3819665312767029, ""completed"": true}"
7,340,S11,S7,"{""agreement"": 0.24575985968112946, ""completed"": true}"
7,340,S8,S7,"{""agreement"": 0.38991740345954895, ""completed"": true}"
7,360,S7,S11,"{""agreement"": 0.393681138753891, ""completed"": true}"
7,360,S11,S7,"{""agreement"": 0.06599406152963638, ""completed"": true}"
7,360,S8,S7,"{""agreement"": 0.5073095560073853, ""completed"": true}"
7,380,S7,S11,"{""agreement"": 0.4397447407245636, ""completed"": true}"
7,380,S11,S7,"{""agreement"": 0.8145887851715088, ""completed"": true}"
7,380,S8,S7,"{""agreement"": 0.35399845242500305, ""completed"": true}"
7,400,S7,S11,"{""agreement"": -0.5400676131248474, ""completed"": true}"
7,400,S11,S7,"{""agreement"": 0.6714575290679932, ""completed"": true}"
7,400,S8,S7,"{""agreement"": -0.38580238819122314, ""completed"": true}"
7,400,S3,S15,"{""agreement"": 0.6639732122421265, ""completed"": true}"
7,400,S15,S3,"{""agreement"": 0.8557571172714233, ""completed"": true}"
7,420,S7,S8,"{""agreement"": 0.324118435382843, ""completed"": true}"
7,420,S11,S7,"{""agreement"": 0.29862886667251587, ""completed"": true}"
7,420,S8,S7,"{""agreement"": 0.8226290941238403, ""completed"": true}"
7,420,S3,S15,"{""agreement"": 0.7608317732810974, ""completed"": true}"
7,420,S15,S3,"{""agreement"": 0.84371018409729, ""completed"": true}"
7,440,S7,S8,"{""agreement"": 0.7388491034507751, ""completed"": true}"
7,440,S8,S7,"{""agreement"": 0.5498092174530029, ""completed"": true}"
7,460,S7,S8,"{""agreement"": -0.24966169893741608, ""completed"": true}"
7,460,S8,S7,"{""agreement"": 0.44798582792282104, ""completed"": true}"
7,480,S7,S8,"{""agreement"": 0.5715088248252869, ""completed"": true}"
7,480,S8,S7,"{""agreement"": -0.29560384154319763, ""completed"": true}"
7,500,S7,S8,"{""agreement"": -0.23243707418441772, ""completed"": true}"
7,500,S8,S7,"{""agreement"": 0.9136030077934265, ""completed"": true}"
7,520,S7,S8,"{""agreement"": 0.19409801065921783, ""completed"": true}"
7,520,S8,S7,"{""agreement"": -0.33751344680786133, ""completed"": true}"
7,540,S7,S8,"{""agreement"": -0.5505844950675964, ""completed"": true}"
7,540,S8,S7,"{""agreement"": -0.19983796775341034, ""completed"": true}"
7,560,S7,S8,"{""agreement"": 0.5182350277900696, ""completed"": true}"
7,560,S8,S7,"{""agreement"": 0.3262063264846802, ""completed"": true}"
7,580,S7,S8,"{""agreement"": 0.37295421957969666, ""completed"": true}"
7,580,S8,S7,"{""agreement"": 0.6389099359512329, ""completed"": true}"
7,600,S7,S8,"{""agreement"": 0.6061639189720154, ""completed"": true}"
7,600,S8,S7,"{""agreement"": 0.6885078549385071, ""completed"": true}"
7,620,S7,S8,"{""agreement"": -0.18573100864887238, ""completed"": true}"
7,620,S8,S7,"{""agreement"": -0.15650422871112823, ""completed"": true}"
7,640,S7,S8,"{""agreement"": -0.1323917806148529, ""completed"": true}"
7,640,S8,S7,"{""agreement"": 0.2886640131473541, ""completed"": true}"
7,700,S5,S9,"{""agreement"": 0.7585078477859497, ""completed"": true}"
7,700,S9,S5,"{""agreement"": 0.9027774930000305, ""completed"": true}"
7,720,S5,S9,"{""agreement"": 0.7297810316085815, ""completed"": true}"
7,720,S9,S5,"{""agreement"": 0.7628767490386963, ""completed"": true}"
7,740,S5,S9,"{""agreement"": 0.7407550811767578, ""completed"": true}"
7,740,S9,S5,"{""agreement"": 0.5331395268440247, ""completed"": true}"
7,760,S5,S9,"{""agreement"": 0.8701218962669373, ""completed"": true}"
7,760,S9,S5,"{""agreement"": 0.8572353720664978, ""completed"": true}"
7,760,S16,S15,"{""agreement"": 0.5768349766731262, ""completed"": true}"
7,760,S15,S16,"{""agreement"": 0.7264782190322876, ""completed"": true}"
7,780,S5,S9,"{""agreement"": 0.7291588187217712, ""completed"": true}"
7,780,S9,S5,"{""agreement"": 0.3954034447669983, ""completed"": true}"
7,780,S16,S15,"{""agreement"": 0.576048731803894, ""completed"": true}"
7,780,S15,S16,"{""agreement"": 0.6530697345733643, ""completed"": true}"
7,800,S5,S9,"{""agreement"": -0.17032390832901, ""completed"": true}"
7,800,S9,S5,"{""agreement"": 0.5755066275596619, ""completed"": true}"
7,800,S16,S15,"{""agreement"": 0.571951150894165, ""completed"": true}"
7,800,S15,S16,"{""agreement"": 0.2749865651130676, ""completed"": true}"
7,820,S5,S9,"{""agreement"": 0.8250972032546997, ""completed"": true}"
7,820,S9,S5,"{""agreement"": 0.0028078234754502773, ""completed"": true}"
7,820,S16,S15,"{""agreement"": 0.8863900303840637, ""completed"": true}"
7,820,S15,S16,"{""agreement"": 0.4611644744873047, ""completed"": true}"
7,840,S16,S15,"{""agreement"": 0.8968080878257751, ""completed"": true}"
7,840,S15,S16,"{""agreement"": 0.7443867921829224, ""completed"": true}"
7,860,S5,S15,"{""agreement"": 0.9712149500846863, ""completed"": true}"
7,860,S15,S16,"{""agreement"": 0.5801401138305664, ""completed"": true}"
7,860,S16,S15,"{""agreement"": 0.5320804119110107, ""completed"": true}"
7,880,S5,S15,"{""agreement"": 0.562005877494812, ""completed"": true}"
7,880,S15,S16,"{""agreement"": 0.5231549739837646, ""completed"": true}"
7,880,S16,S15,"{""agreement"": 0.44383907318115234, ""completed"": true}"
7,900,S5,S15,"{""agreement"": 0.25331926345825195, ""completed"": true}"
7,900,S15,S16,"{""agreement"": 0.8181304931640625, ""completed"": true}"
7,900,S16,S15,"{""agreement"": 0.4081900119781494, ""completed"": true}"
7,920,S5,S15,"{""agreement"": 0.3811098039150238, ""completed"": true}"
7,920,S15,S16,"{""agreement"": 0.6321411728858948, ""completed"": true}"
7,920,S16,S15,"{""agreement"": 0.6784220337867737, ""completed"": true}"
7,940,S5,S15,"{""agreement"": 0.10611498355865479, ""completed"": true}"
7,940,S15,S16,"{""agreement"": -0.2092750370502472, ""completed"": true}"
7,940,S16,S15,"{""agreement"": 0.3819325566291809, ""completed"": true}"
7,960,S5,S15,"{""agreement"": 0.8278933763504028, ""completed"": true}"
7,960,S15,S16,"{""agreement"": -0.21250151097774506, ""completed"": true}"
7,960,S16,S15,"{""agreement"": 0.8190603256225586, ""completed"": true}"
7,980,S5,S15,"{""agreement"": 0.5531286001205444, ""completed"": true}"
7,980,S15,S5,"{""agreement"": 0.5359832644462585, ""completed"": true}"
7,980,S16,S15,"{""agreement"": 0.7179076075553894, ""completed"": true}"
7,1000,S5,S15,"{""agreement"": 0.4893626570701599, ""completed"": true}"
7,1000,S15,S5,"{""agreement"": 0.45271292328834534, ""completed"": true}"
7,1000,S16,S15,"{""agreement"": 0.20049439370632172, ""completed"": true}"
7,1020,S5,S15,"{""agreement"": 0.5660433769226074, ""completed"": true}"
7,1020,S15,S5,"{""agreement"": 0.5609953999519348, ""completed"": true}"
7,1020,S16,S15,"{""agreement"": 0.5475344061851501, ""completed"": true}"
7,1040,S5,S15,"{""agreement"": -0.11423629522323608, ""completed"": true}"
7,1040,S15,S5,"{""agreement"": 0.23206783831119537, ""completed"": true}"
7,1040,S16,S15,"{""agreement"": 0.6152777075767517, ""completed"": true}"
7,1560,S9,S13,"{""agreement"": 0.8222772479057312, ""completed"": true}"
7,1560,S13,S9,"{""agreement"": 0.6775633692741394, ""completed"": true}"
7,1580,S9,S13,"{""agreement"": 0.7519397735595703, ""completed"": true}"
7,1580,S13,S9,"{""agreement"": 0.4777096211910248, ""completed"": true}"
7,1600,S9,S13,"{""agreement"": 0.8568843603134155, ""completed"": true}"
7,1600,S13,S9,"{""agreement"": 0.4840397834777832, ""completed"": true}"
7,1620,S9,S13,"{""agreement"": -0.12606313824653625, ""completed"": true}"
7,1620,S13,S9,"{""agreement"": 0.8592153787612915, ""completed"": true}"
7,1640,S9,S13,"{""agreement"": 0.47542521357536316, ""completed"": true}"
7,1640,S13,S9,"{""agreement"": 0.5751798152923584, ""completed"": true}"
7,1660,S9,S13,"{""agreement"": 0.857340395450592, ""completed"": true}"
7,1660,S13,S9,"{""agreement"": 0.30247384309768677, ""completed"": true}"
7,1680,S9,S13,"{""agreement"": 0.20661944150924683, ""completed"": true}"
7,1680,S13,S9,"{""agreement"": 0.731873095035553, ""completed"": true}"
7,1700,S9,S13,"{""agreement"": 0.7438116073608398, ""completed"": true}"
7,1700,S13,S9,"{""agreement"": 0.1407378613948822, ""completed"": true}"
7,1720,S9,S13,"{""agreement"": 0.9432072639465332, ""completed"": true}"
7,1720,S13,S9,"{""agreement"": 0.42403411865234375, ""completed"": true}"
7,1740,S9,S13,"{""agreement"": 0.9360483288764954, ""completed"": true}"
7,1740,S13,S9,"{""agreement"": 0.3589276075363159, ""completed"": true}"
7,1760,S9,S13,"{""agreement"": 0.3003107011318207, ""completed"": true}"
7,1760,S13,S9,"{""agreement"": 0.9051591753959656, ""completed"": true}"
7,1780,S9,S13,"{""agreement"": 0.4838879108428955, ""completed"": true}"
7,1780,S13,S9,"{""agreement"": 0.5364941358566284, ""completed"": true}"
7,1780,S16,S13,"{""agreement"": -0.3490016460418701, ""completed"": true}"
7,1800,S9,S13,"{""agreement"": 0.8865882754325867, ""completed"": true}"
7,1800,S13,S9,"{""agreement"": 0.1817888468503952, ""completed"": true}"
7,1900,S16,S6,"{""agreement"": -0.024551931768655777, ""completed"": true}"
7,1900,S6,S16,"{""agreement"": 0.5952316522598267, ""completed"": true}"
7,1920,S16,S6,"{""agreement"": 0.3625657856464386, ""completed"": true}"
7,1920,S6,S16,"{""agreement"": 0.027032174170017242, ""completed"": true}"
7,1940,S16,S6,"{""agreement"": 0.7041757106781006, ""completed"": true}"
7,1940,S6,S16,"{""agreement"": 0.5103910565376282, ""completed"": true}"
7,2260,S13,S16,"{""agreement"": 0.6906938552856445, ""completed"": true}"
7,2260,S16,S13,"{""agreement"": 0.8746110200881958, ""completed"": true}"
7,2280,S13,S16,"{""agreement"": 0.5056867599487305, ""completed"": true}"
7,2280,S16,S13,"{""agreement"": 0.05143455043435097, ""completed"": true}"
7,2300,S13,S16,"{""agreement"": 0.7206844091415405, ""completed"": true}"
7,2300,S16,S13,"{""agreement"": 0.673183798789978, ""completed"": true}"
7,2320,S13,S16,"{""agreement"": 0.5853655338287354, ""completed"": true}"
7,2320,S16,S13,"{""agreement"": 0.928063154220581, ""completed"": true}"
7,2340,S13,S16,"{""agreement"": 0.7249029278755188, ""completed"": true}"
7,2340,S16,S13,"{""agreement"": 0.3497510850429535, ""completed"": true}"
7,2360,S13,S16,"{""agreement"": 0.7543462514877319, ""completed"": true}"
7,2360,S16,S13,"{""agreement"": -0.498041570186615, ""completed"": true}"
7,2420,S13,S8,"{""agreement"": 0.05470878258347511, ""completed"": true}"
7,2420,S8,S13,"{""agreement"": -0.7135834693908691, ""completed"": true}"
7,2440,S13,S8,"{""agreement"": 0.7994970679283142, ""completed"": true}"
7,2440,S8,S13,"{""agreement"": -0.13473330438137054, ""completed"": true}"
7,2460,S13,S8,"{""agreement"": 0.17259041965007782, ""completed"": true}"
7,2460,S8,S13,"{""agreement"": 0.8814219236373901, ""completed"": true}"
7,2480,S13,S8,"{""agreement"": -0.24195270240306854, ""completed"": true}"
7,2480,S8,S13,"{""agreement"": -0.25901442766189575, ""completed"": true}"
7,2500,S13,S8,"{""agreement"": 0.5771955847740173, ""completed"": true}"
7,2500,S8,S13,"{""agreement"": -0.3773876428604126, ""completed"": true}"
7,2520,S13,S8,"{""agreement"": 0.4010561406612396, ""completed"": true}"
7,2520,S8,S13,"{""agreement"": 0.7010666131973267, ""completed"": true}"
7,3100,S11,S8,"{""agreement"": 0.6111875772476196, ""completed"": true}"
7,3100,S8,S11,"{""agreement"": 0.015682155266404152, ""completed"": true}"
7,3200,S9,S16,"{""agreement"": 0.14042434096336365, ""completed"": true}"
7,3200,S16,S9,"{""agreement"": 0.9026334881782532, ""completed"": true}"
7,3220,S9,S16,"{""agreement"": 0.2182721644639969, ""completed"": true}"
7,3220,S16,S9,"{""agreement"": 0.5089041590690613, ""completed"": true}"
7,3240,S9,S16,"{""agreement"": 0.34835827350616455, ""completed"": true}"
7,3240,S16,S9,"{""agreement"": 0.5259377956390381, ""completed"": true}"
7,3260,S9,S16,"{""agreement"": -0.08883138746023178, ""completed"": true}"
7,3260,S16,S9,"{""agreement"": 0.8767176270484924, ""completed"": true}"
7,3280,S9,S16,"{""agreement"": 0.5618115067481995, ""completed"": true}"
7,3280,S16,S9,"{""agreement"": 0.3675720691680908, ""completed"": true}"
7,3300,S9,S16,"{""agreement"": 0.11841631680727005, ""completed"": true}"
7,3300,S16,S9,"{""agreement"": 0.8797739744186401, ""completed"": true}"
7,3320,S9,S16,"{""agreement"": 0.48033982515335083, ""completed"": true}"
7,3320,S16,S9,"{""agreement"": -0.2848469316959381, ""completed"": true}"
7,3340,S9,S16,"{""agreement"": 0.8459504246711731, ""completed"": true}"
7,3340,S16,S9,"{""agreement"": -0.3105485141277313, ""completed"": true}"
7,3360,S9,S16,"{""agreement"": 0.16651920974254608, ""completed"": true}"
7,3360,S16,S9,"{""agreement"": 0.9760962724685669, ""completed"": true}"
7,3380,S5,S8,"{""agreement"": -0.07491616904735565, ""completed"": true}"
7,3380,S8,S5,"{""agreement"": -0.6839126348495483, ""completed"": true}"
7,3380,S9,S16,"{""agreement"": 0.45233362913131714, ""completed"": true}"
7,3380,S16,S9,"{""agreement"": 0.5256748795509338, ""completed"": true}"
7,3400,S5,S8,"{""agreement"": -0.36168789863586426, ""completed"": true}"
7,3400,S8,S5,"{""agreement"": -0.1065501719713211, ""completed"": true}"
7,3400,S9,S16,"{""agreement"": 0.4707147777080536, ""completed"": true}"
7,3400,S16,S9,"{""agreement"": 0.952927827835083, ""completed"": true}"
7,3420,S5,S8,"{""agreement"": -0.5217650532722473, ""completed"": true}"
7,3420,S8,S5,"{""agreement"": -0.1382778137922287, ""completed"": true}"
7,3420,S9,S16,"{""agreement"": 0.6773934364318848, ""completed"": true}"
7,3420,S16,S9,"{""agreement"": 0.3359496593475342, ""completed"": true}"
7,3440,S5,S8,"{""agreement"": -0.05181054398417473, ""completed"": true}"
7,3440,S8,S5,"{""agreement"": -0.22415569424629211, ""completed"": true}"
7,3440,S9,S16,"{""agreement"": 0.5155106782913208, ""completed"": true}"
7,3440,S16,S9,"{""agreement"": 0.16010580956935883, ""completed"": true}"
7,3460,S9,S16,"{""agreement"": 0.28782546520233154, ""completed"": true}"
7,3460,S16,S9,"{""agreement"": -0.28487494587898254, ""completed"": true}"
7,3480,S9,S16,"{""agreement"": -0.14557208120822906, ""completed"": true}"
7,3480,S16,S9,"{""agreement"": 0.4893515408039093, ""completed"": true}"
7,3500,S9,S16,"{""agreement"": 0.8716944456100464, ""completed"": true}"
7,3500,S16,S9,"{""agreement"": 0.1793806552886963, ""completed"": true}"
7,3520,S9,S16,"{""agreement"": -0.3270842134952545, ""completed"": true}"
7,3520,S16,S9,"{""agreement"": 0.8950656056404114, ""completed"": true}"
7,3540,S9,S16,"{""agreement"": -0.030212100595235825, ""completed"": true}"
7,3540,S16,S9,"{""agreement"": -0.5524335503578186, ""completed"": true}"
7,3560,S9,S16,"{""agreement"": 0.39072489738464355, ""completed"": true}"
7,3560,S16,S9,"{""agreement"": -0.2505384385585785, ""completed"": true}"
7,3580,S9,S16,"{""agreement"": 0.5220450758934021, ""completed"": true}"
7,3580,S16,S9,"{""agreement"": 0.7397688031196594, ""completed"": true}"
7,3600,S9,S11,"{""agreement"": 0.026561668142676353, ""completed"": true}"
7,3600,S7,S9,"{""agreement"": 0.4680503010749817, ""completed"": true}"
7,3600,S16,S9,"{""agreement"": 0.23680488765239716, ""completed"": true}"
7,3600,S11,S9,"{""agreement"": -0.46476608514785767, ""completed"": true}"
7,3620,S9,S7,"{""agreement"": -0.32508981227874756, ""completed"": true}"
7,3620,S7,S9,"{""agreement"": 0.5942413806915283, ""completed"": true}"
7,3620,S16,S9,"{""agreement"": 0.9178603887557983, ""completed"": true}"
7,3620,S11,S9,"{""agreement"": 0.4778827428817749, ""completed"": true}"
7,3640,S9,S16,"{""agreement"": 0.03241351991891861, ""completed"": true}"
7,3640,S7,S9,"{""agreement"": 0.5788824558258057, ""completed"": true}"
7,3640,S16,S9,"{""agreement"": -0.21419444680213928, ""completed"": true}"
7,3660,S9,S16,"{""agreement"": -0.21962396800518036, ""completed"": true}"
7,3660,S7,S9,"{""agreement"": 0.15470632910728455, ""completed"": true}"
7,3660,S16,S9,"{""agreement"": 0.47025978565216064, ""completed"": true}"
7,3680,S9,S7,"{""agreement"": -0.27020925283432007, ""completed"": true}"
7,3680,S7,S9,"{""agreement"": 0.341403067111969, ""completed"": true}"
7,3680,S16,S9,"{""agreement"": 0.8407877683639526, ""completed"": true}"
7,3700,S9,S16,"{""agreement"": 0.04103222116827965, ""completed"": true}"
7,3700,S7,S9,"{""agreement"": 0.641194760799408, ""completed"": true}"
7,3700,S16,S9,"{""agreement"": 0.6012411117553711, ""completed"": true}"
7,3720,S9,S16,"{""agreement"": -0.19031384587287903, ""completed"": true}"
7,3720,S7,S9,"{""agreement"": 0.43789082765579224, ""completed"": true}"
7,3720,S16,S9,"{""agreement"": 0.22062905132770538, ""completed"": true}"
7,3740,S9,S7,"{""agreement"": 0.3880551755428314, ""completed"": true}"
7,3740,S7,S9,"{""agreement"": 0.2469211369752884, ""completed"": true}"
7,3740,S16,S9,"{""agreement"": 0.03730816766619682, ""completed"": true}"
7,3760,S9,S7,"{""agreement"": -0.1558990776538849, ""completed"": true}"
7,3760,S7,S9,"{""agreement"": 0.07501748204231262, ""completed"": true}"
7,3760,S16,S9,"{""agreement"": 0.5747034549713135, ""completed"": true}"
7,3780,S9,S16,"{""agreement"": -0.13594211637973785, ""completed"": true}"
7,3780,S16,S9,"{""agreement"": 0.36477601528167725, ""completed"": true}"
7,3800,S9,S16,"{""agreement"": 0.5270739197731018, ""completed"": true}"
7,3800,S16,S9,"{""agreement"": 0.3796129524707794, ""completed"": true}"
7,3820,S9,S16,"{""agreement"": -0.19641993939876556, ""completed"": true}"
7,3820,S16,S9,"{""agreement"": 0.5978009700775146, ""completed"": true}"
7,3840,S9,S16,"{""agreement"": 0.5170709490776062, ""completed"": true}"
7,3840,S16,S9,"{""agreement"": 0.3286451995372772, ""completed"": true}"
7,4000,S3,S11,"{""agreement"": 0.8809226751327515, ""completed"": true}"
7,4000,S11,S3,"{""agreement"": 0.32382699847221375, ""completed"": true}"
7,4020,S3,S11,"{""agreement"": 0.23951542377471924, ""completed"": true}"
7,4020,S11,S3,"{""agreement"": 0.6913239359855652, ""completed"": true}"
7,4040,S3,S11,"{""agreement"": -0.28319957852363586, ""completed"": true}"
7,4040,S11,S3,"{""agreement"": -0.06560858339071274, ""completed"": true}"
7,4060,S3,S11,"{""agreement"": 0.533675491809845, ""completed"": true}"
7,4060,S11,S3,"{""agreement"": -0.6084408164024353, ""completed"": true}"
7,4080,S3,S11,"{""agreement"": -0.5306957364082336, ""completed"": true}"
7,4080,S11,S3,"{""agreement"": 0.6558148264884949, ""completed"": true}"
7,4360,S5,S3,"{""agreement"": 0.7197834849357605, ""completed"": true}"
7,4360,S3,S5,"{""agreement"": 0.8634673953056335, ""completed"": true}"
7,4380,S5,S3,"{""agreement"": 0.6119521260261536, ""completed"": true}"
7,4380,S3,S5,"{""agreement"": 0.3522879481315613, ""completed"": true}"
7,4400,S5,S3,"{""agreement"": 0.7846911549568176, ""completed"": true}"
7,4400,S3,S5,"{""agreement"": 0.7123529314994812, ""completed"": true}"
7,4420,S5,S3,"{""agreement"": 0.5210524797439575, ""completed"": true}"
7,4420,S3,S5,"{""agreement"": 0.6189618706703186, ""completed"": true}"
7,4440,S5,S3,"{""agreement"": 0.8568145036697388, ""completed"": true}"
7,4440,S3,S5,"{""agreement"": -0.05715101584792137, ""completed"": true}"
7,4460,S5,S3,"{""agreement"": 0.4577815532684326, ""completed"": true}"
7,4460,S3,S5,"{""agreement"": 0.49481621384620667, ""completed"": true}"
7,4480,S5,S3,"{""agreement"": 0.823307454586029, ""completed"": true}"
7,4480,S3,S5,"{""agreement"": 0.8300952911376953, ""completed"": true}"
7,4500,S5,S3,"{""agreement"": 0.40511441230773926, ""completed"": true}"
7,4500,S3,S5,"{""agreement"": 0.5442365407943726, ""completed"": true}"
7,4520,S5,S3,"{""agreement"": -0.15408578515052795, ""completed"": true}"
7,4520,S3,S5,"{""agreement"": 0.6279781460762024, ""completed"": true}"
7,4540,S5,S3,"{""agreement"": 0.06405571848154068, ""completed"": true}"
7,4540,S3,S5,"{""agreement"": 0.39017361402511597, ""completed"": true}"
7,4560,S5,S3,"{""agreement"": 0.15611739456653595, ""completed"": true}"
7,4560,S3,S5,"{""agreement"": 0.2202339619398117, ""completed"": true}"
7,4920,S9,S8,"{""agreement"": -0.1608094871044159, ""completed"": true}"
7,4920,S8,S9,"{""agreement"": 0.07881242781877518, ""completed"": true}"
7,5140,S3,S8,"{""agreement"": -0.2226230353116989, ""completed"": true}"
7,5140,S8,S3,"{""agreement"": 0.2606160044670105, ""completed"": true}"
7,5160,S3,S8,"{""agreement"": -0.012478286400437355, ""completed"": true}"
7,5160,S8,S3,"{""agreement"": -0.29278361797332764, ""completed"": true}"
7,5180,S3,S8,"{""agreement"": 0.7587139010429382, ""completed"": true}"
7,5180,S8,S3,"{""agreement"": 0.15129491686820984, ""completed"": true}"
7,5200,S3,S8,"{""agreement"": 0.12384636700153351, ""completed"": true}"
7,5200,S8,S3,"{""agreement"": 0.5085309743881226, ""completed"": true}"
7,5220,S13,S3,"{""agreement"": 0.5636716485023499, ""completed"": true}"
7,5220,S3,S13,"{""agreement"": -0.2962125837802887, ""completed"": true}"
7,5220,S8,S3,"{""agreement"": 0.10263781994581223, ""completed"": true}"
7,5240,S5,S3,"{""agreement"": -0.5026391744613647, ""completed"": true}"
7,5240,S3,S5,"{""agreement"": -0.5464318990707397, ""completed"": true}"
7,5240,S13,S3,"{""agreement"": 0.3219916522502899, ""completed"": true}"
7,5240,S8,S3,"{""agreement"": 0.6485727429389954, ""completed"": true}"
7,5260,S5,S3,"{""agreement"": -0.7253162264823914, ""completed"": true}"
7,5260,S3,S5,"{""agreement"": 0.29325613379478455, ""completed"": true}"
7,5260,S13,S3,"{""agreement"": -0.08399084210395813, ""completed"": true}"
7,5260,S8,S3,"{""agreement"": 0.7751272916793823, ""completed"": true}"
7,5280,S5,S3,"{""agreement"": 0.2308124452829361, ""completed"": true}"
7,5280,S3,S5,"{""agreement"": -0.8033365607261658, ""completed"": true}"
7,5280,S13,S3,"{""agreement"": 0.09909632802009583, ""completed"": true}"
7,5280,S16,S6,"{""agreement"": -0.461206316947937, ""completed"": true}"
7,5280,S6,S16,"{""agreement"": 0.199724480509758, ""completed"": true}"
7,5280,S8,S3,"{""agreement"": 0.14830784499645233, ""completed"": true}"
7,5300,S5,S9,"{""agreement"": -0.3193560242652893, ""completed"": true}"
7,5300,S9,S5,"{""agreement"": -0.2995716631412506, ""completed"": true}"
7,5300,S13,S3,"{""agreement"": -0.550375759601593, ""completed"": true}"
7,5300,S3,S8,"{""agreement"": -0.0791841447353363, ""completed"": true}"
7,5300,S16,S6,"{""agreement"": -0.7700396776199341, ""completed"": true}"
7,5300,S6,S16,"{""agreement"": 0.15359027683734894, ""completed"": true}"
7,5300,S8,S3,"{""agreement"": 0.060178179293870926, ""completed"": true}"
7,5320,S5,S9,"{""agreement"": 0.43273529410362244, ""completed"": true}"
7,5320,S9,S5,"{""agreement"": 0.18674056231975555, ""completed"": true}"
7,5320,S13,S3,"{""agreement"": 0.02156262844800949, ""completed"": true}"
7,5320,S3,S8,"{""agreement"": 0.48285356163978577, ""completed"": true}"
7,5320,S16,S6,"{""agreement"": 0.19079357385635376, ""completed"": true}"
7,5320,S6,S16,"{""agreement"": 0.3508009612560272, ""completed"": true}"
7,5320,S8,S3,"{""agreement"": 0.4688262641429901, ""completed"": true}"
7,5340,S5,S9,"{""agreement"": 0.8131677508354187, ""completed"": true}"
7,5340,S9,S5,"{""agreement"": 0.9291103482246399, ""completed"": true}"
7,5340,S16,S6,"{""agreement"": 0.04342471435666084, ""completed"": true}"
7,5340,S6,S16,"{""agreement"": 0.04401310160756111, ""completed"": true}"
7,5340,S3,S8,"{""agreement"": 0.7746375203132629, ""completed"": true}"
7,5340,S8,S3,"{""agreement"": -0.02512843906879425, ""completed"": true}"
7,5360,S5,S9,"{""agreement"": 0.6872587203979492, ""completed"": true}"
7,5360,S9,S5,"{""agreement"": 0.8622546195983887, ""completed"": true}"
7,5360,S16,S6,"{""agreement"": 0.3461472988128662, ""completed"": true}"
7,5360,S6,S16,"{""agreement"": 0.04558917135000229, ""completed"": true}"
7,5360,S3,S8,"{""agreement"": -0.14523112773895264, ""completed"": true}"
7,5360,S8,S3,"{""agreement"": 0.17729711532592773, ""completed"": true}"
7,5380,S5,S9,"{""agreement"": -0.07342865318059921, ""completed"": true}"
7,5380,S9,S5,"{""agreement"": 0.6528675556182861, ""completed"": true}"
7,5380,S16,S6,"{""agreement"": -0.20948851108551025, ""completed"": true}"
7,5380,S6,S16,"{""agreement"": 0.35850855708122253, ""completed"": true}"
7,5380,S3,S8,"{""agreement"": -0.6481906771659851, ""completed"": true}"
7,5380,S8,S3,"{""agreement"": -0.1317766308784485, ""completed"": true}"
7,5400,S5,S9,"{""agreement"": 0.6675906777381897, ""completed"": true}"
7,5400,S9,S5,"{""agreement"": 0.3916950523853302, ""completed"": true}"
7,5400,S16,S6,"{""agreement"": 0.388912558555603, ""completed"": true}"
7,5400,S6,S16,"{""agreement"": 0.46950095891952515, ""completed"": true}"
7,5400,S3,S8,"{""agreement"": -0.21718791127204895, ""completed"": true}"
7,5400,S8,S3,"{""agreement"": -0.4177446663379669, ""completed"": true}"
7,5420,S5,S9,"{""agreement"": 0.5924769043922424, ""completed"": true}"
7,5420,S9,S5,"{""agreement"": 0.19315791130065918, ""completed"": true}"
7,5420,S16,S6,"{""agreement"": 0.4479670226573944, ""completed"": true}"
7,5420,S6,S16,"{""agreement"": 0.5813013315200806, ""completed"": true}"
7,5420,S3,S8,"{""agreement"": 0.670415997505188, ""completed"": true}"
7,5420,S8,S3,"{""agreement"": 0.4386674761772156, ""completed"": true}"
7,5440,S16,S6,"{""agreement"": -0.08799605071544647, ""completed"": true}"
7,5440,S6,S16,"{""agreement"": 0.4909556806087494, ""completed"": true}"
7,5440,S3,S8,"{""agreement"": -0.21094447374343872, ""completed"": true}"
7,5440,S8,S3,"{""agreement"": -0.13236887753009796, ""completed"": true}"
7,5460,S3,S8,"{""agreement"": -0.32116368412971497, ""completed"": true}"
7,5460,S8,S3,"{""agreement"": -0.4063502252101898, ""completed"": true}"
7,5480,S3,S8,"{""agreement"": 0.9123696684837341, ""completed"": true}"
7,5480,S8,S3,"{""agreement"": 0.8587000966072083, ""completed"": true}"
7,5500,S3,S8,"{""agreement"": 0.08419342339038849, ""completed"": true}"
7,5500,S8,S3,"{""agreement"": 0.18024812638759613, ""completed"": true}"
7,5520,S3,S8,"{""agreement"": 0.35509639978408813, ""completed"": true}"
7,5520,S8,S3,"{""agreement"": -0.1929582804441452, ""completed"": true}"
7,5540,S3,S8,"{""agreement"": 0.2436002641916275, ""completed"": true}"
7,5540,S8,S3,"{""agreement"": 0.2718222141265869, ""completed"": true}"
7,5560,S3,S8,"{""agreement"": 0.8241044282913208, ""completed"": true}"
7,5560,S8,S3,"{""agreement"": 0.2036711424589157, ""completed"": true}"
7,5580,S3,S8,"{""agreement"": 0.38341623544692993, ""completed"": true}"
7,5580,S8,S3,"{""agreement"": 0.5188298225402832, ""completed"": true}"
7,5600,S3,S8,"{""agreement"": 0.41873010993003845, ""completed"": true}"
7,5600,S8,S3,"{""agreement"": 0.5347586870193481, ""completed"": true}"
7,5620,S3,S8,"{""agreement"": 0.653445303440094, ""completed"": true}"
7,5620,S8,S3,"{""agreement"": 0.638753354549408, ""completed"": true}"
7,5640,S3,S8,"{""agreement"": -0.08755918592214584, ""completed"": true}"
7,5640,S8,S3,"{""agreement"": 0.1740448921918869, ""completed"": true}"
7,5660,S13,S16,"{""agreement"": 0.047964323312044144, ""completed"": true}"
7,5660,S16,S13,"{""agreement"": 0.6386122107505798, ""completed"": true}"
7,5680,S13,S16,"{""agreement"": 0.7933716177940369, ""completed"": true}"
7,5680,S16,S13,"{""agreement"": -0.25923922657966614, ""completed"": true}"
7,5700,S13,S16,"{""agreement"": 0.5664219856262207, ""completed"": true}"
7,5700,S16,S13,"{""agreement"": 0.5218359231948853, ""completed"": true}"
7,5720,S13,S16,"{""agreement"": 0.5387613773345947, ""completed"": true}"
7,5720,S16,S13,"{""agreement"": -0.27486103773117065, ""completed"": true}"
7,5740,S13,S16,"{""agreement"": 0.05010557919740677, ""completed"": true}"
7,5740,S16,S13,"{""agreement"": 0.017675524577498436, ""completed"": true}"
7,5760,S13,S16,"{""agreement"": -0.2267371565103531, ""completed"": true}"
7,5760,S16,S13,"{""agreement"": -0.7389003038406372, ""completed"": true}"
7,5780,S13,S16,"{""agreement"": -0.3641339838504791, ""completed"": true}"
7,5780,S16,S13,"{""agreement"": 0.17735309898853302, ""completed"": true}"
7,5800,S13,S16,"{""agreement"": 0.12758395075798035, ""completed"": true}"
7,5800,S16,S13,"{""agreement"": 0.17559613287448883, ""completed"": true}"
7,5820,S13,S16,"{""agreement"": 0.657173752784729, ""completed"": true}"
7,5820,S16,S13,"{""agreement"": 0.20266754925251007, ""completed"": true}"
7,5840,S13,S16,"{""agreement"": 0.1101653128862381, ""completed"": true}"
7,5840,S16,S13,"{""agreement"": 0.5304266810417175, ""completed"": true}"
7,5860,S13,S16,"{""agreement"": -0.6040592193603516, ""completed"": true}"
7,5860,S16,S13,"{""agreement"": -0.7322357296943665, ""completed"": true}"
7,5880,S13,S16,"{""agreement"": 0.52176433801651, ""completed"": true}"
7,5880,S16,S13,"{""agreement"": 0.7746496200561523, ""completed"": true}"
7,5900,S13,S16,"{""agreement"": 0.7028098702430725, ""completed"": true}"
7,5900,S16,S13,"{""agreement"": 0.25281867384910583, ""completed"": true}"
7,5920,S13,S16,"{""agreement"": 0.8585932850837708, ""completed"": true}"
7,5920,S16,S13,"{""agreement"": 0.8697618842124939, ""completed"": true}"
7,5940,S9,S3,"{""agreement"": 0.773330807685852, ""completed"": true}"
7,5940,S3,S9,"{""agreement"": -0.3690432608127594, ""completed"": true}"
7,5940,S13,S16,"{""agreement"": 0.17972813546657562, ""completed"": true}"
7,5940,S16,S13,"{""agreement"": -0.06540784984827042, ""completed"": true}"
7,5960,S9,S3,"{""agreement"": -0.3907608985900879, ""completed"": true}"
7,5960,S3,S9,"{""agreement"": 0.0508984811604023, ""completed"": true}"
7,5980,S9,S3,"{""agreement"": 0.9272106885910034, ""completed"": true}"
7,5980,S3,S9,"{""agreement"": 0.04692962393164635, ""completed"": true}"
7,5980,S7,S13,"{""agreement"": -0.579288899898529, ""completed"": true}"
7,5980,S13,S7,"{""agreement"": 0.7306089997291565, ""completed"": true}"
7,6000,S9,S3,"{""agreement"": 0.5301496982574463, ""completed"": true}"
7,6000,S3,S9,"{""agreement"": 0.5718196034431458, ""completed"": true}"
7,6020,S9,S3,"{""agreement"": 0.15260644257068634, ""completed"": true}"
7,6020,S3,S9,"{""agreement"": 0.5505030751228333, ""completed"": true}"
7,6040,S9,S3,"{""agreement"": -0.06609790772199631, ""completed"": true}"
7,6040,S3,S9,"{""agreement"": -0.4219193458557129, ""completed"": true}"
7,6060,S9,S3,"{""agreement"": 0.08064154535531998, ""completed"": true}"
7,6060,S3,S9,"{""agreement"": 0.8643618822097778, ""completed"": true}"
7,6080,S9,S3,"{""agreement"": -0.2441706508398056, ""completed"": true}"
7,6080,S3,S9,"{""agreement"": -0.26336026191711426, ""completed"": true}"
7,6100,S9,S3,"{""agreement"": 0.26332539319992065, ""completed"": true}"
7,6100,S3,S9,"{""agreement"": 0.5905598402023315, ""completed"": true}"
7,6120,S9,S3,"{""agreement"": 0.9314889907836914, ""completed"": true}"
7,6120,S3,S9,"{""agreement"": -0.273524671792984, ""completed"": true}"
7,6140,S9,S3,"{""agreement"": 0.15208186209201813, ""completed"": true}"
7,6140,S3,S9,"{""agreement"": -0.6251042485237122, ""completed"": true}"
7,6160,S9,S3,"{""agreement"": -0.7051088213920593, ""completed"": true}"
7,6160,S3,S9,"{""agreement"": 0.25178757309913635, ""completed"": true}"
7,6180,S9,S3,"{""agreement"": 0.8595179915428162, ""completed"": true}"
7,6180,S3,S9,"{""agreement"": -0.9544892311096191, ""completed"": true}"
7,6200,S9,S3,"{""agreement"": 0.3830101490020752, ""completed"": true}"
7,6220,S9,S3,"{""agreement"": 0.8406581878662109, ""completed"": true}"
7,6240,S9,S3,"{""agreement"": -0.36467474699020386, ""completed"": true}"
7,6260,S9,S3,"{""agreement"": 0.5490399599075317, ""completed"": true}"
7,6280,S9,S3,"{""agreement"": -0.8485791087150574, ""completed"": true}"
7,6300,S5,S15,"{""agreement"": -0.2424008995294571, ""completed"": true}"
7,6300,S15,S5,"{""agreement"": 0.4586120545864105, ""completed"": true}"
7,6300,S9,S3,"{""agreement"": -0.21855950355529785, ""completed"": true}"
7,6320,S5,S15,"{""agreement"": 0.008437295444309711, ""completed"": true}"
7,6320,S15,S5,"{""agreement"": 0.8328219056129456, ""completed"": true}"
7,6340,S5,S15,"{""agreement"": 0.7784205079078674, ""completed"": true}"
7,6340,S15,S5,"{""agreement"": 0.2839088439941406, ""completed"": true}"
7,6360,S5,S15,"{""agreement"": 0.7999304533004761, ""completed"": true}"
7,6360,S15,S5,"{""agreement"": 0.44808685779571533, ""completed"": true}"
7,6380,S5,S15,"{""agreement"": 0.12088176608085632, ""completed"": true}"
7,6380,S15,S5,"{""agreement"": 0.328377366065979, ""completed"": true}"
7,6400,S5,S15,"{""agreement"": 0.042996231466531754, ""completed"": true}"
7,6400,S15,S5,"{""agreement"": 0.1375565379858017, ""completed"": true}"
7,6460,S3,S8,"{""agreement"": 0.28491050004959106, ""completed"": true}"
7,6460,S8,S3,"{""agreement"": -0.09779105335474014, ""completed"": true}"
7,6480,S3,S8,"{""agreement"": -0.18620415031909943, ""completed"": true}"
7,6480,S8,S3,"{""agreement"": -0.22787758708000183, ""completed"": true}"
7,6500,S3,S8,"{""agreement"": 0.8032552599906921, ""completed"": true}"
7,6500,S8,S3,"{""agreement"": 0.18870395421981812, ""completed"": true}"
7,6520,S3,S8,"{""agreement"": -0.11493384838104248, ""completed"": true}"
7,6520,S8,S3,"{""agreement"": 0.049834009259939194, ""completed"": true}"
7,6540,S3,S8,"{""agreement"": 0.7053362131118774, ""completed"": true}"
7,6540,S8,S3,"{""agreement"": 0.29880762100219727, ""completed"": true}"
7,6560,S3,S8,"{""agreement"": 0.27929675579071045, ""completed"": true}"
7,6560,S8,S3,"{""agreement"": 0.015868017449975014, ""completed"": true}"
7,6580,S3,S8,"{""agreement"": 0.068101666867733, ""completed"": true}"
7,6580,S8,S3,"{""agreement"": 0.47750380635261536, ""completed"": true}"
7,6600,S3,S8,"{""agreement"": -0.3608747124671936, ""completed"": true}"
7,6600,S8,S3,"{""agreement"": 0.2563105523586273, ""completed"": true}"
7,6620,S3,S8,"{""agreement"": 0.07154536992311478, ""completed"": true}"
7,6620,S8,S3,"{""agreement"": 0.337395578622818, ""completed"": true}"
7,6640,S3,S8,"{""agreement"": 0.9036124348640442, ""completed"": true}"
7,6640,S8,S3,"{""agreement"": 0.23081274330615997, ""completed"": true}"
7,6660,S3,S8,"{""agreement"": 0.7716862559318542, ""completed"": true}"
7,6660,S8,S3,"{""agreement"": -0.5110136866569519, ""completed"": true}"
7,6680,S5,S11,"{""agreement"": 0.19687893986701965, ""completed"": true}"
7,6680,S11,S5,"{""agreement"": 0.2080588936805725, ""completed"": true}"
7,6680,S9,S13,"{""agreement"": 0.9241162538528442, ""completed"": true}"
7,6680,S13,S9,"{""agreement"": 0.007995620369911194, ""completed"": true}"
7,6680,S3,S8,"{""agreement"": 0.7508735060691833, ""completed"": true}"
7,6680,S8,S3,"{""agreement"": -0.48514309525489807, ""completed"": true}"
7,6700,S5,S11,"{""agreement"": 0.8327374458312988, ""completed"": true}"
7,6700,S11,S5,"{""agreement"": 0.7328364849090576, ""completed"": true}"
7,6700,S9,S13,"{""agreement"": -0.6127204895019531, ""completed"": true}"
7,6700,S13,S9,"{""agreement"": 0.27518126368522644, ""completed"": true}"
7,6720,S5,S11,"{""agreement"": -0.19510763883590698, ""completed"": true}"
7,6720,S11,S5,"{""agreement"": 0.9011229872703552, ""completed"": true}"
7,6720,S9,S13,"{""agreement"": 0.8845429420471191, ""completed"": true}"
7,6720,S13,S9,"{""agreement"": 0.4835321605205536, ""completed"": true}"
7,6740,S5,S11,"{""agreement"": 0.7637203931808472, ""completed"": true}"
7,6740,S11,S5,"{""agreement"": 0.05232085660099983, ""completed"": true}"
7,6740,S9,S13,"{""agreement"": 0.7158788442611694, ""completed"": true}"
7,6740,S13,S9,"{""agreement"": 0.5640491247177124, ""completed"": true}"
7,6760,S5,S11,"{""agreement"": 0.35517656803131104, ""completed"": true}"
7,6760,S11,S5,"{""agreement"": 0.4180264174938202, ""completed"": true}"
7,6780,S5,S11,"{""agreement"": -0.11793496459722519, ""completed"": true}"
7,6780,S11,S5,"{""agreement"": 0.5957295894622803, ""completed"": true}"
7,6800,S5,S11,"{""agreement"": -0.560218870639801, ""completed"": true}"
7,6800,S11,S5,"{""agreement"": 0.049163173884153366, ""completed"": true}"
7,6820,S5,S11,"{""agreement"": 0.4963169991970062, ""completed"": true}"
7,6820,S11,S5,"{""agreement"": -0.1054081916809082, ""completed"": true}"
7,6840,S5,S11,"{""agreement"": 0.4654310941696167, ""completed"": true}"
7,6840,S11,S5,"{""agreement"": -0.038608964532613754, ""completed"": true}"
7,6860,S5,S11,"{""agreement"": -0.07414726167917252, ""completed"": true}"
7,6860,S11,S5,"{""agreement"": 0.11185050755739212, ""completed"": true}"
7,6880,S5,S11,"{""agreement"": 0.7694813013076782, ""completed"": true}"
7,6880,S11,S5,"{""agreement"": 0.8130177855491638, ""completed"": true}"
7,7040,S3,S11,"{""agreement"": 0.9531542062759399, ""completed"": true}"
7,7040,S11,S3,"{""agreement"": 0.10815265029668808, ""completed"": true}"
7,7060,S3,S11,"{""agreement"": 0.7833841443061829, ""completed"": true}"
7,7060,S11,S3,"{""agreement"": 0.8470845222473145, ""completed"": true}"
7,7080,S3,S11,"{""agreement"": -0.48638030886650085, ""completed"": true}"
7,7080,S11,S3,"{""agreement"": -0.44141924381256104, ""completed"": true}"
7,7100,S3,S11,"{""agreement"": -0.05788598582148552, ""completed"": true}"
7,7100,S11,S3,"{""agreement"": 0.5996612310409546, ""completed"": true}"
7,7120,S3,S11,"{""agreement"": 0.3233339190483093, ""completed"": true}"
7,7120,S11,S3,"{""agreement"": -0.18458476662635803, ""completed"": true}"
7,7140,S3,S11,"{""agreement"": 0.044820938259363174, ""completed"": true}"
7,7140,S11,S3,"{""agreement"": 0.6414339542388916, ""completed"": true}"
7,7240,S5,S8,"{""agreement"": -0.17682471871376038, ""completed"": true}"
7,7240,S8,S5,"{""agreement"": -0.3335380256175995, ""completed"": true}"
7,7260,S5,S8,"{""agreement"": 0.44061756134033203, ""completed"": true}"
7,7260,S8,S5,"{""agreement"": 0.30080464482307434, ""completed"": true}"
7,7280,S5,S8,"{""agreement"": -0.66025310754776, ""completed"": true}"
7,7280,S8,S5,"{""agreement"": 0.017624203115701675, ""completed"": true}"
7,7300,S5,S8,"{""agreement"": 0.26729342341423035, ""completed"": true}"
7,7300,S8,S5,"{""agreement"": -0.5797101855278015, ""completed"": true}"
7,7320,S5,S8,"{""agreement"": -0.38494136929512024, ""completed"": true}"
7,7320,S8,S3,"{""agreement"": 0.5613275170326233, ""completed"": true}"
7,7320,S3,S8,"{""agreement"": 0.7169252634048462, ""completed"": true}"
7,7340,S5,S8,"{""agreement"": -0.3041526675224304, ""completed"": true}"
7,7340,S8,S3,"{""agreement"": 0.23035451769828796, ""completed"": true}"
7,7340,S13,S6,"{""agreement"": -0.2398093044757843, ""completed"": true}"
7,7340,S6,S13,"{""agreement"": 0.6169582605361938, ""completed"": true}"
7,7340,S3,S8,"{""agreement"": -0.2299542874097824, ""completed"": true}"
7,7360,S8,S3,"{""agreement"": -0.4638190269470215, ""completed"": true}"
7,7360,S13,S6,"{""agreement"": 0.6697679162025452, ""completed"": true}"
7,7360,S6,S13,"{""agreement"": 0.7333741784095764, ""completed"": true}"
7,7360,S3,S8,"{""agreement"": -0.2020188271999359, ""completed"": true}"
7,7380,S8,S3,"{""agreement"": -0.5905175805091858, ""completed"": true}"
7,7380,S13,S6,"{""agreement"": 0.7640886306762695, ""completed"": true}"
7,7380,S6,S13,"{""agreement"": 0.2890984117984772, ""completed"": true}"
7,7380,S3,S8,"{""agreement"": -0.2812442183494568, ""completed"": true}"
7,7400,S8,S5,"{""agreement"": -0.4738501310348511, ""completed"": true}"
7,7400,S13,S6,"{""agreement"": -0.07104937732219696, ""completed"": true}"
7,7400,S6,S13,"{""agreement"": -0.5976720452308655, ""completed"": true}"
7,7400,S3,S8,"{""agreement"": 0.7449684143066406, ""completed"": true}"
7,7420,S13,S6,"{""agreement"": 0.8993430733680725, ""completed"": true}"
7,7420,S6,S13,"{""agreement"": -0.13816215097904205, ""completed"": true}"
7,7420,S3,S8,"{""agreement"": -0.04613492637872696, ""completed"": true}"
7,7440,S13,S6,"{""agreement"": -0.07965405285358429, ""completed"": true}"
7,7440,S6,S13,"{""agreement"": 0.8027655482292175, ""completed"": true}"
7,7440,S3,S8,"{""agreement"": 0.6671949625015259, ""completed"": true}"
7,7460,S13,S6,"{""agreement"": 0.6629525423049927, ""completed"": true}"
7,7460,S6,S13,"{""agreement"": 0.3204636573791504, ""completed"": true}"
7,7460,S3,S8,"{""agreement"": 0.15498068928718567, ""completed"": true}"
7,7480,S13,S6,"{""agreement"": -0.37967079877853394, ""completed"": true}"
7,7480,S6,S13,"{""agreement"": 0.36861103773117065, ""completed"": true}"
7,7480,S3,S8,"{""agreement"": 0.3510725498199463, ""completed"": true}"
7,7500,S13,S6,"{""agreement"": 0.728924036026001, ""completed"": true}"
7,7500,S6,S3,"{""agreement"": 0.2763657569885254, ""completed"": true}"
7,7500,S3,S6,"{""agreement"": 0.060104794800281525, ""completed"": true}"
7,7520,S13,S6,"{""agreement"": -0.7036616802215576, ""completed"": true}"
7,7520,S6,S13,"{""agreement"": 0.6178205013275146, ""completed"": true}"
7,7520,S3,S6,"{""agreement"": -0.1702708750963211, ""completed"": true}"
7,7540,S13,S6,"{""agreement"": 0.025972509756684303, ""completed"": true}"
7,7540,S6,S13,"{""agreement"": 0.6702293753623962, ""completed"": true}"
7,7540,S3,S6,"{""agreement"": -0.23837751150131226, ""completed"": true}"
7,7560,S13,S6,"{""agreement"": 0.5358093976974487, ""completed"": true}"
7,7560,S6,S13,"{""agreement"": 0.8171509504318237, ""completed"": true}"
7,7560,S3,S6,"{""agreement"": -0.7364190816879272, ""completed"": true}"
7,7580,S13,S6,"{""agreement"": 0.2827111780643463, ""completed"": true}"
7,7580,S6,S13,"{""agreement"": -0.5654517412185669, ""completed"": true}"
7,7600,S13,S6,"{""agreement"": -0.9242914915084839, ""completed"": true}"
7,7600,S6,S13,"{""agreement"": 0.17572970688343048, ""completed"": true}"
7,7620,S13,S6,"{""agreement"": 0.8456199169158936, ""completed"": true}"
7,7620,S6,S13,"{""agreement"": 0.8258624076843262, ""completed"": true}"
7,7640,S13,S6,"{""agreement"": 0.07714922726154327, ""completed"": true}"
7,7640,S6,S13,"{""agreement"": 0.3297402560710907, ""completed"": true}"
7,7660,S13,S6,"{""agreement"": 0.8791269063949585, ""completed"": true}"
7,7660,S6,S13,"{""agreement"": 0.6947027444839478, ""completed"": true}"
7,7680,S13,S6,"{""agreement"": -0.76752108335495, ""completed"": true}"
7,7680,S6,S13,"{""agreement"": 0.48432204127311707, ""completed"": true}"
7,7700,S13,S6,"{""agreement"": 0.9267239570617676, ""completed"": true}"
7,7700,S6,S13,"{""agreement"": 0.8036271929740906, ""completed"": true}"
7,7720,S13,S6,"{""agreement"": -0.2939230501651764, ""completed"": true}"
7,7720,S6,S13,"{""agreement"": 0.5797128677368164, ""completed"": true}"
7,7740,S13,S6,"{""agreement"": -0.6247851252555847, ""completed"": true}"
7,7740,S6,S13,"{""agreement"": 0.13652651011943817, ""completed"": true}"
7,7760,S13,S6,"{""agreement"": -0.5867436528205872, ""completed"": true}"
7,7760,S6,S13,"{""agreement"": 0.42076900601387024, ""completed"": true}"
7,7780,S6,S13,"{""agreement"": 0.27338892221450806, ""completed"": true}"
7,7800,S6,S13,"{""agreement"": 0.21164602041244507, ""completed"": true}"
7,7820,S6,S13,"{""agreement"": -0.18672670423984528, ""completed"": true}"
7,7840,S6,S13,"{""agreement"": -0.09708777815103531, ""completed"": true}"
7,7860,S6,S8,"{""agreement"": 0.7266386151313782, ""completed"": true}"
7,7860,S8,S6,"{""agreement"": -0.7730070352554321, ""completed"": true}"
7,7880,S6,S8,"{""agreement"": -0.43633514642715454, ""completed"": true}"
7,7880,S8,S6,"{""agreement"": -0.11436162889003754, ""completed"": true}"
7,7900,S6,S8,"{""agreement"": 0.4482573866844177, ""completed"": true}"
7,7900,S8,S6,"{""agreement"": -0.5801519155502319, ""completed"": true}"
7,7920,S6,S8,"{""agreement"": 0.03819742426276207, ""completed"": true}"
7,7920,S8,S6,"{""agreement"": 0.19343158602714539, ""completed"": true}"
7,7940,S6,S8,"{""agreement"": -0.05775051191449165, ""completed"": true}"
7,7940,S8,S6,"{""agreement"": -0.5741302371025085, ""completed"": true}"
7,7960,S6,S8,"{""agreement"": 0.724116861820221, ""completed"": true}"
7,7980,S6,S8,"{""agreement"": -0.05281353369355202, ""completed"": true}"
7,8000,S6,S8,"{""agreement"": -0.4008255898952484, ""completed"": true}"
7,8020,S6,S8,"{""agreement"": 0.7688578963279724, ""completed"": true}"
7,8040,S6,S8,"{""agreement"": 0.6813656687736511, ""completed"": true}"
7,8360,S11,S6,"{""agreement"": 0.38560646772384644, ""completed"": true}"
7,8360,S6,S11,"{""agreement"": 0.4012942612171173, ""completed"": true}"
7,8380,S11,S6,"{""agreement"": 0.5549177527427673, ""completed"": true}"
7,8380,S6,S11,"{""agreement"": 0.46222537755966187, ""completed"": true}"
7,8760,S7,S3,"{""agreement"": -0.21905013918876648, ""completed"": true}"
7,8760,S3,S7,"{""agreement"": -0.40716418623924255, ""completed"": true}"
7,8780,S7,S3,"{""agreement"": -0.41698306798934937, ""completed"": true}"
7,8780,S3,S7,"{""agreement"": 0.586694061756134, ""completed"": true}"
7,8800,S7,S3,"{""agreement"": -0.24949242174625397, ""completed"": true}"
7,8800,S3,S7,"{""agreement"": 0.7611668705940247, ""completed"": true}"
7,8820,S7,S3,"{""agreement"": 0.4899732172489166, ""completed"": true}"
7,8820,S3,S7,"{""agreement"": -0.5928881764411926, ""completed"": true}"
7,8840,S7,S3,"{""agreement"": 0.043059639632701874, ""completed"": true}"
7,8840,S3,S7,"{""agreement"": -0.673882782459259, ""completed"": true}"
7,8860,S7,S3,"{""agreement"": 0.7919332385063171, ""completed"": true}"
7,8860,S3,S7,"{""agreement"": 0.8021221160888672, ""completed"": true}"
7,8880,S7,S3,"{""agreement"": -0.15140537917613983, ""completed"": true}"
7,8880,S3,S7,"{""agreement"": -0.8334413170814514, ""completed"": true}"
7,8900,S7,S3,"{""agreement"": -0.03654926270246506, ""completed"": true}"
7,8900,S3,S7,"{""agreement"": 0.7412280440330505, ""completed"": true}"
7,8920,S7,S3,"{""agreement"": 0.3193880617618561, ""completed"": true}"
7,8920,S3,S7,"{""agreement"": 0.3813001811504364, ""completed"": true}"
7,8940,S7,S3,"{""agreement"": 0.17922985553741455, ""completed"": true}"
7,8940,S3,S7,"{""agreement"": 0.25610026717185974, ""completed"": true}"
7,8960,S7,S3,"{""agreement"": 0.16498087346553802, ""completed"": true}"
7,8960,S3,S7,"{""agreement"": -0.6088334321975708, ""completed"": true}"
7,8980,S7,S3,"{""agreement"": -0.33746206760406494, ""completed"": true}"
7,8980,S3,S11,"{""agreement"": 0.5841763019561768, ""completed"": true}"
7,8980,S11,S3,"{""agreement"": 0.5998439788818359, ""completed"": true}"
7,9000,S7,S3,"{""agreement"": 0.4676981270313263, ""completed"": true}"
7,9000,S3,S11,"{""agreement"": -0.956516444683075, ""completed"": true}"
7,9000,S11,S3,"{""agreement"": 0.019082415848970413, ""completed"": true}"
7,9020,S7,S3,"{""agreement"": -0.4625623822212219, ""completed"": true}"
7,9020,S3,S7,"{""agreement"": 0.6104055047035217, ""completed"": true}"
7,9020,S11,S3,"{""agreement"": 0.4988715350627899, ""completed"": true}"
7,9040,S7,S3,"{""agreement"": 0.046906571835279465, ""completed"": true}"
7,9040,S3,S7,"{""agreement"": -0.48308590054512024, ""completed"": true}"
7,9040,S11,S3,"{""agreement"": 0.6464709043502808, ""completed"": true}"
7,9060,S7,S3,"{""agreement"": -0.3181956112384796, ""completed"": true}"
7,9060,S3,S7,"{""agreement"": -0.21695247292518616, ""completed"": true}"
7,9080,S7,S3,"{""agreement"": 0.447154700756073, ""completed"": true}"
7,9080,S3,S7,"{""agreement"": 0.5905492305755615, ""completed"": true}"
7,9100,S7,S3,"{""agreement"": 0.12007385492324829, ""completed"": true}"
7,9100,S3,S7,"{""agreement"": 0.43602070212364197, ""completed"": true}"
7,9120,S7,S3,"{""agreement"": -0.07474468648433685, ""completed"": true}"
7,9120,S3,S7,"{""agreement"": -0.22218647599220276, ""completed"": true}"
7,9140,S7,S3,"{""agreement"": -0.7355326414108276, ""completed"": true}"
7,9140,S3,S7,"{""agreement"": 0.3361431658267975, ""completed"": true}"
7,9160,S3,S7,"{""agreement"": -0.6020686030387878, ""completed"": true}"
7,9760,S5,S16,"{""agreement"": 0.6385754942893982, ""completed"": true}"
7,9760,S16,S5,"{""agreement"": -0.34852710366249084, ""completed"": true}"
7,9780,S5,S16,"{""agreement"": -0.4162229597568512, ""completed"": true}"
7,9780,S16,S5,"{""agreement"": -0.4344289004802704, ""completed"": true}"
7,9800,S5,S16,"{""agreement"": 0.6588098406791687, ""completed"": true}"
7,9800,S16,S5,"{""agreement"": -0.9328563213348389, ""completed"": true}"
7,9820,S5,S16,"{""agreement"": -0.7560921311378479, ""completed"": true}"
7,9840,S5,S16,"{""agreement"": 0.832516610622406, ""completed"": true}"
7,9860,S5,S16,"{""agreement"": -0.4220476448535919, ""completed"": true}"
7,9880,S5,S16,"{""agreement"": -0.46554723381996155, ""completed"": true}"
7,9900,S5,S16,"{""agreement"": 0.9020147323608398, ""completed"": true}"
7,9920,S5,S16,"{""agreement"": 0.6085862517356873, ""completed"": true}"
7,9940,S5,S16,"{""agreement"": -0.2586474120616913, ""completed"": true}"
7,9960,S5,S16,"{""agreement"": -0.7602388858795166, ""completed"": true}"
7,9980,S5,S16,"{""agreement"": 0.29375770688056946, ""completed"": true}"
7,10000,S5,S16,"{""agreement"": 0.524436354637146, ""completed"": true}"
7,10020,S5,S16,"{""agreement"": 0.6566616892814636, ""completed"": true}"
7,10040,S5,S16,"{""agreement"": -0.041510097682476044, ""completed"": true}"
7,10060,S5,S16,"{""agreement"": -0.38479265570640564, ""completed"": true}"
7,10080,S5,S16,"{""agreement"": 0.6715550422668457, ""completed"": true}"
7,10100,S5,S16,"{""agreement"": 0.35540771484375, ""completed"": true}"
7,10120,S5,S16,"{""agreement"": -0.040710724890232086, ""completed"": true}"
7,10140,S5,S16,"{""agreement"": -0.2387145757675171, ""completed"": true}"
7,10160,S5,S16,"{""agreement"": -0.04464610293507576, ""completed"": true}"
7,10180,S5,S16,"{""agreement"": 0.7702983021736145, ""completed"": true}"
7,10200,S5,S16,"{""agreement"": 0.4720005691051483, ""completed"": true}"
7,10220,S5,S16,"{""agreement"": 0.2219936102628708, ""completed"": true}"
7,10240,S5,S16,"{""agreement"": -0.022440625354647636, ""completed"": true}"
7,10260,S5,S16,"{""agreement"": 0.31080374121665955, ""completed"": true}"
7,10400,S7,S11,"{""agreement"": 0.8610275387763977, ""completed"": true}"
7,10400,S11,S7,"{""agreement"": 0.5135354399681091, ""completed"": true}"
7,10420,S7,S11,"{""agreement"": -0.47068387269973755, ""completed"": true}"
7,10420,S11,S7,"{""agreement"": -0.3084302842617035, ""completed"": true}"
7,10440,S7,S11,"{""agreement"": -0.9560139775276184, ""completed"": true}"
7,10440,S11,S7,"{""agreement"": 0.019916078075766563, ""completed"": true}"
7,10460,S7,S11,"{""agreement"": 0.11206340789794922, ""completed"": true}"
7,10460,S11,S7,"{""agreement"": -0.03676488250494003, ""completed"": true}"
7,10840,S9,S13,"{""agreement"": -0.08895173668861389, ""completed"": true}"
7,10840,S13,S9,"{""agreement"": -0.6296079754829407, ""completed"": true}"
7,10860,S9,S13,"{""agreement"": -0.5819534659385681, ""completed"": true}"
7,10860,S13,S9,"{""agreement"": -0.23801472783088684, ""completed"": true}"
7,10860,S16,S11,"{""agreement"": -0.4499157965183258, ""completed"": true}"
7,10860,S11,S16,"{""agreement"": -0.17015135288238525, ""completed"": true}"
7,10880,S16,S11,"{""agreement"": 0.45907819271087646, ""completed"": true}"
7,10880,S11,S16,"{""agreement"": -0.21956506371498108, ""completed"": true}"
7,10900,S16,S11,"{""agreement"": 0.07543520629405975, ""completed"": true}"
7,10900,S11,S16,"{""agreement"": -0.1926252394914627, ""completed"": true}"
7,10920,S13,S8,"{""agreement"": -0.6557700634002686, ""completed"": true}"
7,10920,S8,S13,"{""agreement"": -0.7992475032806396, ""completed"": true}"
7,10920,S16,S11,"{""agreement"": 0.03575994074344635, ""completed"": true}"
7,10920,S11,S16,"{""agreement"": 0.6341028809547424, ""completed"": true}"
7,10940,S13,S8,"{""agreement"": -0.29519590735435486, ""completed"": true}"
7,10940,S8,S13,"{""agreement"": 0.35736218094825745, ""completed"": true}"
7,10940,S16,S11,"{""agreement"": -0.35442256927490234, ""completed"": true}"
7,10940,S11,S16,"{""agreement"": 0.45618075132369995, ""completed"": true}"
7,10960,S13,S8,"{""agreement"": -0.6309825778007507, ""completed"": true}"
7,10960,S8,S13,"{""agreement"": 0.22962155938148499, ""completed"": true}"
7,10960,S16,S11,"{""agreement"": -0.10730378329753876, ""completed"": true}"
7,10960,S11,S16,"{""agreement"": 0.01848003827035427, ""completed"": true}"
7,10980,S13,S8,"{""agreement"": 0.6778037548065186, ""completed"": true}"
7,10980,S8,S13,"{""agreement"": -0.36710453033447266, ""completed"": true}"
7,10980,S16,S11,"{""agreement"": 0.5884381532669067, ""completed"": true}"
7,10980,S11,S16,"{""agreement"": -0.304361492395401, ""completed"": true}"
7,11000,S13,S8,"{""agreement"": 0.9066562652587891, ""completed"": true}"
7,11000,S8,S13,"{""agreement"": 0.21338176727294922, ""completed"": true}"
7,11000,S16,S11,"{""agreement"": 0.752744734287262, ""completed"": true}"
7,11000,S11,S16,"{""agreement"": -0.19253107905387878, ""completed"": true}"
7,11020,S13,S8,"{""agreement"": 0.5754572749137878, ""completed"": true}"
7,11020,S8,S13,"{""agreement"": -0.03339390456676483, ""completed"": true}"
7,11020,S16,S11,"{""agreement"": -0.3961789011955261, ""completed"": true}"
7,11020,S11,S16,"{""agreement"": -0.5692601203918457, ""completed"": true}"
7,11040,S13,S8,"{""agreement"": -0.2879214286804199, ""completed"": true}"
7,11040,S8,S13,"{""agreement"": 0.37247633934020996, ""completed"": true}"
7,11040,S16,S11,"{""agreement"": -0.00878927856683731, ""completed"": true}"
7,11040,S11,S16,"{""agreement"": -0.4334924817085266, ""completed"": true}"
7,11060,S16,S11,"{""agreement"": -0.639117419719696, ""completed"": true}"
7,11080,S16,S11,"{""agreement"": 0.041314270347356796, ""completed"": true}"
7,11100,S9,S11,"{""agreement"": 0.8030959367752075, ""completed"": true}"
7,11100,S11,S9,"{""agreement"": 0.8783779740333557, ""completed"": true}"
7,11100,S16,S11,"{""agreement"": -0.16164755821228027, ""completed"": true}"
7,11120,S9,S11,"{""agreement"": 0.5758742094039917, ""completed"": true}"
7,11120,S11,S9,"{""agreement"": 0.8759651780128479, ""completed"": true}"
7,11120,S16,S11,"{""agreement"": -0.20099136233329773, ""completed"": true}"
7,11140,S9,S11,"{""agreement"": -0.01407918706536293, ""completed"": true}"
7,11140,S11,S9,"{""agreement"": 0.813474178314209, ""completed"": true}"
7,11140,S16,S11,"{""agreement"": -0.05228949710726738, ""completed"": true}"
7,11160,S9,S11,"{""agreement"": 0.2632841467857361, ""completed"": true}"
7,11160,S11,S9,"{""agreement"": 0.6402803659439087, ""completed"": true}"
7,11160,S16,S11,"{""agreement"": 0.03367869555950165, ""completed"": true}"
7,11180,S9,S11,"{""agreement"": 0.13962942361831665, ""completed"": true}"
7,11180,S11,S9,"{""agreement"": -0.41263648867607117, ""completed"": true}"
7,11180,S16,S11,"{""agreement"": -0.04515655338764191, ""completed"": true}"
7,11200,S9,S11,"{""agreement"": 0.0063108582980930805, ""completed"": true}"
7,11200,S11,S9,"{""agreement"": 0.3472585380077362, ""completed"": true}"
7,11200,S16,S11,"{""agreement"": -0.9327352643013, ""completed"": true}"
7,11220,S9,S11,"{""agreement"": -0.8837165832519531, ""completed"": true}"
7,11220,S11,S9,"{""agreement"": -0.29692599177360535, ""completed"": true}"
7,11220,S13,S8,"{""agreement"": 0.7797741293907166, ""completed"": true}"
7,11220,S8,S13,"{""agreement"": 0.1373666673898697, ""completed"": true}"
7,11240,S9,S11,"{""agreement"": -0.3485706150531769, ""completed"": true}"
7,11240,S11,S9,"{""agreement"": -0.3883991837501526, ""completed"": true}"
7,11240,S13,S8,"{""agreement"": -0.47597017884254456, ""completed"": true}"
7,11240,S8,S13,"{""agreement"": 0.1399306356906891, ""completed"": true}"
7,11260,S9,S11,"{""agreement"": -0.0712127685546875, ""completed"": true}"
7,11260,S11,S9,"{""agreement"": 0.38942843675613403, ""completed"": true}"
7,11260,S13,S8,"{""agreement"": -0.6693508625030518, ""completed"": true}"
7,11260,S8,S13,"{""agreement"": -0.3532024919986725, ""completed"": true}"
7,11280,S9,S11,"{""agreement"": -0.7028770446777344, ""completed"": true}"
7,11280,S11,S9,"{""agreement"": -0.07930251210927963, ""completed"": true}"
7,11280,S13,S8,"{""agreement"": -0.5520639419555664, ""completed"": true}"
7,11280,S8,S13,"{""agreement"": 0.31107431650161743, ""completed"": true}"
7,11300,S11,S9,"{""agreement"": -0.77238929271698, ""completed"": true}"
7,11300,S8,S13,"{""agreement"": -0.17401179671287537, ""completed"": true}"
7,11320,S11,S9,"{""agreement"": 0.7989728450775146, ""completed"": true}"
7,11320,S8,S13,"{""agreement"": 0.9700851440429688, ""completed"": true}"
7,11340,S11,S9,"{""agreement"": -0.7274429798126221, ""completed"": true}"
7,11340,S8,S13,"{""agreement"": -0.6867899894714355, ""completed"": true}"
7,11360,S11,S9,"{""agreement"": 0.23278212547302246, ""completed"": true}"
7,11360,S8,S13,"{""agreement"": -0.5111612677574158, ""completed"": true}"
7,11380,S8,S13,"{""agreement"": 0.6628742814064026, ""completed"": true}"
7,11400,S8,S13,"{""agreement"": -0.47012919187545776, ""completed"": true}"
7,11420,S8,S13,"{""agreement"": 0.44716790318489075, ""completed"": true}"
7,11440,S8,S13,"{""agreement"": 0.3450823128223419, ""completed"": true}"
7,11460,S8,S13,"{""agreement"": 0.6101621985435486, ""completed"": true}"
7,11480,S8,S13,"{""agreement"": 0.41637536883354187, ""completed"": true}"
7,11580,S7,S13,"{""agreement"": -0.4856671690940857, ""completed"": true}"
7,11580,S13,S7,"{""agreement"": -0.36360156536102295, ""completed"": true}"
7,11600,S7,S13,"{""agreement"": -0.8124527931213379, ""completed"": true}"
7,11600,S13,S7,"{""agreement"": 0.9392827749252319, ""completed"": true}"
7,11620,S13,S7,"{""agreement"": 0.9247357845306396, ""completed"": true}"
7,11640,S13,S7,"{""agreement"": -0.038935016840696335, ""completed"": true}"
7,11660,S13,S7,"{""agreement"": -0.6413959860801697, ""completed"": true}"
7,11680,S13,S7,"{""agreement"": -0.14954985678195953, ""completed"": true}"
7,11700,S13,S7,"{""agreement"": 0.613060474395752, ""completed"": true}"
7,11720,S13,S7,"{""agreement"": 0.22753936052322388, ""completed"": true}"
7,11740,S13,S7,"{""agreement"": 0.8083743453025818, ""completed"": true}"
7,11760,S13,S7,"{""agreement"": -0.3480880558490753, ""completed"": true}"
7,11780,S13,S7,"{""agreement"": 0.4150201380252838, ""completed"": true}"
7,11800,S13,S7,"{""agreement"": 0.7990809679031372, ""completed"": true}"
7,11820,S13,S7,"{""agreement"": -0.7436104416847229, ""completed"": true}"
7,11840,S13,S7,"{""agreement"": -0.46103212237358093, ""completed"": true}"
7,11860,S9,S8,"{""agreement"": 0.08993010967969894, ""completed"": true}"
7,11860,S8,S9,"{""agreement"": -0.3702964782714844, ""completed"": true}"
7,11860,S13,S7,"{""agreement"": 0.6026172637939453, ""completed"": true}"
7,11880,S13,S7,"{""agreement"": -0.00705797178670764, ""completed"": true}"
7,11900,S13,S7,"{""agreement"": -0.8590456247329712, ""completed"": true}"
7,11920,S13,S7,"{""agreement"": -0.9303874373435974, ""completed"": true}"
7,12020,S3,S6,"{""agreement"": 0.1117963045835495, ""completed"": true}"
7,12020,S6,S3,"{""agreement"": 0.04602885618805885, ""completed"": true}"
7,12040,S3,S6,"{""agreement"": -0.5779958367347717, ""completed"": true}"
7,12040,S6,S3,"{""agreement"": 0.4607039988040924, ""completed"": true}"
7,12060,S6,S3,"{""agreement"": -0.5983567833900452, ""completed"": true}"
7,12160,S7,S11,"{""agreement"": 0.6272751688957214, ""completed"": true}"
7,12160,S11,S7,"{""agreement"": -0.06094646453857422, ""completed"": true}"
7,12160,S6,S8,"{""agreement"": 0.5631723999977112, ""completed"": true}"
7,12180,S6,S8,"{""agreement"": 0.3745673596858978, ""completed"": true}"
7,12200,S6,S8,"{""agreement"": -0.6638354063034058, ""completed"": true}"
7,12220,S6,S8,"{""agreement"": 0.42183250188827515, ""completed"": true}"
7,12240,S6,S8,"{""agreement"": 0.474479615688324, ""completed"": true}"
7,12260,S6,S8,"{""agreement"": -0.026906710118055344, ""completed"": true}"
7,12280,S6,S8,"{""agreement"": -0.5684719681739807, ""completed"": true}"
7,12300,S7,S15,"{""agreement"": -0.14728127419948578, ""completed"": true}"
7,12300,S15,S7,"{""agreement"": -0.09866682440042496, ""completed"": true}"
7,12320,S7,S15,"{""agreement"": -0.38329124450683594, ""completed"": true}"
7,12320,S15,S7,"{""agreement"": 0.7028447389602661, ""completed"": true}"
7,12340,S7,S15,"{""agreement"": 0.16936694085597992, ""completed"": true}"
7,12340,S15,S7,"{""agreement"": 0.8241659998893738, ""completed"": true}"
7,12360,S7,S15,"{""agreement"": -0.06328912824392319, ""completed"": true}"
7,12360,S15,S7,"{""agreement"": 0.9666783809661865, ""completed"": true}"
7,12420,S9,S15,"{""agreement"": 0.1751227229833603, ""completed"": true}"
7,12420,S15,S9,"{""agreement"": 0.6376105546951294, ""completed"": true}"
7,12440,S9,S15,"{""agreement"": -0.41017645597457886, ""completed"": true}"
7,12440,S15,S9,"{""agreement"": 0.610446572303772, ""completed"": true}"
7,12460,S9,S15,"{""agreement"": -0.12764838337898254, ""completed"": true}"
7,12460,S15,S9,"{""agreement"": 0.12981849908828735, ""completed"": true}"
7,12480,S9,S15,"{""agreement"": -0.8405515551567078, ""completed"": true}"
7,12480,S15,S9,"{""agreement"": -0.5771970748901367, ""completed"": true}"
7,12500,S9,S15,"{""agreement"": -0.2237563282251358, ""completed"": true}"
7,12500,S15,S9,"{""agreement"": 0.5311432480812073, ""completed"": true}"
7,12520,S15,S9,"{""agreement"": -0.45546290278434753, ""completed"": true}"
7,12540,S15,S9,"{""agreement"": 0.8309502601623535, ""completed"": true}"
7,12560,S15,S9,"{""agreement"": 0.4851989448070526, ""completed"": true}"
7,12580,S15,S9,"{""agreement"": -0.410584032535553, ""completed"": true}"
7,12820,S15,S8,"{""agreement"": 0.44873055815696716, ""completed"": true}"
7,12820,S8,S15,"{""agreement"": -0.34459447860717773, ""completed"": true}"
7,13440,S15,S8,"{""agreement"": 0.48284634947776794, ""completed"": true}"
7,13440,S8,S15,"{""agreement"": 0.420444130897522, ""completed"": true}"
7,13460,S15,S8,"{""agreement"": -0.7343814969062805, ""completed"": true}"
7,13460,S8,S15,"{""agreement"": 0.10649248212575912, ""completed"": true}"
7,13480,S15,S8,"{""agreement"": 0.22473785281181335, ""completed"": true}"
7,13480,S8,S15,"{""agreement"": -0.3792007565498352, ""completed"": true}"
7,13500,S15,S8,"{""agreement"": -0.35695958137512207, ""completed"": true}"
7,13500,S8,S15,"{""agreement"": 0.9365296959877014, ""completed"": true}"
7,13520,S15,S8,"{""agreement"": -0.6337624192237854, ""completed"": true}"
7,13520,S8,S15,"{""agreement"": 0.08590201288461685, ""completed"": true}"
7,13540,S15,S8,"{""agreement"": 0.22956906259059906, ""completed"": true}"
7,13540,S8,S15,"{""agreement"": -0.4840047061443329, ""completed"": true}"
7,13640,S13,S15,"{""agreement"": 0.7532117366790771, ""completed"": true}"
7,13640,S15,S13,"{""agreement"": 0.7695780992507935, ""completed"": true}"
7,13660,S13,S15,"{""agreement"": -0.5821898579597473, ""completed"": true}"
7,13660,S15,S13,"{""agreement"": 0.1422416865825653, ""completed"": true}"
7,13680,S13,S15,"{""agreement"": 0.4299178719520569, ""completed"": true}"
7,13680,S15,S13,"{""agreement"": -0.3590489327907562, ""completed"": true}"
7,13700,S13,S15,"{""agreement"": -0.5770700573921204, ""completed"": true}"
7,13700,S15,S13,"{""agreement"": -0.055073462426662445, ""completed"": true}"
7,13700,S8,S13,"{""agreement"": -0.35982662439346313, ""completed"": true}"
7,13720,S13,S15,"{""agreement"": -0.22291132807731628, ""completed"": true}"
7,13720,S15,S13,"{""agreement"": 0.19582682847976685, ""completed"": true}"
7,13720,S8,S13,"{""agreement"": -0.147242471575737, ""completed"": true}"
7,13740,S13,S15,"{""agreement"": 0.053446121513843536, ""completed"": true}"
7,13740,S15,S13,"{""agreement"": 0.16106224060058594, ""completed"": true}"
7,13740,S8,S13,"{""agreement"": 0.8498008847236633, ""completed"": true}"
7,13760,S13,S15,"{""agreement"": 0.7101823091506958, ""completed"": true}"
7,13760,S15,S13,"{""agreement"": 0.9035413861274719, ""completed"": true}"
7,13760,S8,S13,"{""agreement"": 0.007394235581159592, ""completed"": true}"
7,13780,S13,S15,"{""agreement"": -0.24286098778247833, ""completed"": true}"
7,13780,S15,S13,"{""agreement"": -0.11036939918994904, ""completed"": true}"
7,13780,S8,S13,"{""agreement"": 0.5378903150558472, ""completed"": true}"
7,13800,S5,S9,"{""agreement"": 0.907112717628479, ""completed"": true}"
7,13800,S9,S5,"{""agreement"": -0.4783800542354584, ""completed"": true}"
7,13800,S13,S15,"{""agreement"": -0.6430683135986328, ""completed"": true}"
7,13800,S15,S13,"{""agreement"": -0.6767192482948303, ""completed"": true}"
7,13800,S8,S13,"{""agreement"": 0.7637224793434143, ""completed"": true}"
7,13820,S5,S9,"{""agreement"": -0.8678209781646729, ""completed"": true}"
7,13820,S9,S5,"{""agreement"": 0.3229113817214966, ""completed"": true}"
7,13820,S13,S15,"{""agreement"": 0.8698796033859253, ""completed"": true}"
7,13820,S15,S13,"{""agreement"": -0.12460162490606308, ""completed"": true}"
7,13820,S8,S13,"{""agreement"": 0.10429295152425766, ""completed"": true}"
7,13840,S5,S9,"{""agreement"": 0.3950141966342926, ""completed"": true}"
7,13840,S9,S5,"{""agreement"": -0.8770270347595215, ""completed"": true}"
7,13840,S13,S15,"{""agreement"": 0.4303426742553711, ""completed"": true}"
7,13840,S15,S13,"{""agreement"": -0.21653509140014648, ""completed"": true}"
7,13840,S8,S13,"{""agreement"": -0.4939667880535126, ""completed"": true}"
7,13860,S5,S9,"{""agreement"": 0.07256313413381577, ""completed"": true}"
7,13860,S9,S5,"{""agreement"": -0.5925533175468445, ""completed"": true}"
7,13860,S13,S15,"{""agreement"": -0.702205240726471, ""completed"": true}"
7,13860,S15,S13,"{""agreement"": 0.577842116355896, ""completed"": true}"
7,13860,S8,S13,"{""agreement"": 0.40162527561187744, ""completed"": true}"
7,13880,S5,S9,"{""agreement"": 0.028838975355029106, ""completed"": true}"
7,13880,S9,S5,"{""agreement"": 0.3850284516811371, ""completed"": true}"
7,13880,S13,S15,"{""agreement"": -0.6863696575164795, ""completed"": true}"
7,13880,S15,S13,"{""agreement"": -0.9440624713897705, ""completed"": true}"
7,13880,S8,S13,"{""agreement"": 0.11563528329133987, ""completed"": true}"
7,13900,S5,S9,"{""agreement"": 0.7099970579147339, ""completed"": true}"
7,13900,S9,S5,"{""agreement"": -0.25630223751068115, ""completed"": true}"
7,13900,S8,S13,"{""agreement"": 0.7060051560401917, ""completed"": true}"
7,13920,S5,S9,"{""agreement"": 0.5545476675033569, ""completed"": true}"
7,13920,S9,S6,"{""agreement"": 0.048965342342853546, ""completed"": true}"
7,13920,S6,S9,"{""agreement"": -0.08514998108148575, ""completed"": true}"
7,13920,S13,S15,"{""agreement"": 0.29033583402633667, ""completed"": true}"
7,13920,S8,S13,"{""agreement"": 0.5902031660079956, ""completed"": true}"
7,13940,S5,S9,"{""agreement"": -0.25133565068244934, ""completed"": true}"
7,13940,S9,S6,"{""agreement"": -0.30789825320243835, ""completed"": true}"
7,13940,S6,S9,"{""agreement"": 0.43034204840660095, ""completed"": true}"
7,13940,S13,S15,"{""agreement"": -0.3015493154525757, ""completed"": true}"
7,13940,S15,S13,"{""agreement"": 0.11539341509342194, ""completed"": true}"
7,13940,S8,S13,"{""agreement"": -0.752734363079071, ""completed"": true}"
7,13960,S5,S9,"{""agreement"": 0.6212780475616455, ""completed"": true}"
7,13960,S9,S6,"{""agreement"": 0.9467427730560303, ""completed"": true}"
7,13960,S6,S9,"{""agreement"": 0.03444299101829529, ""completed"": true}"
7,13960,S8,S13,"{""agreement"": -0.14769841730594635, ""completed"": true}"
7,13980,S5,S9,"{""agreement"": 0.6750734448432922, ""completed"": true}"
7,13980,S9,S6,"{""agreement"": -0.3356238901615143, ""completed"": true}"
7,13980,S6,S9,"{""agreement"": 0.5313408970832825, ""completed"": true}"
7,13980,S8,S13,"{""agreement"": -0.7748252749443054, ""completed"": true}"
7,14000,S5,S9,"{""agreement"": 0.48621442914009094, ""completed"": true}"
7,14000,S9,S6,"{""agreement"": -0.5156170725822449, ""completed"": true}"
7,14000,S6,S9,"{""agreement"": 0.3863951563835144, ""completed"": true}"
7,14020,S9,S6,"{""agreement"": 0.06296540051698685, ""completed"": true}"
7,14020,S6,S9,"{""agreement"": 0.9388983249664307, ""completed"": true}"
7,14040,S9,S6,"{""agreement"": -0.08733788877725601, ""completed"": true}"
7,14040,S6,S9,"{""agreement"": -0.1397980898618698, ""completed"": true}"
7,14060,S9,S6,"{""agreement"": -0.3333073854446411, ""completed"": true}"
7,14060,S6,S9,"{""agreement"": 0.18560539186000824, ""completed"": true}"
7,14080,S9,S6,"{""agreement"": -0.732429563999176, ""completed"": true}"
7,14080,S6,S9,"{""agreement"": 0.29212990403175354, ""completed"": true}"
7,14100,S6,S9,"{""agreement"": 0.767270565032959, ""completed"": true}"
7,14120,S6,S9,"{""agreement"": 0.006663825362920761, ""completed"": true}"
7,14500,S7,S11,"{""agreement"": -0.6122301816940308, ""completed"": true}"
7,14500,S11,S7,"{""agreement"": 0.042207203805446625, ""completed"": true}"
7,14520,S7,S11,"{""agreement"": 0.42064207792282104, ""completed"": true}"
7,14520,S11,S7,"{""agreement"": -0.0037911299150437117, ""completed"": true}"
7,14540,S7,S11,"{""agreement"": -0.29098138213157654, ""completed"": true}"
7,14540,S11,S7,"{""agreement"": 0.31273049116134644, ""completed"": true}"
7,14560,S7,S11,"{""agreement"": 0.006806588731706142, ""completed"": true}"
7,14560,S11,S7,"{""agreement"": -0.46215420961380005, ""completed"": true}"
7,14580,S7,S11,"{""agreement"": 0.14159271121025085, ""completed"": true}"
7,14580,S11,S7,"{""agreement"": 0.5987711548805237, ""completed"": true}"
7,14600,S7,S11,"{""agreement"": 0.18884320557117462, ""completed"": true}"
7,14600,S11,S7,"{""agreement"": 0.24463893473148346, ""completed"": true}"
7,14620,S7,S11,"{""agreement"": -0.8137151002883911, ""completed"": true}"
7,14620,S11,S7,"{""agreement"": 0.16118259727954865, ""completed"": true}"
7,14640,S11,S7,"{""agreement"": 0.6199179291725159, ""completed"": true}"
7,14660,S11,S7,"{""agreement"": 0.6635681390762329, ""completed"": true}"
7,14680,S11,S7,"{""agreement"": 0.39896345138549805, ""completed"": true}"
7,14700,S11,S7,"{""agreement"": -0.35566335916519165, ""completed"": true}"
7,14700,S3,S8,"{""agreement"": 0.1655295342206955, ""completed"": true}"
7,14720,S11,S7,"{""agreement"": 0.8455034494400024, ""completed"": true}"
7,14720,S3,S8,"{""agreement"": 0.8575806021690369, ""completed"": true}"
7,14740,S11,S7,"{""agreement"": 0.754746675491333, ""completed"": true}"
7,14740,S3,S8,"{""agreement"": 0.3132486641407013, ""completed"": true}"
7,14760,S11,S7,"{""agreement"": 0.3504520058631897, ""completed"": true}"
7,14760,S3,S8,"{""agreement"": 0.6372808218002319, ""completed"": true}"
7,14780,S11,S7,"{""agreement"": 0.8509745001792908, ""completed"": true}"
7,14780,S3,S8,"{""agreement"": -0.061687469482421875, ""completed"": true}"
7,14800,S3,S8,"{""agreement"": -0.0859849825501442, ""completed"": true}"
7,14820,S3,S8,"{""agreement"": 0.06477277725934982, ""completed"": true}"
7,14840,S3,S8,"{""agreement"": 0.11705707013607025, ""completed"": true}"
7,15220,S9,S16,"{""agreement"": 0.6405211687088013, ""completed"": true}"
7,15220,S16,S9,"{""agreement"": 0.031015697866678238, ""completed"": true}"
7,15240,S9,S16,"{""agreement"": 0.37943318486213684, ""completed"": true}"
7,15240,S16,S9,"{""agreement"": 0.9029647707939148, ""completed"": true}"
7,15260,S9,S16,"{""agreement"": 0.5946608185768127, ""completed"": true}"
7,15260,S16,S9,"{""agreement"": 0.8698822259902954, ""completed"": true}"
7,15500,S5,S16,"{""agreement"": 0.32231250405311584, ""completed"": true}"
7,15640,S16,S3,"{""agreement"": -0.06542704254388809, ""completed"": true}"
7,15640,S3,S16,"{""agreement"": -0.5293395519256592, ""completed"": true}"
7,15640,S11,S8,"{""agreement"": 0.9011419415473938, ""completed"": true}"
7,15640,S8,S11,"{""agreement"": 0.32882970571517944, ""completed"": true}"
7,15660,S11,S8,"{""agreement"": 0.3267231583595276, ""completed"": true}"
7,15660,S8,S11,"{""agreement"": 0.6218879222869873, ""completed"": true}"
7,15680,S11,S8,"{""agreement"": 0.8537946939468384, ""completed"": true}"
7,15680,S8,S11,"{""agreement"": 0.009609014727175236, ""completed"": true}"
7,15700,S11,S8,"{""agreement"": -0.08652368932962418, ""completed"": true}"
7,15700,S8,S11,"{""agreement"": -0.7214299440383911, ""completed"": true}"
7,15720,S11,S8,"{""agreement"": -0.28434255719184875, ""completed"": true}"
7,15720,S8,S11,"{""agreement"": 0.7366113066673279, ""completed"": true}"
7,15740,S11,S8,"{""agreement"": 0.1122775450348854, ""completed"": true}"
7,15740,S8,S11,"{""agreement"": -0.09557166695594788, ""completed"": true}"
7,15760,S11,S8,"{""agreement"": 0.4236953854560852, ""completed"": true}"
7,15760,S8,S11,"{""agreement"": 0.400820255279541, ""completed"": true}"
7,16120,S7,S6,"{""agreement"": -0.8745980262756348, ""completed"": true}"
7,16120,S6,S7,"{""agreement"": 0.28091302514076233, ""completed"": true}"
7,16140,S9,S13,"{""agreement"": 0.41775232553482056, ""completed"": true}"
7,16140,S13,S9,"{""agreement"": -0.5341136455535889, ""completed"": true}"
7,16140,S7,S6,"{""agreement"": -0.6995360851287842, ""completed"": true}"
7,16140,S6,S7,"{""agreement"": 0.14648190140724182, ""completed"": true}"
7,16160,S9,S13,"{""agreement"": -0.8985825777053833, ""completed"": true}"
7,16160,S13,S9,"{""agreement"": -0.22886480391025543, ""completed"": true}"
7,16160,S7,S6,"{""agreement"": 0.22234533727169037, ""completed"": true}"
7,16160,S6,S7,"{""agreement"": -0.08525485545396805, ""completed"": true}"
7,16180,S7,S6,"{""agreement"": 0.8072844743728638, ""completed"": true}"
7,16180,S6,S7,"{""agreement"": -0.3275914192199707, ""completed"": true}"
7,16200,S7,S6,"{""agreement"": 0.8440209627151489, ""completed"": true}"
7,16200,S6,S7,"{""agreement"": 0.08905430138111115, ""completed"": true}"
7,16220,S5,S9,"{""agreement"": 0.6623839735984802, ""completed"": true}"
7,16220,S9,S5,"{""agreement"": 0.6606456637382507, ""completed"": true}"
7,16220,S7,S6,"{""agreement"": 0.7382058501243591, ""completed"": true}"
7,16220,S6,S7,"{""agreement"": -0.3718612790107727, ""completed"": true}"
7,16240,S5,S9,"{""agreement"": 0.897759199142456, ""completed"": true}"
7,16240,S9,S5,"{""agreement"": -0.03475875034928322, ""completed"": true}"
7,16240,S7,S6,"{""agreement"": -0.1556556075811386, ""completed"": true}"
7,16240,S6,S7,"{""agreement"": -0.14119848608970642, ""completed"": true}"
7,16260,S5,S9,"{""agreement"": -0.3149014711380005, ""completed"": true}"
7,16260,S9,S5,"{""agreement"": 0.29515188932418823, ""completed"": true}"
7,16280,S5,S9,"{""agreement"": 0.6981760859489441, ""completed"": true}"
7,16280,S9,S5,"{""agreement"": 0.7223435640335083, ""completed"": true}"
7,16300,S5,S9,"{""agreement"": 0.6680082678794861, ""completed"": true}"
7,16300,S9,S5,"{""agreement"": 0.7220689654350281, ""completed"": true}"
7,16320,S5,S9,"{""agreement"": -0.10673908144235611, ""completed"": true}"
7,16320,S9,S5,"{""agreement"": 0.05613476410508156, ""completed"": true}"
7,16340,S5,S9,"{""agreement"": 0.30860552191734314, ""completed"": true}"
7,16340,S9,S5,"{""agreement"": 0.35398054122924805, ""completed"": true}"
7,16360,S5,S9,"{""agreement"": 0.13002163171768188, ""completed"": true}"
7,16360,S9,S5,"{""agreement"": 0.7100310921669006, ""completed"": true}"
7,16380,S5,S9,"{""agreement"": -0.7530453205108643, ""completed"": true}"
7,16380,S9,S5,"{""agreement"": 0.4161335825920105, ""completed"": true}"
7,16400,S5,S9,"{""agreement"": 0.6302280426025391, ""completed"": true}"
7,16400,S9,S5,"{""agreement"": -0.8116979598999023, ""completed"": true}"
7,16420,S5,S9,"{""agreement"": 0.5241695642471313, ""completed"": true}"
7,16420,S9,S5,"{""agreement"": -0.3249827027320862, ""completed"": true}"
7,16440,S5,S9,"{""agreement"": -0.3274005353450775, ""completed"": true}"
7,16440,S9,S5,"{""agreement"": 0.7110558748245239, ""completed"": true}"
7,16460,S5,S9,"{""agreement"": 0.45288488268852234, ""completed"": true}"
7,16460,S9,S5,"{""agreement"": 0.2723492383956909, ""completed"": true}"
7,16480,S5,S9,"{""agreement"": -0.22577084600925446, ""completed"": true}"
7,16480,S9,S5,"{""agreement"": -0.7347031235694885, ""completed"": true}"
7,16500,S3,S11,"{""agreement"": 0.09447377175092697, ""completed"": true}"
7,16500,S11,S3,"{""agreement"": -0.6311348676681519, ""completed"": true}"
7,16520,S3,S11,"{""agreement"": 0.7002452611923218, ""completed"": true}"
7,16520,S11,S3,"{""agreement"": 0.5813023447990417, ""completed"": true}"
7,16540,S3,S11,"{""agreement"": -0.05473501235246658, ""completed"": true}"
7,16540,S11,S3,"{""agreement"": -0.5670264959335327, ""completed"": true}"
7,16560,S3,S11,"{""agreement"": 0.7778857946395874, ""completed"": true}"
7,16560,S11,S3,"{""agreement"": -0.38379862904548645, ""completed"": true}"
7,16580,S3,S11,"{""agreement"": -0.5962737202644348, ""completed"": true}"
7,16580,S11,S3,"{""agreement"": -0.7987494468688965, ""completed"": true}"
7,16600,S11,S7,"{""agreement"": -0.7876662611961365, ""completed"": true}"
7,16600,S3,S11,"{""agreement"": 0.7553977370262146, ""completed"": true}"
7,16620,S11,S7,"{""agreement"": 0.7655365467071533, ""completed"": true}"
7,16620,S3,S11,"{""agreement"": 0.04992375522851944, ""completed"": true}"
7,16640,S3,S11,"{""agreement"": -0.049230970442295074, ""completed"": true}"
7,16660,S3,S11,"{""agreement"": -0.8615896701812744, ""completed"": true}"
7,16680,S3,S11,"{""agreement"": -0.7670958042144775, ""completed"": true}"
7,17140,S5,S15,"{""agreement"": -0.5363184213638306, ""completed"": true}"
7,17140,S15,S5,"{""agreement"": -0.028883622959256172, ""completed"": true}"
7,17600,S16,S3,"{""agreement"": 0.5245760083198547, ""completed"": true}"
7,17600,S3,S16,"{""agreement"": -0.7621583342552185, ""completed"": true}"
7,17620,S16,S3,"{""agreement"": 0.2546563446521759, ""completed"": true}"
7,17620,S3,S16,"{""agreement"": 0.5386523604393005, ""completed"": true}"
7,17640,S16,S3,"{""agreement"": 0.4920923411846161, ""completed"": true}"
7,17640,S3,S16,"{""agreement"": 0.8328378796577454, ""completed"": true}"
7,17660,S16,S3,"{""agreement"": -0.6504015326499939, ""completed"": true}"
7,17660,S3,S16,"{""agreement"": 0.7558764815330505, ""completed"": true}"
7,17680,S16,S3,"{""agreement"": -0.5576107501983643, ""completed"": true}"
7,17680,S3,S16,"{""agreement"": 0.13941065967082977, ""completed"": true}"
7,17700,S16,S3,"{""agreement"": 0.806428849697113, ""completed"": true}"
7,17700,S3,S16,"{""agreement"": -0.006821814458817244, ""completed"": true}"
7,17720,S16,S3,"{""agreement"": 0.6779049634933472, ""completed"": true}"
7,17720,S3,S16,"{""agreement"": -0.212535560131073, ""completed"": true}"
7,17740,S16,S3,"{""agreement"": 0.32963889837265015, ""completed"": true}"
7,17740,S3,S16,"{""agreement"": -0.6739333868026733, ""completed"": true}"
7,17760,S16,S3,"{""agreement"": 0.5748680830001831, ""completed"": true}"
7,17760,S3,S16,"{""agreement"": -0.15040996670722961, ""completed"": true}"
7,17780,S16,S3,"{""agreement"": -0.3552529215812683, ""completed"": true}"
7,17780,S3,S16,"{""agreement"": 0.5812829732894897, ""completed"": true}"
7,17800,S16,S3,"{""agreement"": 0.49128228425979614, ""completed"": true}"
7,17800,S3,S16,"{""agreement"": 0.026148023083806038, ""completed"": true}"
7,17820,S16,S3,"{""agreement"": -0.1686808168888092, ""completed"": true}"
7,17820,S3,S16,"{""agreement"": -0.11425946652889252, ""completed"": true}"
7,17840,S16,S3,"{""agreement"": -0.3309670090675354, ""completed"": true}"
7,17840,S3,S16,"{""agreement"": -0.7095583081245422, ""completed"": true}"
7,17860,S16,S3,"{""agreement"": -0.6825993657112122, ""completed"": true}"
7,17860,S3,S16,"{""agreement"": 0.3614700138568878, ""completed"": true}"
7,17880,S16,S3,"{""agreement"": -0.49615755677223206, ""completed"": true}"
7,17880,S3,S16,"{""agreement"": 0.19991357624530792, ""completed"": true}"
7,17900,S3,S16,"{""agreement"": -0.31166088581085205, ""completed"": true}"
7,17920,S3,S16,"{""agreement"": 0.7964692711830139, ""completed"": true}"
7,17940,S3,S16,"{""agreement"": 0.09511615335941315, ""completed"": true}"
7,17960,S3,S16,"{""agreement"": -0.5606185793876648, ""completed"": true}"
7,17980,S3,S16,"{""agreement"": 0.31015005707740784, ""completed"": true}"
7,18000,S3,S16,"{""agreement"": 0.5222174525260925, ""completed"": true}"
7,18020,S3,S16,"{""agreement"": -0.23383158445358276, ""completed"": true}"
7,18040,S3,S16,"{""agreement"": 0.6458789110183716, ""completed"": true}"
7,18060,S3,S16,"{""agreement"": -0.030407462269067764, ""completed"": true}"
7,18080,S3,S16,"{""agreement"": -0.6496784090995789, ""completed"": true}"
7,18100,S3,S16,"{""agreement"": 0.13826993107795715, ""completed"": true}"
7,18140,S16,S8,"{""agreement"": 0.6165726184844971, ""completed"": true}"
7,18140,S8,S16,"{""agreement"": -0.059351734817028046, ""completed"": true}"
7,18160,S16,S8,"{""agreement"": 0.13516873121261597, ""completed"": true}"
7,18160,S8,S16,"{""agreement"": 0.5628072619438171, ""completed"": true}"
7,18180,S16,S8,"{""agreement"": 0.3450423777103424, ""completed"": true}"
7,18180,S8,S16,"{""agreement"": -0.5446531176567078, ""completed"": true}"
7,18200,S16,S8,"{""agreement"": -0.30172890424728394, ""completed"": true}"
7,18200,S8,S16,"{""agreement"": 0.4641408324241638, ""completed"": true}"
7,18220,S11,S7,"{""agreement"": -0.15991610288619995, ""completed"": true}"
7,18220,S16,S8,"{""agreement"": 0.749161422252655, ""completed"": true}"
7,18220,S8,S16,"{""agreement"": 0.4221152663230896, ""completed"": true}"
7,18240,S11,S7,"{""agreement"": 0.7718074917793274, ""completed"": true}"
7,18240,S16,S8,"{""agreement"": 0.643848717212677, ""completed"": true}"
7,18240,S8,S16,"{""agreement"": -0.2776758074760437, ""completed"": true}"
7,18260,S11,S7,"{""agreement"": 0.24625897407531738, ""completed"": true}"
7,18260,S16,S8,"{""agreement"": -0.43787336349487305, ""completed"": true}"
7,18260,S8,S16,"{""agreement"": 0.3833286464214325, ""completed"": true}"
7,18280,S11,S7,"{""agreement"": -0.1802283674478531, ""completed"": true}"
7,18280,S16,S8,"{""agreement"": 0.38477039337158203, ""completed"": true}"
7,18280,S8,S16,"{""agreement"": 0.11458709836006165, ""completed"": true}"
7,18300,S11,S7,"{""agreement"": 0.2332335114479065, ""completed"": true}"
7,18300,S16,S8,"{""agreement"": -0.3203442692756653, ""completed"": true}"
7,18300,S8,S16,"{""agreement"": 0.26837050914764404, ""completed"": true}"
7,18320,S11,S7,"{""agreement"": -0.7006353735923767, ""completed"": true}"
7,18320,S16,S8,"{""agreement"": 0.831260621547699, ""completed"": true}"
7,18320,S8,S16,"{""agreement"": -0.14446921646595, ""completed"": true}"
7,18340,S11,S7,"{""agreement"": 0.503174364566803, ""completed"": true}"
7,18340,S13,S3,"{""agreement"": -0.4750058352947235, ""completed"": true}"
7,18340,S3,S13,"{""agreement"": 0.16697001457214355, ""completed"": true}"
7,18340,S16,S8,"{""agreement"": -0.1132817268371582, ""completed"": true}"
7,18340,S8,S16,"{""agreement"": -0.39715540409088135, ""completed"": true}"
7,18360,S13,S3,"{""agreement"": 0.19483274221420288, ""completed"": true}"
7,18360,S3,S13,"{""agreement"": -0.39915934205055237, ""completed"": true}"
7,18360,S16,S8,"{""agreement"": -0.8461897373199463, ""completed"": true}"
7,18360,S8,S16,"{""agreement"": -0.46715402603149414, ""completed"": true}"
7,18380,S13,S3,"{""agreement"": -0.4868139326572418, ""completed"": true}"
7,18380,S3,S13,"{""agreement"": 0.08010227978229523, ""completed"": true}"
7,18380,S16,S8,"{""agreement"": 0.7297342419624329, ""completed"": true}"
7,18380,S8,S16,"{""agreement"": 0.28642746806144714, ""completed"": true}"
7,18400,S13,S3,"{""agreement"": 0.39117151498794556, ""completed"": true}"
7,18400,S3,S13,"{""agreement"": 0.9838974475860596, ""completed"": true}"
7,18400,S16,S8,"{""agreement"": 0.41772621870040894, ""completed"": true}"
7,18400,S8,S16,"{""agreement"": 0.12442765384912491, ""completed"": true}"
7,18420,S13,S3,"{""agreement"": -0.7853344678878784, ""completed"": true}"
7,18420,S3,S13,"{""agreement"": -0.8086420297622681, ""completed"": true}"
7,18420,S16,S8,"{""agreement"": -0.38295578956604004, ""completed"": true}"
7,18420,S8,S16,"{""agreement"": 0.46395474672317505, ""completed"": true}"
7,18440,S3,S13,"{""agreement"": 0.7973480820655823, ""completed"": true}"
7,18440,S16,S8,"{""agreement"": 0.806313157081604, ""completed"": true}"
7,18440,S8,S16,"{""agreement"": -0.24158520996570587, ""completed"": true}"
7,18460,S3,S13,"{""agreement"": -0.6277444362640381, ""completed"": true}"
7,18460,S16,S8,"{""agreement"": -0.5610859394073486, ""completed"": true}"
7,18460,S8,S16,"{""agreement"": -0.41496768593788147, ""completed"": true}"
7,18480,S3,S13,"{""agreement"": 0.4776960611343384, ""completed"": true}"
7,18480,S16,S8,"{""agreement"": -0.5446613430976868, ""completed"": true}"
7,18480,S8,S16,"{""agreement"": -0.3438628315925598, ""completed"": true}"
7,18500,S3,S13,"{""agreement"": -0.36762866377830505, ""completed"": true}"
7,18500,S16,S8,"{""agreement"": 0.9088501930236816, ""completed"": true}"
7,18500,S8,S16,"{""agreement"": 0.00962686538696289, ""completed"": true}"
7,18520,S3,S13,"{""agreement"": 0.8783071637153625, ""completed"": true}"
7,18540,S3,S13,"{""agreement"": -0.006278428714722395, ""completed"": true}"
7,18780,S7,S15,"{""agreement"": -0.35144901275634766, ""completed"": true}"
7,18780,S15,S7,"{""agreement"": -0.10057694464921951, ""completed"": true}"
7,18860,S9,S8,"{""agreement"": 0.8462637066841125, ""completed"": true}"
7,18860,S8,S9,"{""agreement"": 0.8128423690795898, ""completed"": true}"
7,18880,S9,S8,"{""agreement"": 0.5413600206375122, ""completed"": true}"
7,18880,S8,S9,"{""agreement"": -0.7686944007873535, ""completed"": true}"
7,18900,S9,S8,"{""agreement"": 0.6658168435096741, ""completed"": true}"
7,18900,S8,S9,"{""agreement"": 0.1393887996673584, ""completed"": true}"
7,18920,S9,S8,"{""agreement"": -0.781134843826294, ""completed"": true}"
7,18920,S15,S9,"{""agreement"": 0.2853947877883911, ""completed"": true}"
7,18920,S8,S9,"{""agreement"": 0.2984708249568939, ""completed"": true}"
7,18940,S9,S8,"{""agreement"": 0.23806707561016083, ""completed"": true}"
7,18940,S15,S9,"{""agreement"": 0.35436582565307617, ""completed"": true}"
7,18940,S8,S9,"{""agreement"": 0.02872561104595661, ""completed"": true}"
7,18960,S9,S8,"{""agreement"": -0.5601270198822021, ""completed"": true}"
7,18960,S15,S9,"{""agreement"": 0.8470461368560791, ""completed"": true}"
7,18960,S8,S9,"{""agreement"": 0.38866856694221497, ""completed"": true}"
7,18980,S9,S8,"{""agreement"": -0.08426810801029205, ""completed"": true}"
7,18980,S8,S9,"{""agreement"": 0.7121160626411438, ""completed"": true}"
7,19000,S9,S8,"{""agreement"": -0.5260565876960754, ""completed"": true}"
7,19000,S8,S9,"{""agreement"": -0.6303330659866333, ""completed"": true}"
7,19020,S9,S8,"{""agreement"": -0.22220444679260254, ""completed"": true}"
7,19020,S8,S9,"{""agreement"": -0.08931856602430344, ""completed"": true}"
7,19040,S9,S8,"{""agreement"": -0.6066460609436035, ""completed"": true}"
7,19040,S8,S9,"{""agreement"": -0.20628948509693146, ""completed"": true}"
7,19060,S8,S9,"{""agreement"": 0.7499354481697083, ""completed"": true}"
7,19080,S8,S9,"{""agreement"": -0.25241023302078247, ""completed"": true}"
7,19100,S8,S9,"{""agreement"": -0.048473428934812546, ""completed"": true}"
7,19120,S8,S9,"{""agreement"": 0.6533945798873901, ""completed"": true}"
7,19140,S8,S9,"{""agreement"": 0.7188556790351868, ""completed"": true}"
7,19160,S8,S9,"{""agreement"": -0.6877431869506836, ""completed"": true}"
7,19940,S9,S3,"{""agreement"": 0.7057199478149414, ""completed"": true}"
7,19960,S9,S3,"{""agreement"": -0.2622791826725006, ""completed"": true}"
7,19980,S9,S3,"{""agreement"": 0.09319674968719482, ""completed"": true}"
7,20000,S9,S3,"{""agreement"": -0.25209036469459534, ""completed"": true}"
7,20020,S9,S3,"{""agreement"": 0.5209680199623108, ""completed"": true}"
7,20040,S9,S3,"{""agreement"": 0.5255066156387329, ""completed"": true}"
7,20060,S9,S3,"{""agreement"": 0.3081514239311218, ""completed"": true}"
7,20060,S11,S8,"{""agreement"": 0.8267585039138794, ""completed"": true}"
7,20060,S8,S11,"{""agreement"": 0.28161585330963135, ""completed"": true}"
7,20080,S9,S3,"{""agreement"": -0.25733742117881775, ""completed"": true}"
7,20080,S11,S8,"{""agreement"": -0.31832554936408997, ""completed"": true}"
7,20080,S8,S11,"{""agreement"": 0.9083945751190186, ""completed"": true}"
7,20100,S9,S3,"{""agreement"": -0.2894878089427948, ""completed"": true}"
7,20100,S11,S8,"{""agreement"": 0.8956427574157715, ""completed"": true}"
7,20100,S8,S11,"{""agreement"": -0.15792028605937958, ""completed"": true}"
7,20120,S9,S3,"{""agreement"": -0.38016006350517273, ""completed"": true}"
7,20120,S11,S8,"{""agreement"": -0.302110880613327, ""completed"": true}"
7,20120,S8,S11,"{""agreement"": -0.6907367706298828, ""completed"": true}"
7,20140,S9,S3,"{""agreement"": 0.09890992194414139, ""completed"": true}"
7,20160,S9,S3,"{""agreement"": -0.5317749381065369, ""completed"": true}"
7,20580,S8,S9,"{""agreement"": -0.28777503967285156, ""completed"": true}"
7,20600,S8,S9,"{""agreement"": 0.08099415153265, ""completed"": true}"
7,20620,S8,S9,"{""agreement"": -0.39158138632774353, ""completed"": true}"
7,20640,S8,S9,"{""agreement"": 0.2825319170951843, ""completed"": true}"
7,20660,S8,S9,"{""agreement"": 0.34186792373657227, ""completed"": true}"
7,20680,S8,S9,"{""agreement"": -0.15669400990009308, ""completed"": true}"
7,21280,S15,S8,"{""agreement"": -0.3866479694843292, ""completed"": true}"
7,21280,S8,S15,"{""agreement"": 0.45496487617492676, ""completed"": true}"
7,21540,S8,S9,"{""agreement"": -0.22316505014896393, ""completed"": true}"
7,21560,S8,S9,"{""agreement"": -0.9266422986984253, ""completed"": true}"
7,22140,S7,S15,"{""agreement"": -0.501575767993927, ""completed"": true}"
7,22140,S15,S7,"{""agreement"": -0.1743798851966858, ""completed"": true}"
7,22160,S7,S15,"{""agreement"": 0.6504263281822205, ""completed"": true}"
7,22160,S15,S7,"{""agreement"": -0.044940926134586334, ""completed"": true}"
7,22180,S7,S15,"{""agreement"": -0.2219378650188446, ""completed"": true}"
7,22180,S15,S7,"{""agreement"": 0.6627197265625, ""completed"": true}"
7,22200,S7,S15,"{""agreement"": -0.3569018542766571, ""completed"": true}"
7,22200,S15,S7,"{""agreement"": 0.0976027250289917, ""completed"": true}"
7,22220,S7,S15,"{""agreement"": 0.8438925743103027, ""completed"": true}"
7,22220,S15,S7,"{""agreement"": -0.026218032464385033, ""completed"": true}"
7,22920,S5,S6,"{""agreement"": -0.05809301882982254, ""completed"": true}"
7,22920,S6,S5,"{""agreement"": 0.47682520747184753, ""completed"": true}"
7,22940,S5,S6,"{""agreement"": 0.9685986042022705, ""completed"": true}"
7,22940,S6,S5,"{""agreement"": 0.3847191631793976, ""completed"": true}"
7,22960,S5,S6,"{""agreement"": -0.4409915804862976, ""completed"": true}"
7,22960,S6,S5,"{""agreement"": -0.5911757946014404, ""completed"": true}"
7,22980,S5,S6,"{""agreement"": 0.5931879878044128, ""completed"": true}"
7,22980,S6,S5,"{""agreement"": 0.20398494601249695, ""completed"": true}"
7,23000,S5,S6,"{""agreement"": -0.1814858764410019, ""completed"": true}"
7,23000,S6,S16,"{""agreement"": -0.13800013065338135, ""completed"": true}"
7,23000,S16,S6,"{""agreement"": 0.6378659009933472, ""completed"": true}"
7,23020,S5,S6,"{""agreement"": -0.25381436944007874, ""completed"": true}"
7,23020,S6,S16,"{""agreement"": -0.6218186616897583, ""completed"": true}"
7,23020,S16,S6,"{""agreement"": 0.8750755786895752, ""completed"": true}"
7,23040,S5,S6,"{""agreement"": -0.13538537919521332, ""completed"": true}"
7,23040,S6,S5,"{""agreement"": -0.7438319325447083, ""completed"": true}"
7,23040,S16,S6,"{""agreement"": -0.7134965658187866, ""completed"": true}"
7,23040,S3,S15,"{""agreement"": 0.6275903582572937, ""completed"": true}"
7,23040,S15,S3,"{""agreement"": 0.17538487911224365, ""completed"": true}"
7,23060,S5,S6,"{""agreement"": 0.16129133105278015, ""completed"": true}"
7,23060,S6,S5,"{""agreement"": -0.8291246891021729, ""completed"": true}"
7,23060,S7,S3,"{""agreement"": 0.6654646992683411, ""completed"": true}"
7,23060,S3,S15,"{""agreement"": 0.5246570706367493, ""completed"": true}"
7,23060,S15,S3,"{""agreement"": 0.3381219506263733, ""completed"": true}"
7,23080,S5,S6,"{""agreement"": 0.15018346905708313, ""completed"": true}"
7,23080,S3,S15,"{""agreement"": -0.6117731332778931, ""completed"": true}"
7,23080,S15,S3,"{""agreement"": 0.7450318932533264, ""completed"": true}"
7,23100,S5,S6,"{""agreement"": -0.3495856821537018, ""completed"": true}"
7,23100,S3,S15,"{""agreement"": -0.6359881162643433, ""completed"": true}"
7,23100,S15,S3,"{""agreement"": 0.5149975419044495, ""completed"": true}"
7,23120,S5,S6,"{""agreement"": -0.9581050276756287, ""completed"": true}"
7,23120,S3,S15,"{""agreement"": -0.4573196768760681, ""completed"": true}"
7,23120,S15,S3,"{""agreement"": 0.5864801406860352, ""completed"": true}"
7,23140,S5,S9,"{""agreement"": 0.014666327275335789, ""completed"": true}"
7,23140,S9,S5,"{""agreement"": 0.454115092754364, ""completed"": true}"
7,23140,S3,S15,"{""agreement"": -0.3345630466938019, ""completed"": true}"
7,23140,S15,S3,"{""agreement"": 0.14075282216072083, ""completed"": true}"
7,23160,S5,S9,"{""agreement"": 0.5080978274345398, ""completed"": true}"
7,23160,S9,S5,"{""agreement"": -0.6250437498092651, ""completed"": true}"
7,23160,S3,S15,"{""agreement"": -0.8014711141586304, ""completed"": true}"
7,23160,S15,S3,"{""agreement"": -0.31996020674705505, ""completed"": true}"
7,23180,S5,S9,"{""agreement"": 0.7598391175270081, ""completed"": true}"
7,23180,S9,S5,"{""agreement"": -0.11433038115501404, ""completed"": true}"
7,23180,S15,S3,"{""agreement"": 0.8364067673683167, ""completed"": true}"
7,23200,S5,S9,"{""agreement"": 0.6682015657424927, ""completed"": true}"
7,23200,S9,S5,"{""agreement"": 0.09469866752624512, ""completed"": true}"
7,23200,S15,S3,"{""agreement"": -0.16928806900978088, ""completed"": true}"
7,23220,S5,S9,"{""agreement"": 0.18140283226966858, ""completed"": true}"
7,23220,S9,S5,"{""agreement"": 0.7729339003562927, ""completed"": true}"
7,23220,S15,S3,"{""agreement"": -0.8694405555725098, ""completed"": true}"
7,23240,S5,S9,"{""agreement"": 0.6459066271781921, ""completed"": true}"
7,23240,S9,S5,"{""agreement"": -0.49391549825668335, ""completed"": true}"
7,23240,S15,S3,"{""agreement"": 0.8577096462249756, ""completed"": true}"
7,23260,S15,S3,"{""agreement"": 0.3769429326057434, ""completed"": true}"
7,23280,S15,S3,"{""agreement"": -0.5631494522094727, ""completed"": true}"
7,23300,S15,S3,"{""agreement"": 0.6185337901115417, ""completed"": true}"
7,23320,S15,S3,"{""agreement"": -0.8762772679328918, ""completed"": true}"
7,23340,S15,S3,"{""agreement"": 0.6383077502250671, ""completed"": true}"
7,23360,S15,S3,"{""agreement"": -0.09581393748521805, ""completed"": true}"
7,23380,S15,S3,"{""agreement"": 0.7442131638526917, ""completed"": true}"
7,23400,S15,S3,"{""agreement"": 0.35901588201522827, ""completed"": true}"
7,23420,S15,S3,"{""agreement"": 0.26447823643684387, ""completed"": true}"
7,23440,S15,S3,"{""agreement"": -0.6965671181678772, ""completed"": true}"
7,23460,S15,S3,"{""agreement"": -0.7775338292121887, ""completed"": true}"
7,23680,S3,S16,"{""agreement"": 0.24766533076763153, ""completed"": true}"
7,23700,S3,S16,"{""agreement"": 0.6365419030189514, ""completed"": true}"
7,23720,S3,S16,"{""agreement"": -0.4795374274253845, ""completed"": true}"
7,23740,S3,S16,"{""agreement"": 0.7142402529716492, ""completed"": true}"
7,23760,S3,S16,"{""agreement"": 0.18708296120166779, ""completed"": true}"
7,23780,S3,S16,"{""agreement"": 0.07484886050224304, ""completed"": true}"
7,23800,S3,S16,"{""agreement"": 0.7877506613731384, ""completed"": true}"
7,23820,S3,S16,"{""agreement"": 0.4605134427547455, ""completed"": true}"
7,23840,S3,S16,"{""agreement"": 0.15316180884838104, ""completed"": true}"
7,23860,S3,S16,"{""agreement"": 0.7356519103050232, ""completed"": true}"
7,23880,S3,S16,"{""agreement"": 0.8283732533454895, ""completed"": true}"
7,23900,S3,S16,"{""agreement"": 0.4465884566307068, ""completed"": true}"
7,23920,S5,S15,"{""agreement"": 0.12277891486883163, ""completed"": true}"
7,23920,S15,S5,"{""agreement"": 0.7740744948387146, ""completed"": true}"
7,23920,S3,S16,"{""agreement"": 0.17830495536327362, ""completed"": true}"
7,23940,S5,S15,"{""agreement"": 0.8293319940567017, ""completed"": true}"
7,23940,S15,S5,"{""agreement"": -0.6545318365097046, ""completed"": true}"
7,23940,S3,S16,"{""agreement"": -0.11317799240350723, ""completed"": true}"
7,23960,S5,S15,"{""agreement"": -0.6302935481071472, ""completed"": true}"
7,23960,S15,S5,"{""agreement"": 0.5056629776954651, ""completed"": true}"
7,23960,S3,S16,"{""agreement"": 0.33571916818618774, ""completed"": true}"
7,23980,S5,S15,"{""agreement"": 0.4209728538990021, ""completed"": true}"
7,23980,S15,S5,"{""agreement"": -0.08435963094234467, ""completed"": true}"
7,23980,S3,S16,"{""agreement"": 0.27011367678642273, ""completed"": true}"
7,24000,S5,S15,"{""agreement"": -0.4260083734989166, ""completed"": true}"
7,24000,S15,S5,"{""agreement"": 0.14553523063659668, ""completed"": true}"
7,24000,S3,S16,"{""agreement"": -0.049447208642959595, ""completed"": true}"
7,24020,S3,S16,"{""agreement"": 0.8085234761238098, ""completed"": true}"
7,24040,S3,S16,"{""agreement"": 0.7593145966529846, ""completed"": true}"
7,24060,S3,S16,"{""agreement"": 0.8111242055892944, ""completed"": true}"
7,24080,S3,S16,"{""agreement"": -0.5387914776802063, ""completed"": true}"
7,24100,S3,S16,"{""agreement"": 0.8789681792259216, ""completed"": true}"
7,24120,S3,S16,"{""agreement"": -0.3203161358833313, ""completed"": true}"
7,24140,S3,S16,"{""agreement"": 0.4138476252555847, ""completed"": true}"
7,24160,S3,S16,"{""agreement"": -0.0862194150686264, ""completed"": true}"
7,24180,S3,S16,"{""agreement"": 0.48457860946655273, ""completed"": true}"
7,24200,S3,S16,"{""agreement"": 0.8329246640205383, ""completed"": true}"
7,24220,S3,S16,"{""agreement"": -0.6213224530220032, ""completed"": true}"
7,24240,S3,S16,"{""agreement"": 0.08260471373796463, ""completed"": true}"
7,24260,S3,S16,"{""agreement"": 0.8053784370422363, ""completed"": true}"
7,24280,S9,S15,"{""agreement"": -0.12664343416690826, ""completed"": true}"
7,24280,S15,S9,"{""agreement"": -0.46624794602394104, ""completed"": true}"
7,24280,S6,S13,"{""agreement"": 0.16106835007667542, ""completed"": true}"
7,24280,S3,S16,"{""agreement"": 0.2769593298435211, ""completed"": true}"
7,24300,S9,S15,"{""agreement"": 0.4358038306236267, ""completed"": true}"
7,24300,S15,S9,"{""agreement"": -0.2676738202571869, ""completed"": true}"
7,24300,S6,S13,"{""agreement"": 0.0407617911696434, ""completed"": true}"
7,24300,S3,S16,"{""agreement"": 0.45420870184898376, ""completed"": true}"
7,24320,S9,S15,"{""agreement"": 0.34483131766319275, ""completed"": true}"
7,24320,S15,S9,"{""agreement"": 0.5805522203445435, ""completed"": true}"
7,24320,S6,S13,"{""agreement"": -0.31003254652023315, ""completed"": true}"
7,24320,S3,S16,"{""agreement"": 0.4840438961982727, ""completed"": true}"
7,24340,S9,S15,"{""agreement"": 0.16984513401985168, ""completed"": true}"
7,24340,S15,S9,"{""agreement"": 0.8645354509353638, ""completed"": true}"
7,24340,S6,S13,"{""agreement"": 0.6959109306335449, ""completed"": true}"
7,24340,S3,S16,"{""agreement"": 0.8656356334686279, ""completed"": true}"
7,24360,S9,S15,"{""agreement"": -0.6935641765594482, ""completed"": true}"
7,24360,S15,S9,"{""agreement"": -0.39578312635421753, ""completed"": true}"
7,24360,S6,S13,"{""agreement"": 0.1283128559589386, ""completed"": true}"
7,24360,S3,S16,"{""agreement"": 0.39020708203315735, ""completed"": true}"
7,24380,S9,S15,"{""agreement"": -0.360211044549942, ""completed"": true}"
7,24380,S15,S9,"{""agreement"": -0.6545676589012146, ""completed"": true}"
7,24380,S6,S13,"{""agreement"": 0.8663953542709351, ""completed"": true}"
7,24380,S3,S16,"{""agreement"": 0.831213653087616, ""completed"": true}"
7,24400,S9,S15,"{""agreement"": -0.24185633659362793, ""completed"": true}"
7,24400,S15,S9,"{""agreement"": 0.7364198565483093, ""completed"": true}"
7,24400,S6,S13,"{""agreement"": -0.7388941645622253, ""completed"": true}"
7,24400,S3,S16,"{""agreement"": 0.5034021735191345, ""completed"": true}"
7,24420,S15,S9,"{""agreement"": -0.3477817475795746, ""completed"": true}"
7,24420,S6,S13,"{""agreement"": 0.4359557628631592, ""completed"": true}"
7,24420,S3,S16,"{""agreement"": -0.6951489448547363, ""completed"": true}"
7,24440,S15,S9,"{""agreement"": 0.14690862596035004, ""completed"": true}"
7,24440,S6,S13,"{""agreement"": 0.017442721873521805, ""completed"": true}"
7,24440,S3,S16,"{""agreement"": -0.374668151140213, ""completed"": true}"
7,24460,S15,S9,"{""agreement"": 0.33916720747947693, ""completed"": true}"
7,24460,S6,S13,"{""agreement"": -0.6057522892951965, ""completed"": true}"
7,24460,S3,S16,"{""agreement"": -0.5989928245544434, ""completed"": true}"
7,24480,S15,S9,"{""agreement"": -0.11117715388536453, ""completed"": true}"
7,24480,S6,S13,"{""agreement"": 0.18242108821868896, ""completed"": true}"
7,24480,S3,S16,"{""agreement"": 0.5771009922027588, ""completed"": true}"
7,24500,S15,S9,"{""agreement"": -0.12868373095989227, ""completed"": true}"
7,24500,S6,S13,"{""agreement"": -0.3868836760520935, ""completed"": true}"
7,24500,S3,S16,"{""agreement"": 0.4147373139858246, ""completed"": true}"
7,24520,S15,S9,"{""agreement"": 0.8789020776748657, ""completed"": true}"
7,24520,S6,S13,"{""agreement"": -0.5236158967018127, ""completed"": true}"
7,24520,S3,S16,"{""agreement"": -0.45701804757118225, ""completed"": true}"
7,24540,S3,S16,"{""agreement"": -0.1888064444065094, ""completed"": true}"
7,24560,S3,S16,"{""agreement"": 0.8501003384590149, ""completed"": true}"
7,24580,S3,S16,"{""agreement"": -0.7320398092269897, ""completed"": true}"
7,24600,S3,S16,"{""agreement"": 0.9050516486167908, ""completed"": true}"
7,24620,S3,S16,"{""agreement"": 0.46674150228500366, ""completed"": true}"
7,24640,S3,S16,"{""agreement"": -0.6819162964820862, ""completed"": true}"
7,24660,S3,S16,"{""agreement"": 0.7200531959533691, ""completed"": true}"
7,24680,S3,S16,"{""agreement"": 0.07845015823841095, ""completed"": true}"
7,24700,S3,S16,"{""agreement"": -0.4734927713871002, ""completed"": true}"
7,24720,S3,S16,"{""agreement"": 0.9053403735160828, ""completed"": true}"
7,24740,S3,S16,"{""agreement"": -0.25195640325546265, ""completed"": true}"
7,24760,S3,S16,"{""agreement"": -0.6124218106269836, ""completed"": true}"
7,25760,S5,S8,"{""agreement"": -0.8072378039360046, ""completed"": true}"
7,25840,S11,S7,"{""agreement"": 0.7335737347602844, ""completed"": true}"
7,25860,S11,S7,"{""agreement"": 0.1213645339012146, ""completed"": true}"
7,26040,S3,S13,"{""agreement"": 0.4038756191730499, ""completed"": true}"
7,26060,S3,S13,"{""agreement"": -0.5227645039558411, ""completed"": true}"
7,26920,S13,S11,"{""agreement"": 0.6566411256790161, ""completed"": true}"
7,26920,S11,S13,"{""agreement"": 0.8740355372428894, ""completed"": true}"
7,26940,S13,S11,"{""agreement"": -0.8925231099128723, ""completed"": true}"
7,26940,S11,S13,"{""agreement"": 0.4621763527393341, ""completed"": true}"
7,26960,S13,S11,"{""agreement"": -0.7637194395065308, ""completed"": true}"
7,26960,S11,S13,"{""agreement"": -0.24412858486175537, ""completed"": true}"
7,26980,S13,S11,"{""agreement"": -0.22538220882415771, ""completed"": true}"
7,26980,S11,S13,"{""agreement"": 0.9678822159767151, ""completed"": true}"
7,27000,S13,S11,"{""agreement"": -0.9085639715194702, ""completed"": true}"
7,27000,S11,S13,"{""agreement"": 0.8694002628326416, ""completed"": true}"
7,27020,S11,S13,"{""agreement"": 0.8032878637313843, ""completed"": true}"
7,27020,S15,S6,"{""agreement"": 0.2442888617515564, ""completed"": true}"
7,27020,S6,S15,"{""agreement"": 0.7115000486373901, ""completed"": true}"
7,27040,S11,S13,"{""agreement"": 0.6741620898246765, ""completed"": true}"
7,27040,S15,S6,"{""agreement"": 0.7389602661132812, ""completed"": true}"
7,27040,S6,S15,"{""agreement"": 0.28836995363235474, ""completed"": true}"
7,27060,S11,S13,"{""agreement"": -0.9184067249298096, ""completed"": true}"
7,27060,S15,S6,"{""agreement"": -0.5564148426055908, ""completed"": true}"
7,27060,S6,S15,"{""agreement"": 0.5489208698272705, ""completed"": true}"
7,27080,S11,S13,"{""agreement"": 0.505847156047821, ""completed"": true}"
7,27080,S15,S6,"{""agreement"": -0.6276682615280151, ""completed"": true}"
7,27080,S6,S15,"{""agreement"": 0.45276620984077454, ""completed"": true}"
7,27100,S11,S13,"{""agreement"": -0.15447358787059784, ""completed"": true}"
7,27100,S15,S6,"{""agreement"": -0.08799051493406296, ""completed"": true}"
7,27100,S6,S15,"{""agreement"": 0.3604941964149475, ""completed"": true}"
7,27120,S11,S13,"{""agreement"": -0.02592109516263008, ""completed"": true}"
7,27120,S15,S6,"{""agreement"": -0.24196229875087738, ""completed"": true}"
7,27120,S6,S15,"{""agreement"": 0.3246181309223175, ""completed"": true}"
7,27140,S11,S13,"{""agreement"": -0.6308189034461975, ""completed"": true}"
7,27140,S15,S6,"{""agreement"": -0.5089423656463623, ""completed"": true}"
7,27140,S6,S15,"{""agreement"": -0.14468082785606384, ""completed"": true}"
7,27160,S11,S13,"{""agreement"": -0.3969220221042633, ""completed"": true}"
7,27160,S6,S15,"{""agreement"": 0.890339195728302, ""completed"": true}"
7,27180,S11,S13,"{""agreement"": 0.9498311877250671, ""completed"": true}"
7,27180,S6,S15,"{""agreement"": 0.06574074923992157, ""completed"": true}"
7,27200,S11,S13,"{""agreement"": 0.3389141857624054, ""completed"": true}"
7,27220,S11,S13,"{""agreement"": -0.6605587005615234, ""completed"": true}"
7,27240,S11,S13,"{""agreement"": -0.8657296299934387, ""completed"": true}"
7,27260,S7,S6,"{""agreement"": -0.6903997659683228, ""completed"": true}"
7,27260,S6,S7,"{""agreement"": -0.21049179136753082, ""completed"": true}"
7,27280,S7,S6,"{""agreement"": 0.6312126517295837, ""completed"": true}"
7,27280,S6,S7,"{""agreement"": 0.15409906208515167, ""completed"": true}"
7,27300,S7,S6,"{""agreement"": -0.02022342011332512, ""completed"": true}"
7,27300,S6,S7,"{""agreement"": -0.22129976749420166, ""completed"": true}"
7,28240,S9,S13,"{""agreement"": 0.14296095073223114, ""completed"": true}"
7,28240,S13,S9,"{""agreement"": -0.26704853773117065, ""completed"": true}"
7,28260,S9,S13,"{""agreement"": 0.10821812599897385, ""completed"": true}"
7,28260,S13,S9,"{""agreement"": 0.815278172492981, ""completed"": true}"
7,28280,S9,S13,"{""agreement"": 0.4812832772731781, ""completed"": true}"
7,28280,S13,S9,"{""agreement"": 0.6374497413635254, ""completed"": true}"
7,28300,S9,S13,"{""agreement"": -0.07541812211275101, ""completed"": true}"
7,28300,S13,S9,"{""agreement"": 0.6527894139289856, ""completed"": true}"
7,28320,S9,S13,"{""agreement"": 0.669395923614502, ""completed"": true}"
7,28320,S13,S9,"{""agreement"": 0.2983842194080353, ""completed"": true}"
7,28340,S9,S13,"{""agreement"": 0.61399906873703, ""completed"": true}"
7,28340,S13,S9,"{""agreement"": 0.6166876554489136, ""completed"": true}"
7,28360,S9,S13,"{""agreement"": -0.24324026703834534, ""completed"": true}"
7,28360,S13,S9,"{""agreement"": -0.7751477956771851, ""completed"": true}"
7,28380,S9,S13,"{""agreement"": -0.8927314877510071, ""completed"": true}"
7,28380,S13,S9,"{""agreement"": 0.0732283890247345, ""completed"": true}"
7,28400,S9,S13,"{""agreement"": -0.14720968902111053, ""completed"": true}"
7,28400,S13,S9,"{""agreement"": 0.42837217450141907, ""completed"": true}"
7,28420,S9,S13,"{""agreement"": -0.5888131856918335, ""completed"": true}"
7,28420,S13,S9,"{""agreement"": 0.24791699647903442, ""completed"": true}"
7,28440,S13,S9,"{""agreement"": -0.9387666583061218, ""completed"": true}"
7,28460,S13,S9,"{""agreement"": 0.5359883904457092, ""completed"": true}"
7,28480,S13,S9,"{""agreement"": 0.7399166226387024, ""completed"": true}"
7,28480,S11,S6,"{""agreement"": 0.5718660950660706, ""completed"": true}"
7,28480,S6,S11,"{""agreement"": 0.5257531404495239, ""completed"": true}"
7,28500,S13,S9,"{""agreement"": 0.07935983687639236, ""completed"": true}"
7,28500,S11,S6,"{""agreement"": 0.48131442070007324, ""completed"": true}"
7,28500,S6,S11,"{""agreement"": 0.3454303741455078, ""completed"": true}"
7,28520,S13,S9,"{""agreement"": -0.3075225055217743, ""completed"": true}"
7,28520,S11,S6,"{""agreement"": 0.7000446319580078, ""completed"": true}"
7,28520,S6,S11,"{""agreement"": 0.6364094614982605, ""completed"": true}"
7,28540,S13,S9,"{""agreement"": -0.12462607026100159, ""completed"": true}"
7,28540,S11,S6,"{""agreement"": -0.8344168663024902, ""completed"": true}"
7,28540,S6,S11,"{""agreement"": 0.4851236939430237, ""completed"": true}"
7,28560,S13,S9,"{""agreement"": -0.5119143128395081, ""completed"": true}"
7,28560,S11,S6,"{""agreement"": -0.5547527074813843, ""completed"": true}"
7,28560,S6,S11,"{""agreement"": 0.05554712936282158, ""completed"": true}"
7,28580,S13,S9,"{""agreement"": -0.7319005131721497, ""completed"": true}"
7,28580,S11,S6,"{""agreement"": 0.4494844973087311, ""completed"": true}"
7,28580,S6,S11,"{""agreement"": -0.34340426325798035, ""completed"": true}"
7,28600,S11,S6,"{""agreement"": 0.14587588608264923, ""completed"": true}"
7,28600,S6,S11,"{""agreement"": -0.6940387487411499, ""completed"": true}"
7,28620,S11,S6,"{""agreement"": -0.669560432434082, ""completed"": true}"
7,28620,S6,S11,"{""agreement"": 0.3114858567714691, ""completed"": true}"
7,28640,S11,S6,"{""agreement"": 0.7232162952423096, ""completed"": true}"
7,28640,S6,S11,"{""agreement"": 0.6218079328536987, ""completed"": true}"
7,28820,S16,S15,"{""agreement"": -0.6343989372253418, ""completed"": true}"
7,28820,S15,S16,"{""agreement"": -0.17453062534332275, ""completed"": true}"
7,28840,S16,S15,"{""agreement"": 0.7713116407394409, ""completed"": true}"
7,28840,S15,S16,"{""agreement"": -0.6594756841659546, ""completed"": true}"
7,28860,S16,S15,"{""agreement"": -0.013962306082248688, ""completed"": true}"
7,28860,S15,S16,"{""agreement"": 0.7090135216712952, ""completed"": true}"
7,28880,S5,S7,"{""agreement"": -0.211030513048172, ""completed"": true}"
7,28880,S7,S5,"{""agreement"": -0.46388718485832214, ""completed"": true}"
7,28880,S16,S15,"{""agreement"": -0.39266496896743774, ""completed"": true}"
7,28880,S15,S16,"{""agreement"": 0.8904942870140076, ""completed"": true}"
7,28900,S5,S7,"{""agreement"": -0.6439218521118164, ""completed"": true}"
7,28900,S7,S5,"{""agreement"": 0.21865694224834442, ""completed"": true}"
7,28900,S16,S15,"{""agreement"": -0.39249029755592346, ""completed"": true}"
7,28900,S15,S16,"{""agreement"": -0.8059573173522949, ""completed"": true}"
7,28920,S5,S7,"{""agreement"": -0.27292630076408386, ""completed"": true}"
7,28920,S7,S5,"{""agreement"": 0.6798999309539795, ""completed"": true}"
7,28920,S16,S15,"{""agreement"": -0.7338510155677795, ""completed"": true}"
7,28920,S15,S16,"{""agreement"": 0.7900948524475098, ""completed"": true}"
7,28940,S5,S7,"{""agreement"": -0.3362197279930115, ""completed"": true}"
7,28940,S7,S5,"{""agreement"": 0.6465309858322144, ""completed"": true}"
7,28940,S16,S15,"{""agreement"": 0.21206457912921906, ""completed"": true}"
7,28940,S15,S16,"{""agreement"": 0.4592728912830353, ""completed"": true}"
7,28960,S5,S7,"{""agreement"": -0.07389242202043533, ""completed"": true}"
7,28960,S7,S5,"{""agreement"": 0.6234325170516968, ""completed"": true}"
7,28980,S5,S7,"{""agreement"": 0.7368660569190979, ""completed"": true}"
7,28980,S7,S5,"{""agreement"": 0.8389926552772522, ""completed"": true}"
7,29000,S5,S7,"{""agreement"": -0.004115838557481766, ""completed"": true}"
7,29000,S7,S5,"{""agreement"": -0.03758853301405907, ""completed"": true}"
7,29020,S5,S7,"{""agreement"": -0.5584089756011963, ""completed"": true}"
7,29020,S7,S5,"{""agreement"": -0.051706913858652115, ""completed"": true}"
7,29040,S5,S7,"{""agreement"": 0.022911949083209038, ""completed"": true}"
7,29040,S7,S5,"{""agreement"": -0.7014123797416687, ""completed"": true}"
7,29060,S5,S7,"{""agreement"": 0.28379184007644653, ""completed"": true}"
7,29060,S7,S5,"{""agreement"": 0.41072723269462585, ""completed"": true}"
7,29080,S5,S7,"{""agreement"": -0.2121165245771408, ""completed"": true}"
7,29080,S7,S5,"{""agreement"": 0.1725948303937912, ""completed"": true}"
7,29100,S5,S7,"{""agreement"": 0.3071640729904175, ""completed"": true}"
7,29100,S7,S5,"{""agreement"": 0.2566092908382416, ""completed"": true}"
7,29120,S5,S7,"{""agreement"": -0.07657190412282944, ""completed"": true}"
7,29120,S7,S5,"{""agreement"": -0.034693509340286255, ""completed"": true}"
7,29120,S16,S8,"{""agreement"": 0.738340437412262, ""completed"": true}"
7,29120,S8,S16,"{""agreement"": -0.5023705959320068, ""completed"": true}"
7,29140,S5,S7,"{""agreement"": 0.6457459926605225, ""completed"": true}"
7,29140,S7,S5,"{""agreement"": 0.9069501161575317, ""completed"": true}"
7,29140,S16,S8,"{""agreement"": 0.9086180329322815, ""completed"": true}"
7,29160,S5,S7,"{""agreement"": 0.19831325113773346, ""completed"": true}"
7,29160,S7,S5,"{""agreement"": -0.010293245315551758, ""completed"": true}"
7,29160,S16,S8,"{""agreement"": -0.8847731351852417, ""completed"": true}"
7,29180,S5,S7,"{""agreement"": 0.9329100251197815, ""completed"": true}"
7,29180,S7,S5,"{""agreement"": -0.831548810005188, ""completed"": true}"
7,29180,S16,S8,"{""agreement"": 0.7765857577323914, ""completed"": true}"
7,29200,S5,S7,"{""agreement"": -0.004066213499754667, ""completed"": true}"
7,29200,S7,S5,"{""agreement"": -0.2873891294002533, ""completed"": true}"
7,29200,S16,S8,"{""agreement"": 0.6729435920715332, ""completed"": true}"
7,29220,S5,S7,"{""agreement"": -0.5370836853981018, ""completed"": true}"
7,29220,S7,S5,"{""agreement"": 0.002450603060424328, ""completed"": true}"
7,29220,S16,S8,"{""agreement"": -0.17385536432266235, ""completed"": true}"
7,29240,S5,S7,"{""agreement"": 0.9600724577903748, ""completed"": true}"
7,29240,S7,S5,"{""agreement"": -0.10634066164493561, ""completed"": true}"
7,29240,S16,S8,"{""agreement"": -0.6197186708450317, ""completed"": true}"
7,29260,S5,S7,"{""agreement"": 0.7484758496284485, ""completed"": true}"
7,29260,S7,S5,"{""agreement"": 0.39289358258247375, ""completed"": true}"
7,29260,S16,S8,"{""agreement"": -0.4559689462184906, ""completed"": true}"
7,29280,S5,S7,"{""agreement"": 0.04179546236991882, ""completed"": true}"
7,29280,S7,S5,"{""agreement"": -0.2097221165895462, ""completed"": true}"
7,29280,S16,S8,"{""agreement"": 0.5487352609634399, ""completed"": true}"
7,29300,S16,S8,"{""agreement"": 0.3655093312263489, ""completed"": true}"
7,29320,S16,S8,"{""agreement"": -0.19340653717517853, ""completed"": true}"
7,29340,S16,S8,"{""agreement"": 0.9258707761764526, ""completed"": true}"
7,29600,S7,S16,"{""agreement"": 0.18406268954277039, ""completed"": true}"
7,29600,S16,S7,"{""agreement"": 0.020633041858673096, ""completed"": true}"
7,29620,S7,S16,"{""agreement"": -0.36647048592567444, ""completed"": true}"
7,29620,S16,S7,"{""agreement"": -0.6783976554870605, ""completed"": true}"
7,29640,S7,S16,"{""agreement"": -0.3490143418312073, ""completed"": true}"
7,29640,S16,S7,"{""agreement"": -0.7771090865135193, ""completed"": true}"
7,29660,S7,S16,"{""agreement"": 0.623297393321991, ""completed"": true}"
7,29660,S16,S7,"{""agreement"": 0.928780734539032, ""completed"": true}"
7,29680,S7,S16,"{""agreement"": -0.14427414536476135, ""completed"": true}"
7,29680,S16,S7,"{""agreement"": 0.10529282689094543, ""completed"": true}"
7,29700,S7,S16,"{""agreement"": -0.42289048433303833, ""completed"": true}"
7,29700,S16,S7,"{""agreement"": 0.47347986698150635, ""completed"": true}"
7,29720,S7,S16,"{""agreement"": 0.790686309337616, ""completed"": true}"
7,29720,S16,S7,"{""agreement"": -0.6517400145530701, ""completed"": true}"
7,29740,S7,S16,"{""agreement"": -0.10680212080478668, ""completed"": true}"
7,29740,S16,S7,"{""agreement"": 0.4373941421508789, ""completed"": true}"
7,29760,S7,S16,"{""agreement"": 0.04800953343510628, ""completed"": true}"
7,29760,S16,S7,"{""agreement"": 0.44861793518066406, ""completed"": true}"
7,29780,S7,S16,"{""agreement"": 0.2959514260292053, ""completed"": true}"
7,29780,S16,S7,"{""agreement"": -0.4428181052207947, ""completed"": true}"
7,29800,S7,S16,"{""agreement"": -0.0025494524743407965, ""completed"": true}"
7,29800,S16,S7,"{""agreement"": -0.27519381046295166, ""completed"": true}"
7,29820,S7,S16,"{""agreement"": -0.3470022678375244, ""completed"": true}"
7,29820,S16,S7,"{""agreement"": 0.6376646161079407, ""completed"": true}"
7,29840,S7,S16,"{""agreement"": 0.7275998592376709, ""completed"": true}"
7,29840,S16,S7,"{""agreement"": -0.38376376032829285, ""completed"": true}"
7,29860,S7,S16,"{""agreement"": 0.8786205053329468, ""completed"": true}"
7,29860,S16,S7,"{""agreement"": 0.5935648083686829, ""completed"": true}"
7,29880,S7,S16,"{""agreement"": -0.2910991311073303, ""completed"": true}"
7,29880,S16,S7,"{""agreement"": 0.6230530142784119, ""completed"": true}"
7,29900,S7,S16,"{""agreement"": -0.3197501599788666, ""completed"": true}"
7,29900,S16,S7,"{""agreement"": -0.4324294924736023, ""completed"": true}"
7,29920,S7,S16,"{""agreement"": 0.3694196045398712, ""completed"": true}"
7,29920,S16,S7,"{""agreement"": 0.7683295607566833, ""completed"": true}"
7,29940,S7,S16,"{""agreement"": 0.09002368897199631, ""completed"": true}"
7,29940,S16,S7,"{""agreement"": -0.5785793662071228, ""completed"": true}"
7,29960,S7,S16,"{""agreement"": 0.23429721593856812, ""completed"": true}"
7,29960,S16,S7,"{""agreement"": -0.15629200637340546, ""completed"": true}"
7,29980,S7,S16,"{""agreement"": 0.5286685824394226, ""completed"": true}"
7,29980,S16,S7,"{""agreement"": 0.2457275241613388, ""completed"": true}"
7,30000,S7,S16,"{""agreement"": 0.09072139114141464, ""completed"": true}"
7,30000,S16,S7,"{""agreement"": 0.8361045122146606, ""completed"": true}"
7,30020,S7,S16,"{""agreement"": -0.20145964622497559, ""completed"": true}"
7,30020,S16,S7,"{""agreement"": 0.5542351007461548, ""completed"": true}"
7,30040,S7,S16,"{""agreement"": 0.37812894582748413, ""completed"": true}"
7,30040,S16,S7,"{""agreement"": -0.8230284452438354, ""completed"": true}"
7,30060,S7,S16,"{""agreement"": -0.24420136213302612, ""completed"": true}"
7,30060,S16,S7,"{""agreement"": -0.29445645213127136, ""completed"": true}"
7,30080,S7,S16,"{""agreement"": 0.725451648235321, ""completed"": true}"
7,30080,S16,S7,"{""agreement"": -0.3790894150733948, ""completed"": true}"
7,30100,S7,S16,"{""agreement"": -0.5602052807807922, ""completed"": true}"
7,30100,S16,S15,"{""agreement"": -0.08154278248548508, ""completed"": true}"
7,30100,S15,S16,"{""agreement"": -0.4054694175720215, ""completed"": true}"
7,30120,S7,S16,"{""agreement"": -0.5270726084709167, ""completed"": true}"
7,30120,S16,S15,"{""agreement"": -0.5289327502250671, ""completed"": true}"
7,30120,S15,S16,"{""agreement"": -0.2753850519657135, ""completed"": true}"
7,30140,S7,S16,"{""agreement"": 0.8877058029174805, ""completed"": true}"
7,30140,S16,S7,"{""agreement"": 0.7886179089546204, ""completed"": true}"
7,30140,S15,S16,"{""agreement"": 0.7947447299957275, ""completed"": true}"
7,30160,S15,S16,"{""agreement"": 0.4306159019470215, ""completed"": true}"
7,30180,S15,S16,"{""agreement"": -0.5539518594741821, ""completed"": true}"
7,30200,S15,S16,"{""agreement"": 0.3361167907714844, ""completed"": true}"
7,30220,S15,S16,"{""agreement"": 0.09337673336267471, ""completed"": true}"
7,30240,S3,S16,"{""agreement"": -0.6466204524040222, ""completed"": true}"
7,30240,S15,S16,"{""agreement"": 0.18832488358020782, ""completed"": true}"
7,30260,S15,S16,"{""agreement"": -0.7187439203262329, ""completed"": true}"
7,30280,S15,S16,"{""agreement"": -0.42043444514274597, ""completed"": true}"
7,30440,S16,S8,"{""agreement"": 0.8864587545394897, ""completed"": true}"
7,30500,S3,S13,"{""agreement"": 0.12919361889362335, ""completed"": true}"
7,30520,S3,S13,"{""agreement"": -0.6785199642181396, ""completed"": true}"
7,30540,S3,S13,"{""agreement"": 0.3365909159183502, ""completed"": true}"
7,30560,S3,S13,"{""agreement"": 0.4702753722667694, ""completed"": true}"
7,30580,S3,S13,"{""agreement"": 0.6957102417945862, ""completed"": true}"
7,30600,S3,S13,"{""agreement"": 0.6131543517112732, ""completed"": true}"
7,30620,S3,S13,"{""agreement"": -0.33469706773757935, ""completed"": true}"
7,30640,S3,S13,"{""agreement"": -0.6904166340827942, ""completed"": true}"
7,30660,S3,S13,"{""agreement"": 0.8235576152801514, ""completed"": true}"
7,30680,S3,S13,"{""agreement"": 0.673542320728302, ""completed"": true}"
7,30700,S3,S13,"{""agreement"": -0.5661135911941528, ""completed"": true}"
7,30720,S3,S13,"{""agreement"": 0.9226150512695312, ""completed"": true}"
7,30740,S11,S7,"{""agreement"": 0.501251220703125, ""completed"": true}"
7,30740,S3,S13,"{""agreement"": -0.7168330550193787, ""completed"": true}"
7,30760,S11,S7,"{""agreement"": -0.12086790055036545, ""completed"": true}"
7,30760,S3,S13,"{""agreement"": 0.06599806249141693, ""completed"": true}"
7,30780,S11,S7,"{""agreement"": -0.1580336093902588, ""completed"": true}"
7,30780,S3,S13,"{""agreement"": -0.4803227484226227, ""completed"": true}"
7,30800,S11,S7,"{""agreement"": -0.6652262210845947, ""completed"": true}"
7,30800,S3,S13,"{""agreement"": -0.5744272470474243, ""completed"": true}"
7,30820,S11,S7,"{""agreement"": -0.05436210706830025, ""completed"": true}"
7,30840,S11,S7,"{""agreement"": 0.3103969097137451, ""completed"": true}"
7,31120,S13,S16,"{""agreement"": -0.34508952498435974, ""completed"": true}"
7,31120,S16,S13,"{""agreement"": -0.5669032335281372, ""completed"": true}"
7,31140,S13,S16,"{""agreement"": -0.8381340503692627, ""completed"": true}"
7,31140,S16,S13,"{""agreement"": 0.7443362474441528, ""completed"": true}"
7,31160,S13,S16,"{""agreement"": 0.638588547706604, ""completed"": true}"
7,31160,S16,S13,"{""agreement"": -0.2482755482196808, ""completed"": true}"
7,31180,S13,S16,"{""agreement"": -0.8217851519584656, ""completed"": true}"
7,31180,S16,S13,"{""agreement"": 0.3850489854812622, ""completed"": true}"
7,31200,S13,S16,"{""agreement"": -0.6537390351295471, ""completed"": true}"
7,31200,S16,S13,"{""agreement"": 0.829436719417572, ""completed"": true}"
7,31220,S16,S13,"{""agreement"": 0.9570460915565491, ""completed"": true}"
7,31240,S16,S13,"{""agreement"": -0.14304213225841522, ""completed"": true}"
7,31260,S16,S13,"{""agreement"": -0.8976326584815979, ""completed"": true}"
7,31280,S16,S13,"{""agreement"": 0.542780876159668, ""completed"": true}"
7,31460,S15,S8,"{""agreement"": -0.5078058242797852, ""completed"": true}"
7,31460,S8,S15,"{""agreement"": -0.6132544279098511, ""completed"": true}"
7,31480,S8,S15,"{""agreement"": 0.22107122838497162, ""completed"": true}"
7,31500,S8,S15,"{""agreement"": 0.45892852544784546, ""completed"": true}"
7,31520,S8,S15,"{""agreement"": -0.22327350080013275, ""completed"": true}"
7,31540,S5,S13,"{""agreement"": -0.2873010039329529, ""completed"": true}"
7,31540,S13,S5,"{""agreement"": -0.26203158497810364, ""completed"": true}"
7,31540,S8,S15,"{""agreement"": -0.054902032017707825, ""completed"": true}"
7,31560,S5,S13,"{""agreement"": 0.24141575396060944, ""completed"": true}"
7,31560,S13,S5,"{""agreement"": 0.9819194674491882, ""completed"": true}"
7,31560,S8,S15,"{""agreement"": 0.4130231440067291, ""completed"": true}"
7,31580,S5,S13,"{""agreement"": 0.11191613227128983, ""completed"": true}"
7,31580,S13,S5,"{""agreement"": 0.532116174697876, ""completed"": true}"
7,31580,S8,S15,"{""agreement"": -0.054752644151449203, ""completed"": true}"
7,31600,S5,S13,"{""agreement"": 0.07953482866287231, ""completed"": true}"
7,31600,S13,S5,"{""agreement"": -0.058483220636844635, ""completed"": true}"
7,31600,S7,S6,"{""agreement"": 0.20233726501464844, ""completed"": true}"
7,31600,S6,S7,"{""agreement"": 0.26149997115135193, ""completed"": true}"
7,31600,S8,S15,"{""agreement"": -0.1968061327934265, ""completed"": true}"
7,31620,S5,S13,"{""agreement"": -0.10195019096136093, ""completed"": true}"
7,31620,S13,S5,"{""agreement"": -0.07307302206754684, ""completed"": true}"
7,31620,S8,S15,"{""agreement"": 0.5271375775337219, ""completed"": true}"
7,31640,S5,S13,"{""agreement"": 0.373543918132782, ""completed"": true}"
7,31640,S13,S5,"{""agreement"": 0.5288287401199341, ""completed"": true}"
7,31640,S8,S15,"{""agreement"": 0.1776481568813324, ""completed"": true}"
7,31660,S5,S13,"{""agreement"": -0.013981408439576626, ""completed"": true}"
7,31660,S13,S5,"{""agreement"": -0.781126081943512, ""completed"": true}"
7,31660,S8,S15,"{""agreement"": 0.7081289887428284, ""completed"": true}"
7,31680,S5,S13,"{""agreement"": 0.0728091225028038, ""completed"": true}"
7,31680,S13,S5,"{""agreement"": 0.5376376509666443, ""completed"": true}"
7,31680,S8,S15,"{""agreement"": -0.21875260770320892, ""completed"": true}"
7,31700,S8,S15,"{""agreement"": 0.4382115602493286, ""completed"": true}"
7,31720,S8,S15,"{""agreement"": -0.7380971312522888, ""completed"": true}"
7,31740,S8,S15,"{""agreement"": -0.07367825508117676, ""completed"": true}"
7,31760,S8,S15,"{""agreement"": 0.20156614482402802, ""completed"": true}"
7,31780,S8,S15,"{""agreement"": -0.10693569481372833, ""completed"": true}"
7,31800,S8,S15,"{""agreement"": 0.23658515512943268, ""completed"": true}"
7,31820,S7,S3,"{""agreement"": 0.5059368014335632, ""completed"": true}"
7,31820,S3,S7,"{""agreement"": 0.5013149380683899, ""completed"": true}"
7,31820,S6,S3,"{""agreement"": -0.5173807740211487, ""completed"": true}"
7,31820,S8,S15,"{""agreement"": 0.23134338855743408, ""completed"": true}"
7,31840,S7,S3,"{""agreement"": 0.03908849507570267, ""completed"": true}"
7,31840,S3,S7,"{""agreement"": -0.9080104827880859, ""completed"": true}"
7,31840,S6,S3,"{""agreement"": -0.25700458884239197, ""completed"": true}"
7,31840,S8,S15,"{""agreement"": 0.2197422981262207, ""completed"": true}"
7,31860,S7,S3,"{""agreement"": -0.8385758399963379, ""completed"": true}"
7,31860,S3,S7,"{""agreement"": -0.8778002858161926, ""completed"": true}"
7,31860,S6,S3,"{""agreement"": -0.025946224108338356, ""completed"": true}"
7,31860,S8,S15,"{""agreement"": 0.8840188980102539, ""completed"": true}"
7,31880,S7,S3,"{""agreement"": -0.2660239040851593, ""completed"": true}"
7,31880,S3,S6,"{""agreement"": 0.5004674792289734, ""completed"": true}"
7,31880,S6,S3,"{""agreement"": 0.7331188321113586, ""completed"": true}"
7,31880,S8,S15,"{""agreement"": 0.29532021284103394, ""completed"": true}"
7,31900,S3,S6,"{""agreement"": -0.6788433194160461, ""completed"": true}"
7,31900,S6,S3,"{""agreement"": -0.3397252559661865, ""completed"": true}"
7,31900,S8,S15,"{""agreement"": 0.5486929416656494, ""completed"": true}"
7,31920,S3,S6,"{""agreement"": 0.6769955158233643, ""completed"": true}"
7,31920,S6,S3,"{""agreement"": 0.5032207369804382, ""completed"": true}"
7,31920,S8,S15,"{""agreement"": 0.2978144884109497, ""completed"": true}"
7,31940,S3,S6,"{""agreement"": -0.7816298604011536, ""completed"": true}"
7,31940,S6,S3,"{""agreement"": -0.03034403547644615, ""completed"": true}"
7,31940,S8,S15,"{""agreement"": 0.4737749993801117, ""completed"": true}"
7,31960,S3,S6,"{""agreement"": 0.7595663666725159, ""completed"": true}"
7,31960,S6,S3,"{""agreement"": -0.24827729165554047, ""completed"": true}"
7,31960,S8,S15,"{""agreement"": 0.652202308177948, ""completed"": true}"
7,31980,S3,S6,"{""agreement"": -0.5268957018852234, ""completed"": true}"
7,31980,S6,S3,"{""agreement"": 0.1108221709728241, ""completed"": true}"
7,31980,S8,S15,"{""agreement"": 0.003817847464233637, ""completed"": true}"
7,32000,S3,S6,"{""agreement"": 0.5222647190093994, ""completed"": true}"
7,32000,S6,S3,"{""agreement"": -0.6586270332336426, ""completed"": true}"
7,32000,S8,S15,"{""agreement"": -0.22911721467971802, ""completed"": true}"
7,32020,S3,S6,"{""agreement"": -0.8980132341384888, ""completed"": true}"
7,32020,S6,S3,"{""agreement"": -0.015647895634174347, ""completed"": true}"
7,32020,S8,S15,"{""agreement"": -0.9083116054534912, ""completed"": true}"
7,32040,S6,S3,"{""agreement"": 0.4142637252807617, ""completed"": true}"
7,32040,S8,S15,"{""agreement"": 0.11930906772613525, ""completed"": true}"
7,32060,S6,S3,"{""agreement"": 0.42576372623443604, ""completed"": true}"
7,32060,S8,S15,"{""agreement"": 0.6273282766342163, ""completed"": true}"
7,32080,S7,S16,"{""agreement"": -0.6967853307723999, ""completed"": true}"
7,32080,S16,S7,"{""agreement"": 0.8556010127067566, ""completed"": true}"
7,32080,S6,S3,"{""agreement"": 0.0054482887499034405, ""completed"": true}"
7,32080,S8,S15,"{""agreement"": -0.020501049235463142, ""completed"": true}"
7,32100,S7,S16,"{""agreement"": 0.4698731005191803, ""completed"": true}"
7,32100,S16,S7,"{""agreement"": 0.5807201266288757, ""completed"": true}"
7,32100,S15,S3,"{""agreement"": -0.018330248072743416, ""completed"": true}"
7,32100,S6,S3,"{""agreement"": 0.6210194230079651, ""completed"": true}"
7,32100,S8,S15,"{""agreement"": 0.7308889031410217, ""completed"": true}"
7,32120,S7,S16,"{""agreement"": 0.4683150351047516, ""completed"": true}"
7,32120,S16,S7,"{""agreement"": -0.48788684606552124, ""completed"": true}"
7,32120,S6,S3,"{""agreement"": 0.5542033314704895, ""completed"": true}"
7,32120,S8,S15,"{""agreement"": 0.6508099436759949, ""completed"": true}"
7,32140,S7,S16,"{""agreement"": 0.2255793958902359, ""completed"": true}"
7,32140,S16,S7,"{""agreement"": 0.28028589487075806, ""completed"": true}"
7,32140,S6,S3,"{""agreement"": 0.42476755380630493, ""completed"": true}"
7,32140,S8,S15,"{""agreement"": -0.10571160167455673, ""completed"": true}"
7,32160,S7,S16,"{""agreement"": 0.32595744729042053, ""completed"": true}"
7,32160,S16,S7,"{""agreement"": 0.8553308248519897, ""completed"": true}"
7,32160,S6,S3,"{""agreement"": -0.38789886236190796, ""completed"": true}"
7,32160,S8,S15,"{""agreement"": -0.10258343070745468, ""completed"": true}"
7,32180,S7,S16,"{""agreement"": -0.17222750186920166, ""completed"": true}"
7,32180,S16,S7,"{""agreement"": 0.37399569153785706, ""completed"": true}"
7,32180,S6,S3,"{""agreement"": -0.4581092894077301, ""completed"": true}"
7,32180,S8,S15,"{""agreement"": -0.1256430447101593, ""completed"": true}"
7,32200,S7,S16,"{""agreement"": 0.7782471776008606, ""completed"": true}"
7,32200,S16,S7,"{""agreement"": 0.7855319380760193, ""completed"": true}"
7,32200,S6,S3,"{""agreement"": -0.8886606693267822, ""completed"": true}"
7,32200,S8,S15,"{""agreement"": -0.7346555590629578, ""completed"": true}"
7,32220,S7,S16,"{""agreement"": -0.767320454120636, ""completed"": true}"
7,32220,S16,S7,"{""agreement"": -0.8942145109176636, ""completed"": true}"
7,32220,S8,S15,"{""agreement"": 0.04748176038265228, ""completed"": true}"
7,32240,S7,S16,"{""agreement"": -0.41186636686325073, ""completed"": true}"
7,32240,S16,S7,"{""agreement"": 0.8020177483558655, ""completed"": true}"
7,32240,S8,S15,"{""agreement"": -0.10154659301042557, ""completed"": true}"
7,32260,S7,S16,"{""agreement"": 0.7138063311576843, ""completed"": true}"
7,32260,S16,S7,"{""agreement"": -0.6517747044563293, ""completed"": true}"
7,32260,S8,S15,"{""agreement"": -0.2921861708164215, ""completed"": true}"
7,32280,S7,S16,"{""agreement"": 0.7126150727272034, ""completed"": true}"
7,32280,S16,S7,"{""agreement"": -0.04802141711115837, ""completed"": true}"
7,32300,S7,S16,"{""agreement"": 0.6919065117835999, ""completed"": true}"
7,32300,S16,S7,"{""agreement"": 0.9121831655502319, ""completed"": true}"
7,32320,S7,S16,"{""agreement"": 0.1763523519039154, ""completed"": true}"
7,32320,S16,S7,"{""agreement"": -0.5550107955932617, ""completed"": true}"
7,32340,S7,S16,"{""agreement"": -0.3732512891292572, ""completed"": true}"
7,32340,S16,S7,"{""agreement"": 0.9027771949768066, ""completed"": true}"
7,32360,S7,S16,"{""agreement"": 0.25114718079566956, ""completed"": true}"
7,32360,S16,S7,"{""agreement"": 0.9317309856414795, ""completed"": true}"
7,32380,S7,S16,"{""agreement"": -0.38604748249053955, ""completed"": true}"
7,32380,S16,S7,"{""agreement"": 0.9320107102394104, ""completed"": true}"
7,32400,S5,S13,"{""agreement"": 0.7190437912940979, ""completed"": true}"
7,32400,S13,S5,"{""agreement"": -0.8879922032356262, ""completed"": true}"
7,32400,S7,S16,"{""agreement"": 0.8081426620483398, ""completed"": true}"
7,32400,S16,S7,"{""agreement"": 0.7064447999000549, ""completed"": true}"
7,32420,S5,S13,"{""agreement"": -0.30473822355270386, ""completed"": true}"
7,32420,S13,S5,"{""agreement"": -0.2127823382616043, ""completed"": true}"
7,32420,S7,S16,"{""agreement"": 0.37015897035598755, ""completed"": true}"
7,32420,S16,S7,"{""agreement"": 0.28988903760910034, ""completed"": true}"
7,32440,S5,S13,"{""agreement"": -0.5151209831237793, ""completed"": true}"
7,32440,S13,S5,"{""agreement"": 0.014775225892663002, ""completed"": true}"
7,32440,S7,S16,"{""agreement"": 0.8969387412071228, ""completed"": true}"
7,32440,S16,S7,"{""agreement"": -0.5902230143547058, ""completed"": true}"
7,32460,S5,S9,"{""agreement"": 0.057471614331007004, ""completed"": true}"
7,32460,S9,S5,"{""agreement"": 0.41757336258888245, ""completed"": true}"
7,32460,S13,S5,"{""agreement"": -0.6837509870529175, ""completed"": true}"
7,32460,S7,S16,"{""agreement"": 0.45653513073921204, ""completed"": true}"
7,32460,S16,S7,"{""agreement"": -0.48034361004829407, ""completed"": true}"
7,32480,S5,S9,"{""agreement"": -0.5240299701690674, ""completed"": true}"
7,32480,S9,S5,"{""agreement"": 0.8712588548660278, ""completed"": true}"
7,32480,S7,S16,"{""agreement"": 0.3532552719116211, ""completed"": true}"
7,32480,S16,S7,"{""agreement"": -0.2473933845758438, ""completed"": true}"
7,32500,S5,S9,"{""agreement"": -0.5817289352416992, ""completed"": true}"
7,32500,S9,S5,"{""agreement"": 0.744417130947113, ""completed"": true}"
7,32500,S7,S16,"{""agreement"": 0.8299354910850525, ""completed"": true}"
7,32500,S16,S7,"{""agreement"": 0.18187330663204193, ""completed"": true}"
7,32520,S5,S13,"{""agreement"": -0.23425395786762238, ""completed"": true}"
7,32520,S9,S5,"{""agreement"": 0.8384007215499878, ""completed"": true}"
7,32520,S7,S16,"{""agreement"": -0.30820950865745544, ""completed"": true}"
7,32520,S16,S7,"{""agreement"": -0.6419767141342163, ""completed"": true}"
7,32540,S5,S13,"{""agreement"": 0.5013070702552795, ""completed"": true}"
7,32540,S9,S5,"{""agreement"": 0.6288172006607056, ""completed"": true}"
7,32540,S7,S16,"{""agreement"": 0.3236846923828125, ""completed"": true}"
7,32540,S16,S7,"{""agreement"": 0.5148376822471619, ""completed"": true}"
7,32560,S5,S9,"{""agreement"": 0.7019124627113342, ""completed"": true}"
7,32560,S9,S5,"{""agreement"": -0.7528352737426758, ""completed"": true}"
7,32560,S7,S16,"{""agreement"": -0.44572681188583374, ""completed"": true}"
7,32560,S16,S7,"{""agreement"": 0.5627022981643677, ""completed"": true}"
7,32580,S5,S9,"{""agreement"": 0.376699835062027, ""completed"": true}"
7,32580,S9,S5,"{""agreement"": -0.8362056612968445, ""completed"": true}"
7,32580,S7,S16,"{""agreement"": 0.3685016334056854, ""completed"": true}"
7,32580,S16,S7,"{""agreement"": -0.36375343799591064, ""completed"": true}"
7,32600,S5,S9,"{""agreement"": -0.638422429561615, ""completed"": true}"
7,32600,S9,S5,"{""agreement"": -0.4734601080417633, ""completed"": true}"
7,32600,S7,S16,"{""agreement"": 0.020680712535977364, ""completed"": true}"
7,32600,S16,S7,"{""agreement"": 0.11815030872821808, ""completed"": true}"
7,32620,S5,S9,"{""agreement"": -0.029125094413757324, ""completed"": true}"
7,32620,S9,S5,"{""agreement"": 0.7542144656181335, ""completed"": true}"
7,32620,S7,S16,"{""agreement"": -0.5967413187026978, ""completed"": true}"
7,32620,S16,S7,"{""agreement"": 0.6521291136741638, ""completed"": true}"
7,32640,S5,S9,"{""agreement"": -0.49573957920074463, ""completed"": true}"
7,32640,S9,S5,"{""agreement"": -0.34518730640411377, ""completed"": true}"
7,32640,S7,S16,"{""agreement"": -0.2429656684398651, ""completed"": true}"
7,32640,S16,S7,"{""agreement"": -0.7036210298538208, ""completed"": true}"
7,32660,S9,S5,"{""agreement"": -0.7616395950317383, ""completed"": true}"
7,32660,S7,S16,"{""agreement"": 0.23835761845111847, ""completed"": true}"
7,32660,S16,S7,"{""agreement"": 0.4610755741596222, ""completed"": true}"
7,32680,S7,S16,"{""agreement"": -0.20297493040561676, ""completed"": true}"
7,32680,S16,S7,"{""agreement"": -0.6355194449424744, ""completed"": true}"
7,32700,S7,S16,"{""agreement"": -0.13982871174812317, ""completed"": true}"
7,32700,S16,S7,"{""agreement"": -0.5145577788352966, ""completed"": true}"
7,32720,S7,S16,"{""agreement"": 0.7334277033805847, ""completed"": true}"
7,32740,S7,S16,"{""agreement"": 0.7445614337921143, ""completed"": true}"
7,32760,S7,S16,"{""agreement"": -0.659425675868988, ""completed"": true}"
7,32780,S7,S16,"{""agreement"": -0.034703176468610764, ""completed"": true}"
7,32800,S7,S16,"{""agreement"": -0.7189491987228394, ""completed"": true}"
7,33280,S11,S8,"{""agreement"": -0.38389286398887634, ""completed"": true}"
7,33280,S8,S11,"{""agreement"": -0.2941594421863556, ""completed"": true}"
7,33300,S11,S8,"{""agreement"": 0.40617498755455017, ""completed"": true}"
7,33300,S8,S11,"{""agreement"": -0.4951927661895752, ""completed"": true}"
7,33320,S11,S8,"{""agreement"": 0.6870529055595398, ""completed"": true}"
7,33320,S8,S11,"{""agreement"": -0.28334394097328186, ""completed"": true}"
7,33340,S11,S8,"{""agreement"": -0.8065606355667114, ""completed"": true}"
7,33360,S11,S8,"{""agreement"": 0.9286808371543884, ""completed"": true}"
7,33380,S11,S8,"{""agreement"": 0.23140603303909302, ""completed"": true}"
7,33400,S11,S8,"{""agreement"": 0.10346001386642456, ""completed"": true}"
7,33420,S11,S8,"{""agreement"": -0.10976281762123108, ""completed"": true}"
7,33440,S11,S8,"{""agreement"": 0.9268132448196411, ""completed"": true}"
7,33460,S11,S8,"{""agreement"": 0.6805410981178284, ""completed"": true}"
7,33480,S11,S8,"{""agreement"": -0.7157721519470215, ""completed"": true}"
7,33500,S11,S8,"{""agreement"": 0.015161039307713509, ""completed"": true}"
7,33520,S11,S8,"{""agreement"": 0.7249689698219299, ""completed"": true}"
7,33540,S11,S8,"{""agreement"": 0.5557434558868408, ""completed"": true}"
7,33560,S11,S8,"{""agreement"": 0.6410415172576904, ""completed"": true}"
7,33580,S11,S8,"{""agreement"": -0.17186884582042694, ""completed"": true}"
7,33600,S15,S3,"{""agreement"": 0.781900942325592, ""completed"": true}"
7,33620,S15,S3,"{""agreement"": -0.6616538763046265, ""completed"": true}"
7,33640,S15,S3,"{""agreement"": -0.13940338790416718, ""completed"": true}"
7,33660,S15,S3,"{""agreement"": 0.08461933583021164, ""completed"": true}"
7,33960,S9,S16,"{""agreement"": -0.23979535698890686, ""completed"": true}"
7,33960,S16,S9,"{""agreement"": -0.9109415411949158, ""completed"": true}"
7,33980,S9,S16,"{""agreement"": 0.8755104541778564, ""completed"": true}"
7,33980,S16,S9,"{""agreement"": 0.6683025360107422, ""completed"": true}"
7,34000,S9,S16,"{""agreement"": -0.358718603849411, ""completed"": true}"
7,34000,S16,S9,"{""agreement"": 0.9474244713783264, ""completed"": true}"
7,34620,S5,S13,"{""agreement"": 0.7444671988487244, ""completed"": true}"
7,34640,S5,S13,"{""agreement"": -0.8188264966011047, ""completed"": true}"
7,34660,S5,S13,"{""agreement"": 0.03863333538174629, ""completed"": true}"
7,34680,S5,S13,"{""agreement"": -0.36801502108573914, ""completed"": true}"
7,34700,S5,S13,"{""agreement"": 0.3024344742298126, ""completed"": true}"
7,35000,S16,S13,"{""agreement"": -0.7667744159698486, ""completed"": true}"
7,35020,S16,S13,"{""agreement"": 0.8691586256027222, ""completed"": true}"
7,35020,S11,S15,"{""agreement"": 0.8294811844825745, ""completed"": true}"
7,35020,S15,S11,"{""agreement"": 0.9185310006141663, ""completed"": true}"
7,35040,S11,S15,"{""agreement"": 0.6162750720977783, ""completed"": true}"
7,35040,S15,S11,"{""agreement"": 0.4537777900695801, ""completed"": true}"
7,35060,S11,S15,"{""agreement"": -0.5771549344062805, ""completed"": true}"
7,35060,S15,S11,"{""agreement"": -0.7186778783798218, ""completed"": true}"
7,35080,S11,S15,"{""agreement"": 0.7941111326217651, ""completed"": true}"
7,35080,S15,S11,"{""agreement"": 0.8709701299667358, ""completed"": true}"
7,35100,S11,S15,"{""agreement"": -0.9350312948226929, ""completed"": true}"
7,35100,S15,S11,"{""agreement"": -0.5087489485740662, ""completed"": true}"
7,35120,S11,S15,"{""agreement"": 0.13642296195030212, ""completed"": true}"
7,35120,S15,S11,"{""agreement"": -0.03096824325621128, ""completed"": true}"
7,35140,S11,S15,"{""agreement"": -0.8759815692901611, ""completed"": true}"
7,35140,S15,S11,"{""agreement"": -0.02129383571445942, ""completed"": true}"
7,35160,S11,S15,"{""agreement"": 0.3408362567424774, ""completed"": true}"
7,35160,S15,S11,"{""agreement"": -0.11883239448070526, ""completed"": true}"
7,35180,S11,S15,"{""agreement"": 0.20456571877002716, ""completed"": true}"
7,35180,S15,S11,"{""agreement"": -0.2022642344236374, ""completed"": true}"
7,35200,S11,S15,"{""agreement"": 0.5595843195915222, ""completed"": true}"
7,35200,S15,S11,"{""agreement"": 0.7101645469665527, ""completed"": true}"
7,35740,S7,S15,"{""agreement"": 0.4739731550216675, ""completed"": true}"
7,35740,S15,S7,"{""agreement"": 0.7400434613227844, ""completed"": true}"
7,35760,S7,S15,"{""agreement"": 0.24522557854652405, ""completed"": true}"
7,35760,S15,S7,"{""agreement"": -0.9285005927085876, ""completed"": true}"
7,35780,S7,S15,"{""agreement"": 0.1949845850467682, ""completed"": true}"
7,35780,S15,S7,"{""agreement"": -0.13681480288505554, ""completed"": true}"
7,35800,S7,S15,"{""agreement"": 0.0879700779914856, ""completed"": true}"
7,35800,S15,S7,"{""agreement"": -0.658625602722168, ""completed"": true}"
7,35820,S7,S15,"{""agreement"": -0.5796511173248291, ""completed"": true}"
7,35820,S15,S7,"{""agreement"": -0.8401884436607361, ""completed"": true}"
7,35840,S7,S15,"{""agreement"": -0.6231642365455627, ""completed"": true}"
7,35860,S7,S15,"{""agreement"": 0.11382857710123062, ""completed"": true}"
7,35880,S6,S9,"{""agreement"": -0.5306150913238525, ""completed"": true}"
7,35880,S7,S15,"{""agreement"": -0.03800341486930847, ""completed"": true}"
7,35900,S7,S15,"{""agreement"": -0.16364865005016327, ""completed"": true}"
7,35920,S7,S15,"{""agreement"": 0.06236284226179123, ""completed"": true}"
7,35940,S7,S15,"{""agreement"": -0.6280474066734314, ""completed"": true}"
7,35960,S7,S3,"{""agreement"": -0.9100812077522278, ""completed"": true}"
7,36180,S3,S8,"{""agreement"": 0.1889803111553192, ""completed"": true}"
7,36340,S5,S13,"{""agreement"": 0.44239190220832825, ""completed"": true}"
7,36360,S5,S13,"{""agreement"": -0.5785077214241028, ""completed"": true}"
7,36380,S5,S13,"{""agreement"": 0.09415624290704727, ""completed"": true}"
7,36400,S5,S13,"{""agreement"": 0.9058472514152527, ""completed"": true}"
7,36420,S5,S13,"{""agreement"": 0.9711510539054871, ""completed"": true}"
7,36440,S5,S13,"{""agreement"": -0.9602682590484619, ""completed"": true}"
7,36460,S5,S13,"{""agreement"": -0.3053898215293884, ""completed"": true}"
7,36480,S5,S13,"{""agreement"": -0.7805725336074829, ""completed"": true}"
7,36520,S5,S7,"{""agreement"": -0.3089478611946106, ""completed"": true}"
7,36520,S7,S5,"{""agreement"": -0.5858843326568604, ""completed"": true}"
7,36540,S5,S7,"{""agreement"": 0.6162712574005127, ""completed"": true}"
7,36560,S5,S7,"{""agreement"": 0.4749167561531067, ""completed"": true}"
7,36580,S5,S7,"{""agreement"": -0.5356989502906799, ""completed"": true}"
7,36760,S11,S15,"{""agreement"": 0.39801567792892456, ""completed"": true}"
7,36760,S15,S11,"{""agreement"": -0.8598272204399109, ""completed"": true}"
7,36780,S11,S15,"{""agreement"": -0.11246365308761597, ""completed"": true}"
7,36780,S15,S11,"{""agreement"": -0.11194606125354767, ""completed"": true}"
7,36800,S11,S15,"{""agreement"": 0.5390697717666626, ""completed"": true}"
7,36800,S15,S11,"{""agreement"": -0.8383800983428955, ""completed"": true}"
7,36820,S11,S15,"{""agreement"": -0.2566032111644745, ""completed"": true}"
7,36840,S11,S15,"{""agreement"": 0.010756251402199268, ""completed"": true}"
7,36860,S11,S15,"{""agreement"": 0.21246331930160522, ""completed"": true}"
7,36880,S11,S15,"{""agreement"": 0.0462750568985939, ""completed"": true}"
7,36900,S11,S15,"{""agreement"": 0.12262111902236938, ""completed"": true}"
7,36920,S11,S15,"{""agreement"": -0.2193884700536728, ""completed"": true}"
7,36940,S11,S15,"{""agreement"": 0.18037301301956177, ""completed"": true}"
7,36960,S11,S15,"{""agreement"": 0.07167135924100876, ""completed"": true}"
7,36980,S11,S15,"{""agreement"": -0.7243546843528748, ""completed"": true}"
7,37000,S11,S15,"{""agreement"": 0.5427548885345459, ""completed"": true}"
7,37020,S16,S13,"{""agreement"": 0.05266483500599861, ""completed"": true}"
7,37020,S11,S15,"{""agreement"": -0.047983258962631226, ""completed"": true}"
7,37040,S16,S13,"{""agreement"": 0.6774159669876099, ""completed"": true}"
7,37040,S11,S15,"{""agreement"": -0.595353364944458, ""completed"": true}"
7,37060,S16,S13,"{""agreement"": -0.01830514520406723, ""completed"": true}"
7,37060,S11,S15,"{""agreement"": -0.41360485553741455, ""completed"": true}"
7,37080,S16,S13,"{""agreement"": 0.6231131553649902, ""completed"": true}"
7,37100,S16,S13,"{""agreement"": 0.7954606413841248, ""completed"": true}"
7,37340,S5,S15,"{""agreement"": 0.8159001469612122, ""completed"": true}"
7,37340,S15,S5,"{""agreement"": -0.7353331446647644, ""completed"": true}"
7,37360,S5,S15,"{""agreement"": 0.03219391033053398, ""completed"": true}"
7,37360,S15,S5,"{""agreement"": 0.42868316173553467, ""completed"": true}"
7,37380,S5,S15,"{""agreement"": 0.08804712444543839, ""completed"": true}"
7,37380,S15,S5,"{""agreement"": -0.11301670223474503, ""completed"": true}"
7,37400,S5,S15,"{""agreement"": -0.09052954614162445, ""completed"": true}"
7,37400,S15,S5,"{""agreement"": 0.2861918807029724, ""completed"": true}"
7,37820,S15,S3,"{""agreement"": -0.27500754594802856, ""completed"": true}"
7,37840,S15,S3,"{""agreement"": -0.38679081201553345, ""completed"": true}"
7,38460,S15,S9,"{""agreement"": -0.12839944660663605, ""completed"": true}"
7,38480,S15,S9,"{""agreement"": -0.06736044585704803, ""completed"": true}"
7,38500,S3,S6,"{""agreement"": 0.5528805255889893, ""completed"": true}"
7,38520,S3,S6,"{""agreement"": -0.21502655744552612, ""completed"": true}"
7,38540,S3,S6,"{""agreement"": 0.33049482107162476, ""completed"": true}"
7,38560,S3,S6,"{""agreement"": -0.47599294781684875, ""completed"": true}"
7,38580,S3,S6,"{""agreement"": -0.2103278487920761, ""completed"": true}"
7,38600,S3,S6,"{""agreement"": 0.5009318590164185, ""completed"": true}"
7,38620,S3,S6,"{""agreement"": 0.721096932888031, ""completed"": true}"
7,38640,S3,S6,"{""agreement"": -0.09764980524778366, ""completed"": true}"
7,38660,S16,S13,"{""agreement"": 0.1451515406370163, ""completed"": true}"
7,38660,S3,S6,"{""agreement"": -0.11725806444883347, ""completed"": true}"
7,38680,S16,S13,"{""agreement"": -0.13224779069423676, ""completed"": true}"
7,38680,S3,S6,"{""agreement"": 0.5976139903068542, ""completed"": true}"
7,38700,S16,S13,"{""agreement"": 0.5164269804954529, ""completed"": true}"
7,38700,S3,S6,"{""agreement"": -0.5213592648506165, ""completed"": true}"
7,38720,S16,S13,"{""agreement"": 0.6772028207778931, ""completed"": true}"
7,38720,S3,S6,"{""agreement"": 0.49949294328689575, ""completed"": true}"
7,38740,S15,S9,"{""agreement"": 0.6615176200866699, ""completed"": true}"
7,38740,S16,S13,"{""agreement"": -0.6813690662384033, ""completed"": true}"
7,38740,S3,S6,"{""agreement"": -0.5959717631340027, ""completed"": true}"
7,38760,S15,S9,"{""agreement"": 0.8972280025482178, ""completed"": true}"
7,38760,S16,S13,"{""agreement"": 0.7359262108802795, ""completed"": true}"
7,38760,S3,S6,"{""agreement"": -0.15726439654827118, ""completed"": true}"
7,38780,S15,S9,"{""agreement"": -0.9502705931663513, ""completed"": true}"
7,38780,S16,S13,"{""agreement"": 0.35915857553482056, ""completed"": true}"
7,38780,S3,S6,"{""agreement"": 0.24806015193462372, ""completed"": true}"
7,38800,S15,S9,"{""agreement"": 0.6710044741630554, ""completed"": true}"
7,38800,S16,S13,"{""agreement"": -0.45613905787467957, ""completed"": true}"
7,38800,S3,S6,"{""agreement"": 0.09082173556089401, ""completed"": true}"
7,38820,S16,S13,"{""agreement"": 0.6535292267799377, ""completed"": true}"
7,38840,S16,S13,"{""agreement"": -0.6814146637916565, ""completed"": true}"
7,38860,S16,S13,"{""agreement"": 0.046997424215078354, ""completed"": true}"
7,38880,S16,S13,"{""agreement"": 0.6102227568626404, ""completed"": true}"
7,38900,S16,S13,"{""agreement"": -0.29127389192581177, ""completed"": true}"
7,38920,S16,S13,"{""agreement"": -0.08335345983505249, ""completed"": true}"
7,38940,S16,S13,"{""agreement"": -0.6010041236877441, ""completed"": true}"
7,39840,S3,S8,"{""agreement"": -0.5348881483078003, ""completed"": true}"
7,39860,S3,S8,"{""agreement"": 0.4085942804813385, ""completed"": true}"
7,39880,S3,S8,"{""agreement"": 0.16005757451057434, ""completed"": true}"
7,39900,S3,S8,"{""agreement"": 0.44680556654930115, ""completed"": true}"
7,39920,S3,S8,"{""agreement"": 0.23326732218265533, ""completed"": true}"
7,40400,S6,S9,"{""agreement"": 0.568900465965271, ""completed"": true}"
7,40980,S11,S8,"{""agreement"": 0.011215567588806152, ""completed"": true}"
7,41000,S11,S8,"{""agreement"": 0.46482452750205994, ""completed"": true}"
7,41020,S11,S8,"{""agreement"": -0.27437007427215576, ""completed"": true}"
7,41800,S5,S11,"{""agreement"": -0.5659011602401733, ""completed"": true}"
7,41800,S11,S5,"{""agreement"": -0.2564528286457062, ""completed"": true}"
7,41820,S5,S11,"{""agreement"": -0.06147037819027901, ""completed"": true}"
7,41820,S11,S5,"{""agreement"": 0.45299801230430603, ""completed"": true}"
7,41840,S5,S11,"{""agreement"": 0.6482787132263184, ""completed"": true}"
7,41840,S11,S5,"{""agreement"": -0.7925602793693542, ""completed"": true}"
7,41840,S6,S11,"{""agreement"": -0.2462117224931717, ""completed"": true}"
7,41860,S5,S11,"{""agreement"": 0.37412914633750916, ""completed"": true}"
7,41860,S11,S6,"{""agreement"": 0.12655363976955414, ""completed"": true}"
7,41860,S6,S11,"{""agreement"": -0.5805814266204834, ""completed"": true}"
7,41880,S5,S11,"{""agreement"": 0.7460747361183167, ""completed"": true}"
7,41880,S11,S6,"{""agreement"": -0.45087987184524536, ""completed"": true}"
7,41880,S6,S11,"{""agreement"": -0.7213042378425598, ""completed"": true}"
7,41900,S5,S11,"{""agreement"": -0.6753294467926025, ""completed"": true}"
7,41900,S11,S5,"{""agreement"": -0.05096610262989998, ""completed"": true}"
7,41920,S5,S11,"{""agreement"": -0.9431876540184021, ""completed"": true}"
7,41920,S11,S5,"{""agreement"": 0.8968749642372131, ""completed"": true}"
7,41940,S5,S11,"{""agreement"": -0.10794489085674286, ""completed"": true}"
7,41940,S11,S5,"{""agreement"": 0.02026313543319702, ""completed"": true}"
7,41960,S5,S11,"{""agreement"": -0.7193044424057007, ""completed"": true}"
7,41960,S11,S5,"{""agreement"": 0.8213577270507812, ""completed"": true}"
7,41980,S11,S5,"{""agreement"": -0.3081258237361908, ""completed"": true}"
7,42000,S11,S5,"{""agreement"": 0.8180813789367676, ""completed"": true}"
7,42020,S11,S5,"{""agreement"": 0.6831010580062866, ""completed"": true}"
7,42040,S11,S5,"{""agreement"": 0.3656054139137268, ""completed"": true}"
7,42060,S11,S5,"{""agreement"": -0.19020095467567444, ""completed"": true}"
7,42080,S11,S5,"{""agreement"": 0.894095242023468, ""completed"": true}"
7,42100,S11,S5,"{""agreement"": 0.3376785218715668, ""completed"": true}"
7,42120,S11,S5,"{""agreement"": 0.8204416036605835, ""completed"": true}"
7,42140,S11,S5,"{""agreement"": 0.7135393619537354, ""completed"": true}"
7,42160,S11,S5,"{""agreement"": -0.1030927300453186, ""completed"": true}"
7,42180,S11,S5,"{""agreement"": -0.8522535562515259, ""completed"": true}"
7,42200,S11,S5,"{""agreement"": -0.4468860328197479, ""completed"": true}"
7,42220,S11,S5,"{""agreement"": -0.13084152340888977, ""completed"": true}"
7,42240,S11,S5,"{""agreement"": 0.8514099717140198, ""completed"": true}"
7,42260,S11,S5,"{""agreement"": 0.6121479272842407, ""completed"": true}"
7,42280,S11,S5,"{""agreement"": 0.10208790004253387, ""completed"": true}"
7,42300,S11,S5,"{""agreement"": -0.7156793475151062, ""completed"": true}"
7,42320,S11,S8,"{""agreement"": 0.6842859387397766, ""completed"": true}"
7,42340,S11,S8,"{""agreement"": 0.6672230362892151, ""completed"": true}"
7,42360,S11,S8,"{""agreement"": -0.5975778698921204, ""completed"": true}"
7,42380,S11,S8,"{""agreement"": 0.565337598323822, ""completed"": true}"
7,42400,S11,S8,"{""agreement"": 0.9335470795631409, ""completed"": true}"
7,42420,S11,S8,"{""agreement"": 0.273759663105011, ""completed"": true}"
7,42440,S11,S8,"{""agreement"": 0.6221647262573242, ""completed"": true}"
7,42460,S11,S8,"{""agreement"": -0.29549098014831543, ""completed"": true}"
7,42480,S11,S8,"{""agreement"": 0.89423006772995, ""completed"": true}"
7,42960,S13,S15,"{""agreement"": 0.5531519651412964, ""completed"": true}"
7,42960,S15,S13,"{""agreement"": 0.09671066701412201, ""completed"": true}"
7,42980,S13,S15,"{""agreement"": -0.4119817018508911, ""completed"": true}"
7,42980,S15,S13,"{""agreement"": 0.15535509586334229, ""completed"": true}"
7,43000,S13,S15,"{""agreement"": -0.604746401309967, ""completed"": true}"
7,43000,S15,S13,"{""agreement"": -0.7339820861816406, ""completed"": true}"
7,43280,S3,S6,"{""agreement"": 0.3768983781337738, ""completed"": true}"
7,43300,S3,S6,"{""agreement"": -0.18796706199645996, ""completed"": true}"
7,43320,S3,S6,"{""agreement"": 0.5431182384490967, ""completed"": true}"
7,43340,S3,S6,"{""agreement"": -0.3167111277580261, ""completed"": true}"
7,43360,S3,S6,"{""agreement"": 0.3372983932495117, ""completed"": true}"
7,43380,S3,S6,"{""agreement"": 0.39344942569732666, ""completed"": true}"
7,43400,S13,S8,"{""agreement"": 0.7316977381706238, ""completed"": true}"
7,43400,S3,S6,"{""agreement"": -0.2093939334154129, ""completed"": true}"
7,43420,S13,S8,"{""agreement"": -0.4845975935459137, ""completed"": true}"
7,43420,S3,S6,"{""agreement"": 0.48147207498550415, ""completed"": true}"
7,43440,S13,S8,"{""agreement"": 0.21749600768089294, ""completed"": true}"
7,43440,S3,S6,"{""agreement"": 0.18861928582191467, ""completed"": true}"
7,43460,S13,S8,"{""agreement"": 0.5855369567871094, ""completed"": true}"
7,43460,S3,S6,"{""agreement"": -0.259876549243927, ""completed"": true}"
7,43460,S11,S6,"{""agreement"": -0.28207701444625854, ""completed"": true}"
7,43480,S13,S8,"{""agreement"": -0.8896269798278809, ""completed"": true}"
7,43480,S3,S6,"{""agreement"": -0.4994751214981079, ""completed"": true}"
7,43480,S11,S6,"{""agreement"": 0.4518679678440094, ""completed"": true}"
7,43500,S13,S8,"{""agreement"": 0.904242217540741, ""completed"": true}"
7,43500,S3,S6,"{""agreement"": 0.7047204375267029, ""completed"": true}"
7,43500,S11,S6,"{""agreement"": 0.7389523983001709, ""completed"": true}"
7,43520,S13,S8,"{""agreement"": -0.7357873916625977, ""completed"": true}"
7,43520,S11,S6,"{""agreement"": -0.7053877115249634, ""completed"": true}"
7,43540,S13,S8,"{""agreement"": -0.7930726408958435, ""completed"": true}"
7,43540,S11,S6,"{""agreement"": 0.7791066765785217, ""completed"": true}"
7,43560,S11,S6,"{""agreement"": -0.5931059718132019, ""completed"": true}"
7,43580,S11,S6,"{""agreement"": 0.6238141059875488, ""completed"": true}"
7,43600,S11,S6,"{""agreement"": -0.08477715402841568, ""completed"": true}"
7,43620,S11,S6,"{""agreement"": 0.23179033398628235, ""completed"": true}"
7,43640,S11,S6,"{""agreement"": 0.28187260031700134, ""completed"": true}"
7,43660,S11,S6,"{""agreement"": -0.6285553574562073, ""completed"": true}"
7,43680,S11,S6,"{""agreement"": 0.2800961136817932, ""completed"": true}"
7,43700,S11,S6,"{""agreement"": -0.32632556557655334, ""completed"": true}"
7,43720,S11,S6,"{""agreement"": -0.18826806545257568, ""completed"": true}"
7,43740,S11,S6,"{""agreement"": 0.3645443916320801, ""completed"": true}"
7,43760,S11,S6,"{""agreement"": -0.6062212586402893, ""completed"": true}"
7,43900,S15,S9,"{""agreement"": -0.7918626070022583, ""completed"": true}"
7,43920,S15,S9,"{""agreement"": 0.3059037923812866, ""completed"": true}"
7,44160,S5,S3,"{""agreement"": 0.6788546442985535, ""completed"": true}"
7,44160,S3,S5,"{""agreement"": -0.46032804250717163, ""completed"": true}"
7,44180,S5,S3,"{""agreement"": -0.2792586386203766, ""completed"": true}"
7,44180,S3,S5,"{""agreement"": -0.3099833130836487, ""completed"": true}"
7,44200,S5,S3,"{""agreement"": 0.36758124828338623, ""completed"": true}"
7,44200,S3,S5,"{""agreement"": 0.21619918942451477, ""completed"": true}"
7,44220,S5,S3,"{""agreement"": -0.14007706940174103, ""completed"": true}"
7,44220,S3,S5,"{""agreement"": -0.4230630695819855, ""completed"": true}"
7,44240,S5,S3,"{""agreement"": 0.3362888693809509, ""completed"": true}"
7,44240,S3,S5,"{""agreement"": -0.5496703386306763, ""completed"": true}"
7,44260,S5,S3,"{""agreement"": 0.009736612439155579, ""completed"": true}"
7,44280,S5,S7,"{""agreement"": -0.08480364084243774, ""completed"": true}"
7,44300,S5,S3,"{""agreement"": -0.2270122617483139, ""completed"": true}"
7,44320,S5,S7,"{""agreement"": 0.175594761967659, ""completed"": true}"
7,44340,S5,S7,"{""agreement"": 0.5009440779685974, ""completed"": true}"
7,44360,S5,S3,"{""agreement"": -0.15417955815792084, ""completed"": true}"
7,44380,S5,S3,"{""agreement"": 0.19748002290725708, ""completed"": true}"
7,44400,S5,S3,"{""agreement"": -0.6823910474777222, ""completed"": true}"
7,44420,S5,S3,"{""agreement"": -0.856503427028656, ""completed"": true}"
7,44580,S15,S16,"{""agreement"": 0.03045043535530567, ""completed"": true}"
7,44600,S15,S16,"{""agreement"": 0.660645604133606, ""completed"": true}"
7,44620,S15,S16,"{""agreement"": 0.15721885859966278, ""completed"": true}"
7,44640,S15,S16,"{""agreement"": 0.9316959977149963, ""completed"": true}"
7,44660,S15,S16,"{""agreement"": -0.5229531526565552, ""completed"": true}"
7,44680,S15,S16,"{""agreement"": 0.09018614888191223, ""completed"": true}"
7,44700,S15,S16,"{""agreement"": -0.1508379727602005, ""completed"": true}"
7,44720,S15,S16,"{""agreement"": -0.16029472649097443, ""completed"": true}"
7,44740,S15,S16,"{""agreement"": -0.5082181692123413, ""completed"": true}"
7,44760,S15,S16,"{""agreement"": -0.8066949248313904, ""completed"": true}"
7,44900,S11,S9,"{""agreement"": -0.504412055015564, ""completed"": true}"
7,45060,S6,S8,"{""agreement"": -0.09749719500541687, ""completed"": true}"
7,45060,S8,S6,"{""agreement"": 0.07362867146730423, ""completed"": true}"
7,45080,S6,S8,"{""agreement"": -0.3782881796360016, ""completed"": true}"
7,45080,S8,S6,"{""agreement"": -0.13073845207691193, ""completed"": true}"
7,45180,S7,S8,"{""agreement"": 0.35513368248939514, ""completed"": true}"
7,45180,S8,S7,"{""agreement"": -0.10064705461263657, ""completed"": true}"
7,45200,S7,S8,"{""agreement"": -0.8348757028579712, ""completed"": true}"
7,45200,S8,S7,"{""agreement"": 0.9254820942878723, ""completed"": true}"
7,45220,S7,S8,"{""agreement"": 0.6812306642532349, ""completed"": true}"
7,45220,S8,S7,"{""agreement"": 0.8043438196182251, ""completed"": true}"
7,45240,S7,S8,"{""agreement"": 0.4662981629371643, ""completed"": true}"
7,45240,S8,S7,"{""agreement"": 0.9310401678085327, ""completed"": true}"
7,45260,S7,S8,"{""agreement"": -0.6501814723014832, ""completed"": true}"
7,45260,S8,S7,"{""agreement"": -0.8257532119750977, ""completed"": true}"
7,45280,S7,S8,"{""agreement"": -0.32518213987350464, ""completed"": true}"
7,45280,S8,S7,"{""agreement"": -0.8786445260047913, ""completed"": true}"
7,45540,S5,S16,"{""agreement"": -0.20991139113903046, ""completed"": true}"
7,45540,S16,S5,"{""agreement"": 0.7920706272125244, ""completed"": true}"
7,45560,S5,S16,"{""agreement"": -0.11991521716117859, ""completed"": true}"
7,45560,S16,S5,"{""agreement"": -0.6653808951377869, ""completed"": true}"
7,45560,S3,S8,"{""agreement"": 0.3652656674385071, ""completed"": true}"
7,45580,S5,S16,"{""agreement"": 0.08592306077480316, ""completed"": true}"
7,45580,S16,S5,"{""agreement"": -0.01021076925098896, ""completed"": true}"
7,45580,S3,S8,"{""agreement"": -0.6042048931121826, ""completed"": true}"
7,45600,S5,S16,"{""agreement"": 0.04964470863342285, ""completed"": true}"
7,45600,S16,S5,"{""agreement"": 0.6308998465538025, ""completed"": true}"
7,45600,S11,S7,"{""agreement"": -0.5941464900970459, ""completed"": true}"
7,45600,S3,S8,"{""agreement"": -0.2508159577846527, ""completed"": true}"
7,45620,S5,S16,"{""agreement"": 0.5301803350448608, ""completed"": true}"
7,45620,S16,S5,"{""agreement"": 0.9561828970909119, ""completed"": true}"
7,45620,S3,S8,"{""agreement"": -0.9063486456871033, ""completed"": true}"
7,45640,S5,S16,"{""agreement"": 0.8139739036560059, ""completed"": true}"
7,45640,S16,S5,"{""agreement"": -0.8750399351119995, ""completed"": true}"
7,45660,S5,S16,"{""agreement"": -0.5174486637115479, ""completed"": true}"
7,45660,S16,S5,"{""agreement"": -0.6454324126243591, ""completed"": true}"
7,45680,S5,S16,"{""agreement"": -0.3732905685901642, ""completed"": true}"
7,45680,S16,S5,"{""agreement"": 0.8581733107566833, ""completed"": true}"
7,45700,S5,S16,"{""agreement"": 0.8158472776412964, ""completed"": true}"
7,45700,S16,S5,"{""agreement"": -0.2905253469944, ""completed"": true}"
7,45720,S5,S16,"{""agreement"": 0.09864464402198792, ""completed"": true}"
7,45720,S16,S5,"{""agreement"": 0.7205731868743896, ""completed"": true}"
7,45740,S5,S16,"{""agreement"": 0.8941110968589783, ""completed"": true}"
7,45740,S16,S5,"{""agreement"": -0.9447683095932007, ""completed"": true}"
7,45760,S5,S16,"{""agreement"": -0.8066785335540771, ""completed"": true}"
7,45760,S16,S5,"{""agreement"": 0.7107435464859009, ""completed"": true}"
7,45780,S5,S16,"{""agreement"": 0.7129315733909607, ""completed"": true}"
7,45780,S16,S5,"{""agreement"": 0.17039763927459717, ""completed"": true}"
7,45800,S5,S16,"{""agreement"": -0.41535627841949463, ""completed"": true}"
7,45800,S16,S5,"{""agreement"": 0.4606042802333832, ""completed"": true}"
7,45820,S5,S16,"{""agreement"": -0.23779019713401794, ""completed"": true}"
7,45820,S16,S5,"{""agreement"": 0.9283896684646606, ""completed"": true}"
7,45840,S5,S16,"{""agreement"": 0.8920745253562927, ""completed"": true}"
7,45840,S16,S5,"{""agreement"": -0.7758985161781311, ""completed"": true}"
7,45860,S5,S16,"{""agreement"": -0.4204792082309723, ""completed"": true}"
7,45860,S16,S5,"{""agreement"": -0.8044785857200623, ""completed"": true}"
7,46660,S9,S16,"{""agreement"": 0.1735866516828537, ""completed"": true}"
7,46660,S16,S9,"{""agreement"": -0.3548739552497864, ""completed"": true}"
7,46680,S9,S16,"{""agreement"": -0.333431214094162, ""completed"": true}"
7,46680,S16,S9,"{""agreement"": 0.9354978203773499, ""completed"": true}"
7,46700,S9,S16,"{""agreement"": 0.8646537661552429, ""completed"": true}"
7,46700,S16,S9,"{""agreement"": -0.24984250962734222, ""completed"": true}"
7,46720,S9,S16,"{""agreement"": -0.08082537353038788, ""completed"": true}"
7,46720,S16,S9,"{""agreement"": -0.6557196974754333, ""completed"": true}"
7,46740,S9,S16,"{""agreement"": 0.3163125216960907, ""completed"": true}"
7,46740,S16,S9,"{""agreement"": 0.06419510394334793, ""completed"": true}"
7,46760,S9,S16,"{""agreement"": -0.9337707757949829, ""completed"": true}"
7,46760,S16,S9,"{""agreement"": -0.19165678322315216, ""completed"": true}"
7,46780,S9,S16,"{""agreement"": 0.3456900715827942, ""completed"": true}"
7,46780,S16,S9,"{""agreement"": -0.7173400521278381, ""completed"": true}"
7,46800,S9,S16,"{""agreement"": 0.08050286024808884, ""completed"": true}"
7,46820,S9,S16,"{""agreement"": 0.4653506577014923, ""completed"": true}"
7,46840,S9,S16,"{""agreement"": 0.08406274020671844, ""completed"": true}"
7,46840,S6,S8,"{""agreement"": 0.19451852142810822, ""completed"": true}"
7,46840,S8,S6,"{""agreement"": 0.04750014841556549, ""completed"": true}"
7,46860,S9,S16,"{""agreement"": 0.5381655693054199, ""completed"": true}"
7,46860,S6,S8,"{""agreement"": -0.7841745615005493, ""completed"": true}"
7,46860,S8,S6,"{""agreement"": -0.013818668201565742, ""completed"": true}"
7,46880,S9,S16,"{""agreement"": 0.13081276416778564, ""completed"": true}"
7,46880,S8,S6,"{""agreement"": -0.43559831380844116, ""completed"": true}"
7,46900,S9,S16,"{""agreement"": 0.6473250389099121, ""completed"": true}"
7,46900,S8,S6,"{""agreement"": -0.3221580684185028, ""completed"": true}"
7,46920,S9,S16,"{""agreement"": 0.7349841594696045, ""completed"": true}"
7,46940,S9,S16,"{""agreement"": 0.03268899768590927, ""completed"": true}"
7,46960,S9,S16,"{""agreement"": 0.9117627143859863, ""completed"": true}"
7,46980,S9,S16,"{""agreement"": 0.6809291839599609, ""completed"": true}"
7,47000,S9,S16,"{""agreement"": -0.03890134021639824, ""completed"": true}"
7,47020,S9,S16,"{""agreement"": 0.8373461365699768, ""completed"": true}"
7,47040,S9,S16,"{""agreement"": -0.3128431439399719, ""completed"": true}"
7,47060,S9,S16,"{""agreement"": -0.782148540019989, ""completed"": true}"
7,47080,S9,S16,"{""agreement"": -0.009600983932614326, ""completed"": true}"
7,47100,S9,S16,"{""agreement"": -0.653744637966156, ""completed"": true}"
7,47120,S9,S16,"{""agreement"": -0.24485738575458527, ""completed"": true}"
7,47760,S11,S9,"{""agreement"": 0.7889849543571472, ""completed"": true}"
7,47780,S11,S9,"{""agreement"": 0.47422751784324646, ""completed"": true}"
7,47800,S11,S9,"{""agreement"": 0.10549023747444153, ""completed"": true}"
7,47820,S11,S9,"{""agreement"": -0.8331711888313293, ""completed"": true}"
7,47840,S11,S9,"{""agreement"": 0.6878938674926758, ""completed"": true}"
7,47860,S11,S9,"{""agreement"": -0.5943984985351562, ""completed"": true}"
7,48640,S15,S6,"{""agreement"": 0.22664722800254822, ""completed"": true}"
7,48640,S6,S15,"{""agreement"": 0.20253261923789978, ""completed"": true}"
7,48660,S15,S6,"{""agreement"": -0.4289413392543793, ""completed"": true}"
7,48660,S6,S15,"{""agreement"": 0.913414716720581, ""completed"": true}"
7,48680,S15,S6,"{""agreement"": -0.8830409646034241, ""completed"": true}"
7,48680,S6,S15,"{""agreement"": -0.11387559771537781, ""completed"": true}"
7,48700,S6,S15,"{""agreement"": 0.8179330825805664, ""completed"": true}"
7,48720,S6,S15,"{""agreement"": -0.3241022527217865, ""completed"": true}"
7,48740,S6,S15,"{""agreement"": 0.7979311943054199, ""completed"": true}"
7,48760,S6,S15,"{""agreement"": 0.0326826386153698, ""completed"": true}"
7,48780,S6,S15,"{""agreement"": -0.23984767496585846, ""completed"": true}"
7,48800,S6,S15,"{""agreement"": 0.8952202796936035, ""completed"": true}"
7,48820,S6,S15,"{""agreement"": -0.7760383486747742, ""completed"": true}"
7,48840,S6,S15,"{""agreement"": -0.7168907523155212, ""completed"": true}"
7,48860,S6,S15,"{""agreement"": -0.029610877856612206, ""completed"": true}"
7,48880,S6,S15,"{""agreement"": -0.7380996346473694, ""completed"": true}"
7,49040,S5,S15,"{""agreement"": -0.31312379240989685, ""completed"": true}"
7,49040,S15,S5,"{""agreement"": 0.42041534185409546, ""completed"": true}"
7,49060,S5,S15,"{""agreement"": 0.5662160515785217, ""completed"": true}"
7,49060,S15,S5,"{""agreement"": 0.7950085997581482, ""completed"": true}"
7,49080,S5,S15,"{""agreement"": -0.08353008329868317, ""completed"": true}"
7,49080,S15,S5,"{""agreement"": -0.12313327938318253, ""completed"": true}"
7,49100,S5,S15,"{""agreement"": 0.19600915908813477, ""completed"": true}"
7,49100,S15,S5,"{""agreement"": -0.7251485586166382, ""completed"": true}"
7,49120,S5,S15,"{""agreement"": 0.5332947373390198, ""completed"": true}"
7,49120,S15,S5,"{""agreement"": 0.19964288175106049, ""completed"": true}"
7,49140,S5,S15,"{""agreement"": -0.5600267648696899, ""completed"": true}"
7,49140,S15,S5,"{""agreement"": 0.698618471622467, ""completed"": true}"
7,49160,S5,S15,"{""agreement"": 0.8302480578422546, ""completed"": true}"
7,49160,S15,S5,"{""agreement"": 0.17795617878437042, ""completed"": true}"
7,49180,S5,S15,"{""agreement"": 0.7442271113395691, ""completed"": true}"
7,49180,S15,S5,"{""agreement"": -0.4602371156215668, ""completed"": true}"
7,49200,S5,S15,"{""agreement"": -0.9653966426849365, ""completed"": true}"
7,49200,S15,S5,"{""agreement"": 0.8693572878837585, ""completed"": true}"
7,49220,S5,S15,"{""agreement"": 0.7131136655807495, ""completed"": true}"
7,49220,S15,S5,"{""agreement"": -0.623582124710083, ""completed"": true}"
7,49240,S5,S15,"{""agreement"": -0.8995871543884277, ""completed"": true}"
7,49240,S15,S5,"{""agreement"": -0.20315098762512207, ""completed"": true}"
7,49260,S5,S15,"{""agreement"": -0.39811521768569946, ""completed"": true}"
7,49260,S15,S5,"{""agreement"": -0.672958254814148, ""completed"": true}"
7,50060,S11,S9,"{""agreement"": 0.8625420331954956, ""completed"": true}"
7,50080,S11,S9,"{""agreement"": 0.4788491129875183, ""completed"": true}"
7,50100,S11,S9,"{""agreement"": -0.6283635497093201, ""completed"": true}"
7,50120,S11,S9,"{""agreement"": -0.4907771646976471, ""completed"": true}"
7,50140,S11,S9,"{""agreement"": 0.6659500002861023, ""completed"": true}"
7,50160,S11,S9,"{""agreement"": -0.7921742796897888, ""completed"": true}"
7,50180,S11,S9,"{""agreement"": -0.13848018646240234, ""completed"": true}"
7,50200,S11,S9,"{""agreement"": -0.5638675093650818, ""completed"": true}"
7,51720,S6,S9,"{""agreement"": -0.32527509331703186, ""completed"": true}"
7,51740,S6,S9,"{""agreement"": 0.6596478223800659, ""completed"": true}"
7,51760,S6,S9,"{""agreement"": 0.01395754050463438, ""completed"": true}"
7,51780,S6,S9,"{""agreement"": 0.2712889611721039, ""completed"": true}"
7,51800,S6,S9,"{""agreement"": 0.8939018845558167, ""completed"": true}"
7,51820,S6,S9,"{""agreement"": 0.40029728412628174, ""completed"": true}"
7,51920,S9,S7,"{""agreement"": -0.5269802808761597, ""completed"": true}"
7,51920,S7,S9,"{""agreement"": 0.9070125818252563, ""completed"": true}"
7,51940,S9,S7,"{""agreement"": 0.9471630454063416, ""completed"": true}"
7,51940,S7,S9,"{""agreement"": 0.23481915891170502, ""completed"": true}"
7,53000,S7,S6,"{""agreement"": 0.014845786616206169, ""completed"": true}"
7,53000,S6,S7,"{""agreement"": 0.8620486855506897, ""completed"": true}"
7,53020,S7,S6,"{""agreement"": 0.36763083934783936, ""completed"": true}"
7,53020,S6,S7,"{""agreement"": 0.40795600414276123, ""completed"": true}"
7,53040,S7,S6,"{""agreement"": -0.4365186393260956, ""completed"": true}"
7,53040,S6,S7,"{""agreement"": 0.6399351954460144, ""completed"": true}"
7,53180,S16,S6,"{""agreement"": 0.4426540732383728, ""completed"": true}"
7,53180,S6,S16,"{""agreement"": -0.14452561736106873, ""completed"": true}"
7,53200,S16,S6,"{""agreement"": 0.6598954796791077, ""completed"": true}"
7,53200,S6,S16,"{""agreement"": 0.048014938831329346, ""completed"": true}"
7,53220,S16,S6,"{""agreement"": 0.5134897828102112, ""completed"": true}"
7,53220,S6,S16,"{""agreement"": 0.42155981063842773, ""completed"": true}"
7,53240,S16,S6,"{""agreement"": 0.22559233009815216, ""completed"": true}"
7,53240,S6,S16,"{""agreement"": 0.19761978089809418, ""completed"": true}"
7,53260,S16,S6,"{""agreement"": -0.5573432445526123, ""completed"": true}"
7,53260,S6,S16,"{""agreement"": 0.25192365050315857, ""completed"": true}"
7,53280,S16,S6,"{""agreement"": 0.6148099303245544, ""completed"": true}"
7,53280,S6,S16,"{""agreement"": -0.2955917716026306, ""completed"": true}"
7,53300,S16,S6,"{""agreement"": 0.31324630975723267, ""completed"": true}"
7,53300,S6,S16,"{""agreement"": 0.2951430082321167, ""completed"": true}"
7,53320,S16,S6,"{""agreement"": -0.46230030059814453, ""completed"": true}"
7,53320,S6,S16,"{""agreement"": 0.5070568919181824, ""completed"": true}"
7,53340,S16,S6,"{""agreement"": -0.21558313071727753, ""completed"": true}"
7,53340,S6,S16,"{""agreement"": 0.24912503361701965, ""completed"": true}"
7,53360,S3,S9,"{""agreement"": 0.05142898112535477, ""completed"": true}"
7,53360,S16,S6,"{""agreement"": 0.6490513682365417, ""completed"": true}"
7,53360,S6,S16,"{""agreement"": -0.2572247087955475, ""completed"": true}"
7,53380,S3,S9,"{""agreement"": 0.012552757747471333, ""completed"": true}"
7,53380,S16,S6,"{""agreement"": 0.6125611662864685, ""completed"": true}"
7,53380,S6,S16,"{""agreement"": 0.3539615273475647, ""completed"": true}"
7,53400,S3,S9,"{""agreement"": 0.04589152708649635, ""completed"": true}"
7,53400,S16,S6,"{""agreement"": -0.7016543745994568, ""completed"": true}"
7,53400,S6,S16,"{""agreement"": -0.8072991371154785, ""completed"": true}"
7,53420,S3,S9,"{""agreement"": 0.11411228030920029, ""completed"": true}"
7,53420,S16,S6,"{""agreement"": 0.7113432288169861, ""completed"": true}"
7,53420,S6,S16,"{""agreement"": -0.1097697913646698, ""completed"": true}"
7,53440,S3,S9,"{""agreement"": -0.10118519514799118, ""completed"": true}"
7,53440,S16,S6,"{""agreement"": -0.8406346440315247, ""completed"": true}"
7,53440,S6,S16,"{""agreement"": 0.3913441002368927, ""completed"": true}"
7,53460,S3,S9,"{""agreement"": 0.7442061305046082, ""completed"": true}"
7,53460,S16,S6,"{""agreement"": -0.1393427699804306, ""completed"": true}"
7,53460,S6,S16,"{""agreement"": 0.7144804000854492, ""completed"": true}"
7,53480,S3,S9,"{""agreement"": 0.23646663129329681, ""completed"": true}"
7,53480,S16,S6,"{""agreement"": 0.8976735472679138, ""completed"": true}"
7,53480,S6,S16,"{""agreement"": -0.06044214218854904, ""completed"": true}"
7,53500,S3,S9,"{""agreement"": 0.7131399512290955, ""completed"": true}"
7,53500,S16,S6,"{""agreement"": -0.3573470115661621, ""completed"": true}"
7,53500,S6,S16,"{""agreement"": 0.941771388053894, ""completed"": true}"
7,53520,S3,S9,"{""agreement"": -0.7230888605117798, ""completed"": true}"
7,53520,S16,S6,"{""agreement"": -0.6420809030532837, ""completed"": true}"
7,53520,S6,S16,"{""agreement"": -0.6438477039337158, ""completed"": true}"
7,53540,S3,S9,"{""agreement"": -0.06545547395944595, ""completed"": true}"
7,53540,S16,S6,"{""agreement"": -0.218951016664505, ""completed"": true}"
7,53540,S6,S16,"{""agreement"": 0.34697067737579346, ""completed"": true}"
7,53560,S3,S9,"{""agreement"": 0.35586437582969666, ""completed"": true}"
7,53560,S7,S8,"{""agreement"": 0.945183515548706, ""completed"": true}"
7,53560,S8,S7,"{""agreement"": -0.43554797768592834, ""completed"": true}"
7,53560,S6,S16,"{""agreement"": -0.8130456209182739, ""completed"": true}"
7,53580,S3,S9,"{""agreement"": -0.5860905051231384, ""completed"": true}"
7,53580,S7,S8,"{""agreement"": -0.33407285809516907, ""completed"": true}"
7,53580,S8,S7,"{""agreement"": 0.3631700873374939, ""completed"": true}"
7,53580,S6,S16,"{""agreement"": 0.12227363139390945, ""completed"": true}"
7,53600,S3,S9,"{""agreement"": -0.7181149125099182, ""completed"": true}"
7,53600,S15,S9,"{""agreement"": 0.09611411392688751, ""completed"": true}"
7,53600,S7,S8,"{""agreement"": 0.731087863445282, ""completed"": true}"
7,53600,S8,S7,"{""agreement"": -0.6504038572311401, ""completed"": true}"
7,53620,S15,S9,"{""agreement"": 0.6685596704483032, ""completed"": true}"
7,53620,S7,S8,"{""agreement"": -0.6378164887428284, ""completed"": true}"
7,53640,S7,S8,"{""agreement"": -0.19375522434711456, ""completed"": true}"
7,53660,S7,S8,"{""agreement"": -0.29580801725387573, ""completed"": true}"
7,53680,S7,S8,"{""agreement"": 0.9619273543357849, ""completed"": true}"
7,53700,S7,S8,"{""agreement"": -0.5130410194396973, ""completed"": true}"
7,53720,S7,S8,"{""agreement"": 0.7150738835334778, ""completed"": true}"
7,53740,S7,S8,"{""agreement"": 0.18269433081150055, ""completed"": true}"
7,53760,S7,S8,"{""agreement"": -0.17979805171489716, ""completed"": true}"
7,53780,S7,S8,"{""agreement"": -0.07724069803953171, ""completed"": true}"
7,54520,S9,S7,"{""agreement"": -0.1489470899105072, ""completed"": true}"
7,54520,S7,S9,"{""agreement"": 0.37701737880706787, ""completed"": true}"
7,55360,S11,S5,"{""agreement"": -0.6799706816673279, ""completed"": true}"
7,55560,S11,S6,"{""agreement"": -0.7551180720329285, ""completed"": true}"
7,56120,S11,S8,"{""agreement"": -0.0506916344165802, ""completed"": true}"
7,56120,S8,S11,"{""agreement"": 0.10599969327449799, ""completed"": true}"
7,56140,S11,S8,"{""agreement"": 0.811417281627655, ""completed"": true}"
7,56140,S8,S11,"{""agreement"": 0.10816553980112076, ""completed"": true}"
7,56160,S11,S8,"{""agreement"": 0.9073852300643921, ""completed"": true}"
7,56160,S8,S11,"{""agreement"": -0.9330711364746094, ""completed"": true}"
7,56180,S11,S8,"{""agreement"": -0.5356844067573547, ""completed"": true}"
7,56200,S11,S8,"{""agreement"": -0.7114219069480896, ""completed"": true}"
7,56220,S11,S8,"{""agreement"": 0.6570473313331604, ""completed"": true}"
7,56240,S11,S8,"{""agreement"": -0.5773701071739197, ""completed"": true}"
7,56260,S11,S8,"{""agreement"": -0.7076029777526855, ""completed"": true}"
7,57740,S9,S7,"{""agreement"": -0.7645748257637024, ""completed"": true}"
7,57740,S7,S9,"{""agreement"": -0.6232212781906128, ""completed"": true}"
7,57760,S9,S7,"{""agreement"": -0.3913740813732147, ""completed"": true}"
7,57760,S7,S9,"{""agreement"": 0.38542604446411133, ""completed"": true}"
7,57780,S9,S7,"{""agreement"": 0.26689252257347107, ""completed"": true}"
7,57780,S7,S9,"{""agreement"": 0.6335704326629639, ""completed"": true}"
7,57800,S9,S7,"{""agreement"": -0.06660091131925583, ""completed"": true}"
7,57800,S7,S9,"{""agreement"": -0.013044876046478748, ""completed"": true}"
7,57820,S9,S7,"{""agreement"": -0.19516544044017792, ""completed"": true}"
7,57820,S7,S9,"{""agreement"": 0.6259037256240845, ""completed"": true}"
7,57840,S9,S7,"{""agreement"": 0.4840114414691925, ""completed"": true}"
7,57840,S7,S9,"{""agreement"": -0.6238577961921692, ""completed"": true}"
7,57840,S6,S9,"{""agreement"": -0.7722010016441345, ""completed"": true}"
7,57860,S9,S7,"{""agreement"": 0.06100881099700928, ""completed"": true}"
7,57860,S7,S9,"{""agreement"": 0.9155514240264893, ""completed"": true}"
7,57880,S9,S7,"{""agreement"": -0.10119497776031494, ""completed"": true}"
7,57880,S7,S9,"{""agreement"": -0.046979859471321106, ""completed"": true}"
7,57900,S9,S7,"{""agreement"": -0.8426503539085388, ""completed"": true}"
7,57900,S7,S9,"{""agreement"": 0.6873774528503418, ""completed"": true}"
7,57920,S7,S9,"{""agreement"": -0.7104802131652832, ""completed"": true}"
7,58100,S16,S13,"{""agreement"": -0.9232186079025269, ""completed"": true}"
7,58900,S3,S6,"{""agreement"": 0.2507147192955017, ""completed"": true}"
7,58920,S3,S6,"{""agreement"": -0.3928898572921753, ""completed"": true}"
7,58940,S3,S6,"{""agreement"": -0.6211104393005371, ""completed"": true}"
7,59100,S5,S16,"{""agreement"": -0.8553642630577087, ""completed"": true}"
7,59100,S16,S5,"{""agreement"": 0.6254154443740845, ""completed"": true}"
7,59120,S16,S5,"{""agreement"": 0.03982783481478691, ""completed"": true}"
7,59140,S16,S5,"{""agreement"": 0.5615206956863403, ""completed"": true}"
7,59160,S16,S5,"{""agreement"": -0.7174293398857117, ""completed"": true}"
7,59180,S16,S5,"{""agreement"": -0.7809097170829773, ""completed"": true}"
7,59220,S15,S9,"{""agreement"": 0.14432965219020844, ""completed"": true}"
7,59240,S15,S9,"{""agreement"": -0.34154558181762695, ""completed"": true}"
7,59260,S15,S9,"{""agreement"": -0.580270528793335, ""completed"": true}"
7,59280,S15,S9,"{""agreement"": 0.4992498755455017, ""completed"": true}"
7,59300,S15,S9,"{""agreement"": 0.8626392483711243, ""completed"": true}"
7,59320,S15,S9,"{""agreement"": -0.32397595047950745, ""completed"": true}"
7,59340,S15,S9,"{""agreement"": 0.7575030326843262, ""completed"": true}"
7,59360,S15,S9,"{""agreement"": -0.1835157424211502, ""completed"": true}"
7,61600,S5,S7,"{""agreement"": 0.30339083075523376, ""completed"": true}"
7,61620,S5,S7,"{""agreement"": 0.163127601146698, ""completed"": true}"
7,61640,S5,S7,"{""agreement"": -0.3364524245262146, ""completed"": true}"
7,61660,S5,S7,"{""agreement"": -0.08341560512781143, ""completed"": true}"
7,61680,S5,S7,"{""agreement"": -0.8175758719444275, ""completed"": true}"
7,62100,S9,S15,"{""agreement"": 0.15371428430080414, ""completed"": true}"
7,62100,S15,S9,"{""agreement"": -0.40549951791763306, ""completed"": true}"
7,62120,S9,S15,"{""agreement"": 0.6644863486289978, ""completed"": true}"
7,62120,S15,S9,"{""agreement"": 0.6153526902198792, ""completed"": true}"
7,62140,S9,S15,"{""agreement"": -0.6955173015594482, ""completed"": true}"
7,62140,S15,S9,"{""agreement"": -0.07865412533283234, ""completed"": true}"
7,62160,S9,S15,"{""agreement"": -0.4683379530906677, ""completed"": true}"
7,62160,S15,S9,"{""agreement"": 0.45319461822509766, ""completed"": true}"
7,62180,S15,S9,"{""agreement"": 0.7896655797958374, ""completed"": true}"
7,62200,S15,S9,"{""agreement"": 0.8135399222373962, ""completed"": true}"
7,63840,S15,S9,"{""agreement"": 0.5547793507575989, ""completed"": true}"
7,64220,S15,S9,"{""agreement"": 0.37563592195510864, ""completed"": true}"
7,64240,S15,S9,"{""agreement"": -0.14703035354614258, ""completed"": true}"
7,64260,S15,S9,"{""agreement"": -0.7261424660682678, ""completed"": true}"
7,66580,S7,S8,"{""agreement"": 0.5092470645904541, ""completed"": true}"
7,66600,S7,S8,"{""agreement"": 0.4697762429714203, ""completed"": true}"
7,66620,S7,S8,"{""agreement"": 0.2769661545753479, ""completed"": true}"
7,66640,S7,S8,"{""agreement"": 0.05941500514745712, ""completed"": true}"
7,66660,S7,S8,"{""agreement"": 0.20771127939224243, ""completed"": true}"
7,66680,S7,S8,"{""agreement"": 0.717894971370697, ""completed"": true}"
7,66700,S7,S8,"{""agreement"": 0.38196897506713867, ""completed"": true}"
7,66720,S7,S8,"{""agreement"": 0.18146349489688873, ""completed"": true}"
7,66740,S7,S8,"{""agreement"": -0.26148876547813416, ""completed"": true}"
7,66760,S7,S8,"{""agreement"": 0.30761030316352844, ""completed"": true}"
7,66780,S7,S8,"{""agreement"": -0.38637521862983704, ""completed"": true}"
7,66800,S7,S8,"{""agreement"": -0.09431488811969757, ""completed"": true}"
7,66820,S7,S8,"{""agreement"": 0.02758401818573475, ""completed"": true}"
7,66840,S7,S8,"{""agreement"": 0.4643734097480774, ""completed"": true}"
7,66860,S7,S8,"{""agreement"": 0.6763274669647217, ""completed"": true}"
7,66880,S7,S8,"{""agreement"": 0.37793365120887756, ""completed"": true}"
7,66900,S7,S8,"{""agreement"": -0.5793322324752808, ""completed"": true}"
7,66920,S7,S8,"{""agreement"": 0.8509207963943481, ""completed"": true}"
7,66940,S7,S8,"{""agreement"": -0.37740811705589294, ""completed"": true}"
7,66960,S7,S8,"{""agreement"": -0.5654511451721191, ""completed"": true}"
7,66980,S7,S8,"{""agreement"": -0.5016827583312988, ""completed"": true}"
7,67760,S7,S9,"{""agreement"": -0.13587424159049988, ""completed"": true}"
7,68180,S7,S9,"{""agreement"": 0.1337900012731552, ""completed"": true}"
7,68200,S7,S9,"{""agreement"": 0.28392231464385986, ""completed"": true}"
7,68220,S7,S9,"{""agreement"": -0.8304682970046997, ""completed"": true}"
7,68240,S7,S9,"{""agreement"": 0.30174052715301514, ""completed"": true}"
7,68260,S7,S9,"{""agreement"": 0.8911808133125305, ""completed"": true}"
7,68280,S7,S9,"{""agreement"": 0.305514395236969, ""completed"": true}"
7,68300,S7,S9,"{""agreement"": 0.9143311977386475, ""completed"": true}"
7,71100,S5,S9,"{""agreement"": 0.6374952793121338, ""completed"": true}"
7,71120,S5,S9,"{""agreement"": -0.27764108777046204, ""completed"": true}"
7,71140,S5,S9,"{""agreement"": -0.5226495265960693, ""completed"": true}"
7,71300,S7,S11,"{""agreement"": -0.8886326551437378, ""completed"": true}"
7,71480,S15,S9,"{""agreement"": 0.483267605304718, ""completed"": true}"
7,71660,S6,S9,"{""agreement"": 0.14707928895950317, ""completed"": true}"
7,71680,S6,S9,"{""agreement"": -0.7537588477134705, ""completed"": true}"
7,71700,S6,S9,"{""agreement"": 0.44619354605674744, ""completed"": true}"
7,71720,S6,S9,"{""agreement"": 0.7345728278160095, ""completed"": true}"
7,71740,S6,S9,"{""agreement"": -0.8566977381706238, ""completed"": true}"
7,71760,S6,S9,"{""agreement"": 0.4140514135360718, ""completed"": true}"
7,71780,S6,S9,"{""agreement"": 0.9092395305633545, ""completed"": true}"
7,71800,S6,S9,"{""agreement"": -0.9049049615859985, ""completed"": true}"
7,71820,S6,S9,"{""agreement"": -0.1982303410768509, ""completed"": true}"
7,71840,S6,S9,"{""agreement"": -0.29593029618263245, ""completed"": true}"
7,71860,S6,S9,"{""agreement"": 0.5185930728912354, ""completed"": true}"
7,71880,S6,S9,"{""agreement"": -0.08268164098262787, ""completed"": true}"
7,71900,S6,S9,"{""agreement"": -0.2813776135444641, ""completed"": true}"
7,71920,S6,S9,"{""agreement"": -0.22186008095741272, ""completed"": true}"
7,71940,S6,S9,"{""agreement"": 0.38226795196533203, ""completed"": true}"
7,71960,S6,S9,"{""agreement"": -0.011238353326916695, ""completed"": true}"
7,71980,S6,S9,"{""agreement"": -0.39389750361442566, ""completed"": true}"
7,72000,S6,S9,"{""agreement"": 0.04338846355676651, ""completed"": true}"
7,72020,S6,S9,"{""agreement"": -0.5920753479003906, ""completed"": true}"
7,72040,S11,S16,"{""agreement"": 0.6147857904434204, ""completed"": true}"
7,72060,S11,S16,"{""agreement"": -0.6115342378616333, ""completed"": true}"
7,72080,S11,S16,"{""agreement"": 0.5655859112739563, ""completed"": true}"
7,72100,S11,S16,"{""agreement"": 0.6729615926742554, ""completed"": true}"
7,72120,S11,S16,"{""agreement"": 0.6693249940872192, ""completed"": true}"
7,72140,S11,S16,"{""agreement"": 0.4545787274837494, ""completed"": true}"
7,72920,S7,S5,"{""agreement"": 0.6201460957527161, ""completed"": true}"
7,73840,S7,S6,"{""agreement"": 0.5002763867378235, ""completed"": true}"
7,73840,S6,S7,"{""agreement"": -0.39374029636383057, ""completed"": true}"
7,73860,S7,S6,"{""agreement"": 0.2821701169013977, ""completed"": true}"
7,73860,S6,S7,"{""agreement"": -0.39118725061416626, ""completed"": true}"
7,73880,S7,S6,"{""agreement"": -0.5313724279403687, ""completed"": true}"
7,73880,S6,S7,"{""agreement"": 0.005679925438016653, ""completed"": true}"
7,73900,S7,S6,"{""agreement"": -0.16346940398216248, ""completed"": true}"
7,73900,S6,S7,"{""agreement"": -0.3226665258407593, ""completed"": true}"
7,73920,S7,S6,"{""agreement"": -0.688319206237793, ""completed"": true}"
7,73920,S6,S7,"{""agreement"": 0.6456265449523926, ""completed"": true}"
7,73940,S6,S7,"{""agreement"": 0.3601725697517395, ""completed"": true}"
7,73960,S6,S7,"{""agreement"": -0.20207159221172333, ""completed"": true}"
7,73980,S6,S7,"{""agreement"": 0.21780811250209808, ""completed"": true}"
7,74000,S6,S7,"{""agreement"": 0.6525324583053589, ""completed"": true}"
7,74020,S6,S7,"{""agreement"": 0.32692477107048035, ""completed"": true}"
7,74040,S6,S7,"{""agreement"": 0.6973568797111511, ""completed"": true}"
7,74060,S6,S7,"{""agreement"": 0.646047830581665, ""completed"": true}"
7,76000,S13,S6,"{""agreement"": -0.31660565733909607, ""completed"": true}"
7,76800,S7,S9,"{""agreement"": 0.017694398760795593, ""completed"": true}"
7,76820,S7,S9,"{""agreement"": -0.5704955458641052, ""completed"": true}"
7,76840,S7,S9,"{""agreement"": -0.16472628712654114, ""completed"": true}"
7,76860,S7,S9,"{""agreement"": 0.32157987356185913, ""completed"": true}"
7,76880,S7,S9,"{""agreement"": 0.35862675309181213, ""completed"": true}"
7,76900,S7,S9,"{""agreement"": 0.04847332090139389, ""completed"": true}"
7,76920,S7,S9,"{""agreement"": -0.25465017557144165, ""completed"": true}"
7,76940,S7,S9,"{""agreement"": -0.7384214401245117, ""completed"": true}"
7,78560,S16,S8,"{""agreement"": -0.6064057350158691, ""completed"": true}"
7,78580,S16,S8,"{""agreement"": 0.30029767751693726, ""completed"": true}"
7,78600,S16,S8,"{""agreement"": 0.9267175793647766, ""completed"": true}"
7,78620,S16,S8,"{""agreement"": 0.8055436611175537, ""completed"": true}"
7,78640,S16,S8,"{""agreement"": -0.9215894937515259, ""completed"": true}"
7,78660,S16,S8,"{""agreement"": 0.08037129789590836, ""completed"": true}"
7,78680,S16,S8,"{""agreement"": 0.8580945730209351, ""completed"": true}"
7,78700,S16,S8,"{""agreement"": -0.8975893259048462, ""completed"": true}"
7,78720,S16,S8,"{""agreement"": 0.3818283677101135, ""completed"": true}"
7,83100,S7,S5,"{""agreement"": -0.8228423595428467, ""completed"": true}"
7,83180,S6,S16,"{""agreement"": -0.3023952543735504, ""completed"": true}"
7,83200,S6,S16,"{""agreement"": 0.5946143269538879, ""completed"": true}"
7,83220,S6,S16,"{""agreement"": 0.04214062914252281, ""completed"": true}"
7,83240,S6,S16,"{""agreement"": -0.847870945930481, ""completed"": true}"
7,84660,S11,S16,"{""agreement"": 0.42049655318260193, ""completed"": true}"
7,84680,S11,S16,"{""agreement"": 0.7895329594612122, ""completed"": true}"
7,84700,S11,S16,"{""agreement"": 0.9071038961410522, ""completed"": true}"
7,84720,S11,S16,"{""agreement"": 0.2736172676086426, ""completed"": true}"
7,84740,S11,S16,"{""agreement"": 0.19887188076972961, ""completed"": true}"
129,160,S6,S5,"{""agreement"": 0.7220490574836731, ""completed"": true}"
129,160,S9,S6,"{""agreement"": 0.4885900318622589, ""completed"": true}"
129,160,S5,S6,"{""agreement"": 0.2932906746864319, ""completed"": true}"
129,180,S6,S5,"{""agreement"": 0.4504357874393463, ""completed"": true}"
129,180,S9,S6,"{""agreement"": 0.856799304485321, ""completed"": true}"
129,180,S5,S6,"{""agreement"": 0.5625434517860413, ""completed"": true}"
129,200,S6,S5,"{""agreement"": 0.7288196682929993, ""completed"": true}"
129,200,S9,S6,"{""agreement"": 0.6809878945350647, ""completed"": true}"
129,200,S5,S6,"{""agreement"": 0.7724632024765015, ""completed"": true}"
129,220,S6,S5,"{""agreement"": 0.8019284605979919, ""completed"": true}"
129,220,S9,S6,"{""agreement"": 0.9441702365875244, ""completed"": true}"
129,220,S5,S6,"{""agreement"": 0.7703283429145813, ""completed"": true}"
129,240,S6,S5,"{""agreement"": 0.6196890473365784, ""completed"": true}"
129,240,S9,S6,"{""agreement"": 0.6135632991790771, ""completed"": true}"
129,240,S5,S6,"{""agreement"": 0.7084473371505737, ""completed"": true}"
129,260,S6,S5,"{""agreement"": 0.6988270878791809, ""completed"": true}"
129,260,S9,S6,"{""agreement"": 0.0751224085688591, ""completed"": true}"
129,260,S5,S6,"{""agreement"": 0.7173956632614136, ""completed"": true}"
129,280,S6,S5,"{""agreement"": 0.3720373809337616, ""completed"": true}"
129,280,S9,S6,"{""agreement"": 0.817866861820221, ""completed"": true}"
129,280,S5,S6,"{""agreement"": 0.9157813191413879, ""completed"": true}"
129,300,S6,S5,"{""agreement"": 0.6717016696929932, ""completed"": true}"
129,300,S9,S6,"{""agreement"": 0.4187822937965393, ""completed"": true}"
129,300,S5,S6,"{""agreement"": 0.7288867831230164, ""completed"": true}"
129,320,S6,S5,"{""agreement"": 0.21614263951778412, ""completed"": true}"
129,320,S9,S6,"{""agreement"": 0.9136722087860107, ""completed"": true}"
129,320,S5,S6,"{""agreement"": 0.46994656324386597, ""completed"": true}"
129,340,S6,S5,"{""agreement"": -0.023311588913202286, ""completed"": true}"
129,340,S9,S6,"{""agreement"": 0.7220607995986938, ""completed"": true}"
129,340,S5,S6,"{""agreement"": 0.5030810832977295, ""completed"": true}"
129,360,S6,S5,"{""agreement"": -0.683621346950531, ""completed"": true}"
129,360,S9,S6,"{""agreement"": 0.6479184031486511, ""completed"": true}"
129,360,S5,S6,"{""agreement"": 0.1599409431219101, ""completed"": true}"
129,380,S6,S9,"{""agreement"": 0.10978912562131882, ""completed"": true}"
129,380,S9,S6,"{""agreement"": 0.5103994607925415, ""completed"": true}"
129,380,S5,S6,"{""agreement"": 0.7885035872459412, ""completed"": true}"
129,400,S6,S9,"{""agreement"": 0.833126425743103, ""completed"": true}"
129,400,S9,S6,"{""agreement"": 0.5482867360115051, ""completed"": true}"
129,400,S5,S6,"{""agreement"": -0.42175841331481934, ""completed"": true}"
129,400,S15,S3,"{""agreement"": 0.5025243163108826, ""completed"": true}"
129,400,S3,S15,"{""agreement"": 0.5904383063316345, ""completed"": true}"
129,420,S6,S9,"{""agreement"": -0.016970735043287277, ""completed"": true}"
129,420,S9,S6,"{""agreement"": -0.20830485224723816, ""completed"": true}"
129,420,S5,S6,"{""agreement"": 0.766638457775116, ""completed"": true}"
129,420,S15,S3,"{""agreement"": 0.9596236348152161, ""completed"": true}"
129,420,S3,S15,"{""agreement"": 0.8547250628471375, ""completed"": true}"
129,440,S6,S5,"{""agreement"": 0.548225462436676, ""completed"": true}"
129,440,S5,S6,"{""agreement"": 0.6082099676132202, ""completed"": true}"
129,460,S6,S5,"{""agreement"": -0.4751822352409363, ""completed"": true}"
129,460,S5,S6,"{""agreement"": -0.24882347881793976, ""completed"": true}"
129,480,S6,S5,"{""agreement"": 0.5604420900344849, ""completed"": true}"
129,480,S5,S6,"{""agreement"": -0.1758144646883011, ""completed"": true}"
129,500,S6,S5,"{""agreement"": 0.6290653347969055, ""completed"": true}"
129,500,S5,S6,"{""agreement"": -0.24793580174446106, ""completed"": true}"
129,520,S6,S5,"{""agreement"": -0.31572747230529785, ""completed"": true}"
129,520,S5,S6,"{""agreement"": -0.054515253752470016, ""completed"": true}"
129,540,S6,S5,"{""agreement"": 0.17683592438697815, ""completed"": true}"
129,540,S5,S6,"{""agreement"": -0.006338608916848898, ""completed"": true}"
129,560,S6,S5,"{""agreement"": 0.18445473909378052, ""completed"": true}"
129,560,S5,S6,"{""agreement"": -0.03680910915136337, ""completed"": true}"
129,580,S6,S5,"{""agreement"": 0.5737952589988708, ""completed"": true}"
129,580,S5,S6,"{""agreement"": -0.033041659742593765, ""completed"": true}"
129,600,S6,S5,"{""agreement"": 0.23575128614902496, ""completed"": true}"
129,600,S5,S6,"{""agreement"": -0.8468087911605835, ""completed"": true}"
129,620,S6,S5,"{""agreement"": -0.1882903128862381, ""completed"": true}"
129,640,S6,S5,"{""agreement"": 0.6832700371742249, ""completed"": true}"
129,700,S16,S7,"{""agreement"": 0.010392161086201668, ""completed"": true}"
129,700,S7,S16,"{""agreement"": 0.2928180396556854, ""completed"": true}"
129,720,S16,S7,"{""agreement"": 0.6559133529663086, ""completed"": true}"
129,720,S7,S16,"{""agreement"": 0.7061622738838196, ""completed"": true}"
129,740,S16,S7,"{""agreement"": 0.11098269373178482, ""completed"": true}"
129,740,S7,S16,"{""agreement"": 0.39826449751853943, ""completed"": true}"
129,760,S16,S7,"{""agreement"": 0.31354933977127075, ""completed"": true}"
129,760,S7,S16,"{""agreement"": 0.4359356164932251, ""completed"": true}"
129,760,S8,S3,"{""agreement"": -0.5423915386199951, ""completed"": true}"
129,760,S3,S8,"{""agreement"": 0.5231462121009827, ""completed"": true}"
129,780,S16,S7,"{""agreement"": 0.5260699987411499, ""completed"": true}"
129,780,S7,S16,"{""agreement"": 0.7496530413627625, ""completed"": true}"
129,780,S8,S3,"{""agreement"": 0.9365419745445251, ""completed"": true}"
129,780,S3,S8,"{""agreement"": 0.16386590898036957, ""completed"": true}"
129,800,S16,S7,"{""agreement"": 0.6124801635742188, ""completed"": true}"
129,800,S7,S16,"{""agreement"": 0.8379675149917603, ""completed"": true}"
129,800,S8,S3,"{""agreement"": -0.056399304419755936, ""completed"": true}"
129,800,S3,S8,"{""agreement"": 0.9567044377326965, ""completed"": true}"
129,820,S16,S7,"{""agreement"": -0.2666529417037964, ""completed"": true}"
129,820,S7,S16,"{""agreement"": 0.711493194103241, ""completed"": true}"
129,820,S8,S3,"{""agreement"": 0.4885546863079071, ""completed"": true}"
129,820,S3,S8,"{""agreement"": 0.44251495599746704, ""completed"": true}"
129,840,S8,S3,"{""agreement"": 0.9177282452583313, ""completed"": true}"
129,840,S3,S8,"{""agreement"": 0.6140822172164917, ""completed"": true}"
129,860,S16,S3,"{""agreement"": 0.7296149730682373, ""completed"": true}"
129,860,S3,S8,"{""agreement"": 0.43397706747055054, ""completed"": true}"
129,860,S8,S3,"{""agreement"": 0.7063508033752441, ""completed"": true}"
129,880,S16,S3,"{""agreement"": 0.9040485620498657, ""completed"": true}"
129,880,S3,S8,"{""agreement"": 0.6158021092414856, ""completed"": true}"
129,880,S8,S3,"{""agreement"": 0.8232518434524536, ""completed"": true}"
129,900,S16,S3,"{""agreement"": 0.8207021951675415, ""completed"": true}"
129,900,S3,S8,"{""agreement"": -0.8702551126480103, ""completed"": true}"
129,900,S8,S3,"{""agreement"": 0.10592693090438843, ""completed"": true}"
129,920,S16,S3,"{""agreement"": 0.02511589787900448, ""completed"": true}"
129,920,S3,S16,"{""agreement"": 0.8776059746742249, ""completed"": true}"
129,920,S8,S3,"{""agreement"": 0.8635292053222656, ""completed"": true}"
129,940,S16,S3,"{""agreement"": 0.5816847681999207, ""completed"": true}"
129,940,S3,S16,"{""agreement"": 0.830164909362793, ""completed"": true}"
129,940,S8,S3,"{""agreement"": -0.009735139086842537, ""completed"": true}"
129,960,S16,S3,"{""agreement"": 0.7742697596549988, ""completed"": true}"
129,960,S3,S16,"{""agreement"": 0.43101751804351807, ""completed"": true}"
129,960,S8,S3,"{""agreement"": 0.4785572290420532, ""completed"": true}"
129,980,S16,S3,"{""agreement"": 0.46427661180496216, ""completed"": true}"
129,980,S3,S16,"{""agreement"": -0.027599744498729706, ""completed"": true}"
129,980,S8,S3,"{""agreement"": -0.33476153016090393, ""completed"": true}"
129,1000,S16,S3,"{""agreement"": 0.6156602501869202, ""completed"": true}"
129,1000,S3,S16,"{""agreement"": 0.7204480767250061, ""completed"": true}"
129,1000,S8,S3,"{""agreement"": 0.02540563978254795, ""completed"": true}"
129,1020,S16,S3,"{""agreement"": -0.01401952188462019, ""completed"": true}"
129,1020,S3,S16,"{""agreement"": 0.13204406201839447, ""completed"": true}"
129,1020,S8,S3,"{""agreement"": 0.763791561126709, ""completed"": true}"
129,1040,S16,S3,"{""agreement"": 0.7835651636123657, ""completed"": true}"
129,1040,S3,S16,"{""agreement"": 0.646287202835083, ""completed"": true}"
129,1040,S8,S3,"{""agreement"": 0.9080974459648132, ""completed"": true}"
129,1560,S7,S13,"{""agreement"": 0.14748039841651917, ""completed"": true}"
129,1560,S13,S7,"{""agreement"": 0.19229456782341003, ""completed"": true}"
129,1580,S7,S13,"{""agreement"": -0.03625759109854698, ""completed"": true}"
129,1580,S13,S7,"{""agreement"": 0.8122826218605042, ""completed"": true}"
129,1600,S7,S13,"{""agreement"": 0.031099358573555946, ""completed"": true}"
129,1600,S13,S7,"{""agreement"": 0.17892110347747803, ""completed"": true}"
129,1620,S7,S13,"{""agreement"": -0.15450282394886017, ""completed"": true}"
129,1620,S13,S7,"{""agreement"": 0.3970559537410736, ""completed"": true}"
129,1640,S7,S13,"{""agreement"": 0.366331547498703, ""completed"": true}"
129,1640,S13,S7,"{""agreement"": 0.712807297706604, ""completed"": true}"
129,1660,S7,S13,"{""agreement"": 0.5440998077392578, ""completed"": true}"
129,1660,S13,S7,"{""agreement"": 0.06036203354597092, ""completed"": true}"
129,1680,S7,S13,"{""agreement"": -0.6757261157035828, ""completed"": true}"
129,1680,S13,S7,"{""agreement"": 0.8182986378669739, ""completed"": true}"
129,1700,S7,S13,"{""agreement"": 0.6955001354217529, ""completed"": true}"
129,1700,S13,S7,"{""agreement"": -0.02794625051319599, ""completed"": true}"
129,1720,S7,S13,"{""agreement"": 0.6249462962150574, ""completed"": true}"
129,1720,S13,S7,"{""agreement"": 0.22525233030319214, ""completed"": true}"
129,1740,S7,S13,"{""agreement"": -0.2571559548377991, ""completed"": true}"
129,1740,S13,S7,"{""agreement"": 0.28814616799354553, ""completed"": true}"
129,1760,S7,S13,"{""agreement"": 0.20122180879116058, ""completed"": true}"
129,1760,S13,S7,"{""agreement"": -0.48651716113090515, ""completed"": true}"
129,1780,S7,S13,"{""agreement"": 0.42871949076652527, ""completed"": true}"
129,1780,S13,S8,"{""agreement"": -0.4933101534843445, ""completed"": true}"
129,1780,S8,S13,"{""agreement"": 0.22229011356830597, ""completed"": true}"
129,1800,S7,S13,"{""agreement"": 0.8087376356124878, ""completed"": true}"
129,1800,S13,S7,"{""agreement"": 0.7611187696456909, ""completed"": true}"
129,1900,S8,S11,"{""agreement"": 0.49516916275024414, ""completed"": true}"
129,1900,S11,S8,"{""agreement"": -0.7700971364974976, ""completed"": true}"
129,1920,S8,S11,"{""agreement"": 0.16382242739200592, ""completed"": true}"
129,1920,S11,S8,"{""agreement"": 0.45094597339630127, ""completed"": true}"
129,1940,S8,S11,"{""agreement"": 0.4911718964576721, ""completed"": true}"
129,1940,S11,S8,"{""agreement"": 0.1209724098443985, ""completed"": true}"
129,2260,S13,S8,"{""agreement"": 0.4115322232246399, ""completed"": true}"
129,2260,S8,S13,"{""agreement"": 0.7885423898696899, ""completed"": true}"
129,2280,S13,S8,"{""agreement"": 0.7373316287994385, ""completed"": true}"
129,2280,S8,S13,"{""agreement"": 0.42801138758659363, ""completed"": true}"
129,2300,S13,S8,"{""agreement"": 0.0550164133310318, ""completed"": true}"
129,2300,S8,S13,"{""agreement"": 0.13120988011360168, ""completed"": true}"
129,2320,S13,S8,"{""agreement"": 0.15282391011714935, ""completed"": true}"
129,2320,S8,S13,"{""agreement"": 0.7767740488052368, ""completed"": true}"
129,2340,S13,S8,"{""agreement"": 0.3871361315250397, ""completed"": true}"
129,2340,S8,S13,"{""agreement"": 0.28365781903266907, ""completed"": true}"
129,2360,S13,S8,"{""agreement"": 0.5896400809288025, ""completed"": true}"
129,2360,S8,S13,"{""agreement"": 0.7323884963989258, ""completed"": true}"
129,2420,S13,S5,"{""agreement"": 0.4050845503807068, ""completed"": true}"
129,2420,S5,S13,"{""agreement"": 0.11669705808162689, ""completed"": true}"
129,2440,S13,S5,"{""agreement"": 0.6660639643669128, ""completed"": true}"
129,2440,S5,S13,"{""agreement"": 0.1707383692264557, ""completed"": true}"
129,2460,S13,S5,"{""agreement"": 0.8714825510978699, ""completed"": true}"
129,2460,S5,S13,"{""agreement"": 0.6396272778511047, ""completed"": true}"
129,2480,S13,S5,"{""agreement"": 0.4444449245929718, ""completed"": true}"
129,2480,S5,S13,"{""agreement"": 0.49303022027015686, ""completed"": true}"
129,2500,S13,S5,"{""agreement"": 0.5311151146888733, ""completed"": true}"
129,2500,S5,S13,"{""agreement"": -0.6920281648635864, ""completed"": true}"
129,2520,S13,S5,"{""agreement"": 0.3602408766746521, ""completed"": true}"
129,2520,S5,S13,"{""agreement"": -0.28212934732437134, ""completed"": true}"
129,3100,S9,S5,"{""agreement"": 0.8426617980003357, ""completed"": true}"
129,3100,S5,S9,"{""agreement"": 0.12264669686555862, ""completed"": true}"
129,3200,S7,S8,"{""agreement"": -0.3665395677089691, ""completed"": true}"
129,3200,S8,S7,"{""agreement"": -0.7576500773429871, ""completed"": true}"
129,3220,S7,S8,"{""agreement"": 0.23159538209438324, ""completed"": true}"
129,3220,S8,S7,"{""agreement"": 0.17579346895217896, ""completed"": true}"
129,3240,S7,S8,"{""agreement"": -0.5177525281906128, ""completed"": true}"
129,3240,S8,S7,"{""agreement"": 0.19932898879051208, ""completed"": true}"
129,3260,S7,S8,"{""agreement"": -0.15105284750461578, ""completed"": true}"
129,3260,S8,S7,"{""agreement"": -0.5382211804389954, ""completed"": true}"
129,3280,S7,S8,"{""agreement"": 0.7431619167327881, ""completed"": true}"
129,3280,S8,S7,"{""agreement"": 0.016147945076227188, ""completed"": true}"
129,3300,S7,S8,"{""agreement"": -0.49981430172920227, ""completed"": true}"
129,3300,S8,S7,"{""agreement"": 0.8318700790405273, ""completed"": true}"
129,3320,S7,S8,"{""agreement"": 0.39007583260536194, ""completed"": true}"
129,3320,S8,S7,"{""agreement"": -0.004355413839221001, ""completed"": true}"
129,3340,S7,S8,"{""agreement"": -0.009157340042293072, ""completed"": true}"
129,3340,S8,S7,"{""agreement"": -0.141283318400383, ""completed"": true}"
129,3360,S7,S8,"{""agreement"": 0.31688129901885986, ""completed"": true}"
129,3360,S8,S7,"{""agreement"": 0.859688937664032, ""completed"": true}"
129,3380,S16,S5,"{""agreement"": 0.8473523259162903, ""completed"": true}"
129,3380,S5,S16,"{""agreement"": 0.6055771708488464, ""completed"": true}"
129,3380,S7,S8,"{""agreement"": 0.5737047791481018, ""completed"": true}"
129,3380,S8,S7,"{""agreement"": 0.3493272066116333, ""completed"": true}"
129,3400,S16,S5,"{""agreement"": 0.040236104279756546, ""completed"": true}"
129,3400,S5,S16,"{""agreement"": 0.522583544254303, ""completed"": true}"
129,3400,S7,S8,"{""agreement"": 0.5818290114402771, ""completed"": true}"
129,3400,S8,S7,"{""agreement"": 0.3805849254131317, ""completed"": true}"
129,3420,S16,S5,"{""agreement"": -0.2547230124473572, ""completed"": true}"
129,3420,S5,S16,"{""agreement"": -0.02223299816250801, ""completed"": true}"
129,3420,S7,S8,"{""agreement"": 0.6597574949264526, ""completed"": true}"
129,3420,S8,S7,"{""agreement"": -0.17097140848636627, ""completed"": true}"
129,3440,S16,S5,"{""agreement"": 0.5025769472122192, ""completed"": true}"
129,3440,S5,S16,"{""agreement"": -0.8067542314529419, ""completed"": true}"
129,3440,S7,S8,"{""agreement"": 0.19307532906532288, ""completed"": true}"
129,3440,S8,S7,"{""agreement"": 0.518902599811554, ""completed"": true}"
129,3460,S7,S8,"{""agreement"": -0.5037341117858887, ""completed"": true}"
129,3460,S8,S7,"{""agreement"": 0.1776869297027588, ""completed"": true}"
129,3480,S7,S8,"{""agreement"": -0.7257305979728699, ""completed"": true}"
129,3480,S8,S7,"{""agreement"": -0.28893187642097473, ""completed"": true}"
129,3500,S7,S8,"{""agreement"": 0.5843828916549683, ""completed"": true}"
129,3500,S8,S7,"{""agreement"": 0.855971097946167, ""completed"": true}"
129,3520,S7,S8,"{""agreement"": -0.34529274702072144, ""completed"": true}"
129,3520,S8,S7,"{""agreement"": -0.7786678075790405, ""completed"": true}"
129,3540,S7,S8,"{""agreement"": -0.3986053466796875, ""completed"": true}"
129,3540,S8,S7,"{""agreement"": 0.37075290083885193, ""completed"": true}"
129,3560,S7,S8,"{""agreement"": -0.544896125793457, ""completed"": true}"
129,3560,S8,S7,"{""agreement"": 0.8060788512229919, ""completed"": true}"
129,3580,S8,S7,"{""agreement"": 0.49265727400779724, ""completed"": true}"
129,3600,S7,S9,"{""agreement"": 0.23883897066116333, ""completed"": true}"
129,3600,S6,S7,"{""agreement"": 0.4591158926486969, ""completed"": true}"
129,3600,S8,S7,"{""agreement"": 0.3468647003173828, ""completed"": true}"
129,3600,S9,S7,"{""agreement"": 0.34538188576698303, ""completed"": true}"
129,3620,S7,S6,"{""agreement"": -0.271511435508728, ""completed"": true}"
129,3620,S6,S7,"{""agreement"": -0.38626694679260254, ""completed"": true}"
129,3620,S8,S7,"{""agreement"": 0.15370742976665497, ""completed"": true}"
129,3620,S9,S7,"{""agreement"": 0.714913547039032, ""completed"": true}"
129,3640,S7,S6,"{""agreement"": 0.4761432409286499, ""completed"": true}"
129,3640,S6,S7,"{""agreement"": -0.28414273262023926, ""completed"": true}"
129,3640,S8,S7,"{""agreement"": 0.8324264287948608, ""completed"": true}"
129,3660,S7,S6,"{""agreement"": -0.6621683835983276, ""completed"": true}"
129,3660,S6,S7,"{""agreement"": 0.3325129747390747, ""completed"": true}"
129,3660,S8,S7,"{""agreement"": -0.3015362024307251, ""completed"": true}"
129,3680,S7,S6,"{""agreement"": -0.28421714901924133, ""completed"": true}"
129,3680,S6,S7,"{""agreement"": 0.6447429656982422, ""completed"": true}"
129,3680,S8,S7,"{""agreement"": 0.47108516097068787, ""completed"": true}"
129,3700,S7,S6,"{""agreement"": 0.10931821912527084, ""completed"": true}"
129,3700,S6,S7,"{""agreement"": -0.10926950722932816, ""completed"": true}"
129,3700,S8,S7,"{""agreement"": -0.1237594410777092, ""completed"": true}"
129,3720,S7,S6,"{""agreement"": 0.10167043656110764, ""completed"": true}"
129,3720,S6,S7,"{""agreement"": 0.38617563247680664, ""completed"": true}"
129,3720,S8,S7,"{""agreement"": 0.6718664169311523, ""completed"": true}"
129,3740,S7,S6,"{""agreement"": 0.306793749332428, ""completed"": true}"
129,3740,S6,S7,"{""agreement"": -0.2607060372829437, ""completed"": true}"
129,3740,S8,S7,"{""agreement"": -0.10187797248363495, ""completed"": true}"
129,3760,S7,S6,"{""agreement"": -0.4546641707420349, ""completed"": true}"
129,3760,S6,S7,"{""agreement"": -0.08403855562210083, ""completed"": true}"
129,3760,S8,S7,"{""agreement"": 0.14354123175144196, ""completed"": true}"
129,3780,S8,S7,"{""agreement"": 0.20195578038692474, ""completed"": true}"
129,3800,S8,S7,"{""agreement"": -0.13855263590812683, ""completed"": true}"
129,3820,S8,S7,"{""agreement"": 0.29865762591362, ""completed"": true}"
129,3840,S8,S7,"{""agreement"": -0.47883057594299316, ""completed"": true}"
129,4000,S15,S9,"{""agreement"": 0.8163928389549255, ""completed"": true}"
129,4000,S9,S15,"{""agreement"": 0.42488008737564087, ""completed"": true}"
129,4020,S15,S9,"{""agreement"": 0.6227255463600159, ""completed"": true}"
129,4020,S9,S15,"{""agreement"": 0.8506437540054321, ""completed"": true}"
129,4040,S15,S9,"{""agreement"": 0.6588144898414612, ""completed"": true}"
129,4040,S9,S15,"{""agreement"": 0.7777992486953735, ""completed"": true}"
129,4060,S15,S9,"{""agreement"": 0.47294050455093384, ""completed"": true}"
129,4060,S9,S15,"{""agreement"": 0.357267826795578, ""completed"": true}"
129,4080,S15,S9,"{""agreement"": 0.10764459520578384, ""completed"": true}"
129,4080,S9,S15,"{""agreement"": 0.2891920804977417, ""completed"": true}"
129,4360,S16,S15,"{""agreement"": 0.6771032810211182, ""completed"": true}"
129,4360,S15,S16,"{""agreement"": -0.046758223325014114, ""completed"": true}"
129,4380,S16,S15,"{""agreement"": -0.3476003408432007, ""completed"": true}"
129,4380,S15,S16,"{""agreement"": 0.45809420943260193, ""completed"": true}"
129,4400,S16,S15,"{""agreement"": -0.3282078504562378, ""completed"": true}"
129,4400,S15,S16,"{""agreement"": -0.09960809350013733, ""completed"": true}"
129,4420,S16,S15,"{""agreement"": -0.6619922518730164, ""completed"": true}"
129,4420,S15,S16,"{""agreement"": 0.5470299124717712, ""completed"": true}"
129,4440,S16,S15,"{""agreement"": -0.33296334743499756, ""completed"": true}"
129,4440,S15,S16,"{""agreement"": 0.750067949295044, ""completed"": true}"
129,4460,S15,S16,"{""agreement"": 0.8603138327598572, ""completed"": true}"
129,4480,S15,S16,"{""agreement"": -0.19019554555416107, ""completed"": true}"
129,4500,S15,S16,"{""agreement"": 0.42708513140678406, ""completed"": true}"
129,4520,S15,S16,"{""agreement"": 0.3101722300052643, ""completed"": true}"
129,4540,S15,S16,"{""agreement"": 0.672704815864563, ""completed"": true}"
129,4560,S15,S16,"{""agreement"": 0.06336721032857895, ""completed"": true}"
129,4920,S7,S5,"{""agreement"": -0.1427660584449768, ""completed"": true}"
129,4920,S5,S7,"{""agreement"": -0.5530796647071838, ""completed"": true}"
129,5140,S15,S5,"{""agreement"": 0.7438504099845886, ""completed"": true}"
129,5140,S5,S15,"{""agreement"": 0.28195643424987793, ""completed"": true}"
129,5160,S15,S5,"{""agreement"": 0.6359485387802124, ""completed"": true}"
129,5160,S5,S15,"{""agreement"": -0.14282450079917908, ""completed"": true}"
129,5180,S15,S5,"{""agreement"": 0.42496442794799805, ""completed"": true}"
129,5180,S5,S15,"{""agreement"": 0.07310932874679565, ""completed"": true}"
129,5200,S15,S5,"{""agreement"": 0.43806350231170654, ""completed"": true}"
129,5200,S5,S15,"{""agreement"": -0.6514015197753906, ""completed"": true}"
129,5220,S13,S15,"{""agreement"": 0.6905634999275208, ""completed"": true}"
129,5220,S15,S5,"{""agreement"": -0.57557213306427, ""completed"": true}"
129,5220,S5,S15,"{""agreement"": 0.4262046813964844, ""completed"": true}"
129,5240,S15,S13,"{""agreement"": 0.5803243517875671, ""completed"": true}"
129,5240,S13,S15,"{""agreement"": 0.8187072277069092, ""completed"": true}"
129,5240,S5,S15,"{""agreement"": -0.21115754544734955, ""completed"": true}"
129,5260,S15,S16,"{""agreement"": 0.2464219331741333, ""completed"": true}"
129,5260,S13,S15,"{""agreement"": 0.5588511824607849, ""completed"": true}"
129,5260,S5,S15,"{""agreement"": 0.7276456952095032, ""completed"": true}"
129,5280,S15,S13,"{""agreement"": 0.06072545796632767, ""completed"": true}"
129,5280,S13,S15,"{""agreement"": -0.3003724217414856, ""completed"": true}"
129,5280,S8,S11,"{""agreement"": 0.27073702216148376, ""completed"": true}"
129,5280,S11,S8,"{""agreement"": 0.010246709920465946, ""completed"": true}"
129,5280,S5,S15,"{""agreement"": 0.1826161891222, ""completed"": true}"
129,5300,S16,S7,"{""agreement"": -0.3229384422302246, ""completed"": true}"
129,5300,S7,S16,"{""agreement"": 0.5128259062767029, ""completed"": true}"
129,5300,S13,S15,"{""agreement"": -0.4669182002544403, ""completed"": true}"
129,5300,S15,S13,"{""agreement"": 0.6365329623222351, ""completed"": true}"
129,5300,S8,S11,"{""agreement"": 0.22192880511283875, ""completed"": true}"
129,5300,S11,S8,"{""agreement"": 0.5259137153625488, ""completed"": true}"
129,5300,S5,S15,"{""agreement"": -0.8586711883544922, ""completed"": true}"
129,5320,S16,S7,"{""agreement"": 0.7772284746170044, ""completed"": true}"
129,5320,S7,S16,"{""agreement"": 0.6564303636550903, ""completed"": true}"
129,5320,S13,S15,"{""agreement"": -0.11534768342971802, ""completed"": true}"
129,5320,S15,S13,"{""agreement"": 0.7563410401344299, ""completed"": true}"
129,5320,S8,S11,"{""agreement"": -0.30082112550735474, ""completed"": true}"
129,5320,S11,S8,"{""agreement"": -0.8039075136184692, ""completed"": true}"
129,5320,S5,S15,"{""agreement"": -0.49444159865379333, ""completed"": true}"
129,5340,S16,S7,"{""agreement"": -0.5510557293891907, ""completed"": true}"
129,5340,S7,S16,"{""agreement"": 0.7315187454223633, ""completed"": true}"
129,5340,S8,S11,"{""agreement"": 0.505854606628418, ""completed"": true}"
129,5340,S11,S8,"{""agreement"": -0.04751581698656082, ""completed"": true}"
129,5340,S15,S5,"{""agreement"": 0.3037259578704834, ""completed"": true}"
129,5360,S16,S7,"{""agreement"": 0.5939959287643433, ""completed"": true}"
129,5360,S7,S16,"{""agreement"": 0.8457079529762268, ""completed"": true}"
129,5360,S8,S11,"{""agreement"": -0.38521358370780945, ""completed"": true}"
129,5360,S11,S8,"{""agreement"": -0.819707989692688, ""completed"": true}"
129,5360,S15,S5,"{""agreement"": 0.4400138854980469, ""completed"": true}"
129,5380,S16,S7,"{""agreement"": -0.35720545053482056, ""completed"": true}"
129,5380,S7,S16,"{""agreement"": 0.5820131897926331, ""completed"": true}"
129,5380,S8,S11,"{""agreement"": 0.3491896390914917, ""completed"": true}"
129,5380,S15,S5,"{""agreement"": -0.1094161793589592, ""completed"": true}"
129,5400,S16,S7,"{""agreement"": -0.12823180854320526, ""completed"": true}"
129,5400,S7,S16,"{""agreement"": 0.21639922261238098, ""completed"": true}"
129,5400,S8,S11,"{""agreement"": 0.5924504995346069, ""completed"": true}"
129,5400,S15,S5,"{""agreement"": 0.6792359948158264, ""completed"": true}"
129,5420,S16,S7,"{""agreement"": 0.7159294486045837, ""completed"": true}"
129,5420,S7,S16,"{""agreement"": 0.6595684885978699, ""completed"": true}"
129,5420,S8,S11,"{""agreement"": 0.6559798717498779, ""completed"": true}"
129,5420,S15,S5,"{""agreement"": 0.22891515493392944, ""completed"": true}"
129,5440,S8,S11,"{""agreement"": 0.07952452450990677, ""completed"": true}"
129,5440,S15,S5,"{""agreement"": 0.32894161343574524, ""completed"": true}"
129,5460,S15,S5,"{""agreement"": 0.6278143525123596, ""completed"": true}"
129,5480,S15,S5,"{""agreement"": 0.23060297966003418, ""completed"": true}"
129,5500,S15,S5,"{""agreement"": 0.7875281572341919, ""completed"": true}"
129,5520,S15,S5,"{""agreement"": 0.4832945168018341, ""completed"": true}"
129,5540,S15,S5,"{""agreement"": 0.7214193344116211, ""completed"": true}"
129,5560,S15,S5,"{""agreement"": 0.2889523208141327, ""completed"": true}"
129,5580,S15,S5,"{""agreement"": 0.6685886979103088, ""completed"": true}"
129,5600,S15,S5,"{""agreement"": 0.6199485063552856, ""completed"": true}"
129,5620,S15,S5,"{""agreement"": 0.3472490608692169, ""completed"": true}"
129,5640,S15,S5,"{""agreement"": 0.6095845103263855, ""completed"": true}"
129,5660,S13,S8,"{""agreement"": -0.0041933124884963036, ""completed"": true}"
129,5660,S8,S13,"{""agreement"": -0.12484832853078842, ""completed"": true}"
129,5680,S13,S8,"{""agreement"": 0.6878244280815125, ""completed"": true}"
129,5680,S8,S13,"{""agreement"": -0.158612921833992, ""completed"": true}"
129,5700,S13,S8,"{""agreement"": 0.7478353977203369, ""completed"": true}"
129,5700,S8,S13,"{""agreement"": 0.7223181128501892, ""completed"": true}"
129,5720,S13,S8,"{""agreement"": 0.04289708659052849, ""completed"": true}"
129,5720,S8,S13,"{""agreement"": 0.9089363217353821, ""completed"": true}"
129,5740,S13,S8,"{""agreement"": 0.7545660734176636, ""completed"": true}"
129,5740,S8,S13,"{""agreement"": 0.1719127595424652, ""completed"": true}"
129,5760,S13,S8,"{""agreement"": -0.3123842775821686, ""completed"": true}"
129,5760,S8,S13,"{""agreement"": 0.6416456699371338, ""completed"": true}"
129,5780,S13,S8,"{""agreement"": 0.7977703809738159, ""completed"": true}"
129,5780,S8,S13,"{""agreement"": 0.7581033706665039, ""completed"": true}"
129,5800,S13,S8,"{""agreement"": 0.4315674602985382, ""completed"": true}"
129,5800,S8,S13,"{""agreement"": 0.2723149061203003, ""completed"": true}"
129,5820,S13,S8,"{""agreement"": 0.637489914894104, ""completed"": true}"
129,5820,S8,S13,"{""agreement"": -0.3195957839488983, ""completed"": true}"
129,5840,S13,S8,"{""agreement"": 0.002377992495894432, ""completed"": true}"
129,5840,S8,S13,"{""agreement"": 0.851652204990387, ""completed"": true}"
129,5860,S13,S8,"{""agreement"": 0.8760030269622803, ""completed"": true}"
129,5860,S8,S13,"{""agreement"": 0.47492262721061707, ""completed"": true}"
129,5880,S13,S8,"{""agreement"": 0.5176950097084045, ""completed"": true}"
129,5880,S8,S13,"{""agreement"": -0.6077584624290466, ""completed"": true}"
129,5900,S13,S8,"{""agreement"": -0.6178961992263794, ""completed"": true}"
129,5900,S8,S13,"{""agreement"": 0.7403640151023865, ""completed"": true}"
129,5920,S13,S8,"{""agreement"": 0.7536013722419739, ""completed"": true}"
129,5920,S8,S13,"{""agreement"": 0.9910151958465576, ""completed"": true}"
129,5940,S7,S15,"{""agreement"": -0.30154091119766235, ""completed"": true}"
129,5940,S15,S7,"{""agreement"": -0.7510995864868164, ""completed"": true}"
129,5940,S13,S8,"{""agreement"": 0.6241436004638672, ""completed"": true}"
129,5940,S8,S13,"{""agreement"": 0.9208124279975891, ""completed"": true}"
129,5960,S7,S15,"{""agreement"": 0.5022988319396973, ""completed"": true}"
129,5960,S15,S7,"{""agreement"": 0.8075315952301025, ""completed"": true}"
129,5980,S7,S15,"{""agreement"": 0.1023184284567833, ""completed"": true}"
129,5980,S15,S7,"{""agreement"": 0.8425763845443726, ""completed"": true}"
129,5980,S6,S13,"{""agreement"": 0.19395054876804352, ""completed"": true}"
129,5980,S13,S6,"{""agreement"": 0.5820075273513794, ""completed"": true}"
129,6000,S7,S15,"{""agreement"": 0.2616092264652252, ""completed"": true}"
129,6000,S15,S7,"{""agreement"": -0.5825831294059753, ""completed"": true}"
129,6020,S7,S15,"{""agreement"": 0.7351922392845154, ""completed"": true}"
129,6020,S15,S7,"{""agreement"": 0.1995438188314438, ""completed"": true}"
129,6040,S7,S15,"{""agreement"": 0.9043062329292297, ""completed"": true}"
129,6040,S15,S7,"{""agreement"": -0.18226253986358643, ""completed"": true}"
129,6060,S7,S15,"{""agreement"": -0.32407495379447937, ""completed"": true}"
129,6060,S15,S7,"{""agreement"": -0.7030186057090759, ""completed"": true}"
129,6080,S7,S15,"{""agreement"": 0.7314831018447876, ""completed"": true}"
129,6080,S15,S7,"{""agreement"": 0.7814937829971313, ""completed"": true}"
129,6100,S7,S15,"{""agreement"": 0.9283222556114197, ""completed"": true}"
129,6100,S15,S7,"{""agreement"": -0.5413378477096558, ""completed"": true}"
129,6120,S7,S15,"{""agreement"": 0.48124435544013977, ""completed"": true}"
129,6120,S15,S7,"{""agreement"": 0.13870461285114288, ""completed"": true}"
129,6140,S7,S15,"{""agreement"": 0.8419333696365356, ""completed"": true}"
129,6140,S15,S7,"{""agreement"": 0.4070625901222229, ""completed"": true}"
129,6160,S7,S15,"{""agreement"": 0.5751354694366455, ""completed"": true}"
129,6160,S15,S7,"{""agreement"": -0.3098291754722595, ""completed"": true}"
129,6180,S7,S15,"{""agreement"": -0.011346864514052868, ""completed"": true}"
129,6180,S15,S7,"{""agreement"": 0.8524563908576965, ""completed"": true}"
129,6200,S7,S15,"{""agreement"": 0.5399924516677856, ""completed"": true}"
129,6200,S15,S7,"{""agreement"": 0.003920717630535364, ""completed"": true}"
129,6220,S7,S15,"{""agreement"": -0.8095613121986389, ""completed"": true}"
129,6220,S15,S7,"{""agreement"": 0.7439869046211243, ""completed"": true}"
129,6240,S7,S15,"{""agreement"": -0.19885142147541046, ""completed"": true}"
129,6240,S15,S7,"{""agreement"": 0.06810485571622849, ""completed"": true}"
129,6260,S7,S15,"{""agreement"": -0.4096405506134033, ""completed"": true}"
129,6260,S15,S7,"{""agreement"": 0.09299656748771667, ""completed"": true}"
129,6280,S7,S15,"{""agreement"": 0.8073328137397766, ""completed"": true}"
129,6280,S15,S7,"{""agreement"": -0.29320028424263, ""completed"": true}"
129,6300,S16,S3,"{""agreement"": -0.19251830875873566, ""completed"": true}"
129,6300,S3,S16,"{""agreement"": 0.3188506066799164, ""completed"": true}"
129,6300,S7,S15,"{""agreement"": -0.16262322664260864, ""completed"": true}"
129,6300,S15,S7,"{""agreement"": 0.2917492687702179, ""completed"": true}"
129,6320,S16,S3,"{""agreement"": 0.7061922550201416, ""completed"": true}"
129,6320,S3,S16,"{""agreement"": 0.2391238808631897, ""completed"": true}"
129,6340,S16,S3,"{""agreement"": 0.7241658568382263, ""completed"": true}"
129,6340,S3,S16,"{""agreement"": 0.5811653137207031, ""completed"": true}"
129,6360,S16,S3,"{""agreement"": -0.34101593494415283, ""completed"": true}"
129,6360,S3,S16,"{""agreement"": 0.014938400126993656, ""completed"": true}"
129,6380,S16,S3,"{""agreement"": 0.39209339022636414, ""completed"": true}"
129,6380,S3,S16,"{""agreement"": 0.6912463903427124, ""completed"": true}"
129,6400,S16,S3,"{""agreement"": 0.49745017290115356, ""completed"": true}"
129,6400,S3,S16,"{""agreement"": 0.8581348061561584, ""completed"": true}"
129,6460,S15,S5,"{""agreement"": -0.20741483569145203, ""completed"": true}"
129,6480,S15,S5,"{""agreement"": 0.950286328792572, ""completed"": true}"
129,6500,S15,S5,"{""agreement"": 0.7441657781600952, ""completed"": true}"
129,6520,S15,S5,"{""agreement"": 0.5745687484741211, ""completed"": true}"
129,6540,S15,S5,"{""agreement"": -0.07058393210172653, ""completed"": true}"
129,6560,S15,S5,"{""agreement"": 0.7236915230751038, ""completed"": true}"
129,6580,S15,S5,"{""agreement"": 0.20450210571289062, ""completed"": true}"
129,6600,S15,S5,"{""agreement"": 0.5946428179740906, ""completed"": true}"
129,6620,S15,S5,"{""agreement"": 0.2963097393512726, ""completed"": true}"
129,6620,S5,S15,"{""agreement"": -0.014935468323528767, ""completed"": true}"
129,6640,S15,S5,"{""agreement"": 0.1811160296201706, ""completed"": true}"
129,6640,S5,S15,"{""agreement"": 0.2738484740257263, ""completed"": true}"
129,6660,S15,S5,"{""agreement"": 0.2651088833808899, ""completed"": true}"
129,6660,S5,S15,"{""agreement"": -0.6779581904411316, ""completed"": true}"
129,6680,S16,S9,"{""agreement"": 0.5753179788589478, ""completed"": true}"
129,6680,S9,S16,"{""agreement"": 0.118753582239151, ""completed"": true}"
129,6680,S7,S13,"{""agreement"": 0.07668519020080566, ""completed"": true}"
129,6680,S13,S7,"{""agreement"": 0.9256568551063538, ""completed"": true}"
129,6680,S15,S5,"{""agreement"": 0.09462917596101761, ""completed"": true}"
129,6700,S16,S9,"{""agreement"": -0.2515580654144287, ""completed"": true}"
129,6700,S9,S16,"{""agreement"": 0.832156240940094, ""completed"": true}"
129,6700,S7,S13,"{""agreement"": 0.31685829162597656, ""completed"": true}"
129,6700,S13,S7,"{""agreement"": 0.5473676323890686, ""completed"": true}"
129,6720,S16,S9,"{""agreement"": 0.6221417188644409, ""completed"": true}"
129,6720,S9,S16,"{""agreement"": 0.639805257320404, ""completed"": true}"
129,6720,S7,S13,"{""agreement"": -0.20561710000038147, ""completed"": true}"
129,6720,S13,S7,"{""agreement"": -0.49726322293281555, ""completed"": true}"
129,6740,S16,S9,"{""agreement"": 0.7529924511909485, ""completed"": true}"
129,6740,S9,S16,"{""agreement"": 0.17365889251232147, ""completed"": true}"
129,6740,S7,S13,"{""agreement"": -0.5053987503051758, ""completed"": true}"
129,6740,S13,S7,"{""agreement"": 0.8239477872848511, ""completed"": true}"
129,6760,S16,S9,"{""agreement"": 0.2157450020313263, ""completed"": true}"
129,6760,S9,S16,"{""agreement"": 0.4918290078639984, ""completed"": true}"
129,6780,S16,S9,"{""agreement"": -0.2125326544046402, ""completed"": true}"
129,6780,S9,S16,"{""agreement"": -0.5264835357666016, ""completed"": true}"
129,6800,S16,S9,"{""agreement"": 0.7762898802757263, ""completed"": true}"
129,6800,S9,S16,"{""agreement"": 0.007974270731210709, ""completed"": true}"
129,6820,S16,S9,"{""agreement"": -0.0607200525701046, ""completed"": true}"
129,6820,S9,S16,"{""agreement"": -0.19378459453582764, ""completed"": true}"
129,6840,S16,S9,"{""agreement"": -0.1474963128566742, ""completed"": true}"
129,6840,S9,S16,"{""agreement"": -0.3768042325973511, ""completed"": true}"
129,6860,S16,S9,"{""agreement"": 0.19503864645957947, ""completed"": true}"
129,6860,S9,S16,"{""agreement"": 0.9055676460266113, ""completed"": true}"
129,6880,S16,S9,"{""agreement"": 0.701316237449646, ""completed"": true}"
129,6880,S9,S16,"{""agreement"": -0.21515439450740814, ""completed"": true}"
129,7040,S15,S9,"{""agreement"": -0.6177946925163269, ""completed"": true}"
129,7040,S9,S15,"{""agreement"": 0.22086822986602783, ""completed"": true}"
129,7060,S15,S9,"{""agreement"": -0.10123690217733383, ""completed"": true}"
129,7060,S9,S15,"{""agreement"": -0.006349832285195589, ""completed"": true}"
129,7080,S15,S9,"{""agreement"": 0.8605048656463623, ""completed"": true}"
129,7080,S9,S15,"{""agreement"": -0.4790467321872711, ""completed"": true}"
129,7100,S15,S9,"{""agreement"": -0.13978241384029388, ""completed"": true}"
129,7100,S9,S15,"{""agreement"": 0.531291663646698, ""completed"": true}"
129,7120,S15,S9,"{""agreement"": 0.0638321042060852, ""completed"": true}"
129,7120,S9,S15,"{""agreement"": 0.7747394442558289, ""completed"": true}"
129,7140,S15,S9,"{""agreement"": 0.6497040390968323, ""completed"": true}"
129,7140,S9,S15,"{""agreement"": -0.16611702740192413, ""completed"": true}"
129,7240,S16,S5,"{""agreement"": 0.19460953772068024, ""completed"": true}"
129,7240,S5,S16,"{""agreement"": 0.5495961308479309, ""completed"": true}"
129,7260,S16,S5,"{""agreement"": 0.6504125595092773, ""completed"": true}"
129,7260,S5,S16,"{""agreement"": 0.6031442284584045, ""completed"": true}"
129,7280,S16,S5,"{""agreement"": 0.005484717432409525, ""completed"": true}"
129,7280,S5,S16,"{""agreement"": -0.28184974193573, ""completed"": true}"
129,7300,S16,S5,"{""agreement"": 0.35989049077033997, ""completed"": true}"
129,7300,S5,S16,"{""agreement"": 0.6622215509414673, ""completed"": true}"
129,7320,S16,S5,"{""agreement"": -0.018228475004434586, ""completed"": true}"
129,7320,S5,S16,"{""agreement"": 0.40707826614379883, ""completed"": true}"
129,7320,S15,S5,"{""agreement"": 0.8013366460800171, ""completed"": true}"
129,7340,S16,S5,"{""agreement"": -0.1803102195262909, ""completed"": true}"
129,7340,S5,S16,"{""agreement"": -0.37972936034202576, ""completed"": true}"
129,7340,S13,S11,"{""agreement"": 0.7983657717704773, ""completed"": true}"
129,7340,S11,S13,"{""agreement"": -0.48175421357154846, ""completed"": true}"
129,7340,S15,S5,"{""agreement"": -0.49233952164649963, ""completed"": true}"
129,7360,S16,S5,"{""agreement"": -0.05514270439743996, ""completed"": true}"
129,7360,S5,S16,"{""agreement"": 0.2384827584028244, ""completed"": true}"
129,7360,S13,S11,"{""agreement"": 0.5740902423858643, ""completed"": true}"
129,7360,S11,S13,"{""agreement"": 0.8059611916542053, ""completed"": true}"
129,7360,S15,S5,"{""agreement"": 0.8293224573135376, ""completed"": true}"
129,7380,S16,S5,"{""agreement"": 0.7908666133880615, ""completed"": true}"
129,7380,S5,S16,"{""agreement"": 0.4730991721153259, ""completed"": true}"
129,7380,S13,S11,"{""agreement"": 0.8000593781471252, ""completed"": true}"
129,7380,S11,S13,"{""agreement"": -0.5718868374824524, ""completed"": true}"
129,7380,S15,S5,"{""agreement"": 0.7525080442428589, ""completed"": true}"
129,7400,S16,S5,"{""agreement"": 0.5995547771453857, ""completed"": true}"
129,7400,S5,S16,"{""agreement"": -0.01743355207145214, ""completed"": true}"
129,7400,S13,S11,"{""agreement"": 0.18242603540420532, ""completed"": true}"
129,7400,S11,S13,"{""agreement"": 0.7834880948066711, ""completed"": true}"
129,7400,S15,S5,"{""agreement"": -0.5057579874992371, ""completed"": true}"
129,7420,S16,S5,"{""agreement"": 0.8823045492172241, ""completed"": true}"
129,7420,S5,S16,"{""agreement"": -0.25396469235420227, ""completed"": true}"
129,7420,S13,S11,"{""agreement"": 0.9059796929359436, ""completed"": true}"
129,7420,S11,S13,"{""agreement"": -0.8605701923370361, ""completed"": true}"
129,7420,S15,S5,"{""agreement"": -0.05401581525802612, ""completed"": true}"
129,7440,S16,S5,"{""agreement"": -0.35242798924446106, ""completed"": true}"
129,7440,S5,S16,"{""agreement"": -0.22345522046089172, ""completed"": true}"
129,7440,S13,S11,"{""agreement"": 0.022983772680163383, ""completed"": true}"
129,7440,S11,S13,"{""agreement"": 0.5500896573066711, ""completed"": true}"
129,7440,S15,S5,"{""agreement"": 0.38626477122306824, ""completed"": true}"
129,7460,S16,S5,"{""agreement"": 0.09479469805955887, ""completed"": true}"
129,7460,S5,S16,"{""agreement"": 0.1363944113254547, ""completed"": true}"
129,7460,S13,S11,"{""agreement"": -0.0435018315911293, ""completed"": true}"
129,7460,S11,S13,"{""agreement"": 0.0659404844045639, ""completed"": true}"
129,7460,S15,S5,"{""agreement"": 0.481463760137558, ""completed"": true}"
129,7480,S16,S5,"{""agreement"": 0.29858240485191345, ""completed"": true}"
129,7480,S5,S16,"{""agreement"": -0.6571686863899231, ""completed"": true}"
129,7480,S13,S11,"{""agreement"": 0.18200533092021942, ""completed"": true}"
129,7480,S11,S13,"{""agreement"": 0.8270885944366455, ""completed"": true}"
129,7480,S15,S5,"{""agreement"": -0.1620532125234604, ""completed"": true}"
129,7500,S16,S5,"{""agreement"": 0.8728078603744507, ""completed"": true}"
129,7500,S5,S16,"{""agreement"": -0.8452150821685791, ""completed"": true}"
129,7500,S13,S11,"{""agreement"": -0.021562324836850166, ""completed"": true}"
129,7500,S11,S15,"{""agreement"": 0.7630335688591003, ""completed"": true}"
129,7500,S15,S11,"{""agreement"": -0.7498806715011597, ""completed"": true}"
129,7520,S16,S5,"{""agreement"": 0.8835733532905579, ""completed"": true}"
129,7520,S13,S11,"{""agreement"": 0.8127106428146362, ""completed"": true}"
129,7520,S11,S15,"{""agreement"": 0.6389421224594116, ""completed"": true}"
129,7520,S15,S11,"{""agreement"": 0.13563492894172668, ""completed"": true}"
129,7540,S13,S11,"{""agreement"": -0.6704132556915283, ""completed"": true}"
129,7540,S11,S15,"{""agreement"": -0.2523058354854584, ""completed"": true}"
129,7540,S15,S11,"{""agreement"": 0.7680366635322571, ""completed"": true}"
129,7560,S13,S11,"{""agreement"": 0.11510071158409119, ""completed"": true}"
129,7560,S11,S15,"{""agreement"": 0.010724962688982487, ""completed"": true}"
129,7560,S15,S11,"{""agreement"": 0.9427486658096313, ""completed"": true}"
129,7580,S13,S11,"{""agreement"": 0.7563719153404236, ""completed"": true}"
129,7580,S11,S13,"{""agreement"": 0.21542876958847046, ""completed"": true}"
129,7600,S13,S11,"{""agreement"": -0.3105175495147705, ""completed"": true}"
129,7600,S11,S13,"{""agreement"": -0.47725462913513184, ""completed"": true}"
129,7620,S13,S11,"{""agreement"": 0.49060288071632385, ""completed"": true}"
129,7620,S11,S13,"{""agreement"": 0.9499025344848633, ""completed"": true}"
129,7640,S13,S11,"{""agreement"": 0.4624466001987457, ""completed"": true}"
129,7640,S11,S13,"{""agreement"": 0.5674005150794983, ""completed"": true}"
129,7660,S13,S11,"{""agreement"": 0.8808702230453491, ""completed"": true}"
129,7660,S11,S13,"{""agreement"": -0.5338595509529114, ""completed"": true}"
129,7680,S13,S11,"{""agreement"": 0.8287367224693298, ""completed"": true}"
129,7680,S11,S13,"{""agreement"": 0.7383952140808105, ""completed"": true}"
129,7700,S13,S11,"{""agreement"": -0.3790384829044342, ""completed"": true}"
129,7700,S11,S13,"{""agreement"": 0.0424862802028656, ""completed"": true}"
129,7720,S13,S11,"{""agreement"": 0.6015654802322388, ""completed"": true}"
129,7720,S11,S13,"{""agreement"": -0.4720025658607483, ""completed"": true}"
129,7740,S13,S11,"{""agreement"": 0.7914364337921143, ""completed"": true}"
129,7740,S11,S13,"{""agreement"": 0.9685994982719421, ""completed"": true}"
129,7760,S13,S11,"{""agreement"": 0.48414185643196106, ""completed"": true}"
129,7760,S11,S13,"{""agreement"": 0.6697211861610413, ""completed"": true}"
129,7780,S13,S11,"{""agreement"": -0.35529646277427673, ""completed"": true}"
129,7780,S11,S13,"{""agreement"": 0.72541743516922, ""completed"": true}"
129,7800,S13,S11,"{""agreement"": -0.03517661616206169, ""completed"": true}"
129,7800,S11,S13,"{""agreement"": 0.490742564201355, ""completed"": true}"
129,7820,S13,S11,"{""agreement"": 0.041404351592063904, ""completed"": true}"
129,7820,S11,S13,"{""agreement"": -0.5768200159072876, ""completed"": true}"
129,7840,S13,S11,"{""agreement"": 0.23370587825775146, ""completed"": true}"
129,7840,S11,S13,"{""agreement"": -0.0032170743215829134, ""completed"": true}"
129,7860,S11,S5,"{""agreement"": 0.8105878829956055, ""completed"": true}"
129,7860,S5,S11,"{""agreement"": -0.7969487309455872, ""completed"": true}"
129,7880,S11,S5,"{""agreement"": 0.8826752305030823, ""completed"": true}"
129,7880,S5,S11,"{""agreement"": 0.5924472808837891, ""completed"": true}"
129,7900,S11,S5,"{""agreement"": -0.5405335426330566, ""completed"": true}"
129,7900,S5,S11,"{""agreement"": 0.3436072766780853, ""completed"": true}"
129,7920,S11,S5,"{""agreement"": 0.6818636059761047, ""completed"": true}"
129,7920,S5,S11,"{""agreement"": -0.15689411759376526, ""completed"": true}"
129,7940,S11,S5,"{""agreement"": 0.10980020463466644, ""completed"": true}"
129,7940,S5,S11,"{""agreement"": 0.011924066580832005, ""completed"": true}"
129,7960,S11,S5,"{""agreement"": 0.5987496972084045, ""completed"": true}"
129,7960,S5,S11,"{""agreement"": -0.8927297592163086, ""completed"": true}"
129,7980,S11,S5,"{""agreement"": 0.30734676122665405, ""completed"": true}"
129,7980,S5,S11,"{""agreement"": 0.5917702913284302, ""completed"": true}"
129,8000,S11,S5,"{""agreement"": -0.653982400894165, ""completed"": true}"
129,8000,S5,S11,"{""agreement"": -0.3494690954685211, ""completed"": true}"
129,8020,S11,S5,"{""agreement"": 0.7349395751953125, ""completed"": true}"
129,8020,S5,S11,"{""agreement"": 0.9101305603981018, ""completed"": true}"
129,8040,S11,S5,"{""agreement"": 0.8193961977958679, ""completed"": true}"
129,8040,S5,S11,"{""agreement"": 0.27895215153694153, ""completed"": true}"
129,8360,S9,S11,"{""agreement"": -0.7832065224647522, ""completed"": true}"
129,8360,S11,S9,"{""agreement"": 0.7515037655830383, ""completed"": true}"
129,8380,S9,S11,"{""agreement"": -0.35404837131500244, ""completed"": true}"
129,8380,S11,S9,"{""agreement"": -0.2223360687494278, ""completed"": true}"
129,8760,S6,S15,"{""agreement"": 0.7384864687919617, ""completed"": true}"
129,8760,S15,S6,"{""agreement"": 0.1512298882007599, ""completed"": true}"
129,8780,S6,S15,"{""agreement"": 0.25205448269844055, ""completed"": true}"
129,8780,S15,S6,"{""agreement"": -0.6665211915969849, ""completed"": true}"
129,8800,S6,S15,"{""agreement"": 0.7861707806587219, ""completed"": true}"
129,8800,S15,S6,"{""agreement"": -0.3206348419189453, ""completed"": true}"
129,8820,S6,S15,"{""agreement"": 0.09307236969470978, ""completed"": true}"
129,8820,S15,S6,"{""agreement"": 0.5841606259346008, ""completed"": true}"
129,8840,S6,S15,"{""agreement"": 0.03391522541642189, ""completed"": true}"
129,8840,S15,S6,"{""agreement"": -0.8981074094772339, ""completed"": true}"
129,8860,S6,S15,"{""agreement"": 0.06627259403467178, ""completed"": true}"
129,8860,S15,S6,"{""agreement"": 0.8256555795669556, ""completed"": true}"
129,8880,S6,S15,"{""agreement"": 0.27638086676597595, ""completed"": true}"
129,8880,S15,S6,"{""agreement"": 0.5595595240592957, ""completed"": true}"
129,8900,S6,S15,"{""agreement"": 0.7161238193511963, ""completed"": true}"
129,8900,S15,S6,"{""agreement"": 0.543415904045105, ""completed"": true}"
129,8920,S6,S15,"{""agreement"": -0.27787303924560547, ""completed"": true}"
129,8920,S15,S6,"{""agreement"": -0.18046478927135468, ""completed"": true}"
129,8940,S6,S15,"{""agreement"": 0.7516257166862488, ""completed"": true}"
129,8940,S15,S6,"{""agreement"": 0.5187928080558777, ""completed"": true}"
129,8960,S6,S15,"{""agreement"": 0.5224776268005371, ""completed"": true}"
129,8960,S15,S6,"{""agreement"": -0.6090309619903564, ""completed"": true}"
129,8980,S6,S15,"{""agreement"": -0.5646886229515076, ""completed"": true}"
129,8980,S15,S9,"{""agreement"": 0.8808656334877014, ""completed"": true}"
129,8980,S9,S15,"{""agreement"": 0.1504276841878891, ""completed"": true}"
129,9000,S6,S15,"{""agreement"": 0.7801778316497803, ""completed"": true}"
129,9000,S15,S9,"{""agreement"": 0.6819775700569153, ""completed"": true}"
129,9000,S9,S15,"{""agreement"": -0.7250059843063354, ""completed"": true}"
129,9020,S6,S15,"{""agreement"": 0.9556421637535095, ""completed"": true}"
129,9020,S15,S9,"{""agreement"": 0.33152449131011963, ""completed"": true}"
129,9020,S9,S15,"{""agreement"": 0.7774907350540161, ""completed"": true}"
129,9040,S6,S15,"{""agreement"": 0.4182015657424927, ""completed"": true}"
129,9040,S15,S9,"{""agreement"": 0.6511827111244202, ""completed"": true}"
129,9040,S9,S15,"{""agreement"": 0.04866718128323555, ""completed"": true}"
129,9060,S6,S15,"{""agreement"": 0.074529729783535, ""completed"": true}"
129,9060,S15,S6,"{""agreement"": -0.38990098237991333, ""completed"": true}"
129,9080,S6,S15,"{""agreement"": -0.51181560754776, ""completed"": true}"
129,9080,S15,S6,"{""agreement"": -0.07433539628982544, ""completed"": true}"
129,9100,S6,S15,"{""agreement"": 0.49976596236228943, ""completed"": true}"
129,9100,S15,S6,"{""agreement"": 0.15352654457092285, ""completed"": true}"
129,9120,S6,S15,"{""agreement"": 0.4976990222930908, ""completed"": true}"
129,9120,S15,S6,"{""agreement"": 0.8047977685928345, ""completed"": true}"
129,9140,S6,S15,"{""agreement"": -0.3007142245769501, ""completed"": true}"
129,9140,S15,S6,"{""agreement"": 0.3105977773666382, ""completed"": true}"
129,9160,S6,S15,"{""agreement"": -0.0354926623404026, ""completed"": true}"
129,9160,S15,S6,"{""agreement"": -0.3724074363708496, ""completed"": true}"
129,9760,S16,S8,"{""agreement"": -0.863140881061554, ""completed"": true}"
129,9760,S8,S16,"{""agreement"": 0.2495896816253662, ""completed"": true}"
129,9780,S16,S8,"{""agreement"": -0.1392718404531479, ""completed"": true}"
129,9780,S8,S16,"{""agreement"": 0.4450845420360565, ""completed"": true}"
129,9800,S16,S8,"{""agreement"": 0.6756125092506409, ""completed"": true}"
129,9800,S8,S16,"{""agreement"": 0.4741775691509247, ""completed"": true}"
129,9820,S16,S8,"{""agreement"": -0.45578140020370483, ""completed"": true}"
129,9820,S8,S16,"{""agreement"": 0.1329418122768402, ""completed"": true}"
129,9840,S16,S8,"{""agreement"": -0.3009321391582489, ""completed"": true}"
129,9840,S8,S16,"{""agreement"": 0.3652847707271576, ""completed"": true}"
129,9860,S16,S8,"{""agreement"": 0.22498515248298645, ""completed"": true}"
129,9860,S8,S16,"{""agreement"": -0.3057553172111511, ""completed"": true}"
129,9880,S16,S8,"{""agreement"": -0.6566820740699768, ""completed"": true}"
129,9880,S8,S16,"{""agreement"": 0.7950769066810608, ""completed"": true}"
129,9900,S16,S8,"{""agreement"": 0.549797773361206, ""completed"": true}"
129,9900,S8,S16,"{""agreement"": 0.5106923580169678, ""completed"": true}"
129,9920,S16,S8,"{""agreement"": -0.362915575504303, ""completed"": true}"
129,9920,S8,S16,"{""agreement"": 0.48075589537620544, ""completed"": true}"
129,9940,S16,S8,"{""agreement"": 0.5116560459136963, ""completed"": true}"
129,9940,S8,S16,"{""agreement"": 0.23992688953876495, ""completed"": true}"
129,9960,S16,S8,"{""agreement"": -0.17209063470363617, ""completed"": true}"
129,9960,S8,S16,"{""agreement"": 0.4093639552593231, ""completed"": true}"
129,9980,S16,S8,"{""agreement"": 0.2963120639324188, ""completed"": true}"
129,9980,S8,S16,"{""agreement"": 0.015914063900709152, ""completed"": true}"
129,10000,S16,S8,"{""agreement"": 0.5206579566001892, ""completed"": true}"
129,10000,S8,S16,"{""agreement"": 0.03471128270030022, ""completed"": true}"
129,10020,S16,S8,"{""agreement"": -0.05719223991036415, ""completed"": true}"
129,10020,S8,S16,"{""agreement"": 0.27554264664649963, ""completed"": true}"
129,10040,S16,S8,"{""agreement"": -0.05567791312932968, ""completed"": true}"
129,10040,S8,S16,"{""agreement"": -0.23436114192008972, ""completed"": true}"
129,10060,S16,S8,"{""agreement"": -0.43986546993255615, ""completed"": true}"
129,10060,S8,S16,"{""agreement"": 0.32618576288223267, ""completed"": true}"
129,10080,S16,S8,"{""agreement"": 0.7232120633125305, ""completed"": true}"
129,10080,S8,S16,"{""agreement"": -0.5242311358451843, ""completed"": true}"
129,10100,S16,S8,"{""agreement"": -0.109563447535038, ""completed"": true}"
129,10100,S8,S16,"{""agreement"": 0.3229677379131317, ""completed"": true}"
129,10120,S16,S8,"{""agreement"": -0.4857785701751709, ""completed"": true}"
129,10120,S8,S16,"{""agreement"": 0.7169494032859802, ""completed"": true}"
129,10140,S16,S8,"{""agreement"": 0.7801975607872009, ""completed"": true}"
129,10140,S8,S16,"{""agreement"": -0.009218912571668625, ""completed"": true}"
129,10160,S16,S8,"{""agreement"": 0.1521841287612915, ""completed"": true}"
129,10160,S8,S16,"{""agreement"": 0.6433879733085632, ""completed"": true}"
129,10180,S16,S8,"{""agreement"": -0.5939667224884033, ""completed"": true}"
129,10180,S8,S16,"{""agreement"": 0.6174384951591492, ""completed"": true}"
129,10200,S16,S8,"{""agreement"": -0.18218190968036652, ""completed"": true}"
129,10200,S8,S16,"{""agreement"": 0.6031134128570557, ""completed"": true}"
129,10220,S16,S8,"{""agreement"": -0.7902026772499084, ""completed"": true}"
129,10220,S8,S16,"{""agreement"": 0.5786070227622986, ""completed"": true}"
129,10240,S8,S16,"{""agreement"": -0.06592053920030594, ""completed"": true}"
129,10260,S8,S16,"{""agreement"": 0.6611915826797485, ""completed"": true}"
129,10400,S6,S9,"{""agreement"": 0.7021216750144958, ""completed"": true}"
129,10400,S9,S6,"{""agreement"": 0.20862774550914764, ""completed"": true}"
129,10420,S6,S9,"{""agreement"": 0.3018406331539154, ""completed"": true}"
129,10420,S9,S6,"{""agreement"": 0.5340668559074402, ""completed"": true}"
129,10440,S6,S9,"{""agreement"": 0.4802447557449341, ""completed"": true}"
129,10440,S9,S6,"{""agreement"": -0.28324171900749207, ""completed"": true}"
129,10460,S6,S9,"{""agreement"": 0.6779122948646545, ""completed"": true}"
129,10460,S9,S6,"{""agreement"": -0.3708457350730896, ""completed"": true}"
129,10840,S7,S13,"{""agreement"": 0.6848911643028259, ""completed"": true}"
129,10840,S13,S7,"{""agreement"": 0.3078657388687134, ""completed"": true}"
129,10860,S7,S13,"{""agreement"": -0.5800043940544128, ""completed"": true}"
129,10860,S13,S7,"{""agreement"": 0.713712215423584, ""completed"": true}"
129,10860,S8,S9,"{""agreement"": 0.06302645802497864, ""completed"": true}"
129,10860,S9,S8,"{""agreement"": -0.26936060190200806, ""completed"": true}"
129,10880,S8,S9,"{""agreement"": 0.15879720449447632, ""completed"": true}"
129,10880,S9,S8,"{""agreement"": 0.08582758903503418, ""completed"": true}"
129,10900,S8,S9,"{""agreement"": 0.6388000249862671, ""completed"": true}"
129,10900,S9,S8,"{""agreement"": 0.4221649169921875, ""completed"": true}"
129,10920,S13,S5,"{""agreement"": 0.697854220867157, ""completed"": true}"
129,10920,S5,S13,"{""agreement"": 0.810869574546814, ""completed"": true}"
129,10920,S8,S9,"{""agreement"": -0.08979474008083344, ""completed"": true}"
129,10920,S9,S8,"{""agreement"": 0.0304171871393919, ""completed"": true}"
129,10940,S13,S5,"{""agreement"": 0.03888380527496338, ""completed"": true}"
129,10940,S5,S13,"{""agreement"": 0.19873492419719696, ""completed"": true}"
129,10940,S8,S9,"{""agreement"": -0.01612408086657524, ""completed"": true}"
129,10940,S9,S8,"{""agreement"": 0.3298099637031555, ""completed"": true}"
129,10960,S13,S5,"{""agreement"": 0.04634030908346176, ""completed"": true}"
129,10960,S5,S13,"{""agreement"": 0.3193928003311157, ""completed"": true}"
129,10960,S8,S9,"{""agreement"": 0.8267403244972229, ""completed"": true}"
129,10960,S9,S8,"{""agreement"": -0.2118757963180542, ""completed"": true}"
129,10980,S13,S5,"{""agreement"": -0.09704172611236572, ""completed"": true}"
129,10980,S5,S13,"{""agreement"": -0.5395232439041138, ""completed"": true}"
129,10980,S8,S9,"{""agreement"": 0.18459035456180573, ""completed"": true}"
129,10980,S9,S8,"{""agreement"": 0.07003326714038849, ""completed"": true}"
129,11000,S13,S5,"{""agreement"": 0.7513387203216553, ""completed"": true}"
129,11000,S5,S13,"{""agreement"": -0.09053599834442139, ""completed"": true}"
129,11000,S8,S9,"{""agreement"": 0.16509966552257538, ""completed"": true}"
129,11000,S9,S8,"{""agreement"": 0.09695814549922943, ""completed"": true}"
129,11020,S13,S5,"{""agreement"": 0.2604049742221832, ""completed"": true}"
129,11020,S5,S13,"{""agreement"": 0.8936007618904114, ""completed"": true}"
129,11020,S8,S9,"{""agreement"": 0.20326903462409973, ""completed"": true}"
129,11020,S9,S8,"{""agreement"": 0.6232767105102539, ""completed"": true}"
129,11040,S13,S5,"{""agreement"": -0.05179474502801895, ""completed"": true}"
129,11040,S5,S13,"{""agreement"": 0.10493334382772446, ""completed"": true}"
129,11040,S8,S9,"{""agreement"": -0.07987044751644135, ""completed"": true}"
129,11040,S9,S8,"{""agreement"": -0.28417903184890747, ""completed"": true}"
129,11060,S8,S9,"{""agreement"": 0.22361460328102112, ""completed"": true}"
129,11060,S9,S8,"{""agreement"": 0.317959725856781, ""completed"": true}"
129,11080,S8,S9,"{""agreement"": 0.5278356075286865, ""completed"": true}"
129,11080,S9,S8,"{""agreement"": 0.393343448638916, ""completed"": true}"
129,11100,S7,S9,"{""agreement"": 0.6865649223327637, ""completed"": true}"
129,11100,S9,S7,"{""agreement"": 0.11603282392024994, ""completed"": true}"
129,11100,S8,S9,"{""agreement"": -0.7138434648513794, ""completed"": true}"
129,11120,S7,S9,"{""agreement"": -0.5868770480155945, ""completed"": true}"
129,11120,S9,S7,"{""agreement"": 0.7965096235275269, ""completed"": true}"
129,11120,S8,S9,"{""agreement"": 0.7572627067565918, ""completed"": true}"
129,11140,S7,S9,"{""agreement"": -0.7574344277381897, ""completed"": true}"
129,11140,S9,S7,"{""agreement"": 0.5953719615936279, ""completed"": true}"
129,11140,S8,S9,"{""agreement"": -0.4858447313308716, ""completed"": true}"
129,11160,S7,S9,"{""agreement"": 0.7976822257041931, ""completed"": true}"
129,11160,S9,S7,"{""agreement"": 0.4290800988674164, ""completed"": true}"
129,11160,S8,S9,"{""agreement"": -0.2739622890949249, ""completed"": true}"
129,11180,S7,S9,"{""agreement"": 0.17667144536972046, ""completed"": true}"
129,11180,S9,S7,"{""agreement"": -0.5346972346305847, ""completed"": true}"
129,11180,S8,S9,"{""agreement"": 0.05267072841525078, ""completed"": true}"
129,11200,S7,S9,"{""agreement"": 0.641307532787323, ""completed"": true}"
129,11200,S9,S7,"{""agreement"": 0.7972912788391113, ""completed"": true}"
129,11200,S8,S9,"{""agreement"": 0.54319828748703, ""completed"": true}"
129,11220,S7,S9,"{""agreement"": 0.7897595763206482, ""completed"": true}"
129,11220,S9,S7,"{""agreement"": 0.5319265127182007, ""completed"": true}"
129,11220,S13,S5,"{""agreement"": 0.21784250438213348, ""completed"": true}"
129,11220,S5,S13,"{""agreement"": 0.07438396662473679, ""completed"": true}"
129,11220,S8,S9,"{""agreement"": 0.651417076587677, ""completed"": true}"
129,11240,S7,S9,"{""agreement"": 0.28622573614120483, ""completed"": true}"
129,11240,S9,S7,"{""agreement"": -0.572134792804718, ""completed"": true}"
129,11240,S13,S5,"{""agreement"": 0.07715905457735062, ""completed"": true}"
129,11240,S5,S13,"{""agreement"": 0.41729697585105896, ""completed"": true}"
129,11240,S8,S9,"{""agreement"": -0.5444900393486023, ""completed"": true}"
129,11260,S7,S9,"{""agreement"": 0.38713687658309937, ""completed"": true}"
129,11260,S9,S7,"{""agreement"": -0.5200516581535339, ""completed"": true}"
129,11260,S13,S5,"{""agreement"": -0.8068207502365112, ""completed"": true}"
129,11260,S5,S13,"{""agreement"": 0.18091893196105957, ""completed"": true}"
129,11260,S8,S9,"{""agreement"": -0.2429468184709549, ""completed"": true}"
129,11280,S7,S9,"{""agreement"": -0.555042028427124, ""completed"": true}"
129,11280,S9,S8,"{""agreement"": -0.4708922207355499, ""completed"": true}"
129,11280,S13,S5,"{""agreement"": -0.6956149339675903, ""completed"": true}"
129,11280,S5,S13,"{""agreement"": 0.7071627378463745, ""completed"": true}"
129,11280,S8,S9,"{""agreement"": -0.17612184584140778, ""completed"": true}"
129,11300,S7,S9,"{""agreement"": -0.39077118039131165, ""completed"": true}"
129,11300,S9,S8,"{""agreement"": 0.8198958039283752, ""completed"": true}"
129,11300,S5,S13,"{""agreement"": -0.0013120409566909075, ""completed"": true}"
129,11300,S8,S9,"{""agreement"": -0.06790699064731598, ""completed"": true}"
129,11320,S7,S9,"{""agreement"": 0.21920573711395264, ""completed"": true}"
129,11320,S9,S8,"{""agreement"": -0.06312107294797897, ""completed"": true}"
129,11320,S5,S13,"{""agreement"": -0.8390161395072937, ""completed"": true}"
129,11320,S8,S9,"{""agreement"": -0.5843244194984436, ""completed"": true}"
129,11340,S7,S9,"{""agreement"": 0.01200883463025093, ""completed"": true}"
129,11340,S9,S8,"{""agreement"": -0.0815698653459549, ""completed"": true}"
129,11340,S5,S13,"{""agreement"": 0.02325175516307354, ""completed"": true}"
129,11360,S7,S9,"{""agreement"": 0.4529431462287903, ""completed"": true}"
129,11360,S9,S8,"{""agreement"": -0.3910983204841614, ""completed"": true}"
129,11360,S5,S13,"{""agreement"": 0.7391341328620911, ""completed"": true}"
129,11380,S5,S13,"{""agreement"": -0.36160725355148315, ""completed"": true}"
129,11380,S9,S8,"{""agreement"": 0.7555396556854248, ""completed"": true}"
129,11400,S5,S13,"{""agreement"": -0.7239534854888916, ""completed"": true}"
129,11400,S9,S8,"{""agreement"": 0.22065623104572296, ""completed"": true}"
129,11420,S5,S13,"{""agreement"": 0.42820513248443604, ""completed"": true}"
129,11420,S9,S8,"{""agreement"": 0.20448003709316254, ""completed"": true}"
129,11440,S5,S13,"{""agreement"": 0.5021315813064575, ""completed"": true}"
129,11440,S9,S8,"{""agreement"": 0.912992000579834, ""completed"": true}"
129,11460,S5,S13,"{""agreement"": 0.9541934132575989, ""completed"": true}"
129,11460,S9,S8,"{""agreement"": 0.027268921956419945, ""completed"": true}"
129,11480,S5,S13,"{""agreement"": 0.05400565266609192, ""completed"": true}"
129,11580,S6,S13,"{""agreement"": -0.02806100994348526, ""completed"": true}"
129,11580,S13,S6,"{""agreement"": 0.32895904779434204, ""completed"": true}"
129,11600,S6,S13,"{""agreement"": 0.17085298895835876, ""completed"": true}"
129,11600,S13,S6,"{""agreement"": 0.9516726732254028, ""completed"": true}"
129,11620,S6,S13,"{""agreement"": 0.6722378730773926, ""completed"": true}"
129,11620,S13,S6,"{""agreement"": 0.12536917626857758, ""completed"": true}"
129,11640,S6,S13,"{""agreement"": 0.5516294240951538, ""completed"": true}"
129,11640,S13,S6,"{""agreement"": -0.3626455068588257, ""completed"": true}"
129,11660,S6,S13,"{""agreement"": -0.5355493426322937, ""completed"": true}"
129,11660,S13,S6,"{""agreement"": -0.1807607114315033, ""completed"": true}"
129,11680,S6,S13,"{""agreement"": 0.9189651608467102, ""completed"": true}"
129,11680,S13,S6,"{""agreement"": 0.3183077275753021, ""completed"": true}"
129,11700,S6,S13,"{""agreement"": -0.03183304890990257, ""completed"": true}"
129,11700,S13,S6,"{""agreement"": 0.010260729119181633, ""completed"": true}"
129,11720,S6,S13,"{""agreement"": 0.45714494585990906, ""completed"": true}"
129,11720,S13,S6,"{""agreement"": -0.4779365062713623, ""completed"": true}"
129,11740,S6,S13,"{""agreement"": 0.16021066904067993, ""completed"": true}"
129,11740,S13,S6,"{""agreement"": 0.4088580906391144, ""completed"": true}"
129,11760,S6,S13,"{""agreement"": -0.8407310843467712, ""completed"": true}"
129,11760,S13,S6,"{""agreement"": 0.05590640380978584, ""completed"": true}"
129,11780,S6,S13,"{""agreement"": 0.6583198308944702, ""completed"": true}"
129,11780,S13,S6,"{""agreement"": -0.6634919047355652, ""completed"": true}"
129,11800,S6,S13,"{""agreement"": 0.5590516328811646, ""completed"": true}"
129,11800,S13,S6,"{""agreement"": -0.5541760921478271, ""completed"": true}"
129,11820,S6,S13,"{""agreement"": 0.921083927154541, ""completed"": true}"
129,11840,S6,S13,"{""agreement"": -0.321201890707016, ""completed"": true}"
129,11860,S7,S5,"{""agreement"": 0.04063071310520172, ""completed"": true}"
129,11860,S5,S7,"{""agreement"": -0.6368876695632935, ""completed"": true}"
129,11860,S6,S13,"{""agreement"": -0.6950756311416626, ""completed"": true}"
129,11880,S6,S13,"{""agreement"": -0.23602032661437988, ""completed"": true}"
129,11900,S6,S13,"{""agreement"": -0.6803768873214722, ""completed"": true}"
129,12020,S15,S11,"{""agreement"": -0.805767834186554, ""completed"": true}"
129,12020,S11,S15,"{""agreement"": 0.4357265830039978, ""completed"": true}"
129,12040,S15,S11,"{""agreement"": 0.57756108045578, ""completed"": true}"
129,12040,S11,S15,"{""agreement"": -0.2734925448894501, ""completed"": true}"
129,12060,S15,S11,"{""agreement"": -0.7449130415916443, ""completed"": true}"
129,12060,S11,S15,"{""agreement"": 0.7076852321624756, ""completed"": true}"
129,12160,S6,S9,"{""agreement"": 0.2883107364177704, ""completed"": true}"
129,12160,S9,S6,"{""agreement"": 0.31616276502609253, ""completed"": true}"
129,12160,S11,S5,"{""agreement"": 0.07373550534248352, ""completed"": true}"
129,12160,S5,S11,"{""agreement"": 0.9082117080688477, ""completed"": true}"
129,12180,S11,S5,"{""agreement"": -0.13466177880764008, ""completed"": true}"
129,12180,S5,S11,"{""agreement"": -0.8079008460044861, ""completed"": true}"
129,12200,S11,S5,"{""agreement"": 0.1441124677658081, ""completed"": true}"
129,12200,S5,S11,"{""agreement"": -0.2383366823196411, ""completed"": true}"
129,12220,S11,S5,"{""agreement"": 0.6433150172233582, ""completed"": true}"
129,12220,S5,S11,"{""agreement"": -0.14460283517837524, ""completed"": true}"
129,12240,S11,S5,"{""agreement"": -0.2771308124065399, ""completed"": true}"
129,12240,S5,S11,"{""agreement"": 0.5571401715278625, ""completed"": true}"
129,12260,S11,S5,"{""agreement"": 0.7593703269958496, ""completed"": true}"
129,12260,S5,S11,"{""agreement"": -0.8281470537185669, ""completed"": true}"
129,12280,S11,S5,"{""agreement"": 0.7103816270828247, ""completed"": true}"
129,12280,S5,S11,"{""agreement"": -0.6007817983627319, ""completed"": true}"
129,12300,S6,S3,"{""agreement"": 0.042347777634859085, ""completed"": true}"
129,12300,S3,S6,"{""agreement"": 0.5139012932777405, ""completed"": true}"
129,12320,S6,S3,"{""agreement"": -0.5618231892585754, ""completed"": true}"
129,12320,S3,S6,"{""agreement"": 0.6787269711494446, ""completed"": true}"
129,12340,S6,S3,"{""agreement"": -0.3368094265460968, ""completed"": true}"
129,12340,S3,S6,"{""agreement"": -0.08929339051246643, ""completed"": true}"
129,12360,S6,S3,"{""agreement"": 0.7825191617012024, ""completed"": true}"
129,12360,S3,S6,"{""agreement"": 0.5860128998756409, ""completed"": true}"
129,12420,S7,S3,"{""agreement"": 0.6641641855239868, ""completed"": true}"
129,12420,S3,S7,"{""agreement"": -0.7564099431037903, ""completed"": true}"
129,12440,S7,S3,"{""agreement"": 0.7533709406852722, ""completed"": true}"
129,12440,S3,S7,"{""agreement"": 0.8930840492248535, ""completed"": true}"
129,12460,S7,S3,"{""agreement"": 0.5097817182540894, ""completed"": true}"
129,12460,S3,S7,"{""agreement"": -0.5409660935401917, ""completed"": true}"
129,12480,S7,S3,"{""agreement"": 0.14153659343719482, ""completed"": true}"
129,12480,S3,S7,"{""agreement"": 0.9181662201881409, ""completed"": true}"
129,12500,S7,S3,"{""agreement"": -0.3850691318511963, ""completed"": true}"
129,12500,S3,S7,"{""agreement"": -0.3303220570087433, ""completed"": true}"
129,12520,S7,S3,"{""agreement"": -0.11382729560136795, ""completed"": true}"
129,12520,S3,S7,"{""agreement"": -0.9323651194572449, ""completed"": true}"
129,12540,S7,S3,"{""agreement"": 0.7889096736907959, ""completed"": true}"
129,12540,S3,S7,"{""agreement"": -0.06229596585035324, ""completed"": true}"
129,12560,S7,S3,"{""agreement"": 0.1494595855474472, ""completed"": true}"
129,12560,S3,S7,"{""agreement"": 0.629041850566864, ""completed"": true}"
129,12580,S7,S3,"{""agreement"": -0.5483542680740356, ""completed"": true}"
129,12580,S3,S7,"{""agreement"": 0.8488379716873169, ""completed"": true}"
129,12820,S3,S5,"{""agreement"": -0.013629133813083172, ""completed"": true}"
129,12820,S5,S3,"{""agreement"": 0.8027767539024353, ""completed"": true}"
129,13260,S9,S8,"{""agreement"": 0.2794302999973297, ""completed"": true}"
129,13280,S9,S8,"{""agreement"": -0.19344142079353333, ""completed"": true}"
129,13300,S9,S8,"{""agreement"": -0.39943262934684753, ""completed"": true}"
129,13320,S9,S8,"{""agreement"": 0.1861143410205841, ""completed"": true}"
129,13340,S9,S8,"{""agreement"": -0.11854306608438492, ""completed"": true}"
129,13360,S9,S8,"{""agreement"": -0.5597700476646423, ""completed"": true}"
129,13380,S9,S8,"{""agreement"": 0.43047425150871277, ""completed"": true}"
129,13400,S9,S8,"{""agreement"": -0.7513694763183594, ""completed"": true}"
129,13440,S3,S5,"{""agreement"": 0.8043572306632996, ""completed"": true}"
129,13440,S5,S3,"{""agreement"": -0.271442711353302, ""completed"": true}"
129,13460,S3,S5,"{""agreement"": 0.35831430554389954, ""completed"": true}"
129,13460,S5,S3,"{""agreement"": -0.5850588083267212, ""completed"": true}"
129,13480,S3,S5,"{""agreement"": -0.2855558395385742, ""completed"": true}"
129,13480,S5,S3,"{""agreement"": 0.44099244475364685, ""completed"": true}"
129,13500,S3,S5,"{""agreement"": 0.8701966404914856, ""completed"": true}"
129,13500,S5,S3,"{""agreement"": 0.17793746292591095, ""completed"": true}"
129,13520,S3,S5,"{""agreement"": -0.36500030755996704, ""completed"": true}"
129,13520,S5,S3,"{""agreement"": -0.07677006721496582, ""completed"": true}"
129,13540,S3,S5,"{""agreement"": -0.5489170551300049, ""completed"": true}"
129,13540,S5,S3,"{""agreement"": 0.1431621015071869, ""completed"": true}"
129,13640,S13,S3,"{""agreement"": 0.7597006559371948, ""completed"": true}"
129,13640,S3,S13,"{""agreement"": 0.007790328934788704, ""completed"": true}"
129,13660,S13,S3,"{""agreement"": 0.7269783020019531, ""completed"": true}"
129,13660,S3,S13,"{""agreement"": 0.22747159004211426, ""completed"": true}"
129,13680,S13,S3,"{""agreement"": 0.4838629961013794, ""completed"": true}"
129,13680,S3,S13,"{""agreement"": 0.5172020196914673, ""completed"": true}"
129,13700,S13,S3,"{""agreement"": -0.32322901487350464, ""completed"": true}"
129,13700,S3,S13,"{""agreement"": 0.27738672494888306, ""completed"": true}"
129,13700,S5,S13,"{""agreement"": 0.5777685642242432, ""completed"": true}"
129,13720,S13,S3,"{""agreement"": 0.8784530162811279, ""completed"": true}"
129,13720,S3,S13,"{""agreement"": -0.006419680546969175, ""completed"": true}"
129,13720,S5,S13,"{""agreement"": -0.7444432973861694, ""completed"": true}"
129,13740,S13,S3,"{""agreement"": 0.11695997416973114, ""completed"": true}"
129,13740,S3,S13,"{""agreement"": -0.8226664662361145, ""completed"": true}"
129,13740,S5,S13,"{""agreement"": 0.04517362266778946, ""completed"": true}"
129,13760,S13,S3,"{""agreement"": 0.8033972978591919, ""completed"": true}"
129,13760,S3,S13,"{""agreement"": 0.9250577688217163, ""completed"": true}"
129,13760,S5,S13,"{""agreement"": 0.7847193479537964, ""completed"": true}"
129,13780,S13,S3,"{""agreement"": -0.22224238514900208, ""completed"": true}"
129,13780,S3,S13,"{""agreement"": -0.10634409636259079, ""completed"": true}"
129,13780,S5,S13,"{""agreement"": -0.7863501906394958, ""completed"": true}"
129,13800,S16,S7,"{""agreement"": -0.5123558044433594, ""completed"": true}"
129,13800,S7,S16,"{""agreement"": -0.35648223757743835, ""completed"": true}"
129,13800,S13,S3,"{""agreement"": 0.5235881805419922, ""completed"": true}"
129,13800,S3,S13,"{""agreement"": 0.19178923964500427, ""completed"": true}"
129,13800,S5,S13,"{""agreement"": 0.05586383119225502, ""completed"": true}"
129,13820,S16,S7,"{""agreement"": 0.8859663009643555, ""completed"": true}"
129,13820,S7,S16,"{""agreement"": 0.08602352440357208, ""completed"": true}"
129,13820,S13,S3,"{""agreement"": -0.1649204045534134, ""completed"": true}"
129,13820,S3,S13,"{""agreement"": 0.7425819039344788, ""completed"": true}"
129,13820,S5,S13,"{""agreement"": -0.34519413113594055, ""completed"": true}"
129,13840,S16,S7,"{""agreement"": 0.4409872591495514, ""completed"": true}"
129,13840,S7,S16,"{""agreement"": -0.6458425521850586, ""completed"": true}"
129,13840,S13,S3,"{""agreement"": -0.2800844609737396, ""completed"": true}"
129,13840,S3,S13,"{""agreement"": -0.6872247457504272, ""completed"": true}"
129,13840,S5,S13,"{""agreement"": 0.06907405704259872, ""completed"": true}"
129,13860,S16,S7,"{""agreement"": -0.5226022005081177, ""completed"": true}"
129,13860,S7,S16,"{""agreement"": -0.20493333041667938, ""completed"": true}"
129,13860,S13,S3,"{""agreement"": 0.39916083216667175, ""completed"": true}"
129,13860,S3,S13,"{""agreement"": -0.047629524022340775, ""completed"": true}"
129,13860,S5,S13,"{""agreement"": -0.6955329179763794, ""completed"": true}"
129,13880,S16,S7,"{""agreement"": -0.43613898754119873, ""completed"": true}"
129,13880,S7,S16,"{""agreement"": -0.07701568305492401, ""completed"": true}"
129,13880,S13,S3,"{""agreement"": -0.6599591970443726, ""completed"": true}"
129,13880,S3,S13,"{""agreement"": 0.8853338360786438, ""completed"": true}"
129,13900,S16,S7,"{""agreement"": -0.5249301195144653, ""completed"": true}"
129,13900,S7,S16,"{""agreement"": -0.17473970353603363, ""completed"": true}"
129,13900,S13,S3,"{""agreement"": 0.6104387640953064, ""completed"": true}"
129,13900,S3,S13,"{""agreement"": -0.8410783410072327, ""completed"": true}"
129,13920,S16,S7,"{""agreement"": -0.1988566666841507, ""completed"": true}"
129,13920,S7,S11,"{""agreement"": 0.9188604950904846, ""completed"": true}"
129,13920,S11,S7,"{""agreement"": -0.3794671893119812, ""completed"": true}"
129,13920,S13,S3,"{""agreement"": -0.372799813747406, ""completed"": true}"
129,13920,S3,S13,"{""agreement"": 0.9104757308959961, ""completed"": true}"
129,13940,S7,S11,"{""agreement"": 0.7378350496292114, ""completed"": true}"
129,13940,S11,S7,"{""agreement"": -0.29543671011924744, ""completed"": true}"
129,13940,S13,S3,"{""agreement"": 0.7773066163063049, ""completed"": true}"
129,13940,S3,S13,"{""agreement"": 0.40920934081077576, ""completed"": true}"
129,13960,S7,S11,"{""agreement"": 0.9099322557449341, ""completed"": true}"
129,13960,S11,S7,"{""agreement"": 0.6123015880584717, ""completed"": true}"
129,13980,S7,S11,"{""agreement"": 0.1530320942401886, ""completed"": true}"
129,13980,S11,S7,"{""agreement"": 0.7440218925476074, ""completed"": true}"
129,14000,S7,S11,"{""agreement"": 0.3722195029258728, ""completed"": true}"
129,14000,S11,S7,"{""agreement"": -0.4577324390411377, ""completed"": true}"
129,14020,S7,S11,"{""agreement"": -0.06332925707101822, ""completed"": true}"
129,14020,S11,S7,"{""agreement"": 0.6891135573387146, ""completed"": true}"
129,14040,S7,S11,"{""agreement"": -0.10256100445985794, ""completed"": true}"
129,14040,S11,S7,"{""agreement"": 0.6688134074211121, ""completed"": true}"
129,14060,S7,S11,"{""agreement"": 0.2142544388771057, ""completed"": true}"
129,14060,S11,S7,"{""agreement"": 0.9497424960136414, ""completed"": true}"
129,14080,S7,S11,"{""agreement"": 0.05638952925801277, ""completed"": true}"
129,14080,S11,S7,"{""agreement"": -0.9004974365234375, ""completed"": true}"
129,14100,S7,S11,"{""agreement"": -0.8317193984985352, ""completed"": true}"
129,14100,S11,S7,"{""agreement"": -0.8051276206970215, ""completed"": true}"
129,14120,S7,S11,"{""agreement"": 0.011946712620556355, ""completed"": true}"
129,14120,S11,S7,"{""agreement"": 0.5658577680587769, ""completed"": true}"
129,14500,S6,S9,"{""agreement"": 0.399032860994339, ""completed"": true}"
129,14500,S9,S6,"{""agreement"": 0.3452185094356537, ""completed"": true}"
129,14520,S6,S9,"{""agreement"": -0.051367636770009995, ""completed"": true}"
129,14520,S9,S6,"{""agreement"": 0.12365148216485977, ""completed"": true}"
129,14540,S6,S9,"{""agreement"": 0.6326310038566589, ""completed"": true}"
129,14540,S9,S6,"{""agreement"": 0.1957351416349411, ""completed"": true}"
129,14560,S6,S9,"{""agreement"": 0.0999133363366127, ""completed"": true}"
129,14560,S9,S6,"{""agreement"": 0.43641021847724915, ""completed"": true}"
129,14580,S6,S9,"{""agreement"": 0.03902537375688553, ""completed"": true}"
129,14580,S9,S6,"{""agreement"": 0.5031567215919495, ""completed"": true}"
129,14600,S6,S9,"{""agreement"": 0.36984845995903015, ""completed"": true}"
129,14600,S9,S6,"{""agreement"": 0.6278895735740662, ""completed"": true}"
129,14620,S6,S9,"{""agreement"": 0.1433945745229721, ""completed"": true}"
129,14620,S9,S6,"{""agreement"": -0.2464490383863449, ""completed"": true}"
129,14640,S6,S9,"{""agreement"": 0.33747419714927673, ""completed"": true}"
129,14640,S9,S6,"{""agreement"": -0.7221012711524963, ""completed"": true}"
129,14660,S6,S9,"{""agreement"": -0.06925778090953827, ""completed"": true}"
129,14660,S9,S6,"{""agreement"": 0.0813589096069336, ""completed"": true}"
129,14680,S6,S9,"{""agreement"": 0.6555249691009521, ""completed"": true}"
129,14680,S9,S6,"{""agreement"": -0.1772605925798416, ""completed"": true}"
129,14700,S6,S9,"{""agreement"": -0.3255837559700012, ""completed"": true}"
129,14700,S9,S6,"{""agreement"": 0.08458425849676132, ""completed"": true}"
129,14700,S15,S5,"{""agreement"": -0.1424514502286911, ""completed"": true}"
129,14720,S6,S9,"{""agreement"": -0.5497536659240723, ""completed"": true}"
129,14720,S9,S6,"{""agreement"": 0.8456296324729919, ""completed"": true}"
129,14720,S15,S5,"{""agreement"": -0.8890181183815002, ""completed"": true}"
129,14740,S6,S9,"{""agreement"": 0.24543000757694244, ""completed"": true}"
129,14740,S9,S6,"{""agreement"": -0.6364696621894836, ""completed"": true}"
129,14740,S15,S5,"{""agreement"": -0.43151864409446716, ""completed"": true}"
129,14760,S6,S9,"{""agreement"": -0.1029735654592514, ""completed"": true}"
129,14760,S9,S6,"{""agreement"": -0.41241559386253357, ""completed"": true}"
129,14780,S6,S9,"{""agreement"": -0.07879841327667236, ""completed"": true}"
129,14780,S9,S6,"{""agreement"": 0.5754435062408447, ""completed"": true}"
129,15220,S8,S7,"{""agreement"": 0.4165340065956116, ""completed"": true}"
129,15240,S8,S7,"{""agreement"": 0.5557426810264587, ""completed"": true}"
129,15260,S8,S7,"{""agreement"": 0.6252447366714478, ""completed"": true}"
129,15500,S8,S16,"{""agreement"": 0.1312447190284729, ""completed"": true}"
129,15640,S8,S15,"{""agreement"": 0.6678793430328369, ""completed"": true}"
129,15640,S15,S8,"{""agreement"": 0.6435684561729431, ""completed"": true}"
129,15640,S9,S5,"{""agreement"": -0.2889530658721924, ""completed"": true}"
129,15640,S5,S9,"{""agreement"": -0.9473379850387573, ""completed"": true}"
129,15660,S9,S5,"{""agreement"": 0.91650390625, ""completed"": true}"
129,15660,S5,S9,"{""agreement"": 0.5059669613838196, ""completed"": true}"
129,15680,S9,S5,"{""agreement"": -0.6161398887634277, ""completed"": true}"
129,15680,S5,S9,"{""agreement"": 0.6822323799133301, ""completed"": true}"
129,15700,S9,S5,"{""agreement"": 0.511738121509552, ""completed"": true}"
129,15700,S5,S9,"{""agreement"": -0.17586880922317505, ""completed"": true}"
129,15720,S9,S5,"{""agreement"": -0.6133999824523926, ""completed"": true}"
129,15720,S5,S9,"{""agreement"": 0.51009601354599, ""completed"": true}"
129,15740,S9,S5,"{""agreement"": 0.6031126379966736, ""completed"": true}"
129,15740,S5,S9,"{""agreement"": -0.45903292298316956, ""completed"": true}"
129,15760,S9,S5,"{""agreement"": -0.6049875617027283, ""completed"": true}"
129,15760,S5,S9,"{""agreement"": 0.3674282133579254, ""completed"": true}"
129,16120,S6,S11,"{""agreement"": 0.13749757409095764, ""completed"": true}"
129,16120,S11,S6,"{""agreement"": 0.9543431997299194, ""completed"": true}"
129,16140,S7,S13,"{""agreement"": -0.6663310527801514, ""completed"": true}"
129,16140,S13,S7,"{""agreement"": -0.9249510765075684, ""completed"": true}"
129,16140,S6,S11,"{""agreement"": -0.21497051417827606, ""completed"": true}"
129,16140,S11,S6,"{""agreement"": 0.20193253457546234, ""completed"": true}"
129,16160,S7,S13,"{""agreement"": -0.6809352040290833, ""completed"": true}"
129,16160,S13,S7,"{""agreement"": -0.4680432081222534, ""completed"": true}"
129,16160,S6,S11,"{""agreement"": 0.5448732972145081, ""completed"": true}"
129,16160,S11,S6,"{""agreement"": -0.8259415626525879, ""completed"": true}"
129,16180,S6,S11,"{""agreement"": -0.2530061602592468, ""completed"": true}"
129,16180,S11,S6,"{""agreement"": 0.9463672041893005, ""completed"": true}"
129,16200,S6,S11,"{""agreement"": -0.6735273003578186, ""completed"": true}"
129,16200,S11,S6,"{""agreement"": 0.8253876566886902, ""completed"": true}"
129,16220,S7,S16,"{""agreement"": 0.9109036326408386, ""completed"": true}"
129,16220,S6,S11,"{""agreement"": 0.7378730177879333, ""completed"": true}"
129,16220,S11,S6,"{""agreement"": 0.8728956580162048, ""completed"": true}"
129,16240,S7,S16,"{""agreement"": 0.8338055610656738, ""completed"": true}"
129,16240,S6,S11,"{""agreement"": -0.22931833565235138, ""completed"": true}"
129,16240,S11,S6,"{""agreement"": 0.3598448634147644, ""completed"": true}"
129,16260,S7,S16,"{""agreement"": -0.1611146181821823, ""completed"": true}"
129,16280,S7,S16,"{""agreement"": -0.2456376850605011, ""completed"": true}"
129,16300,S7,S16,"{""agreement"": 0.5677900314331055, ""completed"": true}"
129,16320,S7,S16,"{""agreement"": 0.46042922139167786, ""completed"": true}"
129,16340,S7,S16,"{""agreement"": 0.4178212583065033, ""completed"": true}"
129,16360,S7,S16,"{""agreement"": -0.28537485003471375, ""completed"": true}"
129,16380,S7,S16,"{""agreement"": 0.1455402970314026, ""completed"": true}"
129,16400,S7,S16,"{""agreement"": 0.5646345615386963, ""completed"": true}"
129,16420,S7,S16,"{""agreement"": 0.4887051582336426, ""completed"": true}"
129,16440,S7,S16,"{""agreement"": 0.49040159583091736, ""completed"": true}"
129,16460,S7,S16,"{""agreement"": 0.18516744673252106, ""completed"": true}"
129,16480,S7,S16,"{""agreement"": 0.877556562423706, ""completed"": true}"
129,16500,S15,S9,"{""agreement"": 0.2547658085823059, ""completed"": true}"
129,16500,S9,S15,"{""agreement"": -0.0347495898604393, ""completed"": true}"
129,16520,S15,S9,"{""agreement"": 0.2552233338356018, ""completed"": true}"
129,16520,S9,S15,"{""agreement"": -0.8263618350028992, ""completed"": true}"
129,16540,S15,S9,"{""agreement"": 0.41581112146377563, ""completed"": true}"
129,16540,S9,S15,"{""agreement"": -0.7296136617660522, ""completed"": true}"
129,16560,S15,S9,"{""agreement"": -0.03143370896577835, ""completed"": true}"
129,16580,S15,S9,"{""agreement"": 0.7050142288208008, ""completed"": true}"
129,16600,S6,S9,"{""agreement"": -0.06294697523117065, ""completed"": true}"
129,16600,S9,S6,"{""agreement"": 0.35744357109069824, ""completed"": true}"
129,16600,S15,S9,"{""agreement"": 0.6651665568351746, ""completed"": true}"
129,16620,S6,S9,"{""agreement"": 0.2165045440196991, ""completed"": true}"
129,16620,S9,S6,"{""agreement"": -0.574516236782074, ""completed"": true}"
129,16620,S15,S9,"{""agreement"": -0.00785178504884243, ""completed"": true}"
129,16640,S15,S9,"{""agreement"": -0.42773884534835815, ""completed"": true}"
129,16660,S15,S9,"{""agreement"": 0.42051273584365845, ""completed"": true}"
129,16680,S15,S9,"{""agreement"": 0.7658881545066833, ""completed"": true}"
129,16700,S15,S9,"{""agreement"": -0.8351203203201294, ""completed"": true}"
129,16720,S15,S9,"{""agreement"": -0.21861174702644348, ""completed"": true}"
129,16740,S15,S9,"{""agreement"": 0.2912288010120392, ""completed"": true}"
129,16760,S15,S9,"{""agreement"": -0.15291976928710938, ""completed"": true}"
129,16780,S15,S9,"{""agreement"": -0.2833816409111023, ""completed"": true}"
129,17140,S16,S3,"{""agreement"": -0.1523413509130478, ""completed"": true}"
129,17140,S3,S16,"{""agreement"": -0.5272122621536255, ""completed"": true}"
129,17340,S16,S5,"{""agreement"": 0.522944450378418, ""completed"": true}"
129,17360,S16,S5,"{""agreement"": 0.4278470277786255, ""completed"": true}"
129,17380,S16,S5,"{""agreement"": 0.610190749168396, ""completed"": true}"
129,17400,S16,S5,"{""agreement"": 0.18000544607639313, ""completed"": true}"
129,17600,S8,S15,"{""agreement"": 0.7533606886863708, ""completed"": true}"
129,17600,S15,S8,"{""agreement"": 0.4445226192474365, ""completed"": true}"
129,17620,S8,S15,"{""agreement"": 0.2834995687007904, ""completed"": true}"
129,17620,S15,S8,"{""agreement"": 0.23742322623729706, ""completed"": true}"
129,17640,S8,S15,"{""agreement"": 0.1285363882780075, ""completed"": true}"
129,17640,S15,S8,"{""agreement"": 0.8928197622299194, ""completed"": true}"
129,17660,S8,S15,"{""agreement"": -0.4141619801521301, ""completed"": true}"
129,17660,S15,S8,"{""agreement"": 0.5771051049232483, ""completed"": true}"
129,17680,S8,S15,"{""agreement"": -0.0738767459988594, ""completed"": true}"
129,17680,S15,S8,"{""agreement"": -0.5013316869735718, ""completed"": true}"
129,17700,S8,S15,"{""agreement"": -0.7734144926071167, ""completed"": true}"
129,17700,S15,S8,"{""agreement"": -0.20023196935653687, ""completed"": true}"
129,17720,S8,S15,"{""agreement"": -0.28207316994667053, ""completed"": true}"
129,17720,S15,S8,"{""agreement"": -0.1743985265493393, ""completed"": true}"
129,17740,S8,S15,"{""agreement"": 0.2882812023162842, ""completed"": true}"
129,17740,S15,S8,"{""agreement"": 0.7145511507987976, ""completed"": true}"
129,17760,S8,S15,"{""agreement"": 0.09506329894065857, ""completed"": true}"
129,17760,S15,S8,"{""agreement"": 0.8080470561981201, ""completed"": true}"
129,17780,S8,S15,"{""agreement"": 0.036022841930389404, ""completed"": true}"
129,17780,S15,S8,"{""agreement"": -0.059279900044202805, ""completed"": true}"
129,17800,S8,S15,"{""agreement"": -0.10698796063661575, ""completed"": true}"
129,17800,S15,S8,"{""agreement"": -0.3923986256122589, ""completed"": true}"
129,17820,S8,S15,"{""agreement"": -0.26275238394737244, ""completed"": true}"
129,17820,S15,S8,"{""agreement"": 0.8581846356391907, ""completed"": true}"
129,17840,S8,S15,"{""agreement"": -0.7266958355903625, ""completed"": true}"
129,17840,S15,S8,"{""agreement"": 0.2327050417661667, ""completed"": true}"
129,17860,S15,S8,"{""agreement"": 0.5361670255661011, ""completed"": true}"
129,17880,S15,S8,"{""agreement"": -0.044748831540346146, ""completed"": true}"
129,17900,S15,S8,"{""agreement"": -0.24268808960914612, ""completed"": true}"
129,17920,S15,S8,"{""agreement"": 0.7786524891853333, ""completed"": true}"
129,17940,S15,S8,"{""agreement"": 0.37143269181251526, ""completed"": true}"
129,17960,S15,S8,"{""agreement"": 0.9516821503639221, ""completed"": true}"
129,17980,S15,S8,"{""agreement"": 0.18964406847953796, ""completed"": true}"
129,18000,S15,S8,"{""agreement"": 0.07995115965604782, ""completed"": true}"
129,18020,S15,S8,"{""agreement"": -0.07132809609174728, ""completed"": true}"
129,18040,S15,S8,"{""agreement"": -0.07521142810583115, ""completed"": true}"
129,18060,S15,S8,"{""agreement"": 0.8381182551383972, ""completed"": true}"
129,18080,S15,S8,"{""agreement"": 0.8421842455863953, ""completed"": true}"
129,18100,S15,S8,"{""agreement"": -0.4176863431930542, ""completed"": true}"
129,18140,S8,S5,"{""agreement"": 0.09273761510848999, ""completed"": true}"
129,18140,S5,S8,"{""agreement"": -0.611475944519043, ""completed"": true}"
129,18160,S8,S5,"{""agreement"": -0.18810193240642548, ""completed"": true}"
129,18160,S5,S8,"{""agreement"": -0.8080002069473267, ""completed"": true}"
129,18180,S8,S5,"{""agreement"": 0.4952645003795624, ""completed"": true}"
129,18180,S5,S8,"{""agreement"": -0.2642444968223572, ""completed"": true}"
129,18200,S8,S5,"{""agreement"": -0.2239711433649063, ""completed"": true}"
129,18200,S5,S8,"{""agreement"": -0.018580300733447075, ""completed"": true}"
129,18220,S6,S9,"{""agreement"": 0.37877506017684937, ""completed"": true}"
129,18220,S9,S6,"{""agreement"": 0.05460504814982414, ""completed"": true}"
129,18220,S8,S5,"{""agreement"": 0.006359458435326815, ""completed"": true}"
129,18220,S5,S8,"{""agreement"": 0.3710423409938812, ""completed"": true}"
129,18240,S6,S9,"{""agreement"": -0.0184582881629467, ""completed"": true}"
129,18240,S9,S6,"{""agreement"": 0.06325118243694305, ""completed"": true}"
129,18240,S8,S5,"{""agreement"": 0.117493636906147, ""completed"": true}"
129,18240,S5,S8,"{""agreement"": -0.4589613974094391, ""completed"": true}"
129,18260,S6,S9,"{""agreement"": -0.08461496233940125, ""completed"": true}"
129,18260,S9,S6,"{""agreement"": 0.0834701657295227, ""completed"": true}"
129,18260,S8,S5,"{""agreement"": -0.004654326476156712, ""completed"": true}"
129,18260,S5,S8,"{""agreement"": 0.09045365452766418, ""completed"": true}"
129,18280,S6,S9,"{""agreement"": 0.6530103087425232, ""completed"": true}"
129,18280,S9,S6,"{""agreement"": -0.37375909090042114, ""completed"": true}"
129,18280,S8,S5,"{""agreement"": 0.058005861937999725, ""completed"": true}"
129,18280,S5,S8,"{""agreement"": 0.3985179364681244, ""completed"": true}"
129,18300,S6,S9,"{""agreement"": -0.14626625180244446, ""completed"": true}"
129,18300,S9,S6,"{""agreement"": -0.15759560465812683, ""completed"": true}"
129,18300,S8,S5,"{""agreement"": 0.07719047367572784, ""completed"": true}"
129,18300,S5,S8,"{""agreement"": 0.7422429919242859, ""completed"": true}"
129,18320,S6,S9,"{""agreement"": 0.7527447938919067, ""completed"": true}"
129,18320,S9,S6,"{""agreement"": -0.2140362709760666, ""completed"": true}"
129,18320,S8,S5,"{""agreement"": -0.07399045675992966, ""completed"": true}"
129,18320,S5,S8,"{""agreement"": 0.8600637912750244, ""completed"": true}"
129,18340,S6,S9,"{""agreement"": 0.14660285413265228, ""completed"": true}"
129,18340,S13,S15,"{""agreement"": 0.6542177796363831, ""completed"": true}"
129,18340,S15,S13,"{""agreement"": -0.4910162389278412, ""completed"": true}"
129,18340,S8,S5,"{""agreement"": -0.5570030212402344, ""completed"": true}"
129,18340,S5,S8,"{""agreement"": 0.5395771861076355, ""completed"": true}"
129,18360,S13,S15,"{""agreement"": -0.23250778019428253, ""completed"": true}"
129,18360,S15,S13,"{""agreement"": -0.029574718326330185, ""completed"": true}"
129,18360,S8,S5,"{""agreement"": -0.009688290767371655, ""completed"": true}"
129,18360,S5,S8,"{""agreement"": 0.44564753770828247, ""completed"": true}"
129,18380,S13,S15,"{""agreement"": -0.8734227418899536, ""completed"": true}"
129,18380,S15,S13,"{""agreement"": 0.6166273951530457, ""completed"": true}"
129,18380,S8,S5,"{""agreement"": 0.3983197808265686, ""completed"": true}"
129,18380,S5,S8,"{""agreement"": -0.36868253350257874, ""completed"": true}"
129,18400,S13,S15,"{""agreement"": -0.7009395360946655, ""completed"": true}"
129,18400,S15,S13,"{""agreement"": -0.23852618038654327, ""completed"": true}"
129,18400,S8,S5,"{""agreement"": -0.2701573073863983, ""completed"": true}"
129,18400,S5,S8,"{""agreement"": -0.14518702030181885, ""completed"": true}"
129,18420,S15,S13,"{""agreement"": 0.8567707538604736, ""completed"": true}"
129,18420,S8,S5,"{""agreement"": -0.06054529547691345, ""completed"": true}"
129,18420,S5,S8,"{""agreement"": -0.7106888890266418, ""completed"": true}"
129,18440,S15,S13,"{""agreement"": -0.5383800268173218, ""completed"": true}"
129,18440,S8,S5,"{""agreement"": -0.40525680780410767, ""completed"": true}"
129,18440,S5,S8,"{""agreement"": 0.9273828864097595, ""completed"": true}"
129,18460,S15,S13,"{""agreement"": -0.8300504684448242, ""completed"": true}"
129,18460,S8,S5,"{""agreement"": 0.810261070728302, ""completed"": true}"
129,18460,S5,S8,"{""agreement"": -0.28947752714157104, ""completed"": true}"
129,18480,S15,S13,"{""agreement"": -0.03862181305885315, ""completed"": true}"
129,18480,S8,S5,"{""agreement"": -0.7709294557571411, ""completed"": true}"
129,18480,S5,S8,"{""agreement"": -0.8483965396881104, ""completed"": true}"
129,18500,S15,S13,"{""agreement"": -0.9176427721977234, ""completed"": true}"
129,18500,S8,S5,"{""agreement"": 0.7019756436347961, ""completed"": true}"
129,18500,S5,S8,"{""agreement"": -0.8769302368164062, ""completed"": true}"
129,18780,S6,S3,"{""agreement"": 0.7408042550086975, ""completed"": true}"
129,18780,S3,S6,"{""agreement"": -0.36988189816474915, ""completed"": true}"
129,18860,S7,S5,"{""agreement"": -0.4817192554473877, ""completed"": true}"
129,18860,S5,S7,"{""agreement"": -0.7600223422050476, ""completed"": true}"
129,18880,S7,S5,"{""agreement"": 0.8144496083259583, ""completed"": true}"
129,18900,S7,S5,"{""agreement"": -0.6876364946365356, ""completed"": true}"
129,18920,S7,S3,"{""agreement"": 0.8310672044754028, ""completed"": true}"
129,18920,S3,S7,"{""agreement"": 0.761093258857727, ""completed"": true}"
129,18940,S7,S3,"{""agreement"": -0.650387167930603, ""completed"": true}"
129,18940,S3,S7,"{""agreement"": 0.4684763252735138, ""completed"": true}"
129,18960,S7,S3,"{""agreement"": 0.8120532631874084, ""completed"": true}"
129,18960,S3,S7,"{""agreement"": 0.8431875705718994, ""completed"": true}"
129,18980,S7,S5,"{""agreement"": -0.6100506782531738, ""completed"": true}"
129,19000,S7,S5,"{""agreement"": 0.11898324638605118, ""completed"": true}"
129,19020,S7,S5,"{""agreement"": -0.3979721665382385, ""completed"": true}"
129,19040,S7,S5,"{""agreement"": 0.395163893699646, ""completed"": true}"
129,19060,S7,S5,"{""agreement"": 0.7527045011520386, ""completed"": true}"
129,19080,S7,S5,"{""agreement"": 0.09762991219758987, ""completed"": true}"
129,19100,S7,S5,"{""agreement"": -0.5743235349655151, ""completed"": true}"
129,19120,S7,S5,"{""agreement"": -0.6185649633407593, ""completed"": true}"
129,19940,S7,S15,"{""agreement"": 0.2052108347415924, ""completed"": true}"
129,19940,S15,S7,"{""agreement"": -0.13242246210575104, ""completed"": true}"
129,19960,S7,S15,"{""agreement"": 0.14895208179950714, ""completed"": true}"
129,19960,S15,S7,"{""agreement"": 0.6350061893463135, ""completed"": true}"
129,19980,S7,S15,"{""agreement"": -0.589296281337738, ""completed"": true}"
129,19980,S15,S7,"{""agreement"": -0.034182190895080566, ""completed"": true}"
129,20000,S7,S15,"{""agreement"": -0.5444425344467163, ""completed"": true}"
129,20000,S15,S7,"{""agreement"": 0.7137376070022583, ""completed"": true}"
129,20020,S15,S7,"{""agreement"": -0.6166372299194336, ""completed"": true}"
129,20040,S15,S7,"{""agreement"": -0.2100391685962677, ""completed"": true}"
129,20060,S15,S7,"{""agreement"": -0.3952571451663971, ""completed"": true}"
129,20060,S9,S5,"{""agreement"": 0.8649206161499023, ""completed"": true}"
129,20060,S5,S9,"{""agreement"": 0.24315328896045685, ""completed"": true}"
129,20080,S15,S7,"{""agreement"": -0.40604493021965027, ""completed"": true}"
129,20080,S9,S5,"{""agreement"": 0.044274695217609406, ""completed"": true}"
129,20080,S5,S9,"{""agreement"": 0.23138004541397095, ""completed"": true}"
129,20100,S9,S5,"{""agreement"": -0.9265942573547363, ""completed"": true}"
129,20100,S5,S9,"{""agreement"": -0.18939927220344543, ""completed"": true}"
129,20120,S9,S5,"{""agreement"": 0.7010626196861267, ""completed"": true}"
129,20120,S5,S9,"{""agreement"": -0.4731200039386749, ""completed"": true}"
129,20580,S7,S5,"{""agreement"": -0.45192375779151917, ""completed"": true}"
129,21280,S3,S5,"{""agreement"": 0.6803852915763855, ""completed"": true}"
129,21280,S5,S3,"{""agreement"": -0.8656476736068726, ""completed"": true}"
129,22140,S6,S3,"{""agreement"": 0.7297837138175964, ""completed"": true}"
129,22140,S3,S6,"{""agreement"": 0.6996203660964966, ""completed"": true}"
129,22160,S6,S3,"{""agreement"": 0.20608490705490112, ""completed"": true}"
129,22160,S3,S6,"{""agreement"": 0.5299996137619019, ""completed"": true}"
129,22180,S6,S3,"{""agreement"": 0.3465067446231842, ""completed"": true}"
129,22180,S3,S6,"{""agreement"": 0.8299710154533386, ""completed"": true}"
129,22200,S6,S3,"{""agreement"": 0.5685139298439026, ""completed"": true}"
129,22200,S3,S6,"{""agreement"": 0.25936630368232727, ""completed"": true}"
129,22220,S6,S3,"{""agreement"": 0.003126672236248851, ""completed"": true}"
129,22220,S3,S6,"{""agreement"": 0.5166386365890503, ""completed"": true}"
129,22920,S16,S11,"{""agreement"": -0.8442478179931641, ""completed"": true}"
129,22920,S11,S16,"{""agreement"": 0.27566611766815186, ""completed"": true}"
129,22940,S16,S11,"{""agreement"": -0.8336552381515503, ""completed"": true}"
129,22940,S11,S16,"{""agreement"": 0.8111883401870728, ""completed"": true}"
129,22960,S16,S11,"{""agreement"": -0.013684392906725407, ""completed"": true}"
129,22960,S11,S16,"{""agreement"": -0.35469886660575867, ""completed"": true}"
129,22980,S16,S11,"{""agreement"": -0.7931803464889526, ""completed"": true}"
129,22980,S11,S16,"{""agreement"": 0.9175326824188232, ""completed"": true}"
129,23000,S11,S16,"{""agreement"": 0.4673539698123932, ""completed"": true}"
129,23000,S8,S11,"{""agreement"": 0.6967078447341919, ""completed"": true}"
129,23020,S11,S16,"{""agreement"": 0.03212392330169678, ""completed"": true}"
129,23020,S8,S11,"{""agreement"": 0.901906430721283, ""completed"": true}"
129,23040,S11,S16,"{""agreement"": -0.48771175742149353, ""completed"": true}"
129,23040,S8,S11,"{""agreement"": 0.8721843361854553, ""completed"": true}"
129,23040,S15,S3,"{""agreement"": 0.6602970361709595, ""completed"": true}"
129,23040,S3,S15,"{""agreement"": 0.7953314781188965, ""completed"": true}"
129,23060,S11,S16,"{""agreement"": 0.22971637547016144, ""completed"": true}"
129,23060,S6,S15,"{""agreement"": 0.4028718173503876, ""completed"": true}"
129,23060,S15,S3,"{""agreement"": 0.6885988712310791, ""completed"": true}"
129,23060,S3,S15,"{""agreement"": -0.014760523103177547, ""completed"": true}"
129,23080,S11,S16,"{""agreement"": 0.05471087619662285, ""completed"": true}"
129,23080,S15,S3,"{""agreement"": 0.8237723708152771, ""completed"": true}"
129,23080,S3,S15,"{""agreement"": 0.5104064345359802, ""completed"": true}"
129,23100,S11,S16,"{""agreement"": 0.6660524010658264, ""completed"": true}"
129,23100,S15,S3,"{""agreement"": -0.3367028534412384, ""completed"": true}"
129,23100,S3,S15,"{""agreement"": -0.7636393904685974, ""completed"": true}"
129,23120,S11,S16,"{""agreement"": -0.580802857875824, ""completed"": true}"
129,23120,S15,S3,"{""agreement"": 0.7159834504127502, ""completed"": true}"
129,23120,S3,S15,"{""agreement"": 0.5717211365699768, ""completed"": true}"
129,23140,S7,S16,"{""agreement"": -0.7086528539657593, ""completed"": true}"
129,23140,S11,S16,"{""agreement"": -0.28339654207229614, ""completed"": true}"
129,23140,S15,S3,"{""agreement"": -0.6326618194580078, ""completed"": true}"
129,23140,S3,S15,"{""agreement"": 0.7794458866119385, ""completed"": true}"
129,23160,S7,S16,"{""agreement"": 0.790084958076477, ""completed"": true}"
129,23160,S11,S16,"{""agreement"": -0.4830436706542969, ""completed"": true}"
129,23160,S15,S3,"{""agreement"": -0.29194375872612, ""completed"": true}"
129,23160,S3,S15,"{""agreement"": 0.7556304931640625, ""completed"": true}"
129,23180,S7,S16,"{""agreement"": 0.45493459701538086, ""completed"": true}"
129,23180,S11,S16,"{""agreement"": -0.09734176844358444, ""completed"": true}"
129,23180,S15,S3,"{""agreement"": -0.3498375713825226, ""completed"": true}"
129,23180,S3,S15,"{""agreement"": 0.7708238959312439, ""completed"": true}"
129,23200,S7,S16,"{""agreement"": 0.6907501816749573, ""completed"": true}"
129,23200,S11,S16,"{""agreement"": 0.3394406735897064, ""completed"": true}"
129,23200,S15,S3,"{""agreement"": -0.41209959983825684, ""completed"": true}"
129,23200,S3,S15,"{""agreement"": -0.581580638885498, ""completed"": true}"
129,23220,S7,S16,"{""agreement"": 0.1593886911869049, ""completed"": true}"
129,23220,S11,S16,"{""agreement"": 0.3822929859161377, ""completed"": true}"
129,23220,S15,S3,"{""agreement"": 0.19485695660114288, ""completed"": true}"
129,23220,S3,S15,"{""agreement"": 0.8729969263076782, ""completed"": true}"
129,23240,S7,S16,"{""agreement"": -0.5456328988075256, ""completed"": true}"
129,23240,S11,S16,"{""agreement"": -0.4872065782546997, ""completed"": true}"
129,23240,S15,S3,"{""agreement"": 0.7170037031173706, ""completed"": true}"
129,23240,S3,S15,"{""agreement"": 0.04472140595316887, ""completed"": true}"
129,23260,S11,S16,"{""agreement"": 0.2462952584028244, ""completed"": true}"
129,23260,S15,S3,"{""agreement"": -0.7941644191741943, ""completed"": true}"
129,23260,S3,S15,"{""agreement"": 0.8138745427131653, ""completed"": true}"
129,23280,S11,S16,"{""agreement"": 0.5804218649864197, ""completed"": true}"
129,23280,S15,S3,"{""agreement"": 0.9686664342880249, ""completed"": true}"
129,23280,S3,S15,"{""agreement"": -0.41125884652137756, ""completed"": true}"
129,23300,S11,S16,"{""agreement"": -0.18376342952251434, ""completed"": true}"
129,23300,S15,S3,"{""agreement"": -0.408279150724411, ""completed"": true}"
129,23300,S3,S15,"{""agreement"": -0.7976338863372803, ""completed"": true}"
129,23320,S11,S16,"{""agreement"": 0.6663715839385986, ""completed"": true}"
129,23320,S15,S3,"{""agreement"": 0.44973447918891907, ""completed"": true}"
129,23320,S3,S15,"{""agreement"": -0.5077857375144958, ""completed"": true}"
129,23340,S11,S16,"{""agreement"": -0.48101532459259033, ""completed"": true}"
129,23340,S15,S3,"{""agreement"": 0.5237998366355896, ""completed"": true}"
129,23340,S3,S15,"{""agreement"": 0.7932416200637817, ""completed"": true}"
129,23360,S11,S16,"{""agreement"": -0.3015601336956024, ""completed"": true}"
129,23360,S15,S3,"{""agreement"": -0.10112642496824265, ""completed"": true}"
129,23360,S3,S15,"{""agreement"": 0.400581955909729, ""completed"": true}"
129,23380,S11,S16,"{""agreement"": -0.06688807159662247, ""completed"": true}"
129,23380,S15,S3,"{""agreement"": 0.44944727420806885, ""completed"": true}"
129,23380,S3,S15,"{""agreement"": 0.09732230007648468, ""completed"": true}"
129,23400,S11,S16,"{""agreement"": 0.8647153377532959, ""completed"": true}"
129,23400,S15,S3,"{""agreement"": -0.2743104100227356, ""completed"": true}"
129,23400,S3,S15,"{""agreement"": 0.6113759279251099, ""completed"": true}"
129,23420,S11,S16,"{""agreement"": 0.08592317998409271, ""completed"": true}"
129,23420,S15,S3,"{""agreement"": 0.9483944773674011, ""completed"": true}"
129,23420,S3,S15,"{""agreement"": -0.5701918005943298, ""completed"": true}"
129,23440,S11,S16,"{""agreement"": -0.8022394776344299, ""completed"": true}"
129,23440,S15,S3,"{""agreement"": -0.32714858651161194, ""completed"": true}"
129,23440,S3,S15,"{""agreement"": 0.6115980744361877, ""completed"": true}"
129,23460,S11,S16,"{""agreement"": 0.4351895749568939, ""completed"": true}"
129,23460,S15,S3,"{""agreement"": -0.6402549147605896, ""completed"": true}"
129,23460,S3,S15,"{""agreement"": -0.6719321608543396, ""completed"": true}"
129,23480,S11,S16,"{""agreement"": 0.27086102962493896, ""completed"": true}"
129,23480,S15,S3,"{""agreement"": 0.19728410243988037, ""completed"": true}"
129,23480,S3,S15,"{""agreement"": 0.6439766883850098, ""completed"": true}"
129,23500,S11,S16,"{""agreement"": 0.707543671131134, ""completed"": true}"
129,23500,S15,S3,"{""agreement"": -0.4475339353084564, ""completed"": true}"
129,23500,S3,S15,"{""agreement"": 0.896865725517273, ""completed"": true}"
129,23520,S11,S16,"{""agreement"": 0.20921029150485992, ""completed"": true}"
129,23520,S15,S3,"{""agreement"": 0.5272434949874878, ""completed"": true}"
129,23520,S3,S15,"{""agreement"": 0.8890355229377747, ""completed"": true}"
129,23540,S11,S16,"{""agreement"": 0.6973722577095032, ""completed"": true}"
129,23540,S15,S3,"{""agreement"": -0.39665064215660095, ""completed"": true}"
129,23540,S3,S15,"{""agreement"": -0.4423782229423523, ""completed"": true}"
129,23560,S11,S16,"{""agreement"": -0.3189885914325714, ""completed"": true}"
129,23560,S15,S3,"{""agreement"": -0.18297363817691803, ""completed"": true}"
129,23560,S3,S15,"{""agreement"": 0.3977559506893158, ""completed"": true}"
129,23580,S11,S16,"{""agreement"": -0.19038468599319458, ""completed"": true}"
129,23580,S15,S3,"{""agreement"": -0.4779987037181854, ""completed"": true}"
129,23580,S3,S15,"{""agreement"": 0.6187781095504761, ""completed"": true}"
129,23600,S11,S16,"{""agreement"": -0.784639835357666, ""completed"": true}"
129,23600,S3,S15,"{""agreement"": -0.8804468512535095, ""completed"": true}"
129,23620,S11,S16,"{""agreement"": 0.47963353991508484, ""completed"": true}"
129,23620,S3,S15,"{""agreement"": 0.3408612012863159, ""completed"": true}"
129,23640,S11,S16,"{""agreement"": -0.1675807237625122, ""completed"": true}"
129,23640,S3,S15,"{""agreement"": -0.6713825464248657, ""completed"": true}"
129,23660,S11,S16,"{""agreement"": 0.8247462511062622, ""completed"": true}"
129,23660,S3,S15,"{""agreement"": -0.4282236695289612, ""completed"": true}"
129,23680,S11,S16,"{""agreement"": 0.17882733047008514, ""completed"": true}"
129,23680,S15,S8,"{""agreement"": 0.3007480502128601, ""completed"": true}"
129,23700,S11,S16,"{""agreement"": 0.48417600989341736, ""completed"": true}"
129,23700,S15,S8,"{""agreement"": 0.23243224620819092, ""completed"": true}"
129,23720,S11,S16,"{""agreement"": -0.4980095326900482, ""completed"": true}"
129,23720,S15,S8,"{""agreement"": -0.2247616946697235, ""completed"": true}"
129,23740,S11,S16,"{""agreement"": 0.8952006697654724, ""completed"": true}"
129,23740,S15,S8,"{""agreement"": 0.8411332368850708, ""completed"": true}"
129,23760,S11,S16,"{""agreement"": 0.3693619668483734, ""completed"": true}"
129,23760,S15,S8,"{""agreement"": 0.5007786750793457, ""completed"": true}"
129,23780,S11,S16,"{""agreement"": 0.6233636140823364, ""completed"": true}"
129,23780,S15,S8,"{""agreement"": -0.8353743553161621, ""completed"": true}"
129,23800,S11,S16,"{""agreement"": -0.7339403629302979, ""completed"": true}"
129,23800,S15,S8,"{""agreement"": -0.006039239466190338, ""completed"": true}"
129,23820,S11,S16,"{""agreement"": 0.7910913228988647, ""completed"": true}"
129,23820,S15,S8,"{""agreement"": 0.3298591375350952, ""completed"": true}"
129,23840,S11,S16,"{""agreement"": 0.8966419100761414, ""completed"": true}"
129,23840,S15,S8,"{""agreement"": 0.675395667552948, ""completed"": true}"
129,23860,S11,S16,"{""agreement"": -0.8721621632575989, ""completed"": true}"
129,23860,S15,S8,"{""agreement"": -0.42558446526527405, ""completed"": true}"
129,23880,S11,S16,"{""agreement"": 0.8582568764686584, ""completed"": true}"
129,23880,S15,S8,"{""agreement"": 0.8300600647926331, ""completed"": true}"
129,23900,S11,S16,"{""agreement"": -0.7212237119674683, ""completed"": true}"
129,23900,S15,S8,"{""agreement"": 0.844704806804657, ""completed"": true}"
129,23920,S16,S3,"{""agreement"": 0.6373544931411743, ""completed"": true}"
129,23920,S3,S16,"{""agreement"": 0.3547215461730957, ""completed"": true}"
129,23920,S11,S16,"{""agreement"": 0.6857548952102661, ""completed"": true}"
129,23920,S15,S8,"{""agreement"": -0.6101017594337463, ""completed"": true}"
129,23940,S16,S3,"{""agreement"": -0.4648648798465729, ""completed"": true}"
129,23940,S3,S16,"{""agreement"": -0.13349702954292297, ""completed"": true}"
129,23940,S11,S16,"{""agreement"": 0.910911500453949, ""completed"": true}"
129,23940,S15,S8,"{""agreement"": 0.17998993396759033, ""completed"": true}"
129,23960,S16,S3,"{""agreement"": 0.0352335162460804, ""completed"": true}"
129,23960,S3,S16,"{""agreement"": 0.7469692826271057, ""completed"": true}"
129,23960,S11,S16,"{""agreement"": 0.8052002191543579, ""completed"": true}"
129,23960,S15,S8,"{""agreement"": 0.4356955587863922, ""completed"": true}"
129,23980,S16,S3,"{""agreement"": -0.7225555181503296, ""completed"": true}"
129,23980,S3,S16,"{""agreement"": -0.1657298356294632, ""completed"": true}"
129,23980,S11,S16,"{""agreement"": -0.3416438400745392, ""completed"": true}"
129,23980,S15,S8,"{""agreement"": -0.6266047358512878, ""completed"": true}"
129,24000,S16,S3,"{""agreement"": 0.8044163584709167, ""completed"": true}"
129,24000,S3,S16,"{""agreement"": 0.9510215520858765, ""completed"": true}"
129,24000,S11,S16,"{""agreement"": -0.19665466248989105, ""completed"": true}"
129,24000,S15,S8,"{""agreement"": 0.6567351818084717, ""completed"": true}"
129,24020,S11,S16,"{""agreement"": -0.4613037407398224, ""completed"": true}"
129,24020,S15,S8,"{""agreement"": -0.5943853855133057, ""completed"": true}"
129,24040,S11,S16,"{""agreement"": 0.7063099145889282, ""completed"": true}"
129,24040,S15,S8,"{""agreement"": 0.39085856080055237, ""completed"": true}"
129,24060,S11,S16,"{""agreement"": -0.03297456353902817, ""completed"": true}"
129,24060,S15,S8,"{""agreement"": 0.08069099485874176, ""completed"": true}"
129,24080,S11,S16,"{""agreement"": -0.8754695057868958, ""completed"": true}"
129,24080,S15,S8,"{""agreement"": -0.22804850339889526, ""completed"": true}"
129,24100,S11,S16,"{""agreement"": 0.5313423275947571, ""completed"": true}"
129,24100,S15,S8,"{""agreement"": -0.2833990156650543, ""completed"": true}"
129,24120,S11,S16,"{""agreement"": 0.8901040554046631, ""completed"": true}"
129,24120,S15,S8,"{""agreement"": -0.6065425276756287, ""completed"": true}"
129,24280,S7,S3,"{""agreement"": -0.42034804821014404, ""completed"": true}"
129,24280,S3,S7,"{""agreement"": -0.40107789635658264, ""completed"": true}"
129,24280,S13,S11,"{""agreement"": 0.9183528423309326, ""completed"": true}"
129,24280,S11,S13,"{""agreement"": 0.8417405486106873, ""completed"": true}"
129,24300,S7,S3,"{""agreement"": -0.0015761808026582003, ""completed"": true}"
129,24300,S3,S7,"{""agreement"": 0.1748811900615692, ""completed"": true}"
129,24300,S13,S11,"{""agreement"": -0.7522223591804504, ""completed"": true}"
129,24300,S11,S13,"{""agreement"": -0.8973996639251709, ""completed"": true}"
129,24320,S7,S3,"{""agreement"": 0.7417505979537964, ""completed"": true}"
129,24320,S3,S7,"{""agreement"": 0.7364584803581238, ""completed"": true}"
129,24320,S13,S11,"{""agreement"": 0.027955632656812668, ""completed"": true}"
129,24320,S11,S13,"{""agreement"": 0.668576717376709, ""completed"": true}"
129,24340,S7,S3,"{""agreement"": 0.041870031505823135, ""completed"": true}"
129,24340,S3,S7,"{""agreement"": -0.5737676024436951, ""completed"": true}"
129,24340,S13,S11,"{""agreement"": 0.3776005506515503, ""completed"": true}"
129,24340,S11,S13,"{""agreement"": -0.5982630252838135, ""completed"": true}"
129,24360,S7,S3,"{""agreement"": 0.7673292756080627, ""completed"": true}"
129,24360,S3,S7,"{""agreement"": 0.40220847725868225, ""completed"": true}"
129,24360,S13,S11,"{""agreement"": 0.5909436941146851, ""completed"": true}"
129,24360,S11,S13,"{""agreement"": 0.399800568819046, ""completed"": true}"
129,24380,S7,S3,"{""agreement"": 0.6253878474235535, ""completed"": true}"
129,24380,S3,S7,"{""agreement"": 0.4607853889465332, ""completed"": true}"
129,24380,S13,S11,"{""agreement"": 0.5657158493995667, ""completed"": true}"
129,24380,S11,S13,"{""agreement"": -0.5783847570419312, ""completed"": true}"
129,24400,S7,S3,"{""agreement"": 0.6260207295417786, ""completed"": true}"
129,24400,S3,S7,"{""agreement"": 0.023888936266303062, ""completed"": true}"
129,24400,S13,S11,"{""agreement"": -0.2865014374256134, ""completed"": true}"
129,24400,S11,S13,"{""agreement"": 0.6191110610961914, ""completed"": true}"
129,24420,S7,S3,"{""agreement"": 0.042353466153144836, ""completed"": true}"
129,24420,S3,S7,"{""agreement"": 0.8797451853752136, ""completed"": true}"
129,24420,S13,S11,"{""agreement"": -0.734805166721344, ""completed"": true}"
129,24420,S11,S13,"{""agreement"": 0.5017540454864502, ""completed"": true}"
129,24440,S7,S3,"{""agreement"": -0.7702988386154175, ""completed"": true}"
129,24440,S3,S7,"{""agreement"": 0.8660578727722168, ""completed"": true}"
129,24440,S13,S11,"{""agreement"": -0.8626400232315063, ""completed"": true}"
129,24440,S11,S13,"{""agreement"": 0.36825186014175415, ""completed"": true}"
129,24460,S7,S3,"{""agreement"": 0.40430745482444763, ""completed"": true}"
129,24460,S3,S7,"{""agreement"": -0.6815242171287537, ""completed"": true}"
129,24460,S11,S13,"{""agreement"": 0.8350323438644409, ""completed"": true}"
129,24480,S7,S3,"{""agreement"": 0.7672874927520752, ""completed"": true}"
129,24480,S3,S7,"{""agreement"": -0.4923448860645294, ""completed"": true}"
129,24480,S11,S13,"{""agreement"": -0.11700505018234253, ""completed"": true}"
129,24500,S7,S3,"{""agreement"": -0.5360592603683472, ""completed"": true}"
129,24500,S3,S7,"{""agreement"": 0.3189938962459564, ""completed"": true}"
129,24500,S11,S13,"{""agreement"": 0.6931718587875366, ""completed"": true}"
129,24520,S7,S3,"{""agreement"": 0.8501793146133423, ""completed"": true}"
129,24520,S3,S7,"{""agreement"": -0.5873100757598877, ""completed"": true}"
129,24520,S11,S13,"{""agreement"": -0.2890639305114746, ""completed"": true}"
129,24540,S11,S13,"{""agreement"": 0.36643195152282715, ""completed"": true}"
129,24560,S11,S13,"{""agreement"": 0.025786573067307472, ""completed"": true}"
129,24580,S11,S13,"{""agreement"": 0.7299668192863464, ""completed"": true}"
129,24600,S11,S13,"{""agreement"": -0.2814894914627075, ""completed"": true}"
129,24620,S11,S13,"{""agreement"": 0.8944607377052307, ""completed"": true}"
129,24640,S11,S13,"{""agreement"": 0.40346041321754456, ""completed"": true}"
129,25760,S16,S5,"{""agreement"": 0.5944117307662964, ""completed"": true}"
129,25780,S16,S5,"{""agreement"": 0.004151190631091595, ""completed"": true}"
129,25840,S6,S9,"{""agreement"": 0.2096800059080124, ""completed"": true}"
129,25860,S6,S9,"{""agreement"": -0.2369198501110077, ""completed"": true}"
129,26920,S13,S9,"{""agreement"": -0.7664771676063538, ""completed"": true}"
129,26920,S9,S13,"{""agreement"": 0.7645663022994995, ""completed"": true}"
129,26940,S13,S9,"{""agreement"": 0.0597197450697422, ""completed"": true}"
129,26940,S9,S13,"{""agreement"": -0.384129136800766, ""completed"": true}"
129,26960,S13,S9,"{""agreement"": -0.7668632864952087, ""completed"": true}"
129,26960,S9,S13,"{""agreement"": -0.3804459571838379, ""completed"": true}"
129,26980,S13,S9,"{""agreement"": 0.39211684465408325, ""completed"": true}"
129,26980,S9,S13,"{""agreement"": -0.33584994077682495, ""completed"": true}"
129,27000,S13,S9,"{""agreement"": -0.6701517105102539, ""completed"": true}"
129,27000,S9,S13,"{""agreement"": 0.4333604574203491, ""completed"": true}"
129,27020,S13,S9,"{""agreement"": -2.0877701899735257e-05, ""completed"": true}"
129,27020,S9,S13,"{""agreement"": 0.15900826454162598, ""completed"": true}"
129,27020,S3,S11,"{""agreement"": 0.7364550232887268, ""completed"": true}"
129,27020,S11,S3,"{""agreement"": -0.0010635392973199487, ""completed"": true}"
129,27040,S13,S9,"{""agreement"": -0.05376889556646347, ""completed"": true}"
129,27040,S9,S13,"{""agreement"": 0.42101535201072693, ""completed"": true}"
129,27040,S3,S11,"{""agreement"": -0.9251701831817627, ""completed"": true}"
129,27040,S11,S3,"{""agreement"": 0.7727195620536804, ""completed"": true}"
129,27060,S13,S9,"{""agreement"": 0.5152767300605774, ""completed"": true}"
129,27060,S9,S13,"{""agreement"": 0.40673086047172546, ""completed"": true}"
129,27060,S3,S11,"{""agreement"": 1.3573019714385737e-05, ""completed"": true}"
129,27060,S11,S3,"{""agreement"": 0.4620065689086914, ""completed"": true}"
129,27080,S13,S9,"{""agreement"": 0.18320293724536896, ""completed"": true}"
129,27080,S9,S13,"{""agreement"": 0.16808214783668518, ""completed"": true}"
129,27080,S3,S11,"{""agreement"": -0.22865743935108185, ""completed"": true}"
129,27080,S11,S3,"{""agreement"": -0.38900625705718994, ""completed"": true}"
129,27100,S13,S9,"{""agreement"": -0.3465604782104492, ""completed"": true}"
129,27100,S9,S13,"{""agreement"": 0.36119672656059265, ""completed"": true}"
129,27100,S3,S11,"{""agreement"": 0.3732563555240631, ""completed"": true}"
129,27100,S11,S3,"{""agreement"": -0.01717023365199566, ""completed"": true}"
129,27120,S13,S9,"{""agreement"": -0.011487562209367752, ""completed"": true}"
129,27120,S9,S13,"{""agreement"": 0.3926829695701599, ""completed"": true}"
129,27120,S3,S11,"{""agreement"": -0.7460677027702332, ""completed"": true}"
129,27120,S11,S3,"{""agreement"": 0.7458579540252686, ""completed"": true}"
129,27140,S13,S9,"{""agreement"": 0.3516051471233368, ""completed"": true}"
129,27140,S9,S13,"{""agreement"": -0.6293770670890808, ""completed"": true}"
129,27140,S3,S11,"{""agreement"": 0.3082043528556824, ""completed"": true}"
129,27140,S11,S3,"{""agreement"": 0.40032684803009033, ""completed"": true}"
129,27160,S13,S9,"{""agreement"": -0.6312422752380371, ""completed"": true}"
129,27160,S9,S13,"{""agreement"": -0.020964255556464195, ""completed"": true}"
129,27160,S3,S11,"{""agreement"": 0.9030185341835022, ""completed"": true}"
129,27160,S11,S3,"{""agreement"": 0.8789137005805969, ""completed"": true}"
129,27180,S13,S9,"{""agreement"": -0.2748672068119049, ""completed"": true}"
129,27180,S9,S13,"{""agreement"": -0.28100329637527466, ""completed"": true}"
129,27180,S3,S11,"{""agreement"": 0.5483475923538208, ""completed"": true}"
129,27180,S11,S3,"{""agreement"": 0.6073223948478699, ""completed"": true}"
129,27200,S13,S9,"{""agreement"": -0.21830295026302338, ""completed"": true}"
129,27200,S9,S13,"{""agreement"": -0.6472533345222473, ""completed"": true}"
129,27220,S9,S13,"{""agreement"": -0.7995584607124329, ""completed"": true}"
129,27260,S6,S11,"{""agreement"": -0.03663267940282822, ""completed"": true}"
129,27260,S11,S6,"{""agreement"": -0.7546209692955017, ""completed"": true}"
129,27280,S6,S11,"{""agreement"": -0.3487236499786377, ""completed"": true}"
129,27280,S11,S6,"{""agreement"": 0.1880618780851364, ""completed"": true}"
129,27300,S6,S11,"{""agreement"": 0.6001487970352173, ""completed"": true}"
129,27300,S11,S6,"{""agreement"": -0.8007674813270569, ""completed"": true}"
129,27840,S11,S13,"{""agreement"": 0.9681133031845093, ""completed"": true}"
129,27860,S11,S13,"{""agreement"": -0.9622824788093567, ""completed"": true}"
129,27880,S11,S13,"{""agreement"": 0.9343174695968628, ""completed"": true}"
129,27900,S11,S13,"{""agreement"": -0.9793190360069275, ""completed"": true}"
129,27920,S11,S13,"{""agreement"": 0.4590863287448883, ""completed"": true}"
129,27940,S11,S13,"{""agreement"": 0.33470743894577026, ""completed"": true}"
129,27960,S11,S13,"{""agreement"": 0.9432910084724426, ""completed"": true}"
129,27980,S11,S13,"{""agreement"": -0.6660388112068176, ""completed"": true}"
129,28000,S11,S13,"{""agreement"": 0.5923145413398743, ""completed"": true}"
129,28020,S11,S13,"{""agreement"": 0.636192262172699, ""completed"": true}"
129,28040,S11,S13,"{""agreement"": 0.883164644241333, ""completed"": true}"
129,28240,S13,S7,"{""agreement"": -0.8425225615501404, ""completed"": true}"
129,28480,S9,S11,"{""agreement"": -0.7724415063858032, ""completed"": true}"
129,28480,S11,S9,"{""agreement"": 0.8216640949249268, ""completed"": true}"
129,28500,S11,S9,"{""agreement"": 0.7220912575721741, ""completed"": true}"
129,28520,S11,S9,"{""agreement"": -0.18359017372131348, ""completed"": true}"
129,28540,S11,S9,"{""agreement"": 0.5101498365402222, ""completed"": true}"
129,28560,S11,S9,"{""agreement"": 0.7861217856407166, ""completed"": true}"
129,28580,S11,S9,"{""agreement"": -0.1704217940568924, ""completed"": true}"
129,28600,S11,S9,"{""agreement"": -0.5973178744316101, ""completed"": true}"
129,28620,S11,S9,"{""agreement"": 0.360711932182312, ""completed"": true}"
129,28640,S11,S9,"{""agreement"": -0.44272682070732117, ""completed"": true}"
129,28820,S8,S3,"{""agreement"": 0.7981837391853333, ""completed"": true}"
129,28820,S3,S8,"{""agreement"": 0.47069090604782104, ""completed"": true}"
129,28840,S8,S3,"{""agreement"": -0.821079432964325, ""completed"": true}"
129,28840,S3,S8,"{""agreement"": 0.6250410079956055, ""completed"": true}"
129,28860,S8,S3,"{""agreement"": -0.2324802577495575, ""completed"": true}"
129,28860,S3,S8,"{""agreement"": 0.2810189127922058, ""completed"": true}"
129,28880,S16,S6,"{""agreement"": 0.6646568179130554, ""completed"": true}"
129,28880,S6,S16,"{""agreement"": 0.7360532283782959, ""completed"": true}"
129,28880,S8,S3,"{""agreement"": -0.7206463813781738, ""completed"": true}"
129,28880,S3,S8,"{""agreement"": 0.6569206714630127, ""completed"": true}"
129,28900,S16,S6,"{""agreement"": 0.7849355936050415, ""completed"": true}"
129,28900,S6,S16,"{""agreement"": 0.5760583877563477, ""completed"": true}"
129,28900,S8,S3,"{""agreement"": 0.7038346529006958, ""completed"": true}"
129,28900,S3,S8,"{""agreement"": 0.19646015763282776, ""completed"": true}"
129,28920,S16,S6,"{""agreement"": -0.6422064900398254, ""completed"": true}"
129,28920,S6,S16,"{""agreement"": 0.9445062279701233, ""completed"": true}"
129,28920,S8,S3,"{""agreement"": 0.5180814266204834, ""completed"": true}"
129,28920,S3,S8,"{""agreement"": 0.39532044529914856, ""completed"": true}"
129,28940,S16,S6,"{""agreement"": -0.45673826336860657, ""completed"": true}"
129,28940,S6,S16,"{""agreement"": -0.3142908215522766, ""completed"": true}"
129,28940,S8,S3,"{""agreement"": 0.3913518786430359, ""completed"": true}"
129,28940,S3,S8,"{""agreement"": 0.8092074394226074, ""completed"": true}"
129,28960,S16,S6,"{""agreement"": 0.8339758515357971, ""completed"": true}"
129,28960,S6,S16,"{""agreement"": -0.11548562347888947, ""completed"": true}"
129,28980,S16,S6,"{""agreement"": 0.5233461260795593, ""completed"": true}"
129,28980,S6,S16,"{""agreement"": 0.31141602993011475, ""completed"": true}"
129,29000,S16,S6,"{""agreement"": -0.24272511899471283, ""completed"": true}"
129,29000,S6,S16,"{""agreement"": -0.07774372398853302, ""completed"": true}"
129,29020,S16,S6,"{""agreement"": 0.9280679225921631, ""completed"": true}"
129,29020,S6,S16,"{""agreement"": 0.3951878845691681, ""completed"": true}"
129,29040,S16,S6,"{""agreement"": 0.8088271617889404, ""completed"": true}"
129,29040,S6,S16,"{""agreement"": -0.19710612297058105, ""completed"": true}"
129,29060,S16,S6,"{""agreement"": 0.7890700101852417, ""completed"": true}"
129,29060,S6,S16,"{""agreement"": -0.3121952414512634, ""completed"": true}"
129,29080,S16,S6,"{""agreement"": -0.6825495958328247, ""completed"": true}"
129,29080,S6,S16,"{""agreement"": 0.7119154930114746, ""completed"": true}"
129,29100,S16,S6,"{""agreement"": -0.7580108046531677, ""completed"": true}"
129,29100,S6,S16,"{""agreement"": 0.7924643158912659, ""completed"": true}"
129,29120,S16,S6,"{""agreement"": -0.40487220883369446, ""completed"": true}"
129,29120,S6,S16,"{""agreement"": 0.08230000734329224, ""completed"": true}"
129,29120,S8,S5,"{""agreement"": 0.42793378233909607, ""completed"": true}"
129,29140,S16,S6,"{""agreement"": 0.9140612483024597, ""completed"": true}"
129,29140,S6,S16,"{""agreement"": 0.2858198881149292, ""completed"": true}"
129,29140,S8,S5,"{""agreement"": -0.8186367750167847, ""completed"": true}"
129,29160,S16,S6,"{""agreement"": 0.8435826301574707, ""completed"": true}"
129,29160,S6,S16,"{""agreement"": -0.15972603857517242, ""completed"": true}"
129,29160,S8,S5,"{""agreement"": 0.22374163568019867, ""completed"": true}"
129,29180,S16,S6,"{""agreement"": -0.1283762902021408, ""completed"": true}"
129,29180,S6,S16,"{""agreement"": -0.6995493173599243, ""completed"": true}"
129,29180,S8,S5,"{""agreement"": 0.4168965518474579, ""completed"": true}"
129,29200,S16,S6,"{""agreement"": 0.5746796131134033, ""completed"": true}"
129,29200,S6,S16,"{""agreement"": 0.6684278249740601, ""completed"": true}"
129,29200,S8,S5,"{""agreement"": -0.01557085569947958, ""completed"": true}"
129,29220,S16,S6,"{""agreement"": 0.43125244975090027, ""completed"": true}"
129,29220,S6,S16,"{""agreement"": 0.8922369480133057, ""completed"": true}"
129,29220,S8,S5,"{""agreement"": 0.012866616249084473, ""completed"": true}"
129,29240,S16,S6,"{""agreement"": -0.7684943675994873, ""completed"": true}"
129,29240,S6,S16,"{""agreement"": -0.5130970478057861, ""completed"": true}"
129,29240,S8,S5,"{""agreement"": -0.09892258793115616, ""completed"": true}"
129,29260,S16,S6,"{""agreement"": 0.406438410282135, ""completed"": true}"
129,29260,S6,S16,"{""agreement"": 0.02827468328177929, ""completed"": true}"
129,29260,S8,S5,"{""agreement"": 0.5856326818466187, ""completed"": true}"
129,29280,S16,S6,"{""agreement"": 0.19840525090694427, ""completed"": true}"
129,29280,S6,S16,"{""agreement"": 0.04602000117301941, ""completed"": true}"
129,29280,S8,S5,"{""agreement"": -0.8611953854560852, ""completed"": true}"
129,29300,S8,S5,"{""agreement"": -0.5840619206428528, ""completed"": true}"
129,29600,S6,S8,"{""agreement"": 0.14020174741744995, ""completed"": true}"
129,29600,S8,S6,"{""agreement"": -0.7233675718307495, ""completed"": true}"
129,29620,S6,S8,"{""agreement"": -0.1896301507949829, ""completed"": true}"
129,29620,S8,S6,"{""agreement"": -0.16223500669002533, ""completed"": true}"
129,29640,S6,S8,"{""agreement"": 0.6725284457206726, ""completed"": true}"
129,29640,S8,S6,"{""agreement"": 0.6887615919113159, ""completed"": true}"
129,29660,S6,S8,"{""agreement"": 0.6090962290763855, ""completed"": true}"
129,29660,S8,S6,"{""agreement"": -0.5582428574562073, ""completed"": true}"
129,29680,S6,S8,"{""agreement"": 0.05303766578435898, ""completed"": true}"
129,29680,S8,S6,"{""agreement"": -0.16321688890457153, ""completed"": true}"
129,29700,S6,S8,"{""agreement"": 0.522064208984375, ""completed"": true}"
129,29700,S8,S6,"{""agreement"": 0.4322493374347687, ""completed"": true}"
129,29720,S6,S8,"{""agreement"": -0.4908856153488159, ""completed"": true}"
129,29720,S8,S6,"{""agreement"": 0.9304092526435852, ""completed"": true}"
129,29740,S6,S8,"{""agreement"": 0.29669931530952454, ""completed"": true}"
129,29740,S8,S6,"{""agreement"": 0.2511974573135376, ""completed"": true}"
129,29760,S6,S8,"{""agreement"": -0.02672663703560829, ""completed"": true}"
129,29760,S8,S6,"{""agreement"": 0.2585044205188751, ""completed"": true}"
129,29780,S6,S8,"{""agreement"": -0.539496660232544, ""completed"": true}"
129,29780,S8,S6,"{""agreement"": -0.1575867086648941, ""completed"": true}"
129,29800,S6,S8,"{""agreement"": -0.007380104623734951, ""completed"": true}"
129,29800,S8,S6,"{""agreement"": 0.29650139808654785, ""completed"": true}"
129,29820,S6,S8,"{""agreement"": -0.0002885778958443552, ""completed"": true}"
129,29820,S8,S6,"{""agreement"": 0.3923744559288025, ""completed"": true}"
129,29840,S6,S8,"{""agreement"": 0.12977060675621033, ""completed"": true}"
129,29840,S8,S6,"{""agreement"": -0.45958197116851807, ""completed"": true}"
129,29860,S6,S8,"{""agreement"": -0.32479581236839294, ""completed"": true}"
129,29860,S8,S6,"{""agreement"": 0.07363893836736679, ""completed"": true}"
129,29880,S6,S8,"{""agreement"": -0.003444321220740676, ""completed"": true}"
129,29880,S8,S6,"{""agreement"": 0.491186261177063, ""completed"": true}"
129,29900,S6,S8,"{""agreement"": -0.37388962507247925, ""completed"": true}"
129,29900,S8,S6,"{""agreement"": -0.30880311131477356, ""completed"": true}"
129,29920,S6,S8,"{""agreement"": 0.22821971774101257, ""completed"": true}"
129,29920,S8,S6,"{""agreement"": -0.7143312096595764, ""completed"": true}"
129,29940,S6,S8,"{""agreement"": 0.09665724635124207, ""completed"": true}"
129,29940,S8,S6,"{""agreement"": 0.43069151043891907, ""completed"": true}"
129,29960,S6,S8,"{""agreement"": 0.5419140458106995, ""completed"": true}"
129,29960,S8,S6,"{""agreement"": 0.35460731387138367, ""completed"": true}"
129,29980,S6,S8,"{""agreement"": -0.8202434182167053, ""completed"": true}"
129,29980,S8,S6,"{""agreement"": -0.6216310262680054, ""completed"": true}"
129,30000,S6,S8,"{""agreement"": 0.8563454747200012, ""completed"": true}"
129,30000,S8,S6,"{""agreement"": 0.6197163462638855, ""completed"": true}"
129,30020,S6,S8,"{""agreement"": 0.4321848154067993, ""completed"": true}"
129,30020,S8,S6,"{""agreement"": 0.04005960375070572, ""completed"": true}"
129,30040,S6,S8,"{""agreement"": 0.7767266035079956, ""completed"": true}"
129,30040,S8,S6,"{""agreement"": 0.24748200178146362, ""completed"": true}"
129,30060,S6,S8,"{""agreement"": 0.4258098304271698, ""completed"": true}"
129,30060,S8,S6,"{""agreement"": -0.6935595273971558, ""completed"": true}"
129,30080,S6,S8,"{""agreement"": 0.5549334287643433, ""completed"": true}"
129,30080,S8,S6,"{""agreement"": 0.35088014602661133, ""completed"": true}"
129,30100,S6,S8,"{""agreement"": -0.9143147468566895, ""completed"": true}"
129,30100,S8,S3,"{""agreement"": 0.39815977215766907, ""completed"": true}"
129,30100,S3,S8,"{""agreement"": 0.11313946545124054, ""completed"": true}"
129,30120,S6,S8,"{""agreement"": 0.7319759726524353, ""completed"": true}"
129,30120,S8,S3,"{""agreement"": 0.1667366474866867, ""completed"": true}"
129,30120,S3,S8,"{""agreement"": 0.9545665383338928, ""completed"": true}"
129,30140,S6,S8,"{""agreement"": 0.27437469363212585, ""completed"": true}"
129,30140,S8,S3,"{""agreement"": -0.20263488590717316, ""completed"": true}"
129,30140,S3,S8,"{""agreement"": 0.46010255813598633, ""completed"": true}"
129,30160,S8,S3,"{""agreement"": -0.33081546425819397, ""completed"": true}"
129,30160,S3,S8,"{""agreement"": -0.46024227142333984, ""completed"": true}"
129,30180,S8,S3,"{""agreement"": -0.16429775953292847, ""completed"": true}"
129,30180,S3,S8,"{""agreement"": 0.2653784155845642, ""completed"": true}"
129,30200,S8,S3,"{""agreement"": 0.8123590350151062, ""completed"": true}"
129,30200,S3,S8,"{""agreement"": -0.5996103286743164, ""completed"": true}"
129,30220,S8,S3,"{""agreement"": 0.9095388650894165, ""completed"": true}"
129,30220,S3,S8,"{""agreement"": 0.2047879695892334, ""completed"": true}"
129,30240,S8,S3,"{""agreement"": -0.9708801507949829, ""completed"": true}"
129,30240,S3,S8,"{""agreement"": -0.6599003672599792, ""completed"": true}"
129,30260,S8,S3,"{""agreement"": -0.014331284910440445, ""completed"": true}"
129,30260,S3,S8,"{""agreement"": 0.2035183161497116, ""completed"": true}"
129,30280,S8,S3,"{""agreement"": 0.9143319725990295, ""completed"": true}"
129,30280,S3,S8,"{""agreement"": -0.574746310710907, ""completed"": true}"
129,30300,S8,S3,"{""agreement"": 0.47883665561676025, ""completed"": true}"
129,30300,S3,S8,"{""agreement"": 0.595306932926178, ""completed"": true}"
129,30320,S8,S3,"{""agreement"": -0.3569108545780182, ""completed"": true}"
129,30320,S3,S8,"{""agreement"": 0.7266966700553894, ""completed"": true}"
129,30340,S8,S3,"{""agreement"": -0.7560113668441772, ""completed"": true}"
129,30340,S3,S8,"{""agreement"": -0.04357323795557022, ""completed"": true}"
129,30360,S8,S3,"{""agreement"": 0.4663405418395996, ""completed"": true}"
129,30360,S3,S8,"{""agreement"": 0.7648870348930359, ""completed"": true}"
129,30380,S8,S3,"{""agreement"": -0.8295984268188477, ""completed"": true}"
129,30380,S3,S8,"{""agreement"": -0.577067494392395, ""completed"": true}"
129,30400,S3,S8,"{""agreement"": -0.7288110852241516, ""completed"": true}"
129,30420,S3,S8,"{""agreement"": -0.4631887376308441, ""completed"": true}"
129,30740,S6,S9,"{""agreement"": 0.07845049351453781, ""completed"": true}"
129,30760,S6,S9,"{""agreement"": -0.13117247819900513, ""completed"": true}"
129,30780,S6,S9,"{""agreement"": 0.37540343403816223, ""completed"": true}"
129,30800,S6,S9,"{""agreement"": 0.1782815009355545, ""completed"": true}"
129,30820,S6,S9,"{""agreement"": 0.05376251041889191, ""completed"": true}"
129,30840,S6,S9,"{""agreement"": -0.10607674717903137, ""completed"": true}"
129,31120,S13,S8,"{""agreement"": 0.4972401559352875, ""completed"": true}"
129,31120,S8,S13,"{""agreement"": -0.4714670777320862, ""completed"": true}"
129,31140,S13,S8,"{""agreement"": 0.8516889214515686, ""completed"": true}"
129,31140,S8,S13,"{""agreement"": -0.8622019290924072, ""completed"": true}"
129,31160,S13,S8,"{""agreement"": -0.8730719685554504, ""completed"": true}"
129,31160,S8,S13,"{""agreement"": -0.8186326622962952, ""completed"": true}"
129,31180,S13,S8,"{""agreement"": 0.07383474707603455, ""completed"": true}"
129,31180,S8,S13,"{""agreement"": 0.9512330293655396, ""completed"": true}"
129,31200,S13,S8,"{""agreement"": 0.48974159359931946, ""completed"": true}"
129,31200,S8,S13,"{""agreement"": 0.8756986260414124, ""completed"": true}"
129,31220,S13,S8,"{""agreement"": -0.3148910701274872, ""completed"": true}"
129,31220,S8,S13,"{""agreement"": 0.6399471759796143, ""completed"": true}"
129,31240,S13,S8,"{""agreement"": 0.9341942667961121, ""completed"": true}"
129,31240,S8,S13,"{""agreement"": 0.6201522946357727, ""completed"": true}"
129,31260,S13,S8,"{""agreement"": -0.30031096935272217, ""completed"": true}"
129,31260,S8,S13,"{""agreement"": 0.3324252963066101, ""completed"": true}"
129,31280,S13,S8,"{""agreement"": 0.7797976136207581, ""completed"": true}"
129,31280,S8,S13,"{""agreement"": -0.5534633994102478, ""completed"": true}"
129,31460,S3,S5,"{""agreement"": 0.48609140515327454, ""completed"": true}"
129,31460,S5,S3,"{""agreement"": -0.5866443514823914, ""completed"": true}"
129,31480,S3,S5,"{""agreement"": -0.651292085647583, ""completed"": true}"
129,31500,S3,S5,"{""agreement"": 0.30247509479522705, ""completed"": true}"
129,31520,S3,S5,"{""agreement"": -0.8759235739707947, ""completed"": true}"
129,31540,S16,S13,"{""agreement"": 0.6408016085624695, ""completed"": true}"
129,31540,S13,S16,"{""agreement"": 0.6011654734611511, ""completed"": true}"
129,31540,S3,S5,"{""agreement"": -0.8892099857330322, ""completed"": true}"
129,31560,S16,S13,"{""agreement"": 0.1678590625524521, ""completed"": true}"
129,31560,S13,S16,"{""agreement"": -0.36557942628860474, ""completed"": true}"
129,31580,S16,S13,"{""agreement"": 0.387367308139801, ""completed"": true}"
129,31580,S13,S16,"{""agreement"": 0.766396164894104, ""completed"": true}"
129,31600,S16,S13,"{""agreement"": -0.6555267572402954, ""completed"": true}"
129,31600,S13,S16,"{""agreement"": 0.9223783016204834, ""completed"": true}"
129,31600,S6,S11,"{""agreement"": -0.6433518528938293, ""completed"": true}"
129,31600,S11,S6,"{""agreement"": 0.7185683846473694, ""completed"": true}"
129,31620,S16,S13,"{""agreement"": 0.903376042842865, ""completed"": true}"
129,31620,S13,S16,"{""agreement"": -0.3839013874530792, ""completed"": true}"
129,31640,S16,S13,"{""agreement"": -0.453330397605896, ""completed"": true}"
129,31640,S13,S16,"{""agreement"": -0.21867258846759796, ""completed"": true}"
129,31660,S16,S13,"{""agreement"": 0.4556973874568939, ""completed"": true}"
129,31660,S13,S16,"{""agreement"": 0.5540027618408203, ""completed"": true}"
129,31680,S16,S13,"{""agreement"": 0.5994361042976379, ""completed"": true}"
129,31680,S13,S16,"{""agreement"": 0.16938169300556183, ""completed"": true}"
129,31820,S6,S15,"{""agreement"": 0.9509401321411133, ""completed"": true}"
129,31820,S15,S6,"{""agreement"": 0.8761616945266724, ""completed"": true}"
129,31820,S11,S15,"{""agreement"": 0.13793842494487762, ""completed"": true}"
129,31840,S6,S15,"{""agreement"": 0.8004373908042908, ""completed"": true}"
129,31840,S15,S6,"{""agreement"": -0.9477934837341309, ""completed"": true}"
129,31840,S11,S15,"{""agreement"": 0.34553399682044983, ""completed"": true}"
129,31860,S6,S15,"{""agreement"": 0.7804303765296936, ""completed"": true}"
129,31860,S15,S11,"{""agreement"": -0.4875192642211914, ""completed"": true}"
129,31860,S11,S15,"{""agreement"": -0.2802096903324127, ""completed"": true}"
129,31880,S6,S15,"{""agreement"": -0.2866203784942627, ""completed"": true}"
129,31880,S15,S6,"{""agreement"": 0.3246244788169861, ""completed"": true}"
129,31880,S11,S15,"{""agreement"": 0.9757832288742065, ""completed"": true}"
129,31900,S6,S15,"{""agreement"": 0.6206449270248413, ""completed"": true}"
129,31900,S15,S6,"{""agreement"": 0.9742029309272766, ""completed"": true}"
129,31900,S11,S15,"{""agreement"": 0.7736828923225403, ""completed"": true}"
129,31920,S6,S15,"{""agreement"": 0.5539088845252991, ""completed"": true}"
129,31920,S15,S6,"{""agreement"": -0.8254079222679138, ""completed"": true}"
129,31920,S11,S15,"{""agreement"": 0.9669238328933716, ""completed"": true}"
129,31940,S6,S15,"{""agreement"": 0.24032838642597198, ""completed"": true}"
129,31940,S15,S6,"{""agreement"": 0.7919358015060425, ""completed"": true}"
129,31940,S11,S15,"{""agreement"": -0.5665158629417419, ""completed"": true}"
129,31960,S6,S15,"{""agreement"": -0.7778378129005432, ""completed"": true}"
129,31960,S15,S6,"{""agreement"": 0.5072048306465149, ""completed"": true}"
129,31960,S11,S15,"{""agreement"": 0.6170667409896851, ""completed"": true}"
129,31980,S6,S15,"{""agreement"": -0.004439302254468203, ""completed"": true}"
129,31980,S15,S6,"{""agreement"": 0.7952805757522583, ""completed"": true}"
129,31980,S11,S15,"{""agreement"": -0.2805209159851074, ""completed"": true}"
129,32000,S6,S15,"{""agreement"": 0.6528864502906799, ""completed"": true}"
129,32000,S15,S6,"{""agreement"": -0.5999776721000671, ""completed"": true}"
129,32000,S11,S15,"{""agreement"": 0.7550760507583618, ""completed"": true}"
129,32020,S6,S15,"{""agreement"": 0.6180117130279541, ""completed"": true}"
129,32020,S15,S6,"{""agreement"": -0.7459536790847778, ""completed"": true}"
129,32020,S11,S15,"{""agreement"": -0.06758076697587967, ""completed"": true}"
129,32040,S6,S15,"{""agreement"": -0.7842294573783875, ""completed"": true}"
129,32040,S15,S6,"{""agreement"": 0.4778895080089569, ""completed"": true}"
129,32040,S11,S15,"{""agreement"": 0.8095259070396423, ""completed"": true}"
129,32060,S6,S15,"{""agreement"": 0.1390770822763443, ""completed"": true}"
129,32060,S15,S6,"{""agreement"": -0.7691357731819153, ""completed"": true}"
129,32060,S11,S15,"{""agreement"": -0.18830427527427673, ""completed"": true}"
129,32080,S6,S8,"{""agreement"": -0.1498612016439438, ""completed"": true}"
129,32080,S8,S6,"{""agreement"": 0.8249319791793823, ""completed"": true}"
129,32080,S15,S11,"{""agreement"": 0.9383651614189148, ""completed"": true}"
129,32080,S11,S15,"{""agreement"": -0.01726491004228592, ""completed"": true}"
129,32100,S6,S8,"{""agreement"": 0.44584187865257263, ""completed"": true}"
129,32100,S8,S6,"{""agreement"": 0.8903027176856995, ""completed"": true}"
129,32100,S15,S11,"{""agreement"": -0.5424694418907166, ""completed"": true}"
129,32100,S11,S15,"{""agreement"": 0.2463134229183197, ""completed"": true}"
129,32120,S6,S8,"{""agreement"": -0.5046308040618896, ""completed"": true}"
129,32120,S8,S6,"{""agreement"": 0.4764597713947296, ""completed"": true}"
129,32120,S15,S11,"{""agreement"": -0.285029798746109, ""completed"": true}"
129,32120,S11,S15,"{""agreement"": 0.7575085163116455, ""completed"": true}"
129,32140,S6,S15,"{""agreement"": -0.9739400744438171, ""completed"": true}"
129,32140,S8,S6,"{""agreement"": 0.981961727142334, ""completed"": true}"
129,32140,S15,S11,"{""agreement"": 0.46184349060058594, ""completed"": true}"
129,32140,S11,S15,"{""agreement"": 0.9744696021080017, ""completed"": true}"
129,32160,S6,S8,"{""agreement"": 0.7882922887802124, ""completed"": true}"
129,32160,S8,S6,"{""agreement"": -0.7816804647445679, ""completed"": true}"
129,32160,S15,S11,"{""agreement"": 0.9210156202316284, ""completed"": true}"
129,32160,S11,S15,"{""agreement"": -0.7081632018089294, ""completed"": true}"
129,32180,S6,S8,"{""agreement"": 0.19709619879722595, ""completed"": true}"
129,32180,S8,S6,"{""agreement"": -0.3361324369907379, ""completed"": true}"
129,32180,S15,S11,"{""agreement"": -0.5491266250610352, ""completed"": true}"
129,32180,S11,S15,"{""agreement"": 0.6723721027374268, ""completed"": true}"
129,32200,S6,S8,"{""agreement"": -0.817529559135437, ""completed"": true}"
129,32200,S8,S6,"{""agreement"": 0.6935096979141235, ""completed"": true}"
129,32200,S15,S11,"{""agreement"": 0.3849738836288452, ""completed"": true}"
129,32200,S11,S15,"{""agreement"": 0.9223046898841858, ""completed"": true}"
129,32220,S6,S8,"{""agreement"": 0.5455264449119568, ""completed"": true}"
129,32220,S8,S6,"{""agreement"": 0.7300335168838501, ""completed"": true}"
129,32220,S15,S11,"{""agreement"": 0.3674584925174713, ""completed"": true}"
129,32220,S11,S15,"{""agreement"": -0.6718448996543884, ""completed"": true}"
129,32240,S6,S8,"{""agreement"": 0.46741634607315063, ""completed"": true}"
129,32240,S8,S6,"{""agreement"": 0.7456042170524597, ""completed"": true}"
129,32240,S15,S11,"{""agreement"": -0.2219191938638687, ""completed"": true}"
129,32240,S11,S15,"{""agreement"": 0.9295923709869385, ""completed"": true}"
129,32260,S6,S8,"{""agreement"": -0.26387184858322144, ""completed"": true}"
129,32260,S8,S6,"{""agreement"": 0.924282431602478, ""completed"": true}"
129,32260,S15,S11,"{""agreement"": -0.4600304663181305, ""completed"": true}"
129,32260,S11,S15,"{""agreement"": -0.5972338318824768, ""completed"": true}"
129,32280,S6,S8,"{""agreement"": 0.8570747375488281, ""completed"": true}"
129,32280,S8,S6,"{""agreement"": 0.04035267233848572, ""completed"": true}"
129,32280,S15,S11,"{""agreement"": 0.8035010695457458, ""completed"": true}"
129,32280,S11,S15,"{""agreement"": -0.28879737854003906, ""completed"": true}"
129,32300,S6,S8,"{""agreement"": 0.5971289277076721, ""completed"": true}"
129,32300,S8,S6,"{""agreement"": -0.6524311304092407, ""completed"": true}"
129,32300,S15,S11,"{""agreement"": -0.7171436548233032, ""completed"": true}"
129,32300,S11,S15,"{""agreement"": 0.19355182349681854, ""completed"": true}"
129,32320,S6,S8,"{""agreement"": 0.7724410891532898, ""completed"": true}"
129,32320,S8,S6,"{""agreement"": 0.9701789617538452, ""completed"": true}"
129,32320,S15,S11,"{""agreement"": -0.8923364877700806, ""completed"": true}"
129,32320,S11,S15,"{""agreement"": 0.16579243540763855, ""completed"": true}"
129,32340,S6,S8,"{""agreement"": -0.5429625511169434, ""completed"": true}"
129,32340,S8,S6,"{""agreement"": 0.5116046071052551, ""completed"": true}"
129,32340,S11,S15,"{""agreement"": 0.5790319442749023, ""completed"": true}"
129,32360,S6,S8,"{""agreement"": 0.024863220751285553, ""completed"": true}"
129,32360,S8,S6,"{""agreement"": 0.32081666588783264, ""completed"": true}"
129,32360,S11,S15,"{""agreement"": -0.35499200224876404, ""completed"": true}"
129,32380,S6,S8,"{""agreement"": 0.38039350509643555, ""completed"": true}"
129,32380,S8,S6,"{""agreement"": -0.6004239916801453, ""completed"": true}"
129,32380,S11,S15,"{""agreement"": -0.23926453292369843, ""completed"": true}"
129,32400,S16,S13,"{""agreement"": 0.40215611457824707, ""completed"": true}"
129,32400,S13,S16,"{""agreement"": -0.12239494919776917, ""completed"": true}"
129,32400,S6,S8,"{""agreement"": -0.8281953930854797, ""completed"": true}"
129,32400,S8,S6,"{""agreement"": -0.501507043838501, ""completed"": true}"
129,32400,S11,S15,"{""agreement"": 0.9409552812576294, ""completed"": true}"
129,32420,S16,S13,"{""agreement"": -0.4744597375392914, ""completed"": true}"
129,32420,S13,S16,"{""agreement"": -0.10744038224220276, ""completed"": true}"
129,32420,S6,S8,"{""agreement"": 0.23886512219905853, ""completed"": true}"
129,32420,S8,S6,"{""agreement"": -0.34061872959136963, ""completed"": true}"
129,32420,S11,S15,"{""agreement"": 0.9570603370666504, ""completed"": true}"
129,32440,S16,S13,"{""agreement"": 0.8196150064468384, ""completed"": true}"
129,32440,S13,S16,"{""agreement"": 0.6942582726478577, ""completed"": true}"
129,32440,S6,S8,"{""agreement"": -0.08299809694290161, ""completed"": true}"
129,32440,S8,S6,"{""agreement"": 0.5453668236732483, ""completed"": true}"
129,32440,S11,S15,"{""agreement"": 0.6412033438682556, ""completed"": true}"
129,32460,S16,S13,"{""agreement"": -0.6058992147445679, ""completed"": true}"
129,32460,S7,S16,"{""agreement"": 0.060910873115062714, ""completed"": true}"
129,32460,S13,S16,"{""agreement"": -0.8594600558280945, ""completed"": true}"
129,32460,S6,S8,"{""agreement"": -0.05389288067817688, ""completed"": true}"
129,32460,S8,S6,"{""agreement"": -0.28100067377090454, ""completed"": true}"
129,32460,S11,S15,"{""agreement"": -0.715796709060669, ""completed"": true}"
129,32480,S16,S13,"{""agreement"": -0.7471842765808105, ""completed"": true}"
129,32480,S7,S16,"{""agreement"": -0.3631400465965271, ""completed"": true}"
129,32480,S13,S16,"{""agreement"": -0.7387058138847351, ""completed"": true}"
129,32480,S6,S8,"{""agreement"": 0.1268519163131714, ""completed"": true}"
129,32480,S8,S6,"{""agreement"": 0.12471547722816467, ""completed"": true}"
129,32480,S11,S15,"{""agreement"": 0.4439518451690674, ""completed"": true}"
129,32500,S16,S13,"{""agreement"": -0.8006080985069275, ""completed"": true}"
129,32500,S7,S16,"{""agreement"": -0.5242817401885986, ""completed"": true}"
129,32500,S13,S16,"{""agreement"": -0.6353150010108948, ""completed"": true}"
129,32500,S6,S8,"{""agreement"": 0.0498003251850605, ""completed"": true}"
129,32500,S8,S6,"{""agreement"": -0.4842861294746399, ""completed"": true}"
129,32500,S11,S15,"{""agreement"": 0.6751943230628967, ""completed"": true}"
129,32520,S7,S16,"{""agreement"": -0.11874639987945557, ""completed"": true}"
129,32520,S6,S8,"{""agreement"": 0.31704485416412354, ""completed"": true}"
129,32520,S8,S6,"{""agreement"": 0.005351135041564703, ""completed"": true}"
129,32520,S11,S15,"{""agreement"": 0.5893694758415222, ""completed"": true}"
129,32540,S7,S16,"{""agreement"": 0.2540881335735321, ""completed"": true}"
129,32540,S6,S8,"{""agreement"": 0.3597719967365265, ""completed"": true}"
129,32540,S8,S6,"{""agreement"": 0.17380589246749878, ""completed"": true}"
129,32560,S7,S16,"{""agreement"": 0.6204811930656433, ""completed"": true}"
129,32560,S6,S8,"{""agreement"": 0.3984168469905853, ""completed"": true}"
129,32560,S8,S6,"{""agreement"": -0.4034944772720337, ""completed"": true}"
129,32580,S7,S16,"{""agreement"": 0.28433847427368164, ""completed"": true}"
129,32580,S6,S8,"{""agreement"": -0.06831483542919159, ""completed"": true}"
129,32600,S7,S16,"{""agreement"": 0.24571043252944946, ""completed"": true}"
129,32600,S6,S8,"{""agreement"": 0.2596721351146698, ""completed"": true}"
129,32620,S7,S16,"{""agreement"": -0.76416015625, ""completed"": true}"
129,32620,S6,S8,"{""agreement"": 0.041005898267030716, ""completed"": true}"
129,32640,S7,S16,"{""agreement"": -0.6332882642745972, ""completed"": true}"
129,32640,S6,S8,"{""agreement"": -0.07315975427627563, ""completed"": true}"
129,32660,S6,S8,"{""agreement"": 0.47960448265075684, ""completed"": true}"
129,32680,S6,S8,"{""agreement"": 0.14051802456378937, ""completed"": true}"
129,32700,S6,S8,"{""agreement"": -0.6369476914405823, ""completed"": true}"
129,32720,S6,S8,"{""agreement"": -0.21315114200115204, ""completed"": true}"
129,32740,S6,S8,"{""agreement"": -0.7439966797828674, ""completed"": true}"
129,33280,S9,S5,"{""agreement"": 0.43302294611930847, ""completed"": true}"
129,33280,S5,S9,"{""agreement"": 0.22521916031837463, ""completed"": true}"
129,33300,S9,S5,"{""agreement"": -0.05145379528403282, ""completed"": true}"
129,33300,S5,S9,"{""agreement"": 0.3839457929134369, ""completed"": true}"
129,33320,S9,S5,"{""agreement"": -0.549146294593811, ""completed"": true}"
129,33320,S5,S9,"{""agreement"": -0.4021652340888977, ""completed"": true}"
129,33340,S9,S5,"{""agreement"": 0.8815670609474182, ""completed"": true}"
129,33340,S5,S9,"{""agreement"": 0.0032400640193372965, ""completed"": true}"
129,33360,S9,S5,"{""agreement"": -0.45762744545936584, ""completed"": true}"
129,33360,S5,S9,"{""agreement"": 0.45587095618247986, ""completed"": true}"
129,33380,S9,S5,"{""agreement"": -0.3832750916481018, ""completed"": true}"
129,33380,S5,S9,"{""agreement"": -0.09527852386236191, ""completed"": true}"
129,33400,S9,S5,"{""agreement"": 0.38968145847320557, ""completed"": true}"
129,33400,S5,S9,"{""agreement"": -0.4995163083076477, ""completed"": true}"
129,33420,S9,S5,"{""agreement"": -0.7564017176628113, ""completed"": true}"
129,33420,S5,S9,"{""agreement"": 0.4982858896255493, ""completed"": true}"
129,33440,S9,S5,"{""agreement"": -0.4427935481071472, ""completed"": true}"
129,33440,S5,S9,"{""agreement"": 0.35251012444496155, ""completed"": true}"
129,33460,S5,S9,"{""agreement"": 0.3506896495819092, ""completed"": true}"
129,33480,S5,S9,"{""agreement"": -0.3011069595813751, ""completed"": true}"
129,33500,S5,S9,"{""agreement"": 0.024031858891248703, ""completed"": true}"
129,33520,S5,S9,"{""agreement"": 0.5497713088989258, ""completed"": true}"
129,33540,S5,S9,"{""agreement"": 0.3530782461166382, ""completed"": true}"
129,33560,S5,S9,"{""agreement"": -0.5435807108879089, ""completed"": true}"
129,33580,S5,S9,"{""agreement"": -0.710688054561615, ""completed"": true}"
129,33660,S7,S15,"{""agreement"": -0.13993313908576965, ""completed"": true}"
129,33960,S8,S7,"{""agreement"": -0.8678256869316101, ""completed"": true}"
129,33980,S8,S7,"{""agreement"": -0.33238568902015686, ""completed"": true}"
129,34000,S8,S7,"{""agreement"": 0.7362189888954163, ""completed"": true}"
129,35000,S13,S8,"{""agreement"": -0.9781601428985596, ""completed"": true}"
129,35000,S8,S13,"{""agreement"": -0.7190032601356506, ""completed"": true}"
129,35020,S13,S8,"{""agreement"": -0.6785313487052917, ""completed"": true}"
129,35020,S8,S13,"{""agreement"": -0.7966341972351074, ""completed"": true}"
129,35020,S9,S3,"{""agreement"": 0.7165769338607788, ""completed"": true}"
129,35020,S3,S9,"{""agreement"": -0.19457478821277618, ""completed"": true}"
129,35040,S9,S3,"{""agreement"": -0.9107748866081238, ""completed"": true}"
129,35040,S3,S9,"{""agreement"": 0.0839276909828186, ""completed"": true}"
129,35060,S9,S3,"{""agreement"": -0.7937983274459839, ""completed"": true}"
129,35060,S3,S9,"{""agreement"": 0.2681189179420471, ""completed"": true}"
129,35080,S9,S3,"{""agreement"": 0.6106910109519958, ""completed"": true}"
129,35080,S3,S9,"{""agreement"": 0.37455832958221436, ""completed"": true}"
129,35100,S9,S3,"{""agreement"": 0.9590529799461365, ""completed"": true}"
129,35100,S3,S9,"{""agreement"": -0.23978911340236664, ""completed"": true}"
129,35120,S9,S3,"{""agreement"": 0.8246692419052124, ""completed"": true}"
129,35120,S3,S9,"{""agreement"": 0.4741002321243286, ""completed"": true}"
129,35140,S9,S3,"{""agreement"": 0.7370895147323608, ""completed"": true}"
129,35140,S3,S9,"{""agreement"": 0.14525020122528076, ""completed"": true}"
129,35160,S9,S3,"{""agreement"": -0.5141515135765076, ""completed"": true}"
129,35160,S3,S9,"{""agreement"": 0.21064803004264832, ""completed"": true}"
129,35180,S9,S3,"{""agreement"": 0.3188410997390747, ""completed"": true}"
129,35180,S3,S9,"{""agreement"": -0.10972447693347931, ""completed"": true}"
129,35200,S9,S3,"{""agreement"": -0.04058915749192238, ""completed"": true}"
129,35200,S3,S9,"{""agreement"": -0.6128506064414978, ""completed"": true}"
129,35740,S6,S3,"{""agreement"": 0.2505134642124176, ""completed"": true}"
129,35740,S3,S6,"{""agreement"": 0.22537322342395782, ""completed"": true}"
129,35760,S6,S3,"{""agreement"": 0.1426403522491455, ""completed"": true}"
129,35760,S3,S6,"{""agreement"": 0.17948812246322632, ""completed"": true}"
129,35780,S6,S3,"{""agreement"": 0.6669830679893494, ""completed"": true}"
129,35780,S3,S6,"{""agreement"": 0.6886143088340759, ""completed"": true}"
129,35800,S6,S3,"{""agreement"": 0.5438324213027954, ""completed"": true}"
129,35800,S3,S6,"{""agreement"": -0.8288286924362183, ""completed"": true}"
129,35820,S6,S3,"{""agreement"": -0.09468089789152145, ""completed"": true}"
129,35820,S3,S6,"{""agreement"": -0.8989964723587036, ""completed"": true}"
129,35840,S6,S3,"{""agreement"": 0.8688266277313232, ""completed"": true}"
129,35840,S15,S6,"{""agreement"": 0.2937866151332855, ""completed"": true}"
129,35840,S3,S6,"{""agreement"": 0.8375980257987976, ""completed"": true}"
129,35860,S6,S3,"{""agreement"": -0.7609389424324036, ""completed"": true}"
129,35860,S15,S6,"{""agreement"": -0.646584689617157, ""completed"": true}"
129,35860,S3,S6,"{""agreement"": -0.9395458102226257, ""completed"": true}"
129,35880,S7,S11,"{""agreement"": -0.7332082390785217, ""completed"": true}"
129,35880,S11,S7,"{""agreement"": 0.18262453377246857, ""completed"": true}"
129,35880,S6,S3,"{""agreement"": 0.1573725938796997, ""completed"": true}"
129,35880,S3,S6,"{""agreement"": -0.4339839518070221, ""completed"": true}"
129,35900,S6,S3,"{""agreement"": -0.2884494960308075, ""completed"": true}"
129,35920,S6,S3,"{""agreement"": -0.8697589635848999, ""completed"": true}"
129,35940,S6,S3,"{""agreement"": 0.4392610490322113, ""completed"": true}"
129,35960,S6,S3,"{""agreement"": 0.7598062753677368, ""completed"": true}"
129,35980,S6,S3,"{""agreement"": -0.8745055794715881, ""completed"": true}"
129,36000,S6,S3,"{""agreement"": -0.008212275803089142, ""completed"": true}"
129,36020,S6,S3,"{""agreement"": -0.025156844407320023, ""completed"": true}"
129,36520,S16,S6,"{""agreement"": 0.9503448009490967, ""completed"": true}"
129,36520,S6,S16,"{""agreement"": -0.5482951402664185, ""completed"": true}"
129,36540,S16,S6,"{""agreement"": -0.1871202439069748, ""completed"": true}"
129,36540,S6,S16,"{""agreement"": -0.05885878950357437, ""completed"": true}"
129,36560,S16,S6,"{""agreement"": -0.9386504888534546, ""completed"": true}"
129,36560,S6,S16,"{""agreement"": 0.3596998453140259, ""completed"": true}"
129,36580,S16,S6,"{""agreement"": 0.9069987535476685, ""completed"": true}"
129,36580,S6,S16,"{""agreement"": 0.6235920190811157, ""completed"": true}"
129,36760,S9,S3,"{""agreement"": 0.8632511496543884, ""completed"": true}"
129,36760,S3,S9,"{""agreement"": -0.519836962223053, ""completed"": true}"
129,36780,S9,S3,"{""agreement"": -0.9782007336616516, ""completed"": true}"
129,36780,S3,S9,"{""agreement"": -0.5779337882995605, ""completed"": true}"
129,36800,S9,S3,"{""agreement"": -0.36952027678489685, ""completed"": true}"
129,36820,S9,S3,"{""agreement"": 0.32326260209083557, ""completed"": true}"
129,36840,S9,S3,"{""agreement"": 0.14054858684539795, ""completed"": true}"
129,36860,S9,S3,"{""agreement"": -0.39606577157974243, ""completed"": true}"
129,36880,S6,S9,"{""agreement"": 0.2544417083263397, ""completed"": true}"
129,36880,S9,S3,"{""agreement"": 0.10029362142086029, ""completed"": true}"
129,36900,S6,S9,"{""agreement"": 0.779009222984314, ""completed"": true}"
129,36900,S9,S3,"{""agreement"": 0.09371257573366165, ""completed"": true}"
129,36920,S9,S3,"{""agreement"": -0.19109122455120087, ""completed"": true}"
129,36940,S9,S3,"{""agreement"": -0.20060062408447266, ""completed"": true}"
129,36960,S9,S3,"{""agreement"": -0.2569822371006012, ""completed"": true}"
129,36980,S9,S3,"{""agreement"": 0.3573299050331116, ""completed"": true}"
129,37000,S9,S3,"{""agreement"": 0.060311246663331985, ""completed"": true}"
129,37020,S13,S8,"{""agreement"": 0.1317092478275299, ""completed"": true}"
129,37020,S9,S3,"{""agreement"": -0.5361917614936829, ""completed"": true}"
129,37040,S13,S8,"{""agreement"": -0.048070043325424194, ""completed"": true}"
129,37040,S9,S3,"{""agreement"": 0.6353773474693298, ""completed"": true}"
129,37060,S13,S8,"{""agreement"": -0.33885765075683594, ""completed"": true}"
129,37060,S9,S3,"{""agreement"": -0.45948532223701477, ""completed"": true}"
129,37080,S9,S3,"{""agreement"": 0.015764622017741203, ""completed"": true}"
129,37100,S9,S3,"{""agreement"": 0.43220415711402893, ""completed"": true}"
129,37120,S9,S3,"{""agreement"": -0.07089455425739288, ""completed"": true}"
129,37140,S9,S3,"{""agreement"": -0.3685934841632843, ""completed"": true}"
129,37340,S16,S3,"{""agreement"": 0.021489650011062622, ""completed"": true}"
129,37340,S3,S16,"{""agreement"": 0.907197892665863, ""completed"": true}"
129,37360,S16,S3,"{""agreement"": 0.15410709381103516, ""completed"": true}"
129,37360,S3,S16,"{""agreement"": -0.14499734342098236, ""completed"": true}"
129,37380,S16,S3,"{""agreement"": 0.7308019399642944, ""completed"": true}"
129,37380,S3,S16,"{""agreement"": 0.8178940415382385, ""completed"": true}"
129,37400,S16,S3,"{""agreement"": -0.37818652391433716, ""completed"": true}"
129,37400,S3,S16,"{""agreement"": 0.09726957231760025, ""completed"": true}"
129,37820,S3,S15,"{""agreement"": -0.7989569306373596, ""completed"": true}"
129,37980,S11,S13,"{""agreement"": 0.5304877758026123, ""completed"": true}"
129,38000,S11,S13,"{""agreement"": -0.7724243402481079, ""completed"": true}"
129,38020,S11,S13,"{""agreement"": 0.893871545791626, ""completed"": true}"
129,38040,S11,S13,"{""agreement"": 0.8653980493545532, ""completed"": true}"
129,38060,S11,S13,"{""agreement"": 0.49559980630874634, ""completed"": true}"
129,38080,S11,S13,"{""agreement"": 0.2132784128189087, ""completed"": true}"
129,38100,S11,S13,"{""agreement"": -0.8015950918197632, ""completed"": true}"
129,38120,S11,S13,"{""agreement"": 0.8352243304252625, ""completed"": true}"
129,38140,S11,S13,"{""agreement"": -0.6435669660568237, ""completed"": true}"
129,38160,S11,S13,"{""agreement"": 0.28804245591163635, ""completed"": true}"
129,38180,S11,S13,"{""agreement"": 0.008521839044988155, ""completed"": true}"
129,38200,S11,S13,"{""agreement"": 0.8209674954414368, ""completed"": true}"
129,38220,S11,S13,"{""agreement"": -0.8052826523780823, ""completed"": true}"
129,38240,S6,S3,"{""agreement"": 0.06453628093004227, ""completed"": true}"
129,38240,S11,S13,"{""agreement"": -0.5155286192893982, ""completed"": true}"
129,38260,S6,S3,"{""agreement"": -0.8285095691680908, ""completed"": true}"
129,38260,S11,S13,"{""agreement"": 0.9645992517471313, ""completed"": true}"
129,38280,S11,S13,"{""agreement"": 0.7145041227340698, ""completed"": true}"
129,38300,S11,S13,"{""agreement"": -0.08981455117464066, ""completed"": true}"
129,38320,S11,S13,"{""agreement"": -0.8188381195068359, ""completed"": true}"
129,38340,S11,S13,"{""agreement"": -0.370417058467865, ""completed"": true}"
129,38460,S7,S3,"{""agreement"": -0.4316059350967407, ""completed"": true}"
129,38460,S3,S7,"{""agreement"": -0.6377003192901611, ""completed"": true}"
129,38480,S7,S3,"{""agreement"": -0.5427486300468445, ""completed"": true}"
129,38500,S11,S15,"{""agreement"": 0.7433208227157593, ""completed"": true}"
129,38520,S11,S15,"{""agreement"": 0.10342306643724442, ""completed"": true}"
129,38540,S11,S15,"{""agreement"": -0.14395610988140106, ""completed"": true}"
129,38560,S11,S15,"{""agreement"": -0.25041377544403076, ""completed"": true}"
129,38580,S11,S15,"{""agreement"": -0.8357259631156921, ""completed"": true}"
129,38600,S11,S15,"{""agreement"": 0.6874125003814697, ""completed"": true}"
129,38620,S11,S15,"{""agreement"": 0.9391188621520996, ""completed"": true}"
129,38640,S11,S15,"{""agreement"": -0.1287146955728531, ""completed"": true}"
129,38660,S11,S15,"{""agreement"": 0.8805956840515137, ""completed"": true}"
129,38680,S11,S15,"{""agreement"": -0.7202115654945374, ""completed"": true}"
129,38700,S11,S15,"{""agreement"": 0.6671033501625061, ""completed"": true}"
129,38720,S11,S15,"{""agreement"": 0.8047498464584351, ""completed"": true}"
129,38740,S7,S3,"{""agreement"": -0.6631525754928589, ""completed"": true}"
129,38740,S11,S15,"{""agreement"": 0.3790064752101898, ""completed"": true}"
129,38760,S11,S15,"{""agreement"": 0.45907139778137207, ""completed"": true}"
129,38780,S11,S15,"{""agreement"": -0.8867724537849426, ""completed"": true}"
129,38800,S11,S15,"{""agreement"": 0.11339987814426422, ""completed"": true}"
129,39200,S16,S5,"{""agreement"": 0.9624775052070618, ""completed"": true}"
129,40400,S7,S11,"{""agreement"": 0.7829816937446594, ""completed"": true}"
129,40400,S11,S7,"{""agreement"": 0.9732896685600281, ""completed"": true}"
129,40740,S16,S5,"{""agreement"": 0.2816607654094696, ""completed"": true}"
129,40760,S16,S5,"{""agreement"": 0.40512898564338684, ""completed"": true}"
129,40780,S16,S5,"{""agreement"": 0.9368993639945984, ""completed"": true}"
129,40800,S16,S5,"{""agreement"": -0.8007927536964417, ""completed"": true}"
129,40820,S16,S5,"{""agreement"": 0.6458458304405212, ""completed"": true}"
129,40980,S5,S9,"{""agreement"": -0.8223954439163208, ""completed"": true}"
129,41800,S16,S9,"{""agreement"": 0.6303898096084595, ""completed"": true}"
129,41800,S9,S16,"{""agreement"": 0.25618651509284973, ""completed"": true}"
129,41820,S16,S9,"{""agreement"": -0.5218359231948853, ""completed"": true}"
129,41820,S9,S16,"{""agreement"": -0.835494339466095, ""completed"": true}"
129,41840,S16,S9,"{""agreement"": -0.5215588212013245, ""completed"": true}"
129,41840,S9,S16,"{""agreement"": 0.4071245491504669, ""completed"": true}"
129,41840,S11,S9,"{""agreement"": 0.4955049157142639, ""completed"": true}"
129,41860,S16,S9,"{""agreement"": 0.2341979444026947, ""completed"": true}"
129,41860,S9,S16,"{""agreement"": -0.20369777083396912, ""completed"": true}"
129,41860,S11,S9,"{""agreement"": -0.6770968437194824, ""completed"": true}"
129,41880,S16,S9,"{""agreement"": -0.44360610842704773, ""completed"": true}"
129,41880,S9,S16,"{""agreement"": 0.7512773275375366, ""completed"": true}"
129,41880,S11,S9,"{""agreement"": -0.8206158876419067, ""completed"": true}"
129,41900,S16,S9,"{""agreement"": -0.0936560109257698, ""completed"": true}"
129,41900,S9,S16,"{""agreement"": -0.7603930234909058, ""completed"": true}"
129,41920,S16,S9,"{""agreement"": -0.26120543479919434, ""completed"": true}"
129,41920,S9,S16,"{""agreement"": -0.671792209148407, ""completed"": true}"
129,41940,S16,S9,"{""agreement"": 0.8591776490211487, ""completed"": true}"
129,41960,S16,S9,"{""agreement"": 0.38920775055885315, ""completed"": true}"
129,41980,S16,S9,"{""agreement"": 0.9186386466026306, ""completed"": true}"
129,42000,S16,S9,"{""agreement"": -0.3911929726600647, ""completed"": true}"
129,42020,S16,S9,"{""agreement"": 0.1314137876033783, ""completed"": true}"
129,42040,S16,S9,"{""agreement"": -0.7114388942718506, ""completed"": true}"
129,42060,S16,S9,"{""agreement"": 0.36360540986061096, ""completed"": true}"
129,42080,S16,S9,"{""agreement"": 0.8355706930160522, ""completed"": true}"
129,42100,S16,S9,"{""agreement"": 0.12385902553796768, ""completed"": true}"
129,42120,S16,S9,"{""agreement"": 0.2563120126724243, ""completed"": true}"
129,42140,S16,S9,"{""agreement"": 0.28492680191993713, ""completed"": true}"
129,42160,S16,S9,"{""agreement"": -0.9187458157539368, ""completed"": true}"
129,42180,S16,S9,"{""agreement"": -0.701106071472168, ""completed"": true}"
129,42360,S15,S9,"{""agreement"": 0.6797110438346863, ""completed"": true}"
129,42380,S15,S9,"{""agreement"": -0.41743233799934387, ""completed"": true}"
129,42400,S15,S9,"{""agreement"": 0.6294667720794678, ""completed"": true}"
129,42960,S13,S3,"{""agreement"": 0.9100192189216614, ""completed"": true}"
129,42960,S3,S13,"{""agreement"": 0.3364846110343933, ""completed"": true}"
129,42980,S13,S3,"{""agreement"": 0.6073591113090515, ""completed"": true}"
129,42980,S3,S13,"{""agreement"": 0.3521899878978729, ""completed"": true}"
129,43000,S13,S3,"{""agreement"": 0.4581863582134247, ""completed"": true}"
129,43000,S3,S13,"{""agreement"": -0.8209381103515625, ""completed"": true}"
129,43020,S13,S3,"{""agreement"": -0.6903313398361206, ""completed"": true}"
129,43020,S3,S13,"{""agreement"": -0.6422882080078125, ""completed"": true}"
129,43040,S13,S3,"{""agreement"": 0.8449920415878296, ""completed"": true}"
129,43040,S3,S13,"{""agreement"": 0.35455381870269775, ""completed"": true}"
129,43060,S13,S3,"{""agreement"": 0.6372049450874329, ""completed"": true}"
129,43060,S3,S13,"{""agreement"": 0.6651121973991394, ""completed"": true}"
129,43080,S13,S3,"{""agreement"": -0.8449429869651794, ""completed"": true}"
129,43080,S3,S13,"{""agreement"": -0.51707923412323, ""completed"": true}"
129,43100,S13,S3,"{""agreement"": -0.833240807056427, ""completed"": true}"
129,43100,S3,S13,"{""agreement"": 0.9200571775436401, ""completed"": true}"
129,43120,S13,S3,"{""agreement"": -0.718045711517334, ""completed"": true}"
129,43120,S3,S13,"{""agreement"": 0.7972904443740845, ""completed"": true}"
129,43140,S3,S13,"{""agreement"": -0.181418776512146, ""completed"": true}"
129,43160,S3,S13,"{""agreement"": 0.6933411955833435, ""completed"": true}"
129,43180,S3,S13,"{""agreement"": -0.69992995262146, ""completed"": true}"
129,43280,S11,S15,"{""agreement"": -0.5297054052352905, ""completed"": true}"
129,43300,S11,S15,"{""agreement"": -0.8934705257415771, ""completed"": true}"
129,43400,S13,S5,"{""agreement"": -0.08555760234594345, ""completed"": true}"
129,43420,S13,S5,"{""agreement"": 0.46021947264671326, ""completed"": true}"
129,43440,S13,S5,"{""agreement"": 0.1104077696800232, ""completed"": true}"
129,43460,S13,S5,"{""agreement"": 0.5997747182846069, ""completed"": true}"
129,43480,S13,S5,"{""agreement"": 0.5073879361152649, ""completed"": true}"
129,43500,S13,S5,"{""agreement"": -0.06731988489627838, ""completed"": true}"
129,43520,S13,S5,"{""agreement"": -0.3329598903656006, ""completed"": true}"
129,43540,S13,S5,"{""agreement"": 0.7795186042785645, ""completed"": true}"
129,43560,S13,S5,"{""agreement"": 0.8167684674263, ""completed"": true}"
129,43580,S13,S5,"{""agreement"": 0.08921642601490021, ""completed"": true}"
129,43600,S13,S5,"{""agreement"": -0.8880300521850586, ""completed"": true}"
129,43620,S13,S5,"{""agreement"": 0.6618852615356445, ""completed"": true}"
129,43640,S13,S5,"{""agreement"": 0.4361332952976227, ""completed"": true}"
129,44160,S16,S15,"{""agreement"": -0.8703798651695251, ""completed"": true}"
129,44160,S15,S16,"{""agreement"": -0.37211742997169495, ""completed"": true}"
129,44180,S15,S16,"{""agreement"": -0.8204511404037476, ""completed"": true}"
129,44200,S15,S16,"{""agreement"": 0.8769648671150208, ""completed"": true}"
129,44220,S15,S16,"{""agreement"": 0.24821051955223083, ""completed"": true}"
129,44240,S15,S16,"{""agreement"": -0.8688187003135681, ""completed"": true}"
129,44260,S16,S6,"{""agreement"": 0.023422036319971085, ""completed"": true}"
129,44260,S6,S16,"{""agreement"": -0.5709756016731262, ""completed"": true}"
129,44260,S15,S16,"{""agreement"": -0.1325559765100479, ""completed"": true}"
129,44280,S16,S6,"{""agreement"": -0.12206938862800598, ""completed"": true}"
129,44280,S6,S16,"{""agreement"": -0.22715920209884644, ""completed"": true}"
129,44280,S15,S16,"{""agreement"": -0.2337108701467514, ""completed"": true}"
129,44300,S16,S6,"{""agreement"": -0.611067533493042, ""completed"": true}"
129,44300,S6,S16,"{""agreement"": 0.20404435694217682, ""completed"": true}"
129,44300,S15,S16,"{""agreement"": 0.7647212147712708, ""completed"": true}"
129,44300,S9,S3,"{""agreement"": -0.0847427025437355, ""completed"": true}"
129,44320,S16,S6,"{""agreement"": 0.8246020078659058, ""completed"": true}"
129,44320,S6,S16,"{""agreement"": 0.12687964737415314, ""completed"": true}"
129,44320,S15,S16,"{""agreement"": 0.004819195251911879, ""completed"": true}"
129,44320,S9,S3,"{""agreement"": -0.08947396278381348, ""completed"": true}"
129,44340,S16,S6,"{""agreement"": 0.5608917474746704, ""completed"": true}"
129,44340,S6,S16,"{""agreement"": -0.701942503452301, ""completed"": true}"
129,44340,S15,S16,"{""agreement"": 0.6688557267189026, ""completed"": true}"
129,44340,S13,S5,"{""agreement"": 0.5406028032302856, ""completed"": true}"
129,44340,S9,S3,"{""agreement"": 0.21396417915821075, ""completed"": true}"
129,44360,S15,S16,"{""agreement"": -0.7024710178375244, ""completed"": true}"
129,44360,S13,S5,"{""agreement"": 0.8801933526992798, ""completed"": true}"
129,44360,S9,S3,"{""agreement"": 0.33668068051338196, ""completed"": true}"
129,44380,S15,S16,"{""agreement"": 0.004559026565402746, ""completed"": true}"
129,44380,S9,S3,"{""agreement"": -0.5869780778884888, ""completed"": true}"
129,44400,S15,S16,"{""agreement"": 0.38590413331985474, ""completed"": true}"
129,44400,S9,S3,"{""agreement"": 0.06773191690444946, ""completed"": true}"
129,44420,S15,S16,"{""agreement"": 0.864388108253479, ""completed"": true}"
129,44420,S9,S3,"{""agreement"": 0.3601745367050171, ""completed"": true}"
129,44440,S15,S16,"{""agreement"": 0.14994460344314575, ""completed"": true}"
129,44440,S9,S3,"{""agreement"": -0.6820631623268127, ""completed"": true}"
129,44460,S15,S16,"{""agreement"": 0.04487357661128044, ""completed"": true}"
129,44480,S15,S16,"{""agreement"": 0.1935184895992279, ""completed"": true}"
129,44500,S15,S16,"{""agreement"": -0.38409847021102905, ""completed"": true}"
129,44520,S15,S16,"{""agreement"": -0.024711325764656067, ""completed"": true}"
129,44540,S15,S16,"{""agreement"": -0.15022312104701996, ""completed"": true}"
129,44560,S15,S16,"{""agreement"": 0.3171105980873108, ""completed"": true}"
129,44580,S15,S16,"{""agreement"": -0.7304649353027344, ""completed"": true}"
129,44600,S15,S16,"{""agreement"": -0.7444096207618713, ""completed"": true}"
129,44900,S7,S9,"{""agreement"": -0.5582168698310852, ""completed"": true}"
129,44900,S9,S7,"{""agreement"": -0.4083262085914612, ""completed"": true}"
129,45060,S11,S5,"{""agreement"": 0.5137133002281189, ""completed"": true}"
129,45080,S11,S5,"{""agreement"": 0.5611553192138672, ""completed"": true}"
129,45180,S6,S5,"{""agreement"": 0.21161296963691711, ""completed"": true}"
129,45200,S6,S5,"{""agreement"": -0.035885415971279144, ""completed"": true}"
129,45220,S6,S5,"{""agreement"": 0.793772280216217, ""completed"": true}"
129,45240,S6,S5,"{""agreement"": -0.1478792279958725, ""completed"": true}"
129,45260,S6,S5,"{""agreement"": 0.7431597709655762, ""completed"": true}"
129,45280,S6,S5,"{""agreement"": 0.07380334287881851, ""completed"": true}"
129,45300,S11,S16,"{""agreement"": -0.7898104786872864, ""completed"": true}"
129,45320,S11,S16,"{""agreement"": 0.9347327351570129, ""completed"": true}"
129,45340,S11,S16,"{""agreement"": 0.6543294787406921, ""completed"": true}"
129,45360,S11,S16,"{""agreement"": 0.33041438460350037, ""completed"": true}"
129,45380,S11,S16,"{""agreement"": 0.6939729452133179, ""completed"": true}"
129,45400,S11,S16,"{""agreement"": 0.42001229524612427, ""completed"": true}"
129,45420,S11,S16,"{""agreement"": 0.8298845887184143, ""completed"": true}"
129,45440,S11,S16,"{""agreement"": -0.9012138843536377, ""completed"": true}"
129,45460,S11,S16,"{""agreement"": -0.7953602075576782, ""completed"": true}"
129,45480,S11,S16,"{""agreement"": 0.824192464351654, ""completed"": true}"
129,45500,S11,S16,"{""agreement"": 0.846119225025177, ""completed"": true}"
129,45520,S11,S16,"{""agreement"": 0.08264341205358505, ""completed"": true}"
129,45540,S8,S16,"{""agreement"": 0.37412554025650024, ""completed"": true}"
129,45540,S11,S16,"{""agreement"": -0.4972957670688629, ""completed"": true}"
129,45560,S8,S16,"{""agreement"": -0.5197355151176453, ""completed"": true}"
129,45560,S11,S16,"{""agreement"": 0.5305389761924744, ""completed"": true}"
129,45580,S8,S16,"{""agreement"": -0.506333589553833, ""completed"": true}"
129,45580,S11,S16,"{""agreement"": 0.800895631313324, ""completed"": true}"
129,45600,S8,S16,"{""agreement"": -0.5869511365890503, ""completed"": true}"
129,45600,S11,S16,"{""agreement"": 0.9161041378974915, ""completed"": true}"
129,45600,S6,S9,"{""agreement"": 0.6860576272010803, ""completed"": true}"
129,45620,S8,S16,"{""agreement"": -0.633056640625, ""completed"": true}"
129,45620,S11,S16,"{""agreement"": 0.8718045949935913, ""completed"": true}"
129,45620,S6,S9,"{""agreement"": 0.8861519694328308, ""completed"": true}"
129,45640,S11,S16,"{""agreement"": 0.7208725214004517, ""completed"": true}"
129,45640,S6,S9,"{""agreement"": -0.3840024471282959, ""completed"": true}"
129,45660,S11,S16,"{""agreement"": -0.8518549203872681, ""completed"": true}"
129,45660,S6,S9,"{""agreement"": -0.18010471761226654, ""completed"": true}"
129,45680,S11,S16,"{""agreement"": 0.6655235886573792, ""completed"": true}"
129,45680,S6,S9,"{""agreement"": -0.037789199501276016, ""completed"": true}"
129,45700,S11,S16,"{""agreement"": 0.822005033493042, ""completed"": true}"
129,45700,S6,S9,"{""agreement"": 0.06549468636512756, ""completed"": true}"
129,45720,S11,S16,"{""agreement"": 0.8162137866020203, ""completed"": true}"
129,45720,S6,S9,"{""agreement"": -0.41513967514038086, ""completed"": true}"
129,45740,S11,S16,"{""agreement"": 0.8070654273033142, ""completed"": true}"
129,45740,S6,S9,"{""agreement"": -0.15971322357654572, ""completed"": true}"
129,45760,S11,S16,"{""agreement"": -0.42701268196105957, ""completed"": true}"
129,45780,S11,S16,"{""agreement"": 0.7746527791023254, ""completed"": true}"
129,46660,S8,S7,"{""agreement"": 0.12195183336734772, ""completed"": true}"
129,46680,S8,S7,"{""agreement"": -0.8645524382591248, ""completed"": true}"
129,46700,S8,S7,"{""agreement"": 0.7229480743408203, ""completed"": true}"
129,46720,S8,S7,"{""agreement"": 0.8710435032844543, ""completed"": true}"
129,46740,S8,S7,"{""agreement"": -0.533200204372406, ""completed"": true}"
129,46760,S8,S7,"{""agreement"": 0.40189844369888306, ""completed"": true}"
129,46780,S8,S7,"{""agreement"": 0.09059970825910568, ""completed"": true}"
129,46800,S8,S7,"{""agreement"": 0.20134218037128448, ""completed"": true}"
129,46820,S8,S7,"{""agreement"": 0.47882455587387085, ""completed"": true}"
129,46840,S8,S7,"{""agreement"": 0.8908383250236511, ""completed"": true}"
129,46840,S11,S5,"{""agreement"": 0.04908477142453194, ""completed"": true}"
129,46860,S8,S7,"{""agreement"": 0.8023857474327087, ""completed"": true}"
129,46860,S11,S5,"{""agreement"": -0.06052042543888092, ""completed"": true}"
129,46880,S8,S7,"{""agreement"": 0.05818091705441475, ""completed"": true}"
129,46880,S11,S5,"{""agreement"": -0.30801522731781006, ""completed"": true}"
129,46900,S8,S7,"{""agreement"": -0.10176778584718704, ""completed"": true}"
129,46900,S11,S5,"{""agreement"": -0.49646878242492676, ""completed"": true}"
129,46920,S8,S7,"{""agreement"": 0.5323143601417542, ""completed"": true}"
129,46920,S11,S5,"{""agreement"": -0.697650134563446, ""completed"": true}"
129,46940,S8,S7,"{""agreement"": -0.7316014170646667, ""completed"": true}"
129,46940,S11,S5,"{""agreement"": 0.3692401349544525, ""completed"": true}"
129,46960,S8,S7,"{""agreement"": -0.8665794134140015, ""completed"": true}"
129,46960,S11,S5,"{""agreement"": 0.029659079387784004, ""completed"": true}"
129,46980,S8,S7,"{""agreement"": 0.7254341244697571, ""completed"": true}"
129,46980,S11,S5,"{""agreement"": -0.7876259088516235, ""completed"": true}"
129,47000,S8,S7,"{""agreement"": 0.9590577483177185, ""completed"": true}"
129,47020,S8,S7,"{""agreement"": 0.03801150992512703, ""completed"": true}"
129,47040,S8,S7,"{""agreement"": -0.8458612561225891, ""completed"": true}"
129,47060,S8,S7,"{""agreement"": 0.5189802050590515, ""completed"": true}"
129,47080,S8,S7,"{""agreement"": 0.8450196385383606, ""completed"": true}"
129,47100,S8,S7,"{""agreement"": -0.4906008243560791, ""completed"": true}"
129,47120,S8,S7,"{""agreement"": 0.10458490252494812, ""completed"": true}"
129,47140,S8,S7,"{""agreement"": -0.6787468194961548, ""completed"": true}"
129,47160,S8,S7,"{""agreement"": -0.46309372782707214, ""completed"": true}"
129,47760,S7,S9,"{""agreement"": 0.6462346911430359, ""completed"": true}"
129,47760,S9,S7,"{""agreement"": -0.38381242752075195, ""completed"": true}"
129,47780,S7,S9,"{""agreement"": 0.1257203221321106, ""completed"": true}"
129,47780,S9,S7,"{""agreement"": 0.20100459456443787, ""completed"": true}"
129,47800,S7,S9,"{""agreement"": -0.19877754151821136, ""completed"": true}"
129,47800,S9,S7,"{""agreement"": 0.2950610816478729, ""completed"": true}"
129,47820,S7,S9,"{""agreement"": 0.3461221158504486, ""completed"": true}"
129,47820,S9,S7,"{""agreement"": -0.6369003653526306, ""completed"": true}"
129,47840,S7,S9,"{""agreement"": 0.16023609042167664, ""completed"": true}"
129,47840,S9,S7,"{""agreement"": -0.503334105014801, ""completed"": true}"
129,47860,S7,S9,"{""agreement"": -0.4044475257396698, ""completed"": true}"
129,48640,S3,S11,"{""agreement"": -0.28240108489990234, ""completed"": true}"
129,48640,S11,S3,"{""agreement"": 0.8840774297714233, ""completed"": true}"
129,48660,S3,S11,"{""agreement"": 0.7575812935829163, ""completed"": true}"
129,48660,S11,S3,"{""agreement"": 0.48347094655036926, ""completed"": true}"
129,48680,S3,S11,"{""agreement"": -0.2509711980819702, ""completed"": true}"
129,48680,S11,S3,"{""agreement"": 0.7326937317848206, ""completed"": true}"
129,48700,S3,S11,"{""agreement"": 0.8195146918296814, ""completed"": true}"
129,48700,S11,S3,"{""agreement"": 0.8678302764892578, ""completed"": true}"
129,48720,S3,S11,"{""agreement"": -0.6438958644866943, ""completed"": true}"
129,48720,S11,S3,"{""agreement"": 0.7589713931083679, ""completed"": true}"
129,48740,S3,S11,"{""agreement"": 0.6328514814376831, ""completed"": true}"
129,48740,S11,S3,"{""agreement"": 0.24140697717666626, ""completed"": true}"
129,48760,S3,S11,"{""agreement"": -0.7592055797576904, ""completed"": true}"
129,48760,S11,S3,"{""agreement"": 0.5649580359458923, ""completed"": true}"
129,48780,S3,S11,"{""agreement"": 0.8143794536590576, ""completed"": true}"
129,48780,S11,S3,"{""agreement"": -0.7246595621109009, ""completed"": true}"
129,48800,S3,S11,"{""agreement"": 0.9810559153556824, ""completed"": true}"
129,48800,S11,S3,"{""agreement"": 0.7403743863105774, ""completed"": true}"
129,48820,S3,S11,"{""agreement"": -0.2724442780017853, ""completed"": true}"
129,48820,S11,S3,"{""agreement"": 0.07780620455741882, ""completed"": true}"
129,48840,S3,S11,"{""agreement"": 0.5503120422363281, ""completed"": true}"
129,48840,S11,S3,"{""agreement"": -0.08386414498090744, ""completed"": true}"
129,48860,S3,S11,"{""agreement"": -0.5787312984466553, ""completed"": true}"
129,48860,S11,S3,"{""agreement"": 0.053145091980695724, ""completed"": true}"
129,48880,S3,S11,"{""agreement"": 0.4605245590209961, ""completed"": true}"
129,48880,S11,S3,"{""agreement"": 0.6242498159408569, ""completed"": true}"
129,48900,S3,S11,"{""agreement"": 0.614179253578186, ""completed"": true}"
129,48900,S11,S3,"{""agreement"": 0.9618109464645386, ""completed"": true}"
129,48920,S3,S11,"{""agreement"": -0.23857606947422028, ""completed"": true}"
129,48920,S11,S3,"{""agreement"": 0.7443344593048096, ""completed"": true}"
129,48940,S3,S11,"{""agreement"": 0.2595290541648865, ""completed"": true}"
129,48940,S11,S3,"{""agreement"": 0.8117213845252991, ""completed"": true}"
129,48960,S3,S11,"{""agreement"": -0.7959780693054199, ""completed"": true}"
129,48960,S11,S3,"{""agreement"": 0.683565616607666, ""completed"": true}"
129,48980,S3,S11,"{""agreement"": -0.11292348057031631, ""completed"": true}"
129,48980,S11,S3,"{""agreement"": 0.9455460906028748, ""completed"": true}"
129,49000,S3,S11,"{""agreement"": -0.5085886716842651, ""completed"": true}"
129,49000,S11,S3,"{""agreement"": -0.7070490121841431, ""completed"": true}"
129,49020,S11,S3,"{""agreement"": -0.8010780811309814, ""completed"": true}"
129,49040,S16,S3,"{""agreement"": -0.0416138656437397, ""completed"": true}"
129,49040,S3,S16,"{""agreement"": 0.42723608016967773, ""completed"": true}"
129,49040,S11,S3,"{""agreement"": 0.3202623128890991, ""completed"": true}"
129,49060,S16,S3,"{""agreement"": -0.8878259658813477, ""completed"": true}"
129,49060,S3,S16,"{""agreement"": -0.7691879272460938, ""completed"": true}"
129,49060,S11,S3,"{""agreement"": -0.7140166759490967, ""completed"": true}"
129,49080,S16,S3,"{""agreement"": 0.8736990094184875, ""completed"": true}"
129,49080,S3,S16,"{""agreement"": 0.18164633214473724, ""completed"": true}"
129,49080,S11,S3,"{""agreement"": 0.8109050393104553, ""completed"": true}"
129,49100,S16,S3,"{""agreement"": 0.1320134401321411, ""completed"": true}"
129,49100,S3,S16,"{""agreement"": 0.9074773788452148, ""completed"": true}"
129,49100,S11,S3,"{""agreement"": 0.02422601543366909, ""completed"": true}"
129,49120,S16,S3,"{""agreement"": -0.8017650842666626, ""completed"": true}"
129,49120,S3,S16,"{""agreement"": -0.7547115087509155, ""completed"": true}"
129,49120,S11,S3,"{""agreement"": 0.810924232006073, ""completed"": true}"
129,49140,S16,S3,"{""agreement"": 0.25066617131233215, ""completed"": true}"
129,49140,S3,S16,"{""agreement"": -0.2093553990125656, ""completed"": true}"
129,49140,S11,S3,"{""agreement"": -0.02426561526954174, ""completed"": true}"
129,49160,S16,S3,"{""agreement"": 0.44774219393730164, ""completed"": true}"
129,49160,S3,S16,"{""agreement"": -0.7274507284164429, ""completed"": true}"
129,49180,S16,S3,"{""agreement"": -0.2828083634376526, ""completed"": true}"
129,49200,S16,S3,"{""agreement"": 0.743702232837677, ""completed"": true}"
129,49220,S16,S3,"{""agreement"": 0.31579676270484924, ""completed"": true}"
129,49240,S16,S3,"{""agreement"": 0.7091343998908997, ""completed"": true}"
129,49260,S16,S3,"{""agreement"": 0.7263783812522888, ""completed"": true}"
129,49280,S16,S3,"{""agreement"": -0.8422788977622986, ""completed"": true}"
129,49300,S16,S3,"{""agreement"": 0.5594295859336853, ""completed"": true}"
129,49320,S16,S3,"{""agreement"": -0.14515456557273865, ""completed"": true}"
129,49340,S16,S3,"{""agreement"": 0.05150126665830612, ""completed"": true}"
129,49360,S16,S3,"{""agreement"": -0.8167135119438171, ""completed"": true}"
129,49380,S16,S3,"{""agreement"": -0.4704362750053406, ""completed"": true}"
129,50060,S7,S9,"{""agreement"": 0.8340951204299927, ""completed"": true}"
129,50060,S3,S13,"{""agreement"": 0.6382997632026672, ""completed"": true}"
129,50080,S7,S9,"{""agreement"": 0.03006185032427311, ""completed"": true}"
129,50080,S3,S13,"{""agreement"": -0.06260379403829575, ""completed"": true}"
129,50100,S7,S9,"{""agreement"": 0.35796329379081726, ""completed"": true}"
129,50100,S3,S13,"{""agreement"": 0.8891891837120056, ""completed"": true}"
129,50120,S7,S9,"{""agreement"": 0.6542057394981384, ""completed"": true}"
129,50120,S3,S13,"{""agreement"": 0.943484365940094, ""completed"": true}"
129,50140,S7,S9,"{""agreement"": 0.45675548911094666, ""completed"": true}"
129,50140,S3,S13,"{""agreement"": 0.5924947261810303, ""completed"": true}"
129,50160,S7,S9,"{""agreement"": 0.5262354016304016, ""completed"": true}"
129,50180,S11,S16,"{""agreement"": 0.8133639097213745, ""completed"": true}"
129,50180,S7,S9,"{""agreement"": 0.2295011281967163, ""completed"": true}"
129,50200,S11,S16,"{""agreement"": 0.33504974842071533, ""completed"": true}"
129,50200,S7,S9,"{""agreement"": -0.6162118911743164, ""completed"": true}"
129,50220,S11,S16,"{""agreement"": 0.810887336730957, ""completed"": true}"
129,50220,S7,S9,"{""agreement"": -0.04859010502696037, ""completed"": true}"
129,50240,S11,S16,"{""agreement"": -0.010398280806839466, ""completed"": true}"
129,50260,S11,S16,"{""agreement"": 0.814021110534668, ""completed"": true}"
129,50280,S11,S16,"{""agreement"": 0.5832587480545044, ""completed"": true}"
129,50300,S11,S16,"{""agreement"": 0.35288578271865845, ""completed"": true}"
129,50320,S11,S16,"{""agreement"": -0.4371905028820038, ""completed"": true}"
129,50340,S11,S16,"{""agreement"": 0.8723401427268982, ""completed"": true}"
129,50360,S11,S16,"{""agreement"": 0.6800528764724731, ""completed"": true}"
129,50380,S11,S16,"{""agreement"": 0.32183438539505005, ""completed"": true}"
129,50400,S11,S16,"{""agreement"": 0.6662729978561401, ""completed"": true}"
129,50420,S11,S16,"{""agreement"": -0.824429988861084, ""completed"": true}"
129,50440,S11,S16,"{""agreement"": -0.023733997717499733, ""completed"": true}"
129,50460,S11,S16,"{""agreement"": 0.45334964990615845, ""completed"": true}"
129,50480,S11,S16,"{""agreement"": 0.392372727394104, ""completed"": true}"
129,50500,S11,S16,"{""agreement"": 0.24379831552505493, ""completed"": true}"
129,50520,S11,S16,"{""agreement"": -0.15194259583950043, ""completed"": true}"
129,50540,S11,S16,"{""agreement"": 0.374776154756546, ""completed"": true}"
129,50560,S11,S16,"{""agreement"": -0.613529622554779, ""completed"": true}"
129,50580,S11,S16,"{""agreement"": 0.526524007320404, ""completed"": true}"
129,50600,S11,S16,"{""agreement"": -0.002607647329568863, ""completed"": true}"
129,50620,S11,S16,"{""agreement"": 0.11932959407567978, ""completed"": true}"
129,50640,S11,S16,"{""agreement"": 0.3692234456539154, ""completed"": true}"
129,50660,S11,S16,"{""agreement"": 0.3846284747123718, ""completed"": true}"
129,50680,S11,S16,"{""agreement"": -0.17699486017227173, ""completed"": true}"
129,50700,S11,S16,"{""agreement"": 0.506385326385498, ""completed"": true}"
129,50720,S11,S16,"{""agreement"": 0.29789915680885315, ""completed"": true}"
129,50740,S11,S16,"{""agreement"": 0.25493791699409485, ""completed"": true}"
129,50760,S11,S16,"{""agreement"": -0.053366463631391525, ""completed"": true}"
129,50780,S11,S16,"{""agreement"": 0.1092858761548996, ""completed"": true}"
129,50800,S11,S16,"{""agreement"": 0.032588694244623184, ""completed"": true}"
129,50820,S11,S16,"{""agreement"": -0.5058517456054688, ""completed"": true}"
129,50840,S11,S16,"{""agreement"": -0.49216294288635254, ""completed"": true}"
129,51660,S13,S9,"{""agreement"": 0.5480138063430786, ""completed"": true}"
129,51680,S13,S9,"{""agreement"": 0.6144503355026245, ""completed"": true}"
129,51700,S13,S9,"{""agreement"": -0.23640772700309753, ""completed"": true}"
129,51720,S7,S11,"{""agreement"": -0.5308912992477417, ""completed"": true}"
129,51720,S11,S7,"{""agreement"": 0.8174684047698975, ""completed"": true}"
129,51720,S13,S9,"{""agreement"": -0.8877395987510681, ""completed"": true}"
129,51740,S7,S11,"{""agreement"": -0.11365669965744019, ""completed"": true}"
129,51740,S11,S7,"{""agreement"": 0.8981154561042786, ""completed"": true}"
129,51760,S7,S11,"{""agreement"": -0.8859984874725342, ""completed"": true}"
129,51760,S11,S7,"{""agreement"": 0.7353970408439636, ""completed"": true}"
129,51780,S11,S7,"{""agreement"": -0.08988864719867706, ""completed"": true}"
129,51800,S11,S7,"{""agreement"": -0.1988098919391632, ""completed"": true}"
129,51820,S11,S7,"{""agreement"": -0.49960142374038696, ""completed"": true}"
129,51920,S7,S6,"{""agreement"": 0.12872424721717834, ""completed"": true}"
129,51920,S6,S7,"{""agreement"": -0.40406161546707153, ""completed"": true}"
129,51940,S7,S6,"{""agreement"": 0.6665246486663818, ""completed"": true}"
129,51940,S6,S7,"{""agreement"": 0.8163197040557861, ""completed"": true}"
129,51980,S6,S9,"{""agreement"": -0.21475693583488464, ""completed"": true}"
129,52000,S6,S9,"{""agreement"": 0.2908511757850647, ""completed"": true}"
129,52020,S6,S9,"{""agreement"": 0.3832872807979584, ""completed"": true}"
129,52040,S6,S9,"{""agreement"": -0.4004195034503937, ""completed"": true}"
129,52060,S6,S9,"{""agreement"": 0.2695886194705963, ""completed"": true}"
129,52080,S6,S9,"{""agreement"": 0.5055476427078247, ""completed"": true}"
129,52100,S6,S9,"{""agreement"": -0.2720729410648346, ""completed"": true}"
129,52120,S6,S9,"{""agreement"": 0.17050589621067047, ""completed"": true}"
129,52140,S6,S9,"{""agreement"": 0.8759461045265198, ""completed"": true}"
129,52160,S6,S9,"{""agreement"": 0.6269735097885132, ""completed"": true}"
129,52180,S6,S9,"{""agreement"": -0.3934206962585449, ""completed"": true}"
129,52200,S6,S9,"{""agreement"": 0.18695104122161865, ""completed"": true}"
129,52220,S6,S9,"{""agreement"": 0.4412273168563843, ""completed"": true}"
129,52240,S6,S9,"{""agreement"": 0.6402077674865723, ""completed"": true}"
129,52260,S6,S9,"{""agreement"": 0.08733204752206802, ""completed"": true}"
129,52280,S6,S9,"{""agreement"": 0.46168607473373413, ""completed"": true}"
129,52300,S6,S9,"{""agreement"": 0.5861948728561401, ""completed"": true}"
129,52320,S6,S9,"{""agreement"": -0.02642242982983589, ""completed"": true}"
129,52340,S6,S9,"{""agreement"": 0.3598558306694031, ""completed"": true}"
129,52360,S6,S9,"{""agreement"": 0.8927187919616699, ""completed"": true}"
129,52720,S3,S13,"{""agreement"": 0.7036840319633484, ""completed"": true}"
129,53000,S6,S11,"{""agreement"": 0.8890528678894043, ""completed"": true}"
129,53000,S11,S6,"{""agreement"": -0.10556340962648392, ""completed"": true}"
129,53020,S6,S11,"{""agreement"": 0.29461219906806946, ""completed"": true}"
129,53020,S11,S6,"{""agreement"": 0.6283140778541565, ""completed"": true}"
129,53040,S6,S11,"{""agreement"": -0.5262806415557861, ""completed"": true}"
129,53040,S11,S6,"{""agreement"": 0.21402005851268768, ""completed"": true}"
129,53180,S8,S11,"{""agreement"": 0.36317771673202515, ""completed"": true}"
129,53200,S8,S11,"{""agreement"": 0.7985377907752991, ""completed"": true}"
129,53220,S8,S11,"{""agreement"": 0.6478168368339539, ""completed"": true}"
129,53240,S8,S11,"{""agreement"": -0.9106787443161011, ""completed"": true}"
129,53260,S8,S11,"{""agreement"": -0.6344952583312988, ""completed"": true}"
129,53280,S8,S11,"{""agreement"": -0.7457175254821777, ""completed"": true}"
129,53300,S8,S11,"{""agreement"": 0.28420430421829224, ""completed"": true}"
129,53320,S8,S11,"{""agreement"": 0.5975430607795715, ""completed"": true}"
129,53340,S8,S11,"{""agreement"": 0.6991439461708069, ""completed"": true}"
129,53360,S7,S15,"{""agreement"": 0.562097430229187, ""completed"": true}"
129,53360,S8,S11,"{""agreement"": -0.6771075129508972, ""completed"": true}"
129,53380,S7,S15,"{""agreement"": 0.5426312685012817, ""completed"": true}"
129,53380,S8,S11,"{""agreement"": 0.31666478514671326, ""completed"": true}"
129,53400,S7,S15,"{""agreement"": -0.46637773513793945, ""completed"": true}"
129,53400,S8,S11,"{""agreement"": -0.9235333204269409, ""completed"": true}"
129,53420,S7,S15,"{""agreement"": -0.2611623704433441, ""completed"": true}"
129,53420,S8,S11,"{""agreement"": 0.602741539478302, ""completed"": true}"
129,53440,S7,S15,"{""agreement"": -0.8100407719612122, ""completed"": true}"
129,53440,S8,S11,"{""agreement"": -0.20422369241714478, ""completed"": true}"
129,53460,S8,S11,"{""agreement"": -0.2712715268135071, ""completed"": true}"
129,53480,S8,S11,"{""agreement"": 0.14168360829353333, ""completed"": true}"
129,53500,S8,S11,"{""agreement"": 0.2014961689710617, ""completed"": true}"
129,53520,S8,S11,"{""agreement"": 0.3801214098930359, ""completed"": true}"
129,53540,S8,S11,"{""agreement"": 0.46629977226257324, ""completed"": true}"
129,53560,S6,S5,"{""agreement"": 0.49029284715652466, ""completed"": true}"
129,53560,S8,S11,"{""agreement"": -0.7606688141822815, ""completed"": true}"
129,53580,S6,S5,"{""agreement"": 0.22185193002223969, ""completed"": true}"
129,53580,S8,S11,"{""agreement"": -0.03802257031202316, ""completed"": true}"
129,53600,S6,S5,"{""agreement"": -0.5746020078659058, ""completed"": true}"
129,53620,S6,S5,"{""agreement"": 0.3933822512626648, ""completed"": true}"
129,53640,S6,S5,"{""agreement"": 0.7676151394844055, ""completed"": true}"
129,53660,S6,S5,"{""agreement"": 0.70058274269104, ""completed"": true}"
129,53680,S6,S5,"{""agreement"": 0.9464335441589355, ""completed"": true}"
129,53700,S6,S5,"{""agreement"": 0.348947674036026, ""completed"": true}"
129,53720,S6,S5,"{""agreement"": -0.7645334005355835, ""completed"": true}"
129,53740,S6,S5,"{""agreement"": 0.6646986603736877, ""completed"": true}"
129,53760,S6,S5,"{""agreement"": -0.6523043513298035, ""completed"": true}"
129,53780,S6,S5,"{""agreement"": -0.9167379140853882, ""completed"": true}"
129,54520,S7,S6,"{""agreement"": -0.2917635142803192, ""completed"": true}"
129,54520,S6,S7,"{""agreement"": 0.5293240547180176, ""completed"": true}"
129,57740,S7,S6,"{""agreement"": -0.4624375104904175, ""completed"": true}"
129,57740,S6,S7,"{""agreement"": -0.016857901588082314, ""completed"": true}"
129,57760,S7,S6,"{""agreement"": -0.055026449263095856, ""completed"": true}"
129,57760,S6,S7,"{""agreement"": -0.4776495099067688, ""completed"": true}"
129,57780,S7,S6,"{""agreement"": -0.40923207998275757, ""completed"": true}"
129,57780,S6,S7,"{""agreement"": 0.04040337726473808, ""completed"": true}"
129,57800,S7,S6,"{""agreement"": 0.41256988048553467, ""completed"": true}"
129,57800,S6,S7,"{""agreement"": -0.10269199311733246, ""completed"": true}"
129,57820,S7,S6,"{""agreement"": 0.516545832157135, ""completed"": true}"
129,57820,S6,S7,"{""agreement"": 0.6606659293174744, ""completed"": true}"
129,57840,S7,S6,"{""agreement"": 0.2132495790719986, ""completed"": true}"
129,57840,S6,S7,"{""agreement"": -0.20853514969348907, ""completed"": true}"
129,57840,S11,S7,"{""agreement"": 0.9654070734977722, ""completed"": true}"
129,57860,S7,S6,"{""agreement"": -0.0846627950668335, ""completed"": true}"
129,57860,S6,S7,"{""agreement"": 0.4544718861579895, ""completed"": true}"
129,57880,S7,S6,"{""agreement"": 0.7924677133560181, ""completed"": true}"
129,57880,S6,S7,"{""agreement"": 0.5356971621513367, ""completed"": true}"
129,57900,S7,S6,"{""agreement"": 0.8048282861709595, ""completed"": true}"
129,57900,S6,S7,"{""agreement"": 0.5693048238754272, ""completed"": true}"
129,57920,S7,S6,"{""agreement"": -0.45138314366340637, ""completed"": true}"
129,57920,S6,S7,"{""agreement"": -0.05790114775300026, ""completed"": true}"
129,58160,S3,S13,"{""agreement"": -0.7831760048866272, ""completed"": true}"
129,58180,S3,S13,"{""agreement"": -0.911296546459198, ""completed"": true}"
129,58200,S3,S13,"{""agreement"": 0.7827335000038147, ""completed"": true}"
129,58220,S3,S13,"{""agreement"": -0.4716218411922455, ""completed"": true}"
129,58240,S3,S13,"{""agreement"": -0.8427004218101501, ""completed"": true}"
129,59160,S15,S9,"{""agreement"": 0.37361088395118713, ""completed"": true}"
129,59180,S15,S9,"{""agreement"": 0.04890618473291397, ""completed"": true}"
129,59200,S15,S9,"{""agreement"": -0.7608886957168579, ""completed"": true}"
129,59220,S15,S9,"{""agreement"": -0.6190842390060425, ""completed"": true}"
129,61600,S16,S6,"{""agreement"": 0.5000094771385193, ""completed"": true}"
129,61620,S16,S6,"{""agreement"": 0.2392483800649643, ""completed"": true}"
129,61640,S16,S6,"{""agreement"": -0.36307960748672485, ""completed"": true}"
129,61660,S16,S6,"{""agreement"": 0.9316540956497192, ""completed"": true}"
129,61680,S16,S6,"{""agreement"": -0.7892724275588989, ""completed"": true}"
129,61700,S16,S6,"{""agreement"": -0.2729123830795288, ""completed"": true}"
129,62040,S16,S7,"{""agreement"": 0.6956766247749329, ""completed"": true}"
129,62060,S16,S7,"{""agreement"": 0.6382085084915161, ""completed"": true}"
129,62080,S16,S7,"{""agreement"": 0.8137520551681519, ""completed"": true}"
129,62100,S16,S7,"{""agreement"": 0.5161884427070618, ""completed"": true}"
129,62120,S16,S7,"{""agreement"": 0.9585754871368408, ""completed"": true}"
129,62140,S16,S7,"{""agreement"": -0.3640736937522888, ""completed"": true}"
129,62160,S16,S7,"{""agreement"": 0.13914546370506287, ""completed"": true}"
129,62180,S16,S7,"{""agreement"": 0.5933824777603149, ""completed"": true}"
129,62200,S16,S7,"{""agreement"": -0.7161682844161987, ""completed"": true}"
129,62220,S16,S7,"{""agreement"": 0.44291770458221436, ""completed"": true}"
129,62240,S16,S7,"{""agreement"": 0.8693910241127014, ""completed"": true}"
129,62260,S16,S7,"{""agreement"": 0.7508372068405151, ""completed"": true}"
129,62420,S16,S5,"{""agreement"": -0.20707198977470398, ""completed"": true}"
129,62440,S16,S5,"{""agreement"": 0.6128970384597778, ""completed"": true}"
129,62460,S16,S5,"{""agreement"": 0.623978316783905, ""completed"": true}"
129,62480,S16,S7,"{""agreement"": 0.8133693933486938, ""completed"": true}"
129,62500,S16,S7,"{""agreement"": 0.31348860263824463, ""completed"": true}"
129,62520,S16,S7,"{""agreement"": -0.4261222779750824, ""completed"": true}"
129,62540,S16,S5,"{""agreement"": 0.96175217628479, ""completed"": true}"
129,62560,S16,S5,"{""agreement"": 0.7823149561882019, ""completed"": true}"
129,62580,S16,S5,"{""agreement"": -0.4352334141731262, ""completed"": true}"
129,62600,S16,S5,"{""agreement"": -0.9141682982444763, ""completed"": true}"
129,62620,S16,S5,"{""agreement"": -0.4862487018108368, ""completed"": true}"
129,62640,S16,S5,"{""agreement"": 0.8885843753814697, ""completed"": true}"
129,62660,S16,S5,"{""agreement"": 0.07371210306882858, ""completed"": true}"
129,62680,S16,S5,"{""agreement"": -0.04124617204070091, ""completed"": true}"
129,62700,S16,S5,"{""agreement"": 0.3485044836997986, ""completed"": true}"
129,62720,S16,S5,"{""agreement"": -0.606819748878479, ""completed"": true}"
129,62740,S16,S5,"{""agreement"": -0.8206417560577393, ""completed"": true}"
129,63220,S8,S6,"{""agreement"": 0.19321879744529724, ""completed"": true}"
129,63240,S8,S6,"{""agreement"": -0.60630863904953, ""completed"": true}"
129,66580,S6,S5,"{""agreement"": -0.30700936913490295, ""completed"": true}"
129,66700,S6,S9,"{""agreement"": -0.36683326959609985, ""completed"": true}"
129,66720,S6,S9,"{""agreement"": -0.2774798274040222, ""completed"": true}"
129,66740,S6,S9,"{""agreement"": 0.42565983533859253, ""completed"": true}"
129,66760,S6,S9,"{""agreement"": -0.26469868421554565, ""completed"": true}"
129,66780,S6,S9,"{""agreement"": 0.3955191969871521, ""completed"": true}"
129,67760,S7,S6,"{""agreement"": 0.5703970789909363, ""completed"": true}"
129,67760,S6,S7,"{""agreement"": 0.21111169457435608, ""completed"": true}"
129,68180,S7,S6,"{""agreement"": 0.4334366023540497, ""completed"": true}"
129,68180,S6,S7,"{""agreement"": -0.8068786263465881, ""completed"": true}"
129,68200,S7,S6,"{""agreement"": 0.20037709176540375, ""completed"": true}"
129,68200,S6,S7,"{""agreement"": -0.7904146909713745, ""completed"": true}"
129,68220,S7,S6,"{""agreement"": -0.2569967806339264, ""completed"": true}"
129,68240,S7,S6,"{""agreement"": -0.49823909997940063, ""completed"": true}"
129,68260,S7,S6,"{""agreement"": -0.47703495621681213, ""completed"": true}"
129,68280,S7,S6,"{""agreement"": -0.40298765897750854, ""completed"": true}"
129,69340,S7,S9,"{""agreement"": 0.5530291199684143, ""completed"": true}"
129,69360,S7,S9,"{""agreement"": -0.5570923089981079, ""completed"": true}"
129,69380,S7,S9,"{""agreement"": 0.40345561504364014, ""completed"": true}"
129,69400,S7,S9,"{""agreement"": 0.6428033113479614, ""completed"": true}"
129,69420,S7,S9,"{""agreement"": 0.3348378539085388, ""completed"": true}"
129,69440,S7,S9,"{""agreement"": -0.6853682398796082, ""completed"": true}"
129,69460,S7,S9,"{""agreement"": -0.6628311276435852, ""completed"": true}"
129,69480,S7,S9,"{""agreement"": 0.325865238904953, ""completed"": true}"
129,71100,S16,S7,"{""agreement"": 0.7123900651931763, ""completed"": true}"
129,71120,S16,S7,"{""agreement"": -0.38306277990341187, ""completed"": true}"
129,71140,S16,S7,"{""agreement"": -0.7538894414901733, ""completed"": true}"
129,71160,S16,S7,"{""agreement"": 0.18132367730140686, ""completed"": true}"
129,71300,S6,S9,"{""agreement"": 0.37789905071258545, ""completed"": true}"
129,71660,S11,S7,"{""agreement"": -0.6199432611465454, ""completed"": true}"
129,71680,S11,S7,"{""agreement"": -0.7499281167984009, ""completed"": true}"
129,71700,S11,S7,"{""agreement"": 0.6901558637619019, ""completed"": true}"
129,71720,S11,S7,"{""agreement"": -0.9428484439849854, ""completed"": true}"
129,71740,S7,S9,"{""agreement"": 0.21650582551956177, ""completed"": true}"
129,71740,S11,S7,"{""agreement"": -0.07082001119852066, ""completed"": true}"
129,71760,S7,S9,"{""agreement"": 0.39262139797210693, ""completed"": true}"
129,71760,S11,S7,"{""agreement"": -0.6272232532501221, ""completed"": true}"
129,71780,S7,S9,"{""agreement"": -0.6825025677680969, ""completed"": true}"
129,71800,S7,S9,"{""agreement"": 0.19366472959518433, ""completed"": true}"
129,71820,S7,S9,"{""agreement"": 0.11695268005132675, ""completed"": true}"
129,71840,S7,S9,"{""agreement"": 0.6858116984367371, ""completed"": true}"
129,71860,S7,S9,"{""agreement"": 0.5129721164703369, ""completed"": true}"
129,72100,S6,S9,"{""agreement"": -0.18376369774341583, ""completed"": true}"
129,72120,S6,S9,"{""agreement"": 0.7491433024406433, ""completed"": true}"
129,72140,S6,S9,"{""agreement"": 0.44439706206321716, ""completed"": true}"
129,72160,S6,S9,"{""agreement"": -0.4895661771297455, ""completed"": true}"
129,72180,S6,S9,"{""agreement"": 0.32552370429039, ""completed"": true}"
129,72740,S11,S3,"{""agreement"": 0.8102062940597534, ""completed"": true}"
129,72760,S11,S3,"{""agreement"": 0.8497665524482727, ""completed"": true}"
129,72780,S11,S3,"{""agreement"": -0.05421145632863045, ""completed"": true}"
129,72800,S11,S3,"{""agreement"": 0.6058821082115173, ""completed"": true}"
129,72820,S11,S3,"{""agreement"": 0.6933289766311646, ""completed"": true}"
129,72840,S11,S3,"{""agreement"": 0.5502166748046875, ""completed"": true}"
129,72860,S11,S3,"{""agreement"": -0.05387713760137558, ""completed"": true}"
129,72920,S16,S6,"{""agreement"": -0.5071730613708496, ""completed"": true}"
129,73660,S13,S5,"{""agreement"": 0.7991006374359131, ""completed"": true}"
129,73680,S13,S5,"{""agreement"": -0.9535080194473267, ""completed"": true}"
129,73700,S13,S5,"{""agreement"": -0.9564485549926758, ""completed"": true}"
129,73840,S6,S11,"{""agreement"": -0.9223793745040894, ""completed"": true}"
129,73840,S11,S6,"{""agreement"": 0.30046817660331726, ""completed"": true}"
129,73860,S11,S6,"{""agreement"": 0.23877902328968048, ""completed"": true}"
129,73880,S11,S6,"{""agreement"": 0.7282469272613525, ""completed"": true}"
129,73900,S11,S6,"{""agreement"": -0.2592277228832245, ""completed"": true}"
129,73920,S11,S6,"{""agreement"": 0.3363436162471771, ""completed"": true}"
129,73940,S11,S6,"{""agreement"": 0.4437107443809509, ""completed"": true}"
129,73960,S11,S6,"{""agreement"": -0.5096604824066162, ""completed"": true}"
129,73980,S11,S6,"{""agreement"": -0.32105350494384766, ""completed"": true}"
129,74000,S11,S6,"{""agreement"": 0.41535237431526184, ""completed"": true}"
129,74020,S11,S6,"{""agreement"": 0.6677020192146301, ""completed"": true}"
129,74040,S11,S6,"{""agreement"": 0.6988831162452698, ""completed"": true}"
129,74060,S11,S6,"{""agreement"": -0.27437496185302734, ""completed"": true}"
129,75140,S7,S9,"{""agreement"": -0.9290738105773926, ""completed"": true}"
129,75160,S7,S9,"{""agreement"": -0.7396156787872314, ""completed"": true}"
129,75560,S9,S11,"{""agreement"": 0.02944859489798546, ""completed"": true}"
129,75580,S9,S11,"{""agreement"": -0.04137416183948517, ""completed"": true}"
129,75600,S9,S11,"{""agreement"": -0.5696629285812378, ""completed"": true}"
129,83100,S16,S6,"{""agreement"": -0.06419391930103302, ""completed"": true}"
129,83100,S6,S16,"{""agreement"": 0.3365120589733124, ""completed"": true}"
129,83120,S16,S6,"{""agreement"": -0.4541186988353729, ""completed"": true}"
129,83120,S6,S16,"{""agreement"": -0.08979158848524094, ""completed"": true}"
129,83140,S6,S16,"{""agreement"": 0.010083064436912537, ""completed"": true}"
129,83160,S6,S16,"{""agreement"": 0.8025830984115601, ""completed"": true}"
129,83180,S6,S16,"{""agreement"": 0.23367975652217865, ""completed"": true}"
129,83180,S8,S11,"{""agreement"": 0.9099017977714539, ""completed"": true}"
129,83200,S6,S16,"{""agreement"": 0.10708466917276382, ""completed"": true}"
129,83200,S8,S11,"{""agreement"": -0.600797712802887, ""completed"": true}"
129,83220,S6,S16,"{""agreement"": -0.53400057554245, ""completed"": true}"
129,83220,S8,S11,"{""agreement"": 0.5489881038665771, ""completed"": true}"
129,83240,S6,S16,"{""agreement"": 0.8870774507522583, ""completed"": true}"
129,83240,S8,S11,"{""agreement"": -0.36552414298057556, ""completed"": true}"
129,83260,S6,S16,"{""agreement"": 0.9031698107719421, ""completed"": true}"
129,83260,S8,S11,"{""agreement"": 0.8876957297325134, ""completed"": true}"
129,83280,S6,S16,"{""agreement"": -0.8465564846992493, ""completed"": true}"
129,83300,S6,S16,"{""agreement"": 0.6963179111480713, ""completed"": true}"
129,83320,S6,S16,"{""agreement"": -0.23225544393062592, ""completed"": true}"
129,83340,S6,S16,"{""agreement"": 0.8280510902404785, ""completed"": true}"
129,84200,S6,S16,"{""agreement"": -0.02116851694881916, ""completed"": true}"
129,84220,S6,S16,"{""agreement"": -0.5892835259437561, ""completed"": true}"
129,84240,S6,S16,"{""agreement"": -0.7593355774879456, ""completed"": true}"
56,160,S16,S8,"{""agreement"": 0.7544243335723877, ""completed"": true}"
56,160,S8,S16,"{""agreement"": 0.2273457944393158, ""completed"": true}"
56,160,S9,S16,"{""agreement"": 0.8043479323387146, ""completed"": true}"
56,180,S16,S8,"{""agreement"": 0.6857282519340515, ""completed"": true}"
56,180,S8,S16,"{""agreement"": 0.8448760509490967, ""completed"": true}"
56,180,S9,S16,"{""agreement"": 0.7164459824562073, ""completed"": true}"
56,200,S16,S8,"{""agreement"": 0.8958271741867065, ""completed"": true}"
56,200,S8,S16,"{""agreement"": 0.680423378944397, ""completed"": true}"
56,200,S9,S16,"{""agreement"": 0.23808085918426514, ""completed"": true}"
56,220,S16,S8,"{""agreement"": 0.6452354788780212, ""completed"": true}"
56,220,S8,S16,"{""agreement"": 0.8415287137031555, ""completed"": true}"
56,220,S9,S16,"{""agreement"": 0.5819600224494934, ""completed"": true}"
56,240,S16,S8,"{""agreement"": 0.7351815104484558, ""completed"": true}"
56,240,S8,S16,"{""agreement"": 0.4411916434764862, ""completed"": true}"
56,240,S9,S16,"{""agreement"": 0.8302639722824097, ""completed"": true}"
56,260,S16,S8,"{""agreement"": 0.5291720628738403, ""completed"": true}"
56,260,S8,S16,"{""agreement"": 0.8296074271202087, ""completed"": true}"
56,260,S9,S16,"{""agreement"": -0.005386831238865852, ""completed"": true}"
56,280,S16,S8,"{""agreement"": 0.385724812746048, ""completed"": true}"
56,280,S8,S16,"{""agreement"": 0.34071409702301025, ""completed"": true}"
56,280,S9,S16,"{""agreement"": 0.5337793827056885, ""completed"": true}"
56,300,S16,S8,"{""agreement"": 0.2766708731651306, ""completed"": true}"
56,300,S8,S16,"{""agreement"": 0.08835778385400772, ""completed"": true}"
56,300,S9,S16,"{""agreement"": 0.5759657025337219, ""completed"": true}"
56,320,S16,S8,"{""agreement"": -0.4121868312358856, ""completed"": true}"
56,320,S8,S16,"{""agreement"": 0.17877690494060516, ""completed"": true}"
56,320,S9,S16,"{""agreement"": 0.795289933681488, ""completed"": true}"
56,340,S16,S8,"{""agreement"": 0.09291259944438934, ""completed"": true}"
56,340,S8,S16,"{""agreement"": -0.7537169456481934, ""completed"": true}"
56,340,S9,S16,"{""agreement"": -0.2303360402584076, ""completed"": true}"
56,360,S16,S9,"{""agreement"": 0.33613163232803345, ""completed"": true}"
56,360,S8,S16,"{""agreement"": -0.06807446479797363, ""completed"": true}"
56,360,S9,S16,"{""agreement"": 0.8436433672904968, ""completed"": true}"
56,380,S16,S8,"{""agreement"": -0.0633404403924942, ""completed"": true}"
56,380,S8,S16,"{""agreement"": -0.26170259714126587, ""completed"": true}"
56,380,S9,S16,"{""agreement"": -0.5749903321266174, ""completed"": true}"
56,400,S16,S9,"{""agreement"": 0.5818279385566711, ""completed"": true}"
56,400,S8,S16,"{""agreement"": 0.0863233283162117, ""completed"": true}"
56,400,S9,S16,"{""agreement"": 0.28744664788246155, ""completed"": true}"
56,400,S13,S5,"{""agreement"": 0.92474764585495, ""completed"": true}"
56,400,S5,S13,"{""agreement"": 0.5641198754310608, ""completed"": true}"
56,420,S16,S9,"{""agreement"": 0.6487386226654053, ""completed"": true}"
56,420,S8,S16,"{""agreement"": -0.04503217339515686, ""completed"": true}"
56,420,S9,S16,"{""agreement"": 0.48062846064567566, ""completed"": true}"
56,420,S13,S5,"{""agreement"": 0.706929624080658, ""completed"": true}"
56,420,S5,S13,"{""agreement"": 0.6383504271507263, ""completed"": true}"
56,440,S16,S9,"{""agreement"": -0.3718368709087372, ""completed"": true}"
56,440,S9,S16,"{""agreement"": -0.08331848680973053, ""completed"": true}"
56,460,S16,S9,"{""agreement"": 0.016766276210546494, ""completed"": true}"
56,460,S9,S16,"{""agreement"": 0.6373516917228699, ""completed"": true}"
56,480,S16,S9,"{""agreement"": 0.07948435097932816, ""completed"": true}"
56,480,S9,S16,"{""agreement"": 0.5176732540130615, ""completed"": true}"
56,500,S16,S9,"{""agreement"": 0.6840643882751465, ""completed"": true}"
56,500,S9,S16,"{""agreement"": 0.13945908844470978, ""completed"": true}"
56,520,S16,S9,"{""agreement"": -0.22037726640701294, ""completed"": true}"
56,520,S9,S16,"{""agreement"": 0.3732631504535675, ""completed"": true}"
56,540,S16,S9,"{""agreement"": 0.9572781324386597, ""completed"": true}"
56,540,S9,S16,"{""agreement"": 0.8545130491256714, ""completed"": true}"
56,560,S16,S9,"{""agreement"": -0.012401922605931759, ""completed"": true}"
56,560,S9,S16,"{""agreement"": -0.41633105278015137, ""completed"": true}"
56,580,S16,S9,"{""agreement"": 0.39445212483406067, ""completed"": true}"
56,580,S9,S16,"{""agreement"": 0.17557063698768616, ""completed"": true}"
56,600,S16,S9,"{""agreement"": 0.2978026568889618, ""completed"": true}"
56,600,S9,S16,"{""agreement"": 0.3696039617061615, ""completed"": true}"
56,620,S16,S9,"{""agreement"": 0.9162898063659668, ""completed"": true}"
56,620,S9,S16,"{""agreement"": -0.2989308834075928, ""completed"": true}"
56,640,S16,S9,"{""agreement"": 0.7953615188598633, ""completed"": true}"
56,640,S9,S16,"{""agreement"": 0.1796857863664627, ""completed"": true}"
56,700,S3,S6,"{""agreement"": 0.9226926565170288, ""completed"": true}"
56,700,S6,S3,"{""agreement"": 0.6382537484169006, ""completed"": true}"
56,720,S3,S6,"{""agreement"": -0.27305424213409424, ""completed"": true}"
56,720,S6,S3,"{""agreement"": 0.47945085167884827, ""completed"": true}"
56,740,S3,S6,"{""agreement"": 0.6312675476074219, ""completed"": true}"
56,740,S6,S3,"{""agreement"": 0.6865400671958923, ""completed"": true}"
56,760,S3,S6,"{""agreement"": 0.5426262617111206, ""completed"": true}"
56,760,S6,S3,"{""agreement"": 0.921256959438324, ""completed"": true}"
56,760,S7,S5,"{""agreement"": 0.3560645878314972, ""completed"": true}"
56,760,S5,S7,"{""agreement"": 0.8510217666625977, ""completed"": true}"
56,780,S3,S6,"{""agreement"": -0.19921697676181793, ""completed"": true}"
56,780,S6,S3,"{""agreement"": 0.667762041091919, ""completed"": true}"
56,780,S7,S5,"{""agreement"": 0.7507128119468689, ""completed"": true}"
56,780,S5,S7,"{""agreement"": 0.5513573884963989, ""completed"": true}"
56,800,S3,S6,"{""agreement"": -0.7817638516426086, ""completed"": true}"
56,800,S6,S3,"{""agreement"": 0.9597969055175781, ""completed"": true}"
56,800,S7,S5,"{""agreement"": 0.769134521484375, ""completed"": true}"
56,800,S5,S7,"{""agreement"": 0.25445789098739624, ""completed"": true}"
56,820,S3,S6,"{""agreement"": 0.7124914526939392, ""completed"": true}"
56,820,S6,S3,"{""agreement"": 0.7014320492744446, ""completed"": true}"
56,820,S7,S5,"{""agreement"": 0.6292411088943481, ""completed"": true}"
56,820,S5,S7,"{""agreement"": 0.08110809326171875, ""completed"": true}"
56,840,S7,S5,"{""agreement"": 0.24599550664424896, ""completed"": true}"
56,840,S5,S7,"{""agreement"": 0.7200500965118408, ""completed"": true}"
56,860,S3,S5,"{""agreement"": 0.9385413527488708, ""completed"": true}"
56,860,S5,S7,"{""agreement"": 0.779812753200531, ""completed"": true}"
56,860,S7,S5,"{""agreement"": 0.5804794430732727, ""completed"": true}"
56,880,S3,S5,"{""agreement"": 0.46683698892593384, ""completed"": true}"
56,880,S5,S7,"{""agreement"": 0.6023324131965637, ""completed"": true}"
56,880,S7,S5,"{""agreement"": 0.6641835570335388, ""completed"": true}"
56,900,S3,S5,"{""agreement"": 0.7366611361503601, ""completed"": true}"
56,900,S5,S7,"{""agreement"": 0.49443677067756653, ""completed"": true}"
56,900,S7,S5,"{""agreement"": 0.5257141590118408, ""completed"": true}"
56,920,S3,S5,"{""agreement"": 0.7587847709655762, ""completed"": true}"
56,920,S5,S7,"{""agreement"": 0.012947904877364635, ""completed"": true}"
56,920,S7,S5,"{""agreement"": 0.5238751769065857, ""completed"": true}"
56,940,S3,S5,"{""agreement"": 0.0009080937597900629, ""completed"": true}"
56,940,S5,S7,"{""agreement"": 0.32836905121803284, ""completed"": true}"
56,940,S7,S5,"{""agreement"": -0.10824801027774811, ""completed"": true}"
56,960,S3,S5,"{""agreement"": 0.7838165163993835, ""completed"": true}"
56,960,S5,S7,"{""agreement"": -0.5647174119949341, ""completed"": true}"
56,960,S7,S5,"{""agreement"": 0.6601293087005615, ""completed"": true}"
56,980,S3,S5,"{""agreement"": 0.7139570713043213, ""completed"": true}"
56,980,S5,S3,"{""agreement"": 0.8523725867271423, ""completed"": true}"
56,980,S7,S5,"{""agreement"": 0.351839154958725, ""completed"": true}"
56,1000,S3,S5,"{""agreement"": 0.8185515999794006, ""completed"": true}"
56,1000,S5,S3,"{""agreement"": 0.8918412327766418, ""completed"": true}"
56,1000,S7,S5,"{""agreement"": 0.3410475254058838, ""completed"": true}"
56,1020,S3,S5,"{""agreement"": 0.8442968130111694, ""completed"": true}"
56,1020,S5,S3,"{""agreement"": 0.6822830438613892, ""completed"": true}"
56,1020,S7,S5,"{""agreement"": 0.4941701889038086, ""completed"": true}"
56,1040,S3,S5,"{""agreement"": 0.7793596386909485, ""completed"": true}"
56,1040,S5,S3,"{""agreement"": -0.1337505280971527, ""completed"": true}"
56,1040,S7,S5,"{""agreement"": 0.07293057441711426, ""completed"": true}"
56,1560,S6,S11,"{""agreement"": 0.6718500256538391, ""completed"": true}"
56,1560,S11,S6,"{""agreement"": 0.9721047878265381, ""completed"": true}"
56,1580,S6,S11,"{""agreement"": 0.053157225251197815, ""completed"": true}"
56,1580,S11,S6,"{""agreement"": 0.4570363163948059, ""completed"": true}"
56,1600,S6,S11,"{""agreement"": 0.1374155879020691, ""completed"": true}"
56,1600,S11,S6,"{""agreement"": 0.829004168510437, ""completed"": true}"
56,1620,S6,S11,"{""agreement"": -0.08632469177246094, ""completed"": true}"
56,1620,S11,S6,"{""agreement"": -0.5466233491897583, ""completed"": true}"
56,1640,S6,S11,"{""agreement"": 0.5480862259864807, ""completed"": true}"
56,1640,S11,S6,"{""agreement"": 0.6497864723205566, ""completed"": true}"
56,1660,S6,S11,"{""agreement"": 0.6563233733177185, ""completed"": true}"
56,1660,S11,S6,"{""agreement"": -0.5301087498664856, ""completed"": true}"
56,1680,S6,S11,"{""agreement"": -0.5206180810928345, ""completed"": true}"
56,1680,S11,S6,"{""agreement"": 0.8701260089874268, ""completed"": true}"
56,1700,S6,S11,"{""agreement"": -0.4461059868335724, ""completed"": true}"
56,1700,S11,S6,"{""agreement"": 0.8670802712440491, ""completed"": true}"
56,1720,S6,S11,"{""agreement"": 0.5698749423027039, ""completed"": true}"
56,1720,S11,S6,"{""agreement"": 0.9295918941497803, ""completed"": true}"
56,1740,S6,S11,"{""agreement"": 0.929233193397522, ""completed"": true}"
56,1740,S11,S6,"{""agreement"": -0.5299894213676453, ""completed"": true}"
56,1760,S6,S11,"{""agreement"": 0.4814288914203644, ""completed"": true}"
56,1760,S11,S6,"{""agreement"": 0.2403459995985031, ""completed"": true}"
56,1780,S6,S11,"{""agreement"": 0.1218499094247818, ""completed"": true}"
56,1780,S11,S7,"{""agreement"": 0.6757379174232483, ""completed"": true}"
56,1780,S7,S11,"{""agreement"": 0.680657148361206, ""completed"": true}"
56,1800,S6,S11,"{""agreement"": 0.9322254657745361, ""completed"": true}"
56,1800,S11,S6,"{""agreement"": -0.8879390954971313, ""completed"": true}"
56,1900,S7,S15,"{""agreement"": 0.7943924069404602, ""completed"": true}"
56,1900,S15,S7,"{""agreement"": 0.22195053100585938, ""completed"": true}"
56,1920,S7,S15,"{""agreement"": 0.6220203638076782, ""completed"": true}"
56,1920,S15,S7,"{""agreement"": 0.8477692604064941, ""completed"": true}"
56,1940,S7,S15,"{""agreement"": 0.4310033321380615, ""completed"": true}"
56,1940,S15,S7,"{""agreement"": 0.8480157256126404, ""completed"": true}"
56,2260,S11,S7,"{""agreement"": 0.7841393351554871, ""completed"": true}"
56,2260,S7,S11,"{""agreement"": 0.2959235608577728, ""completed"": true}"
56,2280,S11,S7,"{""agreement"": -0.14278744161128998, ""completed"": true}"
56,2280,S7,S11,"{""agreement"": 0.6305842399597168, ""completed"": true}"
56,2300,S11,S7,"{""agreement"": 0.676349401473999, ""completed"": true}"
56,2300,S7,S11,"{""agreement"": 0.3070037364959717, ""completed"": true}"
56,2320,S11,S7,"{""agreement"": 0.8334140777587891, ""completed"": true}"
56,2320,S7,S11,"{""agreement"": -0.37204527854919434, ""completed"": true}"
56,2340,S11,S7,"{""agreement"": 0.7132417559623718, ""completed"": true}"
56,2340,S7,S11,"{""agreement"": -0.6658940315246582, ""completed"": true}"
56,2360,S11,S7,"{""agreement"": -0.32153093814849854, ""completed"": true}"
56,2360,S7,S11,"{""agreement"": 0.5832486748695374, ""completed"": true}"
56,2420,S11,S9,"{""agreement"": 0.5798894762992859, ""completed"": true}"
56,2420,S9,S11,"{""agreement"": 0.7605876326560974, ""completed"": true}"
56,2440,S11,S9,"{""agreement"": -0.8900643587112427, ""completed"": true}"
56,2440,S9,S11,"{""agreement"": 0.06820756196975708, ""completed"": true}"
56,2460,S11,S9,"{""agreement"": 0.9529548287391663, ""completed"": true}"
56,2460,S9,S11,"{""agreement"": -0.05403139814734459, ""completed"": true}"
56,2480,S11,S9,"{""agreement"": 0.8397573828697205, ""completed"": true}"
56,2480,S9,S11,"{""agreement"": 0.15872204303741455, ""completed"": true}"
56,2500,S11,S9,"{""agreement"": 0.36333662271499634, ""completed"": true}"
56,2500,S9,S11,"{""agreement"": 0.912308931350708, ""completed"": true}"
56,2520,S11,S9,"{""agreement"": 0.819920539855957, ""completed"": true}"
56,2520,S9,S11,"{""agreement"": -0.6591619849205017, ""completed"": true}"
56,3100,S8,S9,"{""agreement"": 0.2811026871204376, ""completed"": true}"
56,3100,S9,S8,"{""agreement"": -0.15342028439044952, ""completed"": true}"
56,3200,S6,S7,"{""agreement"": -0.26100045442581177, ""completed"": true}"
56,3200,S7,S6,"{""agreement"": -0.07823485136032104, ""completed"": true}"
56,3220,S6,S7,"{""agreement"": 0.2661326825618744, ""completed"": true}"
56,3220,S7,S6,"{""agreement"": 0.1045868843793869, ""completed"": true}"
56,3240,S6,S7,"{""agreement"": -0.6506301760673523, ""completed"": true}"
56,3240,S7,S6,"{""agreement"": 0.25044339895248413, ""completed"": true}"
56,3260,S6,S7,"{""agreement"": 0.0028803555760532618, ""completed"": true}"
56,3260,S7,S6,"{""agreement"": 0.575597882270813, ""completed"": true}"
56,3280,S6,S7,"{""agreement"": 0.7273189425468445, ""completed"": true}"
56,3280,S7,S6,"{""agreement"": -0.5715126991271973, ""completed"": true}"
56,3300,S6,S7,"{""agreement"": 0.01633550599217415, ""completed"": true}"
56,3300,S7,S6,"{""agreement"": -0.45258066058158875, ""completed"": true}"
56,3320,S6,S7,"{""agreement"": 0.04695276916027069, ""completed"": true}"
56,3320,S7,S6,"{""agreement"": -0.8190610408782959, ""completed"": true}"
56,3340,S6,S7,"{""agreement"": -0.1353362798690796, ""completed"": true}"
56,3360,S6,S7,"{""agreement"": -0.04028590768575668, ""completed"": true}"
56,3380,S3,S9,"{""agreement"": -0.00816709827631712, ""completed"": true}"
56,3380,S9,S3,"{""agreement"": 0.5876091718673706, ""completed"": true}"
56,3380,S6,S7,"{""agreement"": 0.5041972398757935, ""completed"": true}"
56,3400,S3,S9,"{""agreement"": 0.8489692211151123, ""completed"": true}"
56,3400,S9,S3,"{""agreement"": 0.4526291787624359, ""completed"": true}"
56,3400,S6,S7,"{""agreement"": -0.406636118888855, ""completed"": true}"
56,3420,S3,S9,"{""agreement"": -0.6973142623901367, ""completed"": true}"
56,3420,S9,S3,"{""agreement"": 0.8200770616531372, ""completed"": true}"
56,3420,S6,S7,"{""agreement"": -0.48016592860221863, ""completed"": true}"
56,3440,S3,S9,"{""agreement"": 0.6397881507873535, ""completed"": true}"
56,3440,S9,S3,"{""agreement"": -0.515040934085846, ""completed"": true}"
56,3440,S6,S7,"{""agreement"": 0.6983532309532166, ""completed"": true}"
56,3460,S6,S7,"{""agreement"": 0.3204701244831085, ""completed"": true}"
56,3480,S6,S7,"{""agreement"": 0.26500430703163147, ""completed"": true}"
56,3500,S6,S7,"{""agreement"": 0.6812397241592407, ""completed"": true}"
56,3520,S6,S7,"{""agreement"": 0.44190603494644165, ""completed"": true}"
56,3540,S6,S7,"{""agreement"": 0.4062640964984894, ""completed"": true}"
56,3560,S6,S7,"{""agreement"": 0.9329782128334045, ""completed"": true}"
56,3580,S6,S7,"{""agreement"": 0.6112836003303528, ""completed"": true}"
56,3600,S6,S7,"{""agreement"": 0.8434288501739502, ""completed"": true}"
56,3600,S16,S6,"{""agreement"": 0.14551405608654022, ""completed"": true}"
56,3600,S8,S6,"{""agreement"": 0.4884131848812103, ""completed"": true}"
56,3620,S6,S7,"{""agreement"": 0.4616851210594177, ""completed"": true}"
56,3620,S16,S6,"{""agreement"": -0.061506837606430054, ""completed"": true}"
56,3620,S8,S6,"{""agreement"": 0.6491555571556091, ""completed"": true}"
56,3640,S6,S7,"{""agreement"": -0.16284151375293732, ""completed"": true}"
56,3640,S16,S6,"{""agreement"": 0.4305058717727661, ""completed"": true}"
56,3660,S6,S7,"{""agreement"": -0.09372586756944656, ""completed"": true}"
56,3660,S16,S6,"{""agreement"": 0.6547747850418091, ""completed"": true}"
56,3680,S6,S16,"{""agreement"": 0.21298488974571228, ""completed"": true}"
56,3680,S16,S6,"{""agreement"": -0.3189547061920166, ""completed"": true}"
56,3700,S6,S7,"{""agreement"": 0.7497932314872742, ""completed"": true}"
56,3700,S16,S6,"{""agreement"": 0.7661736011505127, ""completed"": true}"
56,3720,S6,S7,"{""agreement"": 0.6152504682540894, ""completed"": true}"
56,3720,S16,S6,"{""agreement"": -0.3080201745033264, ""completed"": true}"
56,3740,S6,S7,"{""agreement"": 0.3316175043582916, ""completed"": true}"
56,3740,S16,S6,"{""agreement"": 0.6631162166595459, ""completed"": true}"
56,3760,S6,S7,"{""agreement"": 0.5264517664909363, ""completed"": true}"
56,3760,S16,S6,"{""agreement"": 0.1668277531862259, ""completed"": true}"
56,3780,S6,S7,"{""agreement"": 0.7783441543579102, ""completed"": true}"
56,3800,S6,S7,"{""agreement"": 0.37092795968055725, ""completed"": true}"
56,3820,S6,S7,"{""agreement"": 0.02814490906894207, ""completed"": true}"
56,3840,S6,S7,"{""agreement"": 0.1045617014169693, ""completed"": true}"
56,4000,S13,S8,"{""agreement"": -0.6057316064834595, ""completed"": true}"
56,4000,S8,S13,"{""agreement"": 0.11234623938798904, ""completed"": true}"
56,4020,S13,S8,"{""agreement"": -0.5019479393959045, ""completed"": true}"
56,4020,S8,S13,"{""agreement"": -0.6385979056358337, ""completed"": true}"
56,4040,S8,S13,"{""agreement"": -0.2103872299194336, ""completed"": true}"
56,4060,S13,S8,"{""agreement"": 0.8978769183158875, ""completed"": true}"
56,4060,S8,S13,"{""agreement"": -0.31016767024993896, ""completed"": true}"
56,4080,S13,S8,"{""agreement"": 0.5735620260238647, ""completed"": true}"
56,4080,S8,S13,"{""agreement"": 0.15526363253593445, ""completed"": true}"
56,4360,S3,S13,"{""agreement"": 0.3699508309364319, ""completed"": true}"
56,4360,S13,S3,"{""agreement"": 0.9404582381248474, ""completed"": true}"
56,4380,S3,S13,"{""agreement"": 0.0170130617916584, ""completed"": true}"
56,4380,S13,S3,"{""agreement"": 0.7970535159111023, ""completed"": true}"
56,4400,S3,S13,"{""agreement"": 0.637649416923523, ""completed"": true}"
56,4400,S13,S3,"{""agreement"": 0.2922302186489105, ""completed"": true}"
56,4420,S3,S13,"{""agreement"": -0.05352140963077545, ""completed"": true}"
56,4420,S13,S3,"{""agreement"": 0.9394673705101013, ""completed"": true}"
56,4440,S3,S13,"{""agreement"": -0.11762083321809769, ""completed"": true}"
56,4440,S13,S3,"{""agreement"": 0.8158875703811646, ""completed"": true}"
56,4460,S3,S13,"{""agreement"": 0.6452761888504028, ""completed"": true}"
56,4460,S13,S3,"{""agreement"": 0.6174703240394592, ""completed"": true}"
56,4480,S3,S13,"{""agreement"": 0.6618269085884094, ""completed"": true}"
56,4480,S13,S3,"{""agreement"": 0.5795212984085083, ""completed"": true}"
56,4500,S3,S13,"{""agreement"": -0.49264979362487793, ""completed"": true}"
56,4500,S13,S3,"{""agreement"": 0.6796175241470337, ""completed"": true}"
56,4520,S3,S13,"{""agreement"": -0.11389268934726715, ""completed"": true}"
56,4520,S13,S3,"{""agreement"": 0.5786848068237305, ""completed"": true}"
56,4540,S3,S13,"{""agreement"": -0.28146469593048096, ""completed"": true}"
56,4540,S13,S3,"{""agreement"": 0.7388002872467041, ""completed"": true}"
56,4560,S3,S13,"{""agreement"": -0.2536291778087616, ""completed"": true}"
56,4560,S13,S3,"{""agreement"": -0.29654979705810547, ""completed"": true}"
56,4920,S6,S9,"{""agreement"": -0.4833337664604187, ""completed"": true}"
56,4920,S9,S6,"{""agreement"": 0.3130158483982086, ""completed"": true}"
56,5140,S13,S9,"{""agreement"": -0.725866436958313, ""completed"": true}"
56,5140,S9,S13,"{""agreement"": 0.5975374579429626, ""completed"": true}"
56,5160,S13,S9,"{""agreement"": 0.49153926968574524, ""completed"": true}"
56,5160,S9,S13,"{""agreement"": -0.5629377365112305, ""completed"": true}"
56,5180,S13,S9,"{""agreement"": 0.7030954957008362, ""completed"": true}"
56,5180,S9,S13,"{""agreement"": 0.10200297087430954, ""completed"": true}"
56,5200,S13,S9,"{""agreement"": -0.20840242505073547, ""completed"": true}"
56,5200,S9,S13,"{""agreement"": 0.8777558207511902, ""completed"": true}"
56,5220,S11,S13,"{""agreement"": 0.5689255595207214, ""completed"": true}"
56,5220,S13,S11,"{""agreement"": -0.5534799695014954, ""completed"": true}"
56,5220,S9,S13,"{""agreement"": 0.26699596643447876, ""completed"": true}"
56,5240,S3,S13,"{""agreement"": 0.25465652346611023, ""completed"": true}"
56,5240,S13,S3,"{""agreement"": 0.7760635614395142, ""completed"": true}"
56,5240,S11,S13,"{""agreement"": 0.9051017165184021, ""completed"": true}"
56,5240,S9,S13,"{""agreement"": 0.9054362177848816, ""completed"": true}"
56,5260,S3,S13,"{""agreement"": 0.7278118133544922, ""completed"": true}"
56,5260,S13,S3,"{""agreement"": 0.18067771196365356, ""completed"": true}"
56,5260,S11,S13,"{""agreement"": 0.011678816750645638, ""completed"": true}"
56,5260,S9,S13,"{""agreement"": -0.10308630019426346, ""completed"": true}"
56,5280,S3,S13,"{""agreement"": 0.7521172165870667, ""completed"": true}"
56,5280,S13,S3,"{""agreement"": 0.05368606001138687, ""completed"": true}"
56,5280,S11,S13,"{""agreement"": -0.3199460208415985, ""completed"": true}"
56,5280,S7,S15,"{""agreement"": -0.8521256446838379, ""completed"": true}"
56,5280,S15,S7,"{""agreement"": 0.34096968173980713, ""completed"": true}"
56,5280,S9,S13,"{""agreement"": 0.23317298293113708, ""completed"": true}"
56,5300,S3,S6,"{""agreement"": 0.8642951846122742, ""completed"": true}"
56,5300,S6,S3,"{""agreement"": -0.01849452406167984, ""completed"": true}"
56,5300,S11,S13,"{""agreement"": -0.08695783466100693, ""completed"": true}"
56,5300,S13,S9,"{""agreement"": -0.6875573396682739, ""completed"": true}"
56,5300,S7,S15,"{""agreement"": 0.6039695143699646, ""completed"": true}"
56,5300,S15,S7,"{""agreement"": 0.6955450177192688, ""completed"": true}"
56,5300,S9,S13,"{""agreement"": -0.1397247165441513, ""completed"": true}"
56,5320,S3,S6,"{""agreement"": 0.4288020133972168, ""completed"": true}"
56,5320,S6,S3,"{""agreement"": 0.4320548474788666, ""completed"": true}"
56,5320,S11,S13,"{""agreement"": 0.13148455321788788, ""completed"": true}"
56,5320,S13,S11,"{""agreement"": -0.10645195841789246, ""completed"": true}"
56,5320,S7,S15,"{""agreement"": 0.7361997365951538, ""completed"": true}"
56,5320,S15,S7,"{""agreement"": 0.057301271706819534, ""completed"": true}"
56,5320,S9,S13,"{""agreement"": 0.6494833827018738, ""completed"": true}"
56,5340,S3,S6,"{""agreement"": 0.5046847462654114, ""completed"": true}"
56,5340,S6,S3,"{""agreement"": 0.004196439869701862, ""completed"": true}"
56,5340,S7,S15,"{""agreement"": -0.7729856371879578, ""completed"": true}"
56,5340,S15,S7,"{""agreement"": 0.4835508465766907, ""completed"": true}"
56,5340,S13,S9,"{""agreement"": 0.13481633365154266, ""completed"": true}"
56,5340,S9,S13,"{""agreement"": 0.3098871111869812, ""completed"": true}"
56,5360,S3,S6,"{""agreement"": 0.20366691052913666, ""completed"": true}"
56,5360,S6,S3,"{""agreement"": 0.9510229825973511, ""completed"": true}"
56,5360,S7,S15,"{""agreement"": 0.06456547975540161, ""completed"": true}"
56,5360,S15,S7,"{""agreement"": 0.6425182819366455, ""completed"": true}"
56,5360,S13,S9,"{""agreement"": -0.6064786911010742, ""completed"": true}"
56,5360,S9,S13,"{""agreement"": 0.23694740235805511, ""completed"": true}"
56,5380,S3,S6,"{""agreement"": 0.428961843252182, ""completed"": true}"
56,5380,S6,S3,"{""agreement"": 0.5663480162620544, ""completed"": true}"
56,5380,S7,S15,"{""agreement"": 0.90423983335495, ""completed"": true}"
56,5380,S15,S7,"{""agreement"": 0.5319355726242065, ""completed"": true}"
56,5380,S13,S9,"{""agreement"": 0.864937424659729, ""completed"": true}"
56,5380,S9,S13,"{""agreement"": -0.5014300346374512, ""completed"": true}"
56,5400,S3,S6,"{""agreement"": 0.3274846076965332, ""completed"": true}"
56,5400,S6,S3,"{""agreement"": -0.46266767382621765, ""completed"": true}"
56,5400,S7,S15,"{""agreement"": 0.17469893395900726, ""completed"": true}"
56,5400,S15,S7,"{""agreement"": 0.11305800080299377, ""completed"": true}"
56,5400,S13,S9,"{""agreement"": 0.041909318417310715, ""completed"": true}"
56,5400,S9,S13,"{""agreement"": -0.3500192165374756, ""completed"": true}"
56,5420,S3,S6,"{""agreement"": 0.732306182384491, ""completed"": true}"
56,5420,S6,S3,"{""agreement"": 0.9089511036872864, ""completed"": true}"
56,5420,S7,S15,"{""agreement"": 0.5766804218292236, ""completed"": true}"
56,5420,S15,S7,"{""agreement"": 0.03238622099161148, ""completed"": true}"
56,5420,S13,S9,"{""agreement"": -0.484759122133255, ""completed"": true}"
56,5420,S9,S13,"{""agreement"": 0.24497558176517487, ""completed"": true}"
56,5440,S7,S15,"{""agreement"": 0.5081993341445923, ""completed"": true}"
56,5440,S15,S7,"{""agreement"": -0.38843396306037903, ""completed"": true}"
56,5440,S13,S9,"{""agreement"": 0.09748166054487228, ""completed"": true}"
56,5440,S9,S13,"{""agreement"": -0.26626214385032654, ""completed"": true}"
56,5460,S13,S9,"{""agreement"": 0.8623133301734924, ""completed"": true}"
56,5460,S9,S13,"{""agreement"": -0.11988641321659088, ""completed"": true}"
56,5480,S13,S9,"{""agreement"": -0.467840313911438, ""completed"": true}"
56,5480,S9,S13,"{""agreement"": 0.6920175552368164, ""completed"": true}"
56,5500,S13,S9,"{""agreement"": -0.4036221206188202, ""completed"": true}"
56,5500,S9,S13,"{""agreement"": -0.597173273563385, ""completed"": true}"
56,5520,S13,S9,"{""agreement"": -0.4230394959449768, ""completed"": true}"
56,5520,S9,S13,"{""agreement"": 0.44241321086883545, ""completed"": true}"
56,5540,S9,S13,"{""agreement"": -0.8738548159599304, ""completed"": true}"
56,5660,S11,S7,"{""agreement"": 0.29303455352783203, ""completed"": true}"
56,5660,S7,S11,"{""agreement"": 0.4146353304386139, ""completed"": true}"
56,5680,S11,S7,"{""agreement"": 0.07089010626077652, ""completed"": true}"
56,5680,S7,S11,"{""agreement"": 0.626129150390625, ""completed"": true}"
56,5700,S11,S7,"{""agreement"": 0.7997132539749146, ""completed"": true}"
56,5700,S7,S11,"{""agreement"": 0.16490577161312103, ""completed"": true}"
56,5720,S11,S7,"{""agreement"": 0.5794278383255005, ""completed"": true}"
56,5720,S7,S11,"{""agreement"": 0.24444375932216644, ""completed"": true}"
56,5740,S11,S7,"{""agreement"": 0.8491730690002441, ""completed"": true}"
56,5740,S7,S11,"{""agreement"": -0.19893673062324524, ""completed"": true}"
56,5760,S11,S7,"{""agreement"": -0.43356454372406006, ""completed"": true}"
56,5760,S7,S11,"{""agreement"": 0.4219576120376587, ""completed"": true}"
56,5780,S11,S7,"{""agreement"": 0.8116046786308289, ""completed"": true}"
56,5780,S7,S11,"{""agreement"": 0.7401021122932434, ""completed"": true}"
56,5800,S11,S7,"{""agreement"": 0.5694617033004761, ""completed"": true}"
56,5800,S7,S11,"{""agreement"": 0.4180631637573242, ""completed"": true}"
56,5820,S11,S7,"{""agreement"": -0.2998776435852051, ""completed"": true}"
56,5820,S7,S11,"{""agreement"": 0.800246000289917, ""completed"": true}"
56,5840,S11,S7,"{""agreement"": 0.1085636094212532, ""completed"": true}"
56,5840,S7,S11,"{""agreement"": 0.8404406309127808, ""completed"": true}"
56,5860,S11,S7,"{""agreement"": -0.6035049557685852, ""completed"": true}"
56,5860,S7,S11,"{""agreement"": 0.30352622270584106, ""completed"": true}"
56,5880,S11,S7,"{""agreement"": 0.8946174383163452, ""completed"": true}"
56,5880,S7,S11,"{""agreement"": -0.8669033646583557, ""completed"": true}"
56,5900,S11,S7,"{""agreement"": 0.5483834743499756, ""completed"": true}"
56,5900,S7,S11,"{""agreement"": -0.13070666790008545, ""completed"": true}"
56,5920,S11,S7,"{""agreement"": 0.06370393186807632, ""completed"": true}"
56,5920,S7,S11,"{""agreement"": -0.2697041630744934, ""completed"": true}"
56,5940,S6,S13,"{""agreement"": 0.20846086740493774, ""completed"": true}"
56,5940,S13,S6,"{""agreement"": -0.05540136247873306, ""completed"": true}"
56,5940,S11,S7,"{""agreement"": 0.2249595820903778, ""completed"": true}"
56,5940,S7,S11,"{""agreement"": 0.8446308374404907, ""completed"": true}"
56,5960,S6,S13,"{""agreement"": 0.36293327808380127, ""completed"": true}"
56,5960,S13,S6,"{""agreement"": 0.923222005367279, ""completed"": true}"
56,5980,S6,S13,"{""agreement"": 0.9177820682525635, ""completed"": true}"
56,5980,S13,S6,"{""agreement"": -0.22376294434070587, ""completed"": true}"
56,5980,S16,S11,"{""agreement"": 0.6884105801582336, ""completed"": true}"
56,5980,S11,S16,"{""agreement"": -0.05542859435081482, ""completed"": true}"
56,6000,S6,S13,"{""agreement"": 0.3331151306629181, ""completed"": true}"
56,6000,S13,S6,"{""agreement"": -0.3913280963897705, ""completed"": true}"
56,6020,S6,S13,"{""agreement"": 0.03748086467385292, ""completed"": true}"
56,6020,S13,S6,"{""agreement"": -0.24266326427459717, ""completed"": true}"
56,6040,S6,S13,"{""agreement"": 0.11202682554721832, ""completed"": true}"
56,6040,S13,S6,"{""agreement"": -0.7672609090805054, ""completed"": true}"
56,6060,S6,S13,"{""agreement"": -0.4528115689754486, ""completed"": true}"
56,6080,S6,S13,"{""agreement"": 0.7278233766555786, ""completed"": true}"
56,6100,S6,S13,"{""agreement"": 0.19037842750549316, ""completed"": true}"
56,6120,S6,S13,"{""agreement"": 0.6334964632987976, ""completed"": true}"
56,6140,S6,S13,"{""agreement"": 0.709555447101593, ""completed"": true}"
56,6160,S6,S13,"{""agreement"": 0.368051677942276, ""completed"": true}"
56,6180,S6,S13,"{""agreement"": -0.6231691241264343, ""completed"": true}"
56,6200,S6,S13,"{""agreement"": 0.9169902205467224, ""completed"": true}"
56,6220,S6,S13,"{""agreement"": 0.3231924772262573, ""completed"": true}"
56,6240,S6,S13,"{""agreement"": -0.21348236501216888, ""completed"": true}"
56,6260,S6,S13,"{""agreement"": -0.8735237717628479, ""completed"": true}"
56,6280,S6,S13,"{""agreement"": -0.5676963329315186, ""completed"": true}"
56,6300,S3,S5,"{""agreement"": -0.04596859961748123, ""completed"": true}"
56,6300,S5,S3,"{""agreement"": 0.7305392026901245, ""completed"": true}"
56,6300,S6,S13,"{""agreement"": 0.64837247133255, ""completed"": true}"
56,6320,S3,S5,"{""agreement"": -0.38864248991012573, ""completed"": true}"
56,6320,S5,S3,"{""agreement"": 0.5685473084449768, ""completed"": true}"
56,6340,S3,S5,"{""agreement"": 0.3606852889060974, ""completed"": true}"
56,6340,S5,S3,"{""agreement"": -0.5286722183227539, ""completed"": true}"
56,6360,S3,S5,"{""agreement"": 0.16209837794303894, ""completed"": true}"
56,6360,S5,S3,"{""agreement"": 0.7043163776397705, ""completed"": true}"
56,6380,S3,S5,"{""agreement"": 0.3601083755493164, ""completed"": true}"
56,6380,S5,S3,"{""agreement"": -0.5263248085975647, ""completed"": true}"
56,6400,S3,S5,"{""agreement"": 0.8981954455375671, ""completed"": true}"
56,6400,S5,S3,"{""agreement"": -0.31944534182548523, ""completed"": true}"
56,6680,S3,S8,"{""agreement"": -0.2586386501789093, ""completed"": true}"
56,6680,S8,S3,"{""agreement"": 0.7402626276016235, ""completed"": true}"
56,6680,S6,S11,"{""agreement"": 0.5096432566642761, ""completed"": true}"
56,6680,S11,S6,"{""agreement"": 0.8905606269836426, ""completed"": true}"
56,6700,S3,S8,"{""agreement"": 0.6861580610275269, ""completed"": true}"
56,6700,S8,S3,"{""agreement"": 0.13084299862384796, ""completed"": true}"
56,6700,S6,S11,"{""agreement"": -0.8902239799499512, ""completed"": true}"
56,6700,S11,S6,"{""agreement"": 0.9633424878120422, ""completed"": true}"
56,6720,S3,S8,"{""agreement"": -0.3023660182952881, ""completed"": true}"
56,6720,S8,S3,"{""agreement"": -0.6217195391654968, ""completed"": true}"
56,6720,S6,S11,"{""agreement"": 0.799460232257843, ""completed"": true}"
56,6720,S11,S6,"{""agreement"": 0.5746461749076843, ""completed"": true}"
56,6740,S3,S8,"{""agreement"": -0.6301643252372742, ""completed"": true}"
56,6740,S8,S3,"{""agreement"": -0.42247408628463745, ""completed"": true}"
56,6740,S6,S11,"{""agreement"": -0.8364108800888062, ""completed"": true}"
56,6740,S11,S6,"{""agreement"": 0.06286700069904327, ""completed"": true}"
56,6760,S3,S8,"{""agreement"": -0.6329827904701233, ""completed"": true}"
56,6760,S8,S3,"{""agreement"": -0.2751820981502533, ""completed"": true}"
56,6780,S8,S3,"{""agreement"": 0.378118097782135, ""completed"": true}"
56,6800,S8,S3,"{""agreement"": 0.36848074197769165, ""completed"": true}"
56,6820,S8,S3,"{""agreement"": 0.8371040225028992, ""completed"": true}"
56,6840,S8,S3,"{""agreement"": 0.8178864121437073, ""completed"": true}"
56,6860,S8,S3,"{""agreement"": -0.6118831634521484, ""completed"": true}"
56,6880,S8,S3,"{""agreement"": 0.3524509072303772, ""completed"": true}"
56,7040,S13,S8,"{""agreement"": 0.8202889561653137, ""completed"": true}"
56,7040,S8,S13,"{""agreement"": -0.07512810081243515, ""completed"": true}"
56,7060,S13,S8,"{""agreement"": 0.8167940974235535, ""completed"": true}"
56,7060,S8,S13,"{""agreement"": 0.565153956413269, ""completed"": true}"
56,7080,S13,S8,"{""agreement"": -0.19661329686641693, ""completed"": true}"
56,7080,S8,S13,"{""agreement"": 0.5303707122802734, ""completed"": true}"
56,7100,S13,S8,"{""agreement"": -0.4659976363182068, ""completed"": true}"
56,7100,S8,S13,"{""agreement"": -0.12047825008630753, ""completed"": true}"
56,7120,S13,S8,"{""agreement"": -0.04824705794453621, ""completed"": true}"
56,7120,S8,S13,"{""agreement"": 0.4705338180065155, ""completed"": true}"
56,7140,S13,S8,"{""agreement"": 0.14844924211502075, ""completed"": true}"
56,7140,S8,S13,"{""agreement"": -0.33517295122146606, ""completed"": true}"
56,7240,S3,S9,"{""agreement"": -0.6906075477600098, ""completed"": true}"
56,7240,S9,S3,"{""agreement"": 0.807197093963623, ""completed"": true}"
56,7260,S3,S9,"{""agreement"": 0.8687387108802795, ""completed"": true}"
56,7260,S9,S3,"{""agreement"": -0.7121928930282593, ""completed"": true}"
56,7280,S3,S9,"{""agreement"": 0.3767872750759125, ""completed"": true}"
56,7280,S9,S3,"{""agreement"": 0.3078373074531555, ""completed"": true}"
56,7300,S3,S9,"{""agreement"": -0.6776959300041199, ""completed"": true}"
56,7300,S9,S3,"{""agreement"": 0.12035306543111801, ""completed"": true}"
56,7320,S3,S9,"{""agreement"": 0.8109208941459656, ""completed"": true}"
56,7320,S9,S3,"{""agreement"": -0.5352873206138611, ""completed"": true}"
56,7340,S3,S9,"{""agreement"": 0.20942071080207825, ""completed"": true}"
56,7340,S9,S3,"{""agreement"": 0.48123452067375183, ""completed"": true}"
56,7340,S11,S15,"{""agreement"": -0.24063292145729065, ""completed"": true}"
56,7340,S15,S11,"{""agreement"": 0.8151175379753113, ""completed"": true}"
56,7360,S3,S9,"{""agreement"": -0.6302735805511475, ""completed"": true}"
56,7360,S9,S3,"{""agreement"": 0.20820079743862152, ""completed"": true}"
56,7360,S11,S15,"{""agreement"": 0.3157539367675781, ""completed"": true}"
56,7360,S15,S11,"{""agreement"": 0.5171979665756226, ""completed"": true}"
56,7380,S3,S9,"{""agreement"": 0.5172330141067505, ""completed"": true}"
56,7380,S9,S3,"{""agreement"": -0.22894173860549927, ""completed"": true}"
56,7380,S11,S15,"{""agreement"": -0.17849794030189514, ""completed"": true}"
56,7380,S15,S11,"{""agreement"": 0.7273597717285156, ""completed"": true}"
56,7400,S3,S9,"{""agreement"": 0.03476940095424652, ""completed"": true}"
56,7400,S9,S3,"{""agreement"": 0.9300364851951599, ""completed"": true}"
56,7400,S11,S15,"{""agreement"": -0.44038835167884827, ""completed"": true}"
56,7400,S15,S11,"{""agreement"": 0.5834347009658813, ""completed"": true}"
56,7420,S3,S9,"{""agreement"": -0.2913331687450409, ""completed"": true}"
56,7420,S9,S3,"{""agreement"": -0.7825689315795898, ""completed"": true}"
56,7420,S11,S15,"{""agreement"": 0.7973824739456177, ""completed"": true}"
56,7420,S15,S11,"{""agreement"": 0.0875820592045784, ""completed"": true}"
56,7440,S3,S9,"{""agreement"": 0.49604731798171997, ""completed"": true}"
56,7440,S9,S3,"{""agreement"": 0.6849808096885681, ""completed"": true}"
56,7440,S11,S15,"{""agreement"": 0.9721397161483765, ""completed"": true}"
56,7440,S15,S11,"{""agreement"": -0.44232863187789917, ""completed"": true}"
56,7460,S3,S9,"{""agreement"": -0.30124998092651367, ""completed"": true}"
56,7460,S9,S3,"{""agreement"": -0.15920378267765045, ""completed"": true}"
56,7460,S11,S15,"{""agreement"": 0.6550384163856506, ""completed"": true}"
56,7460,S15,S11,"{""agreement"": 0.44834086298942566, ""completed"": true}"
56,7460,S13,S9,"{""agreement"": 0.4713740944862366, ""completed"": true}"
56,7480,S3,S9,"{""agreement"": 0.439893901348114, ""completed"": true}"
56,7480,S9,S3,"{""agreement"": 0.08395392447710037, ""completed"": true}"
56,7480,S11,S15,"{""agreement"": -0.6486472487449646, ""completed"": true}"
56,7480,S15,S11,"{""agreement"": 0.30614426732063293, ""completed"": true}"
56,7480,S13,S9,"{""agreement"": -0.25135013461112976, ""completed"": true}"
56,7500,S3,S9,"{""agreement"": 0.015286190435290337, ""completed"": true}"
56,7500,S9,S3,"{""agreement"": -0.02313593588769436, ""completed"": true}"
56,7500,S11,S15,"{""agreement"": 0.9118376970291138, ""completed"": true}"
56,7500,S15,S13,"{""agreement"": -0.29328176379203796, ""completed"": true}"
56,7500,S13,S15,"{""agreement"": -0.21389228105545044, ""completed"": true}"
56,7520,S3,S9,"{""agreement"": 0.880836546421051, ""completed"": true}"
56,7520,S9,S3,"{""agreement"": 0.6653326153755188, ""completed"": true}"
56,7520,S11,S15,"{""agreement"": 0.8730987310409546, ""completed"": true}"
56,7520,S15,S11,"{""agreement"": 0.7664868235588074, ""completed"": true}"
56,7520,S13,S15,"{""agreement"": 0.9209057688713074, ""completed"": true}"
56,7540,S11,S15,"{""agreement"": 0.15577422082424164, ""completed"": true}"
56,7540,S15,S11,"{""agreement"": -0.8163363337516785, ""completed"": true}"
56,7540,S13,S15,"{""agreement"": -0.6332443356513977, ""completed"": true}"
56,7560,S11,S15,"{""agreement"": 0.7963112592697144, ""completed"": true}"
56,7560,S15,S13,"{""agreement"": -0.4423893392086029, ""completed"": true}"
56,7560,S13,S15,"{""agreement"": 0.4852309226989746, ""completed"": true}"
56,7580,S11,S15,"{""agreement"": -0.5675525069236755, ""completed"": true}"
56,7580,S15,S11,"{""agreement"": 0.630897045135498, ""completed"": true}"
56,7600,S11,S15,"{""agreement"": 0.9547010660171509, ""completed"": true}"
56,7600,S15,S11,"{""agreement"": -0.21813394129276276, ""completed"": true}"
56,7620,S11,S15,"{""agreement"": -0.0866776779294014, ""completed"": true}"
56,7620,S15,S11,"{""agreement"": -0.01748090609908104, ""completed"": true}"
56,7640,S11,S15,"{""agreement"": 0.35187244415283203, ""completed"": true}"
56,7640,S15,S11,"{""agreement"": 0.640461266040802, ""completed"": true}"
56,7660,S11,S15,"{""agreement"": -0.08895774930715561, ""completed"": true}"
56,7660,S15,S11,"{""agreement"": 0.30599477887153625, ""completed"": true}"
56,7680,S11,S15,"{""agreement"": -0.664226233959198, ""completed"": true}"
56,7680,S15,S11,"{""agreement"": -0.5132495164871216, ""completed"": true}"
56,7700,S11,S15,"{""agreement"": 0.3280177712440491, ""completed"": true}"
56,7700,S15,S11,"{""agreement"": 0.27684324979782104, ""completed"": true}"
56,7720,S11,S15,"{""agreement"": -0.8208513855934143, ""completed"": true}"
56,7720,S15,S11,"{""agreement"": -0.0390138104557991, ""completed"": true}"
56,7740,S11,S15,"{""agreement"": 0.6401376128196716, ""completed"": true}"
56,7740,S15,S11,"{""agreement"": 0.4575713872909546, ""completed"": true}"
56,7760,S11,S15,"{""agreement"": -0.10451077669858932, ""completed"": true}"
56,7760,S15,S11,"{""agreement"": 0.33179599046707153, ""completed"": true}"
56,7780,S11,S15,"{""agreement"": -0.618188738822937, ""completed"": true}"
56,7780,S15,S11,"{""agreement"": -0.16884133219718933, ""completed"": true}"
56,7800,S11,S15,"{""agreement"": 0.43324872851371765, ""completed"": true}"
56,7800,S15,S11,"{""agreement"": -0.043837081640958786, ""completed"": true}"
56,7820,S11,S15,"{""agreement"": -0.500585675239563, ""completed"": true}"
56,7820,S15,S11,"{""agreement"": 0.5583895444869995, ""completed"": true}"
56,7840,S11,S15,"{""agreement"": 0.6888599395751953, ""completed"": true}"
56,7840,S15,S11,"{""agreement"": 0.4624583423137665, ""completed"": true}"
56,7860,S15,S9,"{""agreement"": 0.48149606585502625, ""completed"": true}"
56,7860,S9,S15,"{""agreement"": -0.10339410603046417, ""completed"": true}"
56,7880,S15,S9,"{""agreement"": -0.1801438182592392, ""completed"": true}"
56,7880,S9,S15,"{""agreement"": 0.5423853993415833, ""completed"": true}"
56,7900,S15,S9,"{""agreement"": 0.6165732741355896, ""completed"": true}"
56,7900,S9,S15,"{""agreement"": -0.4594089388847351, ""completed"": true}"
56,7920,S15,S9,"{""agreement"": -0.5505925416946411, ""completed"": true}"
56,7920,S9,S15,"{""agreement"": 0.1730726957321167, ""completed"": true}"
56,7940,S15,S9,"{""agreement"": -0.4174303114414215, ""completed"": true}"
56,7940,S9,S15,"{""agreement"": 0.046716444194316864, ""completed"": true}"
56,7960,S15,S9,"{""agreement"": 0.5907558798789978, ""completed"": true}"
56,7960,S9,S15,"{""agreement"": 0.31943973898887634, ""completed"": true}"
56,7980,S15,S9,"{""agreement"": 0.3767462968826294, ""completed"": true}"
56,7980,S9,S15,"{""agreement"": -0.32353347539901733, ""completed"": true}"
56,8000,S15,S9,"{""agreement"": 0.7181838154792786, ""completed"": true}"
56,8000,S9,S15,"{""agreement"": -0.7985150218009949, ""completed"": true}"
56,8020,S15,S9,"{""agreement"": 0.7964540123939514, ""completed"": true}"
56,8020,S9,S15,"{""agreement"": 0.4261646270751953, ""completed"": true}"
56,8040,S15,S9,"{""agreement"": 0.22546891868114471, ""completed"": true}"
56,8040,S9,S15,"{""agreement"": 0.7434803247451782, ""completed"": true}"
56,8360,S8,S15,"{""agreement"": -0.5619950890541077, ""completed"": true}"
56,8360,S15,S8,"{""agreement"": -0.29639995098114014, ""completed"": true}"
56,8380,S8,S15,"{""agreement"": -0.5723878741264343, ""completed"": true}"
56,8380,S15,S8,"{""agreement"": 0.5732045769691467, ""completed"": true}"
56,8760,S16,S13,"{""agreement"": -0.534514307975769, ""completed"": true}"
56,8760,S13,S16,"{""agreement"": 0.12816546857357025, ""completed"": true}"
56,8780,S16,S13,"{""agreement"": -0.4340387284755707, ""completed"": true}"
56,8780,S13,S16,"{""agreement"": 0.21347680687904358, ""completed"": true}"
56,8800,S16,S13,"{""agreement"": 0.7262164354324341, ""completed"": true}"
56,8800,S13,S16,"{""agreement"": 0.6371254920959473, ""completed"": true}"
56,8820,S16,S13,"{""agreement"": 0.16687801480293274, ""completed"": true}"
56,8820,S13,S16,"{""agreement"": -0.010597887448966503, ""completed"": true}"
56,8840,S16,S13,"{""agreement"": 0.05083981528878212, ""completed"": true}"
56,8840,S13,S16,"{""agreement"": -0.6557710766792297, ""completed"": true}"
56,8860,S16,S13,"{""agreement"": -0.0022829719819128513, ""completed"": true}"
56,8860,S13,S16,"{""agreement"": 0.9044443368911743, ""completed"": true}"
56,8880,S16,S13,"{""agreement"": -0.4708302319049835, ""completed"": true}"
56,8880,S13,S16,"{""agreement"": -0.5003951191902161, ""completed"": true}"
56,8900,S16,S13,"{""agreement"": 0.9493932723999023, ""completed"": true}"
56,8900,S13,S16,"{""agreement"": 0.8107930421829224, ""completed"": true}"
56,8920,S16,S13,"{""agreement"": -0.5674748420715332, ""completed"": true}"
56,8920,S13,S16,"{""agreement"": -0.4592839777469635, ""completed"": true}"
56,8940,S16,S13,"{""agreement"": 0.03271166607737541, ""completed"": true}"
56,8940,S13,S16,"{""agreement"": -0.09397801756858826, ""completed"": true}"
56,8960,S16,S13,"{""agreement"": 0.8839946389198303, ""completed"": true}"
56,8960,S13,S16,"{""agreement"": 0.6907398104667664, ""completed"": true}"
56,8980,S16,S13,"{""agreement"": 0.11178704351186752, ""completed"": true}"
56,8980,S13,S16,"{""agreement"": -0.3782232701778412, ""completed"": true}"
56,8980,S8,S13,"{""agreement"": 0.532169759273529, ""completed"": true}"
56,9000,S16,S13,"{""agreement"": 0.7371128797531128, ""completed"": true}"
56,9000,S13,S8,"{""agreement"": 0.2569594979286194, ""completed"": true}"
56,9000,S8,S13,"{""agreement"": 0.7336794137954712, ""completed"": true}"
56,9020,S16,S13,"{""agreement"": 0.8257913589477539, ""completed"": true}"
56,9020,S13,S8,"{""agreement"": 0.9409382343292236, ""completed"": true}"
56,9020,S8,S13,"{""agreement"": -0.5466231107711792, ""completed"": true}"
56,9040,S16,S13,"{""agreement"": 0.10969452559947968, ""completed"": true}"
56,9040,S13,S8,"{""agreement"": 0.8577383160591125, ""completed"": true}"
56,9040,S8,S13,"{""agreement"": 0.3150426745414734, ""completed"": true}"
56,9060,S16,S13,"{""agreement"": 0.32319048047065735, ""completed"": true}"
56,9060,S13,S16,"{""agreement"": 0.5760124921798706, ""completed"": true}"
56,9080,S16,S13,"{""agreement"": 0.6277157664299011, ""completed"": true}"
56,9080,S13,S16,"{""agreement"": 0.1568768173456192, ""completed"": true}"
56,9100,S16,S13,"{""agreement"": 0.7623687982559204, ""completed"": true}"
56,9100,S13,S16,"{""agreement"": -0.5002782344818115, ""completed"": true}"
56,9120,S16,S13,"{""agreement"": 0.5582248568534851, ""completed"": true}"
56,9120,S13,S16,"{""agreement"": 0.3430163860321045, ""completed"": true}"
56,9140,S16,S13,"{""agreement"": -0.6224347352981567, ""completed"": true}"
56,9140,S13,S16,"{""agreement"": 0.09823912382125854, ""completed"": true}"
56,9160,S16,S13,"{""agreement"": 0.07075915485620499, ""completed"": true}"
56,9160,S13,S16,"{""agreement"": -0.7495304942131042, ""completed"": true}"
56,9760,S3,S7,"{""agreement"": -0.5149495005607605, ""completed"": true}"
56,9760,S7,S3,"{""agreement"": -0.6377823352813721, ""completed"": true}"
56,9780,S3,S7,"{""agreement"": 0.6720002293586731, ""completed"": true}"
56,9780,S7,S3,"{""agreement"": 0.37823230028152466, ""completed"": true}"
56,9800,S3,S7,"{""agreement"": 0.47008052468299866, ""completed"": true}"
56,9800,S7,S3,"{""agreement"": -0.6490124464035034, ""completed"": true}"
56,9820,S3,S7,"{""agreement"": -0.050062455236911774, ""completed"": true}"
56,9820,S7,S3,"{""agreement"": 0.9225199818611145, ""completed"": true}"
56,9840,S3,S7,"{""agreement"": -0.16739442944526672, ""completed"": true}"
56,9840,S7,S3,"{""agreement"": -0.8813911080360413, ""completed"": true}"
56,9860,S3,S7,"{""agreement"": 0.852236270904541, ""completed"": true}"
56,9860,S7,S3,"{""agreement"": 0.13367310166358948, ""completed"": true}"
56,9880,S3,S7,"{""agreement"": -0.5275338292121887, ""completed"": true}"
56,9880,S7,S3,"{""agreement"": 0.5728734731674194, ""completed"": true}"
56,9900,S3,S7,"{""agreement"": 0.18518145382404327, ""completed"": true}"
56,9900,S7,S3,"{""agreement"": 0.4156627357006073, ""completed"": true}"
56,9920,S3,S7,"{""agreement"": -0.16564695537090302, ""completed"": true}"
56,9920,S7,S3,"{""agreement"": -0.46317392587661743, ""completed"": true}"
56,9940,S3,S7,"{""agreement"": 0.9269086718559265, ""completed"": true}"
56,9940,S7,S3,"{""agreement"": 0.5407081842422485, ""completed"": true}"
56,9960,S3,S7,"{""agreement"": 0.9353112578392029, ""completed"": true}"
56,9960,S7,S3,"{""agreement"": 0.2842993438243866, ""completed"": true}"
56,9980,S3,S7,"{""agreement"": -0.7116791605949402, ""completed"": true}"
56,9980,S7,S3,"{""agreement"": 0.48517030477523804, ""completed"": true}"
56,10000,S3,S7,"{""agreement"": -0.24008718132972717, ""completed"": true}"
56,10000,S7,S3,"{""agreement"": 0.39213865995407104, ""completed"": true}"
56,10020,S3,S7,"{""agreement"": -0.5620694160461426, ""completed"": true}"
56,10020,S7,S3,"{""agreement"": 0.8102419376373291, ""completed"": true}"
56,10040,S3,S7,"{""agreement"": 0.19915443658828735, ""completed"": true}"
56,10040,S7,S3,"{""agreement"": -0.588248074054718, ""completed"": true}"
56,10060,S3,S7,"{""agreement"": 0.8936951756477356, ""completed"": true}"
56,10060,S7,S3,"{""agreement"": 0.6974886655807495, ""completed"": true}"
56,10080,S3,S7,"{""agreement"": 0.7265618443489075, ""completed"": true}"
56,10080,S7,S3,"{""agreement"": -0.2175382822751999, ""completed"": true}"
56,10100,S3,S7,"{""agreement"": -0.24683688580989838, ""completed"": true}"
56,10100,S7,S3,"{""agreement"": 0.23505675792694092, ""completed"": true}"
56,10120,S3,S7,"{""agreement"": -0.08641166985034943, ""completed"": true}"
56,10120,S7,S3,"{""agreement"": 0.2361980825662613, ""completed"": true}"
56,10140,S3,S7,"{""agreement"": 0.45403289794921875, ""completed"": true}"
56,10140,S7,S3,"{""agreement"": -0.03748380020260811, ""completed"": true}"
56,10160,S3,S7,"{""agreement"": 0.5050263404846191, ""completed"": true}"
56,10160,S7,S3,"{""agreement"": -0.49927574396133423, ""completed"": true}"
56,10180,S3,S7,"{""agreement"": 0.514712393283844, ""completed"": true}"
56,10180,S7,S3,"{""agreement"": -0.48249971866607666, ""completed"": true}"
56,10200,S3,S7,"{""agreement"": 0.1063980981707573, ""completed"": true}"
56,10200,S7,S3,"{""agreement"": -0.5331219434738159, ""completed"": true}"
56,10220,S3,S7,"{""agreement"": -0.40893715620040894, ""completed"": true}"
56,10240,S3,S7,"{""agreement"": -0.5195504426956177, ""completed"": true}"
56,10260,S3,S7,"{""agreement"": 0.27675843238830566, ""completed"": true}"
56,10400,S16,S8,"{""agreement"": 0.30124977231025696, ""completed"": true}"
56,10400,S8,S16,"{""agreement"": 0.6213999390602112, ""completed"": true}"
56,10420,S16,S8,"{""agreement"": -0.41043931245803833, ""completed"": true}"
56,10420,S8,S16,"{""agreement"": 0.7147839665412903, ""completed"": true}"
56,10440,S16,S8,"{""agreement"": 0.3951666057109833, ""completed"": true}"
56,10440,S8,S16,"{""agreement"": -0.2513081729412079, ""completed"": true}"
56,10460,S16,S8,"{""agreement"": -0.09724772721529007, ""completed"": true}"
56,10460,S8,S16,"{""agreement"": -0.5957791209220886, ""completed"": true}"
56,10840,S6,S11,"{""agreement"": -0.26868727803230286, ""completed"": true}"
56,10840,S11,S6,"{""agreement"": 0.6442891955375671, ""completed"": true}"
56,10860,S6,S11,"{""agreement"": 0.2438986897468567, ""completed"": true}"
56,10860,S11,S6,"{""agreement"": 0.02639235183596611, ""completed"": true}"
56,10860,S7,S8,"{""agreement"": 0.6297533512115479, ""completed"": true}"
56,10860,S8,S7,"{""agreement"": 0.7329703569412231, ""completed"": true}"
56,10880,S7,S8,"{""agreement"": -0.564531147480011, ""completed"": true}"
56,10880,S8,S7,"{""agreement"": 0.2467048466205597, ""completed"": true}"
56,10900,S7,S8,"{""agreement"": 0.34060361981391907, ""completed"": true}"
56,10900,S8,S7,"{""agreement"": 0.9234606027603149, ""completed"": true}"
56,10920,S11,S9,"{""agreement"": 0.7897093892097473, ""completed"": true}"
56,10920,S9,S11,"{""agreement"": 0.4769189655780792, ""completed"": true}"
56,10920,S7,S8,"{""agreement"": 0.5629623532295227, ""completed"": true}"
56,10920,S8,S7,"{""agreement"": 0.4399099349975586, ""completed"": true}"
56,10940,S11,S9,"{""agreement"": 0.6734808683395386, ""completed"": true}"
56,10940,S9,S11,"{""agreement"": -0.8612887263298035, ""completed"": true}"
56,10940,S7,S8,"{""agreement"": 0.7490695118904114, ""completed"": true}"
56,10940,S8,S7,"{""agreement"": 0.6366044878959656, ""completed"": true}"
56,10960,S11,S9,"{""agreement"": 0.5493840575218201, ""completed"": true}"
56,10960,S9,S11,"{""agreement"": -0.5471053123474121, ""completed"": true}"
56,10960,S7,S8,"{""agreement"": 0.3100963830947876, ""completed"": true}"
56,10960,S8,S7,"{""agreement"": 0.8404186367988586, ""completed"": true}"
56,10980,S11,S9,"{""agreement"": 0.6538789868354797, ""completed"": true}"
56,10980,S9,S11,"{""agreement"": 0.2603045701980591, ""completed"": true}"
56,10980,S7,S8,"{""agreement"": -0.8356143832206726, ""completed"": true}"
56,10980,S8,S7,"{""agreement"": 0.09419828653335571, ""completed"": true}"
56,11000,S11,S9,"{""agreement"": -0.16444765031337738, ""completed"": true}"
56,11000,S9,S11,"{""agreement"": -0.47871658205986023, ""completed"": true}"
56,11000,S7,S8,"{""agreement"": 0.6653374433517456, ""completed"": true}"
56,11000,S8,S7,"{""agreement"": 0.23669591546058655, ""completed"": true}"
56,11020,S11,S9,"{""agreement"": 0.11484264582395554, ""completed"": true}"
56,11020,S9,S11,"{""agreement"": 0.6015933752059937, ""completed"": true}"
56,11020,S7,S8,"{""agreement"": -0.2629689574241638, ""completed"": true}"
56,11020,S8,S7,"{""agreement"": 0.3378939628601074, ""completed"": true}"
56,11040,S11,S9,"{""agreement"": 0.3557208776473999, ""completed"": true}"
56,11040,S9,S11,"{""agreement"": 0.6364017128944397, ""completed"": true}"
56,11040,S7,S8,"{""agreement"": 0.10334733873605728, ""completed"": true}"
56,11040,S8,S7,"{""agreement"": -0.7292569279670715, ""completed"": true}"
56,11060,S7,S8,"{""agreement"": 0.8938306570053101, ""completed"": true}"
56,11060,S8,S7,"{""agreement"": -0.8629881739616394, ""completed"": true}"
56,11080,S7,S8,"{""agreement"": 0.11480637639760971, ""completed"": true}"
56,11080,S8,S7,"{""agreement"": -0.2592640221118927, ""completed"": true}"
56,11100,S6,S8,"{""agreement"": -0.20341169834136963, ""completed"": true}"
56,11100,S8,S6,"{""agreement"": 0.8630262613296509, ""completed"": true}"
56,11100,S7,S8,"{""agreement"": -0.6428829431533813, ""completed"": true}"
56,11120,S6,S8,"{""agreement"": -0.5524309277534485, ""completed"": true}"
56,11120,S8,S6,"{""agreement"": 0.38438156247138977, ""completed"": true}"
56,11120,S7,S8,"{""agreement"": -0.8841418623924255, ""completed"": true}"
56,11140,S6,S8,"{""agreement"": 0.577710747718811, ""completed"": true}"
56,11140,S8,S6,"{""agreement"": 0.025025861337780952, ""completed"": true}"
56,11140,S7,S8,"{""agreement"": -0.34323376417160034, ""completed"": true}"
56,11160,S6,S8,"{""agreement"": -0.7218005657196045, ""completed"": true}"
56,11160,S8,S6,"{""agreement"": 0.26062729954719543, ""completed"": true}"
56,11180,S6,S8,"{""agreement"": -0.6894355416297913, ""completed"": true}"
56,11180,S8,S6,"{""agreement"": 0.3633796274662018, ""completed"": true}"
56,11200,S8,S6,"{""agreement"": 0.24908338487148285, ""completed"": true}"
56,11220,S8,S6,"{""agreement"": 0.27594465017318726, ""completed"": true}"
56,11220,S11,S9,"{""agreement"": 0.778393566608429, ""completed"": true}"
56,11220,S9,S11,"{""agreement"": 0.3933267891407013, ""completed"": true}"
56,11240,S8,S6,"{""agreement"": -0.33014437556266785, ""completed"": true}"
56,11240,S11,S9,"{""agreement"": 0.3607049286365509, ""completed"": true}"
56,11240,S9,S11,"{""agreement"": -0.14837945997714996, ""completed"": true}"
56,11260,S8,S6,"{""agreement"": -0.24747058749198914, ""completed"": true}"
56,11260,S11,S9,"{""agreement"": 0.8607499599456787, ""completed"": true}"
56,11260,S9,S11,"{""agreement"": -0.06810859590768814, ""completed"": true}"
56,11280,S8,S6,"{""agreement"": -0.37533360719680786, ""completed"": true}"
56,11280,S11,S9,"{""agreement"": 0.14095140993595123, ""completed"": true}"
56,11280,S9,S11,"{""agreement"": -0.06638282537460327, ""completed"": true}"
56,11300,S8,S6,"{""agreement"": -0.5306885838508606, ""completed"": true}"
56,11300,S11,S9,"{""agreement"": 0.9439422488212585, ""completed"": true}"
56,11300,S9,S11,"{""agreement"": -0.6894038915634155, ""completed"": true}"
56,11320,S8,S7,"{""agreement"": 0.7354366779327393, ""completed"": true}"
56,11320,S11,S9,"{""agreement"": 0.3375658690929413, ""completed"": true}"
56,11320,S9,S11,"{""agreement"": -0.1908370554447174, ""completed"": true}"
56,11340,S8,S7,"{""agreement"": 0.4278969466686249, ""completed"": true}"
56,11340,S11,S9,"{""agreement"": -0.900966465473175, ""completed"": true}"
56,11340,S9,S11,"{""agreement"": -0.5673545002937317, ""completed"": true}"
56,11360,S8,S7,"{""agreement"": -0.42239752411842346, ""completed"": true}"
56,11360,S11,S9,"{""agreement"": 0.8068372011184692, ""completed"": true}"
56,11380,S11,S9,"{""agreement"": 0.16002628207206726, ""completed"": true}"
56,11380,S8,S7,"{""agreement"": -0.5283999443054199, ""completed"": true}"
56,11400,S11,S9,"{""agreement"": 0.9131187796592712, ""completed"": true}"
56,11400,S8,S7,"{""agreement"": -0.2222737967967987, ""completed"": true}"
56,11420,S11,S9,"{""agreement"": -0.649945080280304, ""completed"": true}"
56,11420,S8,S7,"{""agreement"": 0.8883970975875854, ""completed"": true}"
56,11440,S11,S9,"{""agreement"": -0.7777594327926636, ""completed"": true}"
56,11440,S8,S7,"{""agreement"": -0.10790929198265076, ""completed"": true}"
56,11460,S11,S9,"{""agreement"": -0.06889437884092331, ""completed"": true}"
56,11460,S8,S7,"{""agreement"": -0.1195184513926506, ""completed"": true}"
56,11480,S11,S9,"{""agreement"": 0.8429338335990906, ""completed"": true}"
56,11580,S16,S11,"{""agreement"": 0.9248289465904236, ""completed"": true}"
56,11580,S11,S16,"{""agreement"": 0.156416654586792, ""completed"": true}"
56,11600,S16,S11,"{""agreement"": 0.6330311298370361, ""completed"": true}"
56,11600,S11,S16,"{""agreement"": 0.9092411398887634, ""completed"": true}"
56,11620,S16,S11,"{""agreement"": -0.27295371890068054, ""completed"": true}"
56,11620,S11,S16,"{""agreement"": -0.471672385931015, ""completed"": true}"
56,11640,S16,S11,"{""agreement"": 0.6108179092407227, ""completed"": true}"
56,11640,S11,S16,"{""agreement"": -0.12129250913858414, ""completed"": true}"
56,11660,S16,S11,"{""agreement"": -0.45768672227859497, ""completed"": true}"
56,11660,S11,S16,"{""agreement"": 0.582489013671875, ""completed"": true}"
56,11680,S16,S11,"{""agreement"": 0.527556300163269, ""completed"": true}"
56,11680,S11,S16,"{""agreement"": 0.7632725238800049, ""completed"": true}"
56,11700,S16,S11,"{""agreement"": 0.632372260093689, ""completed"": true}"
56,11700,S11,S16,"{""agreement"": -0.11084417253732681, ""completed"": true}"
56,11720,S16,S11,"{""agreement"": -0.2895350158214569, ""completed"": true}"
56,11720,S11,S16,"{""agreement"": -0.6086235046386719, ""completed"": true}"
56,11740,S16,S11,"{""agreement"": -0.2883610725402832, ""completed"": true}"
56,11740,S11,S16,"{""agreement"": 0.3786873519420624, ""completed"": true}"
56,11760,S16,S11,"{""agreement"": 0.7527447938919067, ""completed"": true}"
56,11760,S11,S16,"{""agreement"": 0.7703878879547119, ""completed"": true}"
56,11780,S16,S11,"{""agreement"": 0.35878786444664, ""completed"": true}"
56,11780,S11,S16,"{""agreement"": 0.14503106474876404, ""completed"": true}"
56,11800,S16,S11,"{""agreement"": 0.13452352583408356, ""completed"": true}"
56,11800,S11,S16,"{""agreement"": -0.4169548451900482, ""completed"": true}"
56,11820,S16,S11,"{""agreement"": 0.3191135823726654, ""completed"": true}"
56,11820,S11,S16,"{""agreement"": 0.17770573496818542, ""completed"": true}"
56,11840,S16,S11,"{""agreement"": -0.7496086359024048, ""completed"": true}"
56,11840,S11,S16,"{""agreement"": 0.8880924582481384, ""completed"": true}"
56,11860,S6,S9,"{""agreement"": 0.8530840873718262, ""completed"": true}"
56,11860,S9,S6,"{""agreement"": 0.5707630515098572, ""completed"": true}"
56,11860,S16,S11,"{""agreement"": -0.23610138893127441, ""completed"": true}"
56,11860,S11,S16,"{""agreement"": 0.4133167266845703, ""completed"": true}"
56,11880,S16,S11,"{""agreement"": 0.682930052280426, ""completed"": true}"
56,11880,S11,S16,"{""agreement"": 0.15870924293994904, ""completed"": true}"
56,11900,S16,S11,"{""agreement"": -0.32785817980766296, ""completed"": true}"
56,11900,S11,S16,"{""agreement"": -0.020035456866025925, ""completed"": true}"
56,11920,S16,S11,"{""agreement"": 0.34160786867141724, ""completed"": true}"
56,11920,S11,S16,"{""agreement"": -0.5883309245109558, ""completed"": true}"
56,11940,S16,S11,"{""agreement"": 0.2535858452320099, ""completed"": true}"
56,11940,S11,S16,"{""agreement"": -0.6029615998268127, ""completed"": true}"
56,12020,S13,S15,"{""agreement"": -0.09631525725126266, ""completed"": true}"
56,12020,S15,S13,"{""agreement"": 0.8892138004302979, ""completed"": true}"
56,12040,S13,S15,"{""agreement"": 0.9295162558555603, ""completed"": true}"
56,12040,S15,S13,"{""agreement"": -0.679767370223999, ""completed"": true}"
56,12060,S13,S15,"{""agreement"": 0.3844621777534485, ""completed"": true}"
56,12060,S15,S13,"{""agreement"": 0.0724470391869545, ""completed"": true}"
56,12160,S16,S8,"{""agreement"": 0.43873658776283264, ""completed"": true}"
56,12160,S8,S16,"{""agreement"": 0.4000561833381653, ""completed"": true}"
56,12160,S15,S9,"{""agreement"": 0.5471659898757935, ""completed"": true}"
56,12160,S9,S15,"{""agreement"": -0.6219990253448486, ""completed"": true}"
56,12180,S15,S9,"{""agreement"": 0.3161275088787079, ""completed"": true}"
56,12180,S9,S15,"{""agreement"": -0.8378041386604309, ""completed"": true}"
56,12200,S15,S9,"{""agreement"": -0.2788936495780945, ""completed"": true}"
56,12220,S15,S9,"{""agreement"": -0.24581791460514069, ""completed"": true}"
56,12240,S15,S9,"{""agreement"": -0.3509857952594757, ""completed"": true}"
56,12260,S15,S9,"{""agreement"": 0.8935526609420776, ""completed"": true}"
56,12280,S15,S9,"{""agreement"": 0.5388380289077759, ""completed"": true}"
56,12300,S16,S5,"{""agreement"": 0.8671172261238098, ""completed"": true}"
56,12300,S5,S16,"{""agreement"": -0.7064574956893921, ""completed"": true}"
56,12320,S16,S5,"{""agreement"": 0.0527765192091465, ""completed"": true}"
56,12320,S5,S16,"{""agreement"": 0.913107693195343, ""completed"": true}"
56,12340,S16,S5,"{""agreement"": 0.24732346832752228, ""completed"": true}"
56,12340,S5,S16,"{""agreement"": -0.3696829080581665, ""completed"": true}"
56,12360,S16,S5,"{""agreement"": 0.7410142421722412, ""completed"": true}"
56,12360,S5,S16,"{""agreement"": 0.03483276441693306, ""completed"": true}"
56,12420,S6,S5,"{""agreement"": 0.7316854596138, ""completed"": true}"
56,12420,S5,S6,"{""agreement"": -0.5889849066734314, ""completed"": true}"
56,12440,S6,S5,"{""agreement"": 0.39687758684158325, ""completed"": true}"
56,12440,S5,S6,"{""agreement"": 0.7815383672714233, ""completed"": true}"
56,12460,S6,S5,"{""agreement"": 0.7788257598876953, ""completed"": true}"
56,12460,S5,S6,"{""agreement"": -0.35536637902259827, ""completed"": true}"
56,12480,S6,S5,"{""agreement"": 0.3722792863845825, ""completed"": true}"
56,12480,S5,S6,"{""agreement"": -0.5941612124443054, ""completed"": true}"
56,12500,S6,S5,"{""agreement"": 0.7768714427947998, ""completed"": true}"
56,12500,S5,S6,"{""agreement"": 0.7269791960716248, ""completed"": true}"
56,12520,S6,S5,"{""agreement"": -0.507244884967804, ""completed"": true}"
56,12520,S5,S6,"{""agreement"": -0.5441460609436035, ""completed"": true}"
56,12540,S6,S5,"{""agreement"": -0.717937171459198, ""completed"": true}"
56,12540,S5,S6,"{""agreement"": 0.7870071530342102, ""completed"": true}"
56,12560,S6,S5,"{""agreement"": -0.2438623011112213, ""completed"": true}"
56,12560,S5,S6,"{""agreement"": -0.013148571364581585, ""completed"": true}"
56,12580,S6,S5,"{""agreement"": 0.22323065996170044, ""completed"": true}"
56,12580,S5,S6,"{""agreement"": 0.908562183380127, ""completed"": true}"
56,12820,S5,S9,"{""agreement"": 0.6950131058692932, ""completed"": true}"
56,12820,S9,S5,"{""agreement"": -0.5489294528961182, ""completed"": true}"
56,13260,S8,S7,"{""agreement"": 0.5791847705841064, ""completed"": true}"
56,13280,S8,S7,"{""agreement"": 0.832190215587616, ""completed"": true}"
56,13300,S8,S7,"{""agreement"": 0.2515353262424469, ""completed"": true}"
56,13320,S8,S7,"{""agreement"": -0.4646654427051544, ""completed"": true}"
56,13340,S8,S7,"{""agreement"": 0.3022408187389374, ""completed"": true}"
56,13360,S8,S7,"{""agreement"": -0.3766504228115082, ""completed"": true}"
56,13380,S8,S7,"{""agreement"": 0.005219426937401295, ""completed"": true}"
56,13400,S8,S7,"{""agreement"": -0.1591423749923706, ""completed"": true}"
56,13420,S8,S7,"{""agreement"": 0.09952770918607712, ""completed"": true}"
56,13440,S8,S7,"{""agreement"": -0.041508495807647705, ""completed"": true}"
56,13440,S5,S9,"{""agreement"": -0.04738438129425049, ""completed"": true}"
56,13440,S9,S5,"{""agreement"": -0.2327037900686264, ""completed"": true}"
56,13460,S8,S7,"{""agreement"": 0.5379680395126343, ""completed"": true}"
56,13460,S5,S9,"{""agreement"": 0.10524410754442215, ""completed"": true}"
56,13460,S9,S5,"{""agreement"": 0.778566300868988, ""completed"": true}"
56,13480,S8,S7,"{""agreement"": 0.00029631113284267485, ""completed"": true}"
56,13480,S5,S9,"{""agreement"": -0.05442000553011894, ""completed"": true}"
56,13480,S9,S5,"{""agreement"": -0.5113204717636108, ""completed"": true}"
56,13500,S8,S7,"{""agreement"": 0.4939113259315491, ""completed"": true}"
56,13500,S5,S9,"{""agreement"": 0.48552215099334717, ""completed"": true}"
56,13500,S9,S5,"{""agreement"": -0.5371565818786621, ""completed"": true}"
56,13520,S8,S7,"{""agreement"": 0.2596238851547241, ""completed"": true}"
56,13520,S5,S9,"{""agreement"": 0.7339219450950623, ""completed"": true}"
56,13520,S9,S5,"{""agreement"": 0.6733060479164124, ""completed"": true}"
56,13540,S8,S7,"{""agreement"": 0.33470264077186584, ""completed"": true}"
56,13540,S5,S9,"{""agreement"": 0.6788790822029114, ""completed"": true}"
56,13540,S9,S5,"{""agreement"": -0.3290210962295532, ""completed"": true}"
56,13560,S8,S7,"{""agreement"": -0.2099156230688095, ""completed"": true}"
56,13580,S8,S7,"{""agreement"": 0.2949037253856659, ""completed"": true}"
56,13600,S8,S7,"{""agreement"": 0.2449917495250702, ""completed"": true}"
56,13620,S8,S7,"{""agreement"": 0.06410538405179977, ""completed"": true}"
56,13640,S11,S5,"{""agreement"": 0.6811228394508362, ""completed"": true}"
56,13640,S5,S11,"{""agreement"": 0.42505961656570435, ""completed"": true}"
56,13640,S8,S7,"{""agreement"": 0.5211008787155151, ""completed"": true}"
56,13660,S11,S5,"{""agreement"": 0.14011818170547485, ""completed"": true}"
56,13660,S5,S11,"{""agreement"": 0.2111278474330902, ""completed"": true}"
56,13660,S8,S7,"{""agreement"": -0.23738986253738403, ""completed"": true}"
56,13680,S11,S5,"{""agreement"": 0.10723669081926346, ""completed"": true}"
56,13680,S5,S11,"{""agreement"": -0.0661003589630127, ""completed"": true}"
56,13680,S8,S7,"{""agreement"": 0.43704450130462646, ""completed"": true}"
56,13700,S11,S5,"{""agreement"": 0.26635581254959106, ""completed"": true}"
56,13700,S5,S11,"{""agreement"": 0.5942090153694153, ""completed"": true}"
56,13700,S8,S7,"{""agreement"": 0.5155566930770874, ""completed"": true}"
56,13720,S11,S5,"{""agreement"": 0.22228661179542542, ""completed"": true}"
56,13720,S5,S11,"{""agreement"": -0.12886562943458557, ""completed"": true}"
56,13720,S8,S7,"{""agreement"": -0.5536059737205505, ""completed"": true}"
56,13740,S11,S5,"{""agreement"": 0.6274591088294983, ""completed"": true}"
56,13740,S5,S11,"{""agreement"": -0.44700750708580017, ""completed"": true}"
56,13740,S8,S7,"{""agreement"": 0.6166800260543823, ""completed"": true}"
56,13760,S11,S5,"{""agreement"": 0.5129416584968567, ""completed"": true}"
56,13760,S5,S11,"{""agreement"": 0.06547483056783676, ""completed"": true}"
56,13780,S11,S5,"{""agreement"": 0.8173011541366577, ""completed"": true}"
56,13780,S5,S11,"{""agreement"": -0.27171868085861206, ""completed"": true}"
56,13800,S3,S6,"{""agreement"": 0.05255087837576866, ""completed"": true}"
56,13800,S6,S3,"{""agreement"": -0.7039176225662231, ""completed"": true}"
56,13800,S11,S5,"{""agreement"": -0.1324807107448578, ""completed"": true}"
56,13800,S5,S11,"{""agreement"": -0.23764261603355408, ""completed"": true}"
56,13820,S3,S6,"{""agreement"": 0.5115554332733154, ""completed"": true}"
56,13820,S6,S3,"{""agreement"": 0.7160964608192444, ""completed"": true}"
56,13820,S11,S5,"{""agreement"": 0.27929019927978516, ""completed"": true}"
56,13820,S5,S11,"{""agreement"": 0.2835877239704132, ""completed"": true}"
56,13840,S3,S6,"{""agreement"": 0.592968225479126, ""completed"": true}"
56,13840,S6,S3,"{""agreement"": -0.8008946180343628, ""completed"": true}"
56,13840,S11,S5,"{""agreement"": 0.23680968582630157, ""completed"": true}"
56,13840,S5,S11,"{""agreement"": 0.006418393459171057, ""completed"": true}"
56,13860,S3,S6,"{""agreement"": -0.5378737449645996, ""completed"": true}"
56,13860,S6,S3,"{""agreement"": 0.47717463970184326, ""completed"": true}"
56,13860,S11,S5,"{""agreement"": 0.8799014687538147, ""completed"": true}"
56,13860,S5,S11,"{""agreement"": -0.167668417096138, ""completed"": true}"
56,13880,S3,S6,"{""agreement"": -0.2878371477127075, ""completed"": true}"
56,13880,S6,S3,"{""agreement"": 0.7976260781288147, ""completed"": true}"
56,13880,S11,S5,"{""agreement"": 0.8589092493057251, ""completed"": true}"
56,13880,S5,S11,"{""agreement"": -0.8523096442222595, ""completed"": true}"
56,13900,S3,S6,"{""agreement"": 0.7873216867446899, ""completed"": true}"
56,13900,S6,S3,"{""agreement"": -0.7482107281684875, ""completed"": true}"
56,13900,S11,S5,"{""agreement"": 0.7076554298400879, ""completed"": true}"
56,13920,S3,S6,"{""agreement"": -0.9657224416732788, ""completed"": true}"
56,13920,S6,S15,"{""agreement"": 0.6547107100486755, ""completed"": true}"
56,13920,S15,S6,"{""agreement"": -0.6571089625358582, ""completed"": true}"
56,13920,S11,S5,"{""agreement"": -0.8075186610221863, ""completed"": true}"
56,13940,S3,S6,"{""agreement"": 0.9047571420669556, ""completed"": true}"
56,13940,S6,S15,"{""agreement"": 0.02738005295395851, ""completed"": true}"
56,13940,S15,S6,"{""agreement"": 0.4893241822719574, ""completed"": true}"
56,13940,S11,S5,"{""agreement"": 0.9948357343673706, ""completed"": true}"
56,13960,S3,S6,"{""agreement"": 0.8188064098358154, ""completed"": true}"
56,13960,S6,S15,"{""agreement"": -0.12545454502105713, ""completed"": true}"
56,13960,S15,S6,"{""agreement"": -0.18910160660743713, ""completed"": true}"
56,13960,S11,S9,"{""agreement"": 0.7696021199226379, ""completed"": true}"
56,13980,S3,S6,"{""agreement"": -0.5206550359725952, ""completed"": true}"
56,13980,S6,S15,"{""agreement"": -0.8972583413124084, ""completed"": true}"
56,13980,S15,S6,"{""agreement"": 0.046455249190330505, ""completed"": true}"
56,13980,S11,S9,"{""agreement"": 0.7174753546714783, ""completed"": true}"
56,14000,S3,S6,"{""agreement"": -0.6346780061721802, ""completed"": true}"
56,14000,S6,S3,"{""agreement"": 0.7514753937721252, ""completed"": true}"
56,14000,S15,S6,"{""agreement"": -0.8166302442550659, ""completed"": true}"
56,14000,S11,S9,"{""agreement"": 0.9315457940101624, ""completed"": true}"
56,14020,S6,S15,"{""agreement"": 0.9643089175224304, ""completed"": true}"
56,14020,S15,S6,"{""agreement"": 0.876906156539917, ""completed"": true}"
56,14020,S11,S9,"{""agreement"": 0.6730321049690247, ""completed"": true}"
56,14040,S6,S15,"{""agreement"": 0.8982404470443726, ""completed"": true}"
56,14040,S15,S6,"{""agreement"": 0.28281059861183167, ""completed"": true}"
56,14040,S11,S9,"{""agreement"": 0.7435929179191589, ""completed"": true}"
56,14060,S6,S15,"{""agreement"": 0.8088616132736206, ""completed"": true}"
56,14060,S15,S6,"{""agreement"": 0.006891790311783552, ""completed"": true}"
56,14060,S11,S9,"{""agreement"": 0.37875986099243164, ""completed"": true}"
56,14080,S6,S15,"{""agreement"": 0.34828731417655945, ""completed"": true}"
56,14080,S15,S6,"{""agreement"": 0.030466942116618156, ""completed"": true}"
56,14080,S11,S9,"{""agreement"": 0.9678968787193298, ""completed"": true}"
56,14100,S6,S15,"{""agreement"": 0.014097169041633606, ""completed"": true}"
56,14100,S15,S6,"{""agreement"": 0.33489641547203064, ""completed"": true}"
56,14100,S11,S9,"{""agreement"": 0.8569421768188477, ""completed"": true}"
56,14120,S6,S15,"{""agreement"": 0.2685636878013611, ""completed"": true}"
56,14120,S15,S6,"{""agreement"": 0.6251102685928345, ""completed"": true}"
56,14120,S11,S9,"{""agreement"": 0.4459584057331085, ""completed"": true}"
56,14140,S11,S9,"{""agreement"": 0.9287691712379456, ""completed"": true}"
56,14160,S11,S9,"{""agreement"": 0.8068485260009766, ""completed"": true}"
56,14180,S11,S9,"{""agreement"": 0.24070830643177032, ""completed"": true}"
56,14200,S11,S9,"{""agreement"": 0.671278178691864, ""completed"": true}"
56,14220,S11,S9,"{""agreement"": 0.4369456171989441, ""completed"": true}"
56,14500,S16,S8,"{""agreement"": 0.6696609258651733, ""completed"": true}"
56,14500,S8,S16,"{""agreement"": -0.1532875895500183, ""completed"": true}"
56,14520,S16,S8,"{""agreement"": 0.1575009822845459, ""completed"": true}"
56,14520,S8,S16,"{""agreement"": 0.7542554140090942, ""completed"": true}"
56,14540,S16,S8,"{""agreement"": 0.26754245162010193, ""completed"": true}"
56,14540,S8,S16,"{""agreement"": 0.3648410439491272, ""completed"": true}"
56,14560,S16,S8,"{""agreement"": -0.5207724571228027, ""completed"": true}"
56,14560,S8,S16,"{""agreement"": 0.5282506942749023, ""completed"": true}"
56,14580,S16,S8,"{""agreement"": -0.28063198924064636, ""completed"": true}"
56,14580,S8,S16,"{""agreement"": -0.3863047957420349, ""completed"": true}"
56,14600,S16,S8,"{""agreement"": -0.3571256995201111, ""completed"": true}"
56,14600,S8,S16,"{""agreement"": 0.37321504950523376, ""completed"": true}"
56,14620,S16,S8,"{""agreement"": -0.023856116458773613, ""completed"": true}"
56,14620,S8,S16,"{""agreement"": 0.36107373237609863, ""completed"": true}"
56,14640,S16,S8,"{""agreement"": 0.8073660135269165, ""completed"": true}"
56,14640,S8,S16,"{""agreement"": 0.20958738029003143, ""completed"": true}"
56,14660,S16,S8,"{""agreement"": -0.04352889955043793, ""completed"": true}"
56,14660,S8,S16,"{""agreement"": 0.1662539392709732, ""completed"": true}"
56,14680,S16,S8,"{""agreement"": 0.17384666204452515, ""completed"": true}"
56,14680,S8,S16,"{""agreement"": 0.46693944931030273, ""completed"": true}"
56,14700,S16,S8,"{""agreement"": -0.15331357717514038, ""completed"": true}"
56,14700,S8,S16,"{""agreement"": -0.24867159128189087, ""completed"": true}"
56,14700,S13,S9,"{""agreement"": 0.8371835947036743, ""completed"": true}"
56,14700,S9,S13,"{""agreement"": 0.770585834980011, ""completed"": true}"
56,14720,S16,S8,"{""agreement"": 0.3901895582675934, ""completed"": true}"
56,14720,S8,S16,"{""agreement"": -0.4838030934333801, ""completed"": true}"
56,14720,S13,S9,"{""agreement"": -0.024160152301192284, ""completed"": true}"
56,14720,S9,S13,"{""agreement"": 0.7258761525154114, ""completed"": true}"
56,14740,S16,S8,"{""agreement"": -0.6040093898773193, ""completed"": true}"
56,14740,S8,S16,"{""agreement"": 0.3431358337402344, ""completed"": true}"
56,14740,S13,S9,"{""agreement"": -0.7461475729942322, ""completed"": true}"
56,14740,S9,S13,"{""agreement"": 0.7228607535362244, ""completed"": true}"
56,14760,S16,S8,"{""agreement"": 0.5015285611152649, ""completed"": true}"
56,14760,S8,S16,"{""agreement"": 0.03364092856645584, ""completed"": true}"
56,14760,S13,S9,"{""agreement"": -0.7735146284103394, ""completed"": true}"
56,14760,S9,S13,"{""agreement"": -0.3081709146499634, ""completed"": true}"
56,14780,S16,S8,"{""agreement"": -0.46771207451820374, ""completed"": true}"
56,14780,S8,S16,"{""agreement"": -0.4056036174297333, ""completed"": true}"
56,14780,S9,S13,"{""agreement"": -0.15780845284461975, ""completed"": true}"
56,14800,S9,S13,"{""agreement"": 0.21182578802108765, ""completed"": true}"
56,14820,S9,S13,"{""agreement"": -0.9435100555419922, ""completed"": true}"
56,14840,S9,S13,"{""agreement"": 0.2707715332508087, ""completed"": true}"
56,15220,S6,S7,"{""agreement"": 0.9018247127532959, ""completed"": true}"
56,15240,S6,S7,"{""agreement"": -0.341001957654953, ""completed"": true}"
56,15260,S6,S7,"{""agreement"": -0.3649038076400757, ""completed"": true}"
56,15500,S3,S7,"{""agreement"": -0.4746725559234619, ""completed"": true}"
56,15640,S7,S13,"{""agreement"": 0.7780566811561584, ""completed"": true}"
56,15640,S13,S7,"{""agreement"": 0.2020818442106247, ""completed"": true}"
56,15640,S8,S9,"{""agreement"": 0.5477481484413147, ""completed"": true}"
56,15640,S9,S8,"{""agreement"": -0.5904585123062134, ""completed"": true}"
56,15660,S8,S9,"{""agreement"": -0.01637302339076996, ""completed"": true}"
56,15660,S9,S8,"{""agreement"": 0.5125170946121216, ""completed"": true}"
56,15680,S8,S9,"{""agreement"": -0.2893486022949219, ""completed"": true}"
56,15680,S9,S8,"{""agreement"": 0.20790429413318634, ""completed"": true}"
56,15700,S8,S9,"{""agreement"": -0.6958507895469666, ""completed"": true}"
56,15700,S9,S8,"{""agreement"": -0.532747745513916, ""completed"": true}"
56,15720,S8,S9,"{""agreement"": 0.5206535458564758, ""completed"": true}"
56,15720,S9,S8,"{""agreement"": -0.32757702469825745, ""completed"": true}"
56,15740,S8,S9,"{""agreement"": -0.4150584936141968, ""completed"": true}"
56,15740,S9,S8,"{""agreement"": -0.1464552879333496, ""completed"": true}"
56,15760,S8,S9,"{""agreement"": -0.7454622387886047, ""completed"": true}"
56,15760,S9,S8,"{""agreement"": -0.03870353102684021, ""completed"": true}"
56,16120,S16,S15,"{""agreement"": 0.5760769248008728, ""completed"": true}"
56,16120,S15,S16,"{""agreement"": 0.03064454160630703, ""completed"": true}"
56,16140,S6,S11,"{""agreement"": -0.2887430489063263, ""completed"": true}"
56,16140,S11,S6,"{""agreement"": 0.7960763573646545, ""completed"": true}"
56,16140,S16,S15,"{""agreement"": 0.583473265171051, ""completed"": true}"
56,16140,S15,S16,"{""agreement"": -0.319918692111969, ""completed"": true}"
56,16160,S6,S11,"{""agreement"": 0.8709220290184021, ""completed"": true}"
56,16160,S11,S6,"{""agreement"": 0.49744194746017456, ""completed"": true}"
56,16160,S16,S15,"{""agreement"": -0.860334038734436, ""completed"": true}"
56,16160,S15,S16,"{""agreement"": -0.33790692687034607, ""completed"": true}"
56,16180,S16,S15,"{""agreement"": -0.734903872013092, ""completed"": true}"
56,16180,S15,S16,"{""agreement"": -0.12269865721464157, ""completed"": true}"
56,16200,S16,S15,"{""agreement"": -0.27377569675445557, ""completed"": true}"
56,16200,S15,S16,"{""agreement"": 0.18455281853675842, ""completed"": true}"
56,16220,S3,S6,"{""agreement"": 0.23732034862041473, ""completed"": true}"
56,16220,S6,S3,"{""agreement"": 0.39023762941360474, ""completed"": true}"
56,16220,S16,S15,"{""agreement"": -0.14554522931575775, ""completed"": true}"
56,16220,S15,S16,"{""agreement"": 0.6604480743408203, ""completed"": true}"
56,16240,S3,S6,"{""agreement"": -0.01155086886137724, ""completed"": true}"
56,16240,S6,S3,"{""agreement"": 0.6932493448257446, ""completed"": true}"
56,16240,S16,S15,"{""agreement"": -0.053985804319381714, ""completed"": true}"
56,16240,S15,S16,"{""agreement"": 0.09070275723934174, ""completed"": true}"
56,16260,S3,S6,"{""agreement"": -3.6275181628298014e-05, ""completed"": true}"
56,16260,S6,S3,"{""agreement"": 0.0872749462723732, ""completed"": true}"
56,16280,S3,S6,"{""agreement"": -0.20470461249351501, ""completed"": true}"
56,16280,S6,S3,"{""agreement"": 0.6127482056617737, ""completed"": true}"
56,16300,S3,S6,"{""agreement"": 0.5769045352935791, ""completed"": true}"
56,16300,S6,S3,"{""agreement"": -0.8967469930648804, ""completed"": true}"
56,16320,S3,S6,"{""agreement"": -0.23133523762226105, ""completed"": true}"
56,16320,S6,S3,"{""agreement"": -0.38697725534439087, ""completed"": true}"
56,16340,S3,S6,"{""agreement"": -0.7890852093696594, ""completed"": true}"
56,16340,S6,S3,"{""agreement"": -0.19094333052635193, ""completed"": true}"
56,16360,S6,S3,"{""agreement"": -0.3164563775062561, ""completed"": true}"
56,16380,S6,S3,"{""agreement"": -0.6230337619781494, ""completed"": true}"
56,16500,S13,S8,"{""agreement"": 0.5460069179534912, ""completed"": true}"
56,16500,S8,S13,"{""agreement"": -0.5788324475288391, ""completed"": true}"
56,16520,S13,S8,"{""agreement"": 0.217906653881073, ""completed"": true}"
56,16520,S8,S13,"{""agreement"": 0.7612282633781433, ""completed"": true}"
56,16540,S13,S8,"{""agreement"": 0.32397058606147766, ""completed"": true}"
56,16540,S8,S13,"{""agreement"": -0.26304522156715393, ""completed"": true}"
56,16560,S13,S8,"{""agreement"": 0.5818684697151184, ""completed"": true}"
56,16560,S8,S13,"{""agreement"": 0.9637429118156433, ""completed"": true}"
56,16580,S13,S8,"{""agreement"": 0.6014336347579956, ""completed"": true}"
56,16580,S8,S13,"{""agreement"": 0.5268764495849609, ""completed"": true}"
56,16600,S16,S8,"{""agreement"": 0.6485940217971802, ""completed"": true}"
56,16600,S8,S13,"{""agreement"": 0.10611309111118317, ""completed"": true}"
56,16600,S13,S8,"{""agreement"": 0.15777312219142914, ""completed"": true}"
56,16620,S16,S8,"{""agreement"": -0.6742589473724365, ""completed"": true}"
56,16620,S8,S13,"{""agreement"": 0.7005921602249146, ""completed"": true}"
56,16620,S13,S8,"{""agreement"": 0.5861973166465759, ""completed"": true}"
56,16640,S13,S8,"{""agreement"": -0.23172852396965027, ""completed"": true}"
56,16640,S8,S13,"{""agreement"": 0.02360532432794571, ""completed"": true}"
56,16660,S13,S8,"{""agreement"": 0.6616904735565186, ""completed"": true}"
56,16660,S8,S13,"{""agreement"": 0.514837384223938, ""completed"": true}"
56,16680,S13,S8,"{""agreement"": -0.8989324569702148, ""completed"": true}"
56,16680,S8,S13,"{""agreement"": -0.2743942439556122, ""completed"": true}"
56,16700,S13,S8,"{""agreement"": -0.11499889194965363, ""completed"": true}"
56,16700,S8,S13,"{""agreement"": -0.46130669116973877, ""completed"": true}"
56,16720,S13,S8,"{""agreement"": -0.682851254940033, ""completed"": true}"
56,16720,S8,S13,"{""agreement"": -0.6830659508705139, ""completed"": true}"
56,16740,S13,S8,"{""agreement"": 0.7151116132736206, ""completed"": true}"
56,16740,S8,S13,"{""agreement"": 0.369345486164093, ""completed"": true}"
56,16760,S13,S8,"{""agreement"": 0.22047163546085358, ""completed"": true}"
56,16760,S8,S13,"{""agreement"": 0.6455267667770386, ""completed"": true}"
56,16780,S13,S8,"{""agreement"": -0.6551443338394165, ""completed"": true}"
56,16780,S8,S13,"{""agreement"": 0.9030431509017944, ""completed"": true}"
56,17140,S3,S5,"{""agreement"": 0.8977641463279724, ""completed"": true}"
56,17140,S5,S3,"{""agreement"": -0.17672967910766602, ""completed"": true}"
56,17340,S3,S9,"{""agreement"": -0.009542914107441902, ""completed"": true}"
56,17340,S9,S3,"{""agreement"": 0.697563886642456, ""completed"": true}"
56,17360,S3,S9,"{""agreement"": -0.1477402299642563, ""completed"": true}"
56,17360,S9,S3,"{""agreement"": 0.8939034342765808, ""completed"": true}"
56,17380,S3,S9,"{""agreement"": 0.9421008229255676, ""completed"": true}"
56,17380,S9,S3,"{""agreement"": 0.4021620452404022, ""completed"": true}"
56,17400,S3,S9,"{""agreement"": -0.5985810160636902, ""completed"": true}"
56,17400,S9,S3,"{""agreement"": 0.6812394857406616, ""completed"": true}"
56,17600,S7,S13,"{""agreement"": 0.2866816222667694, ""completed"": true}"
56,17600,S13,S7,"{""agreement"": -0.14274989068508148, ""completed"": true}"
56,17620,S7,S13,"{""agreement"": 0.44319474697113037, ""completed"": true}"
56,17620,S13,S7,"{""agreement"": -0.9482055902481079, ""completed"": true}"
56,17640,S7,S13,"{""agreement"": 0.7316789031028748, ""completed"": true}"
56,17640,S13,S7,"{""agreement"": -0.05858863890171051, ""completed"": true}"
56,17660,S7,S13,"{""agreement"": -0.9703404307365417, ""completed"": true}"
56,17660,S13,S7,"{""agreement"": 0.6068542003631592, ""completed"": true}"
56,17680,S7,S13,"{""agreement"": 0.7773393988609314, ""completed"": true}"
56,17680,S13,S7,"{""agreement"": 0.4352582097053528, ""completed"": true}"
56,17700,S7,S13,"{""agreement"": 0.005772469099611044, ""completed"": true}"
56,17700,S13,S7,"{""agreement"": 0.1895422637462616, ""completed"": true}"
56,17720,S7,S13,"{""agreement"": 0.8885882496833801, ""completed"": true}"
56,17720,S13,S7,"{""agreement"": 0.6081286668777466, ""completed"": true}"
56,17740,S7,S13,"{""agreement"": 0.5204343795776367, ""completed"": true}"
56,17740,S13,S7,"{""agreement"": -0.49656251072883606, ""completed"": true}"
56,17760,S7,S13,"{""agreement"": -0.6325128078460693, ""completed"": true}"
56,17760,S13,S7,"{""agreement"": 0.2058158814907074, ""completed"": true}"
56,17780,S7,S13,"{""agreement"": 0.47498810291290283, ""completed"": true}"
56,17780,S13,S7,"{""agreement"": 0.7241785526275635, ""completed"": true}"
56,17800,S7,S13,"{""agreement"": -0.5487223863601685, ""completed"": true}"
56,17800,S13,S7,"{""agreement"": 0.09200982004404068, ""completed"": true}"
56,17820,S7,S13,"{""agreement"": 0.1848677098751068, ""completed"": true}"
56,17820,S13,S7,"{""agreement"": 0.43318381905555725, ""completed"": true}"
56,17840,S7,S13,"{""agreement"": 0.6729531288146973, ""completed"": true}"
56,17840,S13,S7,"{""agreement"": 0.3237352669239044, ""completed"": true}"
56,17860,S7,S13,"{""agreement"": 0.2716551721096039, ""completed"": true}"
56,17860,S13,S7,"{""agreement"": -0.7278683185577393, ""completed"": true}"
56,17880,S7,S13,"{""agreement"": -0.3156015872955322, ""completed"": true}"
56,17880,S13,S7,"{""agreement"": -0.5874605774879456, ""completed"": true}"
56,17900,S7,S13,"{""agreement"": 0.14261353015899658, ""completed"": true}"
56,17900,S13,S7,"{""agreement"": 0.4218401610851288, ""completed"": true}"
56,17920,S7,S13,"{""agreement"": 0.46865928173065186, ""completed"": true}"
56,17920,S13,S7,"{""agreement"": 0.8295581936836243, ""completed"": true}"
56,17940,S7,S13,"{""agreement"": 0.669705331325531, ""completed"": true}"
56,17940,S13,S7,"{""agreement"": 0.10512048751115799, ""completed"": true}"
56,17960,S7,S13,"{""agreement"": -0.028804030269384384, ""completed"": true}"
56,17960,S13,S7,"{""agreement"": 0.26794710755348206, ""completed"": true}"
56,17980,S7,S13,"{""agreement"": -0.6370768547058105, ""completed"": true}"
56,17980,S13,S7,"{""agreement"": -0.12417180091142654, ""completed"": true}"
56,18000,S7,S13,"{""agreement"": 0.8202257752418518, ""completed"": true}"
56,18000,S13,S7,"{""agreement"": -0.39758384227752686, ""completed"": true}"
56,18020,S7,S13,"{""agreement"": 0.13835327327251434, ""completed"": true}"
56,18020,S13,S7,"{""agreement"": 0.9068118929862976, ""completed"": true}"
56,18040,S7,S13,"{""agreement"": 0.47403424978256226, ""completed"": true}"
56,18040,S13,S7,"{""agreement"": -0.30656060576438904, ""completed"": true}"
56,18060,S7,S13,"{""agreement"": -0.12181927263736725, ""completed"": true}"
56,18060,S13,S7,"{""agreement"": 0.5601533651351929, ""completed"": true}"
56,18080,S7,S13,"{""agreement"": 0.43126606941223145, ""completed"": true}"
56,18080,S13,S7,"{""agreement"": 0.19585096836090088, ""completed"": true}"
56,18100,S7,S13,"{""agreement"": 0.3387846350669861, ""completed"": true}"
56,18100,S13,S7,"{""agreement"": 0.8472968935966492, ""completed"": true}"
56,18140,S7,S9,"{""agreement"": 0.4328126609325409, ""completed"": true}"
56,18140,S9,S7,"{""agreement"": -0.3816419839859009, ""completed"": true}"
56,18160,S7,S9,"{""agreement"": 0.5807498097419739, ""completed"": true}"
56,18160,S9,S7,"{""agreement"": -0.1352916955947876, ""completed"": true}"
56,18180,S7,S9,"{""agreement"": -0.13152353465557098, ""completed"": true}"
56,18180,S9,S7,"{""agreement"": -0.3708581030368805, ""completed"": true}"
56,18200,S7,S9,"{""agreement"": -0.542146623134613, ""completed"": true}"
56,18200,S9,S7,"{""agreement"": 0.11102133244276047, ""completed"": true}"
56,18220,S16,S8,"{""agreement"": 0.3448372781276703, ""completed"": true}"
56,18220,S8,S16,"{""agreement"": -0.14378862082958221, ""completed"": true}"
56,18220,S7,S9,"{""agreement"": -0.5379119515419006, ""completed"": true}"
56,18220,S9,S7,"{""agreement"": -0.21798092126846313, ""completed"": true}"
56,18240,S16,S8,"{""agreement"": -0.6556116342544556, ""completed"": true}"
56,18240,S8,S16,"{""agreement"": 0.4977026879787445, ""completed"": true}"
56,18240,S7,S9,"{""agreement"": 0.17431114614009857, ""completed"": true}"
56,18240,S9,S7,"{""agreement"": 0.7206823825836182, ""completed"": true}"
56,18260,S8,S16,"{""agreement"": 0.34221065044403076, ""completed"": true}"
56,18260,S7,S9,"{""agreement"": 0.2793550491333008, ""completed"": true}"
56,18260,S9,S7,"{""agreement"": -0.33124324679374695, ""completed"": true}"
56,18280,S8,S16,"{""agreement"": -0.5245119333267212, ""completed"": true}"
56,18280,S7,S9,"{""agreement"": -0.38052740693092346, ""completed"": true}"
56,18280,S9,S7,"{""agreement"": 0.10482144355773926, ""completed"": true}"
56,18300,S8,S16,"{""agreement"": -0.4817637503147125, ""completed"": true}"
56,18300,S7,S9,"{""agreement"": 0.010015117935836315, ""completed"": true}"
56,18300,S9,S7,"{""agreement"": 0.4155731797218323, ""completed"": true}"
56,18320,S7,S9,"{""agreement"": 0.5354704260826111, ""completed"": true}"
56,18320,S9,S7,"{""agreement"": 0.8673178553581238, ""completed"": true}"
56,18340,S11,S13,"{""agreement"": -0.47978004813194275, ""completed"": true}"
56,18340,S13,S11,"{""agreement"": 0.6147768497467041, ""completed"": true}"
56,18340,S7,S9,"{""agreement"": -0.002305859001353383, ""completed"": true}"
56,18340,S9,S7,"{""agreement"": -0.951641321182251, ""completed"": true}"
56,18360,S11,S13,"{""agreement"": -0.7285787463188171, ""completed"": true}"
56,18360,S13,S11,"{""agreement"": 0.1293843686580658, ""completed"": true}"
56,18360,S7,S9,"{""agreement"": 0.7550650835037231, ""completed"": true}"
56,18360,S9,S7,"{""agreement"": -0.6560300588607788, ""completed"": true}"
56,18380,S11,S13,"{""agreement"": 0.09047241508960724, ""completed"": true}"
56,18380,S13,S11,"{""agreement"": 0.43397054076194763, ""completed"": true}"
56,18380,S7,S9,"{""agreement"": -0.3519223630428314, ""completed"": true}"
56,18380,S9,S7,"{""agreement"": 0.722619354724884, ""completed"": true}"
56,18400,S11,S13,"{""agreement"": 0.375953733921051, ""completed"": true}"
56,18400,S13,S11,"{""agreement"": 0.7237801551818848, ""completed"": true}"
56,18400,S7,S9,"{""agreement"": -0.4963023066520691, ""completed"": true}"
56,18400,S9,S7,"{""agreement"": -0.9262452721595764, ""completed"": true}"
56,18420,S11,S13,"{""agreement"": -0.18386134505271912, ""completed"": true}"
56,18420,S13,S11,"{""agreement"": 0.5937303304672241, ""completed"": true}"
56,18420,S7,S9,"{""agreement"": 0.25323808193206787, ""completed"": true}"
56,18440,S11,S13,"{""agreement"": 0.7954370975494385, ""completed"": true}"
56,18440,S13,S11,"{""agreement"": -0.7098394632339478, ""completed"": true}"
56,18440,S7,S9,"{""agreement"": 0.3190852105617523, ""completed"": true}"
56,18460,S11,S13,"{""agreement"": 0.3331078588962555, ""completed"": true}"
56,18460,S13,S11,"{""agreement"": 0.6856805682182312, ""completed"": true}"
56,18460,S7,S9,"{""agreement"": 0.1875743269920349, ""completed"": true}"
56,18480,S11,S13,"{""agreement"": 0.6633632183074951, ""completed"": true}"
56,18480,S13,S11,"{""agreement"": -0.48081088066101074, ""completed"": true}"
56,18480,S7,S9,"{""agreement"": 0.574951708316803, ""completed"": true}"
56,18500,S11,S13,"{""agreement"": -0.3340431749820709, ""completed"": true}"
56,18500,S13,S11,"{""agreement"": 0.16402395069599152, ""completed"": true}"
56,18500,S7,S9,"{""agreement"": -0.26495352387428284, ""completed"": true}"
56,18520,S11,S13,"{""agreement"": 0.929691731929779, ""completed"": true}"
56,18520,S13,S11,"{""agreement"": 0.6915692687034607, ""completed"": true}"
56,18540,S11,S13,"{""agreement"": 0.08185017853975296, ""completed"": true}"
56,18540,S13,S11,"{""agreement"": 0.22474750876426697, ""completed"": true}"
56,18780,S16,S5,"{""agreement"": 0.3189873695373535, ""completed"": true}"
56,18780,S5,S16,"{""agreement"": -0.21050837635993958, ""completed"": true}"
56,18860,S6,S9,"{""agreement"": -0.6352944374084473, ""completed"": true}"
56,18860,S9,S6,"{""agreement"": 0.6976869106292725, ""completed"": true}"
56,18880,S6,S9,"{""agreement"": -0.18600021302700043, ""completed"": true}"
56,18880,S9,S6,"{""agreement"": 0.5145294070243835, ""completed"": true}"
56,18900,S6,S9,"{""agreement"": 0.5201517343521118, ""completed"": true}"
56,18900,S9,S6,"{""agreement"": 0.9401771426200867, ""completed"": true}"
56,18920,S6,S9,"{""agreement"": 0.7328845858573914, ""completed"": true}"
56,18920,S5,S6,"{""agreement"": 0.5181068181991577, ""completed"": true}"
56,18920,S9,S6,"{""agreement"": -0.04668491333723068, ""completed"": true}"
56,18940,S6,S9,"{""agreement"": 0.701280415058136, ""completed"": true}"
56,18940,S5,S6,"{""agreement"": 0.7671589255332947, ""completed"": true}"
56,18940,S9,S6,"{""agreement"": -0.0015510121593251824, ""completed"": true}"
56,18960,S6,S9,"{""agreement"": -0.5369866490364075, ""completed"": true}"
56,18960,S5,S6,"{""agreement"": -0.6245433688163757, ""completed"": true}"
56,18960,S9,S6,"{""agreement"": 0.1405162662267685, ""completed"": true}"
56,18980,S6,S9,"{""agreement"": 0.1323787271976471, ""completed"": true}"
56,18980,S9,S6,"{""agreement"": -0.2866823077201843, ""completed"": true}"
56,19000,S6,S9,"{""agreement"": 0.3705357015132904, ""completed"": true}"
56,19000,S9,S6,"{""agreement"": 0.4830135703086853, ""completed"": true}"
56,19020,S6,S9,"{""agreement"": 0.4548315405845642, ""completed"": true}"
56,19020,S9,S6,"{""agreement"": 0.35179194808006287, ""completed"": true}"
56,19040,S6,S9,"{""agreement"": 0.5007386207580566, ""completed"": true}"
56,19040,S9,S6,"{""agreement"": -0.42512771487236023, ""completed"": true}"
56,19060,S6,S9,"{""agreement"": 0.8350728750228882, ""completed"": true}"
56,19060,S9,S6,"{""agreement"": 0.4295775294303894, ""completed"": true}"
56,19080,S6,S9,"{""agreement"": -0.40578293800354004, ""completed"": true}"
56,19080,S9,S6,"{""agreement"": -0.09505239129066467, ""completed"": true}"
56,19100,S6,S9,"{""agreement"": 0.8362467288970947, ""completed"": true}"
56,19100,S9,S6,"{""agreement"": -0.037755999714136124, ""completed"": true}"
56,19120,S6,S9,"{""agreement"": 0.5325828790664673, ""completed"": true}"
56,19120,S9,S6,"{""agreement"": 0.37546029686927795, ""completed"": true}"
56,19140,S6,S9,"{""agreement"": -0.3734232485294342, ""completed"": true}"
56,19140,S9,S6,"{""agreement"": 0.68828946352005, ""completed"": true}"
56,19160,S6,S9,"{""agreement"": -0.11887803673744202, ""completed"": true}"
56,19160,S9,S6,"{""agreement"": 0.03396134078502655, ""completed"": true}"
56,19560,S8,S7,"{""agreement"": -0.09303254634141922, ""completed"": true}"
56,19580,S8,S7,"{""agreement"": -0.38697558641433716, ""completed"": true}"
56,19600,S8,S7,"{""agreement"": -0.8374006748199463, ""completed"": true}"
56,19940,S6,S13,"{""agreement"": 0.023262588307261467, ""completed"": true}"
56,19940,S13,S6,"{""agreement"": 0.7828916311264038, ""completed"": true}"
56,19960,S6,S13,"{""agreement"": 0.8420426845550537, ""completed"": true}"
56,19960,S13,S6,"{""agreement"": 0.8203418850898743, ""completed"": true}"
56,19980,S6,S13,"{""agreement"": 0.676021933555603, ""completed"": true}"
56,19980,S13,S6,"{""agreement"": -0.4081993103027344, ""completed"": true}"
56,20000,S6,S13,"{""agreement"": -0.9027990102767944, ""completed"": true}"
56,20000,S13,S6,"{""agreement"": 0.2081044465303421, ""completed"": true}"
56,20020,S6,S13,"{""agreement"": 0.49843353033065796, ""completed"": true}"
56,20020,S13,S6,"{""agreement"": -0.33851486444473267, ""completed"": true}"
56,20040,S6,S13,"{""agreement"": -0.4477689564228058, ""completed"": true}"
56,20040,S13,S6,"{""agreement"": 0.7715573906898499, ""completed"": true}"
56,20060,S6,S13,"{""agreement"": 0.31532013416290283, ""completed"": true}"
56,20060,S13,S6,"{""agreement"": -0.632838249206543, ""completed"": true}"
56,20060,S9,S8,"{""agreement"": 0.5365785360336304, ""completed"": true}"
56,20080,S6,S13,"{""agreement"": 0.052578311413526535, ""completed"": true}"
56,20080,S13,S6,"{""agreement"": 0.7884041666984558, ""completed"": true}"
56,20080,S9,S8,"{""agreement"": -0.7645737528800964, ""completed"": true}"
56,20100,S6,S13,"{""agreement"": 0.8346438407897949, ""completed"": true}"
56,20100,S13,S6,"{""agreement"": 0.9718318581581116, ""completed"": true}"
56,20100,S9,S8,"{""agreement"": -0.17032678425312042, ""completed"": true}"
56,20120,S6,S13,"{""agreement"": 0.28532904386520386, ""completed"": true}"
56,20120,S13,S6,"{""agreement"": 0.7611944675445557, ""completed"": true}"
56,20120,S9,S8,"{""agreement"": -0.27324575185775757, ""completed"": true}"
56,20140,S6,S13,"{""agreement"": 0.8499889373779297, ""completed"": true}"
56,20140,S13,S6,"{""agreement"": 0.962218165397644, ""completed"": true}"
56,20160,S6,S13,"{""agreement"": -0.9253011345863342, ""completed"": true}"
56,20160,S13,S6,"{""agreement"": -0.37395158410072327, ""completed"": true}"
56,20180,S6,S13,"{""agreement"": 0.2625995874404907, ""completed"": true}"
56,20180,S13,S6,"{""agreement"": -0.449280321598053, ""completed"": true}"
56,20200,S6,S13,"{""agreement"": 0.2804711163043976, ""completed"": true}"
56,20200,S13,S6,"{""agreement"": 0.7343661189079285, ""completed"": true}"
56,20220,S6,S13,"{""agreement"": -0.330068975687027, ""completed"": true}"
56,20220,S13,S6,"{""agreement"": 0.7150524854660034, ""completed"": true}"
56,20580,S6,S9,"{""agreement"": -0.4601343274116516, ""completed"": true}"
56,20580,S9,S6,"{""agreement"": 0.682154655456543, ""completed"": true}"
56,20600,S6,S9,"{""agreement"": 0.03866603225469589, ""completed"": true}"
56,20600,S9,S6,"{""agreement"": 0.40801361203193665, ""completed"": true}"
56,20620,S6,S9,"{""agreement"": -0.17393605411052704, ""completed"": true}"
56,20620,S9,S6,"{""agreement"": -0.35795435309410095, ""completed"": true}"
56,20640,S6,S9,"{""agreement"": 0.7060254216194153, ""completed"": true}"
56,20640,S9,S6,"{""agreement"": 0.24763856828212738, ""completed"": true}"
56,20660,S6,S9,"{""agreement"": 0.5476576685905457, ""completed"": true}"
56,20660,S9,S6,"{""agreement"": 0.05093416944146156, ""completed"": true}"
56,20680,S6,S9,"{""agreement"": 0.857634961605072, ""completed"": true}"
56,20680,S9,S6,"{""agreement"": 0.32898470759391785, ""completed"": true}"
56,21280,S5,S9,"{""agreement"": 0.8179648518562317, ""completed"": true}"
56,21280,S9,S5,"{""agreement"": -0.5887145400047302, ""completed"": true}"
56,21540,S6,S9,"{""agreement"": 0.6934127807617188, ""completed"": true}"
56,21540,S9,S6,"{""agreement"": 0.7943321466445923, ""completed"": true}"
56,21560,S6,S9,"{""agreement"": 0.5578584671020508, ""completed"": true}"
56,21560,S9,S6,"{""agreement"": -0.7058672308921814, ""completed"": true}"
56,21580,S6,S9,"{""agreement"": -0.3266127407550812, ""completed"": true}"
56,21580,S9,S6,"{""agreement"": -0.8227078914642334, ""completed"": true}"
56,21600,S6,S9,"{""agreement"": -0.25021830201148987, ""completed"": true}"
56,21600,S9,S6,"{""agreement"": 0.46707645058631897, ""completed"": true}"
56,21620,S6,S9,"{""agreement"": -0.20678558945655823, ""completed"": true}"
56,21620,S9,S6,"{""agreement"": -0.5785521864891052, ""completed"": true}"
56,21640,S6,S9,"{""agreement"": 0.898250937461853, ""completed"": true}"
56,21640,S9,S6,"{""agreement"": 0.12258853018283844, ""completed"": true}"
56,21660,S6,S9,"{""agreement"": 0.7532470226287842, ""completed"": true}"
56,21660,S9,S6,"{""agreement"": 0.04010864347219467, ""completed"": true}"
56,21680,S6,S9,"{""agreement"": 0.8276457786560059, ""completed"": true}"
56,21680,S9,S6,"{""agreement"": -0.011073626577854156, ""completed"": true}"
56,21700,S6,S9,"{""agreement"": 0.2754940092563629, ""completed"": true}"
56,21700,S9,S6,"{""agreement"": 0.6815148591995239, ""completed"": true}"
56,22140,S16,S5,"{""agreement"": 0.5478065013885498, ""completed"": true}"
56,22140,S5,S16,"{""agreement"": -0.19931039214134216, ""completed"": true}"
56,22160,S16,S5,"{""agreement"": 0.6468021869659424, ""completed"": true}"
56,22160,S5,S16,"{""agreement"": 0.08122701197862625, ""completed"": true}"
56,22180,S16,S5,"{""agreement"": 0.20160582661628723, ""completed"": true}"
56,22180,S5,S16,"{""agreement"": 0.13007980585098267, ""completed"": true}"
56,22200,S16,S5,"{""agreement"": 0.730285108089447, ""completed"": true}"
56,22200,S5,S16,"{""agreement"": -0.4350283443927765, ""completed"": true}"
56,22220,S16,S5,"{""agreement"": -0.9484099745750427, ""completed"": true}"
56,22220,S5,S16,"{""agreement"": -0.6000842452049255, ""completed"": true}"
56,22740,S6,S13,"{""agreement"": -0.41169753670692444, ""completed"": true}"
56,22740,S13,S6,"{""agreement"": 0.017005059868097305, ""completed"": true}"
56,22760,S6,S13,"{""agreement"": -0.7545074224472046, ""completed"": true}"
56,22760,S13,S6,"{""agreement"": 0.4362223148345947, ""completed"": true}"
56,22780,S13,S6,"{""agreement"": 0.03457673266530037, ""completed"": true}"
56,22800,S13,S6,"{""agreement"": -0.872681736946106, ""completed"": true}"
56,22820,S13,S6,"{""agreement"": 0.9280107021331787, ""completed"": true}"
56,22840,S13,S6,"{""agreement"": 0.4279426038265228, ""completed"": true}"
56,22860,S13,S6,"{""agreement"": -0.5406115055084229, ""completed"": true}"
56,22880,S13,S6,"{""agreement"": 0.1622735857963562, ""completed"": true}"
56,22900,S13,S6,"{""agreement"": 0.2046065330505371, ""completed"": true}"
56,22920,S3,S15,"{""agreement"": 0.020156869664788246, ""completed"": true}"
56,22920,S15,S3,"{""agreement"": -0.7591148018836975, ""completed"": true}"
56,22940,S3,S15,"{""agreement"": 0.7413461804389954, ""completed"": true}"
56,22940,S15,S3,"{""agreement"": -0.43035006523132324, ""completed"": true}"
56,22960,S3,S15,"{""agreement"": -0.5799943208694458, ""completed"": true}"
56,22960,S15,S3,"{""agreement"": -0.20929425954818726, ""completed"": true}"
56,22980,S3,S15,"{""agreement"": -0.6925240159034729, ""completed"": true}"
56,22980,S15,S3,"{""agreement"": 0.7828973531723022, ""completed"": true}"
56,23000,S3,S15,"{""agreement"": 0.6197248697280884, ""completed"": true}"
56,23000,S15,S7,"{""agreement"": 0.3704267740249634, ""completed"": true}"
56,23000,S7,S15,"{""agreement"": 0.033636633306741714, ""completed"": true}"
56,23020,S3,S15,"{""agreement"": -0.902168333530426, ""completed"": true}"
56,23020,S15,S7,"{""agreement"": 0.5365136861801147, ""completed"": true}"
56,23020,S7,S15,"{""agreement"": -0.8684665560722351, ""completed"": true}"
56,23040,S3,S15,"{""agreement"": 0.9363650679588318, ""completed"": true}"
56,23040,S15,S7,"{""agreement"": -0.31315377354621887, ""completed"": true}"
56,23040,S7,S15,"{""agreement"": -0.20432840287685394, ""completed"": true}"
56,23040,S13,S5,"{""agreement"": -0.03926552087068558, ""completed"": true}"
56,23040,S5,S13,"{""agreement"": 0.1683795303106308, ""completed"": true}"
56,23060,S3,S15,"{""agreement"": -0.9488662481307983, ""completed"": true}"
56,23060,S15,S3,"{""agreement"": 0.3106224834918976, ""completed"": true}"
56,23060,S16,S13,"{""agreement"": -0.5295311808586121, ""completed"": true}"
56,23060,S13,S5,"{""agreement"": -0.7915653586387634, ""completed"": true}"
56,23060,S5,S13,"{""agreement"": -0.7951051592826843, ""completed"": true}"
56,23080,S3,S15,"{""agreement"": 0.7899073958396912, ""completed"": true}"
56,23080,S15,S3,"{""agreement"": -0.8485327363014221, ""completed"": true}"
56,23080,S13,S5,"{""agreement"": -0.32730308175086975, ""completed"": true}"
56,23080,S5,S13,"{""agreement"": 0.48272162675857544, ""completed"": true}"
56,23100,S3,S15,"{""agreement"": 0.5243200659751892, ""completed"": true}"
56,23100,S15,S3,"{""agreement"": 0.894546627998352, ""completed"": true}"
56,23100,S13,S5,"{""agreement"": -0.8725076913833618, ""completed"": true}"
56,23100,S5,S13,"{""agreement"": 0.7729282379150391, ""completed"": true}"
56,23120,S3,S15,"{""agreement"": 0.5372201800346375, ""completed"": true}"
56,23120,S15,S3,"{""agreement"": 0.3473050594329834, ""completed"": true}"
56,23120,S13,S5,"{""agreement"": -0.19408810138702393, ""completed"": true}"
56,23120,S5,S13,"{""agreement"": 0.7615783214569092, ""completed"": true}"
56,23140,S3,S15,"{""agreement"": -0.08624224364757538, ""completed"": true}"
56,23140,S15,S3,"{""agreement"": -0.3670746386051178, ""completed"": true}"
56,23140,S5,S13,"{""agreement"": -0.7045673727989197, ""completed"": true}"
56,23160,S3,S15,"{""agreement"": 0.12017444521188736, ""completed"": true}"
56,23160,S15,S3,"{""agreement"": 0.32153835892677307, ""completed"": true}"
56,23160,S5,S13,"{""agreement"": -0.362783282995224, ""completed"": true}"
56,23180,S3,S15,"{""agreement"": -0.05003334954380989, ""completed"": true}"
56,23180,S15,S3,"{""agreement"": -0.6714916825294495, ""completed"": true}"
56,23180,S5,S13,"{""agreement"": -0.7593756318092346, ""completed"": true}"
56,23200,S3,S15,"{""agreement"": 0.9568726420402527, ""completed"": true}"
56,23200,S15,S3,"{""agreement"": 0.8749752640724182, ""completed"": true}"
56,23200,S5,S13,"{""agreement"": 0.6998949646949768, ""completed"": true}"
56,23220,S3,S15,"{""agreement"": -0.8588135838508606, ""completed"": true}"
56,23220,S15,S3,"{""agreement"": -0.7899674773216248, ""completed"": true}"
56,23220,S5,S13,"{""agreement"": -0.749454140663147, ""completed"": true}"
56,23240,S3,S15,"{""agreement"": 0.5613457560539246, ""completed"": true}"
56,23240,S15,S3,"{""agreement"": -0.8115538954734802, ""completed"": true}"
56,23240,S5,S13,"{""agreement"": 0.8677009344100952, ""completed"": true}"
56,23260,S3,S15,"{""agreement"": -0.3413727283477783, ""completed"": true}"
56,23260,S5,S13,"{""agreement"": 0.8324055075645447, ""completed"": true}"
56,23280,S3,S15,"{""agreement"": 0.022903243079781532, ""completed"": true}"
56,23280,S5,S13,"{""agreement"": -0.44765281677246094, ""completed"": true}"
56,23300,S3,S15,"{""agreement"": -0.102000892162323, ""completed"": true}"
56,23300,S5,S13,"{""agreement"": 0.40029481053352356, ""completed"": true}"
56,23320,S3,S15,"{""agreement"": -0.845893144607544, ""completed"": true}"
56,23320,S5,S13,"{""agreement"": -0.8719691634178162, ""completed"": true}"
56,23340,S5,S13,"{""agreement"": 0.8039395809173584, ""completed"": true}"
56,23360,S5,S13,"{""agreement"": -0.615881085395813, ""completed"": true}"
56,23380,S5,S13,"{""agreement"": 0.3610920310020447, ""completed"": true}"
56,23400,S5,S13,"{""agreement"": -0.37129420042037964, ""completed"": true}"
56,23420,S5,S13,"{""agreement"": -0.8830273151397705, ""completed"": true}"
56,23680,S7,S13,"{""agreement"": 0.6191175580024719, ""completed"": true}"
56,23680,S13,S7,"{""agreement"": -0.4064812958240509, ""completed"": true}"
56,23700,S7,S13,"{""agreement"": -0.38584694266319275, ""completed"": true}"
56,23700,S13,S7,"{""agreement"": 0.2860003411769867, ""completed"": true}"
56,23720,S7,S13,"{""agreement"": 0.8472561240196228, ""completed"": true}"
56,23720,S13,S7,"{""agreement"": 0.017135171219706535, ""completed"": true}"
56,23740,S7,S13,"{""agreement"": 0.7874029278755188, ""completed"": true}"
56,23740,S13,S7,"{""agreement"": -0.6828383803367615, ""completed"": true}"
56,23760,S7,S13,"{""agreement"": -0.2101437896490097, ""completed"": true}"
56,23760,S13,S7,"{""agreement"": -0.26546144485473633, ""completed"": true}"
56,23780,S7,S13,"{""agreement"": 0.6894317269325256, ""completed"": true}"
56,23780,S13,S7,"{""agreement"": 0.9132232069969177, ""completed"": true}"
56,23800,S7,S13,"{""agreement"": 0.9561898708343506, ""completed"": true}"
56,23800,S13,S7,"{""agreement"": 0.14372269809246063, ""completed"": true}"
56,23820,S7,S13,"{""agreement"": 0.34097957611083984, ""completed"": true}"
56,23820,S13,S7,"{""agreement"": 0.1761278659105301, ""completed"": true}"
56,23840,S6,S9,"{""agreement"": 0.3908225893974304, ""completed"": true}"
56,23840,S9,S6,"{""agreement"": -0.3356751501560211, ""completed"": true}"
56,23840,S7,S13,"{""agreement"": -0.01959928870201111, ""completed"": true}"
56,23840,S13,S7,"{""agreement"": 0.7270525693893433, ""completed"": true}"
56,23860,S6,S9,"{""agreement"": 0.49562060832977295, ""completed"": true}"
56,23860,S9,S6,"{""agreement"": 0.9469202160835266, ""completed"": true}"
56,23860,S7,S13,"{""agreement"": -0.827356219291687, ""completed"": true}"
56,23860,S13,S7,"{""agreement"": 0.8395806550979614, ""completed"": true}"
56,23880,S6,S9,"{""agreement"": 0.3808230459690094, ""completed"": true}"
56,23880,S9,S6,"{""agreement"": -0.3402078449726105, ""completed"": true}"
56,23880,S7,S13,"{""agreement"": 0.922465980052948, ""completed"": true}"
56,23880,S13,S7,"{""agreement"": -0.22510632872581482, ""completed"": true}"
56,23900,S6,S9,"{""agreement"": 0.6431258320808411, ""completed"": true}"
56,23900,S9,S6,"{""agreement"": 0.6470417976379395, ""completed"": true}"
56,23900,S7,S13,"{""agreement"": 0.4159727394580841, ""completed"": true}"
56,23900,S13,S7,"{""agreement"": 0.9466155767440796, ""completed"": true}"
56,23920,S3,S5,"{""agreement"": 0.2106536626815796, ""completed"": true}"
56,23920,S5,S3,"{""agreement"": -0.9076102375984192, ""completed"": true}"
56,23920,S6,S9,"{""agreement"": 0.691503643989563, ""completed"": true}"
56,23920,S9,S6,"{""agreement"": -0.1871151328086853, ""completed"": true}"
56,23920,S7,S13,"{""agreement"": -0.7797220349311829, ""completed"": true}"
56,23920,S13,S7,"{""agreement"": 0.07561886310577393, ""completed"": true}"
56,23940,S3,S5,"{""agreement"": -0.4295121729373932, ""completed"": true}"
56,23940,S6,S9,"{""agreement"": 0.33854368329048157, ""completed"": true}"
56,23940,S9,S6,"{""agreement"": -0.23745132982730865, ""completed"": true}"
56,23940,S7,S13,"{""agreement"": -0.6287513375282288, ""completed"": true}"
56,23940,S13,S7,"{""agreement"": 0.3247283399105072, ""completed"": true}"
56,23960,S3,S5,"{""agreement"": 0.6829853057861328, ""completed"": true}"
56,23960,S6,S9,"{""agreement"": 0.3636322021484375, ""completed"": true}"
56,23960,S9,S6,"{""agreement"": -0.7457441091537476, ""completed"": true}"
56,23960,S7,S13,"{""agreement"": -0.13893869519233704, ""completed"": true}"
56,23960,S13,S7,"{""agreement"": -0.6867954134941101, ""completed"": true}"
56,23980,S3,S5,"{""agreement"": 0.5485576391220093, ""completed"": true}"
56,23980,S6,S9,"{""agreement"": 0.7828514575958252, ""completed"": true}"
56,23980,S7,S13,"{""agreement"": 0.6573904156684875, ""completed"": true}"
56,23980,S13,S7,"{""agreement"": -0.9459921717643738, ""completed"": true}"
56,24000,S3,S5,"{""agreement"": -0.6714212894439697, ""completed"": true}"
56,24000,S6,S9,"{""agreement"": 0.04797611013054848, ""completed"": true}"
56,24000,S7,S13,"{""agreement"": 0.674763560295105, ""completed"": true}"
56,24000,S13,S7,"{""agreement"": 0.8773558139801025, ""completed"": true}"
56,24020,S6,S9,"{""agreement"": 0.8775880336761475, ""completed"": true}"
56,24020,S7,S13,"{""agreement"": -0.6022740006446838, ""completed"": true}"
56,24020,S13,S7,"{""agreement"": 0.9292421340942383, ""completed"": true}"
56,24040,S6,S9,"{""agreement"": -0.08798396587371826, ""completed"": true}"
56,24040,S7,S13,"{""agreement"": -0.575350284576416, ""completed"": true}"
56,24040,S13,S7,"{""agreement"": 0.3151411712169647, ""completed"": true}"
56,24060,S6,S9,"{""agreement"": -0.6715019345283508, ""completed"": true}"
56,24060,S13,S7,"{""agreement"": 0.9499049186706543, ""completed"": true}"
56,24080,S6,S9,"{""agreement"": 0.9657842516899109, ""completed"": true}"
56,24080,S13,S7,"{""agreement"": 0.09855744987726212, ""completed"": true}"
56,24100,S6,S9,"{""agreement"": 0.13908958435058594, ""completed"": true}"
56,24100,S13,S7,"{""agreement"": 0.7173105478286743, ""completed"": true}"
56,24120,S6,S9,"{""agreement"": 0.940848171710968, ""completed"": true}"
56,24120,S13,S7,"{""agreement"": 0.9169363379478455, ""completed"": true}"
56,24140,S7,S13,"{""agreement"": -0.7456765174865723, ""completed"": true}"
56,24140,S13,S7,"{""agreement"": 0.3673272728919983, ""completed"": true}"
56,24160,S13,S7,"{""agreement"": 0.7423413395881653, ""completed"": true}"
56,24180,S13,S7,"{""agreement"": -0.4070550203323364, ""completed"": true}"
56,24200,S13,S7,"{""agreement"": 0.6706562638282776, ""completed"": true}"
56,24220,S13,S7,"{""agreement"": 0.8799876570701599, ""completed"": true}"
56,24240,S13,S7,"{""agreement"": 0.2364598661661148, ""completed"": true}"
56,24260,S13,S7,"{""agreement"": 0.8854982852935791, ""completed"": true}"
56,24280,S6,S5,"{""agreement"": -0.9347327351570129, ""completed"": true}"
56,24280,S5,S6,"{""agreement"": 0.1998920887708664, ""completed"": true}"
56,24280,S11,S15,"{""agreement"": 0.7826310992240906, ""completed"": true}"
56,24280,S15,S11,"{""agreement"": -0.1392267793416977, ""completed"": true}"
56,24280,S13,S7,"{""agreement"": 0.06139504909515381, ""completed"": true}"
56,24300,S6,S5,"{""agreement"": 0.9064621329307556, ""completed"": true}"
56,24300,S5,S6,"{""agreement"": 0.8814922571182251, ""completed"": true}"
56,24300,S11,S15,"{""agreement"": 0.832822322845459, ""completed"": true}"
56,24300,S15,S11,"{""agreement"": -0.40328454971313477, ""completed"": true}"
56,24300,S13,S7,"{""agreement"": 0.8834345936775208, ""completed"": true}"
56,24320,S6,S5,"{""agreement"": 0.604209303855896, ""completed"": true}"
56,24320,S5,S6,"{""agreement"": 0.47552087903022766, ""completed"": true}"
56,24320,S11,S15,"{""agreement"": 0.6659940481185913, ""completed"": true}"
56,24320,S15,S11,"{""agreement"": -0.7217199802398682, ""completed"": true}"
56,24320,S13,S7,"{""agreement"": -0.3699173331260681, ""completed"": true}"
56,24340,S6,S5,"{""agreement"": -0.9599780440330505, ""completed"": true}"
56,24340,S5,S6,"{""agreement"": -0.7535327672958374, ""completed"": true}"
56,24340,S11,S15,"{""agreement"": 0.29927417635917664, ""completed"": true}"
56,24340,S15,S11,"{""agreement"": -0.5259383916854858, ""completed"": true}"
56,24340,S13,S7,"{""agreement"": -0.004219663795083761, ""completed"": true}"
56,24360,S6,S5,"{""agreement"": 0.7420189380645752, ""completed"": true}"
56,24360,S5,S6,"{""agreement"": -0.39851856231689453, ""completed"": true}"
56,24360,S11,S15,"{""agreement"": -0.3538215756416321, ""completed"": true}"
56,24360,S13,S7,"{""agreement"": -0.49563971161842346, ""completed"": true}"
56,24380,S6,S5,"{""agreement"": 0.83622145652771, ""completed"": true}"
56,24380,S5,S6,"{""agreement"": 0.34865283966064453, ""completed"": true}"
56,24380,S11,S15,"{""agreement"": 0.6570589542388916, ""completed"": true}"
56,24380,S13,S7,"{""agreement"": 0.9373635053634644, ""completed"": true}"
56,24400,S6,S5,"{""agreement"": -0.6207069158554077, ""completed"": true}"
56,24400,S5,S6,"{""agreement"": -0.8752314448356628, ""completed"": true}"
56,24400,S11,S15,"{""agreement"": -0.42817559838294983, ""completed"": true}"
56,24400,S13,S7,"{""agreement"": -0.9067152142524719, ""completed"": true}"
56,24420,S6,S5,"{""agreement"": 0.8670529723167419, ""completed"": true}"
56,24420,S5,S6,"{""agreement"": -0.9467876553535461, ""completed"": true}"
56,24420,S11,S15,"{""agreement"": -0.2308226376771927, ""completed"": true}"
56,24420,S13,S7,"{""agreement"": 0.17265267670154572, ""completed"": true}"
56,24440,S6,S5,"{""agreement"": 0.7086042165756226, ""completed"": true}"
56,24440,S11,S15,"{""agreement"": -0.3542669713497162, ""completed"": true}"
56,24440,S13,S7,"{""agreement"": 0.8260320425033569, ""completed"": true}"
56,24460,S6,S5,"{""agreement"": -0.9595717191696167, ""completed"": true}"
56,24460,S11,S15,"{""agreement"": 0.7644751667976379, ""completed"": true}"
56,24460,S13,S7,"{""agreement"": 0.4433133006095886, ""completed"": true}"
56,24480,S6,S5,"{""agreement"": 0.7102164030075073, ""completed"": true}"
56,24480,S11,S15,"{""agreement"": 0.10579174757003784, ""completed"": true}"
56,24480,S13,S7,"{""agreement"": 0.5130475759506226, ""completed"": true}"
56,24500,S6,S5,"{""agreement"": -0.6431028842926025, ""completed"": true}"
56,24500,S11,S15,"{""agreement"": -0.3401799499988556, ""completed"": true}"
56,24500,S13,S7,"{""agreement"": -0.8825461268424988, ""completed"": true}"
56,24520,S6,S5,"{""agreement"": 0.04084409400820732, ""completed"": true}"
56,24520,S11,S15,"{""agreement"": -0.6075714826583862, ""completed"": true}"
56,24520,S13,S7,"{""agreement"": 0.019553521648049355, ""completed"": true}"
56,24540,S11,S15,"{""agreement"": -0.32539722323417664, ""completed"": true}"
56,24540,S13,S7,"{""agreement"": -0.09713219106197357, ""completed"": true}"
56,24560,S13,S7,"{""agreement"": -0.001397355692461133, ""completed"": true}"
56,24580,S13,S7,"{""agreement"": -0.9276208281517029, ""completed"": true}"
56,25760,S3,S9,"{""agreement"": 0.6839064359664917, ""completed"": true}"
56,25760,S9,S3,"{""agreement"": 0.7924728989601135, ""completed"": true}"
56,25780,S3,S9,"{""agreement"": 0.7844765186309814, ""completed"": true}"
56,25780,S9,S3,"{""agreement"": 0.7691144347190857, ""completed"": true}"
56,26040,S11,S13,"{""agreement"": -0.46006476879119873, ""completed"": true}"
56,26040,S13,S11,"{""agreement"": 0.7763336896896362, ""completed"": true}"
56,26060,S11,S13,"{""agreement"": 0.8258899450302124, ""completed"": true}"
56,26060,S13,S11,"{""agreement"": -0.12965771555900574, ""completed"": true}"
56,26920,S11,S8,"{""agreement"": -0.5592283606529236, ""completed"": true}"
56,26920,S8,S11,"{""agreement"": 0.9182366728782654, ""completed"": true}"
56,26940,S11,S8,"{""agreement"": -0.6563278436660767, ""completed"": true}"
56,26940,S8,S11,"{""agreement"": -0.2589566707611084, ""completed"": true}"
56,26960,S11,S8,"{""agreement"": 0.6937758922576904, ""completed"": true}"
56,26960,S8,S11,"{""agreement"": 0.719643771648407, ""completed"": true}"
56,26980,S11,S8,"{""agreement"": -0.18676549196243286, ""completed"": true}"
56,26980,S8,S11,"{""agreement"": 0.8089553117752075, ""completed"": true}"
56,27000,S11,S8,"{""agreement"": -0.6980000138282776, ""completed"": true}"
56,27000,S8,S11,"{""agreement"": 0.44928550720214844, ""completed"": true}"
56,27020,S11,S8,"{""agreement"": 0.09500285238027573, ""completed"": true}"
56,27020,S8,S11,"{""agreement"": 0.6842938661575317, ""completed"": true}"
56,27020,S5,S15,"{""agreement"": 0.5874261856079102, ""completed"": true}"
56,27020,S15,S5,"{""agreement"": -0.34799426794052124, ""completed"": true}"
56,27040,S11,S8,"{""agreement"": -0.6813611388206482, ""completed"": true}"
56,27040,S8,S11,"{""agreement"": 0.41084927320480347, ""completed"": true}"
56,27040,S5,S15,"{""agreement"": -0.6698192954063416, ""completed"": true}"
56,27040,S15,S5,"{""agreement"": -0.6451713442802429, ""completed"": true}"
56,27060,S8,S11,"{""agreement"": 0.7403061389923096, ""completed"": true}"
56,27060,S5,S15,"{""agreement"": 0.2210158109664917, ""completed"": true}"
56,27060,S15,S5,"{""agreement"": 0.81217360496521, ""completed"": true}"
56,27080,S8,S11,"{""agreement"": -0.3680579662322998, ""completed"": true}"
56,27080,S5,S15,"{""agreement"": 0.22389830648899078, ""completed"": true}"
56,27080,S15,S5,"{""agreement"": -0.5849776864051819, ""completed"": true}"
56,27100,S8,S11,"{""agreement"": -0.597244918346405, ""completed"": true}"
56,27100,S5,S15,"{""agreement"": 0.6976953148841858, ""completed"": true}"
56,27100,S15,S5,"{""agreement"": -0.42307791113853455, ""completed"": true}"
56,27120,S8,S11,"{""agreement"": 0.6899347305297852, ""completed"": true}"
56,27120,S5,S15,"{""agreement"": -0.27816081047058105, ""completed"": true}"
56,27120,S15,S5,"{""agreement"": 0.5912233591079712, ""completed"": true}"
56,27140,S8,S11,"{""agreement"": 0.35048627853393555, ""completed"": true}"
56,27140,S5,S15,"{""agreement"": 0.23158633708953857, ""completed"": true}"
56,27140,S15,S5,"{""agreement"": -0.7072194814682007, ""completed"": true}"
56,27160,S8,S11,"{""agreement"": -0.2601020038127899, ""completed"": true}"
56,27160,S5,S15,"{""agreement"": 0.8958020210266113, ""completed"": true}"
56,27160,S15,S5,"{""agreement"": -0.8311508893966675, ""completed"": true}"
56,27180,S8,S11,"{""agreement"": 0.8258918523788452, ""completed"": true}"
56,27180,S5,S15,"{""agreement"": -0.5600106120109558, ""completed"": true}"
56,27200,S8,S11,"{""agreement"": -0.06405875831842422, ""completed"": true}"
56,27220,S8,S11,"{""agreement"": 0.5245692133903503, ""completed"": true}"
56,27240,S8,S11,"{""agreement"": -0.31841152906417847, ""completed"": true}"
56,27260,S16,S15,"{""agreement"": -0.7828613519668579, ""completed"": true}"
56,27260,S15,S16,"{""agreement"": -0.2357177436351776, ""completed"": true}"
56,27260,S8,S11,"{""agreement"": -0.058015916496515274, ""completed"": true}"
56,27280,S15,S16,"{""agreement"": 0.045490700751543045, ""completed"": true}"
56,27280,S8,S11,"{""agreement"": -0.08427412807941437, ""completed"": true}"
56,27300,S15,S16,"{""agreement"": -0.3339241147041321, ""completed"": true}"
56,27300,S8,S11,"{""agreement"": 0.9762042760848999, ""completed"": true}"
56,27320,S8,S11,"{""agreement"": -0.8600078225135803, ""completed"": true}"
56,27340,S8,S11,"{""agreement"": -0.6004155874252319, ""completed"": true}"
56,27360,S8,S11,"{""agreement"": -0.5922166705131531, ""completed"": true}"
56,28240,S6,S11,"{""agreement"": 0.12891186773777008, ""completed"": true}"
56,28240,S11,S6,"{""agreement"": 0.46288803219795227, ""completed"": true}"
56,28260,S6,S11,"{""agreement"": 0.9615352153778076, ""completed"": true}"
56,28260,S11,S6,"{""agreement"": 0.46256500482559204, ""completed"": true}"
56,28280,S6,S11,"{""agreement"": -0.17042754590511322, ""completed"": true}"
56,28280,S11,S6,"{""agreement"": 0.9405677318572998, ""completed"": true}"
56,28300,S6,S11,"{""agreement"": -0.6094342470169067, ""completed"": true}"
56,28300,S11,S6,"{""agreement"": -0.6059829592704773, ""completed"": true}"
56,28320,S6,S11,"{""agreement"": -0.849384605884552, ""completed"": true}"
56,28320,S11,S6,"{""agreement"": 0.6125689744949341, ""completed"": true}"
56,28340,S11,S6,"{""agreement"": 0.5489113926887512, ""completed"": true}"
56,28360,S11,S6,"{""agreement"": -0.9445285797119141, ""completed"": true}"
56,28380,S11,S6,"{""agreement"": -0.8169334530830383, ""completed"": true}"
56,28400,S11,S6,"{""agreement"": -0.16058653593063354, ""completed"": true}"
56,28420,S11,S6,"{""agreement"": 0.793620765209198, ""completed"": true}"
56,28440,S11,S6,"{""agreement"": 0.6158762574195862, ""completed"": true}"
56,28460,S11,S6,"{""agreement"": -0.8927125334739685, ""completed"": true}"
56,28480,S11,S6,"{""agreement"": -0.8920934200286865, ""completed"": true}"
56,28480,S8,S15,"{""agreement"": 0.8241971731185913, ""completed"": true}"
56,28480,S15,S8,"{""agreement"": 0.5142233371734619, ""completed"": true}"
56,28500,S8,S15,"{""agreement"": -0.11053995043039322, ""completed"": true}"
56,28500,S15,S8,"{""agreement"": 0.10754425823688507, ""completed"": true}"
56,28520,S8,S15,"{""agreement"": 0.8630604147911072, ""completed"": true}"
56,28520,S15,S8,"{""agreement"": -0.7856907248497009, ""completed"": true}"
56,28540,S8,S15,"{""agreement"": -0.5122458338737488, ""completed"": true}"
56,28540,S15,S8,"{""agreement"": 0.310315877199173, ""completed"": true}"
56,28560,S8,S15,"{""agreement"": -0.049085136502981186, ""completed"": true}"
56,28560,S15,S8,"{""agreement"": 0.8124956488609314, ""completed"": true}"
56,28580,S8,S15,"{""agreement"": 0.37857455015182495, ""completed"": true}"
56,28580,S15,S8,"{""agreement"": -0.15753233432769775, ""completed"": true}"
56,28600,S8,S15,"{""agreement"": -0.8952623605728149, ""completed"": true}"
56,28600,S15,S8,"{""agreement"": -0.24614806473255157, ""completed"": true}"
56,28620,S8,S15,"{""agreement"": -0.6165902018547058, ""completed"": true}"
56,28620,S15,S8,"{""agreement"": 0.7504770159721375, ""completed"": true}"
56,28640,S15,S8,"{""agreement"": -0.11257079243659973, ""completed"": true}"
56,28820,S7,S5,"{""agreement"": 0.33256444334983826, ""completed"": true}"
56,28820,S5,S7,"{""agreement"": -0.22020649909973145, ""completed"": true}"
56,28840,S7,S5,"{""agreement"": -0.27908042073249817, ""completed"": true}"
56,28840,S5,S7,"{""agreement"": -0.2909422814846039, ""completed"": true}"
56,28860,S7,S5,"{""agreement"": 0.38677728176116943, ""completed"": true}"
56,28860,S5,S7,"{""agreement"": -0.5921517014503479, ""completed"": true}"
56,28880,S3,S16,"{""agreement"": -0.4271058738231659, ""completed"": true}"
56,28880,S16,S3,"{""agreement"": -0.7808201313018799, ""completed"": true}"
56,28880,S7,S5,"{""agreement"": 0.5797879695892334, ""completed"": true}"
56,28880,S5,S7,"{""agreement"": -0.4191720485687256, ""completed"": true}"
56,28900,S3,S16,"{""agreement"": 0.3518548607826233, ""completed"": true}"
56,28900,S16,S3,"{""agreement"": 0.9549034833908081, ""completed"": true}"
56,28900,S7,S5,"{""agreement"": -0.7182614803314209, ""completed"": true}"
56,28920,S3,S16,"{""agreement"": -0.7834308743476868, ""completed"": true}"
56,28920,S16,S3,"{""agreement"": -0.4030746817588806, ""completed"": true}"
56,28920,S7,S5,"{""agreement"": -0.39916884899139404, ""completed"": true}"
56,28940,S3,S16,"{""agreement"": 0.9329210519790649, ""completed"": true}"
56,28940,S16,S3,"{""agreement"": 0.6360950469970703, ""completed"": true}"
56,28940,S7,S5,"{""agreement"": 0.8615009784698486, ""completed"": true}"
56,28960,S3,S16,"{""agreement"": 0.10055779665708542, ""completed"": true}"
56,28960,S16,S3,"{""agreement"": -0.463995099067688, ""completed"": true}"
56,28980,S3,S16,"{""agreement"": -0.7070887088775635, ""completed"": true}"
56,28980,S16,S3,"{""agreement"": -0.4333200752735138, ""completed"": true}"
56,29000,S3,S16,"{""agreement"": -0.12764641642570496, ""completed"": true}"
56,29000,S16,S3,"{""agreement"": 0.48462769389152527, ""completed"": true}"
56,29020,S3,S16,"{""agreement"": -0.3486604690551758, ""completed"": true}"
56,29020,S16,S3,"{""agreement"": 0.940308690071106, ""completed"": true}"
56,29040,S3,S16,"{""agreement"": -0.13307896256446838, ""completed"": true}"
56,29040,S16,S3,"{""agreement"": -0.6427177786827087, ""completed"": true}"
56,29060,S3,S16,"{""agreement"": -0.5417046546936035, ""completed"": true}"
56,29060,S16,S3,"{""agreement"": 0.958059549331665, ""completed"": true}"
56,29080,S16,S3,"{""agreement"": -0.7061911225318909, ""completed"": true}"
56,29100,S16,S3,"{""agreement"": 0.2889846861362457, ""completed"": true}"
56,29120,S16,S3,"{""agreement"": 0.9612521529197693, ""completed"": true}"
56,29120,S7,S9,"{""agreement"": 0.9352387189865112, ""completed"": true}"
56,29140,S16,S3,"{""agreement"": -0.5560246109962463, ""completed"": true}"
56,29140,S7,S9,"{""agreement"": 0.33580467104911804, ""completed"": true}"
56,29160,S16,S3,"{""agreement"": -0.4708308279514313, ""completed"": true}"
56,29160,S7,S9,"{""agreement"": 0.884545624256134, ""completed"": true}"
56,29180,S16,S3,"{""agreement"": 0.9507526159286499, ""completed"": true}"
56,29180,S7,S9,"{""agreement"": 0.030942343175411224, ""completed"": true}"
56,29200,S16,S3,"{""agreement"": 0.35022637248039246, ""completed"": true}"
56,29200,S7,S9,"{""agreement"": -0.5146865248680115, ""completed"": true}"
56,29220,S16,S3,"{""agreement"": 0.31875884532928467, ""completed"": true}"
56,29220,S7,S9,"{""agreement"": 0.4963252544403076, ""completed"": true}"
56,29240,S16,S3,"{""agreement"": 0.7077261805534363, ""completed"": true}"
56,29240,S7,S9,"{""agreement"": 0.4714149236679077, ""completed"": true}"
56,29260,S16,S3,"{""agreement"": 0.231593519449234, ""completed"": true}"
56,29260,S7,S9,"{""agreement"": 0.6389345526695251, ""completed"": true}"
56,29280,S16,S3,"{""agreement"": -0.004744037985801697, ""completed"": true}"
56,29280,S7,S9,"{""agreement"": 0.9169556498527527, ""completed"": true}"
56,29300,S7,S9,"{""agreement"": -0.29454827308654785, ""completed"": true}"
56,29320,S7,S9,"{""agreement"": 0.7341635823249817, ""completed"": true}"
56,29340,S7,S9,"{""agreement"": 0.07940460741519928, ""completed"": true}"
56,29600,S16,S7,"{""agreement"": 0.7580466270446777, ""completed"": true}"
56,29600,S7,S16,"{""agreement"": -0.6868495941162109, ""completed"": true}"
56,29620,S16,S7,"{""agreement"": -0.23037905991077423, ""completed"": true}"
56,29620,S7,S16,"{""agreement"": 0.9221673011779785, ""completed"": true}"
56,29640,S16,S7,"{""agreement"": 0.8992041349411011, ""completed"": true}"
56,29640,S7,S16,"{""agreement"": 0.9191168546676636, ""completed"": true}"
56,29660,S16,S7,"{""agreement"": 0.16112695634365082, ""completed"": true}"
56,29660,S7,S16,"{""agreement"": -0.17941556870937347, ""completed"": true}"
56,29680,S16,S7,"{""agreement"": -0.5174452662467957, ""completed"": true}"
56,29680,S7,S16,"{""agreement"": 0.1797904670238495, ""completed"": true}"
56,29700,S16,S7,"{""agreement"": -0.26264089345932007, ""completed"": true}"
56,29700,S7,S16,"{""agreement"": 0.10477454960346222, ""completed"": true}"
56,29720,S16,S7,"{""agreement"": -0.9580541253089905, ""completed"": true}"
56,29720,S7,S16,"{""agreement"": -0.3773794174194336, ""completed"": true}"
56,29740,S16,S7,"{""agreement"": -0.7033482789993286, ""completed"": true}"
56,29740,S7,S16,"{""agreement"": -0.017204545438289642, ""completed"": true}"
56,29760,S7,S16,"{""agreement"": -0.44407176971435547, ""completed"": true}"
56,29780,S7,S16,"{""agreement"": 0.8585467338562012, ""completed"": true}"
56,29800,S7,S16,"{""agreement"": 0.0276029035449028, ""completed"": true}"
56,29820,S7,S16,"{""agreement"": 0.7165707945823669, ""completed"": true}"
56,29840,S7,S16,"{""agreement"": -0.00015835827798582613, ""completed"": true}"
56,29860,S7,S16,"{""agreement"": 0.08364427089691162, ""completed"": true}"
56,29880,S7,S16,"{""agreement"": -0.5644295811653137, ""completed"": true}"
56,29900,S7,S16,"{""agreement"": 0.13013969361782074, ""completed"": true}"
56,29920,S7,S16,"{""agreement"": 0.16448859870433807, ""completed"": true}"
56,29940,S7,S16,"{""agreement"": 0.7214073538780212, ""completed"": true}"
56,29960,S7,S16,"{""agreement"": -0.8345073461532593, ""completed"": true}"
56,29980,S7,S16,"{""agreement"": -0.6615256071090698, ""completed"": true}"
56,30100,S7,S5,"{""agreement"": 0.07292426377534866, ""completed"": true}"
56,30120,S7,S5,"{""agreement"": -0.11868006736040115, ""completed"": true}"
56,30140,S7,S5,"{""agreement"": 0.6356013417243958, ""completed"": true}"
56,30160,S7,S5,"{""agreement"": 0.790913462638855, ""completed"": true}"
56,30180,S7,S5,"{""agreement"": 0.5747259855270386, ""completed"": true}"
56,30200,S7,S5,"{""agreement"": 0.2508285939693451, ""completed"": true}"
56,30220,S7,S5,"{""agreement"": -0.5830547213554382, ""completed"": true}"
56,30240,S7,S5,"{""agreement"": -0.9294667840003967, ""completed"": true}"
56,30260,S7,S5,"{""agreement"": -0.09781962633132935, ""completed"": true}"
56,30280,S7,S5,"{""agreement"": -0.19594286382198334, ""completed"": true}"
56,30300,S7,S5,"{""agreement"": 0.6684879660606384, ""completed"": true}"
56,30320,S7,S5,"{""agreement"": -0.40476444363594055, ""completed"": true}"
56,30340,S7,S5,"{""agreement"": -0.7319415807723999, ""completed"": true}"
56,30440,S7,S9,"{""agreement"": -0.2741639018058777, ""completed"": true}"
56,30500,S11,S13,"{""agreement"": -0.8071579337120056, ""completed"": true}"
56,30500,S13,S11,"{""agreement"": -0.8969280123710632, ""completed"": true}"
56,30520,S11,S13,"{""agreement"": -0.8947057127952576, ""completed"": true}"
56,30520,S13,S11,"{""agreement"": 0.3477078974246979, ""completed"": true}"
56,30540,S13,S11,"{""agreement"": 0.840262234210968, ""completed"": true}"
56,30560,S13,S11,"{""agreement"": -0.5478561520576477, ""completed"": true}"
56,30580,S13,S11,"{""agreement"": -0.13795141875743866, ""completed"": true}"
56,30600,S13,S11,"{""agreement"": -0.45317819714546204, ""completed"": true}"
56,30620,S13,S11,"{""agreement"": 0.4758606553077698, ""completed"": true}"
56,30640,S13,S11,"{""agreement"": 0.7739126682281494, ""completed"": true}"
56,30660,S13,S11,"{""agreement"": 0.9489508271217346, ""completed"": true}"
56,30680,S13,S11,"{""agreement"": 0.6749290823936462, ""completed"": true}"
56,30700,S13,S11,"{""agreement"": 0.8369293212890625, ""completed"": true}"
56,30720,S13,S11,"{""agreement"": 0.8653531670570374, ""completed"": true}"
56,30740,S13,S11,"{""agreement"": 0.630109965801239, ""completed"": true}"
56,30760,S13,S11,"{""agreement"": 0.613419234752655, ""completed"": true}"
56,30780,S13,S11,"{""agreement"": 0.16929541528224945, ""completed"": true}"
56,30800,S13,S11,"{""agreement"": 0.2131376564502716, ""completed"": true}"
56,30820,S13,S11,"{""agreement"": 0.8962328433990479, ""completed"": true}"
56,30840,S13,S11,"{""agreement"": 0.31198009848594666, ""completed"": true}"
56,30860,S13,S11,"{""agreement"": -0.6769202947616577, ""completed"": true}"
56,30880,S13,S11,"{""agreement"": 0.7875711917877197, ""completed"": true}"
56,30900,S13,S11,"{""agreement"": -0.2725234925746918, ""completed"": true}"
56,30920,S13,S11,"{""agreement"": 0.8971918821334839, ""completed"": true}"
56,31120,S11,S7,"{""agreement"": -0.577052652835846, ""completed"": true}"
56,31120,S7,S11,"{""agreement"": -0.04691244289278984, ""completed"": true}"
56,31140,S11,S9,"{""agreement"": 0.7521519660949707, ""completed"": true}"
56,31140,S7,S11,"{""agreement"": -0.9581875801086426, ""completed"": true}"
56,31160,S11,S9,"{""agreement"": 0.8355361223220825, ""completed"": true}"
56,31160,S7,S11,"{""agreement"": 0.543432354927063, ""completed"": true}"
56,31180,S11,S9,"{""agreement"": 0.6864307522773743, ""completed"": true}"
56,31180,S7,S11,"{""agreement"": 0.8220528364181519, ""completed"": true}"
56,31200,S11,S7,"{""agreement"": -0.8374760746955872, ""completed"": true}"
56,31200,S7,S11,"{""agreement"": -0.7793689370155334, ""completed"": true}"
56,31220,S11,S7,"{""agreement"": 0.3956359922885895, ""completed"": true}"
56,31220,S7,S11,"{""agreement"": -0.9050646424293518, ""completed"": true}"
56,31240,S11,S7,"{""agreement"": -0.38388845324516296, ""completed"": true}"
56,31260,S11,S7,"{""agreement"": -0.5886425375938416, ""completed"": true}"
56,31460,S5,S9,"{""agreement"": -0.4968489110469818, ""completed"": true}"
56,31460,S9,S5,"{""agreement"": -0.47667330503463745, ""completed"": true}"
56,31480,S5,S9,"{""agreement"": 0.7082942724227905, ""completed"": true}"
56,31500,S5,S9,"{""agreement"": -0.5002433657646179, ""completed"": true}"
56,31520,S5,S9,"{""agreement"": 0.1428632289171219, ""completed"": true}"
56,31540,S3,S11,"{""agreement"": 0.021586351096630096, ""completed"": true}"
56,31540,S11,S3,"{""agreement"": 0.6829305291175842, ""completed"": true}"
56,31540,S5,S9,"{""agreement"": 0.6198002696037292, ""completed"": true}"
56,31560,S3,S11,"{""agreement"": -0.3038608431816101, ""completed"": true}"
56,31560,S11,S3,"{""agreement"": 0.46537336707115173, ""completed"": true}"
56,31560,S5,S9,"{""agreement"": 0.5443143844604492, ""completed"": true}"
56,31580,S3,S11,"{""agreement"": 0.6397862434387207, ""completed"": true}"
56,31580,S11,S3,"{""agreement"": -0.7970489859580994, ""completed"": true}"
56,31580,S5,S9,"{""agreement"": 0.5684678554534912, ""completed"": true}"
56,31600,S3,S11,"{""agreement"": -0.1926644742488861, ""completed"": true}"
56,31600,S11,S3,"{""agreement"": -0.7827324271202087, ""completed"": true}"
56,31600,S15,S16,"{""agreement"": -0.7239016890525818, ""completed"": true}"
56,31600,S5,S9,"{""agreement"": 0.5457448959350586, ""completed"": true}"
56,31620,S3,S11,"{""agreement"": 0.17920739948749542, ""completed"": true}"
56,31620,S11,S3,"{""agreement"": -0.7368245124816895, ""completed"": true}"
56,31620,S13,S11,"{""agreement"": -0.434476375579834, ""completed"": true}"
56,31620,S5,S9,"{""agreement"": 0.5607272982597351, ""completed"": true}"
56,31640,S3,S11,"{""agreement"": 0.6119787096977234, ""completed"": true}"
56,31640,S13,S11,"{""agreement"": 0.32973116636276245, ""completed"": true}"
56,31640,S5,S9,"{""agreement"": 0.1692294180393219, ""completed"": true}"
56,31660,S3,S11,"{""agreement"": 0.8589199781417847, ""completed"": true}"
56,31660,S13,S11,"{""agreement"": 0.2124003916978836, ""completed"": true}"
56,31660,S5,S9,"{""agreement"": -0.05720822885632515, ""completed"": true}"
56,31680,S3,S11,"{""agreement"": -0.2685048282146454, ""completed"": true}"
56,31680,S13,S11,"{""agreement"": -0.22451935708522797, ""completed"": true}"
56,31680,S5,S9,"{""agreement"": -0.24826404452323914, ""completed"": true}"
56,31700,S13,S11,"{""agreement"": -0.8290608525276184, ""completed"": true}"
56,31700,S5,S9,"{""agreement"": 0.9045983552932739, ""completed"": true}"
56,31720,S13,S11,"{""agreement"": 0.18246681988239288, ""completed"": true}"
56,31720,S5,S9,"{""agreement"": -0.550065279006958, ""completed"": true}"
56,31740,S13,S11,"{""agreement"": -0.20414844155311584, ""completed"": true}"
56,31740,S5,S9,"{""agreement"": 0.3218410909175873, ""completed"": true}"
56,31760,S13,S11,"{""agreement"": 0.35065189003944397, ""completed"": true}"
56,31760,S5,S9,"{""agreement"": 0.7205369472503662, ""completed"": true}"
56,31780,S16,S11,"{""agreement"": 0.3668923079967499, ""completed"": true}"
56,31780,S11,S16,"{""agreement"": 0.28232747316360474, ""completed"": true}"
56,31780,S13,S11,"{""agreement"": -0.29519742727279663, ""completed"": true}"
56,31780,S5,S9,"{""agreement"": 0.8593509197235107, ""completed"": true}"
56,31800,S16,S11,"{""agreement"": 0.3289932608604431, ""completed"": true}"
56,31800,S11,S16,"{""agreement"": 0.21215510368347168, ""completed"": true}"
56,31800,S13,S11,"{""agreement"": -0.7722418904304504, ""completed"": true}"
56,31800,S5,S9,"{""agreement"": -0.22124437987804413, ""completed"": true}"
56,31820,S16,S11,"{""agreement"": -0.8563371300697327, ""completed"": true}"
56,31820,S11,S16,"{""agreement"": 0.8631967902183533, ""completed"": true}"
56,31820,S13,S15,"{""agreement"": 0.69025719165802, ""completed"": true}"
56,31820,S15,S13,"{""agreement"": 0.1183367520570755, ""completed"": true}"
56,31820,S5,S9,"{""agreement"": 0.785870373249054, ""completed"": true}"
56,31840,S16,S13,"{""agreement"": -0.2310250848531723, ""completed"": true}"
56,31840,S11,S16,"{""agreement"": 0.6224890351295471, ""completed"": true}"
56,31840,S13,S15,"{""agreement"": 0.7656034827232361, ""completed"": true}"
56,31840,S15,S13,"{""agreement"": -0.9171925783157349, ""completed"": true}"
56,31840,S5,S9,"{""agreement"": -0.709148108959198, ""completed"": true}"
56,31860,S16,S13,"{""agreement"": -0.7080745697021484, ""completed"": true}"
56,31860,S13,S15,"{""agreement"": 0.6047989726066589, ""completed"": true}"
56,31860,S15,S13,"{""agreement"": 0.800216019153595, ""completed"": true}"
56,31860,S5,S9,"{""agreement"": -0.4268490970134735, ""completed"": true}"
56,31880,S13,S15,"{""agreement"": 0.9443316459655762, ""completed"": true}"
56,31880,S15,S13,"{""agreement"": 0.996246337890625, ""completed"": true}"
56,31880,S5,S9,"{""agreement"": -0.5882720351219177, ""completed"": true}"
56,31900,S13,S15,"{""agreement"": 0.5046101212501526, ""completed"": true}"
56,31900,S15,S13,"{""agreement"": 0.24304480850696564, ""completed"": true}"
56,31900,S5,S9,"{""agreement"": -0.5364341735839844, ""completed"": true}"
56,31920,S13,S15,"{""agreement"": -0.8860808610916138, ""completed"": true}"
56,31920,S15,S13,"{""agreement"": 0.3168651759624481, ""completed"": true}"
56,31940,S13,S15,"{""agreement"": -0.16251589357852936, ""completed"": true}"
56,31940,S15,S13,"{""agreement"": 0.1632569134235382, ""completed"": true}"
56,31960,S13,S15,"{""agreement"": -0.19943462312221527, ""completed"": true}"
56,31960,S15,S13,"{""agreement"": 0.6432211995124817, ""completed"": true}"
56,31980,S13,S15,"{""agreement"": -0.9609963297843933, ""completed"": true}"
56,31980,S15,S13,"{""agreement"": 0.37750619649887085, ""completed"": true}"
56,32000,S13,S16,"{""agreement"": 0.3085149824619293, ""completed"": true}"
56,32000,S15,S13,"{""agreement"": -0.3317244052886963, ""completed"": true}"
56,32020,S13,S16,"{""agreement"": 0.23225204646587372, ""completed"": true}"
56,32020,S15,S13,"{""agreement"": 0.9647637605667114, ""completed"": true}"
56,32040,S13,S16,"{""agreement"": -0.06987421214580536, ""completed"": true}"
56,32040,S15,S13,"{""agreement"": 0.6413940787315369, ""completed"": true}"
56,32060,S13,S16,"{""agreement"": 0.03155190125107765, ""completed"": true}"
56,32060,S15,S13,"{""agreement"": -0.7832902669906616, ""completed"": true}"
56,32080,S13,S16,"{""agreement"": -0.06722509860992432, ""completed"": true}"
56,32080,S15,S13,"{""agreement"": 0.9193702340126038, ""completed"": true}"
56,32100,S13,S16,"{""agreement"": 0.783713161945343, ""completed"": true}"
56,32100,S15,S13,"{""agreement"": -0.6230486035346985, ""completed"": true}"
56,32120,S13,S16,"{""agreement"": 0.3183896541595459, ""completed"": true}"
56,32120,S15,S13,"{""agreement"": 0.4094774127006531, ""completed"": true}"
56,32140,S13,S16,"{""agreement"": -0.6668347120285034, ""completed"": true}"
56,32140,S15,S13,"{""agreement"": 0.10199540853500366, ""completed"": true}"
56,32160,S13,S16,"{""agreement"": -0.8546539545059204, ""completed"": true}"
56,32160,S15,S13,"{""agreement"": 0.364959716796875, ""completed"": true}"
56,32180,S13,S15,"{""agreement"": -0.07047265022993088, ""completed"": true}"
56,32180,S15,S13,"{""agreement"": 0.7124363780021667, ""completed"": true}"
56,32200,S13,S15,"{""agreement"": 0.9585558772087097, ""completed"": true}"
56,32200,S15,S13,"{""agreement"": 0.19057276844978333, ""completed"": true}"
56,32220,S13,S15,"{""agreement"": 0.9114749431610107, ""completed"": true}"
56,32220,S15,S13,"{""agreement"": 0.4498780071735382, ""completed"": true}"
56,32240,S13,S15,"{""agreement"": 0.5875924825668335, ""completed"": true}"
56,32240,S15,S13,"{""agreement"": 0.8002246022224426, ""completed"": true}"
56,32260,S13,S15,"{""agreement"": -0.7112324237823486, ""completed"": true}"
56,32260,S15,S13,"{""agreement"": 0.05826880410313606, ""completed"": true}"
56,32280,S13,S15,"{""agreement"": 0.6602774858474731, ""completed"": true}"
56,32280,S15,S13,"{""agreement"": 0.8463470339775085, ""completed"": true}"
56,32300,S13,S15,"{""agreement"": -0.13098327815532684, ""completed"": true}"
56,32300,S15,S13,"{""agreement"": -0.5933940410614014, ""completed"": true}"
56,32320,S13,S15,"{""agreement"": -0.776253342628479, ""completed"": true}"
56,32320,S15,S13,"{""agreement"": -0.7386646866798401, ""completed"": true}"
56,32340,S13,S15,"{""agreement"": -0.13885697722434998, ""completed"": true}"
56,32340,S15,S13,"{""agreement"": -0.6131653785705566, ""completed"": true}"
56,32360,S13,S15,"{""agreement"": -0.6970536112785339, ""completed"": true}"
56,32360,S15,S13,"{""agreement"": -0.4407729506492615, ""completed"": true}"
56,32400,S3,S11,"{""agreement"": -0.733611524105072, ""completed"": true}"
56,32420,S3,S11,"{""agreement"": 0.7070356607437134, ""completed"": true}"
56,32440,S3,S11,"{""agreement"": 0.28447237610816956, ""completed"": true}"
56,32460,S3,S11,"{""agreement"": 0.09594526886940002, ""completed"": true}"
56,32480,S3,S11,"{""agreement"": 0.7253612279891968, ""completed"": true}"
56,32500,S3,S11,"{""agreement"": 0.5389636754989624, ""completed"": true}"
56,32520,S3,S11,"{""agreement"": 0.5433265566825867, ""completed"": true}"
56,32540,S3,S11,"{""agreement"": -0.11712729185819626, ""completed"": true}"
56,33600,S13,S5,"{""agreement"": -0.9740890860557556, ""completed"": true}"
56,33660,S13,S6,"{""agreement"": 0.6009830236434937, ""completed"": true}"
56,33680,S13,S6,"{""agreement"": -0.13653378188610077, ""completed"": true}"
56,33700,S13,S6,"{""agreement"": -0.34394025802612305, ""completed"": true}"
56,33860,S13,S6,"{""agreement"": 0.9308580756187439, ""completed"": true}"
56,33880,S13,S6,"{""agreement"": -0.9409101009368896, ""completed"": true}"
56,33900,S13,S6,"{""agreement"": 0.7436538934707642, ""completed"": true}"
56,33920,S13,S6,"{""agreement"": -0.34925931692123413, ""completed"": true}"
56,33940,S13,S6,"{""agreement"": 0.3241114616394043, ""completed"": true}"
56,33960,S6,S7,"{""agreement"": -0.6428369283676147, ""completed"": true}"
56,33960,S13,S6,"{""agreement"": 0.8687055110931396, ""completed"": true}"
56,33980,S6,S7,"{""agreement"": -0.016409195959568024, ""completed"": true}"
56,33980,S13,S6,"{""agreement"": -0.7908427119255066, ""completed"": true}"
56,34000,S6,S7,"{""agreement"": -0.8944456577301025, ""completed"": true}"
56,34000,S13,S6,"{""agreement"": 0.38844406604766846, ""completed"": true}"
56,34020,S13,S6,"{""agreement"": -0.9607569575309753, ""completed"": true}"
56,34620,S3,S11,"{""agreement"": -0.7669547200202942, ""completed"": true}"
56,34640,S3,S11,"{""agreement"": -0.6469120979309082, ""completed"": true}"
56,34660,S3,S11,"{""agreement"": 0.898123562335968, ""completed"": true}"
56,34680,S3,S11,"{""agreement"": -0.48290038108825684, ""completed"": true}"
56,34700,S3,S11,"{""agreement"": 0.7968445420265198, ""completed"": true}"
56,35020,S8,S5,"{""agreement"": 0.018784699961543083, ""completed"": true}"
56,35020,S5,S8,"{""agreement"": -0.8491741418838501, ""completed"": true}"
56,35040,S8,S5,"{""agreement"": -0.05637951195240021, ""completed"": true}"
56,35040,S5,S8,"{""agreement"": -0.9354774355888367, ""completed"": true}"
56,35060,S8,S5,"{""agreement"": 0.10039430856704712, ""completed"": true}"
56,35060,S5,S8,"{""agreement"": 0.5919303894042969, ""completed"": true}"
56,35080,S8,S5,"{""agreement"": -0.585597574710846, ""completed"": true}"
56,35080,S5,S8,"{""agreement"": -0.02424265444278717, ""completed"": true}"
56,35100,S8,S5,"{""agreement"": -0.1942044198513031, ""completed"": true}"
56,35100,S5,S8,"{""agreement"": 0.34630507230758667, ""completed"": true}"
56,35120,S8,S5,"{""agreement"": 0.4363800585269928, ""completed"": true}"
56,35120,S5,S8,"{""agreement"": 0.09169446676969528, ""completed"": true}"
56,35140,S8,S5,"{""agreement"": -0.1327558308839798, ""completed"": true}"
56,35140,S5,S8,"{""agreement"": -0.20794996619224548, ""completed"": true}"
56,35160,S8,S5,"{""agreement"": -0.20586667954921722, ""completed"": true}"
56,35160,S5,S8,"{""agreement"": 0.46004343032836914, ""completed"": true}"
56,35180,S8,S5,"{""agreement"": 0.02621845155954361, ""completed"": true}"
56,35180,S5,S8,"{""agreement"": -0.3337882459163666, ""completed"": true}"
56,35200,S8,S5,"{""agreement"": -0.8256977200508118, ""completed"": true}"
56,35200,S5,S8,"{""agreement"": -0.7731895446777344, ""completed"": true}"
56,35740,S16,S5,"{""agreement"": 0.7497441172599792, ""completed"": true}"
56,35760,S16,S5,"{""agreement"": -0.4567730128765106, ""completed"": true}"
56,35780,S16,S5,"{""agreement"": 0.4014321267604828, ""completed"": true}"
56,35800,S16,S5,"{""agreement"": -0.03556331247091293, ""completed"": true}"
56,35820,S16,S5,"{""agreement"": -0.8151159286499023, ""completed"": true}"
56,35840,S16,S5,"{""agreement"": 0.92732173204422, ""completed"": true}"
56,35860,S16,S5,"{""agreement"": -0.6995406150817871, ""completed"": true}"
56,35880,S6,S15,"{""agreement"": 0.7181909680366516, ""completed"": true}"
56,35880,S15,S6,"{""agreement"": 0.8785609602928162, ""completed"": true}"
56,35880,S16,S5,"{""agreement"": 0.5686762928962708, ""completed"": true}"
56,35900,S16,S5,"{""agreement"": -0.920509397983551, ""completed"": true}"
56,35920,S16,S5,"{""agreement"": 0.7575695514678955, ""completed"": true}"
56,35940,S16,S5,"{""agreement"": -0.05927702412009239, ""completed"": true}"
56,35960,S16,S5,"{""agreement"": -0.8877593278884888, ""completed"": true}"
56,36180,S9,S13,"{""agreement"": 0.11794494837522507, ""completed"": true}"
56,36340,S3,S11,"{""agreement"": 0.9666520953178406, ""completed"": true}"
56,36360,S3,S11,"{""agreement"": 0.8435249328613281, ""completed"": true}"
56,36380,S3,S11,"{""agreement"": 0.43662887811660767, ""completed"": true}"
56,36400,S3,S11,"{""agreement"": -0.10048849880695343, ""completed"": true}"
56,36420,S3,S11,"{""agreement"": 0.919569730758667, ""completed"": true}"
56,36440,S3,S11,"{""agreement"": -0.5148715376853943, ""completed"": true}"
56,36460,S3,S11,"{""agreement"": 0.3756029009819031, ""completed"": true}"
56,36480,S3,S11,"{""agreement"": 0.27924516797065735, ""completed"": true}"
56,36500,S3,S11,"{""agreement"": -0.890103280544281, ""completed"": true}"
56,36520,S3,S11,"{""agreement"": 0.8869507908821106, ""completed"": true}"
56,36520,S16,S3,"{""agreement"": -0.6518393754959106, ""completed"": true}"
56,36540,S16,S3,"{""agreement"": 0.42041271924972534, ""completed"": true}"
56,36560,S16,S3,"{""agreement"": 0.28496676683425903, ""completed"": true}"
56,36580,S16,S3,"{""agreement"": 0.47837889194488525, ""completed"": true}"
56,36760,S5,S8,"{""agreement"": -0.6748796701431274, ""completed"": true}"
56,37340,S3,S5,"{""agreement"": -0.6648035049438477, ""completed"": true}"
56,37360,S3,S5,"{""agreement"": 0.011772031895816326, ""completed"": true}"
56,37380,S3,S5,"{""agreement"": 0.6059311628341675, ""completed"": true}"
56,37400,S3,S5,"{""agreement"": -0.7750634551048279, ""completed"": true}"
56,38460,S6,S5,"{""agreement"": -0.8778414130210876, ""completed"": true}"
56,39200,S3,S9,"{""agreement"": 0.3475295901298523, ""completed"": true}"
56,39200,S9,S3,"{""agreement"": -0.13726334273815155, ""completed"": true}"
56,39500,S3,S11,"{""agreement"": -0.4437156319618225, ""completed"": true}"
56,39520,S3,S11,"{""agreement"": -0.0685863196849823, ""completed"": true}"
56,39540,S3,S11,"{""agreement"": 0.5807034969329834, ""completed"": true}"
56,39560,S3,S11,"{""agreement"": 0.7538130283355713, ""completed"": true}"
56,39840,S9,S13,"{""agreement"": -0.47159990668296814, ""completed"": true}"
56,39860,S9,S13,"{""agreement"": -0.29147082567214966, ""completed"": true}"
56,40400,S6,S15,"{""agreement"": 0.5689239501953125, ""completed"": true}"
56,40400,S15,S6,"{""agreement"": -0.7942214608192444, ""completed"": true}"
56,40740,S3,S9,"{""agreement"": 0.6120004057884216, ""completed"": true}"
56,40740,S9,S3,"{""agreement"": 0.7954374551773071, ""completed"": true}"
56,40760,S3,S9,"{""agreement"": 0.7310091257095337, ""completed"": true}"
56,40760,S9,S3,"{""agreement"": -0.3146730959415436, ""completed"": true}"
56,40780,S3,S9,"{""agreement"": -0.7319071888923645, ""completed"": true}"
56,40780,S9,S3,"{""agreement"": -0.5423892140388489, ""completed"": true}"
56,40800,S3,S9,"{""agreement"": 0.889636218547821, ""completed"": true}"
56,40800,S9,S3,"{""agreement"": 0.06525665521621704, ""completed"": true}"
56,40820,S3,S9,"{""agreement"": 0.2558369040489197, ""completed"": true}"
56,40820,S9,S3,"{""agreement"": 0.975703775882721, ""completed"": true}"
56,41800,S3,S8,"{""agreement"": -0.130754292011261, ""completed"": true}"
56,41800,S8,S3,"{""agreement"": -0.910818338394165, ""completed"": true}"
56,41820,S3,S8,"{""agreement"": 0.6917350888252258, ""completed"": true}"
56,41820,S8,S3,"{""agreement"": 0.19073423743247986, ""completed"": true}"
56,41840,S3,S8,"{""agreement"": 0.609625518321991, ""completed"": true}"
56,41840,S8,S3,"{""agreement"": 0.24489201605319977, ""completed"": true}"
56,41840,S15,S8,"{""agreement"": -0.43754148483276367, ""completed"": true}"
56,41860,S3,S8,"{""agreement"": -0.12897485494613647, ""completed"": true}"
56,41860,S8,S3,"{""agreement"": 0.49009644985198975, ""completed"": true}"
56,41860,S15,S8,"{""agreement"": 0.5081108808517456, ""completed"": true}"
56,41880,S3,S8,"{""agreement"": -0.03779390826821327, ""completed"": true}"
56,41880,S8,S3,"{""agreement"": 0.4028223752975464, ""completed"": true}"
56,41880,S15,S8,"{""agreement"": 0.6056309342384338, ""completed"": true}"
56,41900,S3,S8,"{""agreement"": -0.930265486240387, ""completed"": true}"
56,41900,S8,S3,"{""agreement"": -0.3197838068008423, ""completed"": true}"
56,41900,S15,S8,"{""agreement"": 0.2537415325641632, ""completed"": true}"
56,41920,S3,S8,"{""agreement"": -0.9237110614776611, ""completed"": true}"
56,41920,S8,S3,"{""agreement"": 0.9291403889656067, ""completed"": true}"
56,41920,S15,S8,"{""agreement"": 0.7456877827644348, ""completed"": true}"
56,41940,S8,S3,"{""agreement"": 0.41173288226127625, ""completed"": true}"
56,41940,S15,S8,"{""agreement"": -0.8573430180549622, ""completed"": true}"
56,41960,S8,S3,"{""agreement"": 0.5864527821540833, ""completed"": true}"
56,41960,S15,S8,"{""agreement"": 0.0428263396024704, ""completed"": true}"
56,41980,S8,S3,"{""agreement"": 0.5307566523551941, ""completed"": true}"
56,41980,S15,S8,"{""agreement"": 0.7855681777000427, ""completed"": true}"
56,42000,S8,S3,"{""agreement"": 0.446291446685791, ""completed"": true}"
56,42000,S15,S8,"{""agreement"": 0.8200715780258179, ""completed"": true}"
56,42020,S8,S3,"{""agreement"": -0.676439642906189, ""completed"": true}"
56,42020,S15,S8,"{""agreement"": -0.38078418374061584, ""completed"": true}"
56,42040,S8,S3,"{""agreement"": 0.006132824346423149, ""completed"": true}"
56,42040,S15,S8,"{""agreement"": -0.6853190064430237, ""completed"": true}"
56,42060,S8,S3,"{""agreement"": 0.22029809653759003, ""completed"": true}"
56,42060,S15,S8,"{""agreement"": -0.7878809571266174, ""completed"": true}"
56,42080,S8,S3,"{""agreement"": -0.010317048989236355, ""completed"": true}"
56,42100,S8,S3,"{""agreement"": -0.20126348733901978, ""completed"": true}"
56,42120,S8,S3,"{""agreement"": -0.7650051712989807, ""completed"": true}"
56,42140,S8,S3,"{""agreement"": 0.9435787200927734, ""completed"": true}"
56,42160,S8,S3,"{""agreement"": 0.7646978497505188, ""completed"": true}"
56,42180,S8,S3,"{""agreement"": 0.7765963077545166, ""completed"": true}"
56,42200,S8,S3,"{""agreement"": 0.11578568816184998, ""completed"": true}"
56,42220,S8,S3,"{""agreement"": -0.921766996383667, ""completed"": true}"
56,42240,S8,S3,"{""agreement"": -0.09694104641675949, ""completed"": true}"
56,42260,S8,S3,"{""agreement"": 0.3708561658859253, ""completed"": true}"
56,42280,S8,S3,"{""agreement"": 0.7892094850540161, ""completed"": true}"
56,42300,S8,S3,"{""agreement"": 0.36623626947402954, ""completed"": true}"
56,42320,S8,S3,"{""agreement"": 0.1360127031803131, ""completed"": true}"
56,42340,S8,S3,"{""agreement"": 0.031575094908475876, ""completed"": true}"
56,42360,S13,S8,"{""agreement"": -0.8980275988578796, ""completed"": true}"
56,42360,S8,S13,"{""agreement"": 0.34030282497406006, ""completed"": true}"
56,42380,S8,S13,"{""agreement"": 0.03390733152627945, ""completed"": true}"
56,42400,S8,S13,"{""agreement"": 0.1837395429611206, ""completed"": true}"
56,42620,S6,S9,"{""agreement"": 0.6046795845031738, ""completed"": true}"
56,42640,S6,S9,"{""agreement"": 0.20874087512493134, ""completed"": true}"
56,42660,S6,S9,"{""agreement"": -0.07141996920108795, ""completed"": true}"
56,42680,S6,S9,"{""agreement"": -0.6094309091567993, ""completed"": true}"
56,42700,S6,S9,"{""agreement"": 0.04060493782162666, ""completed"": true}"
56,42720,S6,S9,"{""agreement"": -0.3622662425041199, ""completed"": true}"
56,42740,S6,S9,"{""agreement"": 0.033166442066431046, ""completed"": true}"
56,42760,S6,S9,"{""agreement"": -0.7506850361824036, ""completed"": true}"
56,42960,S11,S5,"{""agreement"": 0.7665762305259705, ""completed"": true}"
56,42980,S11,S5,"{""agreement"": -0.546878457069397, ""completed"": true}"
56,43000,S11,S5,"{""agreement"": -0.9084077477455139, ""completed"": true}"
56,43020,S11,S5,"{""agreement"": -0.8252059817314148, ""completed"": true}"
56,43040,S11,S5,"{""agreement"": -0.2564133405685425, ""completed"": true}"
56,43300,S3,S11,"{""agreement"": -0.387456476688385, ""completed"": true}"
56,43320,S3,S11,"{""agreement"": -0.438603013753891, ""completed"": true}"
56,43340,S3,S11,"{""agreement"": 0.7251370549201965, ""completed"": true}"
56,43360,S3,S11,"{""agreement"": -0.7349504232406616, ""completed"": true}"
56,43380,S3,S11,"{""agreement"": -0.13254950940608978, ""completed"": true}"
56,43400,S3,S11,"{""agreement"": 0.5078009366989136, ""completed"": true}"
56,43400,S11,S9,"{""agreement"": 0.013459252193570137, ""completed"": true}"
56,43420,S3,S11,"{""agreement"": -0.7855665683746338, ""completed"": true}"
56,43420,S11,S9,"{""agreement"": 0.14679870009422302, ""completed"": true}"
56,43440,S11,S9,"{""agreement"": -0.13919690251350403, ""completed"": true}"
56,43460,S11,S9,"{""agreement"": -0.21276240050792694, ""completed"": true}"
56,43480,S11,S9,"{""agreement"": -0.5774087309837341, ""completed"": true}"
56,43500,S11,S9,"{""agreement"": -0.865505576133728, ""completed"": true}"
56,44160,S3,S13,"{""agreement"": -0.4538244605064392, ""completed"": true}"
56,44160,S13,S3,"{""agreement"": -0.4583221673965454, ""completed"": true}"
56,44180,S3,S13,"{""agreement"": 0.9274189472198486, ""completed"": true}"
56,44180,S13,S3,"{""agreement"": -0.549389660358429, ""completed"": true}"
56,44200,S3,S13,"{""agreement"": 0.8395726084709167, ""completed"": true}"
56,44200,S13,S3,"{""agreement"": 0.9044898152351379, ""completed"": true}"
56,44220,S3,S13,"{""agreement"": -0.454434871673584, ""completed"": true}"
56,44220,S13,S3,"{""agreement"": -0.023736126720905304, ""completed"": true}"
56,44240,S3,S13,"{""agreement"": -0.6359255313873291, ""completed"": true}"
56,44240,S13,S3,"{""agreement"": -0.4191209375858307, ""completed"": true}"
56,44260,S3,S13,"{""agreement"": 0.6887454390525818, ""completed"": true}"
56,44260,S16,S3,"{""agreement"": 0.4516928195953369, ""completed"": true}"
56,44260,S13,S3,"{""agreement"": 0.1613735556602478, ""completed"": true}"
56,44280,S3,S13,"{""agreement"": 0.7088762521743774, ""completed"": true}"
56,44280,S16,S3,"{""agreement"": -0.8460978269577026, ""completed"": true}"
56,44280,S13,S3,"{""agreement"": -0.3109727203845978, ""completed"": true}"
56,44300,S3,S13,"{""agreement"": -0.7676944732666016, ""completed"": true}"
56,44300,S16,S3,"{""agreement"": -0.7827746868133545, ""completed"": true}"
56,44300,S13,S3,"{""agreement"": -0.22177523374557495, ""completed"": true}"
56,44320,S3,S13,"{""agreement"": 0.3730343282222748, ""completed"": true}"
56,44320,S13,S3,"{""agreement"": -0.817169189453125, ""completed"": true}"
56,44340,S3,S13,"{""agreement"": -0.6352364420890808, ""completed"": true}"
56,44360,S3,S13,"{""agreement"": 0.36650577187538147, ""completed"": true}"
56,44380,S3,S13,"{""agreement"": 0.404070645570755, ""completed"": true}"
56,44400,S3,S13,"{""agreement"": -0.10112038254737854, ""completed"": true}"
56,44420,S3,S13,"{""agreement"": 0.06598713248968124, ""completed"": true}"
56,44440,S3,S13,"{""agreement"": 0.17543210089206696, ""completed"": true}"
56,44460,S3,S13,"{""agreement"": -0.5641379356384277, ""completed"": true}"
56,44480,S3,S13,"{""agreement"": -0.022845705971121788, ""completed"": true}"
56,44500,S3,S13,"{""agreement"": -0.9050695300102234, ""completed"": true}"
56,44900,S8,S6,"{""agreement"": 0.5272922515869141, ""completed"": true}"
56,45060,S15,S9,"{""agreement"": -0.8088849186897278, ""completed"": true}"
56,45080,S15,S9,"{""agreement"": -0.753864049911499, ""completed"": true}"
56,45180,S16,S9,"{""agreement"": -0.2715629041194916, ""completed"": true}"
56,45180,S9,S16,"{""agreement"": -0.4339655637741089, ""completed"": true}"
56,45200,S16,S9,"{""agreement"": 0.6399170160293579, ""completed"": true}"
56,45200,S9,S16,"{""agreement"": -0.21121923625469208, ""completed"": true}"
56,45220,S16,S9,"{""agreement"": -0.598551869392395, ""completed"": true}"
56,45220,S9,S16,"{""agreement"": 0.7277429699897766, ""completed"": true}"
56,45240,S16,S9,"{""agreement"": -0.5106570720672607, ""completed"": true}"
56,45240,S9,S16,"{""agreement"": 0.5536696910858154, ""completed"": true}"
56,45260,S16,S9,"{""agreement"": -0.3821777403354645, ""completed"": true}"
56,45260,S9,S16,"{""agreement"": -0.5290042161941528, ""completed"": true}"
56,45280,S16,S9,"{""agreement"": -0.5708591341972351, ""completed"": true}"
56,45280,S9,S16,"{""agreement"": 0.4336128234863281, ""completed"": true}"
56,45540,S3,S7,"{""agreement"": 0.7507725358009338, ""completed"": true}"
56,45560,S3,S7,"{""agreement"": -0.6609336137771606, ""completed"": true}"
56,45580,S3,S7,"{""agreement"": -0.9235417246818542, ""completed"": true}"
56,46840,S15,S9,"{""agreement"": -0.8609152436256409, ""completed"": true}"
56,47760,S8,S6,"{""agreement"": 0.45166340470314026, ""completed"": true}"
56,47780,S8,S6,"{""agreement"": -0.37702879309654236, ""completed"": true}"
56,47800,S8,S6,"{""agreement"": -0.28419557213783264, ""completed"": true}"
56,47820,S8,S6,"{""agreement"": -0.4830065965652466, ""completed"": true}"
56,47840,S8,S6,"{""agreement"": 0.9125792384147644, ""completed"": true}"
56,47860,S8,S6,"{""agreement"": 0.21735258400440216, ""completed"": true}"
56,48640,S5,S15,"{""agreement"": 0.8982234597206116, ""completed"": true}"
56,48660,S5,S15,"{""agreement"": -0.5489926934242249, ""completed"": true}"
56,48680,S5,S15,"{""agreement"": 0.9387520551681519, ""completed"": true}"
56,48700,S5,S15,"{""agreement"": -0.28346824645996094, ""completed"": true}"
56,48720,S5,S15,"{""agreement"": 0.06269536167383194, ""completed"": true}"
56,48740,S5,S15,"{""agreement"": -0.3509630858898163, ""completed"": true}"
56,48760,S5,S15,"{""agreement"": 0.9146910905838013, ""completed"": true}"
56,48780,S5,S15,"{""agreement"": 0.6254436373710632, ""completed"": true}"
56,48800,S5,S15,"{""agreement"": -0.49599581956863403, ""completed"": true}"
56,48820,S5,S15,"{""agreement"": 0.42308178544044495, ""completed"": true}"
56,48840,S5,S15,"{""agreement"": 0.1992439329624176, ""completed"": true}"
56,48860,S5,S15,"{""agreement"": 0.6477463841438293, ""completed"": true}"
56,48880,S5,S15,"{""agreement"": -0.044818706810474396, ""completed"": true}"
56,48900,S5,S15,"{""agreement"": -0.7579950094223022, ""completed"": true}"
56,48920,S5,S15,"{""agreement"": -0.7637643218040466, ""completed"": true}"
56,49040,S3,S5,"{""agreement"": 0.5062238574028015, ""completed"": true}"
56,49060,S3,S5,"{""agreement"": -0.09101178497076035, ""completed"": true}"
56,49080,S3,S5,"{""agreement"": -0.969605028629303, ""completed"": true}"
56,50060,S8,S6,"{""agreement"": 0.5633842945098877, ""completed"": true}"
56,50080,S8,S6,"{""agreement"": 0.29087406396865845, ""completed"": true}"
56,50100,S8,S6,"{""agreement"": 0.7676635980606079, ""completed"": true}"
56,50120,S8,S6,"{""agreement"": 0.08361521363258362, ""completed"": true}"
56,50140,S8,S6,"{""agreement"": 0.08748351037502289, ""completed"": true}"
56,50160,S8,S6,"{""agreement"": 0.4284425377845764, ""completed"": true}"
56,50180,S8,S6,"{""agreement"": -0.13948145508766174, ""completed"": true}"
56,50200,S8,S6,"{""agreement"": -0.6517149209976196, ""completed"": true}"
56,50220,S8,S6,"{""agreement"": 0.156162828207016, ""completed"": true}"
56,51720,S6,S15,"{""agreement"": -0.7058417201042175, ""completed"": true}"
56,51720,S15,S6,"{""agreement"": -0.6780498623847961, ""completed"": true}"
56,51740,S6,S15,"{""agreement"": 0.2839747667312622, ""completed"": true}"
56,51740,S15,S6,"{""agreement"": -0.7468618750572205, ""completed"": true}"
56,51760,S6,S15,"{""agreement"": 0.514281690120697, ""completed"": true}"
56,51780,S6,S15,"{""agreement"": 0.416430801153183, ""completed"": true}"
56,51800,S6,S15,"{""agreement"": -0.8726397156715393, ""completed"": true}"
56,51820,S6,S15,"{""agreement"": 0.5432923436164856, ""completed"": true}"
56,51920,S6,S16,"{""agreement"": -0.6437152624130249, ""completed"": true}"
56,51920,S16,S6,"{""agreement"": -0.4228726029396057, ""completed"": true}"
56,51940,S6,S16,"{""agreement"": 0.9103233218193054, ""completed"": true}"
56,51940,S16,S6,"{""agreement"": 0.23484109342098236, ""completed"": true}"
56,53180,S7,S15,"{""agreement"": -0.6103876829147339, ""completed"": true}"
56,53180,S15,S7,"{""agreement"": -0.5834208726882935, ""completed"": true}"
56,53200,S7,S15,"{""agreement"": -0.22363413870334625, ""completed"": true}"
56,53200,S15,S7,"{""agreement"": -0.5651415586471558, ""completed"": true}"
56,53220,S7,S15,"{""agreement"": 0.6213605403900146, ""completed"": true}"
56,53220,S15,S7,"{""agreement"": -0.5252777934074402, ""completed"": true}"
56,53240,S7,S15,"{""agreement"": -0.5707957744598389, ""completed"": true}"
56,53260,S7,S15,"{""agreement"": -0.15474161505699158, ""completed"": true}"
56,53280,S7,S15,"{""agreement"": -0.7412668466567993, ""completed"": true}"
56,53560,S9,S16,"{""agreement"": 0.3663877248764038, ""completed"": true}"
56,53580,S9,S16,"{""agreement"": -0.034733518958091736, ""completed"": true}"
56,53600,S9,S16,"{""agreement"": -0.7189117074012756, ""completed"": true}"
56,53620,S9,S16,"{""agreement"": -0.8355230689048767, ""completed"": true}"
56,54520,S6,S16,"{""agreement"": 0.7995043992996216, ""completed"": true}"
56,54520,S16,S6,"{""agreement"": -0.5727649927139282, ""completed"": true}"
56,55360,S8,S3,"{""agreement"": -0.39570674300193787, ""completed"": true}"
56,55380,S8,S3,"{""agreement"": -0.5500843524932861, ""completed"": true}"
56,55400,S8,S3,"{""agreement"": 0.22274115681648254, ""completed"": true}"
56,55420,S8,S3,"{""agreement"": 0.3039283752441406, ""completed"": true}"
56,55440,S8,S3,"{""agreement"": 0.10182801634073257, ""completed"": true}"
56,55460,S8,S3,"{""agreement"": 0.7742601633071899, ""completed"": true}"
56,55480,S8,S3,"{""agreement"": 0.5443887710571289, ""completed"": true}"
56,55500,S8,S3,"{""agreement"": 0.06546101719141006, ""completed"": true}"
56,55520,S8,S3,"{""agreement"": 0.720384955406189, ""completed"": true}"
56,56120,S8,S9,"{""agreement"": 0.7315695285797119, ""completed"": true}"
56,56120,S9,S8,"{""agreement"": 0.5733951926231384, ""completed"": true}"
56,56140,S8,S9,"{""agreement"": 0.1995709389448166, ""completed"": true}"
56,56140,S9,S8,"{""agreement"": -0.6534062027931213, ""completed"": true}"
56,56160,S8,S9,"{""agreement"": -0.37785035371780396, ""completed"": true}"
56,56160,S9,S8,"{""agreement"": 0.8268623948097229, ""completed"": true}"
56,56180,S8,S9,"{""agreement"": 0.8914943933486938, ""completed"": true}"
56,56180,S9,S8,"{""agreement"": -0.7180190086364746, ""completed"": true}"
56,56200,S8,S9,"{""agreement"": 0.4746766686439514, ""completed"": true}"
56,56200,S9,S8,"{""agreement"": -0.2541474997997284, ""completed"": true}"
56,56220,S8,S9,"{""agreement"": -0.02550307847559452, ""completed"": true}"
56,56220,S9,S8,"{""agreement"": -0.8183086514472961, ""completed"": true}"
56,56240,S8,S9,"{""agreement"": 0.8572053909301758, ""completed"": true}"
56,56260,S8,S9,"{""agreement"": 0.5821303725242615, ""completed"": true}"
56,56280,S8,S9,"{""agreement"": 0.24422894418239594, ""completed"": true}"
56,56300,S8,S9,"{""agreement"": 0.930192768573761, ""completed"": true}"
56,56320,S8,S9,"{""agreement"": 0.8463833332061768, ""completed"": true}"
56,56340,S8,S9,"{""agreement"": -0.5360135436058044, ""completed"": true}"
56,56360,S8,S9,"{""agreement"": -0.7318410873413086, ""completed"": true}"
56,56380,S8,S9,"{""agreement"": 0.7766222953796387, ""completed"": true}"
56,57740,S6,S16,"{""agreement"": 0.05019717290997505, ""completed"": true}"
56,57740,S16,S6,"{""agreement"": 0.5865287780761719, ""completed"": true}"
56,57760,S6,S16,"{""agreement"": 0.2716811001300812, ""completed"": true}"
56,57760,S16,S6,"{""agreement"": -0.8341038823127747, ""completed"": true}"
56,57780,S6,S16,"{""agreement"": -0.44936880469322205, ""completed"": true}"
56,57780,S16,S6,"{""agreement"": 0.8764291405677795, ""completed"": true}"
56,57800,S6,S16,"{""agreement"": 0.7569515109062195, ""completed"": true}"
56,57800,S16,S6,"{""agreement"": 0.7551817297935486, ""completed"": true}"
56,57820,S6,S16,"{""agreement"": -0.44433897733688354, ""completed"": true}"
56,57820,S16,S6,"{""agreement"": -0.8383812308311462, ""completed"": true}"
56,57840,S6,S15,"{""agreement"": -0.694404661655426, ""completed"": true}"
56,57840,S16,S6,"{""agreement"": 0.6988775134086609, ""completed"": true}"
56,57860,S6,S16,"{""agreement"": 0.12931914627552032, ""completed"": true}"
56,57860,S16,S6,"{""agreement"": -0.7932736277580261, ""completed"": true}"
56,57880,S6,S16,"{""agreement"": -0.6974421143531799, ""completed"": true}"
56,57880,S16,S6,"{""agreement"": 0.2548297643661499, ""completed"": true}"
56,57900,S6,S16,"{""agreement"": 0.3196447491645813, ""completed"": true}"
56,57900,S16,S6,"{""agreement"": 0.6338346600532532, ""completed"": true}"
56,57920,S6,S16,"{""agreement"": -0.8200571537017822, ""completed"": true}"
56,57920,S16,S6,"{""agreement"": 0.7208510041236877, ""completed"": true}"
56,58100,S5,S3,"{""agreement"": 0.611369788646698, ""completed"": true}"
56,58120,S5,S3,"{""agreement"": -0.546305775642395, ""completed"": true}"
56,58140,S5,S3,"{""agreement"": -0.9179971814155579, ""completed"": true}"
56,58540,S16,S11,"{""agreement"": -0.6340916156768799, ""completed"": true}"
56,58540,S11,S16,"{""agreement"": -0.3849739730358124, ""completed"": true}"
56,58560,S11,S16,"{""agreement"": 0.5140144228935242, ""completed"": true}"
56,58580,S11,S16,"{""agreement"": -0.5713751912117004, ""completed"": true}"
56,58600,S11,S16,"{""agreement"": -0.16072066128253937, ""completed"": true}"
56,58620,S11,S16,"{""agreement"": -0.7391027808189392, ""completed"": true}"
56,59160,S8,S13,"{""agreement"": 0.020909618586301804, ""completed"": true}"
56,59180,S8,S13,"{""agreement"": 0.2459198534488678, ""completed"": true}"
56,59200,S8,S13,"{""agreement"": -0.7336259484291077, ""completed"": true}"
56,59220,S8,S13,"{""agreement"": -0.3695136308670044, ""completed"": true}"
56,59240,S8,S13,"{""agreement"": 0.8733490109443665, ""completed"": true}"
56,59260,S8,S13,"{""agreement"": -0.46486350893974304, ""completed"": true}"
56,59280,S8,S13,"{""agreement"": 0.4752632677555084, ""completed"": true}"
56,62420,S3,S9,"{""agreement"": -0.0419892892241478, ""completed"": true}"
56,62420,S9,S3,"{""agreement"": 0.7391988635063171, ""completed"": true}"
56,62440,S3,S9,"{""agreement"": 0.15096041560173035, ""completed"": true}"
56,62440,S9,S3,"{""agreement"": 0.2975149154663086, ""completed"": true}"
56,62460,S3,S9,"{""agreement"": 0.12277714908123016, ""completed"": true}"
56,62460,S9,S3,"{""agreement"": 0.09415875375270844, ""completed"": true}"
56,62480,S3,S9,"{""agreement"": 0.16516943275928497, ""completed"": true}"
56,62480,S9,S3,"{""agreement"": 0.9796696901321411, ""completed"": true}"
56,62500,S3,S9,"{""agreement"": 0.2579716444015503, ""completed"": true}"
56,62500,S9,S3,"{""agreement"": -0.4702996015548706, ""completed"": true}"
56,62520,S3,S9,"{""agreement"": 0.9591029286384583, ""completed"": true}"
56,62520,S9,S3,"{""agreement"": 0.7721591591835022, ""completed"": true}"
56,62540,S3,S9,"{""agreement"": -0.6351434588432312, ""completed"": true}"
56,62540,S9,S3,"{""agreement"": -0.898841917514801, ""completed"": true}"
56,62560,S3,S9,"{""agreement"": -0.016835717484354973, ""completed"": true}"
56,62560,S9,S3,"{""agreement"": 0.8318202495574951, ""completed"": true}"
56,62580,S3,S9,"{""agreement"": -0.5721445083618164, ""completed"": true}"
56,62580,S9,S3,"{""agreement"": 0.9428876042366028, ""completed"": true}"
56,62600,S3,S9,"{""agreement"": -0.33922967314720154, ""completed"": true}"
56,62600,S9,S3,"{""agreement"": -0.9208424687385559, ""completed"": true}"
56,62620,S3,S9,"{""agreement"": 0.4688222110271454, ""completed"": true}"
56,62620,S9,S3,"{""agreement"": 0.14861395955085754, ""completed"": true}"
56,62640,S3,S9,"{""agreement"": 0.869422972202301, ""completed"": true}"
56,62640,S9,S3,"{""agreement"": 0.8826595544815063, ""completed"": true}"
56,62660,S3,S9,"{""agreement"": -0.33250319957733154, ""completed"": true}"
56,62660,S9,S3,"{""agreement"": -0.47846221923828125, ""completed"": true}"
56,62680,S3,S9,"{""agreement"": -0.8642057776451111, ""completed"": true}"
56,62680,S9,S3,"{""agreement"": -0.3002472519874573, ""completed"": true}"
56,62700,S9,S3,"{""agreement"": 0.22084243595600128, ""completed"": true}"
56,62720,S9,S3,"{""agreement"": -0.02841889299452305, ""completed"": true}"
56,62740,S9,S3,"{""agreement"": 0.927678644657135, ""completed"": true}"
56,62760,S9,S3,"{""agreement"": -0.3567475974559784, ""completed"": true}"
56,62780,S9,S3,"{""agreement"": 0.9762657284736633, ""completed"": true}"
56,62800,S9,S3,"{""agreement"": -0.37681514024734497, ""completed"": true}"
56,62820,S9,S3,"{""agreement"": -0.881231427192688, ""completed"": true}"
56,62840,S9,S3,"{""agreement"": 0.8307244777679443, ""completed"": true}"
56,62860,S9,S3,"{""agreement"": -0.5502661466598511, ""completed"": true}"
56,62880,S9,S3,"{""agreement"": 0.9873243570327759, ""completed"": true}"
56,62900,S9,S3,"{""agreement"": -0.01504969410598278, ""completed"": true}"
56,65340,S8,S3,"{""agreement"": 0.7133190631866455, ""completed"": true}"
56,65360,S8,S3,"{""agreement"": -0.9114937782287598, ""completed"": true}"
56,65380,S8,S3,"{""agreement"": -0.45173484086990356, ""completed"": true}"
56,65400,S8,S3,"{""agreement"": 0.014747392386198044, ""completed"": true}"
56,65420,S8,S3,"{""agreement"": -0.5578736066818237, ""completed"": true}"
56,66080,S9,S3,"{""agreement"": -0.2772754430770874, ""completed"": true}"
56,66100,S9,S3,"{""agreement"": -0.4731859862804413, ""completed"": true}"
56,66120,S9,S3,"{""agreement"": 0.15944163501262665, ""completed"": true}"
56,67560,S8,S9,"{""agreement"": 0.15957501530647278, ""completed"": true}"
56,67580,S8,S9,"{""agreement"": 0.5205437541007996, ""completed"": true}"
56,67760,S6,S16,"{""agreement"": -0.7829751372337341, ""completed"": true}"
56,67760,S16,S6,"{""agreement"": -0.08687996119260788, ""completed"": true}"
56,68180,S16,S6,"{""agreement"": 0.12634103000164032, ""completed"": true}"
56,68200,S16,S6,"{""agreement"": -0.14176253974437714, ""completed"": true}"
56,68220,S16,S6,"{""agreement"": 0.8235021233558655, ""completed"": true}"
56,68240,S16,S6,"{""agreement"": 0.9167876839637756, ""completed"": true}"
56,68260,S16,S6,"{""agreement"": 0.22566835582256317, ""completed"": true}"
56,68280,S16,S6,"{""agreement"": -0.8851013779640198, ""completed"": true}"
56,68300,S16,S6,"{""agreement"": -0.1609346866607666, ""completed"": true}"
56,69340,S6,S8,"{""agreement"": -0.5185182690620422, ""completed"": true}"
56,69340,S8,S6,"{""agreement"": -0.00697687454521656, ""completed"": true}"
56,69360,S8,S6,"{""agreement"": -0.018615778535604477, ""completed"": true}"
56,69380,S8,S6,"{""agreement"": 0.36843353509902954, ""completed"": true}"
56,69400,S8,S6,"{""agreement"": 0.10794086009263992, ""completed"": true}"
56,69420,S8,S6,"{""agreement"": -0.8766272664070129, ""completed"": true}"
56,69440,S8,S6,"{""agreement"": 0.666579008102417, ""completed"": true}"
56,69460,S8,S6,"{""agreement"": -0.8011305332183838, ""completed"": true}"
56,70480,S9,S3,"{""agreement"": 0.16158230602741241, ""completed"": true}"
56,70500,S9,S3,"{""agreement"": 0.13968822360038757, ""completed"": true}"
56,71140,S8,S9,"{""agreement"": -0.007869284600019455, ""completed"": true}"
56,71160,S8,S9,"{""agreement"": 0.035878051072359085, ""completed"": true}"
56,71180,S8,S9,"{""agreement"": -0.7901677489280701, ""completed"": true}"
56,71200,S8,S9,"{""agreement"": -0.3992249667644501, ""completed"": true}"
56,71220,S8,S9,"{""agreement"": -0.28738272190093994, ""completed"": true}"
56,71660,S6,S15,"{""agreement"": 0.40467482805252075, ""completed"": true}"
56,71680,S6,S15,"{""agreement"": -0.7807695269584656, ""completed"": true}"
56,71700,S6,S15,"{""agreement"": -0.36730819940567017, ""completed"": true}"
56,72520,S7,S6,"{""agreement"": 0.8822982311248779, ""completed"": true}"
56,73840,S15,S16,"{""agreement"": -0.8567754626274109, ""completed"": true}"
56,76800,S16,S6,"{""agreement"": -0.8536118268966675, ""completed"": true}"
56,78500,S9,S3,"{""agreement"": 0.20968014001846313, ""completed"": true}"
56,78520,S9,S3,"{""agreement"": 0.5799505114555359, ""completed"": true}"
56,78540,S9,S3,"{""agreement"": -0.28093212842941284, ""completed"": true}"
56,78560,S9,S3,"{""agreement"": 0.23700791597366333, ""completed"": true}"
56,78560,S7,S9,"{""agreement"": 0.6329382061958313, ""completed"": true}"
56,78580,S9,S3,"{""agreement"": 0.022170860320329666, ""completed"": true}"
56,78580,S7,S9,"{""agreement"": -0.5828275084495544, ""completed"": true}"
56,78600,S9,S3,"{""agreement"": 0.8784005045890808, ""completed"": true}"
56,78600,S7,S9,"{""agreement"": 0.9152819514274597, ""completed"": true}"
56,78620,S7,S9,"{""agreement"": -0.8567172288894653, ""completed"": true}"
56,78620,S9,S7,"{""agreement"": -0.9007344245910645, ""completed"": true}"
56,78640,S7,S9,"{""agreement"": 0.5684492588043213, ""completed"": true}"
56,78660,S7,S9,"{""agreement"": -0.24323196709156036, ""completed"": true}"
56,78680,S7,S9,"{""agreement"": -0.8130423426628113, ""completed"": true}"
56,79540,S7,S16,"{""agreement"": -0.16095110774040222, ""completed"": true}"
56,83300,S16,S3,"{""agreement"": -0.417288601398468, ""completed"": true}"
83,160,S3,S9,"{""agreement"": 0.8178964853286743, ""completed"": true}"
83,160,S9,S3,"{""agreement"": 0.8212037086486816, ""completed"": true}"
83,160,S7,S3,"{""agreement"": 0.8230561017990112, ""completed"": true}"
83,180,S3,S9,"{""agreement"": 0.7727640271186829, ""completed"": true}"
83,180,S9,S3,"{""agreement"": 0.7995854020118713, ""completed"": true}"
83,180,S7,S3,"{""agreement"": 0.4932835102081299, ""completed"": true}"
83,200,S3,S9,"{""agreement"": 0.937725305557251, ""completed"": true}"
83,200,S9,S3,"{""agreement"": 0.27647629380226135, ""completed"": true}"
83,200,S7,S3,"{""agreement"": 0.8386896252632141, ""completed"": true}"
83,220,S3,S9,"{""agreement"": 0.34387409687042236, ""completed"": true}"
83,220,S9,S3,"{""agreement"": 0.7643617987632751, ""completed"": true}"
83,220,S7,S3,"{""agreement"": 0.9007700085639954, ""completed"": true}"
83,240,S3,S9,"{""agreement"": 0.9482740163803101, ""completed"": true}"
83,240,S9,S3,"{""agreement"": 0.3399166762828827, ""completed"": true}"
83,240,S7,S3,"{""agreement"": 0.6362316012382507, ""completed"": true}"
83,260,S3,S9,"{""agreement"": 0.7910882830619812, ""completed"": true}"
83,260,S9,S3,"{""agreement"": 0.5532397031784058, ""completed"": true}"
83,260,S7,S3,"{""agreement"": 0.9183730483055115, ""completed"": true}"
83,280,S3,S9,"{""agreement"": 0.6553218364715576, ""completed"": true}"
83,280,S9,S3,"{""agreement"": 0.8158693313598633, ""completed"": true}"
83,280,S7,S3,"{""agreement"": 0.7495027780532837, ""completed"": true}"
83,300,S3,S9,"{""agreement"": 0.8493819832801819, ""completed"": true}"
83,300,S9,S3,"{""agreement"": 0.9155513048171997, ""completed"": true}"
83,300,S7,S3,"{""agreement"": 0.8311145901679993, ""completed"": true}"
83,320,S3,S9,"{""agreement"": 0.9621273875236511, ""completed"": true}"
83,320,S9,S3,"{""agreement"": 0.5845865607261658, ""completed"": true}"
83,320,S7,S3,"{""agreement"": 0.44906118512153625, ""completed"": true}"
83,340,S3,S9,"{""agreement"": 0.4712676405906677, ""completed"": true}"
83,340,S9,S3,"{""agreement"": 0.10075241327285767, ""completed"": true}"
83,340,S7,S3,"{""agreement"": 0.8203356862068176, ""completed"": true}"
83,360,S3,S9,"{""agreement"": 0.18864057958126068, ""completed"": true}"
83,360,S9,S3,"{""agreement"": 0.6530842781066895, ""completed"": true}"
83,360,S7,S3,"{""agreement"": 0.6292732357978821, ""completed"": true}"
83,380,S3,S9,"{""agreement"": 0.19023236632347107, ""completed"": true}"
83,380,S9,S3,"{""agreement"": 0.981554388999939, ""completed"": true}"
83,380,S7,S3,"{""agreement"": 0.6687167882919312, ""completed"": true}"
83,400,S3,S9,"{""agreement"": 0.8138110637664795, ""completed"": true}"
83,400,S9,S3,"{""agreement"": 0.6675766110420227, ""completed"": true}"
83,400,S7,S3,"{""agreement"": 0.1652636080980301, ""completed"": true}"
83,400,S11,S6,"{""agreement"": 0.6383592486381531, ""completed"": true}"
83,400,S6,S11,"{""agreement"": 0.882347822189331, ""completed"": true}"
83,420,S3,S9,"{""agreement"": 0.9728535413742065, ""completed"": true}"
83,420,S9,S3,"{""agreement"": -0.12182280421257019, ""completed"": true}"
83,420,S7,S3,"{""agreement"": -0.07529681921005249, ""completed"": true}"
83,420,S11,S6,"{""agreement"": 0.39293041825294495, ""completed"": true}"
83,420,S6,S11,"{""agreement"": 0.10016632080078125, ""completed"": true}"
83,440,S3,S7,"{""agreement"": 0.5559527277946472, ""completed"": true}"
83,440,S7,S3,"{""agreement"": -0.1351025402545929, ""completed"": true}"
83,460,S3,S7,"{""agreement"": 0.5998256802558899, ""completed"": true}"
83,460,S7,S3,"{""agreement"": -0.08148165047168732, ""completed"": true}"
83,480,S3,S7,"{""agreement"": 0.1051388680934906, ""completed"": true}"
83,480,S7,S3,"{""agreement"": 0.809278666973114, ""completed"": true}"
83,500,S3,S7,"{""agreement"": -0.5394926071166992, ""completed"": true}"
83,500,S7,S3,"{""agreement"": -0.3753036558628082, ""completed"": true}"
83,520,S3,S7,"{""agreement"": -0.2753935158252716, ""completed"": true}"
83,520,S7,S3,"{""agreement"": -0.08057089149951935, ""completed"": true}"
83,540,S3,S7,"{""agreement"": 0.2383609265089035, ""completed"": true}"
83,540,S7,S3,"{""agreement"": 0.8839800357818604, ""completed"": true}"
83,560,S3,S7,"{""agreement"": 0.2051704078912735, ""completed"": true}"
83,560,S7,S3,"{""agreement"": 0.4812532365322113, ""completed"": true}"
83,580,S3,S7,"{""agreement"": 0.2049933820962906, ""completed"": true}"
83,580,S7,S3,"{""agreement"": -0.16736698150634766, ""completed"": true}"
83,600,S3,S7,"{""agreement"": 0.5957586765289307, ""completed"": true}"
83,600,S7,S3,"{""agreement"": 0.25415685772895813, ""completed"": true}"
83,620,S3,S7,"{""agreement"": 0.5966771245002747, ""completed"": true}"
83,620,S7,S3,"{""agreement"": 0.2573421597480774, ""completed"": true}"
83,640,S3,S7,"{""agreement"": 0.6908013224601746, ""completed"": true}"
83,640,S7,S3,"{""agreement"": -0.30002930760383606, ""completed"": true}"
83,700,S8,S15,"{""agreement"": 0.37417227029800415, ""completed"": true}"
83,700,S15,S8,"{""agreement"": 0.5237665176391602, ""completed"": true}"
83,720,S8,S15,"{""agreement"": 0.5776495337486267, ""completed"": true}"
83,720,S15,S8,"{""agreement"": 0.7599878311157227, ""completed"": true}"
83,740,S8,S15,"{""agreement"": 0.25844964385032654, ""completed"": true}"
83,740,S15,S8,"{""agreement"": 0.2756485641002655, ""completed"": true}"
83,760,S8,S15,"{""agreement"": -0.2962740957736969, ""completed"": true}"
83,760,S15,S8,"{""agreement"": -0.02002676948904991, ""completed"": true}"
83,760,S16,S6,"{""agreement"": 0.24960921704769135, ""completed"": true}"
83,760,S6,S16,"{""agreement"": 0.7225471138954163, ""completed"": true}"
83,780,S8,S15,"{""agreement"": 0.5796170830726624, ""completed"": true}"
83,780,S15,S8,"{""agreement"": 0.7521927952766418, ""completed"": true}"
83,780,S16,S6,"{""agreement"": 0.7735502123832703, ""completed"": true}"
83,780,S6,S16,"{""agreement"": 0.47275304794311523, ""completed"": true}"
83,800,S8,S15,"{""agreement"": 0.8076961040496826, ""completed"": true}"
83,800,S15,S8,"{""agreement"": 0.6901638507843018, ""completed"": true}"
83,800,S16,S6,"{""agreement"": 0.5767714977264404, ""completed"": true}"
83,800,S6,S16,"{""agreement"": 0.5424433946609497, ""completed"": true}"
83,820,S8,S15,"{""agreement"": 0.1980244666337967, ""completed"": true}"
83,820,S15,S8,"{""agreement"": 0.12725529074668884, ""completed"": true}"
83,820,S16,S6,"{""agreement"": 0.5379827618598938, ""completed"": true}"
83,820,S6,S16,"{""agreement"": 0.47459959983825684, ""completed"": true}"
83,840,S16,S6,"{""agreement"": 0.7018386721611023, ""completed"": true}"
83,840,S6,S16,"{""agreement"": 0.6325907111167908, ""completed"": true}"
83,860,S8,S6,"{""agreement"": 0.005351731553673744, ""completed"": true}"
83,860,S6,S16,"{""agreement"": 0.21788635849952698, ""completed"": true}"
83,860,S16,S6,"{""agreement"": -0.31199198961257935, ""completed"": true}"
83,880,S8,S6,"{""agreement"": -0.07570259273052216, ""completed"": true}"
83,880,S6,S16,"{""agreement"": 0.3014950156211853, ""completed"": true}"
83,880,S16,S6,"{""agreement"": 0.8466790914535522, ""completed"": true}"
83,900,S8,S6,"{""agreement"": 0.3314516544342041, ""completed"": true}"
83,900,S6,S16,"{""agreement"": 0.8338919878005981, ""completed"": true}"
83,900,S16,S6,"{""agreement"": 0.6273823380470276, ""completed"": true}"
83,920,S8,S6,"{""agreement"": 0.43107613921165466, ""completed"": true}"
83,920,S6,S16,"{""agreement"": 0.6335681676864624, ""completed"": true}"
83,920,S16,S6,"{""agreement"": 0.5805588960647583, ""completed"": true}"
83,940,S8,S6,"{""agreement"": 0.3113015592098236, ""completed"": true}"
83,940,S6,S16,"{""agreement"": 0.17559176683425903, ""completed"": true}"
83,940,S16,S6,"{""agreement"": 0.45142269134521484, ""completed"": true}"
83,960,S8,S6,"{""agreement"": -0.41258546710014343, ""completed"": true}"
83,960,S6,S16,"{""agreement"": 0.3840982913970947, ""completed"": true}"
83,960,S16,S6,"{""agreement"": 0.36299172043800354, ""completed"": true}"
83,980,S8,S6,"{""agreement"": 0.5624022483825684, ""completed"": true}"
83,980,S6,S16,"{""agreement"": -0.3454703688621521, ""completed"": true}"
83,980,S16,S6,"{""agreement"": 0.21179445087909698, ""completed"": true}"
83,1000,S8,S6,"{""agreement"": -0.36043840646743774, ""completed"": true}"
83,1000,S6,S8,"{""agreement"": 0.3739977777004242, ""completed"": true}"
83,1000,S16,S6,"{""agreement"": -0.21265889704227448, ""completed"": true}"
83,1020,S8,S6,"{""agreement"": 0.7757772207260132, ""completed"": true}"
83,1020,S6,S16,"{""agreement"": 0.15603433549404144, ""completed"": true}"
83,1020,S16,S6,"{""agreement"": 0.714114785194397, ""completed"": true}"
83,1040,S8,S6,"{""agreement"": -0.3217206597328186, ""completed"": true}"
83,1040,S6,S8,"{""agreement"": 0.7926855683326721, ""completed"": true}"
83,1040,S16,S6,"{""agreement"": -0.04540356621146202, ""completed"": true}"
83,1560,S15,S5,"{""agreement"": 0.5368049144744873, ""completed"": true}"
83,1560,S5,S15,"{""agreement"": 0.8776119351387024, ""completed"": true}"
83,1580,S15,S5,"{""agreement"": 0.48147979378700256, ""completed"": true}"
83,1580,S5,S15,"{""agreement"": 0.6455691456794739, ""completed"": true}"
83,1600,S15,S5,"{""agreement"": 0.7986827492713928, ""completed"": true}"
83,1600,S5,S15,"{""agreement"": -0.3141765892505646, ""completed"": true}"
83,1620,S15,S5,"{""agreement"": 0.7567228078842163, ""completed"": true}"
83,1620,S5,S15,"{""agreement"": 0.22636939585208893, ""completed"": true}"
83,1640,S15,S5,"{""agreement"": 0.06344377994537354, ""completed"": true}"
83,1640,S5,S15,"{""agreement"": 0.0733153447508812, ""completed"": true}"
83,1660,S15,S5,"{""agreement"": 0.38401976227760315, ""completed"": true}"
83,1660,S5,S15,"{""agreement"": 0.61946702003479, ""completed"": true}"
83,1680,S15,S5,"{""agreement"": -0.13462501764297485, ""completed"": true}"
83,1680,S5,S15,"{""agreement"": 0.35676082968711853, ""completed"": true}"
83,1700,S15,S5,"{""agreement"": 0.20838619768619537, ""completed"": true}"
83,1700,S5,S15,"{""agreement"": 0.44052162766456604, ""completed"": true}"
83,1720,S15,S5,"{""agreement"": 0.25312650203704834, ""completed"": true}"
83,1720,S5,S15,"{""agreement"": 0.6664579510688782, ""completed"": true}"
83,1740,S15,S5,"{""agreement"": 0.4667174816131592, ""completed"": true}"
83,1740,S5,S15,"{""agreement"": 0.5993233323097229, ""completed"": true}"
83,1760,S15,S5,"{""agreement"": 0.7256256937980652, ""completed"": true}"
83,1760,S5,S15,"{""agreement"": 0.33796751499176025, ""completed"": true}"
83,1780,S15,S5,"{""agreement"": -0.284771203994751, ""completed"": true}"
83,1780,S5,S15,"{""agreement"": 0.08893893659114838, ""completed"": true}"
83,1780,S16,S5,"{""agreement"": 0.7537731528282166, ""completed"": true}"
83,1800,S15,S5,"{""agreement"": 0.1383727639913559, ""completed"": true}"
83,1800,S5,S15,"{""agreement"": 0.8333022594451904, ""completed"": true}"
83,1900,S16,S13,"{""agreement"": 0.3745497763156891, ""completed"": true}"
83,1900,S13,S16,"{""agreement"": -0.11959867179393768, ""completed"": true}"
83,1920,S16,S13,"{""agreement"": 0.6475128531455994, ""completed"": true}"
83,1920,S13,S16,"{""agreement"": 0.7773658633232117, ""completed"": true}"
83,1940,S16,S13,"{""agreement"": 0.6416639089584351, ""completed"": true}"
83,1940,S13,S16,"{""agreement"": 0.8335758447647095, ""completed"": true}"
83,2260,S5,S16,"{""agreement"": 0.27088621258735657, ""completed"": true}"
83,2260,S16,S5,"{""agreement"": 0.8107773065567017, ""completed"": true}"
83,2280,S5,S16,"{""agreement"": 0.5905952453613281, ""completed"": true}"
83,2280,S16,S5,"{""agreement"": 0.6646410822868347, ""completed"": true}"
83,2300,S5,S16,"{""agreement"": -0.3049207031726837, ""completed"": true}"
83,2300,S16,S5,"{""agreement"": 0.8474711775779724, ""completed"": true}"
83,2320,S5,S16,"{""agreement"": -0.2329319268465042, ""completed"": true}"
83,2320,S16,S5,"{""agreement"": 0.6063381433486938, ""completed"": true}"
83,2340,S5,S16,"{""agreement"": 0.2637682259082794, ""completed"": true}"
83,2340,S16,S5,"{""agreement"": 0.7089117765426636, ""completed"": true}"
83,2360,S5,S16,"{""agreement"": -0.38766753673553467, ""completed"": true}"
83,2360,S16,S5,"{""agreement"": 0.40332868695259094, ""completed"": true}"
83,2420,S5,S7,"{""agreement"": -0.1626007854938507, ""completed"": true}"
83,2420,S7,S5,"{""agreement"": 0.7889965772628784, ""completed"": true}"
83,2440,S5,S7,"{""agreement"": 0.8070579171180725, ""completed"": true}"
83,2440,S7,S5,"{""agreement"": 0.7551383376121521, ""completed"": true}"
83,2460,S5,S7,"{""agreement"": 0.12124352902173996, ""completed"": true}"
83,2460,S7,S5,"{""agreement"": 0.5178996324539185, ""completed"": true}"
83,2480,S5,S7,"{""agreement"": 0.520643949508667, ""completed"": true}"
83,2480,S7,S5,"{""agreement"": 0.6076210141181946, ""completed"": true}"
83,2500,S5,S7,"{""agreement"": -0.45205292105674744, ""completed"": true}"
83,2500,S7,S5,"{""agreement"": 0.6423951983451843, ""completed"": true}"
83,2520,S5,S7,"{""agreement"": -0.6306471824645996, ""completed"": true}"
83,2520,S7,S5,"{""agreement"": 0.6915321350097656, ""completed"": true}"
83,3100,S9,S7,"{""agreement"": 0.06445513665676117, ""completed"": true}"
83,3100,S7,S9,"{""agreement"": -0.0783475860953331, ""completed"": true}"
83,3200,S15,S16,"{""agreement"": 0.633818507194519, ""completed"": true}"
83,3200,S16,S15,"{""agreement"": 0.2706310749053955, ""completed"": true}"
83,3220,S15,S16,"{""agreement"": 0.832425057888031, ""completed"": true}"
83,3220,S16,S15,"{""agreement"": -0.175412118434906, ""completed"": true}"
83,3240,S15,S16,"{""agreement"": 0.888982355594635, ""completed"": true}"
83,3240,S16,S15,"{""agreement"": 0.3321937024593353, ""completed"": true}"
83,3260,S15,S16,"{""agreement"": 0.577816367149353, ""completed"": true}"
83,3260,S16,S15,"{""agreement"": -0.7189504504203796, ""completed"": true}"
83,3280,S15,S16,"{""agreement"": -0.7811253666877747, ""completed"": true}"
83,3280,S16,S15,"{""agreement"": 0.5218825340270996, ""completed"": true}"
83,3300,S15,S16,"{""agreement"": 0.8347655534744263, ""completed"": true}"
83,3300,S16,S15,"{""agreement"": -0.38345906138420105, ""completed"": true}"
83,3320,S15,S16,"{""agreement"": 0.8735623359680176, ""completed"": true}"
83,3320,S16,S15,"{""agreement"": 0.627487301826477, ""completed"": true}"
83,3340,S15,S16,"{""agreement"": 0.8887332081794739, ""completed"": true}"
83,3340,S16,S15,"{""agreement"": -0.3211333155632019, ""completed"": true}"
83,3360,S15,S16,"{""agreement"": 0.747117280960083, ""completed"": true}"
83,3360,S16,S15,"{""agreement"": 0.6162881851196289, ""completed"": true}"
83,3380,S8,S7,"{""agreement"": 0.5712769627571106, ""completed"": true}"
83,3380,S7,S8,"{""agreement"": 0.7825573682785034, ""completed"": true}"
83,3380,S15,S16,"{""agreement"": 0.7586676478385925, ""completed"": true}"
83,3380,S16,S15,"{""agreement"": 0.43516844511032104, ""completed"": true}"
83,3400,S8,S7,"{""agreement"": 0.5639259815216064, ""completed"": true}"
83,3400,S7,S8,"{""agreement"": 0.08604633808135986, ""completed"": true}"
83,3400,S15,S16,"{""agreement"": 0.1247556135058403, ""completed"": true}"
83,3400,S16,S15,"{""agreement"": -0.3471105694770813, ""completed"": true}"
83,3420,S8,S7,"{""agreement"": 0.3243813216686249, ""completed"": true}"
83,3420,S7,S8,"{""agreement"": 0.4031091332435608, ""completed"": true}"
83,3420,S15,S16,"{""agreement"": 0.7175140380859375, ""completed"": true}"
83,3420,S16,S15,"{""agreement"": -0.6374475359916687, ""completed"": true}"
83,3440,S8,S7,"{""agreement"": -0.053164709359407425, ""completed"": true}"
83,3440,S7,S8,"{""agreement"": -0.37910351157188416, ""completed"": true}"
83,3440,S15,S16,"{""agreement"": 0.2595377266407013, ""completed"": true}"
83,3440,S16,S15,"{""agreement"": 0.840800404548645, ""completed"": true}"
83,3460,S15,S16,"{""agreement"": 0.8613916635513306, ""completed"": true}"
83,3460,S16,S15,"{""agreement"": -0.23866146802902222, ""completed"": true}"
83,3480,S15,S16,"{""agreement"": 0.5932917594909668, ""completed"": true}"
83,3480,S16,S15,"{""agreement"": 0.9012003540992737, ""completed"": true}"
83,3500,S15,S16,"{""agreement"": 0.6116328835487366, ""completed"": true}"
83,3500,S16,S15,"{""agreement"": 0.16311949491500854, ""completed"": true}"
83,3520,S15,S16,"{""agreement"": 0.8788740038871765, ""completed"": true}"
83,3520,S16,S15,"{""agreement"": -0.3347926437854767, ""completed"": true}"
83,3540,S15,S16,"{""agreement"": 0.6665821075439453, ""completed"": true}"
83,3540,S16,S15,"{""agreement"": 0.6866694092750549, ""completed"": true}"
83,3560,S15,S16,"{""agreement"": 0.5637092590332031, ""completed"": true}"
83,3560,S16,S15,"{""agreement"": 0.14179018139839172, ""completed"": true}"
83,3580,S15,S16,"{""agreement"": 0.685999870300293, ""completed"": true}"
83,3580,S16,S15,"{""agreement"": 0.0282431710511446, ""completed"": true}"
83,3600,S15,S16,"{""agreement"": -0.0057465676218271255, ""completed"": true}"
83,3600,S3,S15,"{""agreement"": -0.5688374638557434, ""completed"": true}"
83,3600,S16,S15,"{""agreement"": 0.4327007830142975, ""completed"": true}"
83,3600,S9,S15,"{""agreement"": 0.3651876449584961, ""completed"": true}"
83,3620,S15,S16,"{""agreement"": 0.09357105195522308, ""completed"": true}"
83,3620,S3,S15,"{""agreement"": 0.8545112013816833, ""completed"": true}"
83,3620,S16,S15,"{""agreement"": 0.5968950390815735, ""completed"": true}"
83,3620,S9,S15,"{""agreement"": 0.6621280312538147, ""completed"": true}"
83,3640,S15,S16,"{""agreement"": 0.29647380113601685, ""completed"": true}"
83,3640,S3,S15,"{""agreement"": 0.7894808650016785, ""completed"": true}"
83,3640,S16,S15,"{""agreement"": -0.04090644419193268, ""completed"": true}"
83,3660,S15,S16,"{""agreement"": 0.8386707305908203, ""completed"": true}"
83,3660,S3,S15,"{""agreement"": 0.3132385015487671, ""completed"": true}"
83,3660,S16,S15,"{""agreement"": 0.5348013043403625, ""completed"": true}"
83,3680,S15,S16,"{""agreement"": 0.5874659419059753, ""completed"": true}"
83,3680,S3,S15,"{""agreement"": 0.8449251055717468, ""completed"": true}"
83,3680,S16,S15,"{""agreement"": 0.15436209738254547, ""completed"": true}"
83,3700,S15,S16,"{""agreement"": 0.42267289757728577, ""completed"": true}"
83,3700,S3,S15,"{""agreement"": 0.588579535484314, ""completed"": true}"
83,3700,S16,S15,"{""agreement"": 0.074025958776474, ""completed"": true}"
83,3720,S15,S16,"{""agreement"": -0.23473982512950897, ""completed"": true}"
83,3720,S3,S15,"{""agreement"": 0.45287853479385376, ""completed"": true}"
83,3720,S16,S15,"{""agreement"": 0.3704685568809509, ""completed"": true}"
83,3740,S15,S3,"{""agreement"": 0.14588995277881622, ""completed"": true}"
83,3740,S3,S15,"{""agreement"": -0.16084463894367218, ""completed"": true}"
83,3740,S16,S15,"{""agreement"": 0.3308607339859009, ""completed"": true}"
83,3760,S15,S16,"{""agreement"": -0.05002230405807495, ""completed"": true}"
83,3760,S3,S15,"{""agreement"": 0.604417622089386, ""completed"": true}"
83,3760,S16,S15,"{""agreement"": 0.5341482162475586, ""completed"": true}"
83,3780,S15,S16,"{""agreement"": -0.11804434657096863, ""completed"": true}"
83,3780,S16,S15,"{""agreement"": 0.01339795347303152, ""completed"": true}"
83,3800,S15,S16,"{""agreement"": 0.04644493758678436, ""completed"": true}"
83,3800,S16,S15,"{""agreement"": -0.25232017040252686, ""completed"": true}"
83,3820,S15,S16,"{""agreement"": 0.1950477957725525, ""completed"": true}"
83,3820,S16,S15,"{""agreement"": 0.4980381429195404, ""completed"": true}"
83,3840,S15,S16,"{""agreement"": 0.7901179194450378, ""completed"": true}"
83,3840,S16,S15,"{""agreement"": 0.6203719973564148, ""completed"": true}"
83,4000,S11,S9,"{""agreement"": 0.5079599618911743, ""completed"": true}"
83,4000,S9,S11,"{""agreement"": 0.4081079363822937, ""completed"": true}"
83,4020,S11,S9,"{""agreement"": 0.7513710856437683, ""completed"": true}"
83,4020,S9,S11,"{""agreement"": 0.5785894393920898, ""completed"": true}"
83,4040,S11,S9,"{""agreement"": 0.732191801071167, ""completed"": true}"
83,4040,S9,S11,"{""agreement"": -0.4738965928554535, ""completed"": true}"
83,4060,S11,S9,"{""agreement"": 0.4987563490867615, ""completed"": true}"
83,4060,S9,S11,"{""agreement"": -0.5954936742782593, ""completed"": true}"
83,4080,S11,S9,"{""agreement"": 0.1331615298986435, ""completed"": true}"
83,4080,S9,S11,"{""agreement"": 0.3866548240184784, ""completed"": true}"
83,4360,S8,S11,"{""agreement"": 0.7543256282806396, ""completed"": true}"
83,4360,S11,S8,"{""agreement"": 0.49972012639045715, ""completed"": true}"
83,4380,S8,S11,"{""agreement"": -0.2381022870540619, ""completed"": true}"
83,4380,S11,S8,"{""agreement"": 0.7662004828453064, ""completed"": true}"
83,4400,S8,S11,"{""agreement"": 0.19208435714244843, ""completed"": true}"
83,4400,S11,S8,"{""agreement"": 0.571948230266571, ""completed"": true}"
83,4420,S8,S11,"{""agreement"": 0.45698264241218567, ""completed"": true}"
83,4420,S11,S8,"{""agreement"": 0.7820478081703186, ""completed"": true}"
83,4440,S8,S11,"{""agreement"": -0.43940281867980957, ""completed"": true}"
83,4440,S11,S8,"{""agreement"": 0.3952052593231201, ""completed"": true}"
83,4460,S8,S11,"{""agreement"": 0.6081140041351318, ""completed"": true}"
83,4460,S11,S8,"{""agreement"": 0.46130210161209106, ""completed"": true}"
83,4480,S8,S11,"{""agreement"": 0.7219645380973816, ""completed"": true}"
83,4480,S11,S8,"{""agreement"": 0.8518773317337036, ""completed"": true}"
83,4500,S8,S11,"{""agreement"": 0.22371786832809448, ""completed"": true}"
83,4500,S11,S8,"{""agreement"": 0.8027549386024475, ""completed"": true}"
83,4520,S8,S11,"{""agreement"": 0.060104452073574066, ""completed"": true}"
83,4520,S11,S8,"{""agreement"": -0.45377084612846375, ""completed"": true}"
83,4540,S8,S11,"{""agreement"": 0.5511990785598755, ""completed"": true}"
83,4540,S11,S8,"{""agreement"": 0.8474727869033813, ""completed"": true}"
83,4560,S8,S11,"{""agreement"": 0.8251897692680359, ""completed"": true}"
83,4560,S11,S8,"{""agreement"": -0.5427030920982361, ""completed"": true}"
83,4920,S15,S7,"{""agreement"": -0.33644619584083557, ""completed"": true}"
83,4920,S7,S15,"{""agreement"": -0.36225587129592896, ""completed"": true}"
83,5140,S11,S7,"{""agreement"": 0.8327505588531494, ""completed"": true}"
83,5140,S7,S11,"{""agreement"": 0.9065714478492737, ""completed"": true}"
83,5160,S11,S7,"{""agreement"": 0.657379686832428, ""completed"": true}"
83,5160,S7,S11,"{""agreement"": 0.47884276509284973, ""completed"": true}"
83,5180,S11,S7,"{""agreement"": -0.2912087142467499, ""completed"": true}"
83,5180,S7,S11,"{""agreement"": -0.632828414440155, ""completed"": true}"
83,5200,S11,S7,"{""agreement"": -0.2333117574453354, ""completed"": true}"
83,5200,S7,S11,"{""agreement"": 0.9605398178100586, ""completed"": true}"
83,5220,S5,S11,"{""agreement"": -0.2944583594799042, ""completed"": true}"
83,5220,S11,S5,"{""agreement"": 0.4957214593887329, ""completed"": true}"
83,5220,S7,S11,"{""agreement"": 0.5234962701797485, ""completed"": true}"
83,5240,S8,S11,"{""agreement"": -0.7145287990570068, ""completed"": true}"
83,5240,S11,S5,"{""agreement"": 0.1419139802455902, ""completed"": true}"
83,5240,S5,S11,"{""agreement"": 0.6477782726287842, ""completed"": true}"
83,5240,S7,S11,"{""agreement"": 0.19071327149868011, ""completed"": true}"
83,5260,S8,S11,"{""agreement"": 0.7937977910041809, ""completed"": true}"
83,5260,S11,S8,"{""agreement"": 0.5924193859100342, ""completed"": true}"
83,5260,S5,S11,"{""agreement"": 0.47431042790412903, ""completed"": true}"
83,5260,S7,S11,"{""agreement"": 0.06881655007600784, ""completed"": true}"
83,5280,S8,S11,"{""agreement"": 0.7510542273521423, ""completed"": true}"
83,5280,S11,S8,"{""agreement"": 0.24420788884162903, ""completed"": true}"
83,5280,S5,S11,"{""agreement"": -0.13541759550571442, ""completed"": true}"
83,5280,S16,S13,"{""agreement"": -0.8323085308074951, ""completed"": true}"
83,5280,S13,S16,"{""agreement"": 0.5800395011901855, ""completed"": true}"
83,5280,S7,S11,"{""agreement"": -0.48475366830825806, ""completed"": true}"
83,5300,S8,S15,"{""agreement"": 0.08236264437437057, ""completed"": true}"
83,5300,S15,S8,"{""agreement"": 0.4718035161495209, ""completed"": true}"
83,5300,S5,S11,"{""agreement"": -0.5362476110458374, ""completed"": true}"
83,5300,S11,S5,"{""agreement"": 0.4492889940738678, ""completed"": true}"
83,5300,S16,S13,"{""agreement"": 0.5563102960586548, ""completed"": true}"
83,5300,S13,S16,"{""agreement"": 0.13880746066570282, ""completed"": true}"
83,5300,S7,S11,"{""agreement"": 0.8134967684745789, ""completed"": true}"
83,5320,S8,S15,"{""agreement"": 0.48218458890914917, ""completed"": true}"
83,5320,S15,S8,"{""agreement"": -0.00058454874670133, ""completed"": true}"
83,5320,S5,S11,"{""agreement"": -0.6012102961540222, ""completed"": true}"
83,5320,S11,S5,"{""agreement"": -0.05228334665298462, ""completed"": true}"
83,5320,S16,S13,"{""agreement"": 0.8936474919319153, ""completed"": true}"
83,5320,S13,S16,"{""agreement"": 0.5158804059028625, ""completed"": true}"
83,5320,S7,S11,"{""agreement"": 0.6700161695480347, ""completed"": true}"
83,5340,S8,S15,"{""agreement"": 0.14975503087043762, ""completed"": true}"
83,5340,S15,S8,"{""agreement"": -0.377865731716156, ""completed"": true}"
83,5340,S16,S13,"{""agreement"": -0.7175284624099731, ""completed"": true}"
83,5340,S13,S16,"{""agreement"": 0.575148344039917, ""completed"": true}"
83,5340,S11,S7,"{""agreement"": 0.7509528994560242, ""completed"": true}"
83,5340,S7,S11,"{""agreement"": 0.3725011944770813, ""completed"": true}"
83,5360,S8,S15,"{""agreement"": 0.32960644364356995, ""completed"": true}"
83,5360,S15,S8,"{""agreement"": 0.3950098752975464, ""completed"": true}"
83,5360,S16,S13,"{""agreement"": -0.37385016679763794, ""completed"": true}"
83,5360,S13,S16,"{""agreement"": 0.38310402631759644, ""completed"": true}"
83,5360,S11,S7,"{""agreement"": -0.7166882157325745, ""completed"": true}"
83,5360,S7,S11,"{""agreement"": -0.5058037042617798, ""completed"": true}"
83,5380,S8,S15,"{""agreement"": 0.6892419457435608, ""completed"": true}"
83,5380,S15,S8,"{""agreement"": -0.5320227146148682, ""completed"": true}"
83,5380,S16,S13,"{""agreement"": 0.5265483856201172, ""completed"": true}"
83,5380,S13,S16,"{""agreement"": -0.21245098114013672, ""completed"": true}"
83,5380,S11,S7,"{""agreement"": 0.43792039155960083, ""completed"": true}"
83,5380,S7,S11,"{""agreement"": 0.23565363883972168, ""completed"": true}"
83,5400,S8,S15,"{""agreement"": 0.1826501190662384, ""completed"": true}"
83,5400,S15,S8,"{""agreement"": 0.46504220366477966, ""completed"": true}"
83,5400,S16,S13,"{""agreement"": -0.12546434998512268, ""completed"": true}"
83,5400,S13,S16,"{""agreement"": 0.1610162854194641, ""completed"": true}"
83,5400,S11,S7,"{""agreement"": 0.6194194555282593, ""completed"": true}"
83,5400,S7,S11,"{""agreement"": 0.7281250953674316, ""completed"": true}"
83,5420,S8,S15,"{""agreement"": 0.607391357421875, ""completed"": true}"
83,5420,S15,S8,"{""agreement"": 0.013904860243201256, ""completed"": true}"
83,5420,S16,S13,"{""agreement"": 0.051288288086652756, ""completed"": true}"
83,5420,S13,S16,"{""agreement"": 0.1845160573720932, ""completed"": true}"
83,5420,S11,S7,"{""agreement"": 0.06708668917417526, ""completed"": true}"
83,5420,S7,S11,"{""agreement"": 0.24176490306854248, ""completed"": true}"
83,5440,S16,S13,"{""agreement"": 0.7347438335418701, ""completed"": true}"
83,5440,S13,S16,"{""agreement"": 0.369314968585968, ""completed"": true}"
83,5440,S11,S7,"{""agreement"": 0.17519448697566986, ""completed"": true}"
83,5440,S7,S11,"{""agreement"": 0.9193503856658936, ""completed"": true}"
83,5460,S11,S7,"{""agreement"": -0.4194848835468292, ""completed"": true}"
83,5460,S7,S11,"{""agreement"": -0.08481419831514359, ""completed"": true}"
83,5480,S11,S7,"{""agreement"": -0.27422034740448, ""completed"": true}"
83,5480,S7,S11,"{""agreement"": 0.030052997171878815, ""completed"": true}"
83,5500,S11,S7,"{""agreement"": 0.16470883786678314, ""completed"": true}"
83,5500,S7,S11,"{""agreement"": -0.12261985242366791, ""completed"": true}"
83,5520,S11,S7,"{""agreement"": 0.2965582609176636, ""completed"": true}"
83,5520,S7,S11,"{""agreement"": -0.19053056836128235, ""completed"": true}"
83,5540,S11,S7,"{""agreement"": 0.403034508228302, ""completed"": true}"
83,5540,S7,S11,"{""agreement"": 0.40581458806991577, ""completed"": true}"
83,5560,S11,S7,"{""agreement"": 0.028076091781258583, ""completed"": true}"
83,5560,S7,S11,"{""agreement"": 0.7543975710868835, ""completed"": true}"
83,5580,S11,S7,"{""agreement"": 0.3634582757949829, ""completed"": true}"
83,5580,S7,S11,"{""agreement"": 0.3815220296382904, ""completed"": true}"
83,5600,S11,S7,"{""agreement"": 0.3779694437980652, ""completed"": true}"
83,5600,S7,S11,"{""agreement"": 0.5663266181945801, ""completed"": true}"
83,5620,S11,S7,"{""agreement"": 0.6288067698478699, ""completed"": true}"
83,5620,S7,S11,"{""agreement"": 0.5762104988098145, ""completed"": true}"
83,5640,S11,S7,"{""agreement"": 0.37296387553215027, ""completed"": true}"
83,5640,S7,S11,"{""agreement"": 0.8030157685279846, ""completed"": true}"
83,5660,S5,S16,"{""agreement"": 0.4342775344848633, ""completed"": true}"
83,5660,S16,S5,"{""agreement"": -0.6378579139709473, ""completed"": true}"
83,5680,S5,S16,"{""agreement"": 0.5288301706314087, ""completed"": true}"
83,5680,S16,S5,"{""agreement"": -0.03076743520796299, ""completed"": true}"
83,5700,S5,S16,"{""agreement"": 0.5240066647529602, ""completed"": true}"
83,5700,S16,S5,"{""agreement"": 0.7015601992607117, ""completed"": true}"
83,5720,S5,S16,"{""agreement"": 0.5482545495033264, ""completed"": true}"
83,5720,S16,S5,"{""agreement"": -0.28989139199256897, ""completed"": true}"
83,5740,S5,S16,"{""agreement"": 0.7202531099319458, ""completed"": true}"
83,5740,S16,S5,"{""agreement"": 0.5436031222343445, ""completed"": true}"
83,5760,S5,S16,"{""agreement"": -0.2820187509059906, ""completed"": true}"
83,5760,S16,S5,"{""agreement"": -0.13787083327770233, ""completed"": true}"
83,5780,S5,S16,"{""agreement"": -0.5872359871864319, ""completed"": true}"
83,5780,S16,S5,"{""agreement"": 0.6820414662361145, ""completed"": true}"
83,5800,S5,S16,"{""agreement"": 0.5111485123634338, ""completed"": true}"
83,5800,S16,S5,"{""agreement"": 0.6381148099899292, ""completed"": true}"
83,5820,S5,S16,"{""agreement"": 0.7396693825721741, ""completed"": true}"
83,5820,S16,S5,"{""agreement"": 0.34807097911834717, ""completed"": true}"
83,5840,S5,S16,"{""agreement"": 0.7017282843589783, ""completed"": true}"
83,5840,S16,S5,"{""agreement"": -0.34700843691825867, ""completed"": true}"
83,5860,S5,S16,"{""agreement"": -0.2558002471923828, ""completed"": true}"
83,5860,S16,S5,"{""agreement"": -0.30971261858940125, ""completed"": true}"
83,5880,S5,S16,"{""agreement"": -0.13356997072696686, ""completed"": true}"
83,5880,S16,S5,"{""agreement"": -0.017083918675780296, ""completed"": true}"
83,5900,S5,S16,"{""agreement"": 0.6547818779945374, ""completed"": true}"
83,5900,S16,S5,"{""agreement"": -0.0002621726307552308, ""completed"": true}"
83,5920,S5,S16,"{""agreement"": 0.6251865029335022, ""completed"": true}"
83,5920,S16,S5,"{""agreement"": -0.4886978268623352, ""completed"": true}"
83,5940,S15,S11,"{""agreement"": 0.8173297047615051, ""completed"": true}"
83,5940,S11,S15,"{""agreement"": -0.6489121317863464, ""completed"": true}"
83,5940,S5,S16,"{""agreement"": -0.41526442766189575, ""completed"": true}"
83,5940,S16,S5,"{""agreement"": 0.38439226150512695, ""completed"": true}"
83,5960,S15,S11,"{""agreement"": 0.930844783782959, ""completed"": true}"
83,5960,S11,S15,"{""agreement"": 0.9198811054229736, ""completed"": true}"
83,5980,S15,S11,"{""agreement"": -0.7456710338592529, ""completed"": true}"
83,5980,S11,S15,"{""agreement"": 0.9285011887550354, ""completed"": true}"
83,5980,S3,S5,"{""agreement"": 0.09014501422643661, ""completed"": true}"
83,5980,S5,S3,"{""agreement"": -0.12662282586097717, ""completed"": true}"
83,6000,S15,S11,"{""agreement"": 0.5315597653388977, ""completed"": true}"
83,6000,S11,S15,"{""agreement"": 0.013073990121483803, ""completed"": true}"
83,6020,S15,S11,"{""agreement"": -0.6664599776268005, ""completed"": true}"
83,6020,S11,S15,"{""agreement"": 0.5944048762321472, ""completed"": true}"
83,6040,S15,S11,"{""agreement"": 0.12883763015270233, ""completed"": true}"
83,6040,S11,S15,"{""agreement"": 0.649107038974762, ""completed"": true}"
83,6060,S15,S11,"{""agreement"": -0.8863345384597778, ""completed"": true}"
83,6060,S11,S15,"{""agreement"": 0.5372236371040344, ""completed"": true}"
83,6080,S15,S11,"{""agreement"": 0.16798412799835205, ""completed"": true}"
83,6080,S11,S15,"{""agreement"": -0.24546116590499878, ""completed"": true}"
83,6100,S15,S11,"{""agreement"": -0.7262868285179138, ""completed"": true}"
83,6100,S11,S15,"{""agreement"": 0.8853228688240051, ""completed"": true}"
83,6120,S11,S15,"{""agreement"": -0.2666729688644409, ""completed"": true}"
83,6140,S11,S15,"{""agreement"": 0.7726383209228516, ""completed"": true}"
83,6160,S11,S15,"{""agreement"": 0.28837069869041443, ""completed"": true}"
83,6180,S11,S15,"{""agreement"": 0.48064643144607544, ""completed"": true}"
83,6200,S11,S15,"{""agreement"": -0.5596917271614075, ""completed"": true}"
83,6220,S11,S15,"{""agreement"": 0.5452048778533936, ""completed"": true}"
83,6240,S11,S15,"{""agreement"": 0.8156271576881409, ""completed"": true}"
83,6260,S11,S15,"{""agreement"": 0.7993875741958618, ""completed"": true}"
83,6280,S11,S15,"{""agreement"": 0.5509998202323914, ""completed"": true}"
83,6300,S8,S6,"{""agreement"": -0.22657766938209534, ""completed"": true}"
83,6300,S6,S8,"{""agreement"": -0.2089535892009735, ""completed"": true}"
83,6300,S11,S15,"{""agreement"": -0.3448493778705597, ""completed"": true}"
83,6320,S8,S6,"{""agreement"": -0.18882426619529724, ""completed"": true}"
83,6320,S6,S8,"{""agreement"": 0.7788489460945129, ""completed"": true}"
83,6340,S8,S6,"{""agreement"": -0.6653217673301697, ""completed"": true}"
83,6340,S6,S8,"{""agreement"": 0.8763929605484009, ""completed"": true}"
83,6360,S6,S8,"{""agreement"": 0.5333763360977173, ""completed"": true}"
83,6380,S6,S8,"{""agreement"": 0.5909740924835205, ""completed"": true}"
83,6400,S6,S8,"{""agreement"": 0.3008725643157959, ""completed"": true}"
83,6460,S11,S7,"{""agreement"": 0.0485825389623642, ""completed"": true}"
83,6460,S7,S11,"{""agreement"": -0.1699642688035965, ""completed"": true}"
83,6480,S11,S7,"{""agreement"": -0.8084956407546997, ""completed"": true}"
83,6480,S7,S11,"{""agreement"": -0.29803624749183655, ""completed"": true}"
83,6500,S11,S7,"{""agreement"": 0.056563351303339005, ""completed"": true}"
83,6500,S7,S11,"{""agreement"": -0.4684223234653473, ""completed"": true}"
83,6520,S11,S7,"{""agreement"": 0.29239821434020996, ""completed"": true}"
83,6520,S7,S11,"{""agreement"": -0.03159184753894806, ""completed"": true}"
83,6540,S11,S7,"{""agreement"": -0.5435238480567932, ""completed"": true}"
83,6540,S7,S11,"{""agreement"": -0.517141580581665, ""completed"": true}"
83,6560,S11,S7,"{""agreement"": -0.7267069816589355, ""completed"": true}"
83,6560,S7,S11,"{""agreement"": -0.05476672202348709, ""completed"": true}"
83,6580,S7,S11,"{""agreement"": 0.04264405742287636, ""completed"": true}"
83,6600,S7,S11,"{""agreement"": 0.674997091293335, ""completed"": true}"
83,6620,S7,S11,"{""agreement"": 0.5568495392799377, ""completed"": true}"
83,6640,S7,S11,"{""agreement"": -0.42242667078971863, ""completed"": true}"
83,6660,S7,S11,"{""agreement"": 0.4957224428653717, ""completed"": true}"
83,6680,S8,S9,"{""agreement"": -0.770917534828186, ""completed"": true}"
83,6680,S9,S8,"{""agreement"": -0.19246497750282288, ""completed"": true}"
83,6680,S15,S5,"{""agreement"": 0.2844960391521454, ""completed"": true}"
83,6680,S5,S15,"{""agreement"": 0.5238561034202576, ""completed"": true}"
83,6680,S7,S11,"{""agreement"": -0.14561204612255096, ""completed"": true}"
83,6700,S8,S9,"{""agreement"": 0.43540698289871216, ""completed"": true}"
83,6700,S9,S8,"{""agreement"": 0.1383153647184372, ""completed"": true}"
83,6700,S15,S5,"{""agreement"": 0.8436558842658997, ""completed"": true}"
83,6700,S5,S15,"{""agreement"": -0.24808751046657562, ""completed"": true}"
83,6720,S8,S9,"{""agreement"": 0.7420938611030579, ""completed"": true}"
83,6720,S9,S8,"{""agreement"": 0.5173808336257935, ""completed"": true}"
83,6720,S15,S5,"{""agreement"": -0.2764081060886383, ""completed"": true}"
83,6720,S5,S15,"{""agreement"": 0.11468133330345154, ""completed"": true}"
83,6740,S8,S9,"{""agreement"": 0.8593835830688477, ""completed"": true}"
83,6740,S9,S8,"{""agreement"": -0.2800070643424988, ""completed"": true}"
83,6740,S15,S5,"{""agreement"": -0.24776048958301544, ""completed"": true}"
83,6740,S5,S15,"{""agreement"": 0.15535052120685577, ""completed"": true}"
83,6760,S8,S9,"{""agreement"": 0.7369250655174255, ""completed"": true}"
83,6760,S9,S8,"{""agreement"": 0.014953126199543476, ""completed"": true}"
83,6780,S8,S9,"{""agreement"": 0.5057485699653625, ""completed"": true}"
83,6780,S9,S8,"{""agreement"": -0.22740614414215088, ""completed"": true}"
83,6800,S8,S9,"{""agreement"": -0.5895630717277527, ""completed"": true}"
83,6800,S9,S8,"{""agreement"": -0.4048513174057007, ""completed"": true}"
83,6820,S8,S9,"{""agreement"": 0.026147618889808655, ""completed"": true}"
83,6820,S9,S8,"{""agreement"": -0.49453482031822205, ""completed"": true}"
83,6840,S8,S9,"{""agreement"": -0.6093271374702454, ""completed"": true}"
83,6860,S8,S9,"{""agreement"": 0.5253190994262695, ""completed"": true}"
83,6880,S8,S9,"{""agreement"": 0.6523861289024353, ""completed"": true}"
83,7040,S11,S9,"{""agreement"": 0.4366203248500824, ""completed"": true}"
83,7040,S9,S11,"{""agreement"": -0.15048964321613312, ""completed"": true}"
83,7060,S11,S9,"{""agreement"": 0.6554848551750183, ""completed"": true}"
83,7060,S9,S11,"{""agreement"": -0.025388378649950027, ""completed"": true}"
83,7080,S11,S9,"{""agreement"": 0.6213019490242004, ""completed"": true}"
83,7080,S9,S11,"{""agreement"": 0.6869534254074097, ""completed"": true}"
83,7100,S11,S9,"{""agreement"": -0.615624725818634, ""completed"": true}"
83,7100,S9,S11,"{""agreement"": -0.23974861204624176, ""completed"": true}"
83,7120,S11,S9,"{""agreement"": -0.6148670315742493, ""completed"": true}"
83,7120,S9,S11,"{""agreement"": -0.52774977684021, ""completed"": true}"
83,7140,S11,S9,"{""agreement"": -0.84529048204422, ""completed"": true}"
83,7140,S9,S11,"{""agreement"": 0.5993812680244446, ""completed"": true}"
83,7240,S8,S7,"{""agreement"": -0.1995639055967331, ""completed"": true}"
83,7240,S7,S8,"{""agreement"": -0.11160760372877121, ""completed"": true}"
83,7260,S8,S7,"{""agreement"": -0.2031911015510559, ""completed"": true}"
83,7260,S7,S8,"{""agreement"": -0.26473602652549744, ""completed"": true}"
83,7280,S8,S7,"{""agreement"": 0.48627638816833496, ""completed"": true}"
83,7280,S7,S8,"{""agreement"": 0.15691055357456207, ""completed"": true}"
83,7300,S8,S7,"{""agreement"": 0.5199162364006042, ""completed"": true}"
83,7300,S7,S8,"{""agreement"": -0.09805293381214142, ""completed"": true}"
83,7320,S8,S7,"{""agreement"": 0.6782758235931396, ""completed"": true}"
83,7320,S7,S11,"{""agreement"": -0.052527546882629395, ""completed"": true}"
83,7340,S8,S7,"{""agreement"": -0.058982085436582565, ""completed"": true}"
83,7340,S7,S8,"{""agreement"": -0.34734976291656494, ""completed"": true}"
83,7340,S5,S13,"{""agreement"": 0.44759753346443176, ""completed"": true}"
83,7340,S13,S5,"{""agreement"": 0.20924538373947144, ""completed"": true}"
83,7360,S8,S7,"{""agreement"": 0.8835546374320984, ""completed"": true}"
83,7360,S7,S11,"{""agreement"": -0.4277511537075043, ""completed"": true}"
83,7360,S5,S13,"{""agreement"": 0.17993122339248657, ""completed"": true}"
83,7360,S13,S5,"{""agreement"": 0.7319716215133667, ""completed"": true}"
83,7380,S8,S7,"{""agreement"": 0.2967105805873871, ""completed"": true}"
83,7380,S7,S8,"{""agreement"": 0.698427677154541, ""completed"": true}"
83,7380,S5,S13,"{""agreement"": -0.2243543565273285, ""completed"": true}"
83,7380,S13,S5,"{""agreement"": 0.8880858421325684, ""completed"": true}"
83,7400,S8,S7,"{""agreement"": 0.231848806142807, ""completed"": true}"
83,7400,S7,S8,"{""agreement"": 0.8570517301559448, ""completed"": true}"
83,7400,S5,S13,"{""agreement"": -0.7497618794441223, ""completed"": true}"
83,7400,S13,S5,"{""agreement"": 0.6992955207824707, ""completed"": true}"
83,7420,S8,S7,"{""agreement"": -0.13970953226089478, ""completed"": true}"
83,7420,S7,S8,"{""agreement"": -0.026517804712057114, ""completed"": true}"
83,7420,S5,S13,"{""agreement"": -0.411438524723053, ""completed"": true}"
83,7420,S13,S5,"{""agreement"": 0.2192349135875702, ""completed"": true}"
83,7440,S8,S7,"{""agreement"": 0.5929827690124512, ""completed"": true}"
83,7440,S7,S8,"{""agreement"": 0.27245715260505676, ""completed"": true}"
83,7440,S5,S13,"{""agreement"": -0.13680920004844666, ""completed"": true}"
83,7440,S13,S5,"{""agreement"": 0.671666145324707, ""completed"": true}"
83,7460,S8,S7,"{""agreement"": 0.8366901278495789, ""completed"": true}"
83,7460,S7,S8,"{""agreement"": -0.6680575013160706, ""completed"": true}"
83,7460,S5,S13,"{""agreement"": 0.44836369156837463, ""completed"": true}"
83,7460,S13,S5,"{""agreement"": 0.6107379794120789, ""completed"": true}"
83,7480,S8,S7,"{""agreement"": 0.15701746940612793, ""completed"": true}"
83,7480,S7,S8,"{""agreement"": 0.6410056352615356, ""completed"": true}"
83,7480,S5,S13,"{""agreement"": 0.4156940281391144, ""completed"": true}"
83,7480,S13,S5,"{""agreement"": 0.3901710510253906, ""completed"": true}"
83,7500,S8,S7,"{""agreement"": 0.665857195854187, ""completed"": true}"
83,7500,S7,S8,"{""agreement"": -0.706527054309845, ""completed"": true}"
83,7500,S5,S13,"{""agreement"": 0.7235738039016724, ""completed"": true}"
83,7500,S13,S5,"{""agreement"": 0.8481130599975586, ""completed"": true}"
83,7500,S11,S13,"{""agreement"": 0.9252821207046509, ""completed"": true}"
83,7520,S8,S7,"{""agreement"": 0.08187182247638702, ""completed"": true}"
83,7520,S7,S8,"{""agreement"": 0.3561577796936035, ""completed"": true}"
83,7520,S5,S13,"{""agreement"": 0.9221665263175964, ""completed"": true}"
83,7520,S13,S5,"{""agreement"": -0.8002911806106567, ""completed"": true}"
83,7520,S11,S13,"{""agreement"": -0.14430975914001465, ""completed"": true}"
83,7540,S5,S13,"{""agreement"": -0.6425569653511047, ""completed"": true}"
83,7540,S13,S11,"{""agreement"": 0.15010643005371094, ""completed"": true}"
83,7540,S11,S13,"{""agreement"": 0.8503568172454834, ""completed"": true}"
83,7560,S5,S13,"{""agreement"": 0.3596968650817871, ""completed"": true}"
83,7560,S13,S5,"{""agreement"": 0.4366515278816223, ""completed"": true}"
83,7560,S11,S13,"{""agreement"": 0.2652495503425598, ""completed"": true}"
83,7580,S5,S13,"{""agreement"": 0.3142697215080261, ""completed"": true}"
83,7580,S13,S5,"{""agreement"": -0.6591522097587585, ""completed"": true}"
83,7600,S5,S13,"{""agreement"": -0.6339807510375977, ""completed"": true}"
83,7600,S13,S5,"{""agreement"": 0.9009517431259155, ""completed"": true}"
83,7620,S5,S13,"{""agreement"": 0.8862606287002563, ""completed"": true}"
83,7620,S13,S5,"{""agreement"": 0.720924437046051, ""completed"": true}"
83,7640,S5,S13,"{""agreement"": -0.8421610593795776, ""completed"": true}"
83,7640,S13,S5,"{""agreement"": -0.516726553440094, ""completed"": true}"
83,7660,S5,S13,"{""agreement"": 0.08810405433177948, ""completed"": true}"
83,7660,S13,S5,"{""agreement"": 0.4915929436683655, ""completed"": true}"
83,7680,S5,S13,"{""agreement"": 0.6658240556716919, ""completed"": true}"
83,7680,S13,S5,"{""agreement"": -0.6377589702606201, ""completed"": true}"
83,7700,S5,S13,"{""agreement"": 0.2130962759256363, ""completed"": true}"
83,7700,S13,S5,"{""agreement"": 0.8761364221572876, ""completed"": true}"
83,7720,S5,S13,"{""agreement"": 0.5842370390892029, ""completed"": true}"
83,7720,S13,S5,"{""agreement"": -0.3087967336177826, ""completed"": true}"
83,7740,S5,S13,"{""agreement"": 0.5728247165679932, ""completed"": true}"
83,7740,S13,S5,"{""agreement"": -0.3230728805065155, ""completed"": true}"
83,7760,S5,S13,"{""agreement"": -0.21322600543498993, ""completed"": true}"
83,7760,S13,S5,"{""agreement"": 0.9280585646629333, ""completed"": true}"
83,7780,S5,S13,"{""agreement"": -0.28502392768859863, ""completed"": true}"
83,7780,S13,S5,"{""agreement"": 0.813697874546051, ""completed"": true}"
83,7800,S5,S13,"{""agreement"": 0.543997585773468, ""completed"": true}"
83,7800,S13,S5,"{""agreement"": -0.3255377411842346, ""completed"": true}"
83,7820,S5,S13,"{""agreement"": 0.957198977470398, ""completed"": true}"
83,7820,S13,S5,"{""agreement"": 0.7896633148193359, ""completed"": true}"
83,7840,S5,S13,"{""agreement"": 0.6511208415031433, ""completed"": true}"
83,7840,S13,S5,"{""agreement"": 0.8475114703178406, ""completed"": true}"
83,7860,S13,S7,"{""agreement"": 0.4161708652973175, ""completed"": true}"
83,7860,S7,S13,"{""agreement"": 0.4384015202522278, ""completed"": true}"
83,7880,S13,S7,"{""agreement"": 0.32307863235473633, ""completed"": true}"
83,7880,S7,S13,"{""agreement"": 0.915636420249939, ""completed"": true}"
83,7900,S13,S7,"{""agreement"": -0.5052006840705872, ""completed"": true}"
83,7900,S7,S13,"{""agreement"": 0.5075428485870361, ""completed"": true}"
83,7920,S13,S7,"{""agreement"": 0.8101403117179871, ""completed"": true}"
83,7920,S7,S13,"{""agreement"": 0.3954124450683594, ""completed"": true}"
83,7940,S13,S7,"{""agreement"": -0.25736960768699646, ""completed"": true}"
83,7940,S7,S13,"{""agreement"": 0.9740977883338928, ""completed"": true}"
83,7960,S13,S7,"{""agreement"": 0.9070867896080017, ""completed"": true}"
83,7960,S7,S13,"{""agreement"": 0.2510524094104767, ""completed"": true}"
83,7980,S13,S7,"{""agreement"": -0.4898015558719635, ""completed"": true}"
83,7980,S7,S13,"{""agreement"": 0.857243001461029, ""completed"": true}"
83,8000,S13,S7,"{""agreement"": 0.02084079012274742, ""completed"": true}"
83,8000,S7,S13,"{""agreement"": 0.13889828324317932, ""completed"": true}"
83,8020,S13,S7,"{""agreement"": 0.5861910581588745, ""completed"": true}"
83,8020,S7,S13,"{""agreement"": -0.7849863767623901, ""completed"": true}"
83,8040,S13,S7,"{""agreement"": -0.2583172917366028, ""completed"": true}"
83,8040,S7,S13,"{""agreement"": 0.3938128352165222, ""completed"": true}"
83,8360,S9,S13,"{""agreement"": 0.29125961661338806, ""completed"": true}"
83,8360,S13,S9,"{""agreement"": -0.08237886428833008, ""completed"": true}"
83,8380,S9,S13,"{""agreement"": 0.18887591361999512, ""completed"": true}"
83,8380,S13,S9,"{""agreement"": 0.36455240845680237, ""completed"": true}"
83,8760,S3,S11,"{""agreement"": -0.21643999218940735, ""completed"": true}"
83,8760,S11,S3,"{""agreement"": 0.1038941815495491, ""completed"": true}"
83,8780,S3,S11,"{""agreement"": -0.6654636859893799, ""completed"": true}"
83,8780,S11,S3,"{""agreement"": 0.06029394268989563, ""completed"": true}"
83,8800,S3,S11,"{""agreement"": 0.9270040392875671, ""completed"": true}"
83,8800,S11,S3,"{""agreement"": 0.66350919008255, ""completed"": true}"
83,8820,S3,S11,"{""agreement"": 0.4233878552913666, ""completed"": true}"
83,8820,S11,S3,"{""agreement"": -0.31849443912506104, ""completed"": true}"
83,8840,S3,S11,"{""agreement"": -0.5289306640625, ""completed"": true}"
83,8840,S11,S3,"{""agreement"": 0.5375658869743347, ""completed"": true}"
83,8860,S3,S11,"{""agreement"": -0.8159114718437195, ""completed"": true}"
83,8860,S11,S3,"{""agreement"": 0.27377834916114807, ""completed"": true}"
83,8880,S3,S11,"{""agreement"": -0.3133328855037689, ""completed"": true}"
83,8880,S11,S3,"{""agreement"": -0.5282447338104248, ""completed"": true}"
83,8900,S11,S3,"{""agreement"": 0.600774884223938, ""completed"": true}"
83,8920,S11,S3,"{""agreement"": 0.5127451419830322, ""completed"": true}"
83,8940,S11,S3,"{""agreement"": 0.5566659569740295, ""completed"": true}"
83,8960,S11,S3,"{""agreement"": 0.6790703535079956, ""completed"": true}"
83,8980,S11,S3,"{""agreement"": 0.06891804933547974, ""completed"": true}"
83,8980,S9,S11,"{""agreement"": 0.19298075139522552, ""completed"": true}"
83,9000,S11,S3,"{""agreement"": -0.21945048868656158, ""completed"": true}"
83,9000,S9,S11,"{""agreement"": 0.6164994835853577, ""completed"": true}"
83,9020,S11,S3,"{""agreement"": 0.14326505362987518, ""completed"": true}"
83,9020,S9,S11,"{""agreement"": 0.7460959553718567, ""completed"": true}"
83,9040,S11,S3,"{""agreement"": 0.45506346225738525, ""completed"": true}"
83,9040,S9,S11,"{""agreement"": 0.9461808800697327, ""completed"": true}"
83,9060,S11,S3,"{""agreement"": -0.38417914509773254, ""completed"": true}"
83,9080,S11,S3,"{""agreement"": 0.3240382969379425, ""completed"": true}"
83,9100,S11,S3,"{""agreement"": 0.8448912501335144, ""completed"": true}"
83,9120,S11,S3,"{""agreement"": -0.14403082430362701, ""completed"": true}"
83,9140,S11,S3,"{""agreement"": 0.29042157530784607, ""completed"": true}"
83,9160,S11,S3,"{""agreement"": 0.5158872008323669, ""completed"": true}"
83,9760,S8,S16,"{""agreement"": -0.6135522723197937, ""completed"": true}"
83,9760,S16,S8,"{""agreement"": -0.3326905369758606, ""completed"": true}"
83,9780,S8,S16,"{""agreement"": 0.027878236025571823, ""completed"": true}"
83,9780,S16,S8,"{""agreement"": -0.10470625758171082, ""completed"": true}"
83,9800,S8,S16,"{""agreement"": -0.25632578134536743, ""completed"": true}"
83,9800,S16,S8,"{""agreement"": 0.07813259214162827, ""completed"": true}"
83,9820,S8,S16,"{""agreement"": 0.22327198088169098, ""completed"": true}"
83,9820,S16,S8,"{""agreement"": -0.32996007800102234, ""completed"": true}"
83,9840,S8,S16,"{""agreement"": -0.2540990710258484, ""completed"": true}"
83,9840,S16,S8,"{""agreement"": -0.22808904945850372, ""completed"": true}"
83,9860,S8,S16,"{""agreement"": -0.10090356320142746, ""completed"": true}"
83,9860,S16,S8,"{""agreement"": 0.19140544533729553, ""completed"": true}"
83,9880,S8,S16,"{""agreement"": 0.643001139163971, ""completed"": true}"
83,9880,S16,S8,"{""agreement"": 0.4334329068660736, ""completed"": true}"
83,9900,S8,S16,"{""agreement"": 0.7569685578346252, ""completed"": true}"
83,9900,S16,S8,"{""agreement"": 0.8871673941612244, ""completed"": true}"
83,9920,S8,S16,"{""agreement"": 0.11548931151628494, ""completed"": true}"
83,9920,S16,S8,"{""agreement"": -0.29584723711013794, ""completed"": true}"
83,9940,S8,S16,"{""agreement"": -0.45327407121658325, ""completed"": true}"
83,9940,S16,S8,"{""agreement"": 0.7945837378501892, ""completed"": true}"
83,9960,S8,S16,"{""agreement"": 0.5237244367599487, ""completed"": true}"
83,9960,S16,S8,"{""agreement"": 0.3093905746936798, ""completed"": true}"
83,9980,S8,S16,"{""agreement"": -0.02841019816696644, ""completed"": true}"
83,9980,S16,S8,"{""agreement"": 0.2323368787765503, ""completed"": true}"
83,10000,S8,S16,"{""agreement"": 0.581821084022522, ""completed"": true}"
83,10000,S16,S8,"{""agreement"": -0.7737698554992676, ""completed"": true}"
83,10020,S8,S16,"{""agreement"": 0.6399872303009033, ""completed"": true}"
83,10020,S16,S8,"{""agreement"": 0.287759006023407, ""completed"": true}"
83,10040,S8,S16,"{""agreement"": -0.13561893999576569, ""completed"": true}"
83,10040,S16,S8,"{""agreement"": -0.15066227316856384, ""completed"": true}"
83,10060,S8,S16,"{""agreement"": -0.2469577044248581, ""completed"": true}"
83,10060,S16,S8,"{""agreement"": -0.25414779782295227, ""completed"": true}"
83,10080,S8,S16,"{""agreement"": -0.48188695311546326, ""completed"": true}"
83,10080,S16,S8,"{""agreement"": 0.4056805968284607, ""completed"": true}"
83,10100,S8,S16,"{""agreement"": 0.12595553696155548, ""completed"": true}"
83,10100,S16,S8,"{""agreement"": -0.13714700937271118, ""completed"": true}"
83,10120,S8,S16,"{""agreement"": 0.351579874753952, ""completed"": true}"
83,10120,S16,S8,"{""agreement"": 0.3192165791988373, ""completed"": true}"
83,10140,S8,S16,"{""agreement"": -0.025501970201730728, ""completed"": true}"
83,10140,S16,S8,"{""agreement"": -0.36682239174842834, ""completed"": true}"
83,10160,S8,S16,"{""agreement"": 0.5854858756065369, ""completed"": true}"
83,10160,S16,S8,"{""agreement"": 0.30852797627449036, ""completed"": true}"
83,10180,S8,S16,"{""agreement"": 0.5129465460777283, ""completed"": true}"
83,10180,S16,S8,"{""agreement"": 0.37128251791000366, ""completed"": true}"
83,10200,S8,S16,"{""agreement"": 0.8719550371170044, ""completed"": true}"
83,10200,S16,S8,"{""agreement"": -0.06076313927769661, ""completed"": true}"
83,10220,S8,S16,"{""agreement"": -0.5644620060920715, ""completed"": true}"
83,10220,S16,S8,"{""agreement"": 0.912125825881958, ""completed"": true}"
83,10240,S8,S16,"{""agreement"": 0.017787838354706764, ""completed"": true}"
83,10240,S16,S8,"{""agreement"": -0.6536648273468018, ""completed"": true}"
83,10260,S8,S16,"{""agreement"": -0.4352723956108093, ""completed"": true}"
83,10260,S16,S8,"{""agreement"": 0.5106388926506042, ""completed"": true}"
83,10400,S3,S9,"{""agreement"": 0.45522427558898926, ""completed"": true}"
83,10400,S9,S3,"{""agreement"": 0.033165086060762405, ""completed"": true}"
83,10420,S3,S9,"{""agreement"": 0.47359493374824524, ""completed"": true}"
83,10420,S9,S3,"{""agreement"": 0.974892258644104, ""completed"": true}"
83,10440,S3,S9,"{""agreement"": -0.5192970633506775, ""completed"": true}"
83,10440,S9,S3,"{""agreement"": 0.18554477393627167, ""completed"": true}"
83,10460,S3,S9,"{""agreement"": 0.7875991463661194, ""completed"": true}"
83,10460,S9,S3,"{""agreement"": -0.3833092749118805, ""completed"": true}"
83,10840,S15,S5,"{""agreement"": -0.44502848386764526, ""completed"": true}"
83,10840,S5,S15,"{""agreement"": 0.5517494082450867, ""completed"": true}"
83,10860,S15,S5,"{""agreement"": -0.18950597941875458, ""completed"": true}"
83,10860,S5,S15,"{""agreement"": -0.7873060703277588, ""completed"": true}"
83,10860,S16,S9,"{""agreement"": 0.9514560699462891, ""completed"": true}"
83,10860,S9,S16,"{""agreement"": 0.5727287530899048, ""completed"": true}"
83,10880,S16,S9,"{""agreement"": 0.5778418779373169, ""completed"": true}"
83,10880,S9,S16,"{""agreement"": 0.6598861217498779, ""completed"": true}"
83,10900,S16,S9,"{""agreement"": -0.7680893540382385, ""completed"": true}"
83,10900,S9,S16,"{""agreement"": 0.5728511214256287, ""completed"": true}"
83,10920,S5,S7,"{""agreement"": 0.4875907301902771, ""completed"": true}"
83,10920,S7,S5,"{""agreement"": 0.036280956119298935, ""completed"": true}"
83,10920,S16,S9,"{""agreement"": 0.9237053990364075, ""completed"": true}"
83,10920,S9,S16,"{""agreement"": 0.3546888530254364, ""completed"": true}"
83,10940,S5,S7,"{""agreement"": -0.16039316356182098, ""completed"": true}"
83,10940,S7,S5,"{""agreement"": -0.6647651791572571, ""completed"": true}"
83,10940,S16,S9,"{""agreement"": -0.28433382511138916, ""completed"": true}"
83,10940,S9,S16,"{""agreement"": 0.15349125862121582, ""completed"": true}"
83,10960,S5,S7,"{""agreement"": -0.0961613655090332, ""completed"": true}"
83,10960,S7,S5,"{""agreement"": -0.35970059037208557, ""completed"": true}"
83,10960,S16,S9,"{""agreement"": 0.14323511719703674, ""completed"": true}"
83,10960,S9,S16,"{""agreement"": 0.7286970615386963, ""completed"": true}"
83,10980,S5,S7,"{""agreement"": -0.36775609850883484, ""completed"": true}"
83,10980,S7,S5,"{""agreement"": 0.6338501572608948, ""completed"": true}"
83,10980,S16,S9,"{""agreement"": -0.19047744572162628, ""completed"": true}"
83,10980,S9,S16,"{""agreement"": 0.8695879578590393, ""completed"": true}"
83,11000,S5,S7,"{""agreement"": -0.22287814319133759, ""completed"": true}"
83,11000,S7,S5,"{""agreement"": 0.6113891005516052, ""completed"": true}"
83,11000,S16,S9,"{""agreement"": 0.8181381225585938, ""completed"": true}"
83,11000,S9,S16,"{""agreement"": 0.8069558143615723, ""completed"": true}"
83,11020,S5,S7,"{""agreement"": -0.09090466797351837, ""completed"": true}"
83,11020,S7,S5,"{""agreement"": 0.8393359184265137, ""completed"": true}"
83,11020,S16,S9,"{""agreement"": -0.1046309843659401, ""completed"": true}"
83,11020,S9,S16,"{""agreement"": 0.8433780670166016, ""completed"": true}"
83,11040,S5,S7,"{""agreement"": 0.11630938947200775, ""completed"": true}"
83,11040,S7,S5,"{""agreement"": -0.7857760190963745, ""completed"": true}"
83,11040,S16,S9,"{""agreement"": 0.16901910305023193, ""completed"": true}"
83,11040,S9,S16,"{""agreement"": -0.39865797758102417, ""completed"": true}"
83,11060,S16,S9,"{""agreement"": 0.41170650720596313, ""completed"": true}"
83,11060,S9,S16,"{""agreement"": 0.6026650071144104, ""completed"": true}"
83,11080,S16,S9,"{""agreement"": -0.8799601197242737, ""completed"": true}"
83,11080,S9,S16,"{""agreement"": 0.929829478263855, ""completed"": true}"
83,11100,S15,S9,"{""agreement"": -0.22975629568099976, ""completed"": true}"
83,11100,S9,S16,"{""agreement"": -0.4653005301952362, ""completed"": true}"
83,11100,S16,S9,"{""agreement"": -0.6790458559989929, ""completed"": true}"
83,11120,S15,S9,"{""agreement"": 0.3877853453159332, ""completed"": true}"
83,11120,S9,S15,"{""agreement"": -0.4949311912059784, ""completed"": true}"
83,11120,S16,S9,"{""agreement"": 0.9085707068443298, ""completed"": true}"
83,11140,S15,S9,"{""agreement"": 0.6700303554534912, ""completed"": true}"
83,11140,S9,S16,"{""agreement"": 0.0796215832233429, ""completed"": true}"
83,11140,S16,S9,"{""agreement"": 0.01960846222937107, ""completed"": true}"
83,11160,S15,S9,"{""agreement"": -0.46271732449531555, ""completed"": true}"
83,11160,S9,S16,"{""agreement"": 0.8061484098434448, ""completed"": true}"
83,11160,S16,S9,"{""agreement"": 0.5597075819969177, ""completed"": true}"
83,11180,S15,S9,"{""agreement"": 0.8966560363769531, ""completed"": true}"
83,11180,S9,S16,"{""agreement"": 0.2952684760093689, ""completed"": true}"
83,11180,S16,S9,"{""agreement"": 0.2677755653858185, ""completed"": true}"
83,11200,S15,S9,"{""agreement"": -0.052075162529945374, ""completed"": true}"
83,11200,S9,S16,"{""agreement"": 0.2824813425540924, ""completed"": true}"
83,11200,S16,S9,"{""agreement"": -0.5122690796852112, ""completed"": true}"
83,11220,S15,S9,"{""agreement"": -0.6404880881309509, ""completed"": true}"
83,11220,S9,S16,"{""agreement"": 0.5632352232933044, ""completed"": true}"
83,11220,S5,S7,"{""agreement"": -0.5066540837287903, ""completed"": true}"
83,11220,S7,S5,"{""agreement"": -0.8600962162017822, ""completed"": true}"
83,11220,S16,S9,"{""agreement"": -0.755650520324707, ""completed"": true}"
83,11240,S15,S9,"{""agreement"": -0.543657660484314, ""completed"": true}"
83,11240,S9,S16,"{""agreement"": 0.01290044654160738, ""completed"": true}"
83,11240,S7,S5,"{""agreement"": -0.27998730540275574, ""completed"": true}"
83,11240,S16,S9,"{""agreement"": -0.6497113108634949, ""completed"": true}"
83,11260,S15,S9,"{""agreement"": 0.0044845836237072945, ""completed"": true}"
83,11260,S9,S16,"{""agreement"": 0.6668243408203125, ""completed"": true}"
83,11260,S7,S5,"{""agreement"": -0.25416404008865356, ""completed"": true}"
83,11280,S15,S9,"{""agreement"": -0.6851869225502014, ""completed"": true}"
83,11280,S9,S16,"{""agreement"": -0.005867048632353544, ""completed"": true}"
83,11280,S7,S5,"{""agreement"": -0.5880647897720337, ""completed"": true}"
83,11300,S9,S16,"{""agreement"": -0.18781161308288574, ""completed"": true}"
83,11320,S9,S16,"{""agreement"": 0.34256598353385925, ""completed"": true}"
83,11340,S9,S16,"{""agreement"": -0.2590698003768921, ""completed"": true}"
83,11360,S9,S15,"{""agreement"": 0.37461164593696594, ""completed"": true}"
83,11380,S9,S16,"{""agreement"": -0.4349537491798401, ""completed"": true}"
83,11400,S9,S16,"{""agreement"": -0.6072766780853271, ""completed"": true}"
83,11580,S3,S5,"{""agreement"": 0.17219474911689758, ""completed"": true}"
83,11580,S5,S3,"{""agreement"": 0.47453054785728455, ""completed"": true}"
83,11600,S3,S5,"{""agreement"": 0.04412786290049553, ""completed"": true}"
83,11600,S5,S3,"{""agreement"": -0.4426036775112152, ""completed"": true}"
83,11620,S3,S5,"{""agreement"": 0.056169912219047546, ""completed"": true}"
83,11620,S5,S3,"{""agreement"": -0.8704395294189453, ""completed"": true}"
83,11640,S3,S5,"{""agreement"": -0.47904273867607117, ""completed"": true}"
83,11640,S5,S3,"{""agreement"": -0.8709844946861267, ""completed"": true}"
83,11660,S3,S5,"{""agreement"": -0.11779502779245377, ""completed"": true}"
83,11680,S3,S5,"{""agreement"": 0.12586206197738647, ""completed"": true}"
83,11700,S3,S5,"{""agreement"": 0.21279914677143097, ""completed"": true}"
83,11720,S3,S5,"{""agreement"": 0.028599191457033157, ""completed"": true}"
83,11740,S3,S5,"{""agreement"": -0.3829886019229889, ""completed"": true}"
83,11760,S3,S5,"{""agreement"": 0.10826583206653595, ""completed"": true}"
83,11780,S3,S5,"{""agreement"": 0.7484734654426575, ""completed"": true}"
83,11800,S3,S5,"{""agreement"": -0.1744234412908554, ""completed"": true}"
83,11820,S3,S5,"{""agreement"": 0.5354896783828735, ""completed"": true}"
83,11840,S3,S5,"{""agreement"": 0.9580179452896118, ""completed"": true}"
83,11860,S15,S7,"{""agreement"": 0.09933099150657654, ""completed"": true}"
83,11860,S7,S15,"{""agreement"": -0.5402042865753174, ""completed"": true}"
83,11860,S3,S5,"{""agreement"": 0.16647544503211975, ""completed"": true}"
83,11880,S3,S5,"{""agreement"": -0.15575870871543884, ""completed"": true}"
83,11900,S3,S5,"{""agreement"": 0.7098878026008606, ""completed"": true}"
83,11920,S3,S5,"{""agreement"": 0.3078768253326416, ""completed"": true}"
83,11940,S3,S5,"{""agreement"": 0.13702672719955444, ""completed"": true}"
83,12020,S11,S13,"{""agreement"": -0.6306245923042297, ""completed"": true}"
83,12020,S13,S11,"{""agreement"": -0.5865471959114075, ""completed"": true}"
83,12040,S11,S13,"{""agreement"": -0.05157094821333885, ""completed"": true}"
83,12040,S13,S11,"{""agreement"": -0.2814144492149353, ""completed"": true}"
83,12060,S11,S13,"{""agreement"": -0.2034440040588379, ""completed"": true}"
83,12060,S13,S11,"{""agreement"": -0.2299584597349167, ""completed"": true}"
83,12160,S3,S9,"{""agreement"": -0.17294549942016602, ""completed"": true}"
83,12160,S9,S3,"{""agreement"": 0.5827012658119202, ""completed"": true}"
83,12160,S13,S7,"{""agreement"": 0.7488633990287781, ""completed"": true}"
83,12160,S7,S13,"{""agreement"": 0.7761468291282654, ""completed"": true}"
83,12180,S13,S7,"{""agreement"": -0.21058499813079834, ""completed"": true}"
83,12180,S7,S13,"{""agreement"": 0.9730666875839233, ""completed"": true}"
83,12200,S13,S7,"{""agreement"": -0.4984316825866699, ""completed"": true}"
83,12200,S7,S13,"{""agreement"": -0.779023289680481, ""completed"": true}"
83,12220,S13,S7,"{""agreement"": 0.16488978266716003, ""completed"": true}"
83,12220,S7,S13,"{""agreement"": 0.13969303667545319, ""completed"": true}"
83,12240,S13,S7,"{""agreement"": 0.7014377117156982, ""completed"": true}"
83,12240,S7,S13,"{""agreement"": 0.5101211667060852, ""completed"": true}"
83,12260,S13,S7,"{""agreement"": 0.6376379132270813, ""completed"": true}"
83,12260,S7,S13,"{""agreement"": 0.10003495961427689, ""completed"": true}"
83,12280,S13,S7,"{""agreement"": 0.2775658667087555, ""completed"": true}"
83,12280,S7,S13,"{""agreement"": 0.9741208553314209, ""completed"": true}"
83,12300,S3,S6,"{""agreement"": -0.21212245523929596, ""completed"": true}"
83,12300,S6,S3,"{""agreement"": -0.09508984535932541, ""completed"": true}"
83,12320,S3,S6,"{""agreement"": 0.6849768757820129, ""completed"": true}"
83,12320,S6,S3,"{""agreement"": 0.29783034324645996, ""completed"": true}"
83,12340,S3,S6,"{""agreement"": 0.22204510867595673, ""completed"": true}"
83,12340,S6,S3,"{""agreement"": 0.8130382895469666, ""completed"": true}"
83,12360,S3,S6,"{""agreement"": 0.4175649583339691, ""completed"": true}"
83,12360,S6,S3,"{""agreement"": -0.05135143920779228, ""completed"": true}"
83,12420,S15,S6,"{""agreement"": -0.5829277634620667, ""completed"": true}"
83,12420,S6,S15,"{""agreement"": 0.2735406756401062, ""completed"": true}"
83,12440,S15,S6,"{""agreement"": -0.3786693513393402, ""completed"": true}"
83,12440,S6,S15,"{""agreement"": 0.7087391018867493, ""completed"": true}"
83,12460,S15,S6,"{""agreement"": 0.00412870105355978, ""completed"": true}"
83,12460,S6,S15,"{""agreement"": 0.5541529655456543, ""completed"": true}"
83,12480,S15,S6,"{""agreement"": 0.7866057753562927, ""completed"": true}"
83,12480,S6,S15,"{""agreement"": 0.34879836440086365, ""completed"": true}"
83,12500,S15,S6,"{""agreement"": 0.7008460164070129, ""completed"": true}"
83,12500,S6,S15,"{""agreement"": 0.866664469242096, ""completed"": true}"
83,12520,S15,S6,"{""agreement"": 0.6746600866317749, ""completed"": true}"
83,12520,S6,S15,"{""agreement"": -0.30080652236938477, ""completed"": true}"
83,12540,S15,S6,"{""agreement"": 0.6321210861206055, ""completed"": true}"
83,12540,S6,S15,"{""agreement"": 0.9414219856262207, ""completed"": true}"
83,12560,S15,S6,"{""agreement"": 0.5988178849220276, ""completed"": true}"
83,12560,S6,S15,"{""agreement"": -0.042724136263132095, ""completed"": true}"
83,12580,S15,S6,"{""agreement"": 0.24322068691253662, ""completed"": true}"
83,12580,S6,S15,"{""agreement"": 0.5992405414581299, ""completed"": true}"
83,12820,S6,S7,"{""agreement"": 0.5408402681350708, ""completed"": true}"
83,12820,S7,S6,"{""agreement"": -0.029358340427279472, ""completed"": true}"
83,13440,S6,S7,"{""agreement"": 0.14420843124389648, ""completed"": true}"
83,13440,S7,S6,"{""agreement"": -0.313781201839447, ""completed"": true}"
83,13460,S6,S7,"{""agreement"": 0.07263830304145813, ""completed"": true}"
83,13460,S7,S6,"{""agreement"": -0.25499531626701355, ""completed"": true}"
83,13480,S6,S7,"{""agreement"": 0.19530755281448364, ""completed"": true}"
83,13480,S7,S6,"{""agreement"": -0.16494330763816833, ""completed"": true}"
83,13500,S6,S7,"{""agreement"": 0.2878741919994354, ""completed"": true}"
83,13500,S7,S6,"{""agreement"": -0.6677464246749878, ""completed"": true}"
83,13520,S6,S7,"{""agreement"": 0.34701600670814514, ""completed"": true}"
83,13540,S6,S7,"{""agreement"": -0.2699236571788788, ""completed"": true}"
83,13600,S9,S16,"{""agreement"": 0.5334079265594482, ""completed"": true}"
83,13620,S9,S16,"{""agreement"": -0.12324441969394684, ""completed"": true}"
83,13640,S5,S6,"{""agreement"": -0.7925750017166138, ""completed"": true}"
83,13640,S6,S5,"{""agreement"": 0.21395151317119598, ""completed"": true}"
83,13640,S9,S16,"{""agreement"": -0.4591815769672394, ""completed"": true}"
83,13660,S5,S6,"{""agreement"": -0.1630268096923828, ""completed"": true}"
83,13660,S6,S5,"{""agreement"": 0.4204574525356293, ""completed"": true}"
83,13660,S9,S16,"{""agreement"": -0.44725093245506287, ""completed"": true}"
83,13680,S5,S6,"{""agreement"": -0.7402747869491577, ""completed"": true}"
83,13680,S6,S5,"{""agreement"": 0.010708069428801537, ""completed"": true}"
83,13700,S6,S5,"{""agreement"": 0.942748486995697, ""completed"": true}"
83,13720,S6,S5,"{""agreement"": 0.12093757092952728, ""completed"": true}"
83,13740,S6,S5,"{""agreement"": 0.13871176540851593, ""completed"": true}"
83,13760,S6,S5,"{""agreement"": -0.39983755350112915, ""completed"": true}"
83,13780,S6,S5,"{""agreement"": 0.09036410599946976, ""completed"": true}"
83,13800,S8,S15,"{""agreement"": -0.4201052188873291, ""completed"": true}"
83,13800,S15,S8,"{""agreement"": 0.1403196156024933, ""completed"": true}"
83,13800,S6,S5,"{""agreement"": 0.3718271851539612, ""completed"": true}"
83,13820,S8,S15,"{""agreement"": -0.06970524787902832, ""completed"": true}"
83,13820,S15,S8,"{""agreement"": -0.5190318822860718, ""completed"": true}"
83,13820,S5,S6,"{""agreement"": -0.2624000012874603, ""completed"": true}"
83,13820,S6,S5,"{""agreement"": -0.17080457508563995, ""completed"": true}"
83,13840,S8,S15,"{""agreement"": -0.31189480423927307, ""completed"": true}"
83,13840,S15,S8,"{""agreement"": 0.7980057597160339, ""completed"": true}"
83,13840,S6,S5,"{""agreement"": 0.5830454230308533, ""completed"": true}"
83,13860,S8,S15,"{""agreement"": 0.5689659714698792, ""completed"": true}"
83,13860,S15,S8,"{""agreement"": -0.6039958000183105, ""completed"": true}"
83,13860,S6,S5,"{""agreement"": -0.8708287477493286, ""completed"": true}"
83,13880,S8,S15,"{""agreement"": 0.7000906467437744, ""completed"": true}"
83,13880,S15,S8,"{""agreement"": 0.5175002217292786, ""completed"": true}"
83,13880,S6,S5,"{""agreement"": 0.081136554479599, ""completed"": true}"
83,13900,S8,S15,"{""agreement"": 0.49747151136398315, ""completed"": true}"
83,13900,S15,S8,"{""agreement"": 0.10945800691843033, ""completed"": true}"
83,13900,S6,S5,"{""agreement"": 0.190263569355011, ""completed"": true}"
83,13920,S8,S15,"{""agreement"": -0.521122932434082, ""completed"": true}"
83,13920,S15,S13,"{""agreement"": 0.37747877836227417, ""completed"": true}"
83,13920,S13,S15,"{""agreement"": 0.7423868775367737, ""completed"": true}"
83,13920,S6,S5,"{""agreement"": 0.41843071579933167, ""completed"": true}"
83,13940,S8,S15,"{""agreement"": -0.23856137692928314, ""completed"": true}"
83,13940,S15,S13,"{""agreement"": -0.8534363508224487, ""completed"": true}"
83,13940,S13,S15,"{""agreement"": 0.12340760976076126, ""completed"": true}"
83,13940,S6,S5,"{""agreement"": -0.3331471383571625, ""completed"": true}"
83,13960,S8,S15,"{""agreement"": -0.3578996956348419, ""completed"": true}"
83,13960,S15,S8,"{""agreement"": 0.5595666170120239, ""completed"": true}"
83,13960,S13,S15,"{""agreement"": -0.7108343243598938, ""completed"": true}"
83,13980,S8,S15,"{""agreement"": -0.5272156000137329, ""completed"": true}"
83,13980,S15,S8,"{""agreement"": -0.4583548903465271, ""completed"": true}"
83,13980,S13,S15,"{""agreement"": 0.8464944362640381, ""completed"": true}"
83,14000,S15,S13,"{""agreement"": 0.7925497889518738, ""completed"": true}"
83,14000,S13,S15,"{""agreement"": -0.5719906091690063, ""completed"": true}"
83,14020,S15,S13,"{""agreement"": -0.7348595261573792, ""completed"": true}"
83,14020,S13,S15,"{""agreement"": 0.7569981217384338, ""completed"": true}"
83,14040,S15,S13,"{""agreement"": 0.6505299210548401, ""completed"": true}"
83,14040,S13,S15,"{""agreement"": 0.40390047430992126, ""completed"": true}"
83,14060,S15,S13,"{""agreement"": 0.7726039886474609, ""completed"": true}"
83,14060,S13,S15,"{""agreement"": -0.15141507983207703, ""completed"": true}"
83,14080,S15,S13,"{""agreement"": -0.8122995495796204, ""completed"": true}"
83,14080,S13,S15,"{""agreement"": -0.27813270688056946, ""completed"": true}"
83,14100,S15,S13,"{""agreement"": -0.14283142983913422, ""completed"": true}"
83,14100,S13,S15,"{""agreement"": -0.2492404729127884, ""completed"": true}"
83,14120,S15,S13,"{""agreement"": -0.309171587228775, ""completed"": true}"
83,14120,S13,S15,"{""agreement"": 0.49918779730796814, ""completed"": true}"
83,14500,S3,S9,"{""agreement"": 0.1326889842748642, ""completed"": true}"
83,14500,S9,S3,"{""agreement"": 0.07645169645547867, ""completed"": true}"
83,14520,S3,S9,"{""agreement"": 0.8457347750663757, ""completed"": true}"
83,14520,S9,S3,"{""agreement"": 0.7396695017814636, ""completed"": true}"
83,14540,S3,S9,"{""agreement"": 0.8691256642341614, ""completed"": true}"
83,14540,S9,S3,"{""agreement"": 0.540134847164154, ""completed"": true}"
83,14560,S3,S9,"{""agreement"": 0.7457452416419983, ""completed"": true}"
83,14560,S9,S3,"{""agreement"": -0.18494200706481934, ""completed"": true}"
83,14580,S3,S9,"{""agreement"": -0.20267006754875183, ""completed"": true}"
83,14580,S9,S3,"{""agreement"": 0.30358946323394775, ""completed"": true}"
83,14600,S3,S9,"{""agreement"": -0.14126966893672943, ""completed"": true}"
83,14600,S9,S3,"{""agreement"": 0.7436062693595886, ""completed"": true}"
83,14620,S3,S9,"{""agreement"": 0.14025042951107025, ""completed"": true}"
83,14620,S9,S3,"{""agreement"": -0.4242544174194336, ""completed"": true}"
83,14640,S3,S9,"{""agreement"": -0.318143755197525, ""completed"": true}"
83,14640,S9,S3,"{""agreement"": 0.7405982613563538, ""completed"": true}"
83,14660,S3,S9,"{""agreement"": -0.29428619146347046, ""completed"": true}"
83,14660,S9,S3,"{""agreement"": 0.12069512903690338, ""completed"": true}"
83,14680,S3,S9,"{""agreement"": 0.4237070083618164, ""completed"": true}"
83,14680,S9,S3,"{""agreement"": -0.05562523752450943, ""completed"": true}"
83,14700,S3,S9,"{""agreement"": 0.47186946868896484, ""completed"": true}"
83,14700,S9,S3,"{""agreement"": 0.18405650556087494, ""completed"": true}"
83,14700,S7,S11,"{""agreement"": 0.5196738243103027, ""completed"": true}"
83,14720,S3,S9,"{""agreement"": 0.6306514739990234, ""completed"": true}"
83,14720,S9,S3,"{""agreement"": -0.720259428024292, ""completed"": true}"
83,14720,S7,S11,"{""agreement"": 0.5148899555206299, ""completed"": true}"
83,14740,S3,S9,"{""agreement"": -0.06334330141544342, ""completed"": true}"
83,14740,S9,S3,"{""agreement"": 0.42650383710861206, ""completed"": true}"
83,14740,S7,S11,"{""agreement"": 0.275391548871994, ""completed"": true}"
83,14760,S3,S9,"{""agreement"": 0.7704480290412903, ""completed"": true}"
83,14760,S9,S3,"{""agreement"": -0.23311854898929596, ""completed"": true}"
83,14760,S7,S11,"{""agreement"": -0.11275358498096466, ""completed"": true}"
83,14780,S3,S9,"{""agreement"": 0.1365680694580078, ""completed"": true}"
83,14780,S9,S3,"{""agreement"": -0.09212645888328552, ""completed"": true}"
83,14780,S7,S11,"{""agreement"": -0.31304365396499634, ""completed"": true}"
83,14800,S7,S11,"{""agreement"": -0.88228440284729, ""completed"": true}"
83,15220,S15,S16,"{""agreement"": -0.4651661217212677, ""completed"": true}"
83,15220,S16,S15,"{""agreement"": -0.35970568656921387, ""completed"": true}"
83,15240,S15,S16,"{""agreement"": -0.24468204379081726, ""completed"": true}"
83,15240,S16,S15,"{""agreement"": -0.3531339466571808, ""completed"": true}"
83,15260,S15,S16,"{""agreement"": 0.11552868038415909, ""completed"": true}"
83,15260,S16,S15,"{""agreement"": 0.2392137497663498, ""completed"": true}"
83,15500,S8,S16,"{""agreement"": 0.16688217222690582, ""completed"": true}"
83,15500,S16,S8,"{""agreement"": 0.12514285743236542, ""completed"": true}"
83,15640,S16,S11,"{""agreement"": -0.8014242053031921, ""completed"": true}"
83,15640,S11,S16,"{""agreement"": 0.40757259726524353, ""completed"": true}"
83,15640,S9,S7,"{""agreement"": 0.8620453476905823, ""completed"": true}"
83,15640,S7,S9,"{""agreement"": 0.40935367345809937, ""completed"": true}"
83,15660,S9,S7,"{""agreement"": -0.6946598291397095, ""completed"": true}"
83,15660,S7,S9,"{""agreement"": 0.5174980163574219, ""completed"": true}"
83,15680,S9,S7,"{""agreement"": -0.6981738209724426, ""completed"": true}"
83,15680,S7,S9,"{""agreement"": -0.6122661232948303, ""completed"": true}"
83,15700,S9,S7,"{""agreement"": 0.7152553200721741, ""completed"": true}"
83,15700,S7,S9,"{""agreement"": 0.5778511166572571, ""completed"": true}"
83,15720,S9,S7,"{""agreement"": 0.3822900950908661, ""completed"": true}"
83,15720,S7,S9,"{""agreement"": 0.5205739140510559, ""completed"": true}"
83,15740,S9,S7,"{""agreement"": -0.33928999304771423, ""completed"": true}"
83,15740,S7,S9,"{""agreement"": 0.8780930638313293, ""completed"": true}"
83,15760,S9,S7,"{""agreement"": -0.3384709358215332, ""completed"": true}"
83,15760,S7,S9,"{""agreement"": -0.39831477403640747, ""completed"": true}"
83,16120,S3,S13,"{""agreement"": -0.558375895023346, ""completed"": true}"
83,16120,S13,S3,"{""agreement"": 0.35226476192474365, ""completed"": true}"
83,16140,S15,S5,"{""agreement"": 0.6766003966331482, ""completed"": true}"
83,16140,S5,S15,"{""agreement"": 0.04892241954803467, ""completed"": true}"
83,16140,S3,S13,"{""agreement"": 0.3963969945907593, ""completed"": true}"
83,16140,S13,S3,"{""agreement"": 0.8457403182983398, ""completed"": true}"
83,16160,S15,S5,"{""agreement"": 0.5199287533760071, ""completed"": true}"
83,16160,S5,S15,"{""agreement"": -0.13621632754802704, ""completed"": true}"
83,16160,S3,S13,"{""agreement"": 0.13276797533035278, ""completed"": true}"
83,16160,S13,S3,"{""agreement"": 0.06840150058269501, ""completed"": true}"
83,16180,S3,S13,"{""agreement"": 0.030586330220103264, ""completed"": true}"
83,16180,S13,S3,"{""agreement"": 0.4869288504123688, ""completed"": true}"
83,16200,S3,S13,"{""agreement"": -0.15107931196689606, ""completed"": true}"
83,16200,S13,S3,"{""agreement"": 0.9826155304908752, ""completed"": true}"
83,16220,S15,S8,"{""agreement"": 0.1151253953576088, ""completed"": true}"
83,16220,S3,S13,"{""agreement"": 0.5864430665969849, ""completed"": true}"
83,16220,S13,S3,"{""agreement"": 0.44196733832359314, ""completed"": true}"
83,16240,S15,S8,"{""agreement"": -0.3512897789478302, ""completed"": true}"
83,16240,S3,S13,"{""agreement"": 0.32897794246673584, ""completed"": true}"
83,16240,S13,S3,"{""agreement"": -0.7539254426956177, ""completed"": true}"
83,16260,S15,S8,"{""agreement"": -0.23235127329826355, ""completed"": true}"
83,16280,S15,S8,"{""agreement"": 0.013699912466108799, ""completed"": true}"
83,16300,S15,S8,"{""agreement"": 0.6866474747657776, ""completed"": true}"
83,16320,S15,S8,"{""agreement"": -0.2443445920944214, ""completed"": true}"
83,16340,S15,S8,"{""agreement"": 0.37987419962882996, ""completed"": true}"
83,16360,S15,S8,"{""agreement"": -0.33849406242370605, ""completed"": true}"
83,16380,S15,S8,"{""agreement"": -0.3910383880138397, ""completed"": true}"
83,16400,S15,S8,"{""agreement"": 0.145930215716362, ""completed"": true}"
83,16420,S15,S8,"{""agreement"": -0.7271658778190613, ""completed"": true}"
83,16500,S11,S9,"{""agreement"": 0.5567284226417542, ""completed"": true}"
83,16500,S9,S11,"{""agreement"": 0.293051153421402, ""completed"": true}"
83,16520,S11,S9,"{""agreement"": 0.3601345717906952, ""completed"": true}"
83,16520,S9,S11,"{""agreement"": 0.022649109363555908, ""completed"": true}"
83,16540,S11,S9,"{""agreement"": -0.10270603746175766, ""completed"": true}"
83,16540,S9,S11,"{""agreement"": -0.03378373757004738, ""completed"": true}"
83,16560,S11,S9,"{""agreement"": 0.43896451592445374, ""completed"": true}"
83,16560,S9,S11,"{""agreement"": -0.20166535675525665, ""completed"": true}"
83,16580,S11,S9,"{""agreement"": -0.6870900988578796, ""completed"": true}"
83,16580,S9,S11,"{""agreement"": -0.696678876876831, ""completed"": true}"
83,16600,S3,S9,"{""agreement"": 0.14760641753673553, ""completed"": true}"
83,16600,S9,S11,"{""agreement"": -0.10453683882951736, ""completed"": true}"
83,16600,S11,S9,"{""agreement"": 0.2615288197994232, ""completed"": true}"
83,16620,S3,S9,"{""agreement"": 0.7141699194908142, ""completed"": true}"
83,16620,S9,S3,"{""agreement"": 0.6403090953826904, ""completed"": true}"
83,16620,S11,S9,"{""agreement"": -0.8818312883377075, ""completed"": true}"
83,16640,S9,S11,"{""agreement"": 0.3180536925792694, ""completed"": true}"
83,16660,S9,S11,"{""agreement"": -0.6351307034492493, ""completed"": true}"
83,16680,S9,S11,"{""agreement"": 0.5864831209182739, ""completed"": true}"
83,16700,S9,S11,"{""agreement"": -0.7764750719070435, ""completed"": true}"
83,17140,S8,S6,"{""agreement"": -0.42969760298728943, ""completed"": true}"
83,17140,S6,S8,"{""agreement"": 0.11252489686012268, ""completed"": true}"
83,17340,S8,S7,"{""agreement"": 0.9294244647026062, ""completed"": true}"
83,17340,S7,S8,"{""agreement"": -0.7140388488769531, ""completed"": true}"
83,17360,S8,S7,"{""agreement"": 0.2680179178714752, ""completed"": true}"
83,17360,S7,S8,"{""agreement"": 0.7089118361473083, ""completed"": true}"
83,17380,S8,S7,"{""agreement"": 0.4790623188018799, ""completed"": true}"
83,17380,S7,S8,"{""agreement"": 0.5667429566383362, ""completed"": true}"
83,17400,S8,S7,"{""agreement"": -0.6452573537826538, ""completed"": true}"
83,17400,S7,S8,"{""agreement"": 0.9738020896911621, ""completed"": true}"
83,17600,S16,S11,"{""agreement"": -0.9522896409034729, ""completed"": true}"
83,17600,S11,S16,"{""agreement"": -0.6104733347892761, ""completed"": true}"
83,17620,S16,S11,"{""agreement"": -0.2112286239862442, ""completed"": true}"
83,17620,S11,S16,"{""agreement"": 0.3817121684551239, ""completed"": true}"
83,17640,S11,S16,"{""agreement"": 0.661769688129425, ""completed"": true}"
83,17660,S11,S16,"{""agreement"": -0.6280764937400818, ""completed"": true}"
83,17680,S11,S16,"{""agreement"": 0.4762905240058899, ""completed"": true}"
83,17700,S11,S16,"{""agreement"": -0.645290195941925, ""completed"": true}"
83,17720,S11,S16,"{""agreement"": 0.7352343797683716, ""completed"": true}"
83,17740,S11,S16,"{""agreement"": 0.7865641117095947, ""completed"": true}"
83,17760,S11,S16,"{""agreement"": 0.7637105584144592, ""completed"": true}"
83,17780,S11,S16,"{""agreement"": -0.5442346930503845, ""completed"": true}"
83,17800,S11,S16,"{""agreement"": 0.7705326080322266, ""completed"": true}"
83,17820,S11,S16,"{""agreement"": 0.7478172779083252, ""completed"": true}"
83,17840,S11,S16,"{""agreement"": 0.7218972444534302, ""completed"": true}"
83,17860,S11,S16,"{""agreement"": -0.5064854025840759, ""completed"": true}"
83,17880,S11,S16,"{""agreement"": 0.3235280215740204, ""completed"": true}"
83,17900,S11,S16,"{""agreement"": 0.19498153030872345, ""completed"": true}"
83,17920,S11,S16,"{""agreement"": 0.7595294713973999, ""completed"": true}"
83,17940,S11,S16,"{""agreement"": 0.06349591165781021, ""completed"": true}"
83,17960,S11,S16,"{""agreement"": -0.6090582013130188, ""completed"": true}"
83,17980,S11,S16,"{""agreement"": 0.8808908462524414, ""completed"": true}"
83,18000,S11,S16,"{""agreement"": 0.3160363733768463, ""completed"": true}"
83,18020,S11,S16,"{""agreement"": -0.15795138478279114, ""completed"": true}"
83,18040,S11,S16,"{""agreement"": 0.7819476127624512, ""completed"": true}"
83,18060,S11,S16,"{""agreement"": 0.10694289207458496, ""completed"": true}"
83,18080,S11,S16,"{""agreement"": 0.3651703894138336, ""completed"": true}"
83,18100,S11,S16,"{""agreement"": 0.03697783872485161, ""completed"": true}"
83,18140,S16,S7,"{""agreement"": -0.7620183825492859, ""completed"": true}"
83,18140,S7,S16,"{""agreement"": -0.38733088970184326, ""completed"": true}"
83,18160,S16,S7,"{""agreement"": 0.7916257977485657, ""completed"": true}"
83,18160,S7,S16,"{""agreement"": -0.022263968363404274, ""completed"": true}"
83,18180,S16,S7,"{""agreement"": -0.24006162583827972, ""completed"": true}"
83,18180,S7,S16,"{""agreement"": 0.4415411651134491, ""completed"": true}"
83,18200,S16,S7,"{""agreement"": 0.48982828855514526, ""completed"": true}"
83,18200,S7,S16,"{""agreement"": 0.470141738653183, ""completed"": true}"
83,18220,S3,S9,"{""agreement"": -0.2124854475259781, ""completed"": true}"
83,18220,S9,S3,"{""agreement"": -0.3098753094673157, ""completed"": true}"
83,18220,S16,S7,"{""agreement"": 0.2601325213909149, ""completed"": true}"
83,18220,S7,S16,"{""agreement"": -0.3857569694519043, ""completed"": true}"
83,18240,S3,S9,"{""agreement"": 0.6842659115791321, ""completed"": true}"
83,18240,S9,S3,"{""agreement"": 0.43014243245124817, ""completed"": true}"
83,18240,S16,S7,"{""agreement"": -0.5418869256973267, ""completed"": true}"
83,18240,S7,S16,"{""agreement"": 0.8369865417480469, ""completed"": true}"
83,18260,S3,S9,"{""agreement"": 0.06293235719203949, ""completed"": true}"
83,18260,S9,S3,"{""agreement"": 0.3353470265865326, ""completed"": true}"
83,18260,S16,S7,"{""agreement"": -0.8648790717124939, ""completed"": true}"
83,18260,S7,S16,"{""agreement"": -0.03904382511973381, ""completed"": true}"
83,18280,S3,S9,"{""agreement"": -0.5675337314605713, ""completed"": true}"
83,18280,S9,S3,"{""agreement"": 0.9231600761413574, ""completed"": true}"
83,18280,S16,S7,"{""agreement"": -0.9594978094100952, ""completed"": true}"
83,18280,S7,S16,"{""agreement"": -0.44439664483070374, ""completed"": true}"
83,18300,S3,S9,"{""agreement"": -0.2921699583530426, ""completed"": true}"
83,18300,S9,S3,"{""agreement"": -0.8334018588066101, ""completed"": true}"
83,18300,S7,S16,"{""agreement"": -0.7132471203804016, ""completed"": true}"
83,18320,S3,S9,"{""agreement"": -0.6476952433586121, ""completed"": true}"
83,18320,S9,S3,"{""agreement"": 0.814073920249939, ""completed"": true}"
83,18320,S7,S16,"{""agreement"": 0.11525654047727585, ""completed"": true}"
83,18340,S9,S3,"{""agreement"": -0.7777504920959473, ""completed"": true}"
83,18340,S5,S11,"{""agreement"": 0.524009644985199, ""completed"": true}"
83,18340,S11,S5,"{""agreement"": 0.3424628973007202, ""completed"": true}"
83,18340,S7,S16,"{""agreement"": -0.433158814907074, ""completed"": true}"
83,18360,S5,S11,"{""agreement"": -0.6195754408836365, ""completed"": true}"
83,18360,S11,S5,"{""agreement"": -0.7771568894386292, ""completed"": true}"
83,18360,S7,S16,"{""agreement"": -0.3117099702358246, ""completed"": true}"
83,18380,S5,S11,"{""agreement"": 0.7160434126853943, ""completed"": true}"
83,18380,S11,S5,"{""agreement"": 0.1750539094209671, ""completed"": true}"
83,18400,S5,S11,"{""agreement"": 0.364473432302475, ""completed"": true}"
83,18400,S11,S5,"{""agreement"": 0.928425669670105, ""completed"": true}"
83,18420,S5,S11,"{""agreement"": -0.9396011829376221, ""completed"": true}"
83,18420,S11,S5,"{""agreement"": 0.9032787680625916, ""completed"": true}"
83,18440,S5,S11,"{""agreement"": -0.08716219663619995, ""completed"": true}"
83,18440,S11,S5,"{""agreement"": -0.7304221987724304, ""completed"": true}"
83,18460,S5,S11,"{""agreement"": -0.510921835899353, ""completed"": true}"
83,18460,S11,S5,"{""agreement"": 0.7853259444236755, ""completed"": true}"
83,18480,S11,S5,"{""agreement"": 0.011339845135807991, ""completed"": true}"
83,18500,S11,S5,"{""agreement"": 0.9471904635429382, ""completed"": true}"
83,18520,S11,S5,"{""agreement"": 0.6468174457550049, ""completed"": true}"
83,18540,S11,S5,"{""agreement"": -0.17470446228981018, ""completed"": true}"
83,18780,S3,S6,"{""agreement"": 0.47188931703567505, ""completed"": true}"
83,18780,S6,S3,"{""agreement"": 0.7732920050621033, ""completed"": true}"
83,18860,S15,S7,"{""agreement"": 0.6567776799201965, ""completed"": true}"
83,18860,S7,S15,"{""agreement"": -0.08355291932821274, ""completed"": true}"
83,18880,S15,S7,"{""agreement"": 0.4941881000995636, ""completed"": true}"
83,18880,S7,S15,"{""agreement"": 0.7147840857505798, ""completed"": true}"
83,18900,S15,S7,"{""agreement"": 0.8223434090614319, ""completed"": true}"
83,18900,S7,S15,"{""agreement"": -0.3619997501373291, ""completed"": true}"
83,18920,S15,S6,"{""agreement"": 0.9114847183227539, ""completed"": true}"
83,18920,S6,S15,"{""agreement"": -0.45091959834098816, ""completed"": true}"
83,18920,S7,S15,"{""agreement"": 0.8196513652801514, ""completed"": true}"
83,18940,S15,S6,"{""agreement"": -0.31267330050468445, ""completed"": true}"
83,18940,S6,S15,"{""agreement"": -0.21868188679218292, ""completed"": true}"
83,18940,S7,S15,"{""agreement"": 0.3140544295310974, ""completed"": true}"
83,18960,S15,S7,"{""agreement"": -0.36396920680999756, ""completed"": true}"
83,18960,S6,S15,"{""agreement"": 0.38959577679634094, ""completed"": true}"
83,18960,S7,S15,"{""agreement"": 0.8268898725509644, ""completed"": true}"
83,18980,S15,S7,"{""agreement"": -0.5244136452674866, ""completed"": true}"
83,18980,S7,S15,"{""agreement"": 0.5115102529525757, ""completed"": true}"
83,19000,S15,S7,"{""agreement"": 0.7778785228729248, ""completed"": true}"
83,19000,S7,S15,"{""agreement"": 0.8644117116928101, ""completed"": true}"
83,19020,S15,S7,"{""agreement"": 0.8575345277786255, ""completed"": true}"
83,19020,S7,S15,"{""agreement"": -0.6053439378738403, ""completed"": true}"
83,19040,S15,S7,"{""agreement"": 0.8052190542221069, ""completed"": true}"
83,19040,S7,S15,"{""agreement"": 0.3238782584667206, ""completed"": true}"
83,19060,S15,S7,"{""agreement"": -0.06479808688163757, ""completed"": true}"
83,19060,S7,S15,"{""agreement"": -0.2508050203323364, ""completed"": true}"
83,19080,S15,S7,"{""agreement"": -0.16129548847675323, ""completed"": true}"
83,19080,S7,S15,"{""agreement"": -0.48970121145248413, ""completed"": true}"
83,19100,S15,S7,"{""agreement"": 0.815088152885437, ""completed"": true}"
83,19100,S7,S15,"{""agreement"": 0.7578318119049072, ""completed"": true}"
83,19120,S15,S7,"{""agreement"": -0.373230904340744, ""completed"": true}"
83,19120,S7,S15,"{""agreement"": 0.45933184027671814, ""completed"": true}"
83,19140,S15,S7,"{""agreement"": 0.7315282821655273, ""completed"": true}"
83,19140,S7,S15,"{""agreement"": -0.6683504581451416, ""completed"": true}"
83,19160,S15,S7,"{""agreement"": 0.715541422367096, ""completed"": true}"
83,19160,S7,S15,"{""agreement"": -0.6541567444801331, ""completed"": true}"
83,19940,S11,S15,"{""agreement"": 0.8067315220832825, ""completed"": true}"
83,19960,S11,S15,"{""agreement"": 0.7917666435241699, ""completed"": true}"
83,19980,S11,S15,"{""agreement"": 0.7558184266090393, ""completed"": true}"
83,20000,S11,S15,"{""agreement"": 0.723035991191864, ""completed"": true}"
83,20020,S11,S15,"{""agreement"": 0.6264997720718384, ""completed"": true}"
83,20040,S11,S15,"{""agreement"": 0.8272415399551392, ""completed"": true}"
83,20060,S11,S15,"{""agreement"": -0.06928005814552307, ""completed"": true}"
83,20060,S9,S7,"{""agreement"": 0.6516291499137878, ""completed"": true}"
83,20060,S7,S9,"{""agreement"": 0.7833837270736694, ""completed"": true}"
83,20080,S11,S15,"{""agreement"": 0.128729909658432, ""completed"": true}"
83,20080,S9,S7,"{""agreement"": -0.3800886869430542, ""completed"": true}"
83,20080,S7,S9,"{""agreement"": 0.8940560817718506, ""completed"": true}"
83,20100,S11,S15,"{""agreement"": 0.060064662247896194, ""completed"": true}"
83,20100,S9,S7,"{""agreement"": -0.008761961944401264, ""completed"": true}"
83,20100,S7,S9,"{""agreement"": -0.7440122961997986, ""completed"": true}"
83,20120,S11,S15,"{""agreement"": 0.8491578102111816, ""completed"": true}"
83,20120,S9,S7,"{""agreement"": 0.7627770900726318, ""completed"": true}"
83,20120,S7,S9,"{""agreement"": 0.7071602940559387, ""completed"": true}"
83,20140,S11,S15,"{""agreement"": -0.5293169617652893, ""completed"": true}"
83,20160,S11,S15,"{""agreement"": 0.8888364434242249, ""completed"": true}"
83,20180,S11,S15,"{""agreement"": 0.6389038562774658, ""completed"": true}"
83,20200,S11,S15,"{""agreement"": -0.7087903022766113, ""completed"": true}"
83,20220,S11,S15,"{""agreement"": 0.9030779004096985, ""completed"": true}"
83,20580,S15,S7,"{""agreement"": 0.016636082902550697, ""completed"": true}"
83,20580,S7,S15,"{""agreement"": 0.6993558406829834, ""completed"": true}"
83,20600,S15,S7,"{""agreement"": -0.7622718214988708, ""completed"": true}"
83,20600,S7,S15,"{""agreement"": -0.2012551873922348, ""completed"": true}"
83,20620,S15,S7,"{""agreement"": 0.9154282808303833, ""completed"": true}"
83,20620,S7,S15,"{""agreement"": 0.7093946933746338, ""completed"": true}"
83,20640,S15,S7,"{""agreement"": 0.5787063837051392, ""completed"": true}"
83,20640,S7,S15,"{""agreement"": 0.5770360231399536, ""completed"": true}"
83,20660,S15,S7,"{""agreement"": 0.12171338498592377, ""completed"": true}"
83,20660,S7,S15,"{""agreement"": -0.5774899125099182, ""completed"": true}"
83,20680,S15,S7,"{""agreement"": 0.07881689071655273, ""completed"": true}"
83,20680,S7,S15,"{""agreement"": -0.9390966296195984, ""completed"": true}"
83,21280,S6,S7,"{""agreement"": 0.4537172317504883, ""completed"": true}"
83,21280,S7,S6,"{""agreement"": -0.7689542770385742, ""completed"": true}"
83,21540,S15,S7,"{""agreement"": 0.728508472442627, ""completed"": true}"
83,21560,S15,S7,"{""agreement"": -0.12494749575853348, ""completed"": true}"
83,21580,S15,S7,"{""agreement"": -0.5841051936149597, ""completed"": true}"
83,21600,S15,S7,"{""agreement"": -0.570889949798584, ""completed"": true}"
83,21620,S15,S7,"{""agreement"": 0.5650219917297363, ""completed"": true}"
83,21640,S15,S7,"{""agreement"": -0.1165078654885292, ""completed"": true}"
83,21660,S15,S7,"{""agreement"": 0.06233780086040497, ""completed"": true}"
83,21680,S15,S7,"{""agreement"": 0.47098153829574585, ""completed"": true}"
83,21700,S15,S7,"{""agreement"": 0.05765380337834358, ""completed"": true}"
83,22140,S3,S6,"{""agreement"": -0.7909013032913208, ""completed"": true}"
83,22140,S6,S3,"{""agreement"": 0.3214673399925232, ""completed"": true}"
83,22160,S3,S6,"{""agreement"": 0.742192804813385, ""completed"": true}"
83,22160,S6,S3,"{""agreement"": -0.34739118814468384, ""completed"": true}"
83,22180,S3,S6,"{""agreement"": 0.9387447834014893, ""completed"": true}"
83,22180,S6,S3,"{""agreement"": -0.8434807658195496, ""completed"": true}"
83,22200,S3,S6,"{""agreement"": 0.04511690512299538, ""completed"": true}"
83,22200,S6,S3,"{""agreement"": 0.915424644947052, ""completed"": true}"
83,22220,S3,S6,"{""agreement"": 0.6653885245323181, ""completed"": true}"
83,22220,S6,S3,"{""agreement"": 0.6885536313056946, ""completed"": true}"
83,22740,S11,S15,"{""agreement"": 0.8924121260643005, ""completed"": true}"
83,22760,S11,S15,"{""agreement"": 0.35263609886169434, ""completed"": true}"
83,22780,S11,S15,"{""agreement"": 0.7788150310516357, ""completed"": true}"
83,22800,S11,S15,"{""agreement"": 0.6056812405586243, ""completed"": true}"
83,22820,S11,S15,"{""agreement"": -0.3112887740135193, ""completed"": true}"
83,22840,S11,S15,"{""agreement"": 0.9072847366333008, ""completed"": true}"
83,22860,S11,S15,"{""agreement"": -0.810427725315094, ""completed"": true}"
83,22880,S11,S15,"{""agreement"": -0.46516621112823486, ""completed"": true}"
83,22900,S11,S15,"{""agreement"": 0.7975351214408875, ""completed"": true}"
83,22920,S8,S13,"{""agreement"": 0.8317346572875977, ""completed"": true}"
83,22920,S13,S8,"{""agreement"": -0.49422770738601685, ""completed"": true}"
83,22940,S8,S13,"{""agreement"": 0.4904366135597229, ""completed"": true}"
83,22940,S13,S8,"{""agreement"": -0.3965838551521301, ""completed"": true}"
83,22960,S8,S13,"{""agreement"": 0.0008457514923065901, ""completed"": true}"
83,22960,S13,S8,"{""agreement"": 0.5645039081573486, ""completed"": true}"
83,22980,S8,S13,"{""agreement"": 0.688949704170227, ""completed"": true}"
83,22980,S13,S8,"{""agreement"": 0.4039786159992218, ""completed"": true}"
83,23000,S8,S13,"{""agreement"": -0.27987685799598694, ""completed"": true}"
83,23000,S13,S16,"{""agreement"": 0.8037493228912354, ""completed"": true}"
83,23000,S16,S13,"{""agreement"": 0.149738609790802, ""completed"": true}"
83,23020,S8,S13,"{""agreement"": -0.5638375878334045, ""completed"": true}"
83,23020,S13,S16,"{""agreement"": 0.9092565774917603, ""completed"": true}"
83,23020,S16,S13,"{""agreement"": -0.5366306304931641, ""completed"": true}"
83,23040,S8,S13,"{""agreement"": 0.2608637809753418, ""completed"": true}"
83,23040,S13,S16,"{""agreement"": 0.7662544250488281, ""completed"": true}"
83,23040,S16,S13,"{""agreement"": 0.32193106412887573, ""completed"": true}"
83,23040,S11,S6,"{""agreement"": -0.09840314090251923, ""completed"": true}"
83,23040,S6,S11,"{""agreement"": 0.9559711217880249, ""completed"": true}"
83,23060,S8,S13,"{""agreement"": 0.7215409278869629, ""completed"": true}"
83,23060,S13,S8,"{""agreement"": 0.5205883383750916, ""completed"": true}"
83,23060,S11,S6,"{""agreement"": -0.10575132071971893, ""completed"": true}"
83,23060,S6,S11,"{""agreement"": -0.9424219131469727, ""completed"": true}"
83,23080,S8,S13,"{""agreement"": 0.5862529873847961, ""completed"": true}"
83,23080,S13,S8,"{""agreement"": -0.009028916247189045, ""completed"": true}"
83,23080,S11,S6,"{""agreement"": -0.17709068953990936, ""completed"": true}"
83,23080,S6,S11,"{""agreement"": 0.6771005392074585, ""completed"": true}"
83,23100,S8,S13,"{""agreement"": 0.9124469757080078, ""completed"": true}"
83,23100,S13,S8,"{""agreement"": 0.7621347904205322, ""completed"": true}"
83,23100,S11,S6,"{""agreement"": 0.08099853247404099, ""completed"": true}"
83,23100,S6,S11,"{""agreement"": -0.06807813793420792, ""completed"": true}"
83,23120,S8,S13,"{""agreement"": 0.8368960022926331, ""completed"": true}"
83,23120,S13,S8,"{""agreement"": -0.5540703535079956, ""completed"": true}"
83,23120,S11,S6,"{""agreement"": 0.39105504751205444, ""completed"": true}"
83,23120,S6,S11,"{""agreement"": 0.8638597130775452, ""completed"": true}"
83,23140,S8,S13,"{""agreement"": 0.6708925366401672, ""completed"": true}"
83,23140,S13,S8,"{""agreement"": -0.890073835849762, ""completed"": true}"
83,23140,S11,S6,"{""agreement"": 0.816905677318573, ""completed"": true}"
83,23140,S6,S11,"{""agreement"": 0.18644919991493225, ""completed"": true}"
83,23160,S8,S13,"{""agreement"": -0.4793345630168915, ""completed"": true}"
83,23160,S13,S8,"{""agreement"": -0.8904556632041931, ""completed"": true}"
83,23160,S11,S6,"{""agreement"": 0.6950953006744385, ""completed"": true}"
83,23160,S6,S11,"{""agreement"": -0.8340163230895996, ""completed"": true}"
83,23180,S8,S13,"{""agreement"": 0.03756340220570564, ""completed"": true}"
83,23180,S11,S6,"{""agreement"": 0.7959044575691223, ""completed"": true}"
83,23180,S6,S11,"{""agreement"": 0.5620017051696777, ""completed"": true}"
83,23200,S8,S13,"{""agreement"": 0.5449042916297913, ""completed"": true}"
83,23200,S11,S6,"{""agreement"": 0.35989072918891907, ""completed"": true}"
83,23200,S6,S11,"{""agreement"": -0.5543595552444458, ""completed"": true}"
83,23220,S8,S13,"{""agreement"": -0.6295685172080994, ""completed"": true}"
83,23220,S11,S6,"{""agreement"": 0.7230871915817261, ""completed"": true}"
83,23220,S6,S11,"{""agreement"": 0.058871541172266006, ""completed"": true}"
83,23240,S8,S13,"{""agreement"": 0.6078774929046631, ""completed"": true}"
83,23240,S11,S6,"{""agreement"": 0.4745982587337494, ""completed"": true}"
83,23240,S6,S11,"{""agreement"": -0.8528120517730713, ""completed"": true}"
83,23260,S8,S13,"{""agreement"": -0.7519558668136597, ""completed"": true}"
83,23260,S11,S6,"{""agreement"": -0.07421239465475082, ""completed"": true}"
83,23280,S8,S13,"{""agreement"": 0.13455040752887726, ""completed"": true}"
83,23280,S11,S6,"{""agreement"": -0.199259951710701, ""completed"": true}"
83,23300,S8,S13,"{""agreement"": -0.7430158257484436, ""completed"": true}"
83,23300,S11,S6,"{""agreement"": -0.2657075524330139, ""completed"": true}"
83,23320,S8,S13,"{""agreement"": 0.8439560532569885, ""completed"": true}"
83,23320,S11,S6,"{""agreement"": 0.2391120344400406, ""completed"": true}"
83,23340,S8,S13,"{""agreement"": -0.7680863738059998, ""completed"": true}"
83,23340,S11,S6,"{""agreement"": -0.2533464729785919, ""completed"": true}"
83,23360,S8,S13,"{""agreement"": 0.744909942150116, ""completed"": true}"
83,23360,S11,S6,"{""agreement"": 0.824918806552887, ""completed"": true}"
83,23380,S8,S13,"{""agreement"": 0.7667838931083679, ""completed"": true}"
83,23380,S11,S6,"{""agreement"": 0.5798329710960388, ""completed"": true}"
83,23400,S8,S13,"{""agreement"": 0.476907879114151, ""completed"": true}"
83,23400,S11,S6,"{""agreement"": -0.36789670586586, ""completed"": true}"
83,23420,S8,S13,"{""agreement"": 0.3158402442932129, ""completed"": true}"
83,23420,S11,S6,"{""agreement"": 0.88550865650177, ""completed"": true}"
83,23440,S8,S13,"{""agreement"": -0.18235903978347778, ""completed"": true}"
83,23440,S11,S6,"{""agreement"": 0.8966687321662903, ""completed"": true}"
83,23460,S8,S13,"{""agreement"": 0.04299493506550789, ""completed"": true}"
83,23460,S11,S6,"{""agreement"": 0.3602198660373688, ""completed"": true}"
83,23480,S8,S13,"{""agreement"": 0.16611529886722565, ""completed"": true}"
83,23480,S11,S6,"{""agreement"": -0.4555076062679291, ""completed"": true}"
83,23500,S8,S13,"{""agreement"": 0.7166666388511658, ""completed"": true}"
83,23500,S11,S6,"{""agreement"": 0.41921111941337585, ""completed"": true}"
83,23520,S8,S13,"{""agreement"": -0.6560126543045044, ""completed"": true}"
83,23520,S11,S6,"{""agreement"": -0.6542167663574219, ""completed"": true}"
83,23540,S8,S13,"{""agreement"": 0.7786833047866821, ""completed"": true}"
83,23540,S11,S6,"{""agreement"": 0.8411450386047363, ""completed"": true}"
83,23560,S8,S13,"{""agreement"": 0.6705982685089111, ""completed"": true}"
83,23560,S11,S6,"{""agreement"": -0.6763008236885071, ""completed"": true}"
83,23580,S8,S13,"{""agreement"": 0.08103416115045547, ""completed"": true}"
83,23580,S11,S6,"{""agreement"": -0.7660229206085205, ""completed"": true}"
83,23600,S8,S13,"{""agreement"": -0.7609092593193054, ""completed"": true}"
83,23620,S8,S13,"{""agreement"": 0.695199728012085, ""completed"": true}"
83,23640,S8,S13,"{""agreement"": -0.043714333325624466, ""completed"": true}"
83,23660,S8,S13,"{""agreement"": -0.47861647605895996, ""completed"": true}"
83,23680,S8,S13,"{""agreement"": 0.7359659671783447, ""completed"": true}"
83,23680,S11,S16,"{""agreement"": -0.6333881616592407, ""completed"": true}"
83,23700,S8,S13,"{""agreement"": 0.7685995101928711, ""completed"": true}"
83,23700,S11,S16,"{""agreement"": -0.47577524185180664, ""completed"": true}"
83,23720,S8,S13,"{""agreement"": 0.7453832626342773, ""completed"": true}"
83,23720,S11,S16,"{""agreement"": 0.14446590840816498, ""completed"": true}"
83,23740,S8,S13,"{""agreement"": -0.4229884743690491, ""completed"": true}"
83,23740,S11,S16,"{""agreement"": 0.38253381848335266, ""completed"": true}"
83,23760,S8,S13,"{""agreement"": 0.568006157875061, ""completed"": true}"
83,23760,S11,S16,"{""agreement"": 0.6984694004058838, ""completed"": true}"
83,23780,S8,S13,"{""agreement"": 0.8859089612960815, ""completed"": true}"
83,23780,S11,S16,"{""agreement"": 0.7889754772186279, ""completed"": true}"
83,23800,S8,S13,"{""agreement"": 0.9029496908187866, ""completed"": true}"
83,23800,S11,S16,"{""agreement"": -0.8425772786140442, ""completed"": true}"
83,23820,S8,S13,"{""agreement"": -0.09790071845054626, ""completed"": true}"
83,23820,S11,S16,"{""agreement"": -0.46399858593940735, ""completed"": true}"
83,23840,S8,S13,"{""agreement"": -0.27319082617759705, ""completed"": true}"
83,23840,S15,S7,"{""agreement"": 0.4463290870189667, ""completed"": true}"
83,23840,S11,S16,"{""agreement"": 0.9220085740089417, ""completed"": true}"
83,23860,S8,S13,"{""agreement"": 0.5424929857254028, ""completed"": true}"
83,23860,S15,S7,"{""agreement"": 0.469567209482193, ""completed"": true}"
83,23860,S11,S16,"{""agreement"": 0.5389738082885742, ""completed"": true}"
83,23880,S8,S13,"{""agreement"": -0.5815057158470154, ""completed"": true}"
83,23880,S15,S7,"{""agreement"": -0.4187036156654358, ""completed"": true}"
83,23880,S11,S16,"{""agreement"": -0.32437601685523987, ""completed"": true}"
83,23900,S8,S13,"{""agreement"": -0.01608789525926113, ""completed"": true}"
83,23900,S15,S7,"{""agreement"": -0.6526587009429932, ""completed"": true}"
83,23900,S11,S16,"{""agreement"": 0.9161928296089172, ""completed"": true}"
83,23920,S8,S13,"{""agreement"": 0.028722455725073814, ""completed"": true}"
83,23920,S6,S8,"{""agreement"": 0.6100415587425232, ""completed"": true}"
83,23920,S15,S7,"{""agreement"": -0.25227734446525574, ""completed"": true}"
83,23920,S11,S16,"{""agreement"": -0.32576921582221985, ""completed"": true}"
83,23940,S8,S13,"{""agreement"": 0.03916894271969795, ""completed"": true}"
83,23940,S6,S8,"{""agreement"": -0.21775205433368683, ""completed"": true}"
83,23940,S15,S7,"{""agreement"": 0.2186558097600937, ""completed"": true}"
83,23940,S11,S16,"{""agreement"": 0.359142541885376, ""completed"": true}"
83,23960,S8,S13,"{""agreement"": 0.3811134994029999, ""completed"": true}"
83,23960,S6,S8,"{""agreement"": -0.8050090670585632, ""completed"": true}"
83,23960,S15,S7,"{""agreement"": -0.7854658365249634, ""completed"": true}"
83,23960,S11,S16,"{""agreement"": -0.8310960531234741, ""completed"": true}"
83,23980,S8,S13,"{""agreement"": 0.45490357279777527, ""completed"": true}"
83,23980,S6,S8,"{""agreement"": -0.591597318649292, ""completed"": true}"
83,23980,S11,S16,"{""agreement"": 0.5963736772537231, ""completed"": true}"
83,24000,S8,S13,"{""agreement"": 0.3923211097717285, ""completed"": true}"
83,24000,S6,S8,"{""agreement"": 0.664985179901123, ""completed"": true}"
83,24000,S11,S16,"{""agreement"": -0.043177299201488495, ""completed"": true}"
83,24020,S8,S13,"{""agreement"": 0.353092223405838, ""completed"": true}"
83,24020,S11,S16,"{""agreement"": -0.6347195506095886, ""completed"": true}"
83,24040,S8,S13,"{""agreement"": 0.12196808308362961, ""completed"": true}"
83,24040,S11,S16,"{""agreement"": -0.3873518705368042, ""completed"": true}"
83,24060,S8,S13,"{""agreement"": 0.7328232526779175, ""completed"": true}"
83,24080,S8,S13,"{""agreement"": 0.2730191946029663, ""completed"": true}"
83,24100,S8,S13,"{""agreement"": 0.7432605028152466, ""completed"": true}"
83,24120,S8,S13,"{""agreement"": 0.3743495047092438, ""completed"": true}"
83,24280,S15,S6,"{""agreement"": -0.10019481927156448, ""completed"": true}"
83,24280,S6,S15,"{""agreement"": -0.7019566893577576, ""completed"": true}"
83,24280,S5,S13,"{""agreement"": 0.7995471358299255, ""completed"": true}"
83,24280,S13,S5,"{""agreement"": 0.5747395157814026, ""completed"": true}"
83,24300,S15,S6,"{""agreement"": -0.8128871917724609, ""completed"": true}"
83,24300,S6,S15,"{""agreement"": 0.9409700632095337, ""completed"": true}"
83,24300,S5,S13,"{""agreement"": 0.07604765892028809, ""completed"": true}"
83,24300,S13,S5,"{""agreement"": 0.9204537272453308, ""completed"": true}"
83,24320,S15,S6,"{""agreement"": 0.3552396297454834, ""completed"": true}"
83,24320,S6,S15,"{""agreement"": 0.15188844501972198, ""completed"": true}"
83,24320,S5,S13,"{""agreement"": -0.6774788498878479, ""completed"": true}"
83,24320,S13,S5,"{""agreement"": 0.3612414002418518, ""completed"": true}"
83,24340,S15,S6,"{""agreement"": 0.7425745725631714, ""completed"": true}"
83,24340,S6,S15,"{""agreement"": -0.013174105435609818, ""completed"": true}"
83,24340,S5,S13,"{""agreement"": -0.9175949096679688, ""completed"": true}"
83,24340,S13,S5,"{""agreement"": -0.24707849323749542, ""completed"": true}"
83,24360,S15,S6,"{""agreement"": -0.4152575731277466, ""completed"": true}"
83,24360,S6,S15,"{""agreement"": -0.3943699598312378, ""completed"": true}"
83,24360,S5,S13,"{""agreement"": 0.2451915144920349, ""completed"": true}"
83,24360,S13,S5,"{""agreement"": 0.6839800477027893, ""completed"": true}"
83,24380,S15,S6,"{""agreement"": 0.4296402335166931, ""completed"": true}"
83,24380,S6,S15,"{""agreement"": -0.08340130746364594, ""completed"": true}"
83,24380,S5,S13,"{""agreement"": 0.8979299664497375, ""completed"": true}"
83,24380,S13,S5,"{""agreement"": 0.22096818685531616, ""completed"": true}"
83,24400,S15,S6,"{""agreement"": -0.8347578048706055, ""completed"": true}"
83,24400,S6,S15,"{""agreement"": 0.6387926340103149, ""completed"": true}"
83,24400,S5,S13,"{""agreement"": 0.7897487878799438, ""completed"": true}"
83,24400,S13,S5,"{""agreement"": 0.5826684832572937, ""completed"": true}"
83,24420,S15,S6,"{""agreement"": 0.6076162457466125, ""completed"": true}"
83,24420,S6,S15,"{""agreement"": 0.24254396557807922, ""completed"": true}"
83,24420,S5,S13,"{""agreement"": -0.4952746331691742, ""completed"": true}"
83,24420,S13,S5,"{""agreement"": -0.21181418001651764, ""completed"": true}"
83,24420,S16,S11,"{""agreement"": -0.23706784844398499, ""completed"": true}"
83,24440,S15,S6,"{""agreement"": -0.001795944757759571, ""completed"": true}"
83,24440,S6,S15,"{""agreement"": 0.03434762731194496, ""completed"": true}"
83,24440,S5,S13,"{""agreement"": -0.45407840609550476, ""completed"": true}"
83,24440,S13,S5,"{""agreement"": 0.7946240901947021, ""completed"": true}"
83,24460,S15,S6,"{""agreement"": 0.26892945170402527, ""completed"": true}"
83,24460,S6,S15,"{""agreement"": 0.48657041788101196, ""completed"": true}"
83,24460,S5,S13,"{""agreement"": 0.7166837453842163, ""completed"": true}"
83,24460,S13,S5,"{""agreement"": 0.5032329559326172, ""completed"": true}"
83,24480,S15,S6,"{""agreement"": 0.5950911641120911, ""completed"": true}"
83,24480,S6,S15,"{""agreement"": 0.5517517328262329, ""completed"": true}"
83,24480,S5,S13,"{""agreement"": -0.5879970192909241, ""completed"": true}"
83,24480,S13,S5,"{""agreement"": 0.7208120226860046, ""completed"": true}"
83,24500,S15,S6,"{""agreement"": 0.3419454097747803, ""completed"": true}"
83,24500,S6,S15,"{""agreement"": -0.4813075363636017, ""completed"": true}"
83,24500,S5,S13,"{""agreement"": 0.1924835741519928, ""completed"": true}"
83,24500,S13,S5,"{""agreement"": -0.6869622468948364, ""completed"": true}"
83,24520,S15,S6,"{""agreement"": 0.6262813210487366, ""completed"": true}"
83,24520,S6,S15,"{""agreement"": 0.8810323476791382, ""completed"": true}"
83,24520,S5,S13,"{""agreement"": 0.19241398572921753, ""completed"": true}"
83,24520,S13,S5,"{""agreement"": 0.6394035220146179, ""completed"": true}"
83,24540,S5,S13,"{""agreement"": 0.8288187384605408, ""completed"": true}"
83,24540,S13,S5,"{""agreement"": -0.07936105132102966, ""completed"": true}"
83,24560,S5,S13,"{""agreement"": 0.25472384691238403, ""completed"": true}"
83,24560,S13,S5,"{""agreement"": 0.6877111792564392, ""completed"": true}"
83,24580,S5,S13,"{""agreement"": -0.31591418385505676, ""completed"": true}"
83,24580,S13,S5,"{""agreement"": 0.0765853002667427, ""completed"": true}"
83,24600,S5,S13,"{""agreement"": -0.7594955563545227, ""completed"": true}"
83,24600,S13,S5,"{""agreement"": 0.8928916454315186, ""completed"": true}"
83,24620,S5,S13,"{""agreement"": 0.6642991900444031, ""completed"": true}"
83,24620,S13,S5,"{""agreement"": 0.9697555899620056, ""completed"": true}"
83,24640,S5,S13,"{""agreement"": -0.7920851111412048, ""completed"": true}"
83,24640,S13,S5,"{""agreement"": 0.6072208881378174, ""completed"": true}"
83,25760,S8,S7,"{""agreement"": 0.7591501474380493, ""completed"": true}"
83,25760,S7,S8,"{""agreement"": -0.6604570746421814, ""completed"": true}"
83,25780,S8,S7,"{""agreement"": -0.35587364435195923, ""completed"": true}"
83,25780,S7,S8,"{""agreement"": 0.2573355436325073, ""completed"": true}"
83,25840,S9,S3,"{""agreement"": 0.12702596187591553, ""completed"": true}"
83,25860,S9,S3,"{""agreement"": 0.07718757539987564, ""completed"": true}"
83,26040,S11,S5,"{""agreement"": 0.8344647288322449, ""completed"": true}"
83,26060,S11,S5,"{""agreement"": -0.8852348327636719, ""completed"": true}"
83,26920,S5,S9,"{""agreement"": -0.08663465082645416, ""completed"": true}"
83,26920,S9,S5,"{""agreement"": 0.3594425618648529, ""completed"": true}"
83,26940,S5,S9,"{""agreement"": -0.49629005789756775, ""completed"": true}"
83,26940,S9,S5,"{""agreement"": 0.9865211844444275, ""completed"": true}"
83,26960,S5,S9,"{""agreement"": 0.10438618808984756, ""completed"": true}"
83,26960,S9,S5,"{""agreement"": -0.7259001731872559, ""completed"": true}"
83,26980,S5,S9,"{""agreement"": -0.20429612696170807, ""completed"": true}"
83,26980,S9,S5,"{""agreement"": -0.9579038023948669, ""completed"": true}"
83,27000,S5,S9,"{""agreement"": 0.8349484801292419, ""completed"": true}"
83,27000,S9,S5,"{""agreement"": 0.8844696879386902, ""completed"": true}"
83,27020,S5,S9,"{""agreement"": -0.32860857248306274, ""completed"": true}"
83,27020,S9,S5,"{""agreement"": 0.4124578833580017, ""completed"": true}"
83,27020,S6,S13,"{""agreement"": 0.5198479294776917, ""completed"": true}"
83,27020,S13,S6,"{""agreement"": 0.020053032785654068, ""completed"": true}"
83,27040,S5,S9,"{""agreement"": -0.23977281153202057, ""completed"": true}"
83,27040,S9,S5,"{""agreement"": -0.6598636507987976, ""completed"": true}"
83,27040,S6,S13,"{""agreement"": 0.684898853302002, ""completed"": true}"
83,27040,S13,S6,"{""agreement"": -0.38073432445526123, ""completed"": true}"
83,27060,S5,S9,"{""agreement"": -0.09114468097686768, ""completed"": true}"
83,27060,S9,S5,"{""agreement"": 0.9394347667694092, ""completed"": true}"
83,27060,S6,S13,"{""agreement"": 0.45736023783683777, ""completed"": true}"
83,27060,S13,S6,"{""agreement"": 0.7954899668693542, ""completed"": true}"
83,27080,S5,S9,"{""agreement"": -0.06809177249670029, ""completed"": true}"
83,27080,S9,S5,"{""agreement"": -0.409201443195343, ""completed"": true}"
83,27080,S6,S13,"{""agreement"": 0.605806291103363, ""completed"": true}"
83,27080,S13,S6,"{""agreement"": -0.45086756348609924, ""completed"": true}"
83,27100,S5,S9,"{""agreement"": 0.06936953216791153, ""completed"": true}"
83,27100,S9,S5,"{""agreement"": 0.5399023294448853, ""completed"": true}"
83,27100,S6,S13,"{""agreement"": -0.8221680521965027, ""completed"": true}"
83,27100,S13,S6,"{""agreement"": -0.152715265750885, ""completed"": true}"
83,27120,S5,S9,"{""agreement"": 0.002818360924720764, ""completed"": true}"
83,27120,S9,S5,"{""agreement"": 0.8377048969268799, ""completed"": true}"
83,27120,S6,S13,"{""agreement"": 0.6143909692764282, ""completed"": true}"
83,27120,S13,S6,"{""agreement"": -0.7803359031677246, ""completed"": true}"
83,27140,S5,S9,"{""agreement"": 0.4033542573451996, ""completed"": true}"
83,27140,S9,S5,"{""agreement"": 0.5280129909515381, ""completed"": true}"
83,27140,S6,S13,"{""agreement"": -0.4813353717327118, ""completed"": true}"
83,27140,S13,S6,"{""agreement"": 0.1414807140827179, ""completed"": true}"
83,27160,S5,S9,"{""agreement"": -0.754309356212616, ""completed"": true}"
83,27160,S9,S5,"{""agreement"": -0.6954707503318787, ""completed"": true}"
83,27160,S6,S13,"{""agreement"": 0.007390322629362345, ""completed"": true}"
83,27160,S13,S6,"{""agreement"": 0.5830297470092773, ""completed"": true}"
83,27180,S5,S9,"{""agreement"": -0.22312124073505402, ""completed"": true}"
83,27180,S9,S5,"{""agreement"": 0.5656772255897522, ""completed"": true}"
83,27180,S6,S13,"{""agreement"": -0.3112812042236328, ""completed"": true}"
83,27180,S13,S6,"{""agreement"": 0.5714185237884521, ""completed"": true}"
83,27200,S5,S9,"{""agreement"": 0.019396381452679634, ""completed"": true}"
83,27200,S9,S5,"{""agreement"": 0.9067819714546204, ""completed"": true}"
83,27220,S5,S9,"{""agreement"": 0.27324071526527405, ""completed"": true}"
83,27220,S9,S5,"{""agreement"": -0.42002207040786743, ""completed"": true}"
83,27240,S5,S9,"{""agreement"": 0.08292271941900253, ""completed"": true}"
83,27240,S9,S5,"{""agreement"": 0.765880286693573, ""completed"": true}"
83,27260,S3,S13,"{""agreement"": -0.5182644128799438, ""completed"": true}"
83,27260,S13,S3,"{""agreement"": -0.028248993679881096, ""completed"": true}"
83,27260,S5,S9,"{""agreement"": -0.013805016875267029, ""completed"": true}"
83,27260,S9,S5,"{""agreement"": -0.12506501376628876, ""completed"": true}"
83,27280,S3,S13,"{""agreement"": 0.4569823145866394, ""completed"": true}"
83,27280,S13,S3,"{""agreement"": -0.0096334433183074, ""completed"": true}"
83,27280,S5,S9,"{""agreement"": 0.053370893001556396, ""completed"": true}"
83,27280,S9,S5,"{""agreement"": 0.7395560145378113, ""completed"": true}"
83,27300,S3,S13,"{""agreement"": 0.9546735882759094, ""completed"": true}"
83,27300,S13,S3,"{""agreement"": -0.48953455686569214, ""completed"": true}"
83,27300,S5,S9,"{""agreement"": 0.4543948769569397, ""completed"": true}"
83,27300,S9,S5,"{""agreement"": 0.1852407306432724, ""completed"": true}"
83,27320,S5,S9,"{""agreement"": -0.8749153017997742, ""completed"": true}"
83,27320,S9,S5,"{""agreement"": -0.9422683715820312, ""completed"": true}"
83,27340,S5,S9,"{""agreement"": 0.8334660530090332, ""completed"": true}"
83,27340,S9,S5,"{""agreement"": -0.45631229877471924, ""completed"": true}"
83,27360,S5,S9,"{""agreement"": -0.5499797463417053, ""completed"": true}"
83,27360,S9,S5,"{""agreement"": -0.4575135409832001, ""completed"": true}"
83,27380,S5,S9,"{""agreement"": -0.0752514898777008, ""completed"": true}"
83,27400,S5,S9,"{""agreement"": -0.03635590523481369, ""completed"": true}"
83,27420,S5,S9,"{""agreement"": -0.8344071507453918, ""completed"": true}"
83,27840,S5,S13,"{""agreement"": -0.8941189050674438, ""completed"": true}"
83,27840,S13,S5,"{""agreement"": -0.7092779278755188, ""completed"": true}"
83,27860,S13,S5,"{""agreement"": 0.627907395362854, ""completed"": true}"
83,27880,S13,S5,"{""agreement"": -0.6400113105773926, ""completed"": true}"
83,27900,S13,S5,"{""agreement"": -0.08376476913690567, ""completed"": true}"
83,27920,S13,S5,"{""agreement"": 0.4148107171058655, ""completed"": true}"
83,27940,S13,S5,"{""agreement"": 0.39527666568756104, ""completed"": true}"
83,27960,S13,S5,"{""agreement"": 0.9091874957084656, ""completed"": true}"
83,27980,S13,S5,"{""agreement"": -0.7590209245681763, ""completed"": true}"
83,28000,S13,S5,"{""agreement"": -0.4289740324020386, ""completed"": true}"
83,28020,S13,S5,"{""agreement"": -0.6449555158615112, ""completed"": true}"
83,28240,S15,S5,"{""agreement"": 0.481087327003479, ""completed"": true}"
83,28240,S5,S15,"{""agreement"": 0.8250589370727539, ""completed"": true}"
83,28260,S15,S5,"{""agreement"": -0.19882531464099884, ""completed"": true}"
83,28260,S5,S15,"{""agreement"": 0.6169533729553223, ""completed"": true}"
83,28280,S15,S5,"{""agreement"": 0.2048252522945404, ""completed"": true}"
83,28280,S5,S15,"{""agreement"": -0.6681188344955444, ""completed"": true}"
83,28300,S15,S5,"{""agreement"": 0.0709216520190239, ""completed"": true}"
83,28300,S5,S15,"{""agreement"": 0.26669496297836304, ""completed"": true}"
83,28320,S15,S5,"{""agreement"": 0.7008243203163147, ""completed"": true}"
83,28320,S5,S15,"{""agreement"": -0.4358265995979309, ""completed"": true}"
83,28340,S15,S5,"{""agreement"": 0.5662434101104736, ""completed"": true}"
83,28340,S5,S15,"{""agreement"": 0.43653324246406555, ""completed"": true}"
83,28360,S15,S5,"{""agreement"": -0.5884215235710144, ""completed"": true}"
83,28360,S5,S15,"{""agreement"": 0.8633009791374207, ""completed"": true}"
83,28380,S15,S5,"{""agreement"": 0.7806997299194336, ""completed"": true}"
83,28380,S5,S15,"{""agreement"": 0.9280239939689636, ""completed"": true}"
83,28400,S15,S5,"{""agreement"": -0.9040170311927795, ""completed"": true}"
83,28400,S5,S15,"{""agreement"": -0.578909158706665, ""completed"": true}"
83,28420,S15,S5,"{""agreement"": 0.08092087507247925, ""completed"": true}"
83,28420,S5,S15,"{""agreement"": -0.3787845969200134, ""completed"": true}"
83,28440,S15,S5,"{""agreement"": 0.7879400253295898, ""completed"": true}"
83,28440,S5,S15,"{""agreement"": 0.5658124685287476, ""completed"": true}"
83,28460,S15,S5,"{""agreement"": -0.09810549020767212, ""completed"": true}"
83,28460,S5,S15,"{""agreement"": 0.053063057363033295, ""completed"": true}"
83,28480,S15,S5,"{""agreement"": 0.3738417327404022, ""completed"": true}"
83,28480,S5,S15,"{""agreement"": 0.3433329463005066, ""completed"": true}"
83,28480,S9,S13,"{""agreement"": 0.08088167011737823, ""completed"": true}"
83,28480,S13,S9,"{""agreement"": 0.7535674571990967, ""completed"": true}"
83,28500,S15,S5,"{""agreement"": 0.030716387555003166, ""completed"": true}"
83,28500,S5,S15,"{""agreement"": 0.7459268569946289, ""completed"": true}"
83,28500,S9,S13,"{""agreement"": -0.02138899639248848, ""completed"": true}"
83,28500,S13,S9,"{""agreement"": -0.5351433157920837, ""completed"": true}"
83,28520,S15,S5,"{""agreement"": -0.023208919912576675, ""completed"": true}"
83,28520,S5,S15,"{""agreement"": 0.7694876194000244, ""completed"": true}"
83,28520,S9,S13,"{""agreement"": 0.6631669998168945, ""completed"": true}"
83,28520,S13,S9,"{""agreement"": 0.3823970854282379, ""completed"": true}"
83,28540,S15,S5,"{""agreement"": 0.6031423807144165, ""completed"": true}"
83,28540,S5,S15,"{""agreement"": 0.48067599534988403, ""completed"": true}"
83,28540,S9,S13,"{""agreement"": -0.6406396627426147, ""completed"": true}"
83,28540,S13,S9,"{""agreement"": -0.1567927598953247, ""completed"": true}"
83,28560,S15,S5,"{""agreement"": 0.7593080401420593, ""completed"": true}"
83,28560,S5,S15,"{""agreement"": -0.40779271721839905, ""completed"": true}"
83,28560,S9,S13,"{""agreement"": -0.8799811005592346, ""completed"": true}"
83,28560,S13,S9,"{""agreement"": -0.46928396821022034, ""completed"": true}"
83,28580,S15,S5,"{""agreement"": 0.48118889331817627, ""completed"": true}"
83,28580,S5,S15,"{""agreement"": -0.24935457110404968, ""completed"": true}"
83,28580,S9,S13,"{""agreement"": 0.6305525898933411, ""completed"": true}"
83,28580,S13,S9,"{""agreement"": 0.658707857131958, ""completed"": true}"
83,28600,S15,S5,"{""agreement"": 0.35155540704727173, ""completed"": true}"
83,28600,S5,S15,"{""agreement"": 0.8732193112373352, ""completed"": true}"
83,28600,S9,S13,"{""agreement"": 0.5541297197341919, ""completed"": true}"
83,28600,S13,S9,"{""agreement"": -0.03598753735423088, ""completed"": true}"
83,28620,S15,S5,"{""agreement"": 0.756156861782074, ""completed"": true}"
83,28620,S5,S15,"{""agreement"": -0.8301845788955688, ""completed"": true}"
83,28620,S9,S13,"{""agreement"": -0.6530296802520752, ""completed"": true}"
83,28620,S13,S9,"{""agreement"": 0.9041005969047546, ""completed"": true}"
83,28640,S15,S5,"{""agreement"": 0.15463997423648834, ""completed"": true}"
83,28640,S5,S15,"{""agreement"": 0.009488371200859547, ""completed"": true}"
83,28640,S9,S13,"{""agreement"": 0.7800135612487793, ""completed"": true}"
83,28640,S13,S9,"{""agreement"": -0.489534467458725, ""completed"": true}"
83,28660,S15,S5,"{""agreement"": 0.657797634601593, ""completed"": true}"
83,28660,S5,S15,"{""agreement"": 0.3472736179828644, ""completed"": true}"
83,28680,S15,S5,"{""agreement"": 0.6994113326072693, ""completed"": true}"
83,28680,S5,S15,"{""agreement"": -0.8682296872138977, ""completed"": true}"
83,28700,S15,S5,"{""agreement"": -0.6844531297683716, ""completed"": true}"
83,28700,S5,S15,"{""agreement"": -0.6482396125793457, ""completed"": true}"
83,28720,S15,S5,"{""agreement"": -0.6622537970542908, ""completed"": true}"
83,28740,S15,S5,"{""agreement"": 0.9433999061584473, ""completed"": true}"
83,28760,S15,S5,"{""agreement"": -0.17572695016860962, ""completed"": true}"
83,28780,S15,S5,"{""agreement"": -0.7425702214241028, ""completed"": true}"
83,28800,S15,S5,"{""agreement"": 0.9160887598991394, ""completed"": true}"
83,28820,S15,S5,"{""agreement"": -0.25339072942733765, ""completed"": true}"
83,28820,S16,S6,"{""agreement"": 0.8896417617797852, ""completed"": true}"
83,28820,S6,S16,"{""agreement"": 0.818673312664032, ""completed"": true}"
83,28840,S15,S5,"{""agreement"": -0.86068195104599, ""completed"": true}"
83,28840,S16,S6,"{""agreement"": 0.026313787326216698, ""completed"": true}"
83,28840,S6,S16,"{""agreement"": 0.2436661720275879, ""completed"": true}"
83,28860,S16,S6,"{""agreement"": 0.9019578695297241, ""completed"": true}"
83,28860,S6,S16,"{""agreement"": -0.5424138307571411, ""completed"": true}"
83,28880,S8,S3,"{""agreement"": 0.0568428635597229, ""completed"": true}"
83,28880,S3,S8,"{""agreement"": -0.32541266083717346, ""completed"": true}"
83,28880,S16,S6,"{""agreement"": -0.7808377742767334, ""completed"": true}"
83,28880,S6,S16,"{""agreement"": -0.33880940079689026, ""completed"": true}"
83,28900,S8,S3,"{""agreement"": 0.3096153736114502, ""completed"": true}"
83,28900,S3,S8,"{""agreement"": 0.2030048668384552, ""completed"": true}"
83,28900,S16,S6,"{""agreement"": 0.7313650846481323, ""completed"": true}"
83,28900,S6,S16,"{""agreement"": 0.7676069140434265, ""completed"": true}"
83,28920,S8,S3,"{""agreement"": 0.5216208696365356, ""completed"": true}"
83,28920,S3,S8,"{""agreement"": 0.6602157950401306, ""completed"": true}"
83,28920,S16,S6,"{""agreement"": 0.6190029978752136, ""completed"": true}"
83,28920,S6,S16,"{""agreement"": 0.25526922941207886, ""completed"": true}"
83,28940,S8,S3,"{""agreement"": 0.6321609020233154, ""completed"": true}"
83,28940,S3,S8,"{""agreement"": -0.34585320949554443, ""completed"": true}"
83,28940,S16,S6,"{""agreement"": -0.8967410922050476, ""completed"": true}"
83,28940,S6,S16,"{""agreement"": 0.20347090065479279, ""completed"": true}"
83,28960,S8,S3,"{""agreement"": 0.07951484620571136, ""completed"": true}"
83,28960,S3,S8,"{""agreement"": 0.7362256646156311, ""completed"": true}"
83,28980,S8,S3,"{""agreement"": 0.1399286687374115, ""completed"": true}"
83,28980,S3,S8,"{""agreement"": 0.037128254771232605, ""completed"": true}"
83,29000,S8,S3,"{""agreement"": -0.7439722418785095, ""completed"": true}"
83,29000,S3,S8,"{""agreement"": 0.8663517236709595, ""completed"": true}"
83,29020,S8,S3,"{""agreement"": -0.38955602049827576, ""completed"": true}"
83,29020,S3,S8,"{""agreement"": 0.20040419697761536, ""completed"": true}"
83,29040,S8,S3,"{""agreement"": 0.15956202149391174, ""completed"": true}"
83,29040,S3,S8,"{""agreement"": -0.6440105438232422, ""completed"": true}"
83,29060,S8,S3,"{""agreement"": 0.2997785210609436, ""completed"": true}"
83,29060,S3,S8,"{""agreement"": 0.45379918813705444, ""completed"": true}"
83,29080,S8,S3,"{""agreement"": -0.6940658092498779, ""completed"": true}"
83,29080,S3,S8,"{""agreement"": 0.1833566129207611, ""completed"": true}"
83,29100,S8,S3,"{""agreement"": -0.5966292023658752, ""completed"": true}"
83,29100,S3,S8,"{""agreement"": -0.12103942036628723, ""completed"": true}"
83,29120,S3,S8,"{""agreement"": 0.24096477031707764, ""completed"": true}"
83,29140,S3,S8,"{""agreement"": -0.6321390271186829, ""completed"": true}"
83,29160,S3,S8,"{""agreement"": -0.15329182147979736, ""completed"": true}"
83,29180,S3,S8,"{""agreement"": -0.5563213229179382, ""completed"": true}"
83,29600,S3,S16,"{""agreement"": 0.9428949952125549, ""completed"": true}"
83,29600,S16,S3,"{""agreement"": -0.5099113583564758, ""completed"": true}"
83,29620,S3,S16,"{""agreement"": -0.5572419762611389, ""completed"": true}"
83,29620,S16,S3,"{""agreement"": 0.4140123426914215, ""completed"": true}"
83,29640,S3,S16,"{""agreement"": 0.8694808483123779, ""completed"": true}"
83,29640,S16,S3,"{""agreement"": 0.22159771621227264, ""completed"": true}"
83,29660,S3,S16,"{""agreement"": 0.9534539580345154, ""completed"": true}"
83,29660,S16,S3,"{""agreement"": 0.8288804292678833, ""completed"": true}"
83,29680,S3,S16,"{""agreement"": 0.8894774913787842, ""completed"": true}"
83,29680,S16,S3,"{""agreement"": -0.5317078232765198, ""completed"": true}"
83,29700,S3,S16,"{""agreement"": -0.9499056339263916, ""completed"": true}"
83,29700,S16,S3,"{""agreement"": -0.8324598073959351, ""completed"": true}"
83,29720,S3,S16,"{""agreement"": 0.6226084232330322, ""completed"": true}"
83,29720,S16,S3,"{""agreement"": 0.38015756011009216, ""completed"": true}"
83,29740,S3,S16,"{""agreement"": 0.039160244166851044, ""completed"": true}"
83,29740,S16,S3,"{""agreement"": 0.20302501320838928, ""completed"": true}"
83,29760,S3,S16,"{""agreement"": -0.853304922580719, ""completed"": true}"
83,29760,S16,S3,"{""agreement"": -0.7751080989837646, ""completed"": true}"
83,29780,S3,S16,"{""agreement"": 0.45677047967910767, ""completed"": true}"
83,29780,S16,S3,"{""agreement"": 0.33633866906166077, ""completed"": true}"
83,29800,S3,S16,"{""agreement"": 0.02363586239516735, ""completed"": true}"
83,29800,S16,S3,"{""agreement"": 0.4631413519382477, ""completed"": true}"
83,29820,S3,S16,"{""agreement"": -0.20334824919700623, ""completed"": true}"
83,29820,S16,S3,"{""agreement"": -0.5894896984100342, ""completed"": true}"
83,29840,S3,S16,"{""agreement"": 0.8530210256576538, ""completed"": true}"
83,29840,S16,S3,"{""agreement"": -0.8537178635597229, ""completed"": true}"
83,29860,S3,S16,"{""agreement"": 0.385422021150589, ""completed"": true}"
83,29880,S3,S16,"{""agreement"": -0.5180177688598633, ""completed"": true}"
83,29900,S3,S16,"{""agreement"": -0.7492481470108032, ""completed"": true}"
83,29920,S3,S16,"{""agreement"": -0.03432462364435196, ""completed"": true}"
83,29940,S3,S16,"{""agreement"": 0.6356300711631775, ""completed"": true}"
83,29960,S3,S16,"{""agreement"": 0.9246296882629395, ""completed"": true}"
83,29980,S3,S16,"{""agreement"": -0.8749019503593445, ""completed"": true}"
83,30000,S3,S16,"{""agreement"": -0.09713771194219589, ""completed"": true}"
83,30020,S3,S16,"{""agreement"": 0.46297532320022583, ""completed"": true}"
83,30040,S3,S16,"{""agreement"": -0.02188606560230255, ""completed"": true}"
83,30060,S3,S16,"{""agreement"": 0.12265022099018097, ""completed"": true}"
83,30080,S3,S16,"{""agreement"": -0.8569664359092712, ""completed"": true}"
83,30100,S3,S16,"{""agreement"": -0.27381038665771484, ""completed"": true}"
83,30100,S16,S6,"{""agreement"": 0.8956325054168701, ""completed"": true}"
83,30100,S6,S16,"{""agreement"": -0.8343201279640198, ""completed"": true}"
83,30120,S16,S6,"{""agreement"": 0.816649317741394, ""completed"": true}"
83,30120,S6,S16,"{""agreement"": 0.8847930431365967, ""completed"": true}"
83,30140,S16,S6,"{""agreement"": 0.8928526639938354, ""completed"": true}"
83,30140,S6,S16,"{""agreement"": 0.8847836256027222, ""completed"": true}"
83,30160,S16,S6,"{""agreement"": 0.37525323033332825, ""completed"": true}"
83,30160,S6,S16,"{""agreement"": 0.252572625875473, ""completed"": true}"
83,30180,S16,S6,"{""agreement"": 0.9235019087791443, ""completed"": true}"
83,30180,S6,S16,"{""agreement"": -0.795748770236969, ""completed"": true}"
83,30200,S16,S6,"{""agreement"": 0.21395444869995117, ""completed"": true}"
83,30200,S6,S16,"{""agreement"": 0.3352227509021759, ""completed"": true}"
83,30220,S16,S6,"{""agreement"": -0.18567882478237152, ""completed"": true}"
83,30220,S6,S16,"{""agreement"": 0.03769689053297043, ""completed"": true}"
83,30240,S16,S6,"{""agreement"": 0.08376658707857132, ""completed"": true}"
83,30240,S6,S16,"{""agreement"": -0.6773106455802917, ""completed"": true}"
83,30260,S16,S6,"{""agreement"": 0.8099357485771179, ""completed"": true}"
83,30260,S6,S16,"{""agreement"": -0.31441983580589294, ""completed"": true}"
83,30280,S16,S6,"{""agreement"": -0.6031498908996582, ""completed"": true}"
83,30280,S6,S16,"{""agreement"": -0.16353251039981842, ""completed"": true}"
83,30300,S16,S6,"{""agreement"": 0.8521522283554077, ""completed"": true}"
83,30320,S16,S6,"{""agreement"": -0.866622269153595, ""completed"": true}"
83,30340,S16,S6,"{""agreement"": -0.4328552186489105, ""completed"": true}"
83,30360,S16,S6,"{""agreement"": -0.3918910026550293, ""completed"": true}"
83,30380,S16,S6,"{""agreement"": 0.8874878883361816, ""completed"": true}"
83,30400,S16,S6,"{""agreement"": 0.5388592481613159, ""completed"": true}"
83,30420,S16,S6,"{""agreement"": 0.6982235312461853, ""completed"": true}"
83,30440,S16,S6,"{""agreement"": -0.9017778038978577, ""completed"": true}"
83,30460,S16,S6,"{""agreement"": 0.38016632199287415, ""completed"": true}"
83,30480,S16,S6,"{""agreement"": -0.7145203351974487, ""completed"": true}"
83,30500,S11,S5,"{""agreement"": 0.9449480772018433, ""completed"": true}"
83,30500,S16,S6,"{""agreement"": 0.9136014580726624, ""completed"": true}"
83,30520,S11,S5,"{""agreement"": 0.7303475737571716, ""completed"": true}"
83,30520,S16,S6,"{""agreement"": 0.6613537669181824, ""completed"": true}"
83,30540,S11,S5,"{""agreement"": 0.7761871814727783, ""completed"": true}"
83,30540,S16,S6,"{""agreement"": 0.1690206378698349, ""completed"": true}"
83,30560,S11,S5,"{""agreement"": 0.37694811820983887, ""completed"": true}"
83,30560,S16,S6,"{""agreement"": -0.7255106568336487, ""completed"": true}"
83,30580,S11,S5,"{""agreement"": 0.1271524727344513, ""completed"": true}"
83,30600,S11,S5,"{""agreement"": -0.8848397731781006, ""completed"": true}"
83,30620,S11,S5,"{""agreement"": -0.11030153185129166, ""completed"": true}"
83,30640,S11,S5,"{""agreement"": -0.8272083401679993, ""completed"": true}"
83,30660,S11,S5,"{""agreement"": -0.44343915581703186, ""completed"": true}"
83,30740,S9,S3,"{""agreement"": -0.6051940321922302, ""completed"": true}"
83,30760,S9,S3,"{""agreement"": 0.1190638318657875, ""completed"": true}"
83,30780,S9,S3,"{""agreement"": 0.9278460144996643, ""completed"": true}"
83,30800,S9,S3,"{""agreement"": 0.1466405838727951, ""completed"": true}"
83,30820,S9,S3,"{""agreement"": 0.08273641765117645, ""completed"": true}"
83,30840,S9,S3,"{""agreement"": 0.5473963022232056, ""completed"": true}"
83,31120,S5,S16,"{""agreement"": 0.957485556602478, ""completed"": true}"
83,31120,S16,S5,"{""agreement"": 0.39176949858665466, ""completed"": true}"
83,31140,S5,S16,"{""agreement"": -0.6129408478736877, ""completed"": true}"
83,31140,S16,S5,"{""agreement"": -0.08789905905723572, ""completed"": true}"
83,31160,S5,S16,"{""agreement"": -0.28707343339920044, ""completed"": true}"
83,31160,S16,S5,"{""agreement"": -0.5376174449920654, ""completed"": true}"
83,31180,S5,S16,"{""agreement"": -0.9075515866279602, ""completed"": true}"
83,31180,S16,S5,"{""agreement"": -0.1901787966489792, ""completed"": true}"
83,31200,S16,S5,"{""agreement"": 0.846012532711029, ""completed"": true}"
83,31220,S16,S5,"{""agreement"": 0.5756022930145264, ""completed"": true}"
83,31240,S16,S5,"{""agreement"": 0.7474020719528198, ""completed"": true}"
83,31260,S16,S5,"{""agreement"": -0.8380678296089172, ""completed"": true}"
83,31280,S16,S5,"{""agreement"": -0.4068622887134552, ""completed"": true}"
83,31460,S6,S7,"{""agreement"": -0.923059344291687, ""completed"": true}"
83,31480,S6,S7,"{""agreement"": -0.7282975316047668, ""completed"": true}"
83,31540,S8,S5,"{""agreement"": 0.22704851627349854, ""completed"": true}"
83,31540,S5,S8,"{""agreement"": -0.45348984003067017, ""completed"": true}"
83,31560,S8,S5,"{""agreement"": 0.5427709221839905, ""completed"": true}"
83,31560,S5,S8,"{""agreement"": -0.17623627185821533, ""completed"": true}"
83,31580,S8,S5,"{""agreement"": -0.09310716390609741, ""completed"": true}"
83,31580,S5,S8,"{""agreement"": -0.8433092832565308, ""completed"": true}"
83,31600,S8,S5,"{""agreement"": 0.39626583456993103, ""completed"": true}"
83,31600,S5,S8,"{""agreement"": 0.3131994307041168, ""completed"": true}"
83,31600,S3,S13,"{""agreement"": -0.34177371859550476, ""completed"": true}"
83,31600,S13,S3,"{""agreement"": -0.056863948702812195, ""completed"": true}"
83,31620,S8,S5,"{""agreement"": -0.7610266208648682, ""completed"": true}"
83,31620,S5,S8,"{""agreement"": 0.0659182071685791, ""completed"": true}"
83,31640,S8,S5,"{""agreement"": 0.19874277710914612, ""completed"": true}"
83,31640,S5,S8,"{""agreement"": -0.574301540851593, ""completed"": true}"
83,31660,S8,S5,"{""agreement"": -0.9568921327590942, ""completed"": true}"
83,31660,S5,S8,"{""agreement"": -0.8211301565170288, ""completed"": true}"
83,31680,S8,S5,"{""agreement"": -0.4377983510494232, ""completed"": true}"
83,31780,S3,S5,"{""agreement"": 0.561815619468689, ""completed"": true}"
83,31800,S3,S5,"{""agreement"": 0.9258129596710205, ""completed"": true}"
83,31820,S3,S5,"{""agreement"": 0.4404720366001129, ""completed"": true}"
83,31820,S11,S3,"{""agreement"": 0.6915216445922852, ""completed"": true}"
83,31820,S13,S11,"{""agreement"": -0.1900039166212082, ""completed"": true}"
83,31840,S3,S5,"{""agreement"": 0.8747761845588684, ""completed"": true}"
83,31840,S11,S3,"{""agreement"": -0.5584067702293396, ""completed"": true}"
83,31840,S13,S11,"{""agreement"": 0.7554063200950623, ""completed"": true}"
83,31860,S3,S11,"{""agreement"": 0.13868412375450134, ""completed"": true}"
83,31860,S11,S3,"{""agreement"": 0.43475863337516785, ""completed"": true}"
83,31860,S13,S11,"{""agreement"": 0.8779862523078918, ""completed"": true}"
83,31880,S3,S11,"{""agreement"": -0.08539897948503494, ""completed"": true}"
83,31880,S11,S3,"{""agreement"": -0.872734010219574, ""completed"": true}"
83,31880,S13,S11,"{""agreement"": -0.24356049299240112, ""completed"": true}"
83,31900,S3,S11,"{""agreement"": 0.5919079184532166, ""completed"": true}"
83,31900,S11,S13,"{""agreement"": 0.9785611033439636, ""completed"": true}"
83,31900,S13,S11,"{""agreement"": 0.3651522994041443, ""completed"": true}"
83,31920,S3,S11,"{""agreement"": -0.011325708590447903, ""completed"": true}"
83,31920,S11,S13,"{""agreement"": -0.8266980648040771, ""completed"": true}"
83,31920,S13,S11,"{""agreement"": 0.83211749792099, ""completed"": true}"
83,31940,S3,S11,"{""agreement"": -0.8162654042243958, ""completed"": true}"
83,31940,S11,S13,"{""agreement"": -0.3303643763065338, ""completed"": true}"
83,31940,S13,S11,"{""agreement"": 0.94349604845047, ""completed"": true}"
83,31960,S3,S11,"{""agreement"": 0.8209031224250793, ""completed"": true}"
83,31960,S11,S3,"{""agreement"": -0.8958664536476135, ""completed"": true}"
83,31960,S13,S11,"{""agreement"": 0.02907058224081993, ""completed"": true}"
83,31980,S3,S11,"{""agreement"": -0.8590489029884338, ""completed"": true}"
83,31980,S11,S13,"{""agreement"": 0.8800420761108398, ""completed"": true}"
83,31980,S13,S11,"{""agreement"": -0.9785866141319275, ""completed"": true}"
83,32000,S3,S11,"{""agreement"": -0.7341040968894958, ""completed"": true}"
83,32000,S11,S13,"{""agreement"": -0.369545578956604, ""completed"": true}"
83,32000,S13,S11,"{""agreement"": -0.3154892027378082, ""completed"": true}"
83,32020,S11,S13,"{""agreement"": 0.743455171585083, ""completed"": true}"
83,32020,S13,S11,"{""agreement"": 0.9086579084396362, ""completed"": true}"
83,32040,S11,S13,"{""agreement"": -0.9509545564651489, ""completed"": true}"
83,32040,S13,S11,"{""agreement"": 0.7910768389701843, ""completed"": true}"
83,32060,S11,S13,"{""agreement"": -0.0015104820486158133, ""completed"": true}"
83,32060,S13,S11,"{""agreement"": 0.06554841250181198, ""completed"": true}"
83,32080,S11,S13,"{""agreement"": 0.7402417063713074, ""completed"": true}"
83,32080,S13,S11,"{""agreement"": -0.8686306476593018, ""completed"": true}"
83,32100,S11,S13,"{""agreement"": -0.8792763948440552, ""completed"": true}"
83,32100,S13,S11,"{""agreement"": 0.7622670531272888, ""completed"": true}"
83,32120,S11,S13,"{""agreement"": -0.9484654068946838, ""completed"": true}"
83,32120,S13,S11,"{""agreement"": 0.6109587550163269, ""completed"": true}"
83,32140,S13,S11,"{""agreement"": -0.8358160853385925, ""completed"": true}"
83,32160,S13,S11,"{""agreement"": -0.36618292331695557, ""completed"": true}"
83,32180,S13,S11,"{""agreement"": -0.932951807975769, ""completed"": true}"
83,32460,S8,S15,"{""agreement"": 0.8608930706977844, ""completed"": true}"
83,32480,S8,S15,"{""agreement"": -0.4387616813182831, ""completed"": true}"
83,32500,S8,S15,"{""agreement"": 0.20203949511051178, ""completed"": true}"
83,32520,S8,S15,"{""agreement"": -0.2881808578968048, ""completed"": true}"
83,32540,S8,S15,"{""agreement"": 0.27741482853889465, ""completed"": true}"
83,32560,S8,S15,"{""agreement"": 0.23533491790294647, ""completed"": true}"
83,32580,S8,S15,"{""agreement"": -0.7010079026222229, ""completed"": true}"
83,32600,S8,S15,"{""agreement"": 0.45871761441230774, ""completed"": true}"
83,32620,S8,S15,"{""agreement"": -0.0826340988278389, ""completed"": true}"
83,32640,S8,S15,"{""agreement"": 0.8866651058197021, ""completed"": true}"
83,32660,S8,S15,"{""agreement"": -0.40936100482940674, ""completed"": true}"
83,32680,S8,S15,"{""agreement"": 0.6025233268737793, ""completed"": true}"
83,32700,S8,S15,"{""agreement"": 0.3025142252445221, ""completed"": true}"
83,32720,S8,S15,"{""agreement"": 0.006285153795033693, ""completed"": true}"
83,32740,S8,S15,"{""agreement"": 0.0806523784995079, ""completed"": true}"
83,32760,S8,S15,"{""agreement"": 0.2979487180709839, ""completed"": true}"
83,32780,S8,S15,"{""agreement"": -0.18076084554195404, ""completed"": true}"
83,33280,S9,S7,"{""agreement"": 0.9170931577682495, ""completed"": true}"
83,33280,S7,S9,"{""agreement"": 0.7187077403068542, ""completed"": true}"
83,33300,S9,S7,"{""agreement"": 0.49904724955558777, ""completed"": true}"
83,33300,S7,S9,"{""agreement"": -0.26254138350486755, ""completed"": true}"
83,33320,S9,S7,"{""agreement"": 0.57688307762146, ""completed"": true}"
83,33320,S7,S9,"{""agreement"": 0.4501686990261078, ""completed"": true}"
83,33340,S9,S7,"{""agreement"": 0.5993584394454956, ""completed"": true}"
83,33340,S7,S9,"{""agreement"": -0.6323866248130798, ""completed"": true}"
83,33360,S9,S7,"{""agreement"": -0.32074636220932007, ""completed"": true}"
83,33360,S7,S9,"{""agreement"": -0.019467733800411224, ""completed"": true}"
83,33380,S9,S7,"{""agreement"": 0.7666041851043701, ""completed"": true}"
83,33380,S7,S9,"{""agreement"": 0.5978710651397705, ""completed"": true}"
83,33400,S9,S7,"{""agreement"": -0.30304858088493347, ""completed"": true}"
83,33400,S7,S9,"{""agreement"": 0.28209054470062256, ""completed"": true}"
83,33420,S9,S7,"{""agreement"": -0.42948922514915466, ""completed"": true}"
83,33420,S7,S9,"{""agreement"": -0.4349287450313568, ""completed"": true}"
83,33440,S9,S7,"{""agreement"": 0.15213783085346222, ""completed"": true}"
83,33440,S7,S9,"{""agreement"": 0.5727536678314209, ""completed"": true}"
83,33460,S9,S7,"{""agreement"": 0.6162179708480835, ""completed"": true}"
83,33460,S7,S9,"{""agreement"": -0.3449844717979431, ""completed"": true}"
83,33480,S9,S7,"{""agreement"": 0.7502060532569885, ""completed"": true}"
83,33480,S7,S9,"{""agreement"": 0.3762497007846832, ""completed"": true}"
83,33500,S9,S7,"{""agreement"": 0.8143220543861389, ""completed"": true}"
83,33500,S7,S9,"{""agreement"": -0.3850325047969818, ""completed"": true}"
83,33520,S9,S7,"{""agreement"": -0.8544900417327881, ""completed"": true}"
83,33520,S7,S9,"{""agreement"": -0.6822145581245422, ""completed"": true}"
83,33540,S9,S7,"{""agreement"": 0.37726882100105286, ""completed"": true}"
83,33540,S7,S9,"{""agreement"": 0.30295300483703613, ""completed"": true}"
83,33560,S9,S7,"{""agreement"": -0.4404144585132599, ""completed"": true}"
83,33560,S7,S9,"{""agreement"": -0.7543037533760071, ""completed"": true}"
83,33580,S9,S7,"{""agreement"": -0.7061242461204529, ""completed"": true}"
83,33600,S11,S6,"{""agreement"": -0.510049045085907, ""completed"": true}"
83,33660,S11,S15,"{""agreement"": 0.727417528629303, ""completed"": true}"
83,33680,S11,S15,"{""agreement"": -0.6646379232406616, ""completed"": true}"
83,33700,S11,S15,"{""agreement"": 0.8060439229011536, ""completed"": true}"
83,33860,S11,S15,"{""agreement"": 0.9334033727645874, ""completed"": true}"
83,33880,S11,S15,"{""agreement"": 0.484541654586792, ""completed"": true}"
83,33900,S11,S15,"{""agreement"": 0.9082725048065186, ""completed"": true}"
83,33920,S11,S15,"{""agreement"": 0.9412710070610046, ""completed"": true}"
83,33940,S11,S15,"{""agreement"": -0.7655220627784729, ""completed"": true}"
83,33960,S15,S16,"{""agreement"": 0.8970147371292114, ""completed"": true}"
83,33960,S16,S15,"{""agreement"": -0.25347110629081726, ""completed"": true}"
83,33960,S11,S15,"{""agreement"": 0.9870752692222595, ""completed"": true}"
83,33980,S15,S16,"{""agreement"": 0.6804019212722778, ""completed"": true}"
83,33980,S16,S15,"{""agreement"": -0.9003825187683105, ""completed"": true}"
83,33980,S11,S15,"{""agreement"": 0.9580121040344238, ""completed"": true}"
83,34000,S15,S16,"{""agreement"": -0.8666554689407349, ""completed"": true}"
83,34000,S11,S15,"{""agreement"": -0.6784477829933167, ""completed"": true}"
83,34020,S11,S15,"{""agreement"": -0.7657063007354736, ""completed"": true}"
83,34040,S11,S15,"{""agreement"": 0.5535979866981506, ""completed"": true}"
83,34060,S11,S15,"{""agreement"": 0.9850670099258423, ""completed"": true}"
83,34080,S11,S15,"{""agreement"": 0.8696560859680176, ""completed"": true}"
83,34100,S11,S15,"{""agreement"": 0.944082498550415, ""completed"": true}"
83,34120,S11,S15,"{""agreement"": -0.5129563212394714, ""completed"": true}"
83,34140,S11,S15,"{""agreement"": 0.930812656879425, ""completed"": true}"
83,34160,S11,S15,"{""agreement"": 0.9146878123283386, ""completed"": true}"
83,34180,S11,S15,"{""agreement"": 0.9250245094299316, ""completed"": true}"
83,34200,S11,S15,"{""agreement"": -0.891319751739502, ""completed"": true}"
83,34220,S11,S15,"{""agreement"": -0.6105863451957703, ""completed"": true}"
83,34240,S11,S15,"{""agreement"": 0.601960301399231, ""completed"": true}"
83,34260,S11,S15,"{""agreement"": -0.31577450037002563, ""completed"": true}"
83,34280,S11,S15,"{""agreement"": 0.530321478843689, ""completed"": true}"
83,34300,S11,S15,"{""agreement"": -0.5189335942268372, ""completed"": true}"
83,35000,S16,S5,"{""agreement"": 0.07057388871908188, ""completed"": true}"
83,35020,S16,S5,"{""agreement"": -0.13816869258880615, ""completed"": true}"
83,35020,S9,S6,"{""agreement"": -0.7085363268852234, ""completed"": true}"
83,35020,S6,S9,"{""agreement"": -0.21122944355010986, ""completed"": true}"
83,35040,S9,S6,"{""agreement"": 0.5296670198440552, ""completed"": true}"
83,35040,S6,S9,"{""agreement"": -0.06284117698669434, ""completed"": true}"
83,35060,S9,S6,"{""agreement"": -0.3650752604007721, ""completed"": true}"
83,35060,S6,S9,"{""agreement"": -0.05659143999218941, ""completed"": true}"
83,35080,S9,S6,"{""agreement"": -0.2718229591846466, ""completed"": true}"
83,35080,S6,S9,"{""agreement"": 0.784605860710144, ""completed"": true}"
83,35100,S9,S6,"{""agreement"": 0.6117593050003052, ""completed"": true}"
83,35100,S6,S9,"{""agreement"": -0.8068374395370483, ""completed"": true}"
83,35120,S9,S6,"{""agreement"": -0.9124571084976196, ""completed"": true}"
83,35120,S6,S9,"{""agreement"": 0.13838772475719452, ""completed"": true}"
83,35140,S9,S6,"{""agreement"": -0.63449627161026, ""completed"": true}"
83,35140,S6,S9,"{""agreement"": -0.2262597531080246, ""completed"": true}"
83,35160,S6,S9,"{""agreement"": -0.827286422252655, ""completed"": true}"
83,35740,S3,S6,"{""agreement"": -0.3935542702674866, ""completed"": true}"
83,35740,S6,S3,"{""agreement"": 0.7889116406440735, ""completed"": true}"
83,35760,S3,S6,"{""agreement"": -0.6034780740737915, ""completed"": true}"
83,35760,S6,S3,"{""agreement"": 0.20739343762397766, ""completed"": true}"
83,35780,S3,S6,"{""agreement"": 0.4610815942287445, ""completed"": true}"
83,35780,S6,S3,"{""agreement"": -0.6943920850753784, ""completed"": true}"
83,35800,S3,S6,"{""agreement"": -0.4027470648288727, ""completed"": true}"
83,35800,S6,S3,"{""agreement"": 0.10651199519634247, ""completed"": true}"
83,35820,S3,S6,"{""agreement"": 0.2699865400791168, ""completed"": true}"
83,35820,S6,S3,"{""agreement"": 0.593024730682373, ""completed"": true}"
83,35840,S3,S6,"{""agreement"": 0.9363452792167664, ""completed"": true}"
83,35840,S6,S3,"{""agreement"": -0.570020318031311, ""completed"": true}"
83,35860,S3,S6,"{""agreement"": -0.5555264353752136, ""completed"": true}"
83,35860,S6,S3,"{""agreement"": -0.7625089287757874, ""completed"": true}"
83,35880,S15,S13,"{""agreement"": -0.07960204035043716, ""completed"": true}"
83,35880,S13,S15,"{""agreement"": -0.39541974663734436, ""completed"": true}"
83,35880,S3,S6,"{""agreement"": -0.18008507788181305, ""completed"": true}"
83,35880,S6,S3,"{""agreement"": 0.6479566693305969, ""completed"": true}"
83,35900,S3,S6,"{""agreement"": -0.5256190299987793, ""completed"": true}"
83,35900,S6,S3,"{""agreement"": -0.6355071067810059, ""completed"": true}"
83,35920,S3,S6,"{""agreement"": 0.8800780177116394, ""completed"": true}"
83,35920,S6,S3,"{""agreement"": -0.0008374915923923254, ""completed"": true}"
83,35940,S3,S6,"{""agreement"": 0.958276629447937, ""completed"": true}"
83,35940,S6,S3,"{""agreement"": -0.9375210404396057, ""completed"": true}"
83,35960,S3,S6,"{""agreement"": 0.29264378547668457, ""completed"": true}"
83,35980,S3,S6,"{""agreement"": 0.7932664752006531, ""completed"": true}"
83,36000,S3,S6,"{""agreement"": 0.046330526471138, ""completed"": true}"
83,36020,S3,S6,"{""agreement"": -0.12924189865589142, ""completed"": true}"
83,36880,S9,S3,"{""agreement"": -0.7599989175796509, ""completed"": true}"
83,36900,S9,S3,"{""agreement"": 0.30296897888183594, ""completed"": true}"
83,37020,S16,S5,"{""agreement"": 0.11367999762296677, ""completed"": true}"
83,37040,S16,S5,"{""agreement"": 0.3503256142139435, ""completed"": true}"
83,37060,S16,S5,"{""agreement"": -0.7897089123725891, ""completed"": true}"
83,37340,S6,S8,"{""agreement"": -0.30407950282096863, ""completed"": true}"
83,37360,S6,S8,"{""agreement"": 0.478986531496048, ""completed"": true}"
83,37380,S6,S8,"{""agreement"": 0.3582313656806946, ""completed"": true}"
83,37400,S6,S8,"{""agreement"": 0.5763393044471741, ""completed"": true}"
83,37820,S6,S11,"{""agreement"": 0.5923096537590027, ""completed"": true}"
83,37840,S6,S11,"{""agreement"": 0.6135072112083435, ""completed"": true}"
83,37860,S6,S11,"{""agreement"": 0.11672481149435043, ""completed"": true}"
83,37880,S6,S11,"{""agreement"": -0.35495713353157043, ""completed"": true}"
83,37900,S6,S11,"{""agreement"": -0.08182348310947418, ""completed"": true}"
83,37920,S6,S11,"{""agreement"": 0.3905593752861023, ""completed"": true}"
83,37940,S6,S11,"{""agreement"": 0.500734269618988, ""completed"": true}"
83,37960,S6,S11,"{""agreement"": 0.3257524073123932, ""completed"": true}"
83,37980,S6,S11,"{""agreement"": 0.4984434247016907, ""completed"": true}"
83,38000,S6,S11,"{""agreement"": -0.3130052089691162, ""completed"": true}"
83,38020,S6,S11,"{""agreement"": 0.46165311336517334, ""completed"": true}"
83,38040,S6,S11,"{""agreement"": 0.11289771646261215, ""completed"": true}"
83,38060,S6,S11,"{""agreement"": 0.16208764910697937, ""completed"": true}"
83,38080,S6,S11,"{""agreement"": 0.7597940564155579, ""completed"": true}"
83,38100,S6,S11,"{""agreement"": 0.30564746260643005, ""completed"": true}"
83,38120,S6,S11,"{""agreement"": -0.12464211881160736, ""completed"": true}"
83,38140,S6,S11,"{""agreement"": 0.9514486789703369, ""completed"": true}"
83,38160,S6,S11,"{""agreement"": 0.5297231674194336, ""completed"": true}"
83,38180,S6,S11,"{""agreement"": -0.356650710105896, ""completed"": true}"
83,38200,S6,S11,"{""agreement"": -0.8301401138305664, ""completed"": true}"
83,38220,S6,S11,"{""agreement"": -0.24694427847862244, ""completed"": true}"
83,38240,S3,S6,"{""agreement"": -0.10808303207159042, ""completed"": true}"
83,38240,S6,S11,"{""agreement"": 0.4675949215888977, ""completed"": true}"
83,38260,S3,S6,"{""agreement"": 0.4313642978668213, ""completed"": true}"
83,38260,S6,S11,"{""agreement"": 0.5341848731040955, ""completed"": true}"
83,38280,S3,S6,"{""agreement"": 0.6911945939064026, ""completed"": true}"
83,38300,S3,S6,"{""agreement"": -0.1082964763045311, ""completed"": true}"
83,38320,S3,S6,"{""agreement"": 0.5762293934822083, ""completed"": true}"
83,38340,S3,S6,"{""agreement"": 0.5542586445808411, ""completed"": true}"
83,38360,S3,S6,"{""agreement"": -0.7574424147605896, ""completed"": true}"
83,38380,S3,S6,"{""agreement"": -0.12316170334815979, ""completed"": true}"
83,38400,S3,S6,"{""agreement"": -0.9382516145706177, ""completed"": true}"
83,38460,S15,S6,"{""agreement"": -0.09587354212999344, ""completed"": true}"
83,38460,S6,S15,"{""agreement"": -0.9060155749320984, ""completed"": true}"
83,38480,S15,S6,"{""agreement"": -0.9047279953956604, ""completed"": true}"
83,38480,S6,S15,"{""agreement"": 0.44737955927848816, ""completed"": true}"
83,38720,S16,S5,"{""agreement"": 0.8518115282058716, ""completed"": true}"
83,38740,S15,S6,"{""agreement"": -0.16570936143398285, ""completed"": true}"
83,38740,S6,S15,"{""agreement"": 0.08876275271177292, ""completed"": true}"
83,38740,S16,S5,"{""agreement"": -0.32283997535705566, ""completed"": true}"
83,38760,S15,S6,"{""agreement"": 0.837054967880249, ""completed"": true}"
83,38760,S6,S15,"{""agreement"": -0.5243780612945557, ""completed"": true}"
83,38760,S16,S5,"{""agreement"": -0.2853834629058838, ""completed"": true}"
83,38780,S15,S6,"{""agreement"": 0.809674084186554, ""completed"": true}"
83,38780,S6,S15,"{""agreement"": -0.5474507212638855, ""completed"": true}"
83,38780,S16,S5,"{""agreement"": -0.4549718201160431, ""completed"": true}"
83,38800,S15,S6,"{""agreement"": 0.8838388919830322, ""completed"": true}"
83,39200,S8,S7,"{""agreement"": -0.5518364906311035, ""completed"": true}"
83,39200,S7,S8,"{""agreement"": 0.5790697336196899, ""completed"": true}"
83,39400,S8,S15,"{""agreement"": 0.9143655300140381, ""completed"": true}"
83,39420,S8,S15,"{""agreement"": -0.6478865146636963, ""completed"": true}"
83,40400,S15,S13,"{""agreement"": 0.829490602016449, ""completed"": true}"
83,40400,S13,S15,"{""agreement"": 0.8468528985977173, ""completed"": true}"
83,40740,S8,S7,"{""agreement"": 0.5219861268997192, ""completed"": true}"
83,40740,S7,S8,"{""agreement"": 0.665198564529419, ""completed"": true}"
83,40760,S8,S7,"{""agreement"": 0.957714319229126, ""completed"": true}"
83,40760,S7,S8,"{""agreement"": -0.14887213706970215, ""completed"": true}"
83,40780,S8,S7,"{""agreement"": 0.5840930938720703, ""completed"": true}"
83,40780,S7,S8,"{""agreement"": 0.1765809804201126, ""completed"": true}"
83,40800,S8,S7,"{""agreement"": 0.03620879352092743, ""completed"": true}"
83,40800,S7,S8,"{""agreement"": -0.6227712631225586, ""completed"": true}"
83,40820,S8,S7,"{""agreement"": -0.8792871236801147, ""completed"": true}"
83,40820,S7,S8,"{""agreement"": -0.49849823117256165, ""completed"": true}"
83,40980,S9,S7,"{""agreement"": 0.7772790789604187, ""completed"": true}"
83,41000,S9,S7,"{""agreement"": -0.10886027663946152, ""completed"": true}"
83,41020,S9,S7,"{""agreement"": -0.5084452629089355, ""completed"": true}"
83,41800,S8,S9,"{""agreement"": 0.7922165393829346, ""completed"": true}"
83,41800,S9,S8,"{""agreement"": 0.7161028385162354, ""completed"": true}"
83,41820,S8,S9,"{""agreement"": 0.7524549961090088, ""completed"": true}"
83,41820,S9,S8,"{""agreement"": 0.04324248805642128, ""completed"": true}"
83,41840,S8,S9,"{""agreement"": 0.9667081832885742, ""completed"": true}"
83,41840,S9,S13,"{""agreement"": 0.7546055912971497, ""completed"": true}"
83,41840,S13,S9,"{""agreement"": 0.33136406540870667, ""completed"": true}"
83,41860,S8,S9,"{""agreement"": -0.48515626788139343, ""completed"": true}"
83,41860,S9,S13,"{""agreement"": 0.9562118649482727, ""completed"": true}"
83,41860,S13,S9,"{""agreement"": 0.4255862534046173, ""completed"": true}"
83,41880,S8,S9,"{""agreement"": 0.7988703846931458, ""completed"": true}"
83,41880,S9,S13,"{""agreement"": 0.7973465323448181, ""completed"": true}"
83,41880,S13,S9,"{""agreement"": -0.9172791242599487, ""completed"": true}"
83,41900,S8,S9,"{""agreement"": 0.018476024270057678, ""completed"": true}"
83,41900,S9,S13,"{""agreement"": 0.2825733721256256, ""completed"": true}"
83,41900,S13,S9,"{""agreement"": 0.9105432629585266, ""completed"": true}"
83,41920,S8,S9,"{""agreement"": 0.42334258556365967, ""completed"": true}"
83,41920,S9,S13,"{""agreement"": -0.005369152873754501, ""completed"": true}"
83,41920,S13,S9,"{""agreement"": -0.6700469851493835, ""completed"": true}"
83,41940,S8,S9,"{""agreement"": -0.8388295769691467, ""completed"": true}"
83,41940,S9,S13,"{""agreement"": -0.7733736038208008, ""completed"": true}"
83,41940,S13,S9,"{""agreement"": -0.8752017617225647, ""completed"": true}"
83,41960,S8,S9,"{""agreement"": 0.5811018943786621, ""completed"": true}"
83,41960,S9,S13,"{""agreement"": 0.17405465245246887, ""completed"": true}"
83,41980,S8,S9,"{""agreement"": -0.6203857660293579, ""completed"": true}"
83,41980,S9,S13,"{""agreement"": -0.9367740750312805, ""completed"": true}"
83,42000,S8,S9,"{""agreement"": -0.8724501729011536, ""completed"": true}"
83,42000,S9,S8,"{""agreement"": 0.8915095925331116, ""completed"": true}"
83,42020,S9,S8,"{""agreement"": -0.6107696890830994, ""completed"": true}"
83,42040,S9,S8,"{""agreement"": 0.9195552468299866, ""completed"": true}"
83,42060,S9,S8,"{""agreement"": -0.3269525468349457, ""completed"": true}"
83,42080,S9,S8,"{""agreement"": -0.16228142380714417, ""completed"": true}"
83,42100,S9,S8,"{""agreement"": 0.9507007002830505, ""completed"": true}"
83,42120,S9,S8,"{""agreement"": 0.07572771608829498, ""completed"": true}"
83,42140,S9,S8,"{""agreement"": 0.9756500124931335, ""completed"": true}"
83,42160,S9,S8,"{""agreement"": 0.6275380849838257, ""completed"": true}"
83,42180,S9,S8,"{""agreement"": -0.16429464519023895, ""completed"": true}"
83,42200,S9,S8,"{""agreement"": 0.5692063570022583, ""completed"": true}"
83,42220,S9,S8,"{""agreement"": 0.009826109744608402, ""completed"": true}"
83,42240,S9,S8,"{""agreement"": -0.6103577613830566, ""completed"": true}"
83,42260,S9,S8,"{""agreement"": -0.37621766328811646, ""completed"": true}"
83,42280,S9,S8,"{""agreement"": -0.5885157585144043, ""completed"": true}"
83,42300,S9,S8,"{""agreement"": 0.8462846279144287, ""completed"": true}"
83,42320,S9,S8,"{""agreement"": 0.7684666514396667, ""completed"": true}"
83,42340,S9,S8,"{""agreement"": 0.27572503685951233, ""completed"": true}"
83,42360,S9,S7,"{""agreement"": -0.22144505381584167, ""completed"": true}"
83,42380,S9,S8,"{""agreement"": 0.8059161305427551, ""completed"": true}"
83,42400,S9,S7,"{""agreement"": -0.5573347210884094, ""completed"": true}"
83,42780,S11,S15,"{""agreement"": -0.9187572598457336, ""completed"": true}"
83,42960,S5,S6,"{""agreement"": 0.35814031958580017, ""completed"": true}"
83,42960,S6,S5,"{""agreement"": -0.896038830280304, ""completed"": true}"
83,42980,S5,S6,"{""agreement"": -0.13581709563732147, ""completed"": true}"
83,43000,S5,S6,"{""agreement"": -0.34533196687698364, ""completed"": true}"
83,43020,S5,S6,"{""agreement"": 0.34383323788642883, ""completed"": true}"
83,43040,S5,S6,"{""agreement"": -0.8540976643562317, ""completed"": true}"
83,43400,S5,S7,"{""agreement"": -0.9272674918174744, ""completed"": true}"
83,43420,S6,S11,"{""agreement"": -0.2281627058982849, ""completed"": true}"
83,43440,S6,S11,"{""agreement"": -0.5073102712631226, ""completed"": true}"
83,43460,S6,S11,"{""agreement"": 0.06580773741006851, ""completed"": true}"
83,43460,S9,S13,"{""agreement"": 0.4182673990726471, ""completed"": true}"
83,43480,S6,S11,"{""agreement"": -0.09398388862609863, ""completed"": true}"
83,43480,S9,S13,"{""agreement"": 0.11950744688510895, ""completed"": true}"
83,43500,S6,S11,"{""agreement"": -0.5125652551651001, ""completed"": true}"
83,43500,S9,S13,"{""agreement"": 0.6598448753356934, ""completed"": true}"
83,43520,S9,S13,"{""agreement"": 0.9462144374847412, ""completed"": true}"
83,43540,S9,S13,"{""agreement"": -0.8609490394592285, ""completed"": true}"
83,43560,S9,S13,"{""agreement"": -0.2633870244026184, ""completed"": true}"
83,43580,S9,S13,"{""agreement"": 0.8988726735115051, ""completed"": true}"
83,43600,S9,S13,"{""agreement"": -0.5031064748764038, ""completed"": true}"
83,43620,S9,S13,"{""agreement"": 0.7349115610122681, ""completed"": true}"
83,43640,S9,S13,"{""agreement"": 0.32658183574676514, ""completed"": true}"
83,43660,S9,S13,"{""agreement"": 0.808998167514801, ""completed"": true}"
83,43680,S9,S13,"{""agreement"": -0.8758102059364319, ""completed"": true}"
83,43700,S9,S13,"{""agreement"": -0.23767539858818054, ""completed"": true}"
83,43720,S9,S13,"{""agreement"": 0.8954948782920837, ""completed"": true}"
83,43740,S9,S13,"{""agreement"": 0.6137122511863708, ""completed"": true}"
83,43760,S9,S13,"{""agreement"": -0.45821624994277954, ""completed"": true}"
83,43900,S15,S6,"{""agreement"": 0.08265963196754456, ""completed"": true}"
83,43920,S15,S6,"{""agreement"": 0.9379245042800903, ""completed"": true}"
83,44160,S8,S11,"{""agreement"": 0.380144327878952, ""completed"": true}"
83,44160,S11,S8,"{""agreement"": 0.17541418969631195, ""completed"": true}"
83,44180,S8,S11,"{""agreement"": -0.5424076318740845, ""completed"": true}"
83,44180,S11,S8,"{""agreement"": -0.22128351032733917, ""completed"": true}"
83,44200,S8,S11,"{""agreement"": -0.06583874672651291, ""completed"": true}"
83,44200,S11,S8,"{""agreement"": -0.24022190272808075, ""completed"": true}"
83,44220,S8,S11,"{""agreement"": -0.09538708627223969, ""completed"": true}"
83,44220,S11,S8,"{""agreement"": -0.06277047097682953, ""completed"": true}"
83,44240,S8,S11,"{""agreement"": -0.9320482611656189, ""completed"": true}"
83,44240,S11,S8,"{""agreement"": 0.8631476759910583, ""completed"": true}"
83,44260,S8,S11,"{""agreement"": 0.15541046857833862, ""completed"": true}"
83,44260,S11,S8,"{""agreement"": 0.1186651661992073, ""completed"": true}"
83,44280,S8,S11,"{""agreement"": 0.874048113822937, ""completed"": true}"
83,44280,S11,S8,"{""agreement"": -0.01472074817866087, ""completed"": true}"
83,44300,S8,S11,"{""agreement"": 0.5837138295173645, ""completed"": true}"
83,44300,S11,S8,"{""agreement"": 0.05777687951922417, ""completed"": true}"
83,44320,S8,S11,"{""agreement"": -0.18309448659420013, ""completed"": true}"
83,44320,S11,S8,"{""agreement"": -0.3519286513328552, ""completed"": true}"
83,44340,S8,S11,"{""agreement"": -0.4962162673473358, ""completed"": true}"
83,44340,S11,S8,"{""agreement"": 0.28349578380584717, ""completed"": true}"
83,44360,S8,S11,"{""agreement"": 0.5018723607063293, ""completed"": true}"
83,44360,S11,S8,"{""agreement"": 0.31780704855918884, ""completed"": true}"
83,44380,S8,S11,"{""agreement"": -0.5623893737792969, ""completed"": true}"
83,44380,S11,S8,"{""agreement"": -0.6185219883918762, ""completed"": true}"
83,44400,S8,S11,"{""agreement"": 0.4859280288219452, ""completed"": true}"
83,44400,S11,S8,"{""agreement"": -0.17468830943107605, ""completed"": true}"
83,44420,S8,S11,"{""agreement"": -0.3474154770374298, ""completed"": true}"
83,44420,S11,S8,"{""agreement"": -0.8376666307449341, ""completed"": true}"
83,44440,S8,S11,"{""agreement"": -0.33916759490966797, ""completed"": true}"
83,44460,S8,S11,"{""agreement"": -0.259512722492218, ""completed"": true}"
83,44580,S16,S6,"{""agreement"": 0.1726107895374298, ""completed"": true}"
83,44600,S16,S6,"{""agreement"": 0.7507985234260559, ""completed"": true}"
83,44620,S16,S6,"{""agreement"": -0.00250861793756485, ""completed"": true}"
83,44640,S16,S6,"{""agreement"": -0.2864927053451538, ""completed"": true}"
83,44660,S16,S6,"{""agreement"": -0.551447868347168, ""completed"": true}"
83,44680,S16,S6,"{""agreement"": 0.9197718501091003, ""completed"": true}"
83,44700,S16,S6,"{""agreement"": -0.886379063129425, ""completed"": true}"
83,44720,S16,S6,"{""agreement"": 0.4240802228450775, ""completed"": true}"
83,44740,S16,S6,"{""agreement"": 0.03811493143439293, ""completed"": true}"
83,44760,S16,S6,"{""agreement"": 0.5961019992828369, ""completed"": true}"
83,44900,S9,S15,"{""agreement"": -0.6134268045425415, ""completed"": true}"
83,45060,S13,S7,"{""agreement"": 0.9048704504966736, ""completed"": true}"
83,45060,S7,S13,"{""agreement"": 0.8436210751533508, ""completed"": true}"
83,45080,S13,S7,"{""agreement"": 0.7755538821220398, ""completed"": true}"
83,45080,S7,S13,"{""agreement"": -0.2040027678012848, ""completed"": true}"
83,45180,S3,S7,"{""agreement"": -0.11548059433698654, ""completed"": true}"
83,45180,S7,S3,"{""agreement"": -0.4209056794643402, ""completed"": true}"
83,45200,S3,S7,"{""agreement"": -0.16242289543151855, ""completed"": true}"
83,45200,S7,S3,"{""agreement"": 0.605352520942688, ""completed"": true}"
83,45220,S3,S7,"{""agreement"": 0.2786053419113159, ""completed"": true}"
83,45220,S7,S3,"{""agreement"": -0.6143441200256348, ""completed"": true}"
83,45240,S3,S7,"{""agreement"": 0.21806514263153076, ""completed"": true}"
83,45240,S7,S3,"{""agreement"": -0.5327033996582031, ""completed"": true}"
83,45260,S3,S7,"{""agreement"": 0.4098038971424103, ""completed"": true}"
83,45280,S3,S7,"{""agreement"": -0.8799055218696594, ""completed"": true}"
83,45300,S8,S13,"{""agreement"": 0.7927451133728027, ""completed"": true}"
83,45320,S8,S13,"{""agreement"": 0.5731498599052429, ""completed"": true}"
83,45340,S8,S13,"{""agreement"": -0.014368226751685143, ""completed"": true}"
83,45360,S8,S13,"{""agreement"": -0.24178798496723175, ""completed"": true}"
83,45380,S8,S13,"{""agreement"": 0.6392431259155273, ""completed"": true}"
83,45400,S8,S13,"{""agreement"": 0.27881520986557007, ""completed"": true}"
83,45420,S8,S13,"{""agreement"": -0.4448477029800415, ""completed"": true}"
83,45440,S8,S13,"{""agreement"": -0.3928573727607727, ""completed"": true}"
83,45460,S8,S13,"{""agreement"": 0.7733801603317261, ""completed"": true}"
83,45480,S8,S13,"{""agreement"": -0.4305412471294403, ""completed"": true}"
83,45500,S8,S13,"{""agreement"": 0.06234084442257881, ""completed"": true}"
83,45520,S8,S13,"{""agreement"": 0.4590927064418793, ""completed"": true}"
83,45540,S8,S13,"{""agreement"": 0.3736344873905182, ""completed"": true}"
83,45540,S16,S8,"{""agreement"": 0.009015300311148167, ""completed"": true}"
83,45560,S8,S13,"{""agreement"": -0.6003300547599792, ""completed"": true}"
83,45560,S16,S8,"{""agreement"": 0.8315550088882446, ""completed"": true}"
83,45580,S8,S16,"{""agreement"": -0.27337417006492615, ""completed"": true}"
83,45580,S16,S8,"{""agreement"": 0.8960496783256531, ""completed"": true}"
83,45600,S8,S13,"{""agreement"": 0.45888879895210266, ""completed"": true}"
83,45600,S16,S8,"{""agreement"": 0.55116206407547, ""completed"": true}"
83,45600,S9,S3,"{""agreement"": -0.31269773840904236, ""completed"": true}"
83,45620,S8,S13,"{""agreement"": -0.30841633677482605, ""completed"": true}"
83,45620,S16,S8,"{""agreement"": 0.8472163677215576, ""completed"": true}"
83,45620,S9,S3,"{""agreement"": -0.2249521017074585, ""completed"": true}"
83,45640,S8,S16,"{""agreement"": 0.06127602234482765, ""completed"": true}"
83,45640,S16,S8,"{""agreement"": -0.5844007730484009, ""completed"": true}"
83,45640,S9,S3,"{""agreement"": 0.521410346031189, ""completed"": true}"
83,45660,S8,S16,"{""agreement"": -0.24305716156959534, ""completed"": true}"
83,45660,S16,S8,"{""agreement"": 0.416764497756958, ""completed"": true}"
83,45660,S9,S3,"{""agreement"": -0.8406956791877747, ""completed"": true}"
83,45680,S8,S13,"{""agreement"": 0.130408376455307, ""completed"": true}"
83,45680,S16,S8,"{""agreement"": -0.6469273567199707, ""completed"": true}"
83,45700,S8,S13,"{""agreement"": -0.14604733884334564, ""completed"": true}"
83,45700,S16,S8,"{""agreement"": 0.4597781002521515, ""completed"": true}"
83,45720,S8,S13,"{""agreement"": 0.6619520783424377, ""completed"": true}"
83,45720,S16,S8,"{""agreement"": -0.7061009407043457, ""completed"": true}"
83,45740,S8,S13,"{""agreement"": -0.046078313142061234, ""completed"": true}"
83,45740,S16,S8,"{""agreement"": -0.02320549264550209, ""completed"": true}"
83,45760,S8,S13,"{""agreement"": 0.01459331251680851, ""completed"": true}"
83,45760,S16,S8,"{""agreement"": 0.4715532064437866, ""completed"": true}"
83,45780,S8,S13,"{""agreement"": 0.6404827237129211, ""completed"": true}"
83,45780,S16,S8,"{""agreement"": -0.6038622856140137, ""completed"": true}"
83,45800,S8,S16,"{""agreement"": 0.42572081089019775, ""completed"": true}"
83,45800,S16,S8,"{""agreement"": 0.6604056358337402, ""completed"": true}"
83,45820,S8,S16,"{""agreement"": 0.8246089220046997, ""completed"": true}"
83,45820,S16,S8,"{""agreement"": -0.4412599205970764, ""completed"": true}"
83,45840,S8,S16,"{""agreement"": 0.2588564157485962, ""completed"": true}"
83,45840,S16,S8,"{""agreement"": 0.7112561464309692, ""completed"": true}"
83,45860,S8,S16,"{""agreement"": 0.8231166005134583, ""completed"": true}"
83,45860,S16,S8,"{""agreement"": 0.20117732882499695, ""completed"": true}"
83,45880,S16,S6,"{""agreement"": -0.2892708480358124, ""completed"": true}"
83,45900,S16,S6,"{""agreement"": 0.8948290944099426, ""completed"": true}"
83,46660,S15,S16,"{""agreement"": -0.41699421405792236, ""completed"": true}"
83,46680,S15,S16,"{""agreement"": -0.018692506477236748, ""completed"": true}"
83,46700,S15,S16,"{""agreement"": -0.9756574034690857, ""completed"": true}"
83,46840,S13,S7,"{""agreement"": -0.8487781882286072, ""completed"": true}"
83,46840,S7,S13,"{""agreement"": 0.44844850897789, ""completed"": true}"
83,46860,S13,S7,"{""agreement"": 0.9108196496963501, ""completed"": true}"
83,46860,S7,S13,"{""agreement"": 0.1407235562801361, ""completed"": true}"
83,46880,S13,S7,"{""agreement"": -0.9131227135658264, ""completed"": true}"
83,46880,S7,S13,"{""agreement"": -0.5849056839942932, ""completed"": true}"
83,46900,S13,S7,"{""agreement"": 0.718596339225769, ""completed"": true}"
83,46900,S7,S13,"{""agreement"": 0.5196770429611206, ""completed"": true}"
83,46920,S13,S7,"{""agreement"": -0.911583662033081, ""completed"": true}"
83,46920,S7,S13,"{""agreement"": 0.5309419631958008, ""completed"": true}"
83,46940,S13,S7,"{""agreement"": 0.6124129295349121, ""completed"": true}"
83,46940,S7,S13,"{""agreement"": 0.9620087742805481, ""completed"": true}"
83,46960,S6,S7,"{""agreement"": -0.09520172327756882, ""completed"": true}"
83,46960,S7,S13,"{""agreement"": -0.5867490172386169, ""completed"": true}"
83,46960,S13,S7,"{""agreement"": 0.28047624230384827, ""completed"": true}"
83,46980,S6,S7,"{""agreement"": -0.2795563340187073, ""completed"": true}"
83,46980,S7,S13,"{""agreement"": 0.9353571534156799, ""completed"": true}"
83,46980,S13,S7,"{""agreement"": 0.5085473656654358, ""completed"": true}"
83,47000,S7,S13,"{""agreement"": 0.17458155751228333, ""completed"": true}"
83,47000,S13,S7,"{""agreement"": -0.8003777861595154, ""completed"": true}"
83,47020,S7,S13,"{""agreement"": 0.485521137714386, ""completed"": true}"
83,47020,S13,S7,"{""agreement"": 0.0017073277849704027, ""completed"": true}"
83,47040,S13,S7,"{""agreement"": -0.5809402465820312, ""completed"": true}"
83,47040,S7,S13,"{""agreement"": -0.3107931911945343, ""completed"": true}"
83,47060,S13,S7,"{""agreement"": 0.3687223494052887, ""completed"": true}"
83,47060,S7,S13,"{""agreement"": -0.42565426230430603, ""completed"": true}"
83,47080,S13,S7,"{""agreement"": 0.827668309211731, ""completed"": true}"
83,47080,S7,S13,"{""agreement"": 0.9539685249328613, ""completed"": true}"
83,47100,S13,S7,"{""agreement"": 0.8609391450881958, ""completed"": true}"
83,47100,S7,S13,"{""agreement"": 0.8684516549110413, ""completed"": true}"
83,47120,S13,S7,"{""agreement"": 0.05741644278168678, ""completed"": true}"
83,47120,S7,S13,"{""agreement"": 0.8748285174369812, ""completed"": true}"
83,47760,S9,S15,"{""agreement"": 0.30335986614227295, ""completed"": true}"
83,47780,S9,S15,"{""agreement"": -0.6326844096183777, ""completed"": true}"
83,47800,S9,S15,"{""agreement"": 0.6571396589279175, ""completed"": true}"
83,47820,S9,S15,"{""agreement"": -0.46676504611968994, ""completed"": true}"
83,47840,S9,S15,"{""agreement"": 0.18064770102500916, ""completed"": true}"
83,47860,S9,S15,"{""agreement"": 0.8572297096252441, ""completed"": true}"
83,48160,S13,S7,"{""agreement"": 0.3077791631221771, ""completed"": true}"
83,48160,S7,S13,"{""agreement"": 0.4988051950931549, ""completed"": true}"
83,48180,S13,S7,"{""agreement"": 0.4980778992176056, ""completed"": true}"
83,48180,S7,S13,"{""agreement"": -0.3895065486431122, ""completed"": true}"
83,48200,S13,S7,"{""agreement"": 0.2660231292247772, ""completed"": true}"
83,48200,S7,S13,"{""agreement"": -0.8325665593147278, ""completed"": true}"
83,48220,S13,S7,"{""agreement"": 0.6504707932472229, ""completed"": true}"
83,48220,S7,S13,"{""agreement"": 0.2764611840248108, ""completed"": true}"
83,48240,S13,S7,"{""agreement"": 0.10100003331899643, ""completed"": true}"
83,48240,S7,S13,"{""agreement"": 0.6336946487426758, ""completed"": true}"
83,48260,S13,S7,"{""agreement"": -0.02909589186310768, ""completed"": true}"
83,48260,S7,S13,"{""agreement"": 0.9757447242736816, ""completed"": true}"
83,48280,S13,S7,"{""agreement"": 0.7369505167007446, ""completed"": true}"
83,48280,S7,S13,"{""agreement"": 0.4026894271373749, ""completed"": true}"
83,48300,S13,S7,"{""agreement"": -0.8006811738014221, ""completed"": true}"
83,48300,S7,S13,"{""agreement"": 0.8762576580047607, ""completed"": true}"
83,48320,S13,S7,"{""agreement"": -0.5856802463531494, ""completed"": true}"
83,48320,S7,S13,"{""agreement"": 0.7333762645721436, ""completed"": true}"
83,48340,S13,S7,"{""agreement"": -0.9435084462165833, ""completed"": true}"
83,48340,S7,S13,"{""agreement"": 0.6079045534133911, ""completed"": true}"
83,48360,S7,S13,"{""agreement"": -0.4647723138332367, ""completed"": true}"
83,48640,S6,S13,"{""agreement"": 0.8047248125076294, ""completed"": true}"
83,48640,S13,S6,"{""agreement"": -0.6138418912887573, ""completed"": true}"
83,48660,S6,S13,"{""agreement"": -0.3268558979034424, ""completed"": true}"
83,48660,S13,S6,"{""agreement"": 0.26749172806739807, ""completed"": true}"
83,48680,S6,S13,"{""agreement"": 0.16304799914360046, ""completed"": true}"
83,48680,S13,S6,"{""agreement"": -0.40496253967285156, ""completed"": true}"
83,48700,S6,S13,"{""agreement"": 0.5380581021308899, ""completed"": true}"
83,48700,S13,S6,"{""agreement"": -0.4096998870372772, ""completed"": true}"
83,48720,S6,S13,"{""agreement"": -0.10343194752931595, ""completed"": true}"
83,48720,S13,S6,"{""agreement"": -0.6404463052749634, ""completed"": true}"
83,48740,S6,S13,"{""agreement"": 0.16867396235466003, ""completed"": true}"
83,48760,S6,S13,"{""agreement"": -0.38821277022361755, ""completed"": true}"
83,48780,S6,S13,"{""agreement"": 0.21703602373600006, ""completed"": true}"
83,48800,S6,S13,"{""agreement"": 0.3148118853569031, ""completed"": true}"
83,48820,S6,S13,"{""agreement"": -0.11980460584163666, ""completed"": true}"
83,48840,S6,S13,"{""agreement"": 0.6350973844528198, ""completed"": true}"
83,48860,S6,S13,"{""agreement"": -0.8184772729873657, ""completed"": true}"
83,48880,S6,S13,"{""agreement"": -0.4833754897117615, ""completed"": true}"
83,48900,S6,S13,"{""agreement"": -0.5980295538902283, ""completed"": true}"
83,49040,S6,S8,"{""agreement"": 0.256293922662735, ""completed"": true}"
83,49060,S6,S8,"{""agreement"": 0.7723521590232849, ""completed"": true}"
83,49080,S6,S8,"{""agreement"": 0.08956378698348999, ""completed"": true}"
83,49100,S6,S8,"{""agreement"": 0.30168473720550537, ""completed"": true}"
83,49120,S6,S8,"{""agreement"": -0.7327335476875305, ""completed"": true}"
83,49140,S6,S8,"{""agreement"": -0.13959510624408722, ""completed"": true}"
83,49160,S6,S8,"{""agreement"": 0.7749375700950623, ""completed"": true}"
83,49180,S6,S8,"{""agreement"": -0.8651179075241089, ""completed"": true}"
83,49200,S6,S8,"{""agreement"": 0.3717060089111328, ""completed"": true}"
83,49220,S6,S8,"{""agreement"": 0.22187894582748413, ""completed"": true}"
83,49240,S6,S8,"{""agreement"": 0.7426776885986328, ""completed"": true}"
83,49260,S6,S8,"{""agreement"": -0.6476514339447021, ""completed"": true}"
83,49280,S6,S8,"{""agreement"": 0.12509791553020477, ""completed"": true}"
83,49300,S6,S8,"{""agreement"": -0.40389224886894226, ""completed"": true}"
83,49320,S6,S8,"{""agreement"": -0.21034006774425507, ""completed"": true}"
83,49340,S6,S8,"{""agreement"": 0.16489244997501373, ""completed"": true}"
83,49360,S6,S8,"{""agreement"": -0.18830442428588867, ""completed"": true}"
83,49380,S6,S8,"{""agreement"": 0.7846569418907166, ""completed"": true}"
83,49400,S6,S8,"{""agreement"": 0.5856673121452332, ""completed"": true}"
83,49420,S6,S8,"{""agreement"": 0.5496727824211121, ""completed"": true}"
83,49440,S6,S8,"{""agreement"": -0.4535946547985077, ""completed"": true}"
83,49460,S6,S8,"{""agreement"": -0.3170951306819916, ""completed"": true}"
83,49480,S6,S8,"{""agreement"": -0.34043797850608826, ""completed"": true}"
83,49500,S6,S8,"{""agreement"": -0.0671318918466568, ""completed"": true}"
83,49520,S6,S8,"{""agreement"": 0.31557798385620117, ""completed"": true}"
83,49540,S6,S8,"{""agreement"": 0.011775407008826733, ""completed"": true}"
83,49560,S6,S8,"{""agreement"": 0.4432412385940552, ""completed"": true}"
83,49580,S6,S8,"{""agreement"": -0.44121870398521423, ""completed"": true}"
83,49600,S6,S8,"{""agreement"": 0.45066824555397034, ""completed"": true}"
83,49620,S6,S8,"{""agreement"": 0.11034587025642395, ""completed"": true}"
83,49640,S6,S8,"{""agreement"": -0.17944349348545074, ""completed"": true}"
83,49660,S6,S8,"{""agreement"": -0.004400900099426508, ""completed"": true}"
83,49680,S6,S8,"{""agreement"": -0.21889051795005798, ""completed"": true}"
83,49700,S6,S8,"{""agreement"": 0.6149235963821411, ""completed"": true}"
83,49720,S6,S8,"{""agreement"": -0.3839956521987915, ""completed"": true}"
83,49740,S6,S8,"{""agreement"": 0.26267486810684204, ""completed"": true}"
83,49760,S6,S8,"{""agreement"": 0.13428360223770142, ""completed"": true}"
83,49780,S6,S8,"{""agreement"": -0.27275756001472473, ""completed"": true}"
83,49800,S6,S8,"{""agreement"": 0.28731465339660645, ""completed"": true}"
83,49820,S6,S8,"{""agreement"": 0.7470464110374451, ""completed"": true}"
83,49840,S6,S8,"{""agreement"": -0.3375890552997589, ""completed"": true}"
83,49860,S6,S8,"{""agreement"": 0.3620480000972748, ""completed"": true}"
83,49880,S6,S8,"{""agreement"": 0.28411176800727844, ""completed"": true}"
83,50060,S9,S15,"{""agreement"": -0.5605514049530029, ""completed"": true}"
83,50080,S9,S15,"{""agreement"": -0.2058374583721161, ""completed"": true}"
83,50100,S9,S15,"{""agreement"": -0.2361520677804947, ""completed"": true}"
83,50120,S9,S15,"{""agreement"": -0.5978322625160217, ""completed"": true}"
83,50180,S8,S13,"{""agreement"": -0.6173199415206909, ""completed"": true}"
83,50180,S6,S8,"{""agreement"": 0.4524911642074585, ""completed"": true}"
83,50200,S8,S13,"{""agreement"": -0.6369696855545044, ""completed"": true}"
83,50200,S6,S8,"{""agreement"": 0.7805715203285217, ""completed"": true}"
83,50220,S6,S8,"{""agreement"": -0.6478540897369385, ""completed"": true}"
83,50240,S6,S8,"{""agreement"": -0.6883093118667603, ""completed"": true}"
83,50260,S6,S8,"{""agreement"": 0.7718703746795654, ""completed"": true}"
83,50280,S6,S8,"{""agreement"": 0.1638093739748001, ""completed"": true}"
83,50300,S6,S8,"{""agreement"": 0.8308017253875732, ""completed"": true}"
83,50320,S6,S8,"{""agreement"": 0.8614746332168579, ""completed"": true}"
83,50340,S6,S8,"{""agreement"": -0.2190828025341034, ""completed"": true}"
83,50360,S6,S8,"{""agreement"": -0.3888574242591858, ""completed"": true}"
83,50380,S6,S8,"{""agreement"": 0.3056715726852417, ""completed"": true}"
83,50400,S6,S8,"{""agreement"": 0.548821747303009, ""completed"": true}"
83,50420,S6,S8,"{""agreement"": 0.6167598366737366, ""completed"": true}"
83,50900,S16,S6,"{""agreement"": -0.6306117177009583, ""completed"": true}"
83,50900,S6,S16,"{""agreement"": 0.24793104827404022, ""completed"": true}"
83,50920,S16,S6,"{""agreement"": 0.33151206374168396, ""completed"": true}"
83,50920,S6,S16,"{""agreement"": 0.8451669216156006, ""completed"": true}"
83,50940,S16,S6,"{""agreement"": -0.5090846419334412, ""completed"": true}"
83,50940,S6,S16,"{""agreement"": -0.8620896339416504, ""completed"": true}"
83,50960,S16,S6,"{""agreement"": 0.5747858881950378, ""completed"": true}"
83,50960,S6,S16,"{""agreement"": 0.4335586130619049, ""completed"": true}"
83,50980,S16,S6,"{""agreement"": -0.10713155567646027, ""completed"": true}"
83,50980,S6,S16,"{""agreement"": -0.4698329269886017, ""completed"": true}"
83,51000,S16,S6,"{""agreement"": 0.8988537788391113, ""completed"": true}"
83,51000,S6,S16,"{""agreement"": -0.014745655469596386, ""completed"": true}"
83,51020,S16,S6,"{""agreement"": -0.9703226685523987, ""completed"": true}"
83,51020,S6,S16,"{""agreement"": -0.653449296951294, ""completed"": true}"
83,51040,S16,S6,"{""agreement"": -0.5850222110748291, ""completed"": true}"
83,51720,S15,S13,"{""agreement"": 0.38045206665992737, ""completed"": true}"
83,51720,S13,S15,"{""agreement"": 0.6909681558609009, ""completed"": true}"
83,51740,S15,S13,"{""agreement"": 0.9169852137565613, ""completed"": true}"
83,51740,S13,S15,"{""agreement"": -0.8816189169883728, ""completed"": true}"
83,51760,S15,S13,"{""agreement"": 0.06549400836229324, ""completed"": true}"
83,51760,S13,S15,"{""agreement"": -0.2787925601005554, ""completed"": true}"
83,51780,S15,S13,"{""agreement"": 0.5917733907699585, ""completed"": true}"
83,51780,S13,S15,"{""agreement"": 0.8927200436592102, ""completed"": true}"
83,51800,S15,S13,"{""agreement"": 0.2604336738586426, ""completed"": true}"
83,51800,S13,S15,"{""agreement"": -0.25031766295433044, ""completed"": true}"
83,51820,S15,S13,"{""agreement"": -0.24463166296482086, ""completed"": true}"
83,51820,S13,S15,"{""agreement"": 0.03656128793954849, ""completed"": true}"
83,51920,S15,S3,"{""agreement"": 0.2653784453868866, ""completed"": true}"
83,51920,S3,S15,"{""agreement"": -0.11976560950279236, ""completed"": true}"
83,51940,S15,S3,"{""agreement"": 0.5975127816200256, ""completed"": true}"
83,51940,S3,S15,"{""agreement"": 0.9125998616218567, ""completed"": true}"
83,53000,S3,S13,"{""agreement"": -0.12238741666078568, ""completed"": true}"
83,53000,S13,S3,"{""agreement"": 0.7664164900779724, ""completed"": true}"
83,53020,S3,S13,"{""agreement"": -0.03923365846276283, ""completed"": true}"
83,53020,S13,S3,"{""agreement"": 0.9337376356124878, ""completed"": true}"
83,53040,S3,S13,"{""agreement"": 0.8186140656471252, ""completed"": true}"
83,53040,S13,S3,"{""agreement"": -0.9051170945167542, ""completed"": true}"
83,53180,S16,S13,"{""agreement"": 0.8173984885215759, ""completed"": true}"
83,53180,S13,S16,"{""agreement"": 0.4527721703052521, ""completed"": true}"
83,53200,S16,S13,"{""agreement"": -0.6221318244934082, ""completed"": true}"
83,53200,S13,S16,"{""agreement"": 0.10788131505250931, ""completed"": true}"
83,53220,S16,S13,"{""agreement"": -0.7513493299484253, ""completed"": true}"
83,53220,S13,S16,"{""agreement"": 0.3766424059867859, ""completed"": true}"
83,53240,S16,S13,"{""agreement"": 0.9240633249282837, ""completed"": true}"
83,53240,S13,S16,"{""agreement"": -0.7088012099266052, ""completed"": true}"
83,53260,S16,S13,"{""agreement"": 0.6961869597434998, ""completed"": true}"
83,53260,S13,S16,"{""agreement"": -0.22693979740142822, ""completed"": true}"
83,53280,S16,S13,"{""agreement"": -0.5436528325080872, ""completed"": true}"
83,53280,S13,S16,"{""agreement"": -0.03683862090110779, ""completed"": true}"
83,53300,S16,S13,"{""agreement"": 0.8418808579444885, ""completed"": true}"
83,53300,S13,S16,"{""agreement"": -0.35283535718917847, ""completed"": true}"
83,53320,S16,S13,"{""agreement"": 0.8974407315254211, ""completed"": true}"
83,53320,S13,S16,"{""agreement"": -0.3046204149723053, ""completed"": true}"
83,53340,S16,S13,"{""agreement"": 0.8529626727104187, ""completed"": true}"
83,53340,S13,S16,"{""agreement"": 0.7521256804466248, ""completed"": true}"
83,53360,S16,S13,"{""agreement"": 0.151035875082016, ""completed"": true}"
83,53360,S13,S16,"{""agreement"": 0.7140437364578247, ""completed"": true}"
83,53380,S16,S13,"{""agreement"": -0.76746666431427, ""completed"": true}"
83,53380,S13,S16,"{""agreement"": -0.6458672881126404, ""completed"": true}"
83,53400,S16,S13,"{""agreement"": 0.8448268175125122, ""completed"": true}"
83,53400,S13,S16,"{""agreement"": 0.07221391052007675, ""completed"": true}"
83,53420,S16,S13,"{""agreement"": 0.4195356070995331, ""completed"": true}"
83,53420,S13,S16,"{""agreement"": 0.09311255067586899, ""completed"": true}"
83,53440,S16,S13,"{""agreement"": 0.9573026299476624, ""completed"": true}"
83,53440,S13,S16,"{""agreement"": -0.35973140597343445, ""completed"": true}"
83,53460,S16,S13,"{""agreement"": 0.317689448595047, ""completed"": true}"
83,53460,S13,S16,"{""agreement"": 0.42842933535575867, ""completed"": true}"
83,53480,S16,S13,"{""agreement"": 0.37170952558517456, ""completed"": true}"
83,53480,S13,S16,"{""agreement"": 0.763207733631134, ""completed"": true}"
83,53500,S16,S13,"{""agreement"": 0.9230002164840698, ""completed"": true}"
83,53500,S13,S16,"{""agreement"": -0.7387683987617493, ""completed"": true}"
83,53520,S16,S13,"{""agreement"": -0.3364834785461426, ""completed"": true}"
83,53520,S13,S16,"{""agreement"": -0.30803099274635315, ""completed"": true}"
83,53540,S16,S13,"{""agreement"": -0.35868126153945923, ""completed"": true}"
83,53540,S13,S16,"{""agreement"": 0.6830017566680908, ""completed"": true}"
83,53560,S3,S7,"{""agreement"": 0.7827050685882568, ""completed"": true}"
83,53560,S16,S13,"{""agreement"": -0.7792372107505798, ""completed"": true}"
83,53560,S13,S16,"{""agreement"": -0.6530883312225342, ""completed"": true}"
83,53580,S3,S7,"{""agreement"": 0.45251888036727905, ""completed"": true}"
83,53580,S16,S13,"{""agreement"": 0.15066054463386536, ""completed"": true}"
83,53580,S13,S16,"{""agreement"": -0.40145429968833923, ""completed"": true}"
83,53600,S15,S6,"{""agreement"": 0.8932318687438965, ""completed"": true}"
83,53600,S3,S7,"{""agreement"": 0.22631727159023285, ""completed"": true}"
83,53620,S15,S6,"{""agreement"": -0.7712783813476562, ""completed"": true}"
83,53620,S3,S7,"{""agreement"": 0.8272001147270203, ""completed"": true}"
83,53640,S3,S7,"{""agreement"": 0.8400396704673767, ""completed"": true}"
83,53660,S3,S7,"{""agreement"": -0.259360671043396, ""completed"": true}"
83,53680,S3,S7,"{""agreement"": 0.6623747944831848, ""completed"": true}"
83,53700,S3,S7,"{""agreement"": 0.6097254753112793, ""completed"": true}"
83,53720,S3,S7,"{""agreement"": 0.6790980100631714, ""completed"": true}"
83,53740,S3,S7,"{""agreement"": 0.5072110295295715, ""completed"": true}"
83,53760,S3,S7,"{""agreement"": -0.2615378499031067, ""completed"": true}"
83,53780,S3,S7,"{""agreement"": -0.4127553701400757, ""completed"": true}"
83,54000,S7,S13,"{""agreement"": 0.35757750272750854, ""completed"": true}"
83,54020,S7,S13,"{""agreement"": -0.23091912269592285, ""completed"": true}"
83,54040,S7,S13,"{""agreement"": 0.4421119689941406, ""completed"": true}"
83,54060,S7,S13,"{""agreement"": 0.46134620904922485, ""completed"": true}"
83,54080,S7,S13,"{""agreement"": 0.21196192502975464, ""completed"": true}"
83,54100,S7,S13,"{""agreement"": -0.5068845152854919, ""completed"": true}"
83,54120,S7,S13,"{""agreement"": 0.7436642646789551, ""completed"": true}"
83,54140,S7,S13,"{""agreement"": 0.6728595495223999, ""completed"": true}"
83,54160,S7,S13,"{""agreement"": -0.20738525688648224, ""completed"": true}"
83,54180,S7,S13,"{""agreement"": -0.2174878865480423, ""completed"": true}"
83,54200,S7,S13,"{""agreement"": 0.40468698740005493, ""completed"": true}"
83,54220,S7,S13,"{""agreement"": 0.567268967628479, ""completed"": true}"
83,54240,S7,S13,"{""agreement"": 0.34142085909843445, ""completed"": true}"
83,54260,S7,S13,"{""agreement"": -0.18515031039714813, ""completed"": true}"
83,54280,S7,S13,"{""agreement"": 0.23235388100147247, ""completed"": true}"
83,54300,S7,S13,"{""agreement"": -0.6542543768882751, ""completed"": true}"
83,54320,S7,S13,"{""agreement"": 0.9708815217018127, ""completed"": true}"
83,54340,S7,S13,"{""agreement"": 0.49395468831062317, ""completed"": true}"
83,54360,S7,S13,"{""agreement"": 0.6881868243217468, ""completed"": true}"
83,54380,S7,S13,"{""agreement"": 0.25858667492866516, ""completed"": true}"
83,54400,S7,S13,"{""agreement"": 0.43107229471206665, ""completed"": true}"
83,54520,S15,S3,"{""agreement"": -0.17570912837982178, ""completed"": true}"
83,54520,S3,S15,"{""agreement"": 0.17416837811470032, ""completed"": true}"
83,55360,S9,S8,"{""agreement"": -0.7175683379173279, ""completed"": true}"
83,55380,S9,S8,"{""agreement"": -0.2999969720840454, ""completed"": true}"
83,55400,S9,S8,"{""agreement"": 0.6644707918167114, ""completed"": true}"
83,55420,S9,S8,"{""agreement"": 0.3818204700946808, ""completed"": true}"
83,55440,S9,S8,"{""agreement"": 0.7303877472877502, ""completed"": true}"
83,55460,S9,S8,"{""agreement"": -0.06420663744211197, ""completed"": true}"
83,55480,S9,S8,"{""agreement"": -0.21975450217723846, ""completed"": true}"
83,55500,S9,S8,"{""agreement"": -0.5650694370269775, ""completed"": true}"
83,55520,S9,S8,"{""agreement"": 0.2472049593925476, ""completed"": true}"
83,55560,S9,S13,"{""agreement"": -0.7514234781265259, ""completed"": true}"
83,57740,S15,S3,"{""agreement"": -0.20026151835918427, ""completed"": true}"
83,57740,S3,S15,"{""agreement"": -0.5863925218582153, ""completed"": true}"
83,57760,S15,S3,"{""agreement"": 0.6526473760604858, ""completed"": true}"
83,57760,S3,S15,"{""agreement"": -0.29986771941185, ""completed"": true}"
83,57780,S15,S3,"{""agreement"": 0.5198273062705994, ""completed"": true}"
83,57780,S3,S15,"{""agreement"": 0.557951033115387, ""completed"": true}"
83,57800,S15,S3,"{""agreement"": -0.08175306767225266, ""completed"": true}"
83,57800,S3,S15,"{""agreement"": 0.26389604806900024, ""completed"": true}"
83,57820,S15,S3,"{""agreement"": 0.8048810362815857, ""completed"": true}"
83,57820,S3,S15,"{""agreement"": 0.11236342042684555, ""completed"": true}"
83,57840,S15,S3,"{""agreement"": -0.541007399559021, ""completed"": true}"
83,57840,S3,S15,"{""agreement"": 0.5757014751434326, ""completed"": true}"
83,57840,S13,S15,"{""agreement"": 0.5995137095451355, ""completed"": true}"
83,57860,S15,S3,"{""agreement"": -0.021805699914693832, ""completed"": true}"
83,57860,S3,S15,"{""agreement"": 0.43243250250816345, ""completed"": true}"
83,57880,S15,S3,"{""agreement"": 0.04067954048514366, ""completed"": true}"
83,57880,S3,S15,"{""agreement"": 0.8521534204483032, ""completed"": true}"
83,57900,S15,S3,"{""agreement"": -0.818537175655365, ""completed"": true}"
83,57900,S3,S15,"{""agreement"": -0.22887441515922546, ""completed"": true}"
83,57920,S15,S3,"{""agreement"": 0.8645026683807373, ""completed"": true}"
83,57920,S3,S15,"{""agreement"": -0.5943107008934021, ""completed"": true}"
83,58100,S6,S8,"{""agreement"": -0.8688198924064636, ""completed"": true}"
83,58120,S6,S8,"{""agreement"": 0.24223287403583527, ""completed"": true}"
83,58140,S6,S8,"{""agreement"": -0.5504251718521118, ""completed"": true}"
83,58160,S6,S8,"{""agreement"": -0.2796363830566406, ""completed"": true}"
83,58180,S6,S8,"{""agreement"": -0.009569702669978142, ""completed"": true}"
83,58200,S6,S8,"{""agreement"": 0.9818784594535828, ""completed"": true}"
83,58220,S6,S8,"{""agreement"": -0.1594776213169098, ""completed"": true}"
83,58240,S6,S8,"{""agreement"": -0.1504943072795868, ""completed"": true}"
83,58260,S6,S8,"{""agreement"": 0.1794905811548233, ""completed"": true}"
83,58280,S6,S8,"{""agreement"": 0.8583996891975403, ""completed"": true}"
83,58300,S6,S8,"{""agreement"": -0.79670649766922, ""completed"": true}"
83,58320,S6,S8,"{""agreement"": -0.14894023537635803, ""completed"": true}"
83,58460,S8,S11,"{""agreement"": -0.8968164920806885, ""completed"": true}"
83,58540,S3,S5,"{""agreement"": -0.4830315113067627, ""completed"": true}"
83,58560,S3,S5,"{""agreement"": 0.15973591804504395, ""completed"": true}"
83,58580,S3,S5,"{""agreement"": 0.1630626618862152, ""completed"": true}"
83,58600,S3,S5,"{""agreement"": 0.2941444516181946, ""completed"": true}"
83,58620,S3,S5,"{""agreement"": 0.27755096554756165, ""completed"": true}"
83,58640,S3,S5,"{""agreement"": -0.5513333082199097, ""completed"": true}"
83,59100,S8,S16,"{""agreement"": -0.3555363416671753, ""completed"": true}"
83,59100,S16,S8,"{""agreement"": -0.3396734595298767, ""completed"": true}"
83,59120,S8,S16,"{""agreement"": -0.07769431918859482, ""completed"": true}"
83,59120,S16,S8,"{""agreement"": 0.3152828812599182, ""completed"": true}"
83,59140,S8,S16,"{""agreement"": 0.7934029698371887, ""completed"": true}"
83,59140,S16,S8,"{""agreement"": -0.2963360846042633, ""completed"": true}"
83,59160,S8,S16,"{""agreement"": 0.6741029620170593, ""completed"": true}"
83,59160,S16,S8,"{""agreement"": 0.8597825169563293, ""completed"": true}"
83,59160,S9,S11,"{""agreement"": 0.5613214373588562, ""completed"": true}"
83,59180,S8,S16,"{""agreement"": 0.12288326025009155, ""completed"": true}"
83,59180,S16,S8,"{""agreement"": -0.06532802432775497, ""completed"": true}"
83,59180,S9,S11,"{""agreement"": -0.7356206774711609, ""completed"": true}"
83,59180,S7,S13,"{""agreement"": 0.8777763843536377, ""completed"": true}"
83,59200,S8,S16,"{""agreement"": -0.3757959008216858, ""completed"": true}"
83,59200,S16,S8,"{""agreement"": -0.7143426537513733, ""completed"": true}"
83,59200,S7,S13,"{""agreement"": 0.9018328785896301, ""completed"": true}"
83,59220,S8,S16,"{""agreement"": -0.8045512437820435, ""completed"": true}"
83,59220,S16,S8,"{""agreement"": 0.6450331211090088, ""completed"": true}"
83,59220,S15,S6,"{""agreement"": 0.18798431754112244, ""completed"": true}"
83,59220,S7,S13,"{""agreement"": -0.9598740339279175, ""completed"": true}"
83,59240,S8,S16,"{""agreement"": -0.3744147717952728, ""completed"": true}"
83,59240,S16,S8,"{""agreement"": -0.824133038520813, ""completed"": true}"
83,59240,S15,S6,"{""agreement"": 0.8730708360671997, ""completed"": true}"
83,59240,S7,S13,"{""agreement"": -0.8570061326026917, ""completed"": true}"
83,59260,S8,S16,"{""agreement"": -0.8062065839767456, ""completed"": true}"
83,59260,S16,S8,"{""agreement"": 0.5989875793457031, ""completed"": true}"
83,59260,S15,S6,"{""agreement"": 0.705917239189148, ""completed"": true}"
83,59260,S7,S13,"{""agreement"": -0.9261339902877808, ""completed"": true}"
83,59280,S15,S6,"{""agreement"": -0.8161085844039917, ""completed"": true}"
83,59300,S15,S6,"{""agreement"": 0.7615932822227478, ""completed"": true}"
83,59320,S15,S6,"{""agreement"": 0.5095264315605164, ""completed"": true}"
83,59340,S15,S6,"{""agreement"": -0.7223557233810425, ""completed"": true}"
83,59360,S15,S6,"{""agreement"": -0.5268310904502869, ""completed"": true}"
83,60680,S16,S8,"{""agreement"": -0.854331374168396, ""completed"": true}"
83,61600,S3,S8,"{""agreement"": -0.956042468547821, ""completed"": true}"
83,62040,S8,S15,"{""agreement"": 0.3246833384037018, ""completed"": true}"
83,62060,S8,S15,"{""agreement"": -0.0067818318493664265, ""completed"": true}"
83,62080,S8,S15,"{""agreement"": -0.06665806472301483, ""completed"": true}"
83,62100,S8,S15,"{""agreement"": -0.19368579983711243, ""completed"": true}"
83,62100,S15,S6,"{""agreement"": 0.7015063166618347, ""completed"": true}"
83,62120,S8,S15,"{""agreement"": -0.6964561939239502, ""completed"": true}"
83,62120,S15,S6,"{""agreement"": 0.3539993166923523, ""completed"": true}"
83,62140,S15,S6,"{""agreement"": -0.5101094245910645, ""completed"": true}"
83,62160,S15,S6,"{""agreement"": -0.3279117941856384, ""completed"": true}"
83,62180,S15,S6,"{""agreement"": 0.7148529887199402, ""completed"": true}"
83,62200,S15,S6,"{""agreement"": -0.1763973832130432, ""completed"": true}"
83,62420,S8,S7,"{""agreement"": 0.4204760491847992, ""completed"": true}"
83,62420,S7,S8,"{""agreement"": -0.5431258082389832, ""completed"": true}"
83,62440,S8,S7,"{""agreement"": 0.14573347568511963, ""completed"": true}"
83,62460,S8,S7,"{""agreement"": 0.5713493824005127, ""completed"": true}"
83,62480,S8,S7,"{""agreement"": 0.37056583166122437, ""completed"": true}"
83,62500,S8,S7,"{""agreement"": 0.34411704540252686, ""completed"": true}"
83,62520,S8,S7,"{""agreement"": -0.8926981687545776, ""completed"": true}"
83,62540,S8,S7,"{""agreement"": 0.5355360507965088, ""completed"": true}"
83,62560,S8,S7,"{""agreement"": -0.28242722153663635, ""completed"": true}"
83,62580,S8,S7,"{""agreement"": -0.7081989049911499, ""completed"": true}"
83,63840,S15,S6,"{""agreement"": 0.29076188802719116, ""completed"": true}"
83,64220,S15,S6,"{""agreement"": -0.17183876037597656, ""completed"": true}"
83,64240,S15,S6,"{""agreement"": 0.3408523201942444, ""completed"": true}"
83,64260,S15,S6,"{""agreement"": -0.7534433007240295, ""completed"": true}"
83,65340,S9,S8,"{""agreement"": 0.580389678478241, ""completed"": true}"
83,65360,S9,S8,"{""agreement"": 0.715215802192688, ""completed"": true}"
83,65380,S9,S8,"{""agreement"": 0.14808091521263123, ""completed"": true}"
83,65400,S9,S8,"{""agreement"": 0.7437689900398254, ""completed"": true}"
83,65420,S9,S8,"{""agreement"": -0.2898833751678467, ""completed"": true}"
83,65440,S9,S8,"{""agreement"": -0.7058970928192139, ""completed"": true}"
83,66220,S16,S11,"{""agreement"": -0.7258620262145996, ""completed"": true}"
83,66580,S3,S7,"{""agreement"": -0.8012354969978333, ""completed"": true}"
83,66600,S3,S7,"{""agreement"": -0.31801173090934753, ""completed"": true}"
83,66620,S3,S7,"{""agreement"": -0.5331782698631287, ""completed"": true}"
83,67140,S9,S8,"{""agreement"": 0.620542049407959, ""completed"": true}"
83,67160,S9,S8,"{""agreement"": 0.19127492606639862, ""completed"": true}"
83,67180,S9,S8,"{""agreement"": 0.4735082685947418, ""completed"": true}"
83,67200,S9,S8,"{""agreement"": 0.1018897294998169, ""completed"": true}"
83,67220,S9,S8,"{""agreement"": 0.9362548589706421, ""completed"": true}"
83,67240,S9,S8,"{""agreement"": -0.26888686418533325, ""completed"": true}"
83,67260,S9,S8,"{""agreement"": 0.5739387273788452, ""completed"": true}"
83,67280,S9,S8,"{""agreement"": 0.07771407812833786, ""completed"": true}"
83,67760,S15,S3,"{""agreement"": -0.04095391184091568, ""completed"": true}"
83,67760,S3,S15,"{""agreement"": -0.27474093437194824, ""completed"": true}"
83,68180,S15,S3,"{""agreement"": 0.321270227432251, ""completed"": true}"
83,68180,S3,S15,"{""agreement"": 0.1672259271144867, ""completed"": true}"
83,68200,S15,S3,"{""agreement"": -0.5410316586494446, ""completed"": true}"
83,68200,S3,S15,"{""agreement"": -0.3137618601322174, ""completed"": true}"
83,68220,S15,S3,"{""agreement"": -0.5838283896446228, ""completed"": true}"
83,68220,S3,S15,"{""agreement"": -0.040698349475860596, ""completed"": true}"
83,68240,S15,S3,"{""agreement"": -0.019311128184199333, ""completed"": true}"
83,68240,S3,S5,"{""agreement"": -0.9037081599235535, ""completed"": true}"
83,68260,S15,S3,"{""agreement"": 0.6735959649085999, ""completed"": true}"
83,68260,S3,S15,"{""agreement"": 0.07303153723478317, ""completed"": true}"
83,68280,S15,S3,"{""agreement"": 0.03967965394258499, ""completed"": true}"
83,68280,S3,S15,"{""agreement"": -0.4616745710372925, ""completed"": true}"
83,68300,S15,S3,"{""agreement"": 0.48533421754837036, ""completed"": true}"
83,68300,S3,S15,"{""agreement"": -0.015515267848968506, ""completed"": true}"
83,68320,S3,S5,"{""agreement"": -0.7515681385993958, ""completed"": true}"
83,70260,S6,S8,"{""agreement"": -0.04065164551138878, ""completed"": true}"
83,70280,S6,S8,"{""agreement"": 0.5649023652076721, ""completed"": true}"
83,70300,S6,S8,"{""agreement"": -0.8967530727386475, ""completed"": true}"
83,70480,S8,S7,"{""agreement"": -0.2360680252313614, ""completed"": true}"
83,71480,S15,S6,"{""agreement"": 0.880596399307251, ""completed"": true}"
83,71660,S15,S13,"{""agreement"": -0.7251256704330444, ""completed"": true}"
83,71660,S13,S15,"{""agreement"": -0.7908295392990112, ""completed"": true}"
83,71680,S15,S13,"{""agreement"": -0.5678617358207703, ""completed"": true}"
83,71680,S13,S15,"{""agreement"": 0.8376786112785339, ""completed"": true}"
83,71700,S15,S13,"{""agreement"": 0.12305185943841934, ""completed"": true}"
83,71700,S13,S15,"{""agreement"": -0.8083741664886475, ""completed"": true}"
83,71720,S15,S13,"{""agreement"": -0.1918381005525589, ""completed"": true}"
83,71720,S13,S15,"{""agreement"": 0.90836501121521, ""completed"": true}"
83,71740,S15,S13,"{""agreement"": -0.6020095348358154, ""completed"": true}"
83,71740,S13,S15,"{""agreement"": 0.613411009311676, ""completed"": true}"
83,71760,S13,S15,"{""agreement"": 0.8653825521469116, ""completed"": true}"
83,71780,S13,S15,"{""agreement"": -0.22790005803108215, ""completed"": true}"
83,71800,S13,S15,"{""agreement"": -0.8022571206092834, ""completed"": true}"
83,71820,S13,S15,"{""agreement"": -0.13051514327526093, ""completed"": true}"
83,71840,S13,S15,"{""agreement"": -0.8907450437545776, ""completed"": true}"
83,73840,S3,S13,"{""agreement"": 0.611704409122467, ""completed"": true}"
83,73840,S13,S3,"{""agreement"": 0.7413584589958191, ""completed"": true}"
83,73860,S3,S13,"{""agreement"": 0.7179069519042969, ""completed"": true}"
83,73860,S13,S3,"{""agreement"": 0.5257374048233032, ""completed"": true}"
83,73880,S3,S13,"{""agreement"": 0.7982006072998047, ""completed"": true}"
83,73880,S13,S3,"{""agreement"": -0.0853973850607872, ""completed"": true}"
83,73900,S3,S13,"{""agreement"": -0.2857970595359802, ""completed"": true}"
83,73900,S13,S3,"{""agreement"": 0.621973991394043, ""completed"": true}"
83,73920,S3,S13,"{""agreement"": 0.07698258757591248, ""completed"": true}"
83,73920,S13,S3,"{""agreement"": 0.05308689922094345, ""completed"": true}"
83,73940,S3,S13,"{""agreement"": 0.5806732773780823, ""completed"": true}"
83,73940,S13,S3,"{""agreement"": 0.585755467414856, ""completed"": true}"
83,73960,S3,S13,"{""agreement"": -0.2443787306547165, ""completed"": true}"
83,73960,S13,S3,"{""agreement"": 0.9422996640205383, ""completed"": true}"
83,73980,S3,S13,"{""agreement"": -0.10328404605388641, ""completed"": true}"
83,73980,S13,S3,"{""agreement"": 0.7607213854789734, ""completed"": true}"
83,74000,S3,S13,"{""agreement"": 0.6013678312301636, ""completed"": true}"
83,74000,S13,S3,"{""agreement"": 0.7970160245895386, ""completed"": true}"
83,74020,S3,S13,"{""agreement"": -0.738839864730835, ""completed"": true}"
83,74020,S13,S3,"{""agreement"": 0.7699041366577148, ""completed"": true}"
83,74040,S3,S13,"{""agreement"": -0.020904265344142914, ""completed"": true}"
83,74040,S13,S3,"{""agreement"": 0.8932515978813171, ""completed"": true}"
83,74060,S3,S13,"{""agreement"": -0.40222102403640747, ""completed"": true}"
83,74060,S13,S3,"{""agreement"": -0.4557669460773468, ""completed"": true}"
83,75560,S9,S13,"{""agreement"": -0.8785297870635986, ""completed"": true}"
83,76800,S15,S3,"{""agreement"": -0.16535326838493347, ""completed"": true}"
83,76800,S3,S15,"{""agreement"": -0.4957302212715149, ""completed"": true}"
83,76820,S15,S3,"{""agreement"": 0.047327570617198944, ""completed"": true}"
83,76840,S15,S3,"{""agreement"": -0.8720714449882507, ""completed"": true}"
83,76860,S15,S3,"{""agreement"": -0.692976176738739, ""completed"": true}"
83,83180,S16,S13,"{""agreement"": -0.9309024214744568, ""completed"": true}"
83,86140,S9,S8,"{""agreement"": -0.8995393514633179, ""completed"": true}"
83,86160,S9,S8,"{""agreement"": 0.7958899736404419, ""completed"": true}"
83,86180,S9,S8,"{""agreement"": -0.7019725441932678, ""completed"": true}"
83,86200,S9,S8,"{""agreement"": 0.5915573239326477, ""completed"": true}"
83,86240,S9,S8,"{""agreement"": -0.7845379114151001, ""completed"": true}"
83,86260,S9,S8,"{""agreement"": 0.8216779232025146, ""completed"": true}"
83,86280,S9,S8,"{""agreement"": -0.3636263906955719, ""completed"": true}"
83,86300,S9,S8,"{""agreement"": -0.1662275195121765, ""completed"": true}"
83,86320,S9,S8,"{""agreement"": -0.7515541911125183, ""completed"": true}"
