build_context_sha256,firmware_revision,hardware_revision,build_variant,build_guard,artifact_sha256,fixture_hash,artifact_kind,artifact_source,model_id,model_version,encoder_hash,input_source,tensor_precision,batch_size,local_steps,ncs_version,zephyr_version,compiler_version,optimization,cpu_hz,wall_counter_hz,duration_us_semantics,task,class_count,parameter_count,activation,loss_reduction,serialized_bytes_per_parameter,head_serialized_bytes,mutable_head_bytes,compute_workspace_bytes,gradient_buffer_bytes_each,gradient_buffer_count,received_head_bytes,utility_table_bytes,peer_entry_bytes,timing_counter_hz,learning_rate,alpha_max,utility_mu,initial_utility,ucb_beta,epsilon,peer_limit,tie_break_policy,trial_state_policy,enabled_sensors,warmup_repetitions,measured_repetitions,timeout_ms,discovery_settle_ms,tx_power_dbm,security_state,execution_context,cycle_timing_semantics,stack_watermark_scope,serialization_timing_semantics,transfer_timing_semantics,deserialization_timing_semantics,responder_gradient_endpoint,att_value_counter_semantics,communication_accounting,result_release_semantics,link_layer_accounting,capture_pacing,capture_quiet_guard_ms,capture_envelope_semantics,power_alignment,event_workqueue_stack_capacity_bytes,system_heap_capacity_bytes,marker_available,marker_event_gate,marker_bit0,marker_bit1,marker_bit2,marker_stage_0,marker_stage_1,marker_stage_2,marker_stage_3,marker_stage_4,marker_stage_5,marker_stage_6,marker_stage_7,att_mtu,data_length,tx_phy,rx_phy,connection_interval_units,event_path,role,connection_state,remote_session_started,stage,stage_code,metric,unit,n,source_count,total_count,quality_excluded_count,success_count,failure_count,unknown_outcome_count,failure_rate,independent_pair_count,analysis_source_count,analysis_source_sha256_set,analysis_source_set_sha256,mean,median,q1,q3,iqr,p95,min,max
199ea2dedb66682329f558d748d984288db699e8ce36a9c957303b9043058816,bca004d67e520d879c4d17367b5436bb9f2383a4,V1R1,pulse_release,final_capture_requirements_enforced,6716da0b2cf47106d541f526f3ae258d46f820608290c7ceb563e121d41ee320,3b41a9fcf048eef0a5f29163b3ac3120fc95d8e624d85023bd77e2c035f76243,exported_pulse_npz,pulse_hhar_seed7_a_b.npz,pulse-har-v1,1,487dbf72bd5f999f8e10a8295e6ee1839ecafaf94f6ad7345be9ea18c5820048,internal_flash_versioned_artifact_replay_windows,float32,16,2,ncs-v3.4.0,4.4.0,14.3.0,speed,128000000,1000000,zephyr_64bit_api_grtc_syscounter_includes_sleep,HAR,6,4550,relu,mean,4,18200,18200,13616,18200,2,18200,208,24,128000000,0.00999999978,0.5,0.200000003,0,0.25,9.99999996e-13,8,xorshift32_uniform_positive_exact_ties,reset_each_repetition_public_seed_selection_s1_observation_n1_u_plus_or_minus_0.2,background_bhi360_accel_gyro_quaternion_100hz_not_model_input,5,100,20000,500,0,unencrypted_unbonded,dedicated_pulse_event_workqueue_plus_constant_time_bt_callbacks,dwt_active_core_counter_includes_preemption_and_interrupts,event_workqueue_cumulative_since_start_excludes_bt_rx_and_uart,full_tensor_fp32le_plus_crc,async_att_wall_plus_incremental_wire_crc,post_transfer_fp32le_decode,crc_validated_initiator_receipt_ack_at_responder,endpoint_submitted_or_accepted_not_over_air,firmware_att_value_boundary,post_event_export_handshake_excluded_from_protocol_counters,not_measured_no_ble_sniffer,automatic_campaign,0,after_go_guard_through_single_trial_cleanup_before_dump_guard,optional_gpio_or_firmware_timing,4096,4096,1,P1.14,P1.13,P1.12,P1.11,event,selection,encoder,head_forward_backward,serialization,radio,mixing,control,,,,,,,initiator,,,utility_update,6,conneration_us,us,1,1,1,0,1,0,0,0,1,1,f7a7c9363af841d6e3948ff0291cd0024060435a40fc1e8135c6500a2979f9e9,c6a402088c7806dd9c32772d39a4e731124cfce6764053c9c9de118b84e8d7ce,4,4,4,4,0,4,4,4
199ea2dedb66682329f558d748d984288db699e8ce36a9c957303b9043058816,bca004d67e520d879c4d17367b5436bb9f2383a4,V1R1,pulse_release,final_capture_requirements_enforced,6716da0b2cf47106d541f526f3ae258d46f820608290c7ceb563e121d41ee320,3b41a9fcf048eef0a5f29163b3ac3120fc95d8e624d85023bd77e2c035f76243,exported_pulse_npz,pulse_hhar_seed7_a_b.npz,pulse-har-v1,1,487dbf72bd5f999f8e10a8295e6ee1839ecafaf94f6ad7345be9ea18c5820048,internal_flash_versioned_artifact_replay_windows,float32,16,2,ncs-v3.4.0,4.4.0,14.3.0,speed,128000000,1000000,zephyr_64bit_api_grtc_syscounter_includes_sleep,HAR,6,4550,relu,mean,4,18200,18200,13616,18200,2,18200,208,24,128000000,0.00999999978,0.5,0.200000003,0,0.25,9.99999996e-13,8,xorshift32_uniform_positive_exact_ties,reset_each_repetition_public_seed_selection_s1_observation_n1_u_plus_or_minus_0.2,background_bhi360_accel_gyro_quaternion_100hz_not_model_input,5,100,20000,500,0,unencrypted_unbonded,dedicated_pulse_event_workqueue_plus_constant_time_bt_callbacks,dwt_active_core_counter_includes_preemption_and_interrupts,event_workqueue_cumulative_since_start_excludes_bt_rx_and_uart,full_tensor_fp32le_plus_crc,async_att_wall_plus_incremental_wire_crc,post_transfer_fp32le_decode,crc_validated_initiator_receipt_ack_at_responder,endpoint_submitted_or_accepted_not_over_air,firmware_att_value_boundary,post_event_export_handshake_excluded_from_protocol_counters,not_measured_no_ble_sniffer,automatic_campaign,0,after_go_guard_through_single_trial_cleanup_before_dump_guard,optional_gpio_or_firmware_timing,4096,4096,1,P1.14,P1.13,P1.12,P1.11,event,selection,encoder,head_forward_backward,serialization,radio,mixing,control,,,,,,,initiator,,,utility_update,6,even,,1,1,1,0,1,0,0,0,1,1,f7a7c9363af841d6e3948ff0291cd0024060435a40fc1e8135c6500a2979f9e9,c6a402088c7806dd9c32772d39a4e731124cfce6764053c9c9de118b84e8d7ce,6,6,6,6,0,6,6,6
199ea2dedb66682329f558d748d984288db699e8ce36a9c957303b9043058816,bca004d67e520d879c4d17367b5436bb9f2383a4,V1R1,pulse_release,final_capture_requirements_enforced,6716da0b2cf47106d541f526f3ae258d46f820608290c7ceb563e121d41ee320,3b41a9fcf048eef0a5f29163b3ac3120fc95d8e624d85023bd77e2c035f76243,exported_pulse_npz,pulse_hhar_seed7_a_b.npz,pulse-har-v1,1,487dbf72bd5f999f8e10a8295e6ee1839ecafaf94f6ad7345be9ea18c5820048,internal_flash_versioned_artifact_replay_windows,float32,16,2,ncs-v3.4.0,4.4.0,14.3.0,speed,128000000,1000000,zephyr_64bit_api_grtc_syscounter_includes_sleep,HAR,6,4550,relu,mean,4,18200,18200,13616,18200,2,18200,208,24,128000000,0.00999999978,0.5,0.200000003,0,0.25,9.99999996e-13,8,xorshift32_uniform_positive_exact_ties,reset_each_repetition_public_seed_selection_s1_observation_n1_u_plus_or_minus_0.2,background_bhi360_accel_gyro_quaternion_100hz_not_model_input,5,100,20000,500,0,unencrypted_unbonded,dedicated_pulse_event_workqueue_plus_constant_time_bt_callbacks,dwt_active_core_counter_includes_preemption_and_interrupts,event_workqueue_cumulative_since_start_excludes_bt_rx_and_uart,full_tensor_fp32le_plus_crc,async_att_wall_plus_incremental_wire_crc,post_transfer_fp32le_decode,crc_validated_initiator_receipt_ack_at_responder,endpoint_submitted_or_accepted_not_over_air,firmware_att_value_boundary,post_event_export_handshake_excluded_from_protocol_counters,not_measured_no_ble_sniffer,automatic_campaign,0,after_go_guard_through_single_trial_cleanup_before_dump_guard,optional_gpio_or_firmware_timing,4096,4096,1,P1.14,P1.13,P1.12,P1.11,event,selection,encoder,head_forward_backward,serialization,radio,mixing,control,,,,,,,initiator,,,utility_update,6,wall_r,,1,1,1,0,1,0,0,0,1,1,f7a7c9363af841d6e3948ff0291cd0024060435a40fc1e8135c6500a2979f9e9,c6a402088c7806dd9c32772d39a4e731124cfce6764053c9c9de118b84e8d7ce,1054308481,1054308481,1054308481,1054308481,0,1054308481,1054308481,1054308481
199ea2dedb66682329f558d748d984288db699e8ce36a9c957303b9043058816,bca004d67e520d879c4d17367b5436bb9f2383a4,V1R1,pulse_release,final_capture_requirements_enforced,6716da0b2cf47106d541f526f3ae258d46f820608290c7ceb563e121d41ee320,3b41a9fcf048eef0a5f29163b3ac3120fc95d8e624d85023bd77e2c035f76243,exported_pulse_npz,pulse_hhar_seed7_a_b.npz,pulse-har-v1,1,487dbf72bd5f999f8e10a8295e6ee1839ecafaf94f6ad7345be9ea18c5820048,internal_flash_versioned_artifact_replay_windows,float32,16,2,ncs-v3.4.0,4.4.0,14.3.0,speed,128000000,1000000,zephyr_64bit_api_grtc_syscounter_includes_sleep,HAR,6,4550,relu,mean,4,18200,18200,13616,18200,2,18200,208,24,128000000,0.00999999978,0.5,0.200000003,0,0.25,9.99999996e-13,8,xorshift32_uniform_positive_exact_ties,reset_each_repetition_public_seed_selection_s1_observation_n1_u_plus_or_minus_0.2,background_bhi360_accel_gyro_quaternion_100hz_not_model_input,5,100,20000,500,0,unencrypted_unbonded,dedicated_pulse_event_workqueue_plus_constant_time_bt_callbacks,dwt_active_core_counter_includes_preemption_and_interrupts,event_workqueue_cumulative_since_start_excludes_bt_rx_and_uart,full_tensor_fp32le_plus_crc,async_att_wall_plus_incremental_wire_crc,post_transfer_fp32le_decode,crc_validated_initiator_receipt_ack_at_responder,endpoint_submitted_or_accepted_not_over_air,firmware_att_value_boundary,post_event_export_handshake_excluded_from_protocol_counters,not_measured_no_ble_sniffer,automatic_campaign,0,after_go_guard_through_single_trial_cleanup_before_dump_guard,optional_gpio_or_firmware_timing,4096,4096,1,P1.14,P1.13,P1.12,P1.11,event,selection,encoder,head_forward_backward,serialization,radio,mixing,control,,,,,,,initiator,disconnected,,peer_selection,1,wall_duration_us,us,1,1,1,0,1,0,0,0,1,1,f7a7c9363af841d6e3948ff0291cd0024060435a40fc1e8135c6500a2979f9e9,c6a402088c7806dd9c32772d39a4e731124cfce6764053c9c9de118b84e8d7ce,79,79,79,79,0,79,79,79
199ea2dedb66682329f558d748d984288db699e8ce36a9c957303b9043058816,bca004d67e520d879c4d17367b5436bb9f2383a4,V1R1,pulse_release,final_capture_requirements_enforced,6716da0b2cf47106d541f526f3ae258d46f820608290c7ceb563e121d41ee320,3b41a9fcf048eef0a5f29163b3ac3120fc95d8e624d85023bd77e2c035f76243,exported_pulse_npz,pulse_hhar_seed7_a_b.npz,pulse-har-v1,1,487dbf72bd5f999f8e10a8295e6ee1839ecafaf94f6ad7345be9ea18c5820048,internal_flash_versioned_artifact_replay_windows,float32,16,2,ncs-v3.4.0,4.4.0,14.3.0,speed,128000000,1000000,zephyr_64bit_api_grtc_syscounter_includes_sleep,HAR,6,4550,relu,mean,4,18200,18200,13616,18200,2,18200,208,24,128000000,0.00999999978,0.5,0.200000003,0,0.25,9.99999996e-13,8,xorshift32_uniform_positive_exact_ties,reset_each_repetition_public_seed_selection_s1_observation_n1_u_plus_or_minus_0.2,background_bhi360_accel_gyro_quaternion_100hz_not_model_input,5,100,20000,500,0,unencrypted_unbonded,dedicated_pulse_event_workqueue_plus_constant_time_bt_callbacks,dwt_active_core_counter_includes_preemption_and_interrupts,event_workqueue_cumulative_since_start_excludes_bt_rx_and_uart,full_tensor_fp32le_plus_crc,async_att_wall_plus_incremental_wire_crc,post_transfer_fp32le_decode,crc_validated_initiator_receipt_ack_at_responder,endpoint_submitted_or_accepted_not_over_air,firmware_att_value_boundary,post_event_export_handshake_excluded_from_protocol_counters,not_measured_no_ble_sniffer,automatic_campaign,0,after_go_guard_through_single_trial_cleanup_before_dump_guard,optional_gpio_or_firmware_timing,4096,4096,1,P1.14,P1.13,P1.12,P1.11,event,selection,encoder,head_forward_backward,serialization,radio,mixing,control,,,,,,,initiator,disconnected,,utility_update,6,wall_duration_us,us,1,1,1,0,1,0,0,0,1,1,f7a7c9363af841d6e3948ff0291cd0024060435a40fc1e8135c6500a2979f9e9,c6a402088c7806dd9c32772d39a4e731124cfce6764053c9c9de118b84e8d7ce,3,3,3,3,0,3,3,3
199ea2dedb66682329f558d748d984288db699e8ce36a9c957303b9043058816,bca004d67e520d879c4d17367b5436bb9f2383a4,V1R1,pulse_release,final_capture_requirements_enforced,6716da0b2cf47106d541f526f3ae258d46f820608290c7ceb563e121d41ee320,3b41a9fcf048eef0a5f29163b3ac3120fc95d8e624d85023bd77e2c035f76243,exported_pulse_npz,pulse_hhar_seed7_a_b.npz,pulse-har-v1,1,487dbf72bd5f999f8e10a8295e6ee1839ecafaf94f6ad7345be9ea18c5820048,internal_flash_versioned_artifact_replay_windows,float32,16,2,ncs-v3.4.0,4.4.0,14.3.0,speed,128000000,1000000,zephyr_64bit_api_grtc_syscounter_includes_sleep,HAR,6,4550,relu,mean,4,18200,18200,13616,18200,2,18200,208,24,128000000,0.00999999978,0.5,0.200000003,0,0.25,9.99999996e-13,8,xorshift32_uniform_positive_exact_ties,reset_each_repetition_public_seed_selection_s1_observation_n1_u_plus_or_minus_0.2,background_bhi360_accel_gyro_quaternion_100hz_not_model_input,5,100,20000,500,0,unencrypted_unbonded,dedicated_pulse_event_workqueue_plus_constant_time_bt_callbacks,dwt_active_core_counter_includes_preemption_and_interrupts,event_workqueue_cumulative_since_start_excludes_bt_rx_and_uart,full_tensor_fp32le_plus_crc,async_att_wall_plus_incremental_wire_crc,post_transfer_fp32le_decode,crc_validated_initiator_receipt_ack_at_responder,endpoint_submitted_or_accepted_not_over_air,firmware_att_value_boundary,post_event_export_handshake_excluded_from_protocol_counters,not_measured_no_ble_sniffer,automatic_campaign,0,after_go_guard_through_single_trial_cleanup_before_dump_guard,optional_gpio_or_firmware_timing,4096,4096,1,P1.14,P1.13,P1.12,P1.11,event,selection,encoder,head_forward_backward,serialization,radio,mixing,control,,,,,,,larmup=0,disconnected,,peer_selection,1,eventdex,,1,1,1,0,1,0,0,0,1,1,f7a7c9363af841d6e3948ff0291cd0024060435a40fc1e8135c6500a2979f9e9,c6a402088c7806dd9c32772d39a4e731124cfce6764053c9c9de118b84e8d7ce,142,142,142,142,0,142,142,142
199ea2dedb66682329f558d748d984288db699e8ce36a9c957303b9043058816,bca004d67e520d879c4d17367b5436bb9f2383a4,V1R1,pulse_release,final_capture_requirements_enforced,6716da0b2cf47106d541f526f3ae258d46f820608290c7ceb563e121d41ee320,3b41a9fcf048eef0a5f29163b3ac3120fc95d8e624d85023bd77e2c035f76243,exported_pulse_npz,pulse_hhar_seed7_a_b.npz,pulse-har-v1,1,487dbf72bd5f999f8e10a8295e6ee1839ecafaf94f6ad7345be9ea18c5820048,internal_flash_versioned_artifact_replay_windows,float32,16,2,ncs-v3.4.0,4.4.0,14.3.0,speed,128000000,1000000,zephyr_64bit_api_grtc_syscounter_includes_sleep,HAR,6,4550,relu,mean,4,18200,18200,13616,18200,2,18200,208,24,128000000,0.00999999978,0.5,0.200000003,0,0.25,9.99999996e-13,8,xorshift32_uniform_positive_exact_ties,reset_each_repetition_public_seed_selection_s1_observation_n1_u_plus_or_minus_0.2,background_bhi360_accel_gyro_quaternion_100hz_not_model_input,5,100,20000,500,0,unencrypted_unbonded,dedicated_pulse_event_workqueue_plus_constant_time_bt_callbacks,dwt_active_core_counter_includes_preemption_and_interrupts,event_workqueue_cumulative_since_start_excludes_bt_rx_and_uart,full_tensor_fp32le_plus_crc,async_att_wall_plus_incremental_wire_crc,post_transfer_fp32le_decode,crc_validated_initiator_receipt_ack_at_responder,endpoint_submitted_or_accepted_not_over_air,firmware_att_value_boundary,post_event_export_handshake_excluded_from_protocol_counters,not_measured_no_ble_sniffer,automatic_campaign,0,after_go_guard_through_single_trial_cleanup_before_dump_guard,optional_gpio_or_firmware_timing,4096,4096,1,P1.14,P1.13,P1.12,P1.11,event,selection,encoder,head_forward_backward,serialization,radio,mixing,control,,,,,,,larmup=0,disconnected,,peer_selection,1,wall_duration_us,us,1,1,1,0,1,0,0,0,1,1,f7a7c9363af841d6e3948ff0291cd0024060435a40fc1e8135c6500a2979f9e9,c6a402088c7806dd9c32772d39a4e731124cfce6764053c9c9de118b84e8d7ce,52,52,52,52,0,52,52,52
199ea2dedb66682329f558d748d984288db699e8ce36a9c957303b9043058816,bca004d67e520d879c4d17367b5436bb9f2383a4,V1R1,pulse_release,final_capture_requirements_enforced,6716da0b2cf47106d541f526f3ae258d46f820608290c7ceb563e121d41ee320,3b41a9fcf048eef0a5f29163b3ac3120fc95d8e624d85023bd77e2c035f76243,exported_pulse_npz,pulse_hhar_seed7_a_b.npz,pulse-har-v1,1,487dbf72bd5f999f8e10a8295e6ee1839ecafaf94f6ad7345be9ea18c5820048,internal_flash_versioned_artifact_replay_windows,float32,16,2,ncs-v3.4.0,4.4.0,14.3.0,speed,128000000,1000000,zephyr_64bit_api_grtc_syscounter_includes_sleep,HAR,6,4550,relu,mean,4,18200,18200,13616,18200,2,18200,208,24,128000000,0.00999999978,0.5,0.200000003,0,0.25,9.99999996e-13,8,xorshift32_uniform_positive_exact_ties,reset_each_repetition_public_seed_selection_s1_observation_n1_u_plus_or_minus_0.2,background_bhi360_accel_gyro_quaternion_100hz_not_model_input,5,100,20000,500,0,unencrypted_unbonded,dedicated_pulse_event_workqueue_plus_constant_time_bt_callbacks,dwt_active_core_counter_includes_preemption_and_interrupts,event_workqueue_cumulative_since_start_excludes_bt_rx_and_uart,full_tensor_fp32le_plus_crc,async_att_wall_plus_incremental_wire_crc,post_transfer_fp32le_decode,crc_validated_initiator_receipt_ack_at_responder,endpoint_submitted_or_accepted_not_over_air,firmware_att_value_boundary,post_event_export_handshake_excluded_from_protocol_counters,not_measured_no_ble_sniffer,automatic_campaign,0,after_go_guard_through_single_trial_cleanup_before_dump_guard,optional_gpio_or_firmware_timing,4096,4096,1,P1.14,P1.13,P1.12,P1.11,event,selection,encoder,head_forward_backward,serialization,radio,mixing,control,,,,,,,larmup=0,disconnected,,peer_selection,1,wd,,1,1,1,0,1,0,0,0,1,1,f7a7c9363af841d6e3948ff0291cd0024060435a40fc1e8135c6500a2979f9e9,c6a402088c7806dd9c32772d39a4e731124cfce6764053c9c9de118b84e8d7ce,0,0,0,0,0,0,0,0
199ea2dedb66682329f558d748d984288db699e8ce36a9c957303b9043058816,bca004d67e520d879c4d17367b5436bb9f2383a4,V1R1,pulse_release,final_capture_requirements_enforced,6716da0b2cf47106d541f526f3ae258d46f820608290c7ceb563e121d41ee320,3b41a9fcf048eef0a5f29163b3ac3120fc95d8e624d85023bd77e2c035f76243,exported_pulse_npz,pulse_hhar_seed7_a_b.npz,pulse-har-v1,1,487dbf72bd5f999f8e10a8295e6ee1839ecafaf94f6ad7345be9ea18c5820048,internal_flash_versioned_artifact_replay_windows,float32,16,2,ncs-v3.4.0,4.4.0,14.3.0,speed,128000000,1000000,zephyr_64bit_api_grtc_syscounter_includes_sleep,HAR,6,4550,relu,mean,4,18200,18200,13616,18200,2,18200,208,24,128000000,0.00999999978,0.5,0.200000003,0,0.25,9.99999996e-13,8,xorshift32_uniform_positive_exact_ties,reset_each_repetition_public_seed_selection_s1_observation_n1_u_plus_or_minus_0.2,background_bhi360_accel_gyro_quaternion_100hz_not_model_input,5,100,20000,500,0,unencrypted_unbonded,dedicated_pulse_event_workqueue_plus_constant_time_bt_callbacks,dwt_active_core_counter_includes_preemption_and_interrupts,event_workqueue_cumulative_since_start_excludes_bt_rx_and_uart,full_tensor_fp32le_plus_crc,async_att_wall_plus_incremental_wire_crc,post_transfer_fp32le_decode,crc_validated_initiator_receipt_ack_at_responder,endpoint_submitted_or_accepted_not_over_air,firmware_att_value_boundary,post_event_export_handshake_excluded_from_protocol_counters,not_measured_no_ble_sniffer,automatic_campaign,0,after_go_guard_through_single_trial_cleanup_before_dump_guard,optional_gpio_or_firmware_timing,4096,4096,1,P1.14,P1.13,P1.12,P1.11,event,selection,encoder,head_forward_backward,serialization,radio,mixing,control,,,,,,accepted_connected,initiator,connected,,agreement,6,wall_duration_us,us,1,1,1,0,1,0,0,0,1,1,f7a7c9363af841d6e3948ff0291cd0024060435a40fc1e8135c6500a2979f9e9,c6a402088c7806dd9c32772d39a4e731124cfce6764053c9c9de118b84e8d7ce,25675,25675,25675,25675,0,25675,25675,25675
199ea2dedb66682329f558d748d984288db699e8ce36a9c957303b9043058816,bca004d67e520d879c4d17367b5436bb9f2383a4,V1R1,pulse_release,final_capture_requirements_enforced,6716da0b2cf47106d541f526f3ae258d46f820608290c7ceb563e121d41ee320,3b41a9fcf048eef0a5f29163b3ac3120fc95d8e624d85023bd77e2c035f76243,exported_pulse_npz,pulse_hhar_seed7_a_b.npz,pulse-har-v1,1,487dbf72bd5f999f8e10a8295e6ee1839ecafaf94f6ad7345be9ea18c5820048,internal_flash_versioned_artifact_replay_windows,float32,16,2,ncs-v3.4.0,4.4.0,14.3.0,speed,128000000,1000000,zephyr_64bit_api_grtc_syscounter_includes_sleep,HAR,6,4550,relu,mean,4,18200,18200,13616,18200,2,18200,208,24,128000000,0.00999999978,0.5,0.200000003,0,0.25,9.99999996e-13,8,xorshift32_uniform_positive_exact_ties,reset_each_repetition_public_seed_selection_s1_observation_n1_u_plus_or_minus_0.2,background_bhi360_accel_gyro_quaternion_100hz_not_model_input,5,100,20000,500,0,unencrypted_unbonded,dedicated_pulse_event_workqueue_plus_constant_time_bt_callbacks,dwt_active_core_counter_includes_preemption_and_interrupts,event_workqueue_cumulative_since_start_excludes_bt_rx_and_uart,full_tensor_fp32le_plus_crc,async_att_wall_plus_incremental_wire_crc,post_transfer_fp32le_decode,crc_validated_initiator_receipt_ack_at_responder,endpoint_submitted_or_accepted_not_over_air,firmware_att_value_boundary,post_event_export_handshake_excluded_from_protocol_counters,not_measured_no_ble_sniffer,automatic_campaign,0,after_go_guard_through_single_trial_cleanup_before_dump_guard,optional_gpio_or_firmware_timing,4096,4096,1,P1.14,P1.13,P1.12,P1.11,event,selection,encoder,head_forward_backward,serialization,radio,mixing,control,,,,,,accepted_connected,initiator,connected,,head_serialization,4,wall_duration_us,us,1,1,1,0,1,0,0,0,1,1,f7a7c9363af841d6e3948ff0291cd0024060435a40fc1e8135c6500a2979f9e9,c6a402088c7806dd9c32772d39a4e731124cfce6764053c9c9de118b84e8d7ce,2995,2995,2995,2995,0,2995,2995,2995
199ea2dedb66682329f558d748d984288db699e8ce36a9c957303b9043058816,bca004d67e520d879c4d17367b5436bb9f2383a4,V1R1,pulse_release,final_capture_requirements_enforced,6716da0b2cf47106d541f526f3ae258d46f820608290c7ceb563e121d41ee320,3b41a9fcf048eef0a5f29163b3ac3120fc95d8e624d85023bd77e2c035f76243,exported_pulse_npz,pulse_hhar_seed7_a_b.npz,pulse-har-v1,1,487dbf72bd5f999f8e10a8295e6ee1839ecafaf94f6ad7345be9ea18c5820048,internal_flash_versioned_artifact_replay_windows,float32,16,2,ncs-v3.4.0,4.4.0,14.3.0,speed,128000000,1000000,zephyr_64bit_api_grtc_syscounter_includes_sleep,HAR,6,4550,relu,mean,4,18200,18200,13616,18200,2,18200,208,24,128000000,0.00999999978,0.5,0.200000003,0,0.25,9.99999996e-13,8,xorshift32_uniform_positive_exact_ties,reset_each_repetition_public_seed_selection_s1_observation_n1_u_plus_or_minus_0.2,background_bhi360_accel_gyro_quaternion_100hz_not_model_input,5,100,20000,500,0,unencrypted_unbonded,dedicated_pulse_event_workqueue_plus_constant_time_bt_callbacks,dwt_active_core_counter_includes_preemption_and_interrupts,event_workqueue_cumulative_since_start_excludes_bt_rx_and_uart,full_tensor_fp32le_plus_crc,async_att_wall_plus_incremental_wire_crc,post_transfer_fp32le_decode,crc_validated_initiator_receipt_ack_at_responder,endpoint_submitted_or_accepted_not_over_air,firmware_att_value_boundary,post_event_export_handshake_excluded_from_protocol_counters,not_measured_no_ble_sniffer,automatic_campaign,0,after_go_guard_through_single_trial_cleanup_before_dump_guard,optional_gpio_or_firmware_timing,4096,4096,1,P1.14,P1.13,P1.12,P1.11,event,selection,encoder,head_forward_backward,serialization,radio,mixing,control,,,,,,accepted_connected,initiator,connected,,normalization,6,cycle_dur,,1,1,1,0,1,0,0,0,1,1,f7a7c9363af841d6e3948ff0291cd0024060435a40fc1e8135c6500a2979f9e9,c6a402088c7806dd9c32772d39a4e731124cfce6764053c9c9de118b84e8d7ce,0,0,0,0,0,0,0,0
199ea2dedb66682329f558d748d984288db699e8ce36a9c957303b9043058816,bca004d67e520d879c4d17367b5436bb9f2383a4,V1R1,pulse_release,final_capture_requirements_enforced,6716da0b2cf47106d541f526f3ae258d46f820608290c7ceb563e121d41ee320,3b41a9fcf048eef0a5f29163b3ac3120fc95d8e624d85023bd77e2c035f76243,exported_pulse_npz,pulse_hhar_seed7_a_b.npz,pulse-har-v1,1,487dbf72bd5f999f8e10a8295e6ee1839ecafaf94f6ad7345be9ea18c5820048,internal_flash_versioned_artifact_replay_windows,float32,16,2,ncs-v3.4.0,4.4.0,14.3.0,speed,128000000,1000000,zephyr_64bit_api_grtc_syscounter_includes_sleep,HAR,6,4550,relu,mean,4,18200,18200,13616,18200,2,18200,208,24,128000000,0.00999999978,0.5,0.200000003,0,0.25,9.99999996e-13,8,xorshift32_uniform_positive_exact_ties,reset_each_repetition_public_seed_selection_s1_observation_n1_u_plus_or_minus_0.2,background_bhi360_accel_gyro_quaternion_100hz_not_model_input,5,100,20000,500,0,unencrypted_unbonded,dedicated_pulse_event_workqueue_plus_constant_time_bt_callbacks,dwt_active_core_counter_includes_preemption_and_interrupts,event_workqueue_cumulative_since_start_excludes_bt_rx_and_uart,full_tensor_fp32le_plus_crc,async_att_wall_plus_incremental_wire_crc,post_transfer_fp32le_decode,crc_validated_initiator_receipt_ack_at_responder,endpoint_submitted_or_accepted_not_over_air,firmware_att_value_boundary,post_event_export_handshake_excluded_from_protocol_counters,not_measured_no_ble_sniffer,automatic_campaign,0,after_go_guard_through_single_trial_cleanup_before_dump_guard,optional_gpio_or_firmware_timing,4096,4096,1,P1.14,P1.13,P1.12,P1.11,event,selection,encoder,head_forward_backward,serialization,radio,mixing,control,,,,,,accepted_connected,initiator,connected,,normalization,6,wall_duration_us,us,1,1,1,0,1,0,0,0,1,1,f7a7c9363af841d6e3948ff0291cd0024060435a40fc1e8135c6500a2979f9e9,c6a402088c7806dd9c32772d39a4e731124cfce6764053c9c9de118b84e8d7ce,21,21,21,21,0,21,21,21
199ea2dedb66682329f558d748d984288db699e8ce36a9c957303b9043058816,bca004d67e520d879c4d17367b5436bb9f2383a4,V1R1,pulse_release,final_capture_requirements_enforced,6716da0b2cf47106d541f526f3ae258d46f820608290c7ceb563e121d41ee320,3b41a9fcf048eef0a5f29163b3ac3120fc95d8e624d85023bd77e2c035f76243,exported_pulse_npz,pulse_hhar_seed7_a_b.npz,pulse-har-v1,1,487dbf72bd5f999f8e10a8295e6ee1839ecafaf94f6ad7345be9ea18c5820048,internal_flash_versioned_artifact_replay_windows,float32,16,2,ncs-v3.4.0,4.4.0,14.3.0,speed,128000000,1000000,zephyr_64bit_api_grtc_syscounter_includes_sleep,HAR,6,4550,relu,mean,4,18200,18200,13616,18200,2,18200,208,24,128000000,0.00999999978,0.5,0.200000003,0,0.25,9.99999996e-13,8,xorshift32_uniform_positive_exact_ties,reset_each_repetition_public_seed_selection_s1_observation_n1_u_plus_or_minus_0.2,background_bhi360_accel_gyro_quaternion_100hz_not_model_input,5,100,20000,500,0,unencrypted_unbonded,dedicated_pulse_event_workqueue_plus_constant_time_bt_callbacks,dwt_active_core_counter_includes_preemption_and_interrupts,event_workqueue_cumulative_since_start_excludes_bt_rx_and_uart,full_tensor_fp32le_plus_crc,async_att_wall_plus_incremental_wire_crc,post_transfer_fp32le_decode,crc_validated_initiator_receipt_ack_at_responder,endpoint_submitted_or_accepted_not_over_air,firmware_att_value_boundary,post_event_export_handshake_excluded_from_protocol_counters,not_measured_no_ble_sniffer,automatic_campaign,0,after_go_guard_through_single_trial_cleanup_before_dump_guard,optional_gpio_or_firmware_timing,4096,4096,1,P1.14,P1.13,P1.12,P1.11,event,selection,encoder,head_forward_backward,serialization,radio,mixing,control,,,,,,accepted_connected,initiator,connected,,normalization,6,warmupnge_id,,1,1,1,0,1,0,0,0,1,1,f7a7c9363af841d6e3948ff0291cd0024060435a40fc1e8135c6500a2979f9e9,c6a402088c7806dd9c32772d39a4e731124cfce6764053c9c9de118b84e8d7ce,40,40,40,40,0,40,40,40
199ea2dedb66682329f558d748d984288db699e8ce36a9c957303b9043058816,bca004d67e520d879c4d17367b5436bb9f2383a4,V1R1,pulse_release,final_capture_requirements_enforced,6716da0b2cf47106d541f526f3ae258d46f820608290c7ceb563e121d41ee320,3b41a9fcf048eef0a5f29163b3ac3120fc95d8e624d85023bd77e2c035f76243,exported_pulse_npz,pulse_hhar_seed7_a_b.npz,pulse-har-v1,1,487dbf72bd5f999f8e10a8295e6ee1839ecafaf94f6ad7345be9ea18c5820048,internal_flash_versioned_artifact_replay_windows,float32,16,2,ncs-v3.4.0,4.4.0,14.3.0,speed,128000000,1000000,zephyr_64bit_api_grtc_syscounter_includes_sleep,HAR,6,4550,relu,mean,4,18200,18200,13616,18200,2,18200,208,24,128000000,0.00999999978,0.5,0.200000003,0,0.25,9.99999996e-13,8,xorshift32_uniform_positive_exact_ties,reset_each_repetition_public_seed_selection_s1_observation_n1_u_plus_or_minus_0.2,background_bhi360_accel_gyro_quaternion_100hz_not_model_input,5,100,20000,500,0,unencrypted_unbonded,dedicated_pulse_event_workqueue_plus_constant_time_bt_callbacks,dwt_active_core_counter_includes_preemption_and_interrupts,event_workqueue_cumulative_since_start_excludes_bt_rx_and_uart,full_tensor_fp32le_plus_crc,async_att_wall_plus_incremental_wire_crc,post_transfer_fp32le_decode,crc_validated_initiator_receipt_ack_at_responder,endpoint_submitted_or_accepted_not_over_air,firmware_att_value_boundary,post_event_export_handshake_excluded_from_protocol_counters,not_measured_no_ble_sniffer,automatic_campaign,0,after_go_guard_through_single_trial_cleanup_before_dump_guard,optional_gpio_or_firmware_timing,4096,4096,1,P1.14,P1.13,P1.12,P1.11,event,selection,encoder,head_forward_backward,serialization,radio,mixing,control,,,,,,accepted_connected,responder,connected,,end_to_end,0,wall_duration_us,us,1,1,1,0,1,0,0,0,1,1,f7a7c9363af841d6e3948ff0291cd0024060435a40fc1e8135c6500a2979f9e9,c6a402088c7806dd9c32772d39a4e731124cfce6764053c9c9de118b84e8d7ce,3150043,3150043,3150043,3150043,0,3150043,3150043,3150043
199ea2dedb66682329f558d748d984288db699e8ce36a9c957303b9043058816,bca004d67e520d879c4d17367b5436bb9f2383a4,V1R1,pulse_release,final_capture_requirements_enforced,6716da0b2cf47106d541f526f3ae258d46f820608290c7ceb563e121d41ee320,3b41a9fcf048eef0a5f29163b3ac3120fc95d8e624d85023bd77e2c035f76243,exported_pulse_npz,pulse_hhar_seed7_a_b.npz,pulse-har-v1,1,487dbf72bd5f999f8e10a8295e6ee1839ecafaf94f6ad7345be9ea18c5820048,internal_flash_versioned_artifact_replay_windows,float32,16,2,ncs-v3.4.0,4.4.0,14.3.0,speed,128000000,1000000,zephyr_64bit_api_grtc_syscounter_includes_sleep,HAR,6,4550,relu,mean,4,18200,18200,13616,18200,2,18200,208,24,128000000,0.00999999978,0.5,0.200000003,0,0.25,9.99999996e-13,8,xorshift32_uniform_positive_exact_ties,reset_each_repetition_public_seed_selection_s1_observation_n1_u_plus_or_minus_0.2,background_bhi360_accel_gyro_quaternion_100hz_not_model_input,5,100,20000,500,0,unencrypted_unbonded,dedicated_pulse_event_workqueue_plus_constant_time_bt_callbacks,dwt_active_core_counter_includes_preemption_and_interrupts,event_workqueue_cumulative_since_start_excludes_bt_rx_and_uart,full_tensor_fp32le_plus_crc,async_att_wall_plus_incremental_wire_crc,post_transfer_fp32le_decode,crc_validated_initiator_receipt_ack_at_responder,endpoint_submitted_or_accepted_not_over_air,firmware_att_value_boundary,post_event_export_handshake_excluded_from_protocol_counters,not_measured_no_ble_sniffer,automatic_campaign,0,after_go_guard_through_single_trial_cleanup_before_dump_guard,optional_gpio_or_firmware_timing,4096,4096,1,P1.14,P1.13,P1.12,P1.11,event,selection,encoder,head_forward_backward,serialization,radio,mixing,control,,,,,,accepted_connected,responder,connected,,gradient_serialization,4,wall_duration_us,us,1,1,1,0,1,0,0,0,1,1,f7a7c9363af841d6e3948ff0291cd0024060435a40fc1e8135c6500a2979f9e9,c6a402088c7806dd9c32772d39a4e731124cfce6764053c9c9de118b84e8d7ce,3082,3082,3082,3082,0,3082,3082,3082
199ea2dedb66682329f558d748d984288db699e8ce36a9c957303b9043058816,bca004d67e520d879c4d17367b5436bb9f2383a4,V1R1,pulse_release,final_capture_requirements_enforced,6716da0b2cf47106d541f526f3ae258d46f820608290c7ceb563e121d41ee320,3b41a9fcf048eef0a5f29163b3ac3120fc95d8e624d85023bd77e2c035f76243,exported_pulse_npz,pulse_hhar_seed7_a_b.npz,pulse-har-v1,1,487dbf72bd5f999f8e10a8295e6ee1839ecafaf94f6ad7345be9ea18c5820048,internal_flash_versioned_artifact_replay_windows,float32,16,2,ncs-v3.4.0,4.4.0,14.3.0,speed,128000000,1000000,zephyr_64bit_api_grtc_syscounter_includes_sleep,HAR,6,4550,relu,mean,4,18200,18200,13616,18200,2,18200,208,24,128000000,0.00999999978,0.5,0.200000003,0,0.25,9.99999996e-13,8,xorshift32_uniform_positive_exact_ties,reset_each_repetition_public_seed_selection_s1_observation_n1_u_plus_or_minus_0.2,background_bhi360_accel_gyro_quaternion_100hz_not_model_input,5,100,20000,500,0,unencrypted_unbonded,dedicated_pulse_event_workqueue_plus_constant_time_bt_callbacks,dwt_active_core_counter_includes_preemption_and_interrupts,event_workqueue_cumulative_since_start_excludes_bt_rx_and_uart,full_tensor_fp32le_plus_crc,async_att_wall_plus_incremental_wire_crc,post_transfer_fp32le_decode,crc_validated_initiator_receipt_ack_at_responder,endpoint_submitted_or_accepted_not_over_air,firmware_att_value_boundary,post_event_export_handshake_excluded_from_protocol_counters,not_measured_no_ble_sniffer,automatic_campaign,0,after_go_guard_through_single_trial_cleanup_before_dump_guard,optional_gpio_or_firmware_timing,4096,4096,1,P1.14,P1.13,P1.12,P1.11,event,selection,encoder,head_forward_backward,serialization,radio,mixing,control,,,,,,accepted_connected,responder,connected,,gradient_transfer,5,wall_duration_us,us,1,1,1,0,1,0,0,0,1,1,f7a7c9363af841d6e3948ff0291cd0024060435a40fc1e8135c6500a2979f9e9,c6a402088c7806dd9c32772d39a4e731124cfce6764053c9c9de118b84e8d7ce,1198145,1198145,1198145,1198145,0,1198145,1198145,1198145
199ea2dedb66682329f558d748d984288db699e8ce36a9c957303b9043058816,bca004d67e520d879c4d17367b5436bb9f2383a4,V1R1,pulse_release,final_capture_requirements_enforced,6716da0b2cf47106d541f526f3ae258d46f820608290c7ceb563e121d41ee320,3b41a9fcf048eef0a5f29163b3ac3120fc95d8e624d85023bd77e2c035f76243,exported_pulse_npz,pulse_hhar_seed7_a_b.npz,pulse-har-v1,1,487dbf72bd5f999f8e10a8295e6ee1839ecafaf94f6ad7345be9ea18c5820048,internal_flash_versioned_artifact_replay_windows,float32,16,2,ncs-v3.4.0,4.4.0,14.3.0,speed,128000000,1000000,zephyr_64bit_api_grtc_syscounter_includes_sleep,HAR,6,4550,relu,mean,4,18200,18200,13616,18200,2,18200,208,24,128000000,0.00999999978,0.5,0.200000003,0,0.25,9.99999996e-13,8,xorshift32_uniform_positive_exact_ties,reset_each_repetition_public_seed_selection_s1_observation_n1_u_plus_or_minus_0.2,background_bhi360_accel_gyro_quaternion_100hz_not_model_input,5,100,20000,500,0,unencrypted_unbonded,dedicated_pulse_event_workqueue_plus_constant_time_bt_callbacks,dwt_active_core_counter_includes_preemption_and_interrupts,event_workqueue_cumulative_since_start_excludes_bt_rx_and_uart,full_tensor_fp32le_plus_crc,async_att_wall_plus_incremental_wire_crc,post_transfer_fp32le_decode,crc_validated_initiator_receipt_ack_at_responder,endpoint_submitted_or_accepted_not_over_air,firmware_att_value_boundary,post_event_export_handshake_excluded_from_protocol_counters,not_measured_no_ble_sniffer,automatic_campaign,0,after_go_guard_through_single_trial_cleanup_before_dump_guard,optional_gpio_or_firmware_timing,4096,4096,1,P1.14,P1.13,P1.12,P1.11,event,selection,encoder,head_forward_backward,serialization,radio,mixing,control,,,,,,accepted_connected,responder,connected,,head_deserialization,4,wall_duration_us,us,1,1,1,0,1,0,0,0,1,1,f7a7c9363af841d6e3948ff0291cd0024060435a40fc1e8135c6500a2979f9e9,c6a402088c7806dd9c32772d39a4e731124cfce6764053c9c9de118b84e8d7ce,215,215,215,215,0,215,215,215
199ea2dedb66682329f558d748d984288db699e8ce36a9c957303b9043058816,bca004d67e520d879c4d17367b5436bb9f2383a4,V1R1,pulse_release,final_capture_requirements_enforced,6716da0b2cf47106d541f526f3ae258d46f820608290c7ceb563e121d41ee320,3b41a9fcf048eef0a5f29163b3ac3120fc95d8e624d85023bd77e2c035f76243,exported_pulse_npz,pulse_hhar_seed7_a_b.npz,pulse-har-v1,1,487dbf72bd5f999f8e10a8295e6ee1839ecafaf94f6ad7345be9ea18c5820048,internal_flash_versioned_artifact_replay_windows,float32,16,2,ncs-v3.4.0,4.4.0,14.3.0,speed,128000000,1000000,zephyr_64bit_api_grtc_syscounter_includes_sleep,HAR,6,4550,relu,mean,4,18200,18200,13616,18200,2,18200,208,24,128000000,0.00999999978,0.5,0.200000003,0,0.25,9.99999996e-13,8,xorshift32_uniform_positive_exact_ties,reset_each_repetition_public_seed_selection_s1_observation_n1_u_plus_or_minus_0.2,background_bhi360_accel_gyro_quaternion_100hz_not_model_input,5,100,20000,500,0,unencrypted_unbonded,dedicated_pulse_event_workqueue_plus_constant_time_bt_callbacks,dwt_active_core_counter_includes_preemption_and_interrupts,event_workqueue_cumulative_since_start_excludes_bt_rx_and_uart,full_tensor_fp32le_plus_crc,async_att_wall_plus_incremental_wire_crc,post_transfer_fp32le_decode,crc_validated_initiator_receipt_ack_at_responder,endpoint_submitted_or_accepted_not_over_air,firmware_att_value_boundary,post_event_export_handshake_excluded_from_protocol_counters,not_measured_no_ble_sniffer,automatic_campaign,0,after_go_guard_through_single_trial_cleanup_before_dump_guard,optional_gpio_or_firmware_timing,4096,4096,1,P1.14,P1.13,P1.12,P1.11,event,selection,encoder,head_forward_backward,serialization,radio,mixing,control,,,,,,accepted_connected,responder,connected,,responder_encoder,2,ange_id,,1,1,1,0,1,0,0,0,1,1,f7a7c9363af841d6e3948ff0291cd0024060435a40fc1e8135c6500a2979f9e9,c6a402088c7806dd9c32772d39a4e731124cfce6764053c9c9de118b84e8d7ce,60,60,60,60,0,60,60,60
199ea2dedb66682329f558d748d984288db699e8ce36a9c957303b9043058816,bca004d67e520d879c4d17367b5436bb9f2383a4,V1R1,pulse_release,final_capture_requirements_enforced,6716da0b2cf47106d541f526f3ae258d46f820608290c7ceb563e121d41ee320,3b41a9fcf048eef0a5f29163b3ac3120fc95d8e624d85023bd77e2c035f76243,exported_pulse_npz,pulse_hhar_seed7_a_b.npz,pulse-har-v1,1,487dbf72bd5f999f8e10a8295e6ee1839ecafaf94f6ad7345be9ea18c5820048,internal_flash_versioned_artifact_replay_windows,float32,16,2,ncs-v3.4.0,4.4.0,14.3.0,speed,128000000,1000000,zephyr_64bit_api_grtc_syscounter_includes_sleep,HAR,6,4550,relu,mean,4,18200,18200,13616,18200,2,18200,208,24,128000000,0.00999999978,0.5,0.200000003,0,0.25,9.99999996e-13,8,xorshift32_uniform_positive_exact_ties,reset_each_repetition_public_seed_selection_s1_observation_n1_u_plus_or_minus_0.2,background_bhi360_accel_gyro_quaternion_100hz_not_model_input,5,100,20000,500,0,unencrypted_unbonded,dedicated_pulse_event_workqueue_plus_constant_time_bt_callbacks,dwt_active_core_counter_includes_preemption_and_interrupts,event_workqueue_cumulative_since_start_excludes_bt_rx_and_uart,full_tensor_fp32le_plus_crc,async_att_wall_plus_incremental_wire_crc,post_transfer_fp32le_decode,crc_validated_initiator_receipt_ack_at_responder,endpoint_submitted_or_accepted_not_over_air,firmware_att_value_boundary,post_event_export_handshake_excluded_from_protocol_counters,not_measured_no_ble_sniffer,automatic_campaign,0,after_go_guard_through_single_trial_cleanup_before_dump_guard,optional_gpio_or_firmware_timing,4096,4096,1,P1.14,P1.13,P1.12,P1.11,event,selection,encoder,head_forward_backward,serialization,radio,mixing,control,,,,,,accepted_connected,responder,connected,,responder_encoder,2,wall_duration_us,us,1,1,1,0,1,0,0,0,1,1,f7a7c9363af841d6e3948ff0291cd0024060435a40fc1e8135c6500a2979f9e9,c6a402088c7806dd9c32772d39a4e731124cfce6764053c9c9de118b84e8d7ce,1740587,1740587,1740587,1740587,0,1740587,1740587,1740587
199ea2dedb66682329f558d748d984288db699e8ce36a9c957303b9043058816,bca004d67e520d879c4d17367b5436bb9f2383a4,V1R1,pulse_release,final_capture_requirements_enforced,6716da0b2cf47106d541f526f3ae258d46f820608290c7ceb563e121d41ee320,3b41a9fcf048eef0a5f29163b3ac3120fc95d8e624d85023bd77e2c035f76243,exported_pulse_npz,pulse_hhar_seed7_a_b.npz,pulse-har-v1,1,487dbf72bd5f999f8e10a8295e6ee1839ecafaf94f6ad7345be9ea18c5820048,internal_flash_versioned_artifact_replay_windows,float32,16,2,ncs-v3.4.0,4.4.0,14.3.0,speed,128000000,1000000,zephyr_64bit_api_grtc_syscounter_includes_sleep,HAR,6,4550,relu,mean,4,18200,18200,13616,18200,2,18200,208,24,128000000,0.00999999978,0.5,0.200000003,0,0.25,9.99999996e-13,8,xorshift32_uniform_positive_exact_ties,reset_each_repetition_public_seed_selection_s1_observation_n1_u_plus_or_minus_0.2,background_bhi360_accel_gyro_quaternion_100hz_not_model_input,5,100,20000,500,0,unencrypted_unbonded,dedicated_pulse_event_workqueue_plus_constant_time_bt_callbacks,dwt_active_core_counter_includes_preemption_and_interrupts,event_workqueue_cumulative_since_start_excludes_bt_rx_and_uart,full_tensor_fp32le_plus_crc,async_att_wall_plus_incremental_wire_crc,post_transfer_fp32le_decode,crc_validated_initiator_receipt_ack_at_responder,endpoint_submitted_or_accepted_not_over_air,firmware_att_value_boundary,post_event_export_handshake_excluded_from_protocol_counters,not_measured_no_ble_sniffer,automatic_campaign,0,after_go_guard_through_single_trial_cleanup_before_dump_guard,optional_gpio_or_firmware_timing,4096,4096,1,P1.14,P1.13,P1.12,P1.11,event,selection,encoder,head_forward_backward,serialization,radio,mixing,control,,,,,,accepted_connected,responder,connected,,responder_head_forward_backward,3,wall_duration_us,us,1,1,1,0,1,0,0,0,1,1,f7a7c9363af841d6e3948ff0291cd0024060435a40fc1e8135c6500a2979f9e9,c6a402088c7806dd9c32772d39a4e731124cfce6764053c9c9de118b84e8d7ce,12153,12153,12153,12153,0,12153,12153,12153
199ea2dedb66682329f558d748d984288db699e8ce36a9c957303b9043058816,bca004d67e520d879c4d17367b5436bb9f2383a4,V1R1,pulse_release,final_capture_requirements_enforced,6716da0b2cf47106d541f526f3ae258d46f820608290c7ceb563e121d41ee320,3b41a9fcf048eef0a5f29163b3ac3120fc95d8e624d85023bd77e2c035f76243,exported_pulse_npz,pulse_hhar_seed7_a_b.npz,pulse-har-v1,1,487dbf72bd5f999f8e10a8295e6ee1839ecafaf94f6ad7345be9ea18c5820048,internal_flash_versioned_artifact_replay_windows,float32,16,2,ncs-v3.4.0,4.4.0,14.3.0,speed,128000000,1000000,zephyr_64bit_api_grtc_syscounter_includes_sleep,HAR,6,4550,relu,mean,4,18200,18200,13616,18200,2,18200,208,24,128000000,0.00999999978,0.5,0.200000003,0,0.25,9.99999996e-13,8,xorshift32_uniform_positive_exact_ties,reset_each_repetition_public_seed_selection_s1_observation_n1_u_plus_or_minus_0.2,background_bhi360_accel_gyro_quaternion_100hz_not_model_input,5,100,20000,500,0,unencrypted_unbonded,dedicated_pulse_event_workqueue_plus_constant_time_bt_callbacks,dwt_active_core_counter_includes_preemption_and_interrupts,event_workqueue_cumulative_since_start_excludes_bt_rx_and_uart,full_tensor_fp32le_plus_crc,async_att_wall_plus_incremental_wire_crc,post_transfer_fp32le_decode,crc_validated_initiator_receipt_ack_at_responder,endpoint_submitted_or_accepted_not_over_air,firmware_att_value_boundary,post_event_export_handshake_excluded_from_protocol_counters,not_measured_no_ble_sniffer,automatic_campaign,0,after_go_guard_through_single_trial_cleanup_before_dump_guard,optional_gpio_or_firmware_timing,4096,4096,1,P1.14,P1.13,P1.12,P1.11,event,selection,encoder,head_forward_backward,serialization,radio,mixing,control,,,,,,accepted_discovery,initiator,disconnected,,normalization,6,duration_usent_index,,1,2,2,0,2,0,0,0,1,1,f7a7c9363af841d6e3948ff0291cd0024060435a40fc1e8135c6500a2979f9e9,c6a402088c7806dd9c32772d39a4e731124cfce6764053c9c9de118b84e8d7ce,405,405,405,405,0,405,405,405
199ea2dedb66682329f558d748d984288db699e8ce36a9c957303b9043058816,bca004d67e520d879c4d17367b5436bb9f2383a4,V1R1,pulse_release,final_capture_requirements_enforced,6716da0b2cf47106d541f526f3ae258d46f820608290c7ceb563e121d41ee320,3b41a9fcf048eef0a5f29163b3ac3120fc95d8e624d85023bd77e2c035f76243,exported_pulse_npz,pulse_hhar_seed7_a_b.npz,pulse-har-v1,1,487dbf72bd5f999f8e10a8295e6ee1839ecafaf94f6ad7345be9ea18c5820048,internal_flash_versioned_artifact_replay_windows,float32,16,2,ncs-v3.4.0,4.4.0,14.3.0,speed,128000000,1000000,zephyr_64bit_api_grtc_syscounter_includes_sleep,HAR,6,4550,relu,mean,4,18200,18200,13616,18200,2,18200,208,24,128000000,0.00999999978,0.5,0.200000003,0,0.25,9.99999996e-13,8,xorshift32_uniform_positive_exact_ties,reset_each_repetition_public_seed_selection_s1_observation_n1_u_plus_or_minus_0.2,background_bhi360_accel_gyro_quaternion_100hz_not_model_input,5,100,20000,500,0,unencrypted_unbonded,dedicated_pulse_event_workqueue_plus_constant_time_bt_callbacks,dwt_active_core_counter_includes_preemption_and_interrupts,event_workqueue_cumulative_since_start_excludes_bt_rx_and_uart,full_tensor_fp32le_plus_crc,async_att_wall_plus_incremental_wire_crc,post_transfer_fp32le_decode,crc_validated_initiator_receipt_ack_at_responder,endpoint_submitted_or_accepted_not_over_air,firmware_att_value_boundary,post_event_export_handshake_excluded_from_protocol_counters,not_measured_no_ble_sniffer,automatic_campaign,0,after_go_guard_through_single_trial_cleanup_before_dump_guard,optional_gpio_or_firmware_timing,4096,4096,1,P1.14,P1.13,P1.12,P1.11,event,selection,encoder,head_forward_backward,serialization,radio,mixing,control,,,,,,accepted_discovery,initiator,disconnected,,normalization,6,evus,,1,2,2,0,2,0,0,0,1,1,f7a7c9363af841d6e3948ff0291cd0024060435a40fc1e8135c6500a2979f9e9,c6a402088c7806dd9c32772d39a4e731124cfce6764053c9c9de118b84e8d7ce,25612,25612,25612,25612,0,25612,25612,25612
199ea2dedb66682329f558d748d984288db699e8ce36a9c957303b9043058816,bca004d67e520d879c4d17367b5436bb9f2383a4,V1R1,pulse_release,final_capture_requirements_enforced,6716da0b2cf47106d541f526f3ae258d46f820608290c7ceb563e121d41ee320,3b41a9fcf048eef0a5f29163b3ac3120fc95d8e624d85023bd77e2c035f76243,exported_pulse_npz,pulse_hhar_seed7_a_b.npz,pulse-har-v1,1,487dbf72bd5f999f8e10a8295e6ee1839ecafaf94f6ad7345be9ea18c5820048,internal_flash_versioned_artifact_replay_windows,float32,16,2,ncs-v3.4.0,4.4.0,14.3.0,speed,128000000,1000000,zephyr_64bit_api_grtc_syscounter_includes_sleep,HAR,6,4550,relu,mean,4,18200,18200,13616,18200,2,18200,208,24,128000000,0.00999999978,0.5,0.200000003,0,0.25,9.99999996e-13,8,xorshift32_uniform_positive_exact_ties,reset_each_repetition_public_seed_selection_s1_observation_n1_u_plus_or_minus_0.2,background_bhi360_accel_gyro_quaternion_100hz_not_model_input,5,100,20000,500,0,unencrypted_unbonded,dedicated_pulse_event_workqueue_plus_constant_time_bt_callbacks,dwt_active_core_counter_includes_preemption_and_interrupts,event_workqueue_cumulative_since_start_excludes_bt_rx_and_uart,full_tensor_fp32le_plus_crc,async_att_wall_plus_incremental_wire_crc,post_transfer_fp32le_decode,crc_validated_initiator_receipt_ack_at_responder,endpoint_submitted_or_accepted_not_over_air,firmware_att_value_boundary,post_event_export_handshake_excluded_from_protocol_counters,not_measured_no_ble_sniffer,automatic_campaign,0,after_go_guard_through_single_trial_cleanup_before_dump_guard,optional_gpio_or_firmware_timing,4096,4096,1,P1.14,P1.13,P1.12,P1.11,event,selection,encoder,head_forward_backward,serialization,radio,mixing,control,,,,,,accepted_discovery,initiator,disconnected,,normalization,6,wall_duration_us,us,2,2,2,0,2,0,0,0,1,1,f7a7c9363af841d6e3948ff0291cd0024060435a40fc1e8135c6500a2979f9e9,c6a402088c7806dd9c32772d39a4e731124cfce6764053c9c9de118b84e8d7ce,21,21,21,21,0,21,21,21
199ea2dedb66682329f558d748d984288db699e8ce36a9c957303b9043058816,bca004d67e520d879c4d17367b5436bb9f2383a4,V1R1,pulse_release,final_capture_requirements_enforced,6716da0b2cf47106d541f526f3ae258d46f820608290c7ceb563e121d41ee320,3b41a9fcf048eef0a5f29163b3ac3120fc95d8e624d85023bd77e2c035f76243,exported_pulse_npz,pulse_hhar_seed7_a_b.npz,pulse-har-v1,1,487dbf72bd5f999f8e10a8295e6ee1839ecafaf94f6ad7345be9ea18c5820048,internal_flash_versioned_artifact_replay_windows,float32,16,2,ncs-v3.4.0,4.4.0,14.3.0,speed,128000000,1000000,zephyr_64bit_api_grtc_syscounter_includes_sleep,HAR,6,4550,relu,mean,4,18200,18200,13616,18200,2,18200,208,24,128000000,0.00999999978,0.5,0.200000003,0,0.25,9.99999996e-13,8,xorshift32_uniform_positive_exact_ties,reset_each_repetition_public_seed_selection_s1_observation_n1_u_plus_or_minus_0.2,background_bhi360_accel_gyro_quaternion_100hz_not_model_input,5,100,20000,500,0,unencrypted_unbonded,dedicated_pulse_event_workqueue_plus_constant_time_bt_callbacks,dwt_active_core_counter_includes_preemption_and_interrupts,event_workqueue_cumulative_since_start_excludes_bt_rx_and_uart,full_tensor_fp32le_plus_crc,async_att_wall_plus_incremental_wire_crc,post_transfer_fp32le_decode,crc_validated_initiator_receipt_ack_at_responder,endpoint_submitted_or_accepted_not_over_air,firmware_att_value_boundary,post_event_export_handshake_excluded_from_protocol_counters,not_measured_no_ble_sniffer,automatic_campaign,0,after_go_guard_through_single_trial_cleanup_before_dump_guard,optional_gpio_or_firmware_timing,4096,4096,1,P1.14,P1.13,P1.12,P1.11,event,selection,encoder,head_forward_backward,serialization,radio,mixing,control,,,,,,accnt_index=249,initiator,,,agreement,6,wall_duration_us,us,1,1,1,0,1,0,0,0,1,1,f7a7c9363af841d6e3948ff0291cd0024060435a40fc1e8135c6500a2979f9e9,c6a402088c7806dd9c32772d39a4e731124cfce6764053c9c9de118b84e8d7ce,25677,25677,25677,25677,0,25677,25677,25677
199ea2dedb66682329f558d748d984288db699e8ce36a9c957303b9043058816,bca004d67e520d879c4d17367b5436bb9f2383a4,V1R1,pulse_release,final_capture_requirements_enforced,6716da0b2cf47106d541f526f3ae258d46f820608290c7ceb563e121d41ee320,3b41a9fcf048eef0a5f29163b3ac3120fc95d8e624d85023bd77e2c035f76243,exported_pulse_npz,pulse_hhar_seed7_a_b.npz,pulse-har-v1,1,487dbf72bd5f999f8e10a8295e6ee1839ecafaf94f6ad7345be9ea18c5820048,internal_flash_versioned_artifact_replay_windows,float32,16,2,ncs-v3.4.0,4.4.0,14.3.0,speed,128000000,1000000,zephyr_64bit_api_grtc_syscounter_includes_sleep,HAR,6,4550,relu,mean,4,18200,18200,13616,18200,2,18200,208,24,128000000,0.00999999978,0.5,0.200000003,0,0.25,9.99999996e-13,8,xorshift32_uniform_positive_exact_ties,reset_each_repetition_public_seed_selection_s1_observation_n1_u_plus_or_minus_0.2,background_bhi360_accel_gyro_quaternion_100hz_not_model_input,5,100,20000,500,0,unencrypted_unbonded,dedicated_pulse_event_workqueue_plus_constant_time_bt_callbacks,dwt_active_core_counter_includes_preemption_and_interrupts,event_workqueue_cumulative_since_start_excludes_bt_rx_and_uart,full_tensor_fp32le_plus_crc,async_att_wall_plus_incremental_wire_crc,post_transfer_fp32le_decode,crc_validated_initiator_receipt_ack_at_responder,endpoint_submitted_or_accepted_not_over_air,firmware_att_value_boundary,post_event_export_handshake_excluded_from_protocol_counters,not_measured_no_ble_sniffer,automatic_campaign,0,after_go_guard_through_single_trial_cleanup_before_dump_guard,optional_gpio_or_firmware_timing,4096,4096,1,P1.14,P1.13,P1.12,P1.11,event,selection,encoder,head_forward_backward,serialization,radio,mixing,control,,,,,,asions=-1,resture_envelope_duf76ede7a33ponder,connected,,responder_encoder,2,wall_duration_us,us,1,1,1,0,1,0,0,0,1,1,f7a7c9363af841d6e3948ff0291cd0024060435a40fc1e8135c6500a2979f9e9,c6a402088c7806dd9c32772d39a4e731124cfce6764053c9c9de118b84e8d7ce,1739872,1739872,1739872,1739872,0,1739872,1739872,1739872
199ea2dedb66682329f558d748d984288db699e8ce36a9c957303b9043058816,bca004d67e520d879c4d17367b5436bb9f2383a4,V1R1,pulse_release,final_capture_requirements_enforced,6716da0b2cf47106d541f526f3ae258d46f820608290c7ceb563e121d41ee320,3b41a9fcf048eef0a5f29163b3ac3120fc95d8e624d85023bd77e2c035f76243,exported_pulse_npz,pulse_hhar_seed7_a_b.npz,pulse-har-v1,1,487dbf72bd5f999f8e10a8295e6ee1839ecafaf94f6ad7345be9ea18c5820048,internal_flash_versioned_artifact_replay_windows,float32,16,2,ncs-v3.4.0,4.4.0,14.3.0,speed,128000000,1000000,zephyr_64bit_api_grtc_syscounter_includes_sleep,HAR,6,4550,relu,mean,4,18200,18200,13616,18200,2,18200,208,24,128000000,0.00999999978,0.5,0.200000003,0,0.25,9.99999996e-13,8,xorshift32_uniform_positive_exact_ties,reset_each_repetition_public_seed_selection_s1_observation_n1_u_plus_or_minus_0.2,background_bhi360_accel_gyro_quaternion_100hz_not_model_input,5,100,20000,500,0,unencrypted_unbonded,dedicated_pulse_event_workqueue_plus_constant_time_bt_callbacks,dwt_active_core_counter_includes_preemption_and_interrupts,event_workqueue_cumulative_since_start_excludes_bt_rx_and_uart,full_tensor_fp32le_plus_crc,async_att_wall_plus_incremental_wire_crc,post_transfer_fp32le_decode,crc_validated_initiator_receipt_ack_at_responder,endpoint_submitted_or_accepted_not_over_air,firmware_att_value_boundary,post_event_export_handshake_excluded_from_protocol_counters,not_measured_no_ble_sniffer,automatic_campaign,0,after_go_guard_through_single_trial_cleanup_before_dump_guard,optional_gpio_or_firmware_timing,4096,4096,1,P1.14,P1.13,P1.12,P1.11,event,selection,encoder,head_forward_backward,serialization,radio,mixing,control,,,,,,local,local,connected,,local_step_2_encoder,2,,,0,1,1,0,1,0,0,0,1,1,f7a7c9363af841d6e3948ff0291cd0024060435a40fc1e8135c6500a2979f9e9,c6a402088c7806dd9c32772d39a4e731124cfce6764053c9c9de118b84e8d7ce,,,,,,,,
199ea2dedb66682329f558d748d984288db699e8ce36a9c957303b9043058816,bca004d67e520d879c4d17367b5436bb9f2383a4,V1R1,pulse_release,final_capture_requirements_enforced,6716da0b2cf47106d541f526f3ae258d46f820608290c7ceb563e121d41ee320,3b41a9fcf048eef0a5f29163b3ac3120fc95d8e624d85023bd77e2c035f76243,exported_pulse_npz,pulse_hhar_seed7_a_b.npz,pulse-har-v1,1,487dbf72bd5f999f8e10a8295e6ee1839ecafaf94f6ad7345be9ea18c5820048,internal_flash_versioned_artifact_replay_windows,float32,16,2,ncs-v3.4.0,4.4.0,14.3.0,speed,128000000,1000000,zephyr_64bit_api_grtc_syscounter_includes_sleep,HAR,6,4550,relu,mean,4,18200,18200,13616,18200,2,18200,208,24,128000000,0.00999999978,0.5,0.200000003,0,0.25,9.99999996e-13,8,xorshift32_uniform_positive_exact_ties,reset_each_repetition_public_seed_selection_s1_observation_n1_u_plus_or_minus_0.2,background_bhi360_accel_gyro_quaternion_100hz_not_model_input,5,100,20000,500,0,unencrypted_unbonded,dedicated_pulse_event_workqueue_plus_constant_time_bt_callbacks,dwt_active_core_counter_includes_preemption_and_interrupts,event_workqueue_cumulative_since_start_excludes_bt_rx_and_uart,full_tensor_fp32le_plus_crc,async_att_wall_plus_incremental_wire_crc,post_transfer_fp32le_decode,crc_validated_initiator_receipt_ack_at_responder,endpoint_submitted_or_accepted_not_over_air,firmware_att_value_boundary,post_event_export_handshake_excluded_from_protocol_counters,not_measured_no_ble_sniffer,automatic_campaign,0,after_go_guard_through_single_trial_cleanup_before_dump_guard,optional_gpio_or_firmware_timing,4096,4096,1,P1.14,P1.13,P1.12,P1.11,event,selection,encoder,head_forward_backward,serialization,radio,mixing,control,,,,,,no_contact,local,disconnected,,local_step_1_encoder,2,wall_duration_us,us,1,1,1,0,1,0,0,0,1,1,f7a7c9363af841d6e3948ff0291cd0024060435a40fc1e8135c6500a2979f9e9,c6a402088c7806dd9c32772d39a4e731124cfce6764053c9c9de118b84e8d7ce,1690231,1690231,1690231,1690231,0,1690231,1690231,1690231
199ea2dedb66682329f558d748d984288db699e8ce36a9c957303b9043058816,bca004d67e520d879c4d17367b5436bb9f2383a4,V1R1,pulse_release,final_capture_requirements_enforced,6716da0b2cf47106d541f526f3ae258d46f820608290c7ceb563e121d41ee320,3b41a9fcf048eef0a5f29163b3ac3120fc95d8e624d85023bd77e2c035f76243,exported_pulse_npz,pulse_hhar_seed7_a_b.npz,pulse-har-v1,1,487dbf72bd5f999f8e10a8295e6ee1839ecafaf94f6ad7345be9ea18c5820048,internal_flash_versioned_artifact_replay_windows,float32,16,2,ncs-v3.4.0,4.4.0,14.3.0,speed,128000000,1000000,zephyr_64bit_api_grtc_syscounter_includes_sleep,HAR,6,4550,relu,mean,4,18200,18200,13616,18200,2,18200,208,24,128000000,0.00999999978,0.5,0.200000003,0,0.25,9.99999996e-13,8,xorshift32_uniform_positive_exact_ties,reset_each_repetition_public_seed_selection_s1_observation_n1_u_plus_or_minus_0.2,background_bhi360_accel_gyro_quaternion_100hz_not_model_input,5,100,20000,500,0,unencrypted_unbonded,dedicated_pulse_event_workqueue_plus_constant_time_bt_callbacks,dwt_active_core_counter_includes_preemption_and_interrupts,event_workqueue_cumulative_since_start_excludes_bt_rx_and_uart,full_tensor_fp32le_plus_crc,async_att_wall_plus_incremental_wire_crc,post_transfer_fp32le_decode,crc_validated_initiator_receipt_ack_at_responder,endpoint_submitted_or_accepted_not_over_air,firmware_att_value_boundary,post_event_export_handshake_excluded_from_protocol_counters,not_measured_no_ble_sniffer,automatic_campaign,0,after_go_guard_through_single_trial_cleanup_before_dump_guard,optional_gpio_or_firmware_timing,4096,4096,1,P1.14,P1.13,P1.12,P1.11,event,selection,encoder,head_forward_backward,serialization,radio,mixing,control,0,0,0,0,0,,local,dis,0,end_to_end,0,wall_duration_us,us,1,1,1,0,1,0,0,0,1,1,f7a7c9363af841d6e3948ff0291cd0024060435a40fc1e8135c6500a2979f9e9,c6a402088c7806dd9c32772d39a4e731124cfce6764053c9c9de118b84e8d7ce,1726755,1726755,1726755,1726755,0,1726755,1726755,1726755
199ea2dedb66682329f558d748d984288db699e8ce36a9c957303b9043058816,bca004d67e520d879c4d17367b5436bb9f2383a4,V1R1,pulse_release,final_capture_requirements_enforced,6716da0b2cf47106d541f526f3ae258d46f820608290c7ceb563e121d41ee320,3b41a9fcf048eef0a5f29163b3ac3120fc95d8e624d85023bd77e2c035f76243,exported_pulse_npz,pulse_hhar_seed7_a_b.npz,pulse-har-v1,1,487dbf72bd5f999f8e10a8295e6ee1839ecafaf94f6ad7345be9ea18c5820048,internal_flash_versioned_artifact_replay_windows,float32,16,2,ncs-v3.4.0,4.4.0,14.3.0,speed,128000000,1000000,zephyr_64bit_api_grtc_syscounter_includes_sleep,HAR,6,4550,relu,mean,4,18200,18200,13616,18200,2,18200,208,24,128000000,0.00999999978,0.5,0.200000003,0,0.25,9.99999996e-13,8,xorshift32_uniform_positive_exact_ties,reset_each_repetition_public_seed_selection_s1_observation_n1_u_plus_or_minus_0.2,background_bhi360_accel_gyro_quaternion_100hz_not_model_input,5,100,20000,500,0,unencrypted_unbonded,dedicated_pulse_event_workqueue_plus_constant_time_bt_callbacks,dwt_active_core_counter_includes_preemption_and_interrupts,event_workqueue_cumulative_since_start_excludes_bt_rx_and_uart,full_tensor_fp32le_plus_crc,async_att_wall_plus_incremental_wire_crc,post_transfer_fp32le_decode,crc_validated_initiator_receipt_ack_at_responder,endpoint_submitted_or_accepted_not_over_air,firmware_att_value_boundary,post_event_export_handshake_excluded_from_protocol_counters,not_measured_no_ble_sniffer,automatic_campaign,0,after_go_guard_through_single_trial_cleanup_before_dump_guard,optional_gpio_or_firmware_timing,4096,4096,1,P1.14,P1.13,P1.12,P1.11,event,selection,encoder,head_forward_backward,serialization,radio,mixing,control,0,0,0,0,0,no_contact,local,disconnected,0,ble_scan,7,wall_duration_us,us,100,100,100,0,100,0,0,0,1,1,f7a7c9363af841d6e3948ff0291cd0024060435a40fc1e8135c6500a2979f9e9,c6a402088c7806dd9c32772d39a4e731124cfce6764053c9c9de118b84e8d7ce,33150.99,23426.5,12198.5,31693.5,19495,78483.95,3667,146097
199ea2dedb66682329f558d748d984288db699e8ce36a9c957303b9043058816,bca004d67e520d879c4d17367b5436bb9f2383a4,V1R1,pulse_release,final_capture_requirements_enforced,6716da0b2cf47106d541f526f3ae258d46f820608290c7ceb563e121d41ee320,3b41a9fcf048eef0a5f29163b3ac3120fc95d8e624d85023bd77e2c035f76243,exported_pulse_npz,pulse_hhar_seed7_a_b.npz,pulse-har-v1,1,487dbf72bd5f999f8e10a8295e6ee1839ecafaf94f6ad7345be9ea18c5820048,internal_flash_versioned_artifact_replay_windows,float32,16,2,ncs-v3.4.0,4.4.0,14.3.0,speed,128000000,1000000,zephyr_64bit_api_grtc_syscounter_includes_sleep,HAR,6,4550,relu,mean,4,18200,18200,13616,18200,2,18200,208,24,128000000,0.00999999978,0.5,0.200000003,0,0.25,9.99999996e-13,8,xorshift32_uniform_positive_exact_ties,reset_each_repetition_public_seed_selection_s1_observation_n1_u_plus_or_minus_0.2,background_bhi360_accel_gyro_quaternion_100hz_not_model_input,5,100,20000,500,0,unencrypted_unbonded,dedicated_pulse_event_workqueue_plus_constant_time_bt_callbacks,dwt_active_core_counter_includes_preemption_and_interrupts,event_workqueue_cumulative_since_start_excludes_bt_rx_and_uart,full_tensor_fp32le_plus_crc,async_att_wall_plus_incremental_wire_crc,post_transfer_fp32le_decode,crc_validated_initiator_receipt_ack_at_responder,endpoint_submitted_or_accepted_not_over_air,firmware_att_value_boundary,post_event_export_handshake_excluded_from_protocol_counters,not_measured_no_ble_sniffer,automatic_campaign,0,after_go_guard_through_single_trial_cleanup_before_dump_guard,optional_gpio_or_firmware_timing,4096,4096,1,P1.14,P1.13,P1.12,P1.11,event,selection,encoder,head_forward_backward,serialization,radio,mixing,control,0,0,0,0,0,no_contact,local,disconnected,0,end_to_end,0,wall_duration_us,us,98,99,99,0,99,0,0,0,1,1,f7a7c9363af841d6e3948ff0291cd0024060435a40fc1e8135c6500a2979f9e9,c6a402088c7806dd9c32772d39a4e731124cfce6764053c9c9de118b84e8d7ce,1753535.61224,1743637.5,1732978,1751301,18323,1797571.2,1722867,1865271
199ea2dedb66682329f558d748d984288db699e8ce36a9c957303b9043058816,bca004d67e520d879c4d17367b5436bb9f2383a4,V1R1,pulse_release,final_capture_requirements_enforced,6716da0b2cf47106d541f526f3ae258d46f820608290c7ceb563e121d41ee320,3b41a9fcf048eef0a5f29163b3ac3120fc95d8e624d85023bd77e2c035f76243,exported_pulse_npz,pulse_hhar_seed7_a_b.npz,pulse-har-v1,1,487dbf72bd5f999f8e10a8295e6ee1839ecafaf94f6ad7345be9ea18c5820048,internal_flash_versioned_artifact_replay_windows,float32,16,2,ncs-v3.4.0,4.4.0,14.3.0,speed,128000000,1000000,zephyr_64bit_api_grtc_syscounter_includes_sleep,HAR,6,4550,relu,mean,4,18200,18200,13616,18200,2,18200,208,24,128000000,0.00999999978,0.5,0.200000003,0,0.25,9.99999996e-13,8,xorshift32_uniform_positive_exact_ties,reset_each_repetition_public_seed_selection_s1_observation_n1_u_plus_or_minus_0.2,background_bhi360_accel_gyro_quaternion_100hz_not_model_input,5,100,20000,500,0,unencrypted_unbonded,dedicated_pulse_event_workqueue_plus_constant_time_bt_callbacks,dwt_active_core_counter_includes_preemption_and_interrupts,event_workqueue_cumulative_since_start_excludes_bt_rx_and_uart,full_tensor_fp32le_plus_crc,async_att_wall_plus_incremental_wire_crc,post_transfer_fp32le_decode,crc_validated_initiator_receipt_ack_at_responder,endpoint_submitted_or_accepted_not_over_air,firmware_att_value_boundary,post_event_export_handshake_excluded_from_protocol_counters,not_measured_no_ble_sniffer,automatic_campaign,0,after_go_guard_through_single_trial_cleanup_before_dump_guard,optional_gpio_or_firmware_timing,4096,4096,1,P1.14,P1.13,P1.12,P1.11,event,selection,encoder,head_forward_backward,serialization,radio,mixing,control,0,0,0,0,0,no_contact,local,disconnected,0,local_step_1_encoder,2,cycl_duration_us,us,1,99,99,0,99,0,0,0,1,1,f7a7c9363af841d6e3948ff0291cd0024060435a40fc1e8135c6500a2979f9e9,c6a402088c7806dd9c32772d39a4e731124cfce6764053c9c9de118b84e8d7ce,0,0,0,0,0,0,0,0
199ea2dedb66682329f558d748d984288db699e8ce36a9c957303b9043058816,bca004d67e520d879c4d17367b5436bb9f2383a4,V1R1,pulse_release,final_capture_requirements_enforced,6716da0b2cf47106d541f526f3ae258d46f820608290c7ceb563e121d41ee320,3b41a9fcf048eef0a5f29163b3ac3120fc95d8e624d85023bd77e2c035f76243,exported_pulse_npz,pulse_hhar_seed7_a_b.npz,pulse-har-v1,1,487dbf72bd5f999f8e10a8295e6ee1839ecafaf94f6ad7345be9ea18c5820048,internal_flash_versioned_artifact_replay_windows,float32,16,2,ncs-v3.4.0,4.4.0,14.3.0,speed,128000000,1000000,zephyr_64bit_api_grtc_syscounter_includes_sleep,HAR,6,4550,relu,mean,4,18200,18200,13616,18200,2,18200,208,24,128000000,0.00999999978,0.5,0.200000003,0,0.25,9.99999996e-13,8,xorshift32_uniform_positive_exact_ties,reset_each_repetition_public_seed_selection_s1_observation_n1_u_plus_or_minus_0.2,background_bhi360_accel_gyro_quaternion_100hz_not_model_input,5,100,20000,500,0,unencrypted_unbonded,dedicated_pulse_event_workqueue_plus_constant_time_bt_callbacks,dwt_active_core_counter_includes_preemption_and_interrupts,event_workqueue_cumulative_since_start_excludes_bt_rx_and_uart,full_tensor_fp32le_plus_crc,async_att_wall_plus_incremental_wire_crc,post_transfer_fp32le_decode,crc_validated_initiator_receipt_ack_at_responder,endpoint_submitted_or_accepted_not_over_air,firmware_att_value_boundary,post_event_export_handshake_excluded_from_protocol_counters,not_measured_no_ble_sniffer,automatic_campaign,0,after_go_guard_through_single_trial_cleanup_before_dump_guard,optional_gpio_or_firmware_timing,4096,4096,1,P1.14,P1.13,P1.12,P1.11,event,selection,encoder,head_forward_backward,serialization,radio,mixing,control,0,0,0,0,0,no_contact,local,disconnected,0,local_step_1_encoder,2,cycleter,,1,99,99,0,99,0,0,0,1,1,f7a7c9363af841d6e3948ff0291cd0024060435a40fc1e8135c6500a2979f9e9,c6a402088c7806dd9c32772d39a4e731124cfce6764053c9c9de118b84e8d7ce,603983320,603983320,603983320,603983320,0,603983320,603983320,603983320
199ea2dedb66682329f558d748d984288db699e8ce36a9c957303b9043058816,bca004d67e520d879c4d17367b5436bb9f2383a4,V1R1,pulse_release,final_capture_requirements_enforced,6716da0b2cf47106d541f526f3ae258d46f820608290c7ceb563e121d41ee320,3b41a9fcf048eef0a5f29163b3ac3120fc95d8e624d85023bd77e2c035f76243,exported_pulse_npz,pulse_hhar_seed7_a_b.npz,pulse-har-v1,1,487dbf72bd5f999f8e10a8295e6ee1839ecafaf94f6ad7345be9ea18c5820048,internal_flash_versioned_artifact_replay_windows,float32,16,2,ncs-v3.4.0,4.4.0,14.3.0,speed,128000000,1000000,zephyr_64bit_api_grtc_syscounter_includes_sleep,HAR,6,4550,relu,mean,4,18200,18200,13616,18200,2,18200,208,24,128000000,0.00999999978,0.5,0.200000003,0,0.25,9.99999996e-13,8,xorshift32_uniform_positive_exact_ties,reset_each_repetition_public_seed_selection_s1_observation_n1_u_plus_or_minus_0.2,background_bhi360_accel_gyro_quaternion_100hz_not_model_input,5,100,20000,500,0,unencrypted_unbonded,dedicated_pulse_event_workqueue_plus_constant_time_bt_callbacks,dwt_active_core_counter_includes_preemption_and_interrupts,event_workqueue_cumulative_since_start_excludes_bt_rx_and_uart,full_tensor_fp32le_plus_crc,async_att_wall_plus_incremental_wire_crc,post_transfer_fp32le_decode,crc_validated_initiator_receipt_ack_at_responder,endpoint_submitted_or_accepted_not_over_air,firmware_att_value_boundary,post_event_export_handshake_excluded_from_protocol_counters,not_measured_no_ble_sniffer,automatic_campaign,0,after_go_guard_through_single_trial_cleanup_before_dump_guard,optional_gpio_or_firmware_timing,4096,4096,1,P1.14,P1.13,P1.12,P1.11,event,selection,encoder,head_forward_backward,serialization,radio,mixing,control,0,0,0,0,0,no_contact,local,disconnected,0,local_step_1_encoder,2,end_counnter,,1,99,99,0,99,0,0,0,1,1,f7a7c9363af841d6e3948ff0291cd0024060435a40fc1e8135c6500a2979f9e9,c6a402088c7806dd9c32772d39a4e731124cfce6764053c9c9de118b84e8d7ce,573044790,573044790,573044790,573044790,0,573044790,573044790,573044790
199ea2dedb66682329f558d748d984288db699e8ce36a9c957303b9043058816,bca004d67e520d879c4d17367b5436bb9f2383a4,V1R1,pulse_release,final_capture_requirements_enforced,6716da0b2cf47106d541f526f3ae258d46f820608290c7ceb563e121d41ee320,3b41a9fcf048eef0a5f29163b3ac3120fc95d8e624d85023bd77e2c035f76243,exported_pulse_npz,pulse_hhar_seed7_a_b.npz,pulse-har-v1,1,487dbf72bd5f999f8e10a8295e6ee1839ecafaf94f6ad7345be9ea18c5820048,internal_flash_versioned_artifact_replay_windows,float32,16,2,ncs-v3.4.0,4.4.0,14.3.0,speed,128000000,1000000,zephyr_64bit_api_grtc_syscounter_includes_sleep,HAR,6,4550,relu,mean,4,18200,18200,13616,18200,2,18200,208,24,128000000,0.00999999978,0.5,0.200000003,0,0.25,9.99999996e-13,8,xorshift32_uniform_positive_exact_ties,reset_each_repetition_public_seed_selection_s1_observation_n1_u_plus_or_minus_0.2,background_bhi360_accel_gyro_quaternion_100hz_not_model_input,5,100,20000,500,0,unencrypted_unbonded,dedicated_pulse_event_workqueue_plus_constant_time_bt_callbacks,dwt_active_core_counter_includes_preemption_and_interrupts,event_workqueue_cumulative_since_start_excludes_bt_rx_and_uart,full_tensor_fp32le_plus_crc,async_att_wall_plus_incremental_wire_crc,post_transfer_fp32le_decode,crc_validated_initiator_receipt_ack_at_responder,endpoint_submitted_or_accepted_not_over_air,firmware_att_value_boundary,post_event_export_handshake_excluded_from_protocol_counters,not_measured_no_ble_sniffer,automatic_campaign,0,after_go_guard_through_single_trial_cleanup_before_dump_guard,optional_gpio_or_firmware_timing,4096,4096,1,P1.14,P1.13,P1.12,P1.11,event,selection,encoder,head_forward_backward,serialization,radio,mixing,control,0,0,0,0,0,no_contact,local,disconnected,0,local_step_1_encoder,2,starter,,1,99,99,0,99,0,0,0,1,1,f7a7c9363af841d6e3948ff0291cd0024060435a40fc1e8135c6500a2979f9e9,c6a402088c7806dd9c32772d39a4e731124cfce6764053c9c9de118b84e8d7ce,0,0,0,0,0,0,0,0
199ea2dedb66682329f558d748d984288db699e8ce36a9c957303b9043058816,bca004d67e520d879c4d17367b5436bb9f2383a4,V1R1,pulse_release,final_capture_requirements_enforced,6716da0b2cf47106d541f526f3ae258d46f820608290c7ceb563e121d41ee320,3b41a9fcf048eef0a5f29163b3ac3120fc95d8e624d85023bd77e2c035f76243,exported_pulse_npz,pulse_hhar_seed7_a_b.npz,pulse-har-v1,1,487dbf72bd5f999f8e10a8295e6ee1839ecafaf94f6ad7345be9ea18c5820048,internal_flash_versioned_artifact_replay_windows,float32,16,2,ncs-v3.4.0,4.4.0,14.3.0,speed,128000000,1000000,zephyr_64bit_api_grtc_syscounter_includes_sleep,HAR,6,4550,relu,mean,4,18200,18200,13616,18200,2,18200,208,24,128000000,0.00999999978,0.5,0.200000003,0,0.25,9.99999996e-13,8,xorshift32_uniform_positive_exact_ties,reset_each_repetition_public_seed_selection_s1_observation_n1_u_plus_or_minus_0.2,background_bhi360_accel_gyro_quaternion_100hz_not_model_input,5,100,20000,500,0,unencrypted_unbonded,dedicated_pulse_event_workqueue_plus_constant_time_bt_callbacks,dwt_active_core_counter_includes_preemption_and_interrupts,event_workqueue_cumulative_since_start_excludes_bt_rx_and_uart,full_tensor_fp32le_plus_crc,async_att_wall_plus_incremental_wire_crc,post_transfer_fp32le_decode,crc_validated_initiator_receipt_ack_at_responder,endpoint_submitted_or_accepted_not_over_air,firmware_att_value_boundary,post_event_export_handshake_excluded_from_protocol_counters,not_measured_no_ble_sniffer,automatic_campaign,0,after_go_guard_through_single_trial_cleanup_before_dump_guard,optional_gpio_or_firmware_timing,4096,4096,1,P1.14,P1.13,P1.12,P1.11,event,selection,encoder,head_forward_backward,serialization,radio,mixing,control,0,0,0,0,0,no_contact,local,disconnected,0,local_step_1_encoder,2,wall_duration_us,us,99,99,99,0,99,0,0,0,1,1,f7a7c9363af841d6e3948ff0291cd0024060435a40fc1e8135c6500a2979f9e9,c6a402088c7806dd9c32772d39a4e731124cfce6764053c9c9de118b84e8d7ce,1689841.20202,1689816,1689542,1690136,594,1690466.8,1688937,1690677
199ea2dedb66682329f558d748d984288db699e8ce36a9c957303b9043058816,bca004d67e520d879c4d17367b5436bb9f2383a4,V1R1,pulse_release,final_capture_requirements_enforced,6716da0b2cf47106d541f526f3ae258d46f820608290c7ceb563e121d41ee320,3b41a9fcf048eef0a5f29163b3ac3120fc95d8e624d85023bd77e2c035f76243,exported_pulse_npz,pulse_hhar_seed7_a_b.npz,pulse-har-v1,1,487dbf72bd5f999f8e10a8295e6ee1839ecafaf94f6ad7345be9ea18c5820048,internal_flash_versioned_artifact_replay_windows,float32,16,2,ncs-v3.4.0,4.4.0,14.3.0,speed,128000000,1000000,zephyr_64bit_api_grtc_syscounter_includes_sleep,HAR,6,4550,relu,mean,4,18200,18200,13616,18200,2,18200,208,24,128000000,0.00999999978,0.5,0.200000003,0,0.25,9.99999996e-13,8,xorshift32_uniform_positive_exact_ties,reset_each_repetition_public_seed_selection_s1_observation_n1_u_plus_or_minus_0.2,background_bhi360_accel_gyro_quaternion_100hz_not_model_input,5,100,20000,500,0,unencrypted_unbonded,dedicated_pulse_event_workqueue_plus_constant_time_bt_callbacks,dwt_active_core_counter_includes_preemption_and_interrupts,event_workqueue_cumulative_since_start_excludes_bt_rx_and_uart,full_tensor_fp32le_plus_crc,async_att_wall_plus_incremental_wire_crc,post_transfer_fp32le_decode,crc_validated_initiator_receipt_ack_at_responder,endpoint_submitted_or_accepted_not_over_air,firmware_att_value_boundary,post_event_export_handshake_excluded_from_protocol_counters,not_measured_no_ble_sniffer,automatic_campaign,0,after_go_guard_through_single_trial_cleanup_before_dump_guard,optional_gpio_or_firmware_timing,4096,4096,1,P1.14,P1.13,P1.12,P1.11,event,selection,encoder,head_forward_backward,serialization,radio,mixing,control,0,0,0,0,0,no_contact,local,disconnected,0,local_step_1_encoder,2,wall_start_counes,,1,99,99,0,99,0,0,0,1,1,f7a7c9363af841d6e3948ff0291cd0024060435a40fc1e8135c6500a2979f9e9,c6a402088c7806dd9c32772d39a4e731124cfce6764053c9c9de118b84e8d7ce,0,0,0,0,0,0,0,0
199ea2dedb66682329f558d748d984288db699e8ce36a9c957303b9043058816,bca004d67e520d879c4d17367b5436bb9f2383a4,V1R1,pulse_release,final_capture_requirements_enforced,6716da0b2cf47106d541f526f3ae258d46f820608290c7ceb563e121d41ee320,3b41a9fcf048eef0a5f29163b3ac3120fc95d8e624d85023bd77e2c035f76243,exported_pulse_npz,pulse_hhar_seed7_a_b.npz,pulse-har-v1,1,487dbf72bd5f999f8e10a8295e6ee1839ecafaf94f6ad7345be9ea18c5820048,internal_flash_versioned_artifact_replay_windows,float32,16,2,ncs-v3.4.0,4.4.0,14.3.0,speed,128000000,1000000,zephyr_64bit_api_grtc_syscounter_includes_sleep,HAR,6,4550,relu,mean,4,18200,18200,13616,18200,2,18200,208,24,128000000,0.00999999978,0.5,0.200000003,0,0.25,9.99999996e-13,8,xorshift32_uniform_positive_exact_ties,reset_each_repetition_public_seed_selection_s1_observation_n1_u_plus_or_minus_0.2,background_bhi360_accel_gyro_quaternion_100hz_not_model_input,5,100,20000,500,0,unencrypted_unbonded,dedicated_pulse_event_workqueue_plus_constant_time_bt_callbacks,dwt_active_core_counter_includes_preemption_and_interrupts,event_workqueue_cumulative_since_start_excludes_bt_rx_and_uart,full_tensor_fp32le_plus_crc,async_att_wall_plus_incremental_wire_crc,post_transfer_fp32le_decode,crc_validated_initiator_receipt_ack_at_responder,endpoint_submitted_or_accepted_not_over_air,firmware_att_value_boundary,post_event_export_handshake_excluded_from_protocol_counters,not_measured_no_ble_sniffer,automatic_campaign,0,after_go_guard_through_single_trial_cleanup_before_dump_guard,optional_gpio_or_firmware_timing,4096,4096,1,P1.14,P1.13,P1.12,P1.11,event,selection,encoder,head_forward_backward,serialization,radio,mixing,control,0,0,0,0,0,no_contact,local,disconnected,0,local_step_1_encoder,2,wall_start_cout_counter,,1,99,99,0,99,0,0,0,1,1,f7a7c9363af841d6e3948ff0291cd0024060435a40fc1e8135c6500a2979f9e9,c6a402088c7806dd9c32772d39a4e731124cfce6764053c9c9de118b84e8d7ce,0,0,0,0,0,0,0,0
199ea2dedb66682329f558d748d984288db699e8ce36a9c957303b9043058816,bca004d67e520d879c4d17367b5436bb9f2383a4,V1R1,pulse_release,final_capture_requirements_enforced,6716da0b2cf47106d541f526f3ae258d46f820608290c7ceb563e121d41ee320,3b41a9fcf048eef0a5f29163b3ac3120fc95d8e624d85023bd77e2c035f76243,exported_pulse_npz,pulse_hhar_seed7_a_b.npz,pulse-har-v1,1,487dbf72bd5f999f8e10a8295e6ee1839ecafaf94f6ad7345be9ea18c5820048,internal_flash_versioned_artifact_replay_windows,float32,16,2,ncs-v3.4.0,4.4.0,14.3.0,speed,128000000,1000000,zephyr_64bit_api_grtc_syscounter_includes_sleep,HAR,6,4550,relu,mean,4,18200,18200,13616,18200,2,18200,208,24,128000000,0.00999999978,0.5,0.200000003,0,0.25,9.99999996e-13,8,xorshift32_uniform_positive_exact_ties,reset_each_repetition_public_seed_selection_s1_observation_n1_u_plus_or_minus_0.2,background_bhi360_accel_gyro_quaternion_100hz_not_model_input,5,100,20000,500,0,unencrypted_unbonded,dedicated_pulse_event_workqueue_plus_constant_time_bt_callbacks,dwt_active_core_counter_includes_preemption_and_interrupts,event_workqueue_cumulative_since_start_excludes_bt_rx_and_uart,full_tensor_fp32le_plus_crc,async_att_wall_plus_incremental_wire_crc,post_transfer_fp32le_decode,crc_validated_initiator_receipt_ack_at_responder,endpoint_submitted_or_accepted_not_over_air,firmware_att_value_boundary,post_event_export_handshake_excluded_from_protocol_counters,not_measured_no_ble_sniffer,automatic_campaign,0,after_go_guard_through_single_trial_cleanup_before_dump_guard,optional_gpio_or_firmware_timing,4096,4096,1,P1.14,P1.13,P1.12,P1.11,event,selection,encoder,head_forward_backward,serialization,radio,mixing,control,0,0,0,0,0,no_contact,local,disconnected,0,local_step_1_head_forward_backward,3,wall_duration_us,us,100,100,100,0,100,0,0,0,1,1,f7a7c9363af841d6e3948ff0291cd0024060435a40fc1e8135c6500a2979f9e9,c6a402088c7806dd9c32772d39a4e731124cfce6764053c9c9de118b84e8d7ce,12000.17,11943,11940,12029.5,89.5,12185.1,11920,12274
199ea2dedb66682329f558d748d984288db699e8ce36a9c957303b9043058816,bca004d67e520d879c4d17367b5436bb9f2383a4,V1R1,pulse_release,final_capture_requirements_enforced,6716da0b2cf47106d541f526f3ae258d46f820608290c7ceb563e121d41ee320,3b41a9fcf048eef0a5f29163b3ac3120fc95d8e624d85023bd77e2c035f76243,exported_pulse_npz,pulse_hhar_seed7_a_b.npz,pulse-har-v1,1,487dbf72bd5f999f8e10a8295e6ee1839ecafaf94f6ad7345be9ea18c5820048,internal_flash_versioned_artifact_replay_windows,float32,16,2,ncs-v3.4.0,4.4.0,14.3.0,speed,128000000,1000000,zephyr_64bit_api_grtc_syscounter_includes_sleep,HAR,6,4550,relu,mean,4,18200,18200,13616,18200,2,18200,208,24,128000000,0.00999999978,0.5,0.200000003,0,0.25,9.99999996e-13,8,xorshift32_uniform_positive_exact_ties,reset_each_repetition_public_seed_selection_s1_observation_n1_u_plus_or_minus_0.2,background_bhi360_accel_gyro_quaternion_100hz_not_model_input,5,100,20000,500,0,unencrypted_unbonded,dedicated_pulse_event_workqueue_plus_constant_time_bt_callbacks,dwt_active_core_counter_includes_preemption_and_interrupts,event_workqueue_cumulative_since_start_excludes_bt_rx_and_uart,full_tensor_fp32le_plus_crc,async_att_wall_plus_incremental_wire_crc,post_transfer_fp32le_decode,crc_validated_initiator_receipt_ack_at_responder,endpoint_submitted_or_accepted_not_over_air,firmware_att_value_boundary,post_event_export_handshake_excluded_from_protocol_counters,not_measured_no_ble_sniffer,automatic_campaign,0,after_go_guard_through_single_trial_cleanup_before_dump_guard,optional_gpio_or_firmware_timing,4096,4096,1,P1.14,P1.13,P1.12,P1.11,event,selection,encoder,head_forward_backward,serialization,radio,mixing,control,0,0,0,0,0,no_contact,local,disconnected,0,local_step_1_update,6,wall_duration_us,us,99,100,100,0,100,0,0,0,1,1,f7a7c9363af841d6e3948ff0291cd0024060435a40fc1e8135c6500a2979f9e9,c6a402088c7806dd9c32772d39a4e731124cfce6764053c9c9de118b84e8d7ce,16479.7171717,16551,16321,16563.5,242.5,16637,16295,16670
199ea2dedb66682329f558d748d984288db699e8ce36a9c957303b9043058816,bca004d67e520d879c4d17367b5436bb9f2383a4,V1R1,pulse_release,final_capture_requirements_enforced,6716da0b2cf47106d541f526f3ae258d46f820608290c7ceb563e121d41ee320,3b41a9fcf048eef0a5f29163b3ac3120fc95d8e624d85023bd77e2c035f76243,exported_pulse_npz,pulse_hhar_seed7_a_b.npz,pulse-har-v1,1,487dbf72bd5f999f8e10a8295e6ee1839ecafaf94f6ad7345be9ea18c5820048,internal_flash_versioned_artifact_replay_windows,float32,16,2,ncs-v3.4.0,4.4.0,14.3.0,speed,128000000,1000000,zephyr_64bit_api_grtc_syscounter_includes_sleep,HAR,6,4550,relu,mean,4,18200,18200,13616,18200,2,18200,208,24,128000000,0.00999999978,0.5,0.200000003,0,0.25,9.99999996e-13,8,xorshift32_uniform_positive_exact_ties,reset_each_repetition_public_seed_selection_s1_observation_n1_u_plus_or_minus_0.2,background_bhi360_accel_gyro_quaternion_100hz_not_model_input,5,100,20000,500,0,unencrypted_unbonded,dedicated_pulse_event_workqueue_plus_constant_time_bt_callbacks,dwt_active_core_counter_includes_preemption_and_interrupts,event_workqueue_cumulative_since_start_excludes_bt_rx_and_uart,full_tensor_fp32le_plus_crc,async_att_wall_plus_incremental_wire_crc,post_transfer_fp32le_decode,crc_validated_initiator_receipt_ack_at_responder,endpoint_submitted_or_accepted_not_over_air,firmware_att_value_boundary,post_event_export_handshake_excluded_from_protocol_counters,not_measured_no_ble_sniffer,automatic_campaign,0,after_go_guard_through_single_trial_cleanup_before_dump_guard,optional_gpio_or_firmware_timing,4096,4096,1,P1.14,P1.13,P1.12,P1.11,event,selection,encoder,head_forward_backward,serialization,radio,mixing,control,0,0,0,0,0,no_contact,local,disconnected,0,peer_selection,1,wall_duration_us,us,98,98,98,0,98,0,0,0,1,1,f7a7c9363af841d6e3948ff0291cd0024060435a40fc1e8135c6500a2979f9e9,c6a402088c7806dd9c32772d39a4e731124cfce6764053c9c9de118b84e8d7ce,70.7959183673,52,52,53,1,144,52,179
199ea2dedb66682329f558d748d984288db699e8ce36a9c957303b9043058816,bca004d67e520d879c4d17367b5436bb9f2383a4,V1R1,pulse_release,final_capture_requirements_enforced,6716da0b2cf47106d541f526f3ae258d46f820608290c7ceb563e121d41ee320,3b41a9fcf048eef0a5f29163b3ac3120fc95d8e624d85023bd77e2c035f76243,exported_pulse_npz,pulse_hhar_seed7_a_b.npz,pulse-har-v1,1,487dbf72bd5f999f8e10a8295e6ee1839ecafaf94f6ad7345be9ea18c5820048,internal_flash_versioned_artifact_replay_windows,float32,16,2,ncs-v3.4.0,4.4.0,14.3.0,speed,128000000,1000000,zephyr_64bit_api_grtc_syscounter_includes_sleep,HAR,6,4550,relu,mean,4,18200,18200,13616,18200,2,18200,208,24,128000000,0.00999999978,0.5,0.200000003,0,0.25,9.99999996e-13,8,xorshift32_uniform_positive_exact_ties,reset_each_repetition_public_seed_selection_s1_observation_n1_u_plus_or_minus_0.2,background_bhi360_accel_gyro_quaternion_100hz_not_model_input,5,100,20000,500,0,unencrypted_unbonded,dedicated_pulse_event_workqueue_plus_constant_time_bt_callbacks,dwt_active_core_counter_includes_preemption_and_interrupts,event_workqueue_cumulative_since_start_excludes_bt_rx_and_uart,full_tensor_fp32le_plus_crc,async_att_wall_plus_incremental_wire_crc,post_transfer_fp32le_decode,crc_validated_initiator_receipt_ack_at_responder,endpoint_submitted_or_accepted_not_over_air,firmware_att_value_boundary,post_event_export_handshake_excluded_from_protocol_counters,not_measured_no_ble_sniffer,automatic_campaign,0,after_go_guard_through_single_trial_cleanup_before_dump_guard,optional_gpio_or_firmware_timing,4096,4096,1,P1.14,P1.13,P1.12,P1.11,event,selection,encoder,head_forward_backward,serialization,radio,mixing,control,247,,2,2,6,accepted_connected,initiator,connected,1,agreement,6,wall_duration_us,us,1,1,1,0,1,0,0,0,1,1,f7a7c9363af841d6e3948ff0291cd0024060435a40fc1e8135c6500a2979f9e9,c6a402088c7806dd9c32772d39a4e731124cfce6764053c9c9de118b84e8d7ce,25668,25668,25668,25668,0,25668,25668,25668
199ea2dedb66682329f558d748d984288db699e8ce36a9c957303b9043058816,bca004d67e520d879c4d17367b5436bb9f2383a4,V1R1,pulse_release,final_capture_requirements_enforced,6716da0b2cf47106d541f526f3ae258d46f820608290c7ceb563e121d41ee320,3b41a9fcf048eef0a5f29163b3ac3120fc95d8e624d85023bd77e2c035f76243,exported_pulse_npz,pulse_hhar_seed7_a_b.npz,pulse-har-v1,1,487dbf72bd5f999f8e10a8295e6ee1839ecafaf94f6ad7345be9ea18c5820048,internal_flash_versioned_artifact_replay_windows,float32,16,2,ncs-v3.4.0,4.4.0,14.3.0,speed,128000000,1000000,zephyr_64bit_api_grtc_syscounter_includes_sleep,HAR,6,4550,relu,mean,4,18200,18200,13616,18200,2,18200,208,24,128000000,0.00999999978,0.5,0.200000003,0,0.25,9.99999996e-13,8,xorshift32_uniform_positive_exact_ties,reset_each_repetition_public_seed_selection_s1_observation_n1_u_plus_or_minus_0.2,background_bhi360_accel_gyro_quaternion_100hz_not_model_input,5,100,20000,500,0,unencrypted_unbonded,dedicated_pulse_event_workqueue_plus_constant_time_bt_callbacks,dwt_active_core_counter_includes_preemption_and_interrupts,event_workqueue_cumulative_since_start_excludes_bt_rx_and_uart,full_tensor_fp32le_plus_crc,async_att_wall_plus_incremental_wire_crc,post_transfer_fp32le_decode,crc_validated_initiator_receipt_ack_at_responder,endpoint_submitted_or_accepted_not_over_air,firmware_att_value_boundary,post_event_export_handshake_excluded_from_protocol_counters,not_measured_no_ble_sniffer,automatic_campaign,0,after_go_guard_through_single_trial_cleanup_before_dump_guard,optional_gpio_or_firmware_timing,4096,4096,1,P1.14,P1.13,P1.12,P1.11,event,selection,encoder,head_forward_backward,serialization,radio,mixing,control,247,,2,2,6,accepted_connected,initiator,connected,1,end_to_end,0,wall_duration_us,us,1,1,1,0,1,0,0,0,1,1,f7a7c9363af841d6e3948ff0291cd0024060435a40fc1e8135c6500a2979f9e9,c6a402088c7806dd9c32772d39a4e731124cfce6764053c9c9de118b84e8d7ce,3151939,3151939,3151939,3151939,0,3151939,3151939,3151939
199ea2dedb66682329f558d748d984288db699e8ce36a9c957303b9043058816,bca004d67e520d879c4d17367b5436bb9f2383a4,V1R1,pulse_release,final_capture_requirements_enforced,6716da0b2cf47106d541f526f3ae258d46f820608290c7ceb563e121d41ee320,3b41a9fcf048eef0a5f29163b3ac3120fc95d8e624d85023bd77e2c035f76243,exported_pulse_npz,pulse_hhar_seed7_a_b.npz,pulse-har-v1,1,487dbf72bd5f999f8e10a8295e6ee1839ecafaf94f6ad7345be9ea18c5820048,internal_flash_versioned_artifact_replay_windows,float32,16,2,ncs-v3.4.0,4.4.0,14.3.0,speed,128000000,1000000,zephyr_64bit_api_grtc_syscounter_includes_sleep,HAR,6,4550,relu,mean,4,18200,18200,13616,18200,2,18200,208,24,128000000,0.00999999978,0.5,0.200000003,0,0.25,9.99999996e-13,8,xorshift32_uniform_positive_exact_ties,reset_each_repetition_public_seed_selection_s1_observation_n1_u_plus_or_minus_0.2,background_bhi360_accel_gyro_quaternion_100hz_not_model_input,5,100,20000,500,0,unencrypted_unbonded,dedicated_pulse_event_workqueue_plus_constant_time_bt_callbacks,dwt_active_core_counter_includes_preemption_and_interrupts,event_workqueue_cumulative_since_start_excludes_bt_rx_and_uart,full_tensor_fp32le_plus_crc,async_att_wall_plus_incremental_wire_crc,post_transfer_fp32le_decode,crc_validated_initiator_receipt_ack_at_responder,endpoint_submitted_or_accepted_not_over_air,firmware_att_value_boundary,post_event_export_handshake_excluded_from_protocol_counters,not_measured_no_ble_sniffer,automatic_campaign,0,after_go_guard_through_single_trial_cleanup_before_dump_guard,optional_gpio_or_firmware_timing,4096,4096,1,P1.14,P1.13,P1.12,P1.11,event,selection,encoder,head_forward_backward,serialization,radio,mixing,control,247,,2,2,6,accepted_connected,initiator,connected,1,gradient_deserialization,4,wall_duration_us,us,1,1,1,0,1,0,0,0,1,1,f7a7c9363af841d6e3948ff0291cd0024060435a40fc1e8135c6500a2979f9e9,c6a402088c7806dd9c32772d39a4e731124cfce6764053c9c9de118b84e8d7ce,215,215,215,215,0,215,215,215
199ea2dedb66682329f558d748d984288db699e8ce36a9c957303b9043058816,bca004d67e520d879c4d17367b5436bb9f2383a4,V1R1,pulse_release,final_capture_requirements_enforced,6716da0b2cf47106d541f526f3ae258d46f820608290c7ceb563e121d41ee320,3b41a9fcf048eef0a5f29163b3ac3120fc95d8e624d85023bd77e2c035f76243,exported_pulse_npz,pulse_hhar_seed7_a_b.npz,pulse-har-v1,1,487dbf72bd5f999f8e10a8295e6ee1839ecafaf94f6ad7345be9ea18c5820048,internal_flash_versioned_artifact_replay_windows,float32,16,2,ncs-v3.4.0,4.4.0,14.3.0,speed,128000000,1000000,zephyr_64bit_api_grtc_syscounter_includes_sleep,HAR,6,4550,relu,mean,4,18200,18200,13616,18200,2,18200,208,24,128000000,0.00999999978,0.5,0.200000003,0,0.25,9.99999996e-13,8,xorshift32_uniform_positive_exact_ties,reset_each_repetition_public_seed_selection_s1_observation_n1_u_plus_or_minus_0.2,background_bhi360_accel_gyro_quaternion_100hz_not_model_input,5,100,20000,500,0,unencrypted_unbonded,dedicated_pulse_event_workqueue_plus_constant_time_bt_callbacks,dwt_active_core_counter_includes_preemption_and_interrupts,event_workqueue_cumulative_since_start_excludes_bt_rx_and_uart,full_tensor_fp32le_plus_crc,async_att_wall_plus_incremental_wire_crc,post_transfer_fp32le_decode,crc_validated_initiator_receipt_ack_at_responder,endpoint_submitted_or_accepted_not_over_air,firmware_att_value_boundary,post_event_export_handshake_excluded_from_protocol_counters,not_measured_no_ble_sniffer,automatic_campaign,0,after_go_guard_through_single_trial_cleanup_before_dump_guard,optional_gpio_or_firmware_timing,4096,4096,1,P1.14,P1.13,P1.12,P1.11,event,selection,encoder,head_forward_backward,serialization,radio,mixing,control,247,,2,2,6,accepted_connected,initiator,connected,1,gradient_transfer,5,wall_duration_us,us,1,1,1,0,1,0,0,0,1,1,f7a7c9363af841d6e3948ff0291cd0024060435a40fc1e8135c6500a2979f9e9,c6a402088c7806dd9c32772d39a4e731124cfce6764053c9c9de118b84e8d7ce,1124968,1124968,1124968,1124968,0,1124968,1124968,1124968
199ea2dedb66682329f558d748d984288db699e8ce36a9c957303b9043058816,bca004d67e520d879c4d17367b5436bb9f2383a4,V1R1,pulse_release,final_capture_requirements_enforced,6716da0b2cf47106d541f526f3ae258d46f820608290c7ceb563e121d41ee320,3b41a9fcf048eef0a5f29163b3ac3120fc95d8e624d85023bd77e2c035f76243,exported_pulse_npz,pulse_hhar_seed7_a_b.npz,pulse-har-v1,1,487dbf72bd5f999f8e10a8295e6ee1839ecafaf94f6ad7345be9ea18c5820048,internal_flash_versioned_artifact_replay_windows,float32,16,2,ncs-v3.4.0,4.4.0,14.3.0,speed,128000000,1000000,zephyr_64bit_api_grtc_syscounter_includes_sleep,HAR,6,4550,relu,mean,4,18200,18200,13616,18200,2,18200,208,24,128000000,0.00999999978,0.5,0.200000003,0,0.25,9.99999996e-13,8,xorshift32_uniform_positive_exact_ties,reset_each_repetition_public_seed_selection_s1_observation_n1_u_plus_or_minus_0.2,background_bhi360_accel_gyro_quaternion_100hz_not_model_input,5,100,20000,500,0,unencrypted_unbonded,dedicated_pulse_event_workqueue_plus_constant_time_bt_callbacks,dwt_active_core_counter_includes_preemption_and_interrupts,event_workqueue_cumulative_since_start_excludes_bt_rx_and_uart,full_tensor_fp32le_plus_crc,async_att_wall_plus_incremental_wire_crc,post_transfer_fp32le_decode,crc_validated_initiator_receipt_ack_at_responder,endpoint_submitted_or_accepted_not_over_air,firmware_att_value_boundary,post_event_export_handshake_excluded_from_protocol_counters,not_measured_no_ble_sniffer,automatic_campaign,0,after_go_guard_through_single_trial_cleanup_before_dump_guard,optional_gpio_or_firmware_timing,4096,4096,1,P1.14,P1.13,P1.12,P1.11,event,selection,encoder,head_forward_backward,serialization,radio,mixing,control,247,,2,2,6,accepted_connected,initiator,connected,1,head_serialization,4,wall_duration_us,us,1,1,1,0,1,0,0,0,1,1,f7a7c9363af841d6e3948ff0291cd0024060435a40fc1e8135c6500a2979f9e9,c6a402088c7806dd9c32772d39a4e731124cfce6764053c9c9de118b84e8d7ce,2728,2728,2728,2728,0,2728,2728,2728
199ea2dedb66682329f558d748d984288db699e8ce36a9c957303b9043058816,bca004d67e520d879c4d17367b5436bb9f2383a4,V1R1,pulse_release,final_capture_requirements_enforced,6716da0b2cf47106d541f526f3ae258d46f820608290c7ceb563e121d41ee320,3b41a9fcf048eef0a5f29163b3ac3120fc95d8e624d85023bd77e2c035f76243,exported_pulse_npz,pulse_hhar_seed7_a_b.npz,pulse-har-v1,1,487dbf72bd5f999f8e10a8295e6ee1839ecafaf94f6ad7345be9ea18c5820048,internal_flash_versioned_artifact_replay_windows,float32,16,2,ncs-v3.4.0,4.4.0,14.3.0,speed,128000000,1000000,zephyr_64bit_api_grtc_syscounter_includes_sleep,HAR,6,4550,relu,mean,4,18200,18200,13616,18200,2,18200,208,24,128000000,0.00999999978,0.5,0.200000003,0,0.25,9.99999996e-13,8,xorshift32_uniform_positive_exact_ties,reset_each_repetition_public_seed_selection_s1_observation_n1_u_plus_or_minus_0.2,background_bhi360_accel_gyro_quaternion_100hz_not_model_input,5,100,20000,500,0,unencrypted_unbonded,dedicated_pulse_event_workqueue_plus_constant_time_bt_callbacks,dwt_active_core_counter_includes_preemption_and_interrupts,event_workqueue_cumulative_since_start_excludes_bt_rx_and_uart,full_tensor_fp32le_plus_crc,async_att_wall_plus_incremental_wire_crc,post_transfer_fp32le_decode,crc_validated_initiator_receipt_ack_at_responder,endpoint_submitted_or_accepted_not_over_air,firmware_att_value_boundary,post_event_export_handshake_excluded_from_protocol_counters,not_measured_no_ble_sniffer,automatic_campaign,0,after_go_guard_through_single_trial_cleanup_before_dump_guard,optional_gpio_or_firmware_timing,4096,4096,1,P1.14,P1.13,P1.12,P1.11,event,selection,encoder,head_forward_backward,serialization,radio,mixing,control,247,,2,2,6,accepted_connected,initiator,connected,1,head_transfer,5,wall_duration_us,us,1,1,1,0,1,0,0,0,1,1,f7a7c9363af841d6e3948ff0291cd0024060435a40fc1e8135c6500a2979f9e9,c6a402088c7806dd9c32772d39a4e731124cfce6764053c9c9de118b84e8d7ce,192550,192550,192550,192550,0,192550,192550,192550
199ea2dedb66682329f558d748d984288db699e8ce36a9c957303b9043058816,bca004d67e520d879c4d17367b5436bb9f2383a4,V1R1,pulse_release,final_capture_requirements_enforced,6716da0b2cf47106d541f526f3ae258d46f820608290c7ceb563e121d41ee320,3b41a9fcf048eef0a5f29163b3ac3120fc95d8e624d85023bd77e2c035f76243,exported_pulse_npz,pulse_hhar_seed7_a_b.npz,pulse-har-v1,1,487dbf72bd5f999f8e10a8295e6ee1839ecafaf94f6ad7345be9ea18c5820048,internal_flash_versioned_artifact_replay_windows,float32,16,2,ncs-v3.4.0,4.4.0,14.3.0,speed,128000000,1000000,zephyr_64bit_api_grtc_syscounter_includes_sleep,HAR,6,4550,relu,mean,4,18200,18200,13616,18200,2,18200,208,24,128000000,0.00999999978,0.5,0.200000003,0,0.25,9.99999996e-13,8,xorshift32_uniform_positive_exact_ties,reset_each_repetition_public_seed_selection_s1_observation_n1_u_plus_or_minus_0.2,background_bhi360_accel_gyro_quaternion_100hz_not_model_input,5,100,20000,500,0,unencrypted_unbonded,dedicated_pulse_event_workqueue_plus_constant_time_bt_callbacks,dwt_active_core_counter_includes_preemption_and_interrupts,event_workqueue_cumulative_since_start_excludes_bt_rx_and_uart,full_tensor_fp32le_plus_crc,async_att_wall_plus_incremental_wire_crc,post_transfer_fp32le_decode,crc_validated_initiator_receipt_ack_at_responder,endpoint_submitted_or_accepted_not_over_air,firmware_att_value_boundary,post_event_export_handshake_excluded_from_protocol_counters,not_measured_no_ble_sniffer,automatic_campaign,0,after_go_guard_through_single_trial_cleanup_before_dump_guard,optional_gpio_or_firmware_timing,4096,4096,1,P1.14,P1.13,P1.12,P1.11,event,selection,encoder,head_forward_backward,serialization,radio,mixing,control,247,,2,2,6,accepted_connected,initiator,connected,1,initiator_encoder,2,wall_duration_us,us,1,1,1,0,1,0,0,0,1,1,f7a7c9363af841d6e3948ff0291cd0024060435a40fc1e8135c6500a2979f9e9,c6a402088c7806dd9c32772d39a4e731124cfce6764053c9c9de118b84e8d7ce,1739690,1739690,1739690,1739690,0,1739690,1739690,1739690
199ea2dedb66682329f558d748d984288db699e8ce36a9c957303b9043058816,bca004d67e520d879c4d17367b5436bb9f2383a4,V1R1,pulse_release,final_capture_requirements_enforced,6716da0b2cf47106d541f526f3ae258d46f820608290c7ceb563e121d41ee320,3b41a9fcf048eef0a5f29163b3ac3120fc95d8e624d85023bd77e2c035f76243,exported_pulse_npz,pulse_hhar_seed7_a_b.npz,pulse-har-v1,1,487dbf72bd5f999f8e10a8295e6ee1839ecafaf94f6ad7345be9ea18c5820048,internal_flash_versioned_artifact_replay_windows,float32,16,2,ncs-v3.4.0,4.4.0,14.3.0,speed,128000000,1000000,zephyr_64bit_api_grtc_syscounter_includes_sleep,HAR,6,4550,relu,mean,4,18200,18200,13616,18200,2,18200,208,24,128000000,0.00999999978,0.5,0.200000003,0,0.25,9.99999996e-13,8,xorshift32_uniform_positive_exact_ties,reset_each_repetition_public_seed_selection_s1_observation_n1_u_plus_or_minus_0.2,background_bhi360_accel_gyro_quaternion_100hz_not_model_input,5,100,20000,500,0,unencrypted_unbonded,dedicated_pulse_event_workqueue_plus_constant_time_bt_callbacks,dwt_active_core_counter_includes_preemption_and_interrupts,event_workqueue_cumulative_since_start_excludes_bt_rx_and_uart,full_tensor_fp32le_plus_crc,async_att_wall_plus_incremental_wire_crc,post_transfer_fp32le_decode,crc_validated_initiator_receipt_ack_at_responder,endpoint_submitted_or_accepted_not_over_air,firmware_att_value_boundary,post_event_export_handshake_excluded_from_protocol_counters,not_measured_no_ble_sniffer,automatic_campaign,0,after_go_guard_through_single_trial_cleanup_before_dump_guard,optional_gpio_or_firmware_timing,4096,4096,1,P1.14,P1.13,P1.12,P1.11,event,selection,encoder,head_forward_backward,serialization,radio,mixing,control,247,,2,2,6,accepted_connected,initiator,connected,1,initiator_head_forward_backward,3,wall_duration_us,us,1,1,1,0,1,0,0,0,1,1,f7a7c9363af841d6e3948ff0291cd0024060435a40fc1e8135c6500a2979f9e9,c6a402088c7806dd9c32772d39a4e731124cfce6764053c9c9de118b84e8d7ce,12251,12251,12251,12251,0,12251,12251,12251
199ea2dedb66682329f558d748d984288db699e8ce36a9c957303b9043058816,bca004d67e520d879c4d17367b5436bb9f2383a4,V1R1,pulse_release,final_capture_requirements_enforced,6716da0b2cf47106d541f526f3ae258d46f820608290c7ceb563e121d41ee320,3b41a9fcf048eef0a5f29163b3ac3120fc95d8e624d85023bd77e2c035f76243,exported_pulse_npz,pulse_hhar_seed7_a_b.npz,pulse-har-v1,1,487dbf72bd5f999f8e10a8295e6ee1839ecafaf94f6ad7345be9ea18c5820048,internal_flash_versioned_artifact_replay_windows,float32,16,2,ncs-v3.4.0,4.4.0,14.3.0,speed,128000000,1000000,zephyr_64bit_api_grtc_syscounter_includes_sleep,HAR,6,4550,relu,mean,4,18200,18200,13616,18200,2,18200,208,24,128000000,0.00999999978,0.5,0.200000003,0,0.25,9.99999996e-13,8,xorshift32_uniform_positive_exact_ties,reset_each_repetition_public_seed_selection_s1_observation_n1_u_plus_or_minus_0.2,background_bhi360_accel_gyro_quaternion_100hz_not_model_input,5,100,20000,500,0,unencrypted_unbonded,dedicated_pulse_event_workqueue_plus_constant_time_bt_callbacks,dwt_active_core_counter_includes_preemption_and_interrupts,event_workqueue_cumulative_since_start_excludes_bt_rx_and_uart,full_tensor_fp32le_plus_crc,async_att_wall_plus_incremental_wire_crc,post_transfer_fp32le_decode,crc_validated_initiator_receipt_ack_at_responder,endpoint_submitted_or_accepted_not_over_air,firmware_att_value_boundary,post_event_export_handshake_excluded_from_protocol_counters,not_measured_no_ble_sniffer,automatic_campaign,0,after_go_guard_through_single_trial_cleanup_before_dump_guard,optional_gpio_or_firmware_timing,4096,4096,1,P1.14,P1.13,P1.12,P1.11,event,selection,encoder,head_forward_backward,serialization,radio,mixing,control,247,,2,2,6,accepted_connected,initiator,connected,1,mixing,6,wall_duration_us,us,1,1,1,0,1,0,0,0,1,1,f7a7c9363af841d6e3948ff0291cd0024060435a40fc1e8135c6500a2979f9e9,c6a402088c7806dd9c32772d39a4e731124cfce6764053c9c9de118b84e8d7ce,28091,28091,28091,28091,0,28091,28091,28091
199ea2dedb66682329f558d748d984288db699e8ce36a9c957303b9043058816,bca004d67e520d879c4d17367b5436bb9f2383a4,V1R1,pulse_release,final_capture_requirements_enforced,6716da0b2cf47106d541f526f3ae258d46f820608290c7ceb563e121d41ee320,3b41a9fcf048eef0a5f29163b3ac3120fc95d8e624d85023bd77e2c035f76243,exported_pulse_npz,pulse_hhar_seed7_a_b.npz,pulse-har-v1,1,487dbf72bd5f999f8e10a8295e6ee1839ecafaf94f6ad7345be9ea18c5820048,internal_flash_versioned_artifact_replay_windows,float32,16,2,ncs-v3.4.0,4.4.0,14.3.0,speed,128000000,1000000,zephyr_64bit_api_grtc_syscounter_includes_sleep,HAR,6,4550,relu,mean,4,18200,18200,13616,18200,2,18200,208,24,128000000,0.00999999978,0.5,0.200000003,0,0.25,9.99999996e-13,8,xorshift32_uniform_positive_exact_ties,reset_each_repetition_public_seed_selection_s1_observation_n1_u_plus_or_minus_0.2,background_bhi360_accel_gyro_quaternion_100hz_not_model_input,5,100,20000,500,0,unencrypted_unbonded,dedicated_pulse_event_workqueue_plus_constant_time_bt_callbacks,dwt_active_core_counter_includes_preemption_and_interrupts,event_workqueue_cumulative_since_start_excludes_bt_rx_and_uart,full_tensor_fp32le_plus_crc,async_att_wall_plus_incremental_wire_crc,post_transfer_fp32le_decode,crc_validated_initiator_receipt_ack_at_responder,endpoint_submitted_or_accepted_not_over_air,firmware_att_value_boundary,post_event_export_handshake_excluded_from_protocol_counters,not_measured_no_ble_sniffer,automatic_campaign,0,after_go_guard_through_single_trial_cleanup_before_dump_guard,optional_gpio_or_firmware_timing,4096,4096,1,P1.14,P1.13,P1.12,P1.11,event,selection,encoder,head_forward_backward,serialization,radio,mixing,control,247,,2,2,6,accepted_connected,initiator,connected,1,normalization,6,wall_duration_us,us,1,1,1,0,1,0,0,0,1,1,f7a7c9363af841d6e3948ff0291cd0024060435a40fc1e8135c6500a2979f9e9,c6a402088c7806dd9c32772d39a4e731124cfce6764053c9c9de118b84e8d7ce,22,22,22,22,0,22,22,22
199ea2dedb66682329f558d748d984288db699e8ce36a9c957303b9043058816,bca004d67e520d879c4d17367b5436bb9f2383a4,V1R1,pulse_release,final_capture_requirements_enforced,6716da0b2cf47106d541f526f3ae258d46f820608290c7ceb563e121d41ee320,3b41a9fcf048eef0a5f29163b3ac3120fc95d8e624d85023bd77e2c035f76243,exported_pulse_npz,pulse_hhar_seed7_a_b.npz,pulse-har-v1,1,487dbf72bd5f999f8e10a8295e6ee1839ecafaf94f6ad7345be9ea18c5820048,internal_flash_versioned_artifact_replay_windows,float32,16,2,ncs-v3.4.0,4.4.0,14.3.0,speed,128000000,1000000,zephyr_64bit_api_grtc_syscounter_includes_sleep,HAR,6,4550,relu,mean,4,18200,18200,13616,18200,2,18200,208,24,128000000,0.00999999978,0.5,0.200000003,0,0.25,9.99999996e-13,8,xorshift32_uniform_positive_exact_ties,reset_each_repetition_public_seed_selection_s1_observation_n1_u_plus_or_minus_0.2,background_bhi360_accel_gyro_quaternion_100hz_not_model_input,5,100,20000,500,0,unencrypted_unbonded,dedicated_pulse_event_workqueue_plus_constant_time_bt_callbacks,dwt_active_core_counter_includes_preemption_and_interrupts,event_workqueue_cumulative_since_start_excludes_bt_rx_and_uart,full_tensor_fp32le_plus_crc,async_att_wall_plus_incremental_wire_crc,post_transfer_fp32le_decode,crc_validated_initiator_receipt_ack_at_responder,endpoint_submitted_or_accepted_not_over_air,firmware_att_value_boundary,post_event_export_handshake_excluded_from_protocol_counters,not_measured_no_ble_sniffer,automatic_campaign,0,after_go_guard_through_single_trial_cleanup_before_dump_guard,optional_gpio_or_firmware_timing,4096,4096,1,P1.14,P1.13,P1.12,P1.11,event,selection,encoder,head_forward_backward,serialization,radio,mixing,control,247,,2,2,6,accepted_connected,initiator,connected,1,peer_selection,1,wall_duration_us,us,1,1,1,0,1,0,0,0,1,1,f7a7c9363af841d6e3948ff0291cd0024060435a40fc1e8135c6500a2979f9e9,c6a402088c7806dd9c32772d39a4e731124cfce6764053c9c9de118b84e8d7ce,103,103,103,103,0,103,103,103
199ea2dedb66682329f558d748d984288db699e8ce36a9c957303b9043058816,bca004d67e520d879c4d17367b5436bb9f2383a4,V1R1,pulse_release,final_capture_requirements_enforced,6716da0b2cf47106d541f526f3ae258d46f820608290c7ceb563e121d41ee320,3b41a9fcf048eef0a5f29163b3ac3120fc95d8e624d85023bd77e2c035f76243,exported_pulse_npz,pulse_hhar_seed7_a_b.npz,pulse-har-v1,1,487dbf72bd5f999f8e10a8295e6ee1839ecafaf94f6ad7345be9ea18c5820048,internal_flash_versioned_artifact_replay_windows,float32,16,2,ncs-v3.4.0,4.4.0,14.3.0,speed,128000000,1000000,zephyr_64bit_api_grtc_syscounter_includes_sleep,HAR,6,4550,relu,mean,4,18200,18200,13616,18200,2,18200,208,24,128000000,0.00999999978,0.5,0.200000003,0,0.25,9.99999996e-13,8,xorshift32_uniform_positive_exact_ties,reset_each_repetition_public_seed_selection_s1_observation_n1_u_plus_or_minus_0.2,background_bhi360_accel_gyro_quaternion_100hz_not_model_input,5,100,20000,500,0,unencrypted_unbonded,dedicated_pulse_event_workqueue_plus_constant_time_bt_callbacks,dwt_active_core_counter_includes_preemption_and_interrupts,event_workqueue_cumulative_since_start_excludes_bt_rx_and_uart,full_tensor_fp32le_plus_crc,async_att_wall_plus_incremental_wire_crc,post_transfer_fp32le_decode,crc_validated_initiator_receipt_ack_at_responder,endpoint_submitted_or_accepted_not_over_air,firmware_att_value_boundary,post_event_export_handshake_excluded_from_protocol_counters,not_measured_no_ble_sniffer,automatic_campaign,0,after_go_guard_through_single_trial_cleanup_before_dump_guard,optional_gpio_or_firmware_timing,4096,4096,1,P1.14,P1.13,P1.12,P1.11,event,selection,encoder,head_forward_backward,serialization,radio,mixing,control,247,,2,2,6,accepted_connected,initiator,connected,1,utility_update,6,wall_duration_us,us,1,1,1,0,1,0,0,0,1,1,f7a7c9363af841d6e3948ff0291cd0024060435a40fc1e8135c6500a2979f9e9,c6a402088c7806dd9c32772d39a4e731124cfce6764053c9c9de118b84e8d7ce,4,4,4,4,0,4,4,4
199ea2dedb66682329f558d748d984288db699e8ce36a9c957303b9043058816,bca004d67e520d879c4d17367b5436bb9f2383a4,V1R1,pulse_release,final_capture_requirements_enforced,6716da0b2cf47106d541f526f3ae258d46f820608290c7ceb563e121d41ee320,3b41a9fcf048eef0a5f29163b3ac3120fc95d8e624d85023bd77e2c035f76243,exported_pulse_npz,pulse_hhar_seed7_a_b.npz,pulse-har-v1,1,487dbf72bd5f999f8e10a8295e6ee1839ecafaf94f6ad7345be9ea18c5820048,internal_flash_versioned_artifact_replay_windows,float32,16,2,ncs-v3.4.0,4.4.0,14.3.0,speed,128000000,1000000,zephyr_64bit_api_grtc_syscounter_includes_sleep,HAR,6,4550,relu,mean,4,18200,18200,13616,18200,2,18200,208,24,128000000,0.00999999978,0.5,0.200000003,0,0.25,9.99999996e-13,8,xorshift32_uniform_positive_exact_ties,reset_each_repetition_public_seed_selection_s1_observation_n1_u_plus_or_minus_0.2,background_bhi360_accel_gyro_quaternion_100hz_not_model_input,5,100,20000,500,0,unencrypted_unbonded,dedicated_pulse_event_workqueue_plus_constant_time_bt_callbacks,dwt_active_core_counter_includes_preemption_and_interrupts,event_workqueue_cumulative_since_start_excludes_bt_rx_and_uart,full_tensor_fp32le_plus_crc,async_att_wall_plus_incremental_wire_crc,post_transfer_fp32le_decode,crc_validated_initiator_receipt_ack_at_responder,endpoint_submitted_or_accepted_not_over_air,firmware_att_value_boundary,post_event_export_handshake_excluded_from_protocol_counters,not_measured_no_ble_sniffer,automatic_campaign,0,after_go_guard_through_single_trial_cleanup_before_dump_guard,optional_gpio_or_firmware_timing,4096,4096,1,P1.14,P1.13,P1.12,P1.11,event,selection,encoder,head_forward_backward,serialization,radio,mixing,control,247,251,2,2,6,,initiator,connected,1,head_transfer,5,evl_id,,1,1,1,0,1,0,0,0,1,1,f7a7c9363af841d6e3948ff0291cd0024060435a40fc1e8135c6500a2979f9e9,c6a402088c7806dd9c32772d39a4e731124cfce6764053c9c9de118b84e8d7ce,12,12,12,12,0,12,12,12
199ea2dedb66682329f558d748d984288db699e8ce36a9c957303b9043058816,bca004d67e520d879c4d17367b5436bb9f2383a4,V1R1,pulse_release,final_capture_requirements_enforced,6716da0b2cf47106d541f526f3ae258d46f820608290c7ceb563e121d41ee320,3b41a9fcf048eef0a5f29163b3ac3120fc95d8e624d85023bd77e2c035f76243,exported_pulse_npz,pulse_hhar_seed7_a_b.npz,pulse-har-v1,1,487dbf72bd5f999f8e10a8295e6ee1839ecafaf94f6ad7345be9ea18c5820048,internal_flash_versioned_artifact_replay_windows,float32,16,2,ncs-v3.4.0,4.4.0,14.3.0,speed,128000000,1000000,zephyr_64bit_api_grtc_syscounter_includes_sleep,HAR,6,4550,relu,mean,4,18200,18200,13616,18200,2,18200,208,24,128000000,0.00999999978,0.5,0.200000003,0,0.25,9.99999996e-13,8,xorshift32_uniform_positive_exact_ties,reset_each_repetition_public_seed_selection_s1_observation_n1_u_plus_or_minus_0.2,background_bhi360_accel_gyro_quaternion_100hz_not_model_input,5,100,20000,500,0,unencrypted_unbonded,dedicated_pulse_event_workqueue_plus_constant_time_bt_callbacks,dwt_active_core_counter_includes_preemption_and_interrupts,event_workqueue_cumulative_since_start_excludes_bt_rx_and_uart,full_tensor_fp32le_plus_crc,async_att_wall_plus_incremental_wire_crc,post_transfer_fp32le_decode,crc_validated_initiator_receipt_ack_at_responder,endpoint_submitted_or_accepted_not_over_air,firmware_att_value_boundary,post_event_export_handshake_excluded_from_protocol_counters,not_measured_no_ble_sniffer,automatic_campaign,0,after_go_guard_through_single_trial_cleanup_before_dump_guard,optional_gpio_or_firmware_timing,4096,4096,1,P1.14,P1.13,P1.12,P1.11,event,selection,encoder,head_forward_backward,serialization,radio,mixing,control,247,251,2,2,6,,initiator,connected,1,head_transfer,5,wall_duration_us,us,1,1,1,0,1,0,0,0,1,1,f7a7c9363af841d6e3948ff0291cd0024060435a40fc1e8135c6500a2979f9e9,c6a402088c7806dd9c32772d39a4e731124cfce6764053c9c9de118b84e8d7ce,222805,222805,222805,222805,0,222805,222805,222805
199ea2dedb66682329f558d748d984288db699e8ce36a9c957303b9043058816,bca004d67e520d879c4d17367b5436bb9f2383a4,V1R1,pulse_release,final_capture_requirements_enforced,6716da0b2cf47106d541f526f3ae258d46f820608290c7ceb563e121d41ee320,3b41a9fcf048eef0a5f29163b3ac3120fc95d8e624d85023bd77e2c035f76243,exported_pulse_npz,pulse_hhar_seed7_a_b.npz,pulse-har-v1,1,487dbf72bd5f999f8e10a8295e6ee1839ecafaf94f6ad7345be9ea18c5820048,internal_flash_versioned_artifact_replay_windows,float32,16,2,ncs-v3.4.0,4.4.0,14.3.0,speed,128000000,1000000,zephyr_64bit_api_grtc_syscounter_includes_sleep,HAR,6,4550,relu,mean,4,18200,18200,13616,18200,2,18200,208,24,128000000,0.00999999978,0.5,0.200000003,0,0.25,9.99999996e-13,8,xorshift32_uniform_positive_exact_ties,reset_each_repetition_public_seed_selection_s1_observation_n1_u_plus_or_minus_0.2,background_bhi360_accel_gyro_quaternion_100hz_not_model_input,5,100,20000,500,0,unencrypted_unbonded,dedicated_pulse_event_workqueue_plus_constant_time_bt_callbacks,dwt_active_core_counter_includes_preemption_and_interrupts,event_workqueue_cumulative_since_start_excludes_bt_rx_and_uart,full_tensor_fp32le_plus_crc,async_att_wall_plus_incremental_wire_crc,post_transfer_fp32le_decode,crc_validated_initiator_receipt_ack_at_responder,endpoint_submitted_or_accepted_not_over_air,firmware_att_value_boundary,post_event_export_handshake_excluded_from_protocol_counters,not_measured_no_ble_sniffer,automatic_campaign,0,after_go_guard_through_single_trial_cleanup_before_dump_guard,optional_gpio_or_firmware_timing,4096,4096,1,P1.14,P1.13,P1.12,P1.11,event,selection,encoder,head_forward_backward,serialization,radio,mixing,control,247,251,2,2,6,,initiator,connectode=4,1,head_serialization,,wall_duration_us,us,1,1,1,0,1,0,0,0,1,1,f7a7c9363af841d6e3948ff0291cd0024060435a40fc1e8135c6500a2979f9e9,c6a402088c7806dd9c32772d39a4e731124cfce6764053c9c9de118b84e8d7ce,2991,2991,2991,2991,0,2991,2991,2991
199ea2dedb66682329f558d748d984288db699e8ce36a9c957303b9043058816,bca004d67e520d879c4d17367b5436bb9f2383a4,V1R1,pulse_release,final_capture_requirements_enforced,6716da0b2cf47106d541f526f3ae258d46f820608290c7ceb563e121d41ee320,3b41a9fcf048eef0a5f29163b3ac3120fc95d8e624d85023bd77e2c035f76243,exported_pulse_npz,pulse_hhar_seed7_a_b.npz,pulse-har-v1,1,487dbf72bd5f999f8e10a8295e6ee1839ecafaf94f6ad7345be9ea18c5820048,internal_flash_versioned_artifact_replay_windows,float32,16,2,ncs-v3.4.0,4.4.0,14.3.0,speed,128000000,1000000,zephyr_64bit_api_grtc_syscounter_includes_sleep,HAR,6,4550,relu,mean,4,18200,18200,13616,18200,2,18200,208,24,128000000,0.00999999978,0.5,0.200000003,0,0.25,9.99999996e-13,8,xorshift32_uniform_positive_exact_ties,reset_each_repetition_public_seed_selection_s1_observation_n1_u_plus_or_minus_0.2,background_bhi360_accel_gyro_quaternion_100hz_not_model_input,5,100,20000,500,0,unencrypted_unbonded,dedicated_pulse_event_workqueue_plus_constant_time_bt_callbacks,dwt_active_core_counter_includes_preemption_and_interrupts,event_workqueue_cumulative_since_start_excludes_bt_rx_and_uart,full_tensor_fp32le_plus_crc,async_att_wall_plus_incremental_wire_crc,post_transfer_fp32le_decode,crc_validated_initiator_receipt_ack_at_responder,endpoint_submitted_or_accepted_not_over_air,firmware_att_value_boundary,post_event_export_handshake_excluded_from_protocol_counters,not_measured_no_ble_sniffer,automatic_campaign,0,after_go_guard_through_single_trial_cleanup_before_dump_guard,optional_gpio_or_firmware_timing,4096,4096,1,P1.14,P1.13,P1.12,P1.11,event,selection,encoder,head_forward_backward,serialization,radio,mixing,control,247,251,2,2,6,,respondeed,,1,responder_encoder,2,wall_duration_us,us,1,1,1,0,1,0,0,0,1,1,f7a7c9363af841d6e3948ff0291cd0024060435a40fc1e8135c6500a2979f9e9,c6a402088c7806dd9c32772d39a4e731124cfce6764053c9c9de118b84e8d7ce,1740534,1740534,1740534,1740534,0,1740534,1740534,1740534
199ea2dedb66682329f558d748d984288db699e8ce36a9c957303b9043058816,bca004d67e520d879c4d17367b5436bb9f2383a4,V1R1,pulse_release,final_capture_requirements_enforced,6716da0b2cf47106d541f526f3ae258d46f820608290c7ceb563e121d41ee320,3b41a9fcf048eef0a5f29163b3ac3120fc95d8e624d85023bd77e2c035f76243,exported_pulse_npz,pulse_hhar_seed7_a_b.npz,pulse-har-v1,1,487dbf72bd5f999f8e10a8295e6ee1839ecafaf94f6ad7345be9ea18c5820048,internal_flash_versioned_artifact_replay_windows,float32,16,2,ncs-v3.4.0,4.4.0,14.3.0,speed,128000000,1000000,zephyr_64bit_api_grtc_syscounter_includes_sleep,HAR,6,4550,relu,mean,4,18200,18200,13616,18200,2,18200,208,24,128000000,0.00999999978,0.5,0.200000003,0,0.25,9.99999996e-13,8,xorshift32_uniform_positive_exact_ties,reset_each_repetition_public_seed_selection_s1_observation_n1_u_plus_or_minus_0.2,background_bhi360_accel_gyro_quaternion_100hz_not_model_input,5,100,20000,500,0,unencrypted_unbonded,dedicated_pulse_event_workqueue_plus_constant_time_bt_callbacks,dwt_active_core_counter_includes_preemption_and_interrupts,event_workqueue_cumulative_since_start_excludes_bt_rx_and_uart,full_tensor_fp32le_plus_crc,async_att_wall_plus_incremental_wire_crc,post_transfer_fp32le_decode,crc_validated_initiator_receipt_ack_at_responder,endpoint_submitted_or_accepted_not_over_air,firmware_att_value_boundary,post_event_export_handshake_excluded_from_protocol_counters,not_measured_no_ble_sniffer,automatic_campaign,0,after_go_guard_through_single_trial_cleanup_before_dump_guard,optional_gpio_or_firmware_timing,4096,4096,1,P1.14,P1.13,P1.12,P1.11,event,selection,encoder,head_forward_backward,serialization,radio,mixing,control,247,251,2,2,6,,responder,,1,,,wall_duration_us,us,1,1,1,0,0,0,1,,1,1,f7a7c9363af841d6e3948ff0291cd0024060435a40fc1e8135c6500a2979f9e9,c6a402088c7806dd9c32772d39a4e731124cfce6764053c9c9de118b84e8d7ce,215,215,215,215,0,215,215,215
199ea2dedb66682329f558d748d984288db699e8ce36a9c957303b9043058816,bca004d67e520d879c4d17367b5436bb9f2383a4,V1R1,pulse_release,final_capture_requirements_enforced,6716da0b2cf47106d541f526f3ae258d46f820608290c7ceb563e121d41ee320,3b41a9fcf048eef0a5f29163b3ac3120fc95d8e624d85023bd77e2c035f76243,exported_pulse_npz,pulse_hhar_seed7_a_b.npz,pulse-har-v1,1,487dbf72bd5f999f8e10a8295e6ee1839ecafaf94f6ad7345be9ea18c5820048,internal_flash_versioned_artifact_replay_windows,float32,16,2,ncs-v3.4.0,4.4.0,14.3.0,speed,128000000,1000000,zephyr_64bit_api_grtc_syscounter_includes_sleep,HAR,6,4550,relu,mean,4,18200,18200,13616,18200,2,18200,208,24,128000000,0.00999999978,0.5,0.200000003,0,0.25,9.99999996e-13,8,xorshift32_uniform_positive_exact_ties,reset_each_repetition_public_seed_selection_s1_observation_n1_u_plus_or_minus_0.2,background_bhi360_accel_gyro_quaternion_100hz_not_model_input,5,100,20000,500,0,unencrypted_unbonded,dedicated_pulse_event_workqueue_plus_constant_time_bt_callbacks,dwt_active_core_counter_includes_preemption_and_interrupts,event_workqueue_cumulative_since_start_excludes_bt_rx_and_uart,full_tensor_fp32le_plus_crc,async_att_wall_plus_incremental_wire_crc,post_transfer_fp32le_decode,crc_validated_initiator_receipt_ack_at_responder,endpoint_submitted_or_accepted_not_over_air,firmware_att_value_boundary,post_event_export_handshake_excluded_from_protocol_counters,not_measured_no_ble_sniffer,automatic_campaign,0,after_go_guard_through_single_trial_cleanup_before_dump_guard,optional_gpio_or_firmware_timing,4096,4096,1,P1.14,P1.13,P1.12,P1.11,event,selection,encoder,head_forward_backward,serialization,radio,mixing,control,247,251,2,2,6,,responder,,1,responder_encoder,,stage_codstart_counter,,1,1,1,0,0,0,1,,1,1,f7a7c9363af841d6e3948ff0291cd0024060435a40fc1e8135c6500a2979f9e9,c6a402088c7806dd9c32772d39a4e731124cfce6764053c9c9de118b84e8d7ce,725014104,725014104,725014104,725014104,0,725014104,725014104,725014104
199ea2dedb66682329f558d748d984288db699e8ce36a9c957303b9043058816,bca004d67e520d879c4d17367b5436bb9f2383a4,V1R1,pulse_release,final_capture_requirements_enforced,6716da0b2cf47106d541f526f3ae258d46f820608290c7ceb563e121d41ee320,3b41a9fcf048eef0a5f29163b3ac3120fc95d8e624d85023bd77e2c035f76243,exported_pulse_npz,pulse_hhar_seed7_a_b.npz,pulse-har-v1,1,487dbf72bd5f999f8e10a8295e6ee1839ecafaf94f6ad7345be9ea18c5820048,internal_flash_versioned_artifact_replay_windows,float32,16,2,ncs-v3.4.0,4.4.0,14.3.0,speed,128000000,1000000,zephyr_64bit_api_grtc_syscounter_includes_sleep,HAR,6,4550,relu,mean,4,18200,18200,13616,18200,2,18200,208,24,128000000,0.00999999978,0.5,0.200000003,0,0.25,9.99999996e-13,8,xorshift32_uniform_positive_exact_ties,reset_each_repetition_public_seed_selection_s1_observation_n1_u_plus_or_minus_0.2,background_bhi360_accel_gyro_quaternion_100hz_not_model_input,5,100,20000,500,0,unencrypted_unbonded,dedicated_pulse_event_workqueue_plus_constant_time_bt_callbacks,dwt_active_core_counter_includes_preemption_and_interrupts,event_workqueue_cumulative_since_start_excludes_bt_rx_and_uart,full_tensor_fp32le_plus_crc,async_att_wall_plus_incremental_wire_crc,post_transfer_fp32le_decode,crc_validated_initiator_receipt_ack_at_responder,endpoint_submitted_or_accepted_not_over_air,firmware_att_value_boundary,post_event_export_handshake_excluded_from_protocol_counters,not_measured_no_ble_sniffer,automatic_campaign,0,after_go_guard_through_single_trial_cleanup_before_dump_guard,optional_gpio_or_firmware_timing,4096,4096,1,P1.14,P1.13,P1.12,P1.11,event,selection,encoder,head_forward_backward,serialization,radio,mixing,control,247,251,2,2,6,,responder,,1,responder_encoder,,succee,,1,1,1,0,0,0,1,,1,1,f7a7c9363af841d6e3948ff0291cd0024060435a40fc1e8135c6500a2979f9e9,c6a402088c7806dd9c32772d39a4e731124cfce6764053c9c9de118b84e8d7ce,2,2,2,2,0,2,2,2
199ea2dedb66682329f558d748d984288db699e8ce36a9c957303b9043058816,bca004d67e520d879c4d17367b5436bb9f2383a4,V1R1,pulse_release,final_capture_requirements_enforced,6716da0b2cf47106d541f526f3ae258d46f820608290c7ceb563e121d41ee320,3b41a9fcf048eef0a5f29163b3ac3120fc95d8e624d85023bd77e2c035f76243,exported_pulse_npz,pulse_hhar_seed7_a_b.npz,pulse-har-v1,1,487dbf72bd5f999f8e10a8295e6ee1839ecafaf94f6ad7345be9ea18c5820048,internal_flash_versioned_artifact_replay_windows,float32,16,2,ncs-v3.4.0,4.4.0,14.3.0,speed,128000000,1000000,zephyr_64bit_api_grtc_syscounter_includes_sleep,HAR,6,4550,relu,mean,4,18200,18200,13616,18200,2,18200,208,24,128000000,0.00999999978,0.5,0.200000003,0,0.25,9.99999996e-13,8,xorshift32_uniform_positive_exact_ties,reset_each_repetition_public_seed_selection_s1_observation_n1_u_plus_or_minus_0.2,background_bhi360_accel_gyro_quaternion_100hz_not_model_input,5,100,20000,500,0,unencrypted_unbonded,dedicated_pulse_event_workqueue_plus_constant_time_bt_callbacks,dwt_active_core_counter_includes_preemption_and_interrupts,event_workqueue_cumulative_since_start_excludes_bt_rx_and_uart,full_tensor_fp32le_plus_crc,async_att_wall_plus_incremental_wire_crc,post_transfer_fp32le_decode,crc_validated_initiator_receipt_ack_at_responder,endpoint_submitted_or_accepted_not_over_air,firmware_att_value_boundary,post_event_export_handshake_excluded_from_protocol_counters,not_measured_no_ble_sniffer,automatic_campaign,0,after_go_guard_through_single_trial_cleanup_before_dump_guard,optional_gpio_or_firmware_timing,4096,4096,1,P1.14,P1.13,P1.12,P1.11,event,selection,encoder,head_forward_backward,serialization,radio,mixing,control,247,251,2,2,6,,responder,,1,responder_encoder,,wall_duration_us,us,1,1,1,0,0,0,1,,1,1,f7a7c9363af841d6e3948ff0291cd0024060435a40fc1e8135c6500a2979f9e9,c6a402088c7806dd9c32772d39a4e731124cfce6764053c9c9de118b84e8d7ce,1740253,1740253,1740253,1740253,0,1740253,1740253,1740253
199ea2dedb66682329f558d748d984288db699e8ce36a9c957303b9043058816,bca004d67e520d879c4d17367b5436bb9f2383a4,V1R1,pulse_release,final_capture_requirements_enforced,6716da0b2cf47106d541f526f3ae258d46f820608290c7ceb563e121d41ee320,3b41a9fcf048eef0a5f29163b3ac3120fc95d8e624d85023bd77e2c035f76243,exported_pulse_npz,pulse_hhar_seed7_a_b.npz,pulse-har-v1,1,487dbf72bd5f999f8e10a8295e6ee1839ecafaf94f6ad7345be9ea18c5820048,internal_flash_versioned_artifact_replay_windows,float32,16,2,ncs-v3.4.0,4.4.0,14.3.0,speed,128000000,1000000,zephyr_64bit_api_grtc_syscounter_includes_sleep,HAR,6,4550,relu,mean,4,18200,18200,13616,18200,2,18200,208,24,128000000,0.00999999978,0.5,0.200000003,0,0.25,9.99999996e-13,8,xorshift32_uniform_positive_exact_ties,reset_each_repetition_public_seed_selection_s1_observation_n1_u_plus_or_minus_0.2,background_bhi360_accel_gyro_quaternion_100hz_not_model_input,5,100,20000,500,0,unencrypted_unbonded,dedicated_pulse_event_workqueue_plus_constant_time_bt_callbacks,dwt_active_core_counter_includes_preemption_and_interrupts,event_workqueue_cumulative_since_start_excludes_bt_rx_and_uart,full_tensor_fp32le_plus_crc,async_att_wall_plus_incremental_wire_crc,post_transfer_fp32le_decode,crc_validated_initiator_receipt_ack_at_responder,endpoint_submitted_or_accepted_not_over_air,firmware_att_value_boundary,post_event_export_handshake_excluded_from_protocol_counters,not_measured_no_ble_sniffer,automatic_campaign,0,after_go_guard_through_single_trial_cleanup_before_dump_guard,optional_gpio_or_firmware_timing,4096,4096,1,P1.14,P1.13,P1.12,P1.11,event,selection,encoder,head_forward_backward,serialization,radio,mixing,control,247,251,2,2,6,,responder,connected,1,gradient_serialization,4,wall_duration_us,us,1,1,1,0,1,0,0,0,1,1,f7a7c9363af841d6e3948ff0291cd0024060435a40fc1e8135c6500a2979f9e9,c6a402088c7806dd9c32772d39a4e731124cfce6764053c9c9de118b84e8d7ce,2634,2634,2634,2634,0,2634,2634,2634
199ea2dedb66682329f558d748d984288db699e8ce36a9c957303b9043058816,bca004d67e520d879c4d17367b5436bb9f2383a4,V1R1,pulse_release,final_capture_requirements_enforced,6716da0b2cf47106d541f526f3ae258d46f820608290c7ceb563e121d41ee320,3b41a9fcf048eef0a5f29163b3ac3120fc95d8e624d85023bd77e2c035f76243,exported_pulse_npz,pulse_hhar_seed7_a_b.npz,pulse-har-v1,1,487dbf72bd5f999f8e10a8295e6ee1839ecafaf94f6ad7345be9ea18c5820048,internal_flash_versioned_artifact_replay_windows,float32,16,2,ncs-v3.4.0,4.4.0,14.3.0,speed,128000000,1000000,zephyr_64bit_api_grtc_syscounter_includes_sleep,HAR,6,4550,relu,mean,4,18200,18200,13616,18200,2,18200,208,24,128000000,0.00999999978,0.5,0.200000003,0,0.25,9.99999996e-13,8,xorshift32_uniform_positive_exact_ties,reset_each_repetition_public_seed_selection_s1_observation_n1_u_plus_or_minus_0.2,background_bhi360_accel_gyro_quaternion_100hz_not_model_input,5,100,20000,500,0,unencrypted_unbonded,dedicated_pulse_event_workqueue_plus_constant_time_bt_callbacks,dwt_active_core_counter_includes_preemption_and_interrupts,event_workqueue_cumulative_since_start_excludes_bt_rx_and_uart,full_tensor_fp32le_plus_crc,async_att_wall_plus_incremental_wire_crc,post_transfer_fp32le_decode,crc_validated_initiator_receipt_ack_at_responder,endpoint_submitted_or_accepted_not_over_air,firmware_att_value_boundary,post_event_export_handshake_excluded_from_protocol_counters,not_measured_no_ble_sniffer,automatic_campaign,0,after_go_guard_through_single_trial_cleanup_before_dump_guard,optional_gpio_or_firmware_timing,4096,4096,1,P1.14,P1.13,P1.12,P1.11,event,selection,encoder,head_forward_backward,serialization,radio,mixing,control,247,251,2,2,6,,responder,connected,1,head_deserialization,4,wall_duration_us,us,1,1,1,0,1,0,0,0,1,1,f7a7c9363af841d6e3948ff0291cd0024060435a40fc1e8135c6500a2979f9e9,c6a402088c7806dd9c32772d39a4e731124cfce6764053c9c9de118b84e8d7ce,215,215,215,215,0,215,215,215
199ea2dedb66682329f558d748d984288db699e8ce36a9c957303b9043058816,bca004d67e520d879c4d17367b5436bb9f2383a4,V1R1,pulse_release,final_capture_requirements_enforced,6716da0b2cf47106d541f526f3ae258d46f820608290c7ceb563e121d41ee320,3b41a9fcf048eef0a5f29163b3ac3120fc95d8e624d85023bd77e2c035f76243,exported_pulse_npz,pulse_hhar_seed7_a_b.npz,pulse-har-v1,1,487dbf72bd5f999f8e10a8295e6ee1839ecafaf94f6ad7345be9ea18c5820048,internal_flash_versioned_artifact_replay_windows,float32,16,2,ncs-v3.4.0,4.4.0,14.3.0,speed,128000000,1000000,zephyr_64bit_api_grtc_syscounter_includes_sleep,HAR,6,4550,relu,mean,4,18200,18200,13616,18200,2,18200,208,24,128000000,0.00999999978,0.5,0.200000003,0,0.25,9.99999996e-13,8,xorshift32_uniform_positive_exact_ties,reset_each_repetition_public_seed_selection_s1_observation_n1_u_plus_or_minus_0.2,background_bhi360_accel_gyro_quaternion_100hz_not_model_input,5,100,20000,500,0,unencrypted_unbonded,dedicated_pulse_event_workqueue_plus_constant_time_bt_callbacks,dwt_active_core_counter_includes_preemption_and_interrupts,event_workqueue_cumulative_since_start_excludes_bt_rx_and_uart,full_tensor_fp32le_plus_crc,async_att_wall_plus_incremental_wire_crc,post_transfer_fp32le_decode,crc_validated_initiator_receipt_ack_at_responder,endpoint_submitted_or_accepted_not_over_air,firmware_att_value_boundary,post_event_export_handshake_excluded_from_protocol_counters,not_measured_no_ble_sniffer,automatic_campaign,0,after_go_guard_through_single_trial_cleanup_before_dump_guard,optional_gpio_or_firmware_timing,4096,4096,1,P1.14,P1.13,P1.12,P1.11,event,selection,encoder,head_forward_backward,serialization,radio,mixing,control,247,251,2,2,6,,responder,connected,1,head_trter=1385602169,5,rolex,,1,1,1,0,1,0,0,0,1,1,f7a7c9363af841d6e3948ff0291cd0024060435a40fc1e8135c6500a2979f9e9,c6a402088c7806dd9c32772d39a4e731124cfce6764053c9c9de118b84e8d7ce,403,403,403,403,0,403,403,403
199ea2dedb66682329f558d748d984288db699e8ce36a9c957303b9043058816,bca004d67e520d879c4d17367b5436bb9f2383a4,V1R1,pulse_release,final_capture_requirements_enforced,6716da0b2cf47106d541f526f3ae258d46f820608290c7ceb563e121d41ee320,3b41a9fcf048eef0a5f29163b3ac3120fc95d8e624d85023bd77e2c035f76243,exported_pulse_npz,pulse_hhar_seed7_a_b.npz,pulse-har-v1,1,487dbf72bd5f999f8e10a8295e6ee1839ecafaf94f6ad7345be9ea18c5820048,internal_flash_versioned_artifact_replay_windows,float32,16,2,ncs-v3.4.0,4.4.0,14.3.0,speed,128000000,1000000,zephyr_64bit_api_grtc_syscounter_includes_sleep,HAR,6,4550,relu,mean,4,18200,18200,13616,18200,2,18200,208,24,128000000,0.00999999978,0.5,0.200000003,0,0.25,9.99999996e-13,8,xorshift32_uniform_positive_exact_ties,reset_each_repetition_public_seed_selection_s1_observation_n1_u_plus_or_minus_0.2,background_bhi360_accel_gyro_quaternion_100hz_not_model_input,5,100,20000,500,0,unencrypted_unbonded,dedicated_pulse_event_workqueue_plus_constant_time_bt_callbacks,dwt_active_core_counter_includes_preemption_and_interrupts,event_workqueue_cumulative_since_start_excludes_bt_rx_and_uart,full_tensor_fp32le_plus_crc,async_att_wall_plus_incremental_wire_crc,post_transfer_fp32le_decode,crc_validated_initiator_receipt_ack_at_responder,endpoint_submitted_or_accepted_not_over_air,firmware_att_value_boundary,post_event_export_handshake_excluded_from_protocol_counters,not_measured_no_ble_sniffer,automatic_campaign,0,after_go_guard_through_single_trial_cleanup_before_dump_guard,optional_gpio_or_firmware_timing,4096,4096,1,P1.14,P1.13,P1.12,P1.11,event,selection,encoder,head_forward_backward,serialization,radio,mixing,control,247,251,2,2,6,,responder,connected,1,head_trter=1385602169,5,wall_duration_us,us,1,1,1,0,1,0,0,0,1,1,f7a7c9363af841d6e3948ff0291cd0024060435a40fc1e8135c6500a2979f9e9,c6a402088c7806dd9c32772d39a4e731124cfce6764053c9c9de118b84e8d7ce,215,215,215,215,0,215,215,215
199ea2dedb66682329f558d748d984288db699e8ce36a9c957303b9043058816,bca004d67e520d879c4d17367b5436bb9f2383a4,V1R1,pulse_release,final_capture_requirements_enforced,6716da0b2cf47106d541f526f3ae258d46f820608290c7ceb563e121d41ee320,3b41a9fcf048eef0a5f29163b3ac3120fc95d8e624d85023bd77e2c035f76243,exported_pulse_npz,pulse_hhar_seed7_a_b.npz,pulse-har-v1,1,487dbf72bd5f999f8e10a8295e6ee1839ecafaf94f6ad7345be9ea18c5820048,internal_flash_versioned_artifact_replay_windows,float32,16,2,ncs-v3.4.0,4.4.0,14.3.0,speed,128000000,1000000,zephyr_64bit_api_grtc_syscounter_includes_sleep,HAR,6,4550,relu,mean,4,18200,18200,13616,18200,2,18200,208,24,128000000,0.00999999978,0.5,0.200000003,0,0.25,9.99999996e-13,8,xorshift32_uniform_positive_exact_ties,reset_each_repetition_public_seed_selection_s1_observation_n1_u_plus_or_minus_0.2,background_bhi360_accel_gyro_quaternion_100hz_not_model_input,5,100,20000,500,0,unencrypted_unbonded,dedicated_pulse_event_workqueue_plus_constant_time_bt_callbacks,dwt_active_core_counter_includes_preemption_and_interrupts,event_workqueue_cumulative_since_start_excludes_bt_rx_and_uart,full_tensor_fp32le_plus_crc,async_att_wall_plus_incremental_wire_crc,post_transfer_fp32le_decode,crc_validated_initiator_receipt_ack_at_responder,endpoint_submitted_or_accepted_not_over_air,firmware_att_value_boundary,post_event_export_handshake_excluded_from_protocol_counters,not_measured_no_ble_sniffer,automatic_campaign,0,after_go_guard_through_single_trial_cleanup_before_dump_guard,optional_gpio_or_firmware_timing,4096,4096,1,P1.14,P1.13,P1.12,P1.11,event,selection,encoder,head_forward_backward,serialization,radio,mixing,control,247,251,2,2,6,,responder,connected,1,head_trter=1385602169,5,warial_id,,1,1,1,0,1,0,0,0,1,1,f7a7c9363af841d6e3948ff0291cd0024060435a40fc1e8135c6500a2979f9e9,c6a402088c7806dd9c32772d39a4e731124cfce6764053c9c9de118b84e8d7ce,83,83,83,83,0,83,83,83
199ea2dedb66682329f558d748d984288db699e8ce36a9c957303b9043058816,bca004d67e520d879c4d17367b5436bb9f2383a4,V1R1,pulse_release,final_capture_requirements_enforced,6716da0b2cf47106d541f526f3ae258d46f820608290c7ceb563e121d41ee320,3b41a9fcf048eef0a5f29163b3ac3120fc95d8e624d85023bd77e2c035f76243,exported_pulse_npz,pulse_hhar_seed7_a_b.npz,pulse-har-v1,1,487dbf72bd5f999f8e10a8295e6ee1839ecafaf94f6ad7345be9ea18c5820048,internal_flash_versioned_artifact_replay_windows,float32,16,2,ncs-v3.4.0,4.4.0,14.3.0,speed,128000000,1000000,zephyr_64bit_api_grtc_syscounter_includes_sleep,HAR,6,4550,relu,mean,4,18200,18200,13616,18200,2,18200,208,24,128000000,0.00999999978,0.5,0.200000003,0,0.25,9.99999996e-13,8,xorshift32_uniform_positive_exact_ties,reset_each_repetition_public_seed_selection_s1_observation_n1_u_plus_or_minus_0.2,background_bhi360_accel_gyro_quaternion_100hz_not_model_input,5,100,20000,500,0,unencrypted_unbonded,dedicated_pulse_event_workqueue_plus_constant_time_bt_callbacks,dwt_active_core_counter_includes_preemption_and_interrupts,event_workqueue_cumulative_since_start_excludes_bt_rx_and_uart,full_tensor_fp32le_plus_crc,async_att_wall_plus_incremental_wire_crc,post_transfer_fp32le_decode,crc_validated_initiator_receipt_ack_at_responder,endpoint_submitted_or_accepted_not_over_air,firmware_att_value_boundary,post_event_export_handshake_excluded_from_protocol_counters,not_measured_no_ble_sniffer,automatic_campaign,0,after_go_guard_through_single_trial_cleanup_before_dump_guard,optional_gpio_or_firmware_timing,4096,4096,1,P1.14,P1.13,P1.12,P1.11,event,selection,encoder,head_forward_backward,serialization,radio,mixing,control,247,251,2,2,6,,responder,connected,1,responder_head_forward_backward,3,wall_duration_us,us,1,1,1,0,1,0,0,0,1,1,f7a7c9363af841d6e3948ff0291cd0024060435a40fc1e8135c6500a2979f9e9,c6a402088c7806dd9c32772d39a4e731124cfce6764053c9c9de118b84e8d7ce,12379,12379,12379,12379,0,12379,12379,12379
199ea2dedb66682329f558d748d984288db699e8ce36a9c957303b9043058816,bca004d67e520d879c4d17367b5436bb9f2383a4,V1R1,pulse_release,final_capture_requirements_enforced,6716da0b2cf47106d541f526f3ae258d46f820608290c7ceb563e121d41ee320,3b41a9fcf048eef0a5f29163b3ac3120fc95d8e624d85023bd77e2c035f76243,exported_pulse_npz,pulse_hhar_seed7_a_b.npz,pulse-har-v1,1,487dbf72bd5f999f8e10a8295e6ee1839ecafaf94f6ad7345be9ea18c5820048,internal_flash_versioned_artifact_replay_windows,float32,16,2,ncs-v3.4.0,4.4.0,14.3.0,speed,128000000,1000000,zephyr_64bit_api_grtc_syscounter_includes_sleep,HAR,6,4550,relu,mean,4,18200,18200,13616,18200,2,18200,208,24,128000000,0.00999999978,0.5,0.200000003,0,0.25,9.99999996e-13,8,xorshift32_uniform_positive_exact_ties,reset_each_repetition_public_seed_selection_s1_observation_n1_u_plus_or_minus_0.2,background_bhi360_accel_gyro_quaternion_100hz_not_model_input,5,100,20000,500,0,unencrypted_unbonded,dedicated_pulse_event_workqueue_plus_constant_time_bt_callbacks,dwt_active_core_counter_includes_preemption_and_interrupts,event_workqueue_cumulative_since_start_excludes_bt_rx_and_uart,full_tensor_fp32le_plus_crc,async_att_wall_plus_incremental_wire_crc,post_transfer_fp32le_decode,crc_validated_initiator_receipt_ack_at_responder,endpoint_submitted_or_accepted_not_over_air,firmware_att_value_boundary,post_event_export_handshake_excluded_from_protocol_counters,not_measured_no_ble_sniffer,automatic_campaign,0,after_go_guard_through_single_trial_cleanup_before_dump_guard,optional_gpio_or_firmware_timing,4096,4096,1,P1.14,P1.13,P1.12,P1.11,event,selection,encoder,head_forward_backward,serialization,radio,mixing,control,247,251,2,2,6,,respondertart=connected,,1,gradieon_state_snt_serialization,4,wall_duration_us,us,1,1,1,0,1,0,0,0,1,1,f7a7c9363af841d6e3948ff0291cd0024060435a40fc1e8135c6500a2979f9e9,c6a402088c7806dd9c32772d39a4e731124cfce6764053c9c9de118b84e8d7ce,2631,2631,2631,2631,0,2631,2631,2631
199ea2dedb66682329f558d748d984288db699e8ce36a9c957303b9043058816,bca004d67e520d879c4d17367b5436bb9f2383a4,V1R1,pulse_release,final_capture_requirements_enforced,6716da0b2cf47106d541f526f3ae258d46f820608290c7ceb563e121d41ee320,3b41a9fcf048eef0a5f29163b3ac3120fc95d8e624d85023bd77e2c035f76243,exported_pulse_npz,pulse_hhar_seed7_a_b.npz,pulse-har-v1,1,487dbf72bd5f999f8e10a8295e6ee1839ecafaf94f6ad7345be9ea18c5820048,internal_flash_versioned_artifact_replay_windows,float32,16,2,ncs-v3.4.0,4.4.0,14.3.0,speed,128000000,1000000,zephyr_64bit_api_grtc_syscounter_includes_sleep,HAR,6,4550,relu,mean,4,18200,18200,13616,18200,2,18200,208,24,128000000,0.00999999978,0.5,0.200000003,0,0.25,9.99999996e-13,8,xorshift32_uniform_positive_exact_ties,reset_each_repetition_public_seed_selection_s1_observation_n1_u_plus_or_minus_0.2,background_bhi360_accel_gyro_quaternion_100hz_not_model_input,5,100,20000,500,0,unencrypted_unbonded,dedicated_pulse_event_workqueue_plus_constant_time_bt_callbacks,dwt_active_core_counter_includes_preemption_and_interrupts,event_workqueue_cumulative_since_start_excludes_bt_rx_and_uart,full_tensor_fp32le_plus_crc,async_att_wall_plus_incremental_wire_crc,post_transfer_fp32le_decode,crc_validated_initiator_receipt_ack_at_responder,endpoint_submitted_or_accepted_not_over_air,firmware_att_value_boundary,post_event_export_handshake_excluded_from_protocol_counters,not_measured_no_ble_sniffer,automatic_campaign,0,after_go_guard_through_single_trial_cleanup_before_dump_guard,optional_gpio_or_firmware_timing,4096,4096,1,P1.14,P1.13,P1.12,P1.11,event,selection,encoder,head_forward_backward,serialization,radio,mixing,control,247,251,2,2,6,a,initiator,,1,peer_selection,1,coter,,1,1,1,0,0,0,1,,1,1,f7a7c9363af841d6e3948ff0291cd0024060435a40fc1e8135c6500a2979f9e9,c6a402088c7806dd9c32772d39a4e731124cfce6764053c9c9de118b84e8d7ce,0,0,0,0,0,0,0,0
199ea2dedb66682329f558d748d984288db699e8ce36a9c957303b9043058816,bca004d67e520d879c4d17367b5436bb9f2383a4,V1R1,pulse_release,final_capture_requirements_enforced,6716da0b2cf47106d541f526f3ae258d46f820608290c7ceb563e121d41ee320,3b41a9fcf048eef0a5f29163b3ac3120fc95d8e624d85023bd77e2c035f76243,exported_pulse_npz,pulse_hhar_seed7_a_b.npz,pulse-har-v1,1,487dbf72bd5f999f8e10a8295e6ee1839ecafaf94f6ad7345be9ea18c5820048,internal_flash_versioned_artifact_replay_windows,float32,16,2,ncs-v3.4.0,4.4.0,14.3.0,speed,128000000,1000000,zephyr_64bit_api_grtc_syscounter_includes_sleep,HAR,6,4550,relu,mean,4,18200,18200,13616,18200,2,18200,208,24,128000000,0.00999999978,0.5,0.200000003,0,0.25,9.99999996e-13,8,xorshift32_uniform_positive_exact_ties,reset_each_repetition_public_seed_selection_s1_observation_n1_u_plus_or_minus_0.2,background_bhi360_accel_gyro_quaternion_100hz_not_model_input,5,100,20000,500,0,unencrypted_unbonded,dedicated_pulse_event_workqueue_plus_constant_time_bt_callbacks,dwt_active_core_counter_includes_preemption_and_interrupts,event_workqueue_cumulative_since_start_excludes_bt_rx_and_uart,full_tensor_fp32le_plus_crc,async_att_wall_plus_incremental_wire_crc,post_transfer_fp32le_decode,crc_validated_initiator_receipt_ack_at_responder,endpoint_submitted_or_accepted_not_over_air,firmware_att_value_boundary,post_event_export_handshake_excluded_from_protocol_counters,not_measured_no_ble_sniffer,automatic_campaign,0,after_go_guard_through_single_trial_cleanup_before_dump_guard,optional_gpio_or_firmware_timing,4096,4096,1,P1.14,P1.13,P1.12,P1.11,event,selection,encoder,head_forward_backward,serialization,radio,mixing,control,247,251,2,2,6,a,initiator,,1,peer_selection,1,wall_duration_us,us,1,1,1,0,0,0,1,,1,1,f7a7c9363af841d6e3948ff0291cd0024060435a40fc1e8135c6500a2979f9e9,c6a402088c7806dd9c32772d39a4e731124cfce6764053c9c9de118b84e8d7ce,74,74,74,74,0,74,74,74
199ea2dedb66682329f558d748d984288db699e8ce36a9c957303b9043058816,bca004d67e520d879c4d17367b5436bb9f2383a4,V1R1,pulse_release,final_capture_requirements_enforced,6716da0b2cf47106d541f526f3ae258d46f820608290c7ceb563e121d41ee320,3b41a9fcf048eef0a5f29163b3ac3120fc95d8e624d85023bd77e2c035f76243,exported_pulse_npz,pulse_hhar_seed7_a_b.npz,pulse-har-v1,1,487dbf72bd5f999f8e10a8295e6ee1839ecafaf94f6ad7345be9ea18c5820048,internal_flash_versioned_artifact_replay_windows,float32,16,2,ncs-v3.4.0,4.4.0,14.3.0,speed,128000000,1000000,zephyr_64bit_api_grtc_syscounter_includes_sleep,HAR,6,4550,relu,mean,4,18200,18200,13616,18200,2,18200,208,24,128000000,0.00999999978,0.5,0.200000003,0,0.25,9.99999996e-13,8,xorshift32_uniform_positive_exact_ties,reset_each_repetition_public_seed_selection_s1_observation_n1_u_plus_or_minus_0.2,background_bhi360_accel_gyro_quaternion_100hz_not_model_input,5,100,20000,500,0,unencrypted_unbonded,dedicated_pulse_event_workqueue_plus_constant_time_bt_callbacks,dwt_active_core_counter_includes_preemption_and_interrupts,event_workqueue_cumulative_since_start_excludes_bt_rx_and_uart,full_tensor_fp32le_plus_crc,async_att_wall_plus_incremental_wire_crc,post_transfer_fp32le_decode,crc_validated_initiator_receipt_ack_at_responder,endpoint_submitted_or_accepted_not_over_air,firmware_att_value_boundary,post_event_export_handshake_excluded_from_protocol_counters,not_measured_no_ble_sniffer,automatic_campaign,0,after_go_guard_through_single_trial_cleanup_before_dump_guard,optional_gpio_or_firmware_timing,4096,4096,1,P1.14,P1.13,P1.12,P1.11,event,selection,encoder,head_forward_backward,serialization,radio,mixing,control,247,251,2,2,6,accep,initiator,,1,,,enstart_counter,,1,1,1,0,0,0,1,,1,1,f7a7c9363af841d6e3948ff0291cd0024060435a40fc1e8135c6500a2979f9e9,c6a402088c7806dd9c32772d39a4e731124cfce6764053c9c9de118b84e8d7ce,0,0,0,0,0,0,0,0
199ea2dedb66682329f558d748d984288db699e8ce36a9c957303b9043058816,bca004d67e520d879c4d17367b5436bb9f2383a4,V1R1,pulse_release,final_capture_requirements_enforced,6716da0b2cf47106d541f526f3ae258d46f820608290c7ceb563e121d41ee320,3b41a9fcf048eef0a5f29163b3ac3120fc95d8e624d85023bd77e2c035f76243,exported_pulse_npz,pulse_hhar_seed7_a_b.npz,pulse-har-v1,1,487dbf72bd5f999f8e10a8295e6ee1839ecafaf94f6ad7345be9ea18c5820048,internal_flash_versioned_artifact_replay_windows,float32,16,2,ncs-v3.4.0,4.4.0,14.3.0,speed,128000000,1000000,zephyr_64bit_api_grtc_syscounter_includes_sleep,HAR,6,4550,relu,mean,4,18200,18200,13616,18200,2,18200,208,24,128000000,0.00999999978,0.5,0.200000003,0,0.25,9.99999996e-13,8,xorshift32_uniform_positive_exact_ties,reset_each_repetition_public_seed_selection_s1_observation_n1_u_plus_or_minus_0.2,background_bhi360_accel_gyro_quaternion_100hz_not_model_input,5,100,20000,500,0,unencrypted_unbonded,dedicated_pulse_event_workqueue_plus_constant_time_bt_callbacks,dwt_active_core_counter_includes_preemption_and_interrupts,event_workqueue_cumulative_since_start_excludes_bt_rx_and_uart,full_tensor_fp32le_plus_crc,async_att_wall_plus_incremental_wire_crc,post_transfer_fp32le_decode,crc_validated_initiator_receipt_ack_at_responder,endpoint_submitted_or_accepted_not_over_air,firmware_att_value_boundary,post_event_export_handshake_excluded_from_protocol_counters,not_measured_no_ble_sniffer,automatic_campaign,0,after_go_guard_through_single_trial_cleanup_before_dump_guard,optional_gpio_or_firmware_timing,4096,4096,1,P1.14,P1.13,P1.12,P1.11,event,selection,encoder,head_forward_backward,serialization,radio,mixing,control,247,251,2,2,6,accep,initiator,,1,,,wall_duration_us,us,1,1,1,0,0,0,1,,1,1,f7a7c9363af841d6e3948ff0291cd0024060435a40fc1e8135c6500a2979f9e9,c6a402088c7806dd9c32772d39a4e731124cfce6764053c9c9de118b84e8d7ce,12270,12270,12270,12270,0,12270,12270,12270
199ea2dedb66682329f558d748d984288db699e8ce36a9c957303b9043058816,bca004d67e520d879c4d17367b5436bb9f2383a4,V1R1,pulse_release,final_capture_requirements_enforced,6716da0b2cf47106d541f526f3ae258d46f820608290c7ceb563e121d41ee320,3b41a9fcf048eef0a5f29163b3ac3120fc95d8e624d85023bd77e2c035f76243,exported_pulse_npz,pulse_hhar_seed7_a_b.npz,pulse-har-v1,1,487dbf72bd5f999f8e10a8295e6ee1839ecafaf94f6ad7345be9ea18c5820048,internal_flash_versioned_artifact_replay_windows,float32,16,2,ncs-v3.4.0,4.4.0,14.3.0,speed,128000000,1000000,zephyr_64bit_api_grtc_syscounter_includes_sleep,HAR,6,4550,relu,mean,4,18200,18200,13616,18200,2,18200,208,24,128000000,0.00999999978,0.5,0.200000003,0,0.25,9.99999996e-13,8,xorshift32_uniform_positive_exact_ties,reset_each_repetition_public_seed_selection_s1_observation_n1_u_plus_or_minus_0.2,background_bhi360_accel_gyro_quaternion_100hz_not_model_input,5,100,20000,500,0,unencrypted_unbonded,dedicated_pulse_event_workqueue_plus_constant_time_bt_callbacks,dwt_active_core_counter_includes_preemption_and_interrupts,event_workqueue_cumulative_since_start_excludes_bt_rx_and_uart,full_tensor_fp32le_plus_crc,async_att_wall_plus_incremental_wire_crc,post_transfer_fp32le_decode,crc_validated_initiator_receipt_ack_at_responder,endpoint_submitted_or_accepted_not_over_air,firmware_att_value_boundary,post_event_export_handshake_excluded_from_protocol_counters,not_measured_no_ble_sniffer,automatic_campaign,0,after_go_guard_through_single_trial_cleanup_before_dump_guard,optional_gpio_or_firmware_timing,4096,4096,1,P1.14,P1.13,P1.12,P1.11,event,selection,encoder,head_forward_backward,serialization,radio,mixing,control,247,251,2,2,6,accepted_connected,initiator,connected,1,,,stage_cor,,1,1,1,0,1,0,0,0,1,1,f7a7c9363af841d6e3948ff0291cd0024060435a40fc1e8135c6500a2979f9e9,c6a402088c7806dd9c32772d39a4e731124cfce6764053c9c9de118b84e8d7ce,0,0,0,0,0,0,0,0
199ea2dedb66682329f558d748d984288db699e8ce36a9c957303b9043058816,bca004d67e520d879c4d17367b5436bb9f2383a4,V1R1,pulse_release,final_capture_requirements_enforced,6716da0b2cf47106d541f526f3ae258d46f820608290c7ceb563e121d41ee320,3b41a9fcf048eef0a5f29163b3ac3120fc95d8e624d85023bd77e2c035f76243,exported_pulse_npz,pulse_hhar_seed7_a_b.npz,pulse-har-v1,1,487dbf72bd5f999f8e10a8295e6ee1839ecafaf94f6ad7345be9ea18c5820048,internal_flash_versioned_artifact_replay_windows,float32,16,2,ncs-v3.4.0,4.4.0,14.3.0,speed,128000000,1000000,zephyr_64bit_api_grtc_syscounter_includes_sleep,HAR,6,4550,relu,mean,4,18200,18200,13616,18200,2,18200,208,24,128000000,0.00999999978,0.5,0.200000003,0,0.25,9.99999996e-13,8,xorshift32_uniform_positive_exact_ties,reset_each_repetition_public_seed_selection_s1_observation_n1_u_plus_or_minus_0.2,background_bhi360_accel_gyro_quaternion_100hz_not_model_input,5,100,20000,500,0,unencrypted_unbonded,dedicated_pulse_event_workqueue_plus_constant_time_bt_callbacks,dwt_active_core_counter_includes_preemption_and_interrupts,event_workqueue_cumulative_since_start_excludes_bt_rx_and_uart,full_tensor_fp32le_plus_crc,async_att_wall_plus_incremental_wire_crc,post_transfer_fp32le_decode,crc_validated_initiator_receipt_ack_at_responder,endpoint_submitted_or_accepted_not_over_air,firmware_att_value_boundary,post_event_export_handshake_excluded_from_protocol_counters,not_measured_no_ble_sniffer,automatic_campaign,0,after_go_guard_through_single_trial_cleanup_before_dump_guard,optional_gpio_or_firmware_timing,4096,4096,1,P1.14,P1.13,P1.12,P1.11,event,selection,encoder,head_forward_backward,serialization,radio,mixing,control,247,251,2,2,6,accepted_connected,initiator,connected,1,,,wall_duration_us,us,1,1,1,0,1,0,0,0,1,1,f7a7c9363af841d6e3948ff0291cd0024060435a40fc1e8135c6500a2979f9e9,c6a402088c7806dd9c32772d39a4e731124cfce6764053c9c9de118b84e8d7ce,28096,28096,28096,28096,0,28096,28096,28096
199ea2dedb66682329f558d748d984288db699e8ce36a9c957303b9043058816,bca004d67e520d879c4d17367b5436bb9f2383a4,V1R1,pulse_release,final_capture_requirements_enforced,6716da0b2cf47106d541f526f3ae258d46f820608290c7ceb563e121d41ee320,3b41a9fcf048eef0a5f29163b3ac3120fc95d8e624d85023bd77e2c035f76243,exported_pulse_npz,pulse_hhar_seed7_a_b.npz,pulse-har-v1,1,487dbf72bd5f999f8e10a8295e6ee1839ecafaf94f6ad7345be9ea18c5820048,internal_flash_versioned_artifact_replay_windows,float32,16,2,ncs-v3.4.0,4.4.0,14.3.0,speed,128000000,1000000,zephyr_64bit_api_grtc_syscounter_includes_sleep,HAR,6,4550,relu,mean,4,18200,18200,13616,18200,2,18200,208,24,128000000,0.00999999978,0.5,0.200000003,0,0.25,9.99999996e-13,8,xorshift32_uniform_positive_exact_ties,reset_each_repetition_public_seed_selection_s1_observation_n1_u_plus_or_minus_0.2,background_bhi360_accel_gyro_quaternion_100hz_not_model_input,5,100,20000,500,0,unencrypted_unbonded,dedicated_pulse_event_workqueue_plus_constant_time_bt_callbacks,dwt_active_core_counter_includes_preemption_and_interrupts,event_workqueue_cumulative_since_start_excludes_bt_rx_and_uart,full_tensor_fp32le_plus_crc,async_att_wall_plus_incremental_wire_crc,post_transfer_fp32le_decode,crc_validated_initiator_receipt_ack_at_responder,endpoint_submitted_or_accepted_not_over_air,firmware_att_value_boundary,post_event_export_handshake_excluded_from_protocol_counters,not_measured_no_ble_sniffer,automatic_campaign,0,after_go_guard_through_single_trial_cleanup_before_dump_guard,optional_gpio_or_firmware_timing,4096,4096,1,P1.14,P1.13,P1.12,P1.11,event,selection,encoder,head_forward_backward,serialization,radio,mixing,control,247,251,2,2,6,accepted_connected,initiator,connected,1,agreement,6,wall_duration_us,us,97,97,97,0,97,0,0,0,1,1,f7a7c9363af841d6e3948ff0291cd0024060435a40fc1e8135c6500a2979f9e9,c6a402088c7806dd9c32772d39a4e731124cfce6764053c9c9de118b84e8d7ce,25809.9896907,25858,25671,25924,253,25984.8,25635,26023
199ea2dedb66682329f558d748d984288db699e8ce36a9c957303b9043058816,bca004d67e520d879c4d17367b5436bb9f2383a4,V1R1,pulse_release,final_capture_requirements_enforced,6716da0b2cf47106d541f526f3ae258d46f820608290c7ceb563e121d41ee320,3b41a9fcf048eef0a5f29163b3ac3120fc95d8e624d85023bd77e2c035f76243,exported_pulse_npz,pulse_hhar_seed7_a_b.npz,pulse-har-v1,1,487dbf72bd5f999f8e10a8295e6ee1839ecafaf94f6ad7345be9ea18c5820048,internal_flash_versioned_artifact_replay_windows,float32,16,2,ncs-v3.4.0,4.4.0,14.3.0,speed,128000000,1000000,zephyr_64bit_api_grtc_syscounter_includes_sleep,HAR,6,4550,relu,mean,4,18200,18200,13616,18200,2,18200,208,24,128000000,0.00999999978,0.5,0.200000003,0,0.25,9.99999996e-13,8,xorshift32_uniform_positive_exact_ties,reset_each_repetition_public_seed_selection_s1_observation_n1_u_plus_or_minus_0.2,background_bhi360_accel_gyro_quaternion_100hz_not_model_input,5,100,20000,500,0,unencrypted_unbonded,dedicated_pulse_event_workqueue_plus_constant_time_bt_callbacks,dwt_active_core_counter_includes_preemption_and_interrupts,event_workqueue_cumulative_since_start_excludes_bt_rx_and_uart,full_tensor_fp32le_plus_crc,async_att_wall_plus_incremental_wire_crc,post_transfer_fp32le_decode,crc_validated_initiator_receipt_ack_at_responder,endpoint_submitted_or_accepted_not_over_air,firmware_att_value_boundary,post_event_export_handshake_excluded_from_protocol_counters,not_measured_no_ble_sniffer,automatic_campaign,0,after_go_guard_through_single_trial_cleanup_before_dump_guard,optional_gpio_or_firmware_timing,4096,4096,1,P1.14,P1.13,P1.12,P1.11,event,selection,encoder,head_forward_backward,serialization,radio,mixing,control,247,251,2,2,6,accepted_connected,initiator,connected,1,end_to_end,0,wall_duration_us,us,99,99,99,0,99,0,0,0,1,1,f7a7c9363af841d6e3948ff0291cd0024060435a40fc1e8135c6500a2979f9e9,c6a402088c7806dd9c32772d39a4e731124cfce6764053c9c9de118b84e8d7ce,3177631.77778,3167552,3159725,3189903.5,30178.5,3220548.8,3151926,3242289
199ea2dedb66682329f558d748d984288db699e8ce36a9c957303b9043058816,bca004d67e520d879c4d17367b5436bb9f2383a4,V1R1,pulse_release,final_capture_requirements_enforced,6716da0b2cf47106d541f526f3ae258d46f820608290c7ceb563e121d41ee320,3b41a9fcf048eef0a5f29163b3ac3120fc95d8e624d85023bd77e2c035f76243,exported_pulse_npz,pulse_hhar_seed7_a_b.npz,pulse-har-v1,1,487dbf72bd5f999f8e10a8295e6ee1839ecafaf94f6ad7345be9ea18c5820048,internal_flash_versioned_artifact_replay_windows,float32,16,2,ncs-v3.4.0,4.4.0,14.3.0,speed,128000000,1000000,zephyr_64bit_api_grtc_syscounter_includes_sleep,HAR,6,4550,relu,mean,4,18200,18200,13616,18200,2,18200,208,24,128000000,0.00999999978,0.5,0.200000003,0,0.25,9.99999996e-13,8,xorshift32_uniform_positive_exact_ties,reset_each_repetition_public_seed_selection_s1_observation_n1_u_plus_or_minus_0.2,background_bhi360_accel_gyro_quaternion_100hz_not_model_input,5,100,20000,500,0,unencrypted_unbonded,dedicated_pulse_event_workqueue_plus_constant_time_bt_callbacks,dwt_active_core_counter_includes_preemption_and_interrupts,event_workqueue_cumulative_since_start_excludes_bt_rx_and_uart,full_tensor_fp32le_plus_crc,async_att_wall_plus_incremental_wire_crc,post_transfer_fp32le_decode,crc_validated_initiator_receipt_ack_at_responder,endpoint_submitted_or_accepted_not_over_air,firmware_att_value_boundary,post_event_export_handshake_excluded_from_protocol_counters,not_measured_no_ble_sniffer,automatic_campaign,0,after_go_guard_through_single_trial_cleanup_before_dump_guard,optional_gpio_or_firmware_timing,4096,4096,1,P1.14,P1.13,P1.12,P1.11,event,selection,encoder,head_forward_backward,serialization,radio,mixing,control,247,251,2,2,6,accepted_connected,initiator,connected,1,gradient_deserialization,4,end_counterrt_counter,,1,99,99,0,99,0,0,0,1,1,f7a7c9363af841d6e3948ff0291cd0024060435a40fc1e8135c6500a2979f9e9,c6a402088c7806dd9c32772d39a4e731124cfce6764053c9c9de118b84e8d7ce,692389148,692389148,692389148,692389148,0,692389148,692389148,692389148
199ea2dedb66682329f558d748d984288db699e8ce36a9c957303b9043058816,bca004d67e520d879c4d17367b5436bb9f2383a4,V1R1,pulse_release,final_capture_requirements_enforced,6716da0b2cf47106d541f526f3ae258d46f820608290c7ceb563e121d41ee320,3b41a9fcf048eef0a5f29163b3ac3120fc95d8e624d85023bd77e2c035f76243,exported_pulse_npz,pulse_hhar_seed7_a_b.npz,pulse-har-v1,1,487dbf72bd5f999f8e10a8295e6ee1839ecafaf94f6ad7345be9ea18c5820048,internal_flash_versioned_artifact_replay_windows,float32,16,2,ncs-v3.4.0,4.4.0,14.3.0,speed,128000000,1000000,zephyr_64bit_api_grtc_syscounter_includes_sleep,HAR,6,4550,relu,mean,4,18200,18200,13616,18200,2,18200,208,24,128000000,0.00999999978,0.5,0.200000003,0,0.25,9.99999996e-13,8,xorshift32_uniform_positive_exact_ties,reset_each_repetition_public_seed_selection_s1_observation_n1_u_plus_or_minus_0.2,background_bhi360_accel_gyro_quaternion_100hz_not_model_input,5,100,20000,500,0,unencrypted_unbonded,dedicated_pulse_event_workqueue_plus_constant_time_bt_callbacks,dwt_active_core_counter_includes_preemption_and_interrupts,event_workqueue_cumulative_since_start_excludes_bt_rx_and_uart,full_tensor_fp32le_plus_crc,async_att_wall_plus_incremental_wire_crc,post_transfer_fp32le_decode,crc_validated_initiator_receipt_ack_at_responder,endpoint_submitted_or_accepted_not_over_air,firmware_att_value_boundary,post_event_export_handshake_excluded_from_protocol_counters,not_measured_no_ble_sniffer,automatic_campaign,0,after_go_guard_through_single_trial_cleanup_before_dump_guard,optional_gpio_or_firmware_timing,4096,4096,1,P1.14,P1.13,P1.12,P1.11,event,selection,encoder,head_forward_backward,serialization,radio,mixing,control,247,251,2,2,6,accepted_connected,initiator,connected,1,gradient_deserialization,4,wall_duration_us,us,99,99,99,0,99,0,0,0,1,1,f7a7c9363af841d6e3948ff0291cd0024060435a40fc1e8135c6500a2979f9e9,c6a402088c7806dd9c32772d39a4e731124cfce6764053c9c9de118b84e8d7ce,228.747474747,216,215,216,1,301.1,215,458
199ea2dedb66682329f558d748d984288db699e8ce36a9c957303b9043058816,bca004d67e520d879c4d17367b5436bb9f2383a4,V1R1,pulse_release,final_capture_requirements_enforced,6716da0b2cf47106d541f526f3ae258d46f820608290c7ceb563e121d41ee320,3b41a9fcf048eef0a5f29163b3ac3120fc95d8e624d85023bd77e2c035f76243,exported_pulse_npz,pulse_hhar_seed7_a_b.npz,pulse-har-v1,1,487dbf72bd5f999f8e10a8295e6ee1839ecafaf94f6ad7345be9ea18c5820048,internal_flash_versioned_artifact_replay_windows,float32,16,2,ncs-v3.4.0,4.4.0,14.3.0,speed,128000000,1000000,zephyr_64bit_api_grtc_syscounter_includes_sleep,HAR,6,4550,relu,mean,4,18200,18200,13616,18200,2,18200,208,24,128000000,0.00999999978,0.5,0.200000003,0,0.25,9.99999996e-13,8,xorshift32_uniform_positive_exact_ties,reset_each_repetition_public_seed_selection_s1_observation_n1_u_plus_or_minus_0.2,background_bhi360_accel_gyro_quaternion_100hz_not_model_input,5,100,20000,500,0,unencrypted_unbonded,dedicated_pulse_event_workqueue_plus_constant_time_bt_callbacks,dwt_active_core_counter_includes_preemption_and_interrupts,event_workqueue_cumulative_since_start_excludes_bt_rx_and_uart,full_tensor_fp32le_plus_crc,async_att_wall_plus_incremental_wire_crc,post_transfer_fp32le_decode,crc_validated_initiator_receipt_ack_at_responder,endpoint_submitted_or_accepted_not_over_air,firmware_att_value_boundary,post_event_export_handshake_excluded_from_protocol_counters,not_measured_no_ble_sniffer,automatic_campaign,0,after_go_guard_through_single_trial_cleanup_before_dump_guard,optional_gpio_or_firmware_timing,4096,4096,1,P1.14,P1.13,P1.12,P1.11,event,selection,encoder,head_forward_backward,serialization,radio,mixing,control,247,251,2,2,6,accepted_connected,initiator,connected,1,gradient_deserialization,4,wall_end,,1,99,99,0,99,0,0,0,1,1,f7a7c9363af841d6e3948ff0291cd0024060435a40fc1e8135c6500a2979f9e9,c6a402088c7806dd9c32772d39a4e731124cfce6764053c9c9de118b84e8d7ce,0,0,0,0,0,0,0,0
199ea2dedb66682329f558d748d984288db699e8ce36a9c957303b9043058816,bca004d67e520d879c4d17367b5436bb9f2383a4,V1R1,pulse_release,final_capture_requirements_enforced,6716da0b2cf47106d541f526f3ae258d46f820608290c7ceb563e121d41ee320,3b41a9fcf048eef0a5f29163b3ac3120fc95d8e624d85023bd77e2c035f76243,exported_pulse_npz,pulse_hhar_seed7_a_b.npz,pulse-har-v1,1,487dbf72bd5f999f8e10a8295e6ee1839ecafaf94f6ad7345be9ea18c5820048,internal_flash_versioned_artifact_replay_windows,float32,16,2,ncs-v3.4.0,4.4.0,14.3.0,speed,128000000,1000000,zephyr_64bit_api_grtc_syscounter_includes_sleep,HAR,6,4550,relu,mean,4,18200,18200,13616,18200,2,18200,208,24,128000000,0.00999999978,0.5,0.200000003,0,0.25,9.99999996e-13,8,xorshift32_uniform_positive_exact_ties,reset_each_repetition_public_seed_selection_s1_observation_n1_u_plus_or_minus_0.2,background_bhi360_accel_gyro_quaternion_100hz_not_model_input,5,100,20000,500,0,unencrypted_unbonded,dedicated_pulse_event_workqueue_plus_constant_time_bt_callbacks,dwt_active_core_counter_includes_preemption_and_interrupts,event_workqueue_cumulative_since_start_excludes_bt_rx_and_uart,full_tensor_fp32le_plus_crc,async_att_wall_plus_incremental_wire_crc,post_transfer_fp32le_decode,crc_validated_initiator_receipt_ack_at_responder,endpoint_submitted_or_accepted_not_over_air,firmware_att_value_boundary,post_event_export_handshake_excluded_from_protocol_counters,not_measured_no_ble_sniffer,automatic_campaign,0,after_go_guard_through_single_trial_cleanup_before_dump_guard,optional_gpio_or_firmware_timing,4096,4096,1,P1.14,P1.13,P1.12,P1.11,event,selection,encoder,head_forward_backward,serialization,radio,mixing,control,247,251,2,2,6,accepted_connected,initiator,connected,1,gradient_deserialization,4,wall_sta_counter,,1,99,99,0,99,0,0,0,1,1,f7a7c9363af841d6e3948ff0291cd0024060435a40fc1e8135c6500a2979f9e9,c6a402088c7806dd9c32772d39a4e731124cfce6764053c9c9de118b84e8d7ce,692389364,692389364,692389364,692389364,0,692389364,692389364,692389364
199ea2dedb66682329f558d748d984288db699e8ce36a9c957303b9043058816,bca004d67e520d879c4d17367b5436bb9f2383a4,V1R1,pulse_release,final_capture_requirements_enforced,6716da0b2cf47106d541f526f3ae258d46f820608290c7ceb563e121d41ee320,3b41a9fcf048eef0a5f29163b3ac3120fc95d8e624d85023bd77e2c035f76243,exported_pulse_npz,pulse_hhar_seed7_a_b.npz,pulse-har-v1,1,487dbf72bd5f999f8e10a8295e6ee1839ecafaf94f6ad7345be9ea18c5820048,internal_flash_versioned_artifact_replay_windows,float32,16,2,ncs-v3.4.0,4.4.0,14.3.0,speed,128000000,1000000,zephyr_64bit_api_grtc_syscounter_includes_sleep,HAR,6,4550,relu,mean,4,18200,18200,13616,18200,2,18200,208,24,128000000,0.00999999978,0.5,0.200000003,0,0.25,9.99999996e-13,8,xorshift32_uniform_positive_exact_ties,reset_each_repetition_public_seed_selection_s1_observation_n1_u_plus_or_minus_0.2,background_bhi360_accel_gyro_quaternion_100hz_not_model_input,5,100,20000,500,0,unencrypted_unbonded,dedicated_pulse_event_workqueue_plus_constant_time_bt_callbacks,dwt_active_core_counter_includes_preemption_and_interrupts,event_workqueue_cumulative_since_start_excludes_bt_rx_and_uart,full_tensor_fp32le_plus_crc,async_att_wall_plus_incremental_wire_crc,post_transfer_fp32le_decode,crc_validated_initiator_receipt_ack_at_responder,endpoint_submitted_or_accepted_not_over_air,firmware_att_value_boundary,post_event_export_handshake_excluded_from_protocol_counters,not_measured_no_ble_sniffer,automatic_campaign,0,after_go_guard_through_single_trial_cleanup_before_dump_guard,optional_gpio_or_firmware_timing,4096,4096,1,P1.14,P1.13,P1.12,P1.11,event,selection,encoder,head_forward_backward,serialization,radio,mixing,control,247,251,2,2,6,accepted_connected,initiator,connected,1,gradient_transfer,5,wall_duration_us,us,99,99,99,0,99,0,0,0,1,1,f7a7c9363af841d6e3948ff0291cd0024060435a40fc1e8135c6500a2979f9e9,c6a402088c7806dd9c32772d39a4e731124cfce6764053c9c9de118b84e8d7ce,1139813.44444,1132466,1124966.5,1147465,22498.5,1178591.7,1124811,1207468
199ea2dedb66682329f558d748d984288db699e8ce36a9c957303b9043058816,bca004d67e520d879c4d17367b5436bb9f2383a4,V1R1,pulse_release,final_capture_requirements_enforced,6716da0b2cf47106d541f526f3ae258d46f820608290c7ceb563e121d41ee320,3b41a9fcf048eef0a5f29163b3ac3120fc95d8e624d85023bd77e2c035f76243,exported_pulse_npz,pulse_hhar_seed7_a_b.npz,pulse-har-v1,1,487dbf72bd5f999f8e10a8295e6ee1839ecafaf94f6ad7345be9ea18c5820048,internal_flash_versioned_artifact_replay_windows,float32,16,2,ncs-v3.4.0,4.4.0,14.3.0,speed,128000000,1000000,zephyr_64bit_api_grtc_syscounter_includes_sleep,HAR,6,4550,relu,mean,4,18200,18200,13616,18200,2,18200,208,24,128000000,0.00999999978,0.5,0.200000003,0,0.25,9.99999996e-13,8,xorshift32_uniform_positive_exact_ties,reset_each_repetition_public_seed_selection_s1_observation_n1_u_plus_or_minus_0.2,background_bhi360_accel_gyro_quaternion_100hz_not_model_input,5,100,20000,500,0,unencrypted_unbonded,dedicated_pulse_event_workqueue_plus_constant_time_bt_callbacks,dwt_active_core_counter_includes_preemption_and_interrupts,event_workqueue_cumulative_since_start_excludes_bt_rx_and_uart,full_tensor_fp32le_plus_crc,async_att_wall_plus_incremental_wire_crc,post_transfer_fp32le_decode,crc_validated_initiator_receipt_ack_at_responder,endpoint_submitted_or_accepted_not_over_air,firmware_att_value_boundary,post_event_export_handshake_excluded_from_protocol_counters,not_measured_no_ble_sniffer,automatic_campaign,0,after_go_guard_through_single_trial_cleanup_before_dump_guard,optional_gpio_or_firmware_timing,4096,4096,1,P1.14,P1.13,P1.12,P1.11,event,selection,encoder,head_forward_backward,serialization,radio,mixing,control,247,251,2,2,6,accepted_connected,initiator,connected,1,head_serialization,4,wall_duration_us,us,96,97,97,0,97,0,0,0,1,1,f7a7c9363af841d6e3948ff0291cd0024060435a40fc1e8135c6500a2979f9e9,c6a402088c7806dd9c32772d39a4e731124cfce6764053c9c9de118b84e8d7ce,2847.73958333,2824,2750,2962.75,212.75,3069,2632,3106
199ea2dedb66682329f558d748d984288db699e8ce36a9c957303b9043058816,bca004d67e520d879c4d17367b5436bb9f2383a4,V1R1,pulse_release,final_capture_requirements_enforced,6716da0b2cf47106d541f526f3ae258d46f820608290c7ceb563e121d41ee320,3b41a9fcf048eef0a5f29163b3ac3120fc95d8e624d85023bd77e2c035f76243,exported_pulse_npz,pulse_hhar_seed7_a_b.npz,pulse-har-v1,1,487dbf72bd5f999f8e10a8295e6ee1839ecafaf94f6ad7345be9ea18c5820048,internal_flash_versioned_artifact_replay_windows,float32,16,2,ncs-v3.4.0,4.4.0,14.3.0,speed,128000000,1000000,zephyr_64bit_api_grtc_syscounter_includes_sleep,HAR,6,4550,relu,mean,4,18200,18200,13616,18200,2,18200,208,24,128000000,0.00999999978,0.5,0.200000003,0,0.25,9.99999996e-13,8,xorshift32_uniform_positive_exact_ties,reset_each_repetition_public_seed_selection_s1_observation_n1_u_plus_or_minus_0.2,background_bhi360_accel_gyro_quaternion_100hz_not_model_input,5,100,20000,500,0,unencrypted_unbonded,dedicated_pulse_event_workqueue_plus_constant_time_bt_callbacks,dwt_active_core_counter_includes_preemption_and_interrupts,event_workqueue_cumulative_since_start_excludes_bt_rx_and_uart,full_tensor_fp32le_plus_crc,async_att_wall_plus_incremental_wire_crc,post_transfer_fp32le_decode,crc_validated_initiator_receipt_ack_at_responder,endpoint_submitted_or_accepted_not_over_air,firmware_att_value_boundary,post_event_export_handshake_excluded_from_protocol_counters,not_measured_no_ble_sniffer,automatic_campaign,0,after_go_guard_through_single_trial_cleanup_before_dump_guard,optional_gpio_or_firmware_timing,4096,4096,1,P1.14,P1.13,P1.12,P1.11,event,selection,encoder,head_forward_backward,serialization,radio,mixing,control,247,251,2,2,6,accepted_connected,initiator,connected,1,head_serialization,4,wall_enwall_duration_us,us,1,97,97,0,97,0,0,0,1,1,f7a7c9363af841d6e3948ff0291cd0024060435a40fc1e8135c6500a2979f9e9,c6a402088c7806dd9c32772d39a4e731124cfce6764053c9c9de118b84e8d7ce,2825,2825,2825,2825,0,2825,2825,2825
199ea2dedb66682329f558d748d984288db699e8ce36a9c957303b9043058816,bca004d67e520d879c4d17367b5436bb9f2383a4,V1R1,pulse_release,final_capture_requirements_enforced,6716da0b2cf47106d541f526f3ae258d46f820608290c7ceb563e121d41ee320,3b41a9fcf048eef0a5f29163b3ac3120fc95d8e624d85023bd77e2c035f76243,exported_pulse_npz,pulse_hhar_seed7_a_b.npz,pulse-har-v1,1,487dbf72bd5f999f8e10a8295e6ee1839ecafaf94f6ad7345be9ea18c5820048,internal_flash_versioned_artifact_replay_windows,float32,16,2,ncs-v3.4.0,4.4.0,14.3.0,speed,128000000,1000000,zephyr_64bit_api_grtc_syscounter_includes_sleep,HAR,6,4550,relu,mean,4,18200,18200,13616,18200,2,18200,208,24,128000000,0.00999999978,0.5,0.200000003,0,0.25,9.99999996e-13,8,xorshift32_uniform_positive_exact_ties,reset_each_repetition_public_seed_selection_s1_observation_n1_u_plus_or_minus_0.2,background_bhi360_accel_gyro_quaternion_100hz_not_model_input,5,100,20000,500,0,unencrypted_unbonded,dedicated_pulse_event_workqueue_plus_constant_time_bt_callbacks,dwt_active_core_counter_includes_preemption_and_interrupts,event_workqueue_cumulative_since_start_excludes_bt_rx_and_uart,full_tensor_fp32le_plus_crc,async_att_wall_plus_incremental_wire_crc,post_transfer_fp32le_decode,crc_validated_initiator_receipt_ack_at_responder,endpoint_submitted_or_accepted_not_over_air,firmware_att_value_boundary,post_event_export_handshake_excluded_from_protocol_counters,not_measured_no_ble_sniffer,automatic_campaign,0,after_go_guard_through_single_trial_cleanup_before_dump_guard,optional_gpio_or_firmware_timing,4096,4096,1,P1.14,P1.13,P1.12,P1.11,event,selection,encoder,head_forward_backward,serialization,radio,mixing,control,247,251,2,2,6,accepted_connected,initiator,connected,1,head_transfer,5,ion_us,us,1,98,98,0,98,0,0,0,1,1,f7a7c9363af841d6e3948ff0291cd0024060435a40fc1e8135c6500a2979f9e9,c6a402088c7806dd9c32772d39a4e731124cfce6764053c9c9de118b84e8d7ce,200317,200317,200317,200317,0,200317,200317,200317
199ea2dedb66682329f558d748d984288db699e8ce36a9c957303b9043058816,bca004d67e520d879c4d17367b5436bb9f2383a4,V1R1,pulse_release,final_capture_requirements_enforced,6716da0b2cf47106d541f526f3ae258d46f820608290c7ceb563e121d41ee320,3b41a9fcf048eef0a5f29163b3ac3120fc95d8e624d85023bd77e2c035f76243,exported_pulse_npz,pulse_hhar_seed7_a_b.npz,pulse-har-v1,1,487dbf72bd5f999f8e10a8295e6ee1839ecafaf94f6ad7345be9ea18c5820048,internal_flash_versioned_artifact_replay_windows,float32,16,2,ncs-v3.4.0,4.4.0,14.3.0,speed,128000000,1000000,zephyr_64bit_api_grtc_syscounter_includes_sleep,HAR,6,4550,relu,mean,4,18200,18200,13616,18200,2,18200,208,24,128000000,0.00999999978,0.5,0.200000003,0,0.25,9.99999996e-13,8,xorshift32_uniform_positive_exact_ties,reset_each_repetition_public_seed_selection_s1_observation_n1_u_plus_or_minus_0.2,background_bhi360_accel_gyro_quaternion_100hz_not_model_input,5,100,20000,500,0,unencrypted_unbonded,dedicated_pulse_event_workqueue_plus_constant_time_bt_callbacks,dwt_active_core_counter_includes_preemption_and_interrupts,event_workqueue_cumulative_since_start_excludes_bt_rx_and_uart,full_tensor_fp32le_plus_crc,async_att_wall_plus_incremental_wire_crc,post_transfer_fp32le_decode,crc_validated_initiator_receipt_ack_at_responder,endpoint_submitted_or_accepted_not_over_air,firmware_att_value_boundary,post_event_export_handshake_excluded_from_protocol_counters,not_measured_no_ble_sniffer,automatic_campaign,0,after_go_guard_through_single_trial_cleanup_before_dump_guard,optional_gpio_or_firmware_timing,4096,4096,1,P1.14,P1.13,P1.12,P1.11,event,selection,encoder,head_forward_backward,serialization,radio,mixing,control,247,251,2,2,6,accepted_connected,initiator,connected,1,head_transfer,5,wall_duration_us,us,97,98,98,0,98,0,0,0,1,1,f7a7c9363af841d6e3948ff0291cd0024060435a40fc1e8135c6500a2979f9e9,c6a402088c7806dd9c32772d39a4e731124cfce6764053c9c9de118b84e8d7ce,202861.329897,200037,192782,207807,15025,222719,192240,245483
199ea2dedb66682329f558d748d984288db699e8ce36a9c957303b9043058816,bca004d67e520d879c4d17367b5436bb9f2383a4,V1R1,pulse_release,final_capture_requirements_enforced,6716da0b2cf47106d541f526f3ae258d46f820608290c7ceb563e121d41ee320,3b41a9fcf048eef0a5f29163b3ac3120fc95d8e624d85023bd77e2c035f76243,exported_pulse_npz,pulse_hhar_seed7_a_b.npz,pulse-har-v1,1,487dbf72bd5f999f8e10a8295e6ee1839ecafaf94f6ad7345be9ea18c5820048,internal_flash_versioned_artifact_replay_windows,float32,16,2,ncs-v3.4.0,4.4.0,14.3.0,speed,128000000,1000000,zephyr_64bit_api_grtc_syscounter_includes_sleep,HAR,6,4550,relu,mean,4,18200,18200,13616,18200,2,18200,208,24,128000000,0.00999999978,0.5,0.200000003,0,0.25,9.99999996e-13,8,xorshift32_uniform_positive_exact_ties,reset_each_repetition_public_seed_selection_s1_observation_n1_u_plus_or_minus_0.2,background_bhi360_accel_gyro_quaternion_100hz_not_model_input,5,100,20000,500,0,unencrypted_unbonded,dedicated_pulse_event_workqueue_plus_constant_time_bt_callbacks,dwt_active_core_counter_includes_preemption_and_interrupts,event_workqueue_cumulative_since_start_excludes_bt_rx_and_uart,full_tensor_fp32le_plus_crc,async_att_wall_plus_incremental_wire_crc,post_transfer_fp32le_decode,crc_validated_initiator_receipt_ack_at_responder,endpoint_submitted_or_accepted_not_over_air,firmware_att_value_boundary,post_event_export_handshake_excluded_from_protocol_counters,not_measured_no_ble_sniffer,automatic_campaign,0,after_go_guard_through_single_trial_cleanup_before_dump_guard,optional_gpio_or_firmware_timing,4096,4096,1,P1.14,P1.13,P1.12,P1.11,event,selection,encoder,head_forward_backward,serialization,radio,mixing,control,247,251,2,2,6,accepted_connected,initiator,connected,1,initiator_encoder,2,wall_duration_us,us,99,99,99,0,99,0,0,0,1,1,f7a7c9363af841d6e3948ff0291cd0024060435a40fc1e8135c6500a2979f9e9,c6a402088c7806dd9c32772d39a4e731124cfce6764053c9c9de118b84e8d7ce,1740033.77778,1740031,1739787,1740245,458,1740489,1739337,1740631
199ea2dedb66682329f558d748d984288db699e8ce36a9c957303b9043058816,bca004d67e520d879c4d17367b5436bb9f2383a4,V1R1,pulse_release,final_capture_requirements_enforced,6716da0b2cf47106d541f526f3ae258d46f820608290c7ceb563e121d41ee320,3b41a9fcf048eef0a5f29163b3ac3120fc95d8e624d85023bd77e2c035f76243,exported_pulse_npz,pulse_hhar_seed7_a_b.npz,pulse-har-v1,1,487dbf72bd5f999f8e10a8295e6ee1839ecafaf94f6ad7345be9ea18c5820048,internal_flash_versioned_artifact_replay_windows,float32,16,2,ncs-v3.4.0,4.4.0,14.3.0,speed,128000000,1000000,zephyr_64bit_api_grtc_syscounter_includes_sleep,HAR,6,4550,relu,mean,4,18200,18200,13616,18200,2,18200,208,24,128000000,0.00999999978,0.5,0.200000003,0,0.25,9.99999996e-13,8,xorshift32_uniform_positive_exact_ties,reset_each_repetition_public_seed_selection_s1_observation_n1_u_plus_or_minus_0.2,background_bhi360_accel_gyro_quaternion_100hz_not_model_input,5,100,20000,500,0,unencrypted_unbonded,dedicated_pulse_event_workqueue_plus_constant_time_bt_callbacks,dwt_active_core_counter_includes_preemption_and_interrupts,event_workqueue_cumulative_since_start_excludes_bt_rx_and_uart,full_tensor_fp32le_plus_crc,async_att_wall_plus_incremental_wire_crc,post_transfer_fp32le_decode,crc_validated_initiator_receipt_ack_at_responder,endpoint_submitted_or_accepted_not_over_air,firmware_att_value_boundary,post_event_export_handshake_excluded_from_protocol_counters,not_measured_no_ble_sniffer,automatic_campaign,0,after_go_guard_through_single_trial_cleanup_before_dump_guard,optional_gpio_or_firmware_timing,4096,4096,1,P1.14,P1.13,P1.12,P1.11,event,selection,encoder,head_forward_backward,serialization,radio,mixing,control,247,251,2,2,6,accepted_connected,initiator,connected,1,initiator_head_forward_backward,3,wall_duration_us,us,99,99,99,0,99,0,0,0,1,1,f7a7c9363af841d6e3948ff0291cd0024060435a40fc1e8135c6500a2979f9e9,c6a402088c7806dd9c32772d39a4e731124cfce6764053c9c9de118b84e8d7ce,12236.8080808,12168,12157.5,12270,112.5,12433.5,12124,12593
199ea2dedb66682329f558d748d984288db699e8ce36a9c957303b9043058816,bca004d67e520d879c4d17367b5436bb9f2383a4,V1R1,pulse_release,final_capture_requirements_enforced,6716da0b2cf47106d541f526f3ae258d46f820608290c7ceb563e121d41ee320,3b41a9fcf048eef0a5f29163b3ac3120fc95d8e624d85023bd77e2c035f76243,exported_pulse_npz,pulse_hhar_seed7_a_b.npz,pulse-har-v1,1,487dbf72bd5f999f8e10a8295e6ee1839ecafaf94f6ad7345be9ea18c5820048,internal_flash_versioned_artifact_replay_windows,float32,16,2,ncs-v3.4.0,4.4.0,14.3.0,speed,128000000,1000000,zephyr_64bit_api_grtc_syscounter_includes_sleep,HAR,6,4550,relu,mean,4,18200,18200,13616,18200,2,18200,208,24,128000000,0.00999999978,0.5,0.200000003,0,0.25,9.99999996e-13,8,xorshift32_uniform_positive_exact_ties,reset_each_repetition_public_seed_selection_s1_observation_n1_u_plus_or_minus_0.2,background_bhi360_accel_gyro_quaternion_100hz_not_model_input,5,100,20000,500,0,unencrypted_unbonded,dedicated_pulse_event_workqueue_plus_constant_time_bt_callbacks,dwt_active_core_counter_includes_preemption_and_interrupts,event_workqueue_cumulative_since_start_excludes_bt_rx_and_uart,full_tensor_fp32le_plus_crc,async_att_wall_plus_incremental_wire_crc,post_transfer_fp32le_decode,crc_validated_initiator_receipt_ack_at_responder,endpoint_submitted_or_accepted_not_over_air,firmware_att_value_boundary,post_event_export_handshake_excluded_from_protocol_counters,not_measured_no_ble_sniffer,automatic_campaign,0,after_go_guard_through_single_trial_cleanup_before_dump_guard,optional_gpio_or_firmware_timing,4096,4096,1,P1.14,P1.13,P1.12,P1.11,event,selection,encoder,head_forward_backward,serialization,radio,mixing,control,247,251,2,2,6,accepted_connected,initiator,connected,1,mixing,6,wall_duration_us,us,98,98,98,0,98,0,0,0,1,1,f7a7c9363af841d6e3948ff0291cd0024060435a40fc1e8135c6500a2979f9e9,c6a402088c7806dd9c32772d39a4e731124cfce6764053c9c9de118b84e8d7ce,28014.755102,28078,27848.5,28090.75,242.25,28167.6,27774,28185
199ea2dedb66682329f558d748d984288db699e8ce36a9c957303b9043058816,bca004d67e520d879c4d17367b5436bb9f2383a4,V1R1,pulse_release,final_capture_requirements_enforced,6716da0b2cf47106d541f526f3ae258d46f820608290c7ceb563e121d41ee320,3b41a9fcf048eef0a5f29163b3ac3120fc95d8e624d85023bd77e2c035f76243,exported_pulse_npz,pulse_hhar_seed7_a_b.npz,pulse-har-v1,1,487dbf72bd5f999f8e10a8295e6ee1839ecafaf94f6ad7345be9ea18c5820048,internal_flash_versioned_artifact_replay_windows,float32,16,2,ncs-v3.4.0,4.4.0,14.3.0,speed,128000000,1000000,zephyr_64bit_api_grtc_syscounter_includes_sleep,HAR,6,4550,relu,mean,4,18200,18200,13616,18200,2,18200,208,24,128000000,0.00999999978,0.5,0.200000003,0,0.25,9.99999996e-13,8,xorshift32_uniform_positive_exact_ties,reset_each_repetition_public_seed_selection_s1_observation_n1_u_plus_or_minus_0.2,background_bhi360_accel_gyro_quaternion_100hz_not_model_input,5,100,20000,500,0,unencrypted_unbonded,dedicated_pulse_event_workqueue_plus_constant_time_bt_callbacks,dwt_active_core_counter_includes_preemption_and_interrupts,event_workqueue_cumulative_since_start_excludes_bt_rx_and_uart,full_tensor_fp32le_plus_crc,async_att_wall_plus_incremental_wire_crc,post_transfer_fp32le_decode,crc_validated_initiator_receipt_ack_at_responder,endpoint_submitted_or_accepted_not_over_air,firmware_att_value_boundary,post_event_export_handshake_excluded_from_protocol_counters,not_measured_no_ble_sniffer,automatic_campaign,0,after_go_guard_through_single_trial_cleanup_before_dump_guard,optional_gpio_or_firmware_timing,4096,4096,1,P1.14,P1.13,P1.12,P1.11,event,selection,encoder,head_forward_backward,serialization,radio,mixing,control,247,251,2,2,6,accepted_connected,initiator,connected,1,normalization,6,wall_duration_us,us,96,96,96,0,96,0,0,0,1,1,f7a7c9363af841d6e3948ff0291cd0024060435a40fc1e8135c6500a2979f9e9,c6a402088c7806dd9c32772d39a4e731124cfce6764053c9c9de118b84e8d7ce,22.75,21,21,21,0,22,20,181
199ea2dedb66682329f558d748d984288db699e8ce36a9c957303b9043058816,bca004d67e520d879c4d17367b5436bb9f2383a4,V1R1,pulse_release,final_capture_requirements_enforced,6716da0b2cf47106d541f526f3ae258d46f820608290c7ceb563e121d41ee320,3b41a9fcf048eef0a5f29163b3ac3120fc95d8e624d85023bd77e2c035f76243,exported_pulse_npz,pulse_hhar_seed7_a_b.npz,pulse-har-v1,1,487dbf72bd5f999f8e10a8295e6ee1839ecafaf94f6ad7345be9ea18c5820048,internal_flash_versioned_artifact_replay_windows,float32,16,2,ncs-v3.4.0,4.4.0,14.3.0,speed,128000000,1000000,zephyr_64bit_api_grtc_syscounter_includes_sleep,HAR,6,4550,relu,mean,4,18200,18200,13616,18200,2,18200,208,24,128000000,0.00999999978,0.5,0.200000003,0,0.25,9.99999996e-13,8,xorshift32_uniform_positive_exact_ties,reset_each_repetition_public_seed_selection_s1_observation_n1_u_plus_or_minus_0.2,background_bhi360_accel_gyro_quaternion_100hz_not_model_input,5,100,20000,500,0,unencrypted_unbonded,dedicated_pulse_event_workqueue_plus_constant_time_bt_callbacks,dwt_active_core_counter_includes_preemption_and_interrupts,event_workqueue_cumulative_since_start_excludes_bt_rx_and_uart,full_tensor_fp32le_plus_crc,async_att_wall_plus_incremental_wire_crc,post_transfer_fp32le_decode,crc_validated_initiator_receipt_ack_at_responder,endpoint_submitted_or_accepted_not_over_air,firmware_att_value_boundary,post_event_export_handshake_excluded_from_protocol_counters,not_measured_no_ble_sniffer,automatic_campaign,0,after_go_guard_through_single_trial_cleanup_before_dump_guard,optional_gpio_or_firmware_timing,4096,4096,1,P1.14,P1.13,P1.12,P1.11,event,selection,encoder,head_forward_backward,serialization,radio,mixing,control,247,251,2,2,6,accepted_connected,initiator,connected,1,peer_selection,1,wall_duration_us,us,98,98,98,0,98,0,0,0,1,1,f7a7c9363af841d6e3948ff0291cd0024060435a40fc1e8135c6500a2979f9e9,c6a402088c7806dd9c32772d39a4e731124cfce6764053c9c9de118b84e8d7ce,100.540816327,74.5,74,105.75,31.75,153.15,74,436
199ea2dedb66682329f558d748d984288db699e8ce36a9c957303b9043058816,bca004d67e520d879c4d17367b5436bb9f2383a4,V1R1,pulse_release,final_capture_requirements_enforced,6716da0b2cf47106d541f526f3ae258d46f820608290c7ceb563e121d41ee320,3b41a9fcf048eef0a5f29163b3ac3120fc95d8e624d85023bd77e2c035f76243,exported_pulse_npz,pulse_hhar_seed7_a_b.npz,pulse-har-v1,1,487dbf72bd5f999f8e10a8295e6ee1839ecafaf94f6ad7345be9ea18c5820048,internal_flash_versioned_artifact_replay_windows,float32,16,2,ncs-v3.4.0,4.4.0,14.3.0,speed,128000000,1000000,zephyr_64bit_api_grtc_syscounter_includes_sleep,HAR,6,4550,relu,mean,4,18200,18200,13616,18200,2,18200,208,24,128000000,0.00999999978,0.5,0.200000003,0,0.25,9.99999996e-13,8,xorshift32_uniform_positive_exact_ties,reset_each_repetition_public_seed_selection_s1_observation_n1_u_plus_or_minus_0.2,background_bhi360_accel_gyro_quaternion_100hz_not_model_input,5,100,20000,500,0,unencrypted_unbonded,dedicated_pulse_event_workqueue_plus_constant_time_bt_callbacks,dwt_active_core_counter_includes_preemption_and_interrupts,event_workqueue_cumulative_since_start_excludes_bt_rx_and_uart,full_tensor_fp32le_plus_crc,async_att_wall_plus_incremental_wire_crc,post_transfer_fp32le_decode,crc_validated_initiator_receipt_ack_at_responder,endpoint_submitted_or_accepted_not_over_air,firmware_att_value_boundary,post_event_export_handshake_excluded_from_protocol_counters,not_measured_no_ble_sniffer,automatic_campaign,0,after_go_guard_through_single_trial_cleanup_before_dump_guard,optional_gpio_or_firmware_timing,4096,4096,1,P1.14,P1.13,P1.12,P1.11,event,selection,encoder,head_forward_backward,serialization,radio,mixing,control,247,251,2,2,6,accepted_connected,initiator,connected,1,utility_update,6,wall_duration_us,us,99,99,99,0,99,0,0,0,1,1,f7a7c9363af841d6e3948ff0291cd0024060435a40fc1e8135c6500a2979f9e9,c6a402088c7806dd9c32772d39a4e731124cfce6764053c9c9de118b84e8d7ce,3.13131313131,3,3,3,0,4,3,4
199ea2dedb66682329f558d748d984288db699e8ce36a9c957303b9043058816,bca004d67e520d879c4d17367b5436bb9f2383a4,V1R1,pulse_release,final_capture_requirements_enforced,6716da0b2cf47106d541f526f3ae258d46f820608290c7ceb563e121d41ee320,3b41a9fcf048eef0a5f29163b3ac3120fc95d8e624d85023bd77e2c035f76243,exported_pulse_npz,pulse_hhar_seed7_a_b.npz,pulse-har-v1,1,487dbf72bd5f999f8e10a8295e6ee1839ecafaf94f6ad7345be9ea18c5820048,internal_flash_versioned_artifact_replay_windows,float32,16,2,ncs-v3.4.0,4.4.0,14.3.0,speed,128000000,1000000,zephyr_64bit_api_grtc_syscounter_includes_sleep,HAR,6,4550,relu,mean,4,18200,18200,13616,18200,2,18200,208,24,128000000,0.00999999978,0.5,0.200000003,0,0.25,9.99999996e-13,8,xorshift32_uniform_positive_exact_ties,reset_each_repetition_public_seed_selection_s1_observation_n1_u_plus_or_minus_0.2,background_bhi360_accel_gyro_quaternion_100hz_not_model_input,5,100,20000,500,0,unencrypted_unbonded,dedicated_pulse_event_workqueue_plus_constant_time_bt_callbacks,dwt_active_core_counter_includes_preemption_and_interrupts,event_workqueue_cumulative_since_start_excludes_bt_rx_and_uart,full_tensor_fp32le_plus_crc,async_att_wall_plus_incremental_wire_crc,post_transfer_fp32le_decode,crc_validated_initiator_receipt_ack_at_responder,endpoint_submitted_or_accepted_not_over_air,firmware_att_value_boundary,post_event_export_handshake_excluded_from_protocol_counters,not_measured_no_ble_sniffer,automatic_campaign,0,after_go_guard_through_single_trial_cleanup_before_dump_guard,optional_gpio_or_firmware_timing,4096,4096,1,P1.14,P1.13,P1.12,P1.11,event,selection,encoder,head_forward_backward,serialization,radio,mixing,control,247,251,2,2,6,accepted_connected,responder,connected,1,end_to_end,0,wall_duration_us,us,98,98,98,0,98,0,0,0,1,1,f7a7c9363af841d6e3948ff0291cd0024060435a40fc1e8135c6500a2979f9e9,c6a402088c7806dd9c32772d39a4e731124cfce6764053c9c9de118b84e8d7ce,3107337.10204,3097549.5,3090045,3120045,30000,3151203.7,3082446,3172544
199ea2dedb66682329f558d748d984288db699e8ce36a9c957303b9043058816,bca004d67e520d879c4d17367b5436bb9f2383a4,V1R1,pulse_release,final_capture_requirements_enforced,6716da0b2cf47106d541f526f3ae258d46f820608290c7ceb563e121d41ee320,3b41a9fcf048eef0a5f29163b3ac3120fc95d8e624d85023bd77e2c035f76243,exported_pulse_npz,pulse_hhar_seed7_a_b.npz,pulse-har-v1,1,487dbf72bd5f999f8e10a8295e6ee1839ecafaf94f6ad7345be9ea18c5820048,internal_flash_versioned_artifact_replay_windows,float32,16,2,ncs-v3.4.0,4.4.0,14.3.0,speed,128000000,1000000,zephyr_64bit_api_grtc_syscounter_includes_sleep,HAR,6,4550,relu,mean,4,18200,18200,13616,18200,2,18200,208,24,128000000,0.00999999978,0.5,0.200000003,0,0.25,9.99999996e-13,8,xorshift32_uniform_positive_exact_ties,reset_each_repetition_public_seed_selection_s1_observation_n1_u_plus_or_minus_0.2,background_bhi360_accel_gyro_quaternion_100hz_not_model_input,5,100,20000,500,0,unencrypted_unbonded,dedicated_pulse_event_workqueue_plus_constant_time_bt_callbacks,dwt_active_core_counter_includes_preemption_and_interrupts,event_workqueue_cumulative_since_start_excludes_bt_rx_and_uart,full_tensor_fp32le_plus_crc,async_att_wall_plus_incremental_wire_crc,post_transfer_fp32le_decode,crc_validated_initiator_receipt_ack_at_responder,endpoint_submitted_or_accepted_not_over_air,firmware_att_value_boundary,post_event_export_handshake_excluded_from_protocol_counters,not_measured_no_ble_sniffer,automatic_campaign,0,after_go_guard_through_single_trial_cleanup_before_dump_guard,optional_gpio_or_firmware_timing,4096,4096,1,P1.14,P1.13,P1.12,P1.11,event,selection,encoder,head_forward_backward,serialization,radio,mixing,control,247,251,2,2,6,accepted_connected,responder,connected,1,gradient_serialization,4,wall_duration_us,us,96,96,96,0,96,0,0,0,1,1,f7a7c9363af841d6e3948ff0291cd0024060435a40fc1e8135c6500a2979f9e9,c6a402088c7806dd9c32772d39a4e731124cfce6764053c9c9de118b84e8d7ce,2764.80208333,2777,2623,2867.25,244.25,3079.25,2621,3097
199ea2dedb66682329f558d748d984288db699e8ce36a9c957303b9043058816,bca004d67e520d879c4d17367b5436bb9f2383a4,V1R1,pulse_release,final_capture_requirements_enforced,6716da0b2cf47106d541f526f3ae258d46f820608290c7ceb563e121d41ee320,3b41a9fcf048eef0a5f29163b3ac3120fc95d8e624d85023bd77e2c035f76243,exported_pulse_npz,pulse_hhar_seed7_a_b.npz,pulse-har-v1,1,487dbf72bd5f999f8e10a8295e6ee1839ecafaf94f6ad7345be9ea18c5820048,internal_flash_versioned_artifact_replay_windows,float32,16,2,ncs-v3.4.0,4.4.0,14.3.0,speed,128000000,1000000,zephyr_64bit_api_grtc_syscounter_includes_sleep,HAR,6,4550,relu,mean,4,18200,18200,13616,18200,2,18200,208,24,128000000,0.00999999978,0.5,0.200000003,0,0.25,9.99999996e-13,8,xorshift32_uniform_positive_exact_ties,reset_each_repetition_public_seed_selection_s1_observation_n1_u_plus_or_minus_0.2,background_bhi360_accel_gyro_quaternion_100hz_not_model_input,5,100,20000,500,0,unencrypted_unbonded,dedicated_pulse_event_workqueue_plus_constant_time_bt_callbacks,dwt_active_core_counter_includes_preemption_and_interrupts,event_workqueue_cumulative_since_start_excludes_bt_rx_and_uart,full_tensor_fp32le_plus_crc,async_att_wall_plus_incremental_wire_crc,post_transfer_fp32le_decode,crc_validated_initiator_receipt_ack_at_responder,endpoint_submitted_or_accepted_not_over_air,firmware_att_value_boundary,post_event_export_handshake_excluded_from_protocol_counters,not_measured_no_ble_sniffer,automatic_campaign,0,after_go_guard_through_single_trial_cleanup_before_dump_guard,optional_gpio_or_firmware_timing,4096,4096,1,P1.14,P1.13,P1.12,P1.11,event,selection,encoder,head_forward_backward,serialization,radio,mixing,control,247,251,2,2,6,accepted_connected,responder,connected,1,gradient_transfer,5,wall_duration_us,us,97,97,97,0,97,0,0,0,1,1,f7a7c9363af841d6e3948ff0291cd0024060435a40fc1e8135c6500a2979f9e9,c6a402088c7806dd9c32772d39a4e731124cfce6764053c9c9de118b84e8d7ce,1158685.91753,1151950,1145434,1165062,19628,1198439.4,1141192,1226274
199ea2dedb66682329f558d748d984288db699e8ce36a9c957303b9043058816,bca004d67e520d879c4d17367b5436bb9f2383a4,V1R1,pulse_release,final_capture_requirements_enforced,6716da0b2cf47106d541f526f3ae258d46f820608290c7ceb563e121d41ee320,3b41a9fcf048eef0a5f29163b3ac3120fc95d8e624d85023bd77e2c035f76243,exported_pulse_npz,pulse_hhar_seed7_a_b.npz,pulse-har-v1,1,487dbf72bd5f999f8e10a8295e6ee1839ecafaf94f6ad7345be9ea18c5820048,internal_flash_versioned_artifact_replay_windows,float32,16,2,ncs-v3.4.0,4.4.0,14.3.0,speed,128000000,1000000,zephyr_64bit_api_grtc_syscounter_includes_sleep,HAR,6,4550,relu,mean,4,18200,18200,13616,18200,2,18200,208,24,128000000,0.00999999978,0.5,0.200000003,0,0.25,9.99999996e-13,8,xorshift32_uniform_positive_exact_ties,reset_each_repetition_public_seed_selection_s1_observation_n1_u_plus_or_minus_0.2,background_bhi360_accel_gyro_quaternion_100hz_not_model_input,5,100,20000,500,0,unencrypted_unbonded,dedicated_pulse_event_workqueue_plus_constant_time_bt_callbacks,dwt_active_core_counter_includes_preemption_and_interrupts,event_workqueue_cumulative_since_start_excludes_bt_rx_and_uart,full_tensor_fp32le_plus_crc,async_att_wall_plus_incremental_wire_crc,post_transfer_fp32le_decode,crc_validated_initiator_receipt_ack_at_responder,endpoint_submitted_or_accepted_not_over_air,firmware_att_value_boundary,post_event_export_handshake_excluded_from_protocol_counters,not_measured_no_ble_sniffer,automatic_campaign,0,after_go_guard_through_single_trial_cleanup_before_dump_guard,optional_gpio_or_firmware_timing,4096,4096,1,P1.14,P1.13,P1.12,P1.11,event,selection,encoder,head_forward_backward,serialization,radio,mixing,control,247,251,2,2,6,accepted_connected,responder,connected,1,head_deserialization,4,ration_us,us,1,96,96,0,96,0,0,0,1,1,f7a7c9363af841d6e3948ff0291cd0024060435a40fc1e8135c6500a2979f9e9,c6a402088c7806dd9c32772d39a4e731124cfce6764053c9c9de118b84e8d7ce,205247,205247,205247,205247,0,205247,205247,205247
199ea2dedb66682329f558d748d984288db699e8ce36a9c957303b9043058816,bca004d67e520d879c4d17367b5436bb9f2383a4,V1R1,pulse_release,final_capture_requirements_enforced,6716da0b2cf47106d541f526f3ae258d46f820608290c7ceb563e121d41ee320,3b41a9fcf048eef0a5f29163b3ac3120fc95d8e624d85023bd77e2c035f76243,exported_pulse_npz,pulse_hhar_seed7_a_b.npz,pulse-har-v1,1,487dbf72bd5f999f8e10a8295e6ee1839ecafaf94f6ad7345be9ea18c5820048,internal_flash_versioned_artifact_replay_windows,float32,16,2,ncs-v3.4.0,4.4.0,14.3.0,speed,128000000,1000000,zephyr_64bit_api_grtc_syscounter_includes_sleep,HAR,6,4550,relu,mean,4,18200,18200,13616,18200,2,18200,208,24,128000000,0.00999999978,0.5,0.200000003,0,0.25,9.99999996e-13,8,xorshift32_uniform_positive_exact_ties,reset_each_repetition_public_seed_selection_s1_observation_n1_u_plus_or_minus_0.2,background_bhi360_accel_gyro_quaternion_100hz_not_model_input,5,100,20000,500,0,unencrypted_unbonded,dedicated_pulse_event_workqueue_plus_constant_time_bt_callbacks,dwt_active_core_counter_includes_preemption_and_interrupts,event_workqueue_cumulative_since_start_excludes_bt_rx_and_uart,full_tensor_fp32le_plus_crc,async_att_wall_plus_incremental_wire_crc,post_transfer_fp32le_decode,crc_validated_initiator_receipt_ack_at_responder,endpoint_submitted_or_accepted_not_over_air,firmware_att_value_boundary,post_event_export_handshake_excluded_from_protocol_counters,not_measured_no_ble_sniffer,automatic_campaign,0,after_go_guard_through_single_trial_cleanup_before_dump_guard,optional_gpio_or_firmware_timing,4096,4096,1,P1.14,P1.13,P1.12,P1.11,event,selection,encoder,head_forward_backward,serialization,radio,mixing,control,247,251,2,2,6,accepted_connected,responder,connected,1,head_deserialization,4,wall_duration_us,us,96,96,96,0,96,0,0,0,1,1,f7a7c9363af841d6e3948ff0291cd0024060435a40fc1e8135c6500a2979f9e9,c6a402088c7806dd9c32772d39a4e731124cfce6764053c9c9de118b84e8d7ce,2359.10416667,215,215,215,0,300.25,214,205247
199ea2dedb66682329f558d748d984288db699e8ce36a9c957303b9043058816,bca004d67e520d879c4d17367b5436bb9f2383a4,V1R1,pulse_release,final_capture_requirements_enforced,6716da0b2cf47106d541f526f3ae258d46f820608290c7ceb563e121d41ee320,3b41a9fcf048eef0a5f29163b3ac3120fc95d8e624d85023bd77e2c035f76243,exported_pulse_npz,pulse_hhar_seed7_a_b.npz,pulse-har-v1,1,487dbf72bd5f999f8e10a8295e6ee1839ecafaf94f6ad7345be9ea18c5820048,internal_flash_versioned_artifact_replay_windows,float32,16,2,ncs-v3.4.0,4.4.0,14.3.0,speed,128000000,1000000,zephyr_64bit_api_grtc_syscounter_includes_sleep,HAR,6,4550,relu,mean,4,18200,18200,13616,18200,2,18200,208,24,128000000,0.00999999978,0.5,0.200000003,0,0.25,9.99999996e-13,8,xorshift32_uniform_positive_exact_ties,reset_each_repetition_public_seed_selection_s1_observation_n1_u_plus_or_minus_0.2,background_bhi360_accel_gyro_quaternion_100hz_not_model_input,5,100,20000,500,0,unencrypted_unbonded,dedicated_pulse_event_workqueue_plus_constant_time_bt_callbacks,dwt_active_core_counter_includes_preemption_and_interrupts,event_workqueue_cumulative_since_start_excludes_bt_rx_and_uart,full_tensor_fp32le_plus_crc,async_att_wall_plus_incremental_wire_crc,post_transfer_fp32le_decode,crc_validated_initiator_receipt_ack_at_responder,endpoint_submitted_or_accepted_not_over_air,firmware_att_value_boundary,post_event_export_handshake_excluded_from_protocol_counters,not_measured_no_ble_sniffer,automatic_campaign,0,after_go_guard_through_single_trial_cleanup_before_dump_guard,optional_gpio_or_firmware_timing,4096,4096,1,P1.14,P1.13,P1.12,P1.11,event,selection,encoder,head_forward_backward,serialization,radio,mixing,control,247,251,2,2,6,accepted_connected,responder,connected,1,head_transfer,5,cycle_duration_u,,1,97,97,0,97,0,0,0,1,1,f7a7c9363af841d6e3948ff0291cd0024060435a40fc1e8135c6500a2979f9e9,c6a402088c7806dd9c32772d39a4e731124cfce6764053c9c9de118b84e8d7ce,910181876,910181876,910181876,910181876,0,910181876,910181876,910181876
199ea2dedb66682329f558d748d984288db699e8ce36a9c957303b9043058816,bca004d67e520d879c4d17367b5436bb9f2383a4,V1R1,pulse_release,final_capture_requirements_enforced,6716da0b2cf47106d541f526f3ae258d46f820608290c7ceb563e121d41ee320,3b41a9fcf048eef0a5f29163b3ac3120fc95d8e624d85023bd77e2c035f76243,exported_pulse_npz,pulse_hhar_seed7_a_b.npz,pulse-har-v1,1,487dbf72bd5f999f8e10a8295e6ee1839ecafaf94f6ad7345be9ea18c5820048,internal_flash_versioned_artifact_replay_windows,float32,16,2,ncs-v3.4.0,4.4.0,14.3.0,speed,128000000,1000000,zephyr_64bit_api_grtc_syscounter_includes_sleep,HAR,6,4550,relu,mean,4,18200,18200,13616,18200,2,18200,208,24,128000000,0.00999999978,0.5,0.200000003,0,0.25,9.99999996e-13,8,xorshift32_uniform_positive_exact_ties,reset_each_repetition_public_seed_selection_s1_observation_n1_u_plus_or_minus_0.2,background_bhi360_accel_gyro_quaternion_100hz_not_model_input,5,100,20000,500,0,unencrypted_unbonded,dedicated_pulse_event_workqueue_plus_constant_time_bt_callbacks,dwt_active_core_counter_includes_preemption_and_interrupts,event_workqueue_cumulative_since_start_excludes_bt_rx_and_uart,full_tensor_fp32le_plus_crc,async_att_wall_plus_incremental_wire_crc,post_transfer_fp32le_decode,crc_validated_initiator_receipt_ack_at_responder,endpoint_submitted_or_accepted_not_over_air,firmware_att_value_boundary,post_event_export_handshake_excluded_from_protocol_counters,not_measured_no_ble_sniffer,automatic_campaign,0,after_go_guard_through_single_trial_cleanup_before_dump_guard,optional_gpio_or_firmware_timing,4096,4096,1,P1.14,P1.13,P1.12,P1.11,event,selection,encoder,head_forward_backward,serialization,radio,mixing,control,247,251,2,2,6,accepted_connected,responder,connected,1,head_transfer,5,end_counttion_us,us,1,97,97,0,97,0,0,0,1,1,f7a7c9363af841d6e3948ff0291cd0024060435a40fc1e8135c6500a2979f9e9,c6a402088c7806dd9c32772d39a4e731124cfce6764053c9c9de118b84e8d7ce,202484,202484,202484,202484,0,202484,202484,202484
199ea2dedb66682329f558d748d984288db699e8ce36a9c957303b9043058816,bca004d67e520d879c4d17367b5436bb9f2383a4,V1R1,pulse_release,final_capture_requirements_enforced,6716da0b2cf47106d541f526f3ae258d46f820608290c7ceb563e121d41ee320,3b41a9fcf048eef0a5f29163b3ac3120fc95d8e624d85023bd77e2c035f76243,exported_pulse_npz,pulse_hhar_seed7_a_b.npz,pulse-har-v1,1,487dbf72bd5f999f8e10a8295e6ee1839ecafaf94f6ad7345be9ea18c5820048,internal_flash_versioned_artifact_replay_windows,float32,16,2,ncs-v3.4.0,4.4.0,14.3.0,speed,128000000,1000000,zephyr_64bit_api_grtc_syscounter_includes_sleep,HAR,6,4550,relu,mean,4,18200,18200,13616,18200,2,18200,208,24,128000000,0.00999999978,0.5,0.200000003,0,0.25,9.99999996e-13,8,xorshift32_uniform_positive_exact_ties,reset_each_repetition_public_seed_selection_s1_observation_n1_u_plus_or_minus_0.2,background_bhi360_accel_gyro_quaternion_100hz_not_model_input,5,100,20000,500,0,unencrypted_unbonded,dedicated_pulse_event_workqueue_plus_constant_time_bt_callbacks,dwt_active_core_counter_includes_preemption_and_interrupts,event_workqueue_cumulative_since_start_excludes_bt_rx_and_uart,full_tensor_fp32le_plus_crc,async_att_wall_plus_incremental_wire_crc,post_transfer_fp32le_decode,crc_validated_initiator_receipt_ack_at_responder,endpoint_submitted_or_accepted_not_over_air,firmware_att_value_boundary,post_event_export_handshake_excluded_from_protocol_counters,not_measured_no_ble_sniffer,automatic_campaign,0,after_go_guard_through_single_trial_cleanup_before_dump_guard,optional_gpio_or_firmware_timing,4096,4096,1,P1.14,P1.13,P1.12,P1.11,event,selection,encoder,head_forward_backward,serialization,radio,mixing,control,247,251,2,2,6,accepted_connected,responder,connected,1,head_transfer,5,result_heer,,1,97,97,0,97,0,0,0,1,1,f7a7c9363af841d6e3948ff0291cd0024060435a40fc1e8135c6500a2979f9e9,c6a402088c7806dd9c32772d39a4e731124cfce6764053c9c9de118b84e8d7ce,0,0,0,0,0,0,0,0
199ea2dedb66682329f558d748d984288db699e8ce36a9c957303b9043058816,bca004d67e520d879c4d17367b5436bb9f2383a4,V1R1,pulse_release,final_capture_requirements_enforced,6716da0b2cf47106d541f526f3ae258d46f820608290c7ceb563e121d41ee320,3b41a9fcf048eef0a5f29163b3ac3120fc95d8e624d85023bd77e2c035f76243,exported_pulse_npz,pulse_hhar_seed7_a_b.npz,pulse-har-v1,1,487dbf72bd5f999f8e10a8295e6ee1839ecafaf94f6ad7345be9ea18c5820048,internal_flash_versioned_artifact_replay_windows,float32,16,2,ncs-v3.4.0,4.4.0,14.3.0,speed,128000000,1000000,zephyr_64bit_api_grtc_syscounter_includes_sleep,HAR,6,4550,relu,mean,4,18200,18200,13616,18200,2,18200,208,24,128000000,0.00999999978,0.5,0.200000003,0,0.25,9.99999996e-13,8,xorshift32_uniform_positive_exact_ties,reset_each_repetition_public_seed_selection_s1_observation_n1_u_plus_or_minus_0.2,background_bhi360_accel_gyro_quaternion_100hz_not_model_input,5,100,20000,500,0,unencrypted_unbonded,dedicated_pulse_event_workqueue_plus_constant_time_bt_callbacks,dwt_active_core_counter_includes_preemption_and_interrupts,event_workqueue_cumulative_since_start_excludes_bt_rx_and_uart,full_tensor_fp32le_plus_crc,async_att_wall_plus_incremental_wire_crc,post_transfer_fp32le_decode,crc_validated_initiator_receipt_ack_at_responder,endpoint_submitted_or_accepted_not_over_air,firmware_att_value_boundary,post_event_export_handshake_excluded_from_protocol_counters,not_measured_no_ble_sniffer,automatic_campaign,0,after_go_guard_through_single_trial_cleanup_before_dump_guard,optional_gpio_or_firmware_timing,4096,4096,1,P1.14,P1.13,P1.12,P1.11,event,selection,encoder,head_forward_backward,serialization,radio,mixing,control,247,251,2,2,6,accepted_connected,responder,connected,1,head_transfer,5,wall_duration_us,us,96,97,97,0,97,0,0,0,1,1,f7a7c9363af841d6e3948ff0291cd0024060435a40fc1e8135c6500a2979f9e9,c6a402088c7806dd9c32772d39a4e731124cfce6764053c9c9de118b84e8d7ce,192528.333333,189504,184140,195329.25,11189.25,211701.75,184038,227745
199ea2dedb66682329f558d748d984288db699e8ce36a9c957303b9043058816,bca004d67e520d879c4d17367b5436bb9f2383a4,V1R1,pulse_release,final_capture_requirements_enforced,6716da0b2cf47106d541f526f3ae258d46f820608290c7ceb563e121d41ee320,3b41a9fcf048eef0a5f29163b3ac3120fc95d8e624d85023bd77e2c035f76243,exported_pulse_npz,pulse_hhar_seed7_a_b.npz,pulse-har-v1,1,487dbf72bd5f999f8e10a8295e6ee1839ecafaf94f6ad7345be9ea18c5820048,internal_flash_versioned_artifact_replay_windows,float32,16,2,ncs-v3.4.0,4.4.0,14.3.0,speed,128000000,1000000,zephyr_64bit_api_grtc_syscounter_includes_sleep,HAR,6,4550,relu,mean,4,18200,18200,13616,18200,2,18200,208,24,128000000,0.00999999978,0.5,0.200000003,0,0.25,9.99999996e-13,8,xorshift32_uniform_positive_exact_ties,reset_each_repetition_public_seed_selection_s1_observation_n1_u_plus_or_minus_0.2,background_bhi360_accel_gyro_quaternion_100hz_not_model_input,5,100,20000,500,0,unencrypted_unbonded,dedicated_pulse_event_workqueue_plus_constant_time_bt_callbacks,dwt_active_core_counter_includes_preemption_and_interrupts,event_workqueue_cumulative_since_start_excludes_bt_rx_and_uart,full_tensor_fp32le_plus_crc,async_att_wall_plus_incremental_wire_crc,post_transfer_fp32le_decode,crc_validated_initiator_receipt_ack_at_responder,endpoint_submitted_or_accepted_not_over_air,firmware_att_value_boundary,post_event_export_handshake_excluded_from_protocol_counters,not_measured_no_ble_sniffer,automatic_campaign,0,after_go_guard_through_single_trial_cleanup_before_dump_guard,optional_gpio_or_firmware_timing,4096,4096,1,P1.14,P1.13,P1.12,P1.11,event,selection,encoder,head_forward_backward,serialization,radio,mixing,control,247,251,2,2,6,accepted_connected,responder,connected,1,responder_encoder,2,wall_duration_us,us,95,95,95,0,95,0,0,0,1,1,f7a7c9363af841d6e3948ff0291cd0024060435a40fc1e8135c6500a2979f9e9,c6a402088c7806dd9c32772d39a4e731124cfce6764053c9c9de118b84e8d7ce,1740459.88421,1740388,1740208,1740687.5,479.5,1741130.5,1739698,1741428
199ea2dedb66682329f558d748d984288db699e8ce36a9c957303b9043058816,bca004d67e520d879c4d17367b5436bb9f2383a4,V1R1,pulse_release,final_capture_requirements_enforced,6716da0b2cf47106d541f526f3ae258d46f820608290c7ceb563e121d41ee320,3b41a9fcf048eef0a5f29163b3ac3120fc95d8e624d85023bd77e2c035f76243,exported_pulse_npz,pulse_hhar_seed7_a_b.npz,pulse-har-v1,1,487dbf72bd5f999f8e10a8295e6ee1839ecafaf94f6ad7345be9ea18c5820048,internal_flash_versioned_artifact_replay_windows,float32,16,2,ncs-v3.4.0,4.4.0,14.3.0,speed,128000000,1000000,zephyr_64bit_api_grtc_syscounter_includes_sleep,HAR,6,4550,relu,mean,4,18200,18200,13616,18200,2,18200,208,24,128000000,0.00999999978,0.5,0.200000003,0,0.25,9.99999996e-13,8,xorshift32_uniform_positive_exact_ties,reset_each_repetition_public_seed_selection_s1_observation_n1_u_plus_or_minus_0.2,background_bhi360_accel_gyro_quaternion_100hz_not_model_input,5,100,20000,500,0,unencrypted_unbonded,dedicated_pulse_event_workqueue_plus_constant_time_bt_callbacks,dwt_active_core_counter_includes_preemption_and_interrupts,event_workqueue_cumulative_since_start_excludes_bt_rx_and_uart,full_tensor_fp32le_plus_crc,async_att_wall_plus_incremental_wire_crc,post_transfer_fp32le_decode,crc_validated_initiator_receipt_ack_at_responder,endpoint_submitted_or_accepted_not_over_air,firmware_att_value_boundary,post_event_export_handshake_excluded_from_protocol_counters,not_measured_no_ble_sniffer,automatic_campaign,0,after_go_guard_through_single_trial_cleanup_before_dump_guard,optional_gpio_or_firmware_timing,4096,4096,1,P1.14,P1.13,P1.12,P1.11,event,selection,encoder,head_forward_backward,serialization,radio,mixing,control,247,251,2,2,6,accepted_connected,responder,connected,1,responder_head_forward_backward,3,wall_duration_us,us,96,97,97,0,97,0,0,0,1,1,f7a7c9363af841d6e3948ff0291cd0024060435a40fc1e8135c6500a2979f9e9,c6a402088c7806dd9c32772d39a4e731124cfce6764053c9c9de118b84e8d7ce,12363.5208333,12374,12263.25,12398,134.75,12625.75,12117,12723
199ea2dedb66682329f558d748d984288db699e8ce36a9c957303b9043058816,bca004d67e520d879c4d17367b5436bb9f2383a4,V1R1,pulse_release,final_capture_requirements_enforced,6716da0b2cf47106d541f526f3ae258d46f820608290c7ceb563e121d41ee320,3b41a9fcf048eef0a5f29163b3ac3120fc95d8e624d85023bd77e2c035f76243,exported_pulse_npz,pulse_hhar_seed7_a_b.npz,pulse-har-v1,1,487dbf72bd5f999f8e10a8295e6ee1839ecafaf94f6ad7345be9ea18c5820048,internal_flash_versioned_artifact_replay_windows,float32,16,2,ncs-v3.4.0,4.4.0,14.3.0,speed,128000000,1000000,zephyr_64bit_api_grtc_syscounter_includes_sleep,HAR,6,4550,relu,mean,4,18200,18200,13616,18200,2,18200,208,24,128000000,0.00999999978,0.5,0.200000003,0,0.25,9.99999996e-13,8,xorshift32_uniform_positive_exact_ties,reset_each_repetition_public_seed_selection_s1_observation_n1_u_plus_or_minus_0.2,background_bhi360_accel_gyro_quaternion_100hz_not_model_input,5,100,20000,500,0,unencrypted_unbonded,dedicated_pulse_event_workqueue_plus_constant_time_bt_callbacks,dwt_active_core_counter_includes_preemption_and_interrupts,event_workqueue_cumulative_since_start_excludes_bt_rx_and_uart,full_tensor_fp32le_plus_crc,async_att_wall_plus_incremental_wire_crc,post_transfer_fp32le_decode,crc_validated_initiator_receipt_ack_at_responder,endpoint_submitted_or_accepted_not_over_air,firmware_att_value_boundary,post_event_export_handshake_excluded_from_protocol_counters,not_measured_no_ble_sniffer,automatic_campaign,0,after_go_guard_through_single_trial_cleanup_before_dump_guard,optional_gpio_or_firmware_timing,4096,4096,1,P1.14,P1.13,P1.12,P1.11,event,selection,encoder,head_forward_backward,serialization,radio,mixing,control,247,251,2,2,6,accepted_connected,responder,connected,1,responder_head_forward_backward,3,wall_st_us,us,1,97,97,0,97,0,0,0,1,1,f7a7c9363af841d6e3948ff0291cd0024060435a40fc1e8135c6500a2979f9e9,c6a402088c7806dd9c32772d39a4e731124cfce6764053c9c9de118b84e8d7ce,12368,12368,12368,12368,0,12368,12368,12368
199ea2dedb66682329f558d748d984288db699e8ce36a9c957303b9043058816,bca004d67e520d879c4d17367b5436bb9f2383a4,V1R1,pulse_release,final_capture_requirements_enforced,6716da0b2cf47106d541f526f3ae258d46f820608290c7ceb563e121d41ee320,3b41a9fcf048eef0a5f29163b3ac3120fc95d8e624d85023bd77e2c035f76243,exported_pulse_npz,pulse_hhar_seed7_a_b.npz,pulse-har-v1,1,487dbf72bd5f999f8e10a8295e6ee1839ecafaf94f6ad7345be9ea18c5820048,internal_flash_versioned_artifact_replay_windows,float32,16,2,ncs-v3.4.0,4.4.0,14.3.0,speed,128000000,1000000,zephyr_64bit_api_grtc_syscounter_includes_sleep,HAR,6,4550,relu,mean,4,18200,18200,13616,18200,2,18200,208,24,128000000,0.00999999978,0.5,0.200000003,0,0.25,9.99999996e-13,8,xorshift32_uniform_positive_exact_ties,reset_each_repetition_public_seed_selection_s1_observation_n1_u_plus_or_minus_0.2,background_bhi360_accel_gyro_quaternion_100hz_not_model_input,5,100,20000,500,0,unencrypted_unbonded,dedicated_pulse_event_workqueue_plus_constant_time_bt_callbacks,dwt_active_core_counter_includes_preemption_and_interrupts,event_workqueue_cumulative_since_start_excludes_bt_rx_and_uart,full_tensor_fp32le_plus_crc,async_att_wall_plus_incremental_wire_crc,post_transfer_fp32le_decode,crc_validated_initiator_receipt_ack_at_responder,endpoint_submitted_or_accepted_not_over_air,firmware_att_value_boundary,post_event_export_handshake_excluded_from_protocol_counters,not_measured_no_ble_sniffer,automatic_campaign,0,after_go_guard_through_single_trial_cleanup_before_dump_guard,optional_gpio_or_firmware_timing,4096,4096,1,P1.14,P1.13,P1.12,P1.11,event,selection,encoder,head_forward_backward,serialization,radio,mixing,control,247,251,2,2,6,accepted_connection_staected,responder,,1,head_deserialization,4,wall_duration_us,us,1,1,1,0,1,0,0,0,1,1,f7a7c9363af841d6e3948ff0291cd0024060435a40fc1e8135c6500a2979f9e9,c6a402088c7806dd9c32772d39a4e731124cfce6764053c9c9de118b84e8d7ce,215,215,215,215,0,215,215,215
199ea2dedb66682329f558d748d984288db699e8ce36a9c957303b9043058816,bca004d67e520d879c4d17367b5436bb9f2383a4,V1R1,pulse_release,final_capture_requirements_enforced,6716da0b2cf47106d541f526f3ae258d46f820608290c7ceb563e121d41ee320,3b41a9fcf048eef0a5f29163b3ac3120fc95d8e624d85023bd77e2c035f76243,exported_pulse_npz,pulse_hhar_seed7_a_b.npz,pulse-har-v1,1,487dbf72bd5f999f8e10a8295e6ee1839ecafaf94f6ad7345be9ea18c5820048,internal_flash_versioned_artifact_replay_windows,float32,16,2,ncs-v3.4.0,4.4.0,14.3.0,speed,128000000,1000000,zephyr_64bit_api_grtc_syscounter_includes_sleep,HAR,6,4550,relu,mean,4,18200,18200,13616,18200,2,18200,208,24,128000000,0.00999999978,0.5,0.200000003,0,0.25,9.99999996e-13,8,xorshift32_uniform_positive_exact_ties,reset_each_repetition_public_seed_selection_s1_observation_n1_u_plus_or_minus_0.2,background_bhi360_accel_gyro_quaternion_100hz_not_model_input,5,100,20000,500,0,unencrypted_unbonded,dedicated_pulse_event_workqueue_plus_constant_time_bt_callbacks,dwt_active_core_counter_includes_preemption_and_interrupts,event_workqueue_cumulative_since_start_excludes_bt_rx_and_uart,full_tensor_fp32le_plus_crc,async_att_wall_plus_incremental_wire_crc,post_transfer_fp32le_decode,crc_validated_initiator_receipt_ack_at_responder,endpoint_submitted_or_accepted_not_over_air,firmware_att_value_boundary,post_event_export_handshake_excluded_from_protocol_counters,not_measured_no_ble_sniffer,automatic_campaign,0,after_go_guard_through_single_trial_cleanup_before_dump_guard,optional_gpio_or_firmware_timing,4096,4096,1,P1.14,P1.13,P1.12,P1.11,event,selection,encoder,head_forward_backward,serialization,radio,mixing,control,247,251,2,2,6,accepted_connection_state_start=nected,responder,,1,gradient_serialization,4,wall_duration_us,us,1,1,1,0,1,0,0,0,1,1,f7a7c9363af841d6e3948ff0291cd0024060435a40fc1e8135c6500a2979f9e9,c6a402088c7806dd9c32772d39a4e731124cfce6764053c9c9de118b84e8d7ce,2837,2837,2837,2837,0,2837,2837,2837
199ea2dedb66682329f558d748d984288db699e8ce36a9c957303b9043058816,bca004d67e520d879c4d17367b5436bb9f2383a4,V1R1,pulse_release,final_capture_requirements_enforced,6716da0b2cf47106d541f526f3ae258d46f820608290c7ceb563e121d41ee320,3b41a9fcf048eef0a5f29163b3ac3120fc95d8e624d85023bd77e2c035f76243,exported_pulse_npz,pulse_hhar_seed7_a_b.npz,pulse-har-v1,1,487dbf72bd5f999f8e10a8295e6ee1839ecafaf94f6ad7345be9ea18c5820048,internal_flash_versioned_artifact_replay_windows,float32,16,2,ncs-v3.4.0,4.4.0,14.3.0,speed,128000000,1000000,zephyr_64bit_api_grtc_syscounter_includes_sleep,HAR,6,4550,relu,mean,4,18200,18200,13616,18200,2,18200,208,24,128000000,0.00999999978,0.5,0.200000003,0,0.25,9.99999996e-13,8,xorshift32_uniform_positive_exact_ties,reset_each_repetition_public_seed_selection_s1_observation_n1_u_plus_or_minus_0.2,background_bhi360_accel_gyro_quaternion_100hz_not_model_input,5,100,20000,500,0,unencrypted_unbonded,dedicated_pulse_event_workqueue_plus_constant_time_bt_callbacks,dwt_active_core_counter_includes_preemption_and_interrupts,event_workqueue_cumulative_since_start_excludes_bt_rx_and_uart,full_tensor_fp32le_plus_crc,async_att_wall_plus_incremental_wire_crc,post_transfer_fp32le_decode,crc_validated_initiator_receipt_ack_at_responder,endpoint_submitted_or_accepted_not_over_air,firmware_att_value_boundary,post_event_export_handshake_excluded_from_protocol_counters,not_measured_no_ble_sniffer,automatic_campaign,0,after_go_guard_through_single_trial_cleanup_before_dump_guard,optional_gpio_or_firmware_timing,4096,4096,1,P1.14,P1.13,P1.12,P1.11,event,selection,encoder,head_forward_backward,serialization,radio,mixing,control,247,251,2,2,6,accepted_discovery,initiator,disconnected,1,,4,wall_duration_us,us,1,1,1,0,1,0,0,0,1,1,f7a7c9363af841d6e3948ff0291cd0024060435a40fc1e8135c6500a2979f9e9,c6a402088c7806dd9c32772d39a4e731124cfce6764053c9c9de118b84e8d7ce,2634,2634,2634,2634,0,2634,2634,2634
199ea2dedb66682329f558d748d984288db699e8ce36a9c957303b9043058816,bca004d67e520d879c4d17367b5436bb9f2383a4,V1R1,pulse_release,final_capture_requirements_enforced,6716da0b2cf47106d541f526f3ae258d46f820608290c7ceb563e121d41ee320,3b41a9fcf048eef0a5f29163b3ac3120fc95d8e624d85023bd77e2c035f76243,exported_pulse_npz,pulse_hhar_seed7_a_b.npz,pulse-har-v1,1,487dbf72bd5f999f8e10a8295e6ee1839ecafaf94f6ad7345be9ea18c5820048,internal_flash_versioned_artifact_replay_windows,float32,16,2,ncs-v3.4.0,4.4.0,14.3.0,speed,128000000,1000000,zephyr_64bit_api_grtc_syscounter_includes_sleep,HAR,6,4550,relu,mean,4,18200,18200,13616,18200,2,18200,208,24,128000000,0.00999999978,0.5,0.200000003,0,0.25,9.99999996e-13,8,xorshift32_uniform_positive_exact_ties,reset_each_repetition_public_seed_selection_s1_observation_n1_u_plus_or_minus_0.2,background_bhi360_accel_gyro_quaternion_100hz_not_model_input,5,100,20000,500,0,unencrypted_unbonded,dedicated_pulse_event_workqueue_plus_constant_time_bt_callbacks,dwt_active_core_counter_includes_preemption_and_interrupts,event_workqueue_cumulative_since_start_excludes_bt_rx_and_uart,full_tensor_fp32le_plus_crc,async_att_wall_plus_incremental_wire_crc,post_transfer_fp32le_decode,crc_validated_initiator_receipt_ack_at_responder,endpoint_submitted_or_accepted_not_over_air,firmware_att_value_boundary,post_event_export_handshake_excluded_from_protocol_counters,not_measured_no_ble_sniffer,automatic_campaign,0,after_go_guard_through_single_trial_cleanup_before_dump_guard,optional_gpio_or_firmware_timing,4096,4096,1,P1.14,P1.13,P1.12,P1.11,event,selection,encoder,head_forward_backward,serialization,radio,mixing,control,247,251,2,2,6,accepted_discovery,initiator,disconnected,1,,5,wall_duration_us,us,1,1,1,0,0,0,1,,1,1,f7a7c9363af841d6e3948ff0291cd0024060435a40fc1e8135c6500a2979f9e9,c6a402088c7806dd9c32772d39a4e731124cfce6764053c9c9de118b84e8d7ce,1147465,1147465,1147465,1147465,0,1147465,1147465,1147465
199ea2dedb66682329f558d748d984288db699e8ce36a9c957303b9043058816,bca004d67e520d879c4d17367b5436bb9f2383a4,V1R1,pulse_release,final_capture_requirements_enforced,6716da0b2cf47106d541f526f3ae258d46f820608290c7ceb563e121d41ee320,3b41a9fcf048eef0a5f29163b3ac3120fc95d8e624d85023bd77e2c035f76243,exported_pulse_npz,pulse_hhar_seed7_a_b.npz,pulse-har-v1,1,487dbf72bd5f999f8e10a8295e6ee1839ecafaf94f6ad7345be9ea18c5820048,internal_flash_versioned_artifact_replay_windows,float32,16,2,ncs-v3.4.0,4.4.0,14.3.0,speed,128000000,1000000,zephyr_64bit_api_grtc_syscounter_includes_sleep,HAR,6,4550,relu,mean,4,18200,18200,13616,18200,2,18200,208,24,128000000,0.00999999978,0.5,0.200000003,0,0.25,9.99999996e-13,8,xorshift32_uniform_positive_exact_ties,reset_each_repetition_public_seed_selection_s1_observation_n1_u_plus_or_minus_0.2,background_bhi360_accel_gyro_quaternion_100hz_not_model_input,5,100,20000,500,0,unencrypted_unbonded,dedicated_pulse_event_workqueue_plus_constant_time_bt_callbacks,dwt_active_core_counter_includes_preemption_and_interrupts,event_workqueue_cumulative_since_start_excludes_bt_rx_and_uart,full_tensor_fp32le_plus_crc,async_att_wall_plus_incremental_wire_crc,post_transfer_fp32le_decode,crc_validated_initiator_receipt_ack_at_responder,endpoint_submitted_or_accepted_not_over_air,firmware_att_value_boundary,post_event_export_handshake_excluded_from_protocol_counters,not_measured_no_ble_sniffer,automatic_campaign,0,after_go_guard_through_single_trial_cleanup_before_dump_guard,optional_gpio_or_firmware_timing,4096,4096,1,P1.14,P1.13,P1.12,P1.11,event,selection,encoder,head_forward_backward,serialization,radio,mixing,control,247,251,2,2,6,accepted_discovery,initiator,disconnected,1,agreement,6,wall_duration,,1,100,100,0,100,0,0,0,1,1,f7a7c9363af841d6e3948ff0291cd0024060435a40fc1e8135c6500a2979f9e9,c6a402088c7806dd9c32772d39a4e731124cfce6764053c9c9de118b84e8d7ce,25612,25612,25612,25612,0,25612,25612,25612
199ea2dedb66682329f558d748d984288db699e8ce36a9c957303b9043058816,bca004d67e520d879c4d17367b5436bb9f2383a4,V1R1,pulse_release,final_capture_requirements_enforced,6716da0b2cf47106d541f526f3ae258d46f820608290c7ceb563e121d41ee320,3b41a9fcf048eef0a5f29163b3ac3120fc95d8e624d85023bd77e2c035f76243,exported_pulse_npz,pulse_hhar_seed7_a_b.npz,pulse-har-v1,1,487dbf72bd5f999f8e10a8295e6ee1839ecafaf94f6ad7345be9ea18c5820048,internal_flash_versioned_artifact_replay_windows,float32,16,2,ncs-v3.4.0,4.4.0,14.3.0,speed,128000000,1000000,zephyr_64bit_api_grtc_syscounter_includes_sleep,HAR,6,4550,relu,mean,4,18200,18200,13616,18200,2,18200,208,24,128000000,0.00999999978,0.5,0.200000003,0,0.25,9.99999996e-13,8,xorshift32_uniform_positive_exact_ties,reset_each_repetition_public_seed_selection_s1_observation_n1_u_plus_or_minus_0.2,background_bhi360_accel_gyro_quaternion_100hz_not_model_input,5,100,20000,500,0,unencrypted_unbonded,dedicated_pulse_event_workqueue_plus_constant_time_bt_callbacks,dwt_active_core_counter_includes_preemption_and_interrupts,event_workqueue_cumulative_since_start_excludes_bt_rx_and_uart,full_tensor_fp32le_plus_crc,async_att_wall_plus_incremental_wire_crc,post_transfer_fp32le_decode,crc_validated_initiator_receipt_ack_at_responder,endpoint_submitted_or_accepted_not_over_air,firmware_att_value_boundary,post_event_export_handshake_excluded_from_protocol_counters,not_measured_no_ble_sniffer,automatic_campaign,0,after_go_guard_through_single_trial_cleanup_before_dump_guard,optional_gpio_or_firmware_timing,4096,4096,1,P1.14,P1.13,P1.12,P1.11,event,selection,encoder,head_forward_backward,serialization,radio,mixing,control,247,251,2,2,6,accepted_discovery,initiator,disconnected,1,agreement,6,wall_duration_us,us,99,100,100,0,100,0,0,0,1,1,f7a7c9363af841d6e3948ff0291cd0024060435a40fc1e8135c6500a2979f9e9,c6a402088c7806dd9c32772d39a4e731124cfce6764053c9c9de118b84e8d7ce,25821.1414141,25898,25670,25932.5,262.5,26001.3,25630,26012
199ea2dedb66682329f558d748d984288db699e8ce36a9c957303b9043058816,bca004d67e520d879c4d17367b5436bb9f2383a4,V1R1,pulse_release,final_capture_requirements_enforced,6716da0b2cf47106d541f526f3ae258d46f820608290c7ceb563e121d41ee320,3b41a9fcf048eef0a5f29163b3ac3120fc95d8e624d85023bd77e2c035f76243,exported_pulse_npz,pulse_hhar_seed7_a_b.npz,pulse-har-v1,1,487dbf72bd5f999f8e10a8295e6ee1839ecafaf94f6ad7345be9ea18c5820048,internal_flash_versioned_artifact_replay_windows,float32,16,2,ncs-v3.4.0,4.4.0,14.3.0,speed,128000000,1000000,zephyr_64bit_api_grtc_syscounter_includes_sleep,HAR,6,4550,relu,mean,4,18200,18200,13616,18200,2,18200,208,24,128000000,0.00999999978,0.5,0.200000003,0,0.25,9.99999996e-13,8,xorshift32_uniform_positive_exact_ties,reset_each_repetition_public_seed_selection_s1_observation_n1_u_plus_or_minus_0.2,background_bhi360_accel_gyro_quaternion_100hz_not_model_input,5,100,20000,500,0,unencrypted_unbonded,dedicated_pulse_event_workqueue_plus_constant_time_bt_callbacks,dwt_active_core_counter_includes_preemption_and_interrupts,event_workqueue_cumulative_since_start_excludes_bt_rx_and_uart,full_tensor_fp32le_plus_crc,async_att_wall_plus_incremental_wire_crc,post_transfer_fp32le_decode,crc_validated_initiator_receipt_ack_at_responder,endpoint_submitted_or_accepted_not_over_air,firmware_att_value_boundary,post_event_export_handshake_excluded_from_protocol_counters,not_measured_no_ble_sniffer,automatic_campaign,0,after_go_guard_through_single_trial_cleanup_before_dump_guard,optional_gpio_or_firmware_timing,4096,4096,1,P1.14,P1.13,P1.12,P1.11,event,selection,encoder,head_forward_backward,serialization,radio,mixing,control,247,251,2,2,6,accepted_discovery,initiator,disconnected,1,ble_connect,7,wall_duration_us,us,99,99,99,0,99,0,0,0,1,1,f7a7c9363af841d6e3948ff0291cd0024060435a40fc1e8135c6500a2979f9e9,c6a402088c7806dd9c32772d39a4e731124cfce6764053c9c9de118b84e8d7ce,217956.222222,210267,207948,214269,6321,258935.2,203919,316037
199ea2dedb66682329f558d748d984288db699e8ce36a9c957303b9043058816,bca004d67e520d879c4d17367b5436bb9f2383a4,V1R1,pulse_release,final_capture_requirements_enforced,6716da0b2cf47106d541f526f3ae258d46f820608290c7ceb563e121d41ee320,3b41a9fcf048eef0a5f29163b3ac3120fc95d8e624d85023bd77e2c035f76243,exported_pulse_npz,pulse_hhar_seed7_a_b.npz,pulse-har-v1,1,487dbf72bd5f999f8e10a8295e6ee1839ecafaf94f6ad7345be9ea18c5820048,internal_flash_versioned_artifact_replay_windows,float32,16,2,ncs-v3.4.0,4.4.0,14.3.0,speed,128000000,1000000,zephyr_64bit_api_grtc_syscounter_includes_sleep,HAR,6,4550,relu,mean,4,18200,18200,13616,18200,2,18200,208,24,128000000,0.00999999978,0.5,0.200000003,0,0.25,9.99999996e-13,8,xorshift32_uniform_positive_exact_ties,reset_each_repetition_public_seed_selection_s1_observation_n1_u_plus_or_minus_0.2,background_bhi360_accel_gyro_quaternion_100hz_not_model_input,5,100,20000,500,0,unencrypted_unbonded,dedicated_pulse_event_workqueue_plus_constant_time_bt_callbacks,dwt_active_core_counter_includes_preemption_and_interrupts,event_workqueue_cumulative_since_start_excludes_bt_rx_and_uart,full_tensor_fp32le_plus_crc,async_att_wall_plus_incremental_wire_crc,post_transfer_fp32le_decode,crc_validated_initiator_receipt_ack_at_responder,endpoint_submitted_or_accepted_not_over_air,firmware_att_value_boundary,post_event_export_handshake_excluded_from_protocol_counters,not_measured_no_ble_sniffer,automatic_campaign,0,after_go_guard_through_single_trial_cleanup_before_dump_guard,optional_gpio_or_firmware_timing,4096,4096,1,P1.14,P1.13,P1.12,P1.11,event,selection,encoder,head_forward_backward,serialization,radio,mixing,control,247,251,2,2,6,accepted_discovery,initiator,disconnected,1,ble_cted_discovery,6,wall_duration_us,us,1,1,1,0,1,0,0,0,1,1,f7a7c9363af841d6e3948ff0291cd0024060435a40fc1e8135c6500a2979f9e9,c6a402088c7806dd9c32772d39a4e731124cfce6764053c9c9de118b84e8d7ce,209098,209098,209098,209098,0,209098,209098,209098
199ea2dedb66682329f558d748d984288db699e8ce36a9c957303b9043058816,bca004d67e520d879c4d17367b5436bb9f2383a4,V1R1,pulse_release,final_capture_requirements_enforced,6716da0b2cf47106d541f526f3ae258d46f820608290c7ceb563e121d41ee320,3b41a9fcf048eef0a5f29163b3ac3120fc95d8e624d85023bd77e2c035f76243,exported_pulse_npz,pulse_hhar_seed7_a_b.npz,pulse-har-v1,1,487dbf72bd5f999f8e10a8295e6ee1839ecafaf94f6ad7345be9ea18c5820048,internal_flash_versioned_artifact_replay_windows,float32,16,2,ncs-v3.4.0,4.4.0,14.3.0,speed,128000000,1000000,zephyr_64bit_api_grtc_syscounter_includes_sleep,HAR,6,4550,relu,mean,4,18200,18200,13616,18200,2,18200,208,24,128000000,0.00999999978,0.5,0.200000003,0,0.25,9.99999996e-13,8,xorshift32_uniform_positive_exact_ties,reset_each_repetition_public_seed_selection_s1_observation_n1_u_plus_or_minus_0.2,background_bhi360_accel_gyro_quaternion_100hz_not_model_input,5,100,20000,500,0,unencrypted_unbonded,dedicated_pulse_event_workqueue_plus_constant_time_bt_callbacks,dwt_active_core_counter_includes_preemption_and_interrupts,event_workqueue_cumulative_since_start_excludes_bt_rx_and_uart,full_tensor_fp32le_plus_crc,async_att_wall_plus_incremental_wire_crc,post_transfer_fp32le_decode,crc_validated_initiator_receipt_ack_at_responder,endpoint_submitted_or_accepted_not_over_air,firmware_att_value_boundary,post_event_export_handshake_excluded_from_protocol_counters,not_measured_no_ble_sniffer,automatic_campaign,0,after_go_guard_through_single_trial_cleanup_before_dump_guard,optional_gpio_or_firmware_timing,4096,4096,1,P1.14,P1.13,P1.12,P1.11,event,selection,encoder,head_forward_backward,serialization,radio,mixing,control,247,251,2,2,6,accepted_discovery,initiator,disconnected,1,ble_scan,7,wall_duration_us,us,100,100,100,0,100,0,0,0,1,1,f7a7c9363af841d6e3948ff0291cd0024060435a40fc1e8135c6500a2979f9e9,c6a402088c7806dd9c32772d39a4e731124cfce6764053c9c9de118b84e8d7ce,40468.59,26217.5,14197,70311.5,56114.5,89386.3,2788,247300
199ea2dedb66682329f558d748d984288db699e8ce36a9c957303b9043058816,bca004d67e520d879c4d17367b5436bb9f2383a4,V1R1,pulse_release,final_capture_requirements_enforced,6716da0b2cf47106d541f526f3ae258d46f820608290c7ceb563e121d41ee320,3b41a9fcf048eef0a5f29163b3ac3120fc95d8e624d85023bd77e2c035f76243,exported_pulse_npz,pulse_hhar_seed7_a_b.npz,pulse-har-v1,1,487dbf72bd5f999f8e10a8295e6ee1839ecafaf94f6ad7345be9ea18c5820048,internal_flash_versioned_artifact_replay_windows,float32,16,2,ncs-v3.4.0,4.4.0,14.3.0,speed,128000000,1000000,zephyr_64bit_api_grtc_syscounter_includes_sleep,HAR,6,4550,relu,mean,4,18200,18200,13616,18200,2,18200,208,24,128000000,0.00999999978,0.5,0.200000003,0,0.25,9.99999996e-13,8,xorshift32_uniform_positive_exact_ties,reset_each_repetition_public_seed_selection_s1_observation_n1_u_plus_or_minus_0.2,background_bhi360_accel_gyro_quaternion_100hz_not_model_input,5,100,20000,500,0,unencrypted_unbonded,dedicated_pulse_event_workqueue_plus_constant_time_bt_callbacks,dwt_active_core_counter_includes_preemption_and_interrupts,event_workqueue_cumulative_since_start_excludes_bt_rx_and_uart,full_tensor_fp32le_plus_crc,async_att_wall_plus_incremental_wire_crc,post_transfer_fp32le_decode,crc_validated_initiator_receipt_ack_at_responder,endpoint_submitted_or_accepted_not_over_air,firmware_att_value_boundary,post_event_export_handshake_excluded_from_protocol_counters,not_measured_no_ble_sniffer,automatic_campaign,0,after_go_guard_through_single_trial_cleanup_before_dump_guard,optional_gpio_or_firmware_timing,4096,4096,1,P1.14,P1.13,P1.12,P1.11,event,selection,encoder,head_forward_backward,serialization,radio,mixing,control,247,251,2,2,6,accepted_discovery,initiator,disconnected,1,end_to_end,,wall_duration_us,us,1,1,1,0,1,0,0,0,1,1,f7a7c9363af841d6e3948ff0291cd0024060435a40fc1e8135c6500a2979f9e9,c6a402088c7806dd9c32772d39a4e731124cfce6764053c9c9de118b84e8d7ce,3408361,3408361,3408361,3408361,0,3408361,3408361,3408361
199ea2dedb66682329f558d748d984288db699e8ce36a9c957303b9043058816,bca004d67e520d879c4d17367b5436bb9f2383a4,V1R1,pulse_release,final_capture_requirements_enforced,6716da0b2cf47106d541f526f3ae258d46f820608290c7ceb563e121d41ee320,3b41a9fcf048eef0a5f29163b3ac3120fc95d8e624d85023bd77e2c035f76243,exported_pulse_npz,pulse_hhar_seed7_a_b.npz,pulse-har-v1,1,487dbf72bd5f999f8e10a8295e6ee1839ecafaf94f6ad7345be9ea18c5820048,internal_flash_versioned_artifact_replay_windows,float32,16,2,ncs-v3.4.0,4.4.0,14.3.0,speed,128000000,1000000,zephyr_64bit_api_grtc_syscounter_includes_sleep,HAR,6,4550,relu,mean,4,18200,18200,13616,18200,2,18200,208,24,128000000,0.00999999978,0.5,0.200000003,0,0.25,9.99999996e-13,8,xorshift32_uniform_positive_exact_ties,reset_each_repetition_public_seed_selection_s1_observation_n1_u_plus_or_minus_0.2,background_bhi360_accel_gyro_quaternion_100hz_not_model_input,5,100,20000,500,0,unencrypted_unbonded,dedicated_pulse_event_workqueue_plus_constant_time_bt_callbacks,dwt_active_core_counter_includes_preemption_and_interrupts,event_workqueue_cumulative_since_start_excludes_bt_rx_and_uart,full_tensor_fp32le_plus_crc,async_att_wall_plus_incremental_wire_crc,post_transfer_fp32le_decode,crc_validated_initiator_receipt_ack_at_responder,endpoint_submitted_or_accepted_not_over_air,firmware_att_value_boundary,post_event_export_handshake_excluded_from_protocol_counters,not_measured_no_ble_sniffer,automatic_campaign,0,after_go_guard_through_single_trial_cleanup_before_dump_guard,optional_gpio_or_firmware_timing,4096,4096,1,P1.14,P1.13,P1.12,P1.11,event,selection,encoder,head_forward_backward,serialization,radio,mixing,control,247,251,2,2,6,accepted_discovery,initiator,disconnected,1,end_to_end,0,wall_duration_us,us,99,99,99,0,99,0,0,0,1,1,f7a7c9363af841d6e3948ff0291cd0024060435a40fc1e8135c6500a2979f9e9,c6a402088c7806dd9c32772d39a4e731124cfce6764053c9c9de118b84e8d7ce,3435576.66667,3428858,3395161,3456755.5,61594.5,3522838.4,3368744,3727506
199ea2dedb66682329f558d748d984288db699e8ce36a9c957303b9043058816,bca004d67e520d879c4d17367b5436bb9f2383a4,V1R1,pulse_release,final_capture_requirements_enforced,6716da0b2cf47106d541f526f3ae258d46f820608290c7ceb563e121d41ee320,3b41a9fcf048eef0a5f29163b3ac3120fc95d8e624d85023bd77e2c035f76243,exported_pulse_npz,pulse_hhar_seed7_a_b.npz,pulse-har-v1,1,487dbf72bd5f999f8e10a8295e6ee1839ecafaf94f6ad7345be9ea18c5820048,internal_flash_versioned_artifact_replay_windows,float32,16,2,ncs-v3.4.0,4.4.0,14.3.0,speed,128000000,1000000,zephyr_64bit_api_grtc_syscounter_includes_sleep,HAR,6,4550,relu,mean,4,18200,18200,13616,18200,2,18200,208,24,128000000,0.00999999978,0.5,0.200000003,0,0.25,9.99999996e-13,8,xorshift32_uniform_positive_exact_ties,reset_each_repetition_public_seed_selection_s1_observation_n1_u_plus_or_minus_0.2,background_bhi360_accel_gyro_quaternion_100hz_not_model_input,5,100,20000,500,0,unencrypted_unbonded,dedicated_pulse_event_workqueue_plus_constant_time_bt_callbacks,dwt_active_core_counter_includes_preemption_and_interrupts,event_workqueue_cumulative_since_start_excludes_bt_rx_and_uart,full_tensor_fp32le_plus_crc,async_att_wall_plus_incremental_wire_crc,post_transfer_fp32le_decode,crc_validated_initiator_receipt_ack_at_responder,endpoint_submitted_or_accepted_not_over_air,firmware_att_value_boundary,post_event_export_handshake_excluded_from_protocol_counters,not_measured_no_ble_sniffer,automatic_campaign,0,after_go_guard_through_single_trial_cleanup_before_dump_guard,optional_gpio_or_firmware_timing,4096,4096,1,P1.14,P1.13,P1.12,P1.11,event,selection,encoder,head_forward_backward,serialization,radio,mixing,control,247,251,2,2,6,accepted_discovery,initiator,disconnected,1,gradient_deserialization,4,wall_duration_us,us,100,100,100,0,100,0,0,0,1,1,f7a7c9363af841d6e3948ff0291cd0024060435a40fc1e8135c6500a2979f9e9,c6a402088c7806dd9c32772d39a4e731124cfce6764053c9c9de118b84e8d7ce,216.59,216,216,216,0,216,215,294
199ea2dedb66682329f558d748d984288db699e8ce36a9c957303b9043058816,bca004d67e520d879c4d17367b5436bb9f2383a4,V1R1,pulse_release,final_capture_requirements_enforced,6716da0b2cf47106d541f526f3ae258d46f820608290c7ceb563e121d41ee320,3b41a9fcf048eef0a5f29163b3ac3120fc95d8e624d85023bd77e2c035f76243,exported_pulse_npz,pulse_hhar_seed7_a_b.npz,pulse-har-v1,1,487dbf72bd5f999f8e10a8295e6ee1839ecafaf94f6ad7345be9ea18c5820048,internal_flash_versioned_artifact_replay_windows,float32,16,2,ncs-v3.4.0,4.4.0,14.3.0,speed,128000000,1000000,zephyr_64bit_api_grtc_syscounter_includes_sleep,HAR,6,4550,relu,mean,4,18200,18200,13616,18200,2,18200,208,24,128000000,0.00999999978,0.5,0.200000003,0,0.25,9.99999996e-13,8,xorshift32_uniform_positive_exact_ties,reset_each_repetition_public_seed_selection_s1_observation_n1_u_plus_or_minus_0.2,background_bhi360_accel_gyro_quaternion_100hz_not_model_input,5,100,20000,500,0,unencrypted_unbonded,dedicated_pulse_event_workqueue_plus_constant_time_bt_callbacks,dwt_active_core_counter_includes_preemption_and_interrupts,event_workqueue_cumulative_since_start_excludes_bt_rx_and_uart,full_tensor_fp32le_plus_crc,async_att_wall_plus_incremental_wire_crc,post_transfer_fp32le_decode,crc_validated_initiator_receipt_ack_at_responder,endpoint_submitted_or_accepted_not_over_air,firmware_att_value_boundary,post_event_export_handshake_excluded_from_protocol_counters,not_measured_no_ble_sniffer,automatic_campaign,0,after_go_guard_through_single_trial_cleanup_before_dump_guard,optional_gpio_or_firmware_timing,4096,4096,1,P1.14,P1.13,P1.12,P1.11,event,selection,encoder,head_forward_backward,serialization,radio,mixing,control,247,251,2,2,6,accepted_discovery,initiator,disconnected,1,gradient_transfer,5,wall_duration_us,us,99,99,99,0,99,0,0,0,1,1,f7a7c9363af841d6e3948ff0291cd0024060435a40fc1e8135c6500a2979f9e9,c6a402088c7806dd9c32772d39a4e731124cfce6764053c9c9de118b84e8d7ce,1142458.44444,1132466,1124968,1151215.5,26247.5,1185656.5,1124550,1252468
199ea2dedb66682329f558d748d984288db699e8ce36a9c957303b9043058816,bca004d67e520d879c4d17367b5436bb9f2383a4,V1R1,pulse_release,final_capture_requirements_enforced,6716da0b2cf47106d541f526f3ae258d46f820608290c7ceb563e121d41ee320,3b41a9fcf048eef0a5f29163b3ac3120fc95d8e624d85023bd77e2c035f76243,exported_pulse_npz,pulse_hhar_seed7_a_b.npz,pulse-har-v1,1,487dbf72bd5f999f8e10a8295e6ee1839ecafaf94f6ad7345be9ea18c5820048,internal_flash_versioned_artifact_replay_windows,float32,16,2,ncs-v3.4.0,4.4.0,14.3.0,speed,128000000,1000000,zephyr_64bit_api_grtc_syscounter_includes_sleep,HAR,6,4550,relu,mean,4,18200,18200,13616,18200,2,18200,208,24,128000000,0.00999999978,0.5,0.200000003,0,0.25,9.99999996e-13,8,xorshift32_uniform_positive_exact_ties,reset_each_repetition_public_seed_selection_s1_observation_n1_u_plus_or_minus_0.2,background_bhi360_accel_gyro_quaternion_100hz_not_model_input,5,100,20000,500,0,unencrypted_unbonded,dedicated_pulse_event_workqueue_plus_constant_time_bt_callbacks,dwt_active_core_counter_includes_preemption_and_interrupts,event_workqueue_cumulative_since_start_excludes_bt_rx_and_uart,full_tensor_fp32le_plus_crc,async_att_wall_plus_incremental_wire_crc,post_transfer_fp32le_decode,crc_validated_initiator_receipt_ack_at_responder,endpoint_submitted_or_accepted_not_over_air,firmware_att_value_boundary,post_event_export_handshake_excluded_from_protocol_counters,not_measured_no_ble_sniffer,automatic_campaign,0,after_go_guard_through_single_trial_cleanup_before_dump_guard,optional_gpio_or_firmware_timing,4096,4096,1,P1.14,P1.13,P1.12,P1.11,event,selection,encoder,head_forward_backward,serialization,radio,mixing,control,247,251,2,2,6,accepted_discovery,initiator,disconnected,1,head_serializa,4,wall_duration_us,us,1,1,1,0,1,0,0,0,1,1,f7a7c9363af841d6e3948ff0291cd0024060435a40fc1e8135c6500a2979f9e9,c6a402088c7806dd9c32772d39a4e731124cfce6764053c9c9de118b84e8d7ce,2634,2634,2634,2634,0,2634,2634,2634
199ea2dedb66682329f558d748d984288db699e8ce36a9c957303b9043058816,bca004d67e520d879c4d17367b5436bb9f2383a4,V1R1,pulse_release,final_capture_requirements_enforced,6716da0b2cf47106d541f526f3ae258d46f820608290c7ceb563e121d41ee320,3b41a9fcf048eef0a5f29163b3ac3120fc95d8e624d85023bd77e2c035f76243,exported_pulse_npz,pulse_hhar_seed7_a_b.npz,pulse-har-v1,1,487dbf72bd5f999f8e10a8295e6ee1839ecafaf94f6ad7345be9ea18c5820048,internal_flash_versioned_artifact_replay_windows,float32,16,2,ncs-v3.4.0,4.4.0,14.3.0,speed,128000000,1000000,zephyr_64bit_api_grtc_syscounter_includes_sleep,HAR,6,4550,relu,mean,4,18200,18200,13616,18200,2,18200,208,24,128000000,0.00999999978,0.5,0.200000003,0,0.25,9.99999996e-13,8,xorshift32_uniform_positive_exact_ties,reset_each_repetition_public_seed_selection_s1_observation_n1_u_plus_or_minus_0.2,background_bhi360_accel_gyro_quaternion_100hz_not_model_input,5,100,20000,500,0,unencrypted_unbonded,dedicated_pulse_event_workqueue_plus_constant_time_bt_callbacks,dwt_active_core_counter_includes_preemption_and_interrupts,event_workqueue_cumulative_since_start_excludes_bt_rx_and_uart,full_tensor_fp32le_plus_crc,async_att_wall_plus_incremental_wire_crc,post_transfer_fp32le_decode,crc_validated_initiator_receipt_ack_at_responder,endpoint_submitted_or_accepted_not_over_air,firmware_att_value_boundary,post_event_export_handshake_excluded_from_protocol_counters,not_measured_no_ble_sniffer,automatic_campaign,0,after_go_guard_through_single_trial_cleanup_before_dump_guard,optional_gpio_or_firmware_timing,4096,4096,1,P1.14,P1.13,P1.12,P1.11,event,selection,encoder,head_forward_backward,serialization,radio,mixing,control,247,251,2,2,6,accepted_discovery,initiator,disconnected,1,head_serialization,,wall_duration_us,us,1,1,1,0,1,0,0,0,1,1,f7a7c9363af841d6e3948ff0291cd0024060435a40fc1e8135c6500a2979f9e9,c6a402088c7806dd9c32772d39a4e731124cfce6764053c9c9de118b84e8d7ce,2634,2634,2634,2634,0,2634,2634,2634
199ea2dedb66682329f558d748d984288db699e8ce36a9c957303b9043058816,bca004d67e520d879c4d17367b5436bb9f2383a4,V1R1,pulse_release,final_capture_requirements_enforced,6716da0b2cf47106d541f526f3ae258d46f820608290c7ceb563e121d41ee320,3b41a9fcf048eef0a5f29163b3ac3120fc95d8e624d85023bd77e2c035f76243,exported_pulse_npz,pulse_hhar_seed7_a_b.npz,pulse-har-v1,1,487dbf72bd5f999f8e10a8295e6ee1839ecafaf94f6ad7345be9ea18c5820048,internal_flash_versioned_artifact_replay_windows,float32,16,2,ncs-v3.4.0,4.4.0,14.3.0,speed,128000000,1000000,zephyr_64bit_api_grtc_syscounter_includes_sleep,HAR,6,4550,relu,mean,4,18200,18200,13616,18200,2,18200,208,24,128000000,0.00999999978,0.5,0.200000003,0,0.25,9.99999996e-13,8,xorshift32_uniform_positive_exact_ties,reset_each_repetition_public_seed_selection_s1_observation_n1_u_plus_or_minus_0.2,background_bhi360_accel_gyro_quaternion_100hz_not_model_input,5,100,20000,500,0,unencrypted_unbonded,dedicated_pulse_event_workqueue_plus_constant_time_bt_callbacks,dwt_active_core_counter_includes_preemption_and_interrupts,event_workqueue_cumulative_since_start_excludes_bt_rx_and_uart,full_tensor_fp32le_plus_crc,async_att_wall_plus_incremental_wire_crc,post_transfer_fp32le_decode,crc_validated_initiator_receipt_ack_at_responder,endpoint_submitted_or_accepted_not_over_air,firmware_att_value_boundary,post_event_export_handshake_excluded_from_protocol_counters,not_measured_no_ble_sniffer,automatic_campaign,0,after_go_guard_through_single_trial_cleanup_before_dump_guard,optional_gpio_or_firmware_timing,4096,4096,1,P1.14,P1.13,P1.12,P1.11,event,selection,encoder,head_forward_backward,serialization,radio,mixing,control,247,251,2,2,6,accepted_discovery,initiator,disconnected,1,head_serialization,4,counter,,1,97,97,0,97,0,0,0,1,1,f7a7c9363af841d6e3948ff0291cd0024060435a40fc1e8135c6500a2979f9e9,c6a402088c7806dd9c32772d39a4e731124cfce6764053c9c9de118b84e8d7ce,0,0,0,0,0,0,0,0
199ea2dedb66682329f558d748d984288db699e8ce36a9c957303b9043058816,bca004d67e520d879c4d17367b5436bb9f2383a4,V1R1,pulse_release,final_capture_requirements_enforced,6716da0b2cf47106d541f526f3ae258d46f820608290c7ceb563e121d41ee320,3b41a9fcf048eef0a5f29163b3ac3120fc95d8e624d85023bd77e2c035f76243,exported_pulse_npz,pulse_hhar_seed7_a_b.npz,pulse-har-v1,1,487dbf72bd5f999f8e10a8295e6ee1839ecafaf94f6ad7345be9ea18c5820048,internal_flash_versioned_artifact_replay_windows,float32,16,2,ncs-v3.4.0,4.4.0,14.3.0,speed,128000000,1000000,zephyr_64bit_api_grtc_syscounter_includes_sleep,HAR,6,4550,relu,mean,4,18200,18200,13616,18200,2,18200,208,24,128000000,0.00999999978,0.5,0.200000003,0,0.25,9.99999996e-13,8,xorshift32_uniform_positive_exact_ties,reset_each_repetition_public_seed_selection_s1_observation_n1_u_plus_or_minus_0.2,background_bhi360_accel_gyro_quaternion_100hz_not_model_input,5,100,20000,500,0,unencrypted_unbonded,dedicated_pulse_event_workqueue_plus_constant_time_bt_callbacks,dwt_active_core_counter_includes_preemption_and_interrupts,event_workqueue_cumulative_since_start_excludes_bt_rx_and_uart,full_tensor_fp32le_plus_crc,async_att_wall_plus_incremental_wire_crc,post_transfer_fp32le_decode,crc_validated_initiator_receipt_ack_at_responder,endpoint_submitted_or_accepted_not_over_air,firmware_att_value_boundary,post_event_export_handshake_excluded_from_protocol_counters,not_measured_no_ble_sniffer,automatic_campaign,0,after_go_guard_through_single_trial_cleanup_before_dump_guard,optional_gpio_or_firmware_timing,4096,4096,1,P1.14,P1.13,P1.12,P1.11,event,selection,encoder,head_forward_backward,serialization,radio,mixing,control,247,251,2,2,6,accepted_discovery,initiator,disconnected,1,head_serialization,4,end_cycles,cycles,1,97,97,0,97,0,0,0,1,1,f7a7c9363af841d6e3948ff0291cd0024060435a40fc1e8135c6500a2979f9e9,c6a402088c7806dd9c32772d39a4e731124cfce6764053c9c9de118b84e8d7ce,0,0,0,0,0,0,0,0
199ea2dedb66682329f558d748d984288db699e8ce36a9c957303b9043058816,bca004d67e520d879c4d17367b5436bb9f2383a4,V1R1,pulse_release,final_capture_requirements_enforced,6716da0b2cf47106d541f526f3ae258d46f820608290c7ceb563e121d41ee320,3b41a9fcf048eef0a5f29163b3ac3120fc95d8e624d85023bd77e2c035f76243,exported_pulse_npz,pulse_hhar_seed7_a_b.npz,pulse-har-v1,1,487dbf72bd5f999f8e10a8295e6ee1839ecafaf94f6ad7345be9ea18c5820048,internal_flash_versioned_artifact_replay_windows,float32,16,2,ncs-v3.4.0,4.4.0,14.3.0,speed,128000000,1000000,zephyr_64bit_api_grtc_syscounter_includes_sleep,HAR,6,4550,relu,mean,4,18200,18200,13616,18200,2,18200,208,24,128000000,0.00999999978,0.5,0.200000003,0,0.25,9.99999996e-13,8,xorshift32_uniform_positive_exact_ties,reset_each_repetition_public_seed_selection_s1_observation_n1_u_plus_or_minus_0.2,background_bhi360_accel_gyro_quaternion_100hz_not_model_input,5,100,20000,500,0,unencrypted_unbonded,dedicated_pulse_event_workqueue_plus_constant_time_bt_callbacks,dwt_active_core_counter_includes_preemption_and_interrupts,event_workqueue_cumulative_since_start_excludes_bt_rx_and_uart,full_tensor_fp32le_plus_crc,async_att_wall_plus_incremental_wire_crc,post_transfer_fp32le_decode,crc_validated_initiator_receipt_ack_at_responder,endpoint_submitted_or_accepted_not_over_air,firmware_att_value_boundary,post_event_export_handshake_excluded_from_protocol_counters,not_measured_no_ble_sniffer,automatic_campaign,0,after_go_guard_through_single_trial_cleanup_before_dump_guard,optional_gpio_or_firmware_timing,4096,4096,1,P1.14,P1.13,P1.12,P1.11,event,selection,encoder,head_forward_backward,serialization,radio,mixing,control,247,251,2,2,6,accepted_discovery,initiator,disconnected,1,head_serialization,4,wall_duration_us,us,97,97,97,0,97,0,0,0,1,1,f7a7c9363af841d6e3948ff0291cd0024060435a40fc1e8135c6500a2979f9e9,c6a402088c7806dd9c32772d39a4e731124cfce6764053c9c9de118b84e8d7ce,2695.41237113,2634,2633,2735,102,2882,2632,2952
199ea2dedb66682329f558d748d984288db699e8ce36a9c957303b9043058816,bca004d67e520d879c4d17367b5436bb9f2383a4,V1R1,pulse_release,final_capture_requirements_enforced,6716da0b2cf47106d541f526f3ae258d46f820608290c7ceb563e121d41ee320,3b41a9fcf048eef0a5f29163b3ac3120fc95d8e624d85023bd77e2c035f76243,exported_pulse_npz,pulse_hhar_seed7_a_b.npz,pulse-har-v1,1,487dbf72bd5f999f8e10a8295e6ee1839ecafaf94f6ad7345be9ea18c5820048,internal_flash_versioned_artifact_replay_windows,float32,16,2,ncs-v3.4.0,4.4.0,14.3.0,speed,128000000,1000000,zephyr_64bit_api_grtc_syscounter_includes_sleep,HAR,6,4550,relu,mean,4,18200,18200,13616,18200,2,18200,208,24,128000000,0.00999999978,0.5,0.200000003,0,0.25,9.99999996e-13,8,xorshift32_uniform_positive_exact_ties,reset_each_repetition_public_seed_selection_s1_observation_n1_u_plus_or_minus_0.2,background_bhi360_accel_gyro_quaternion_100hz_not_model_input,5,100,20000,500,0,unencrypted_unbonded,dedicated_pulse_event_workqueue_plus_constant_time_bt_callbacks,dwt_active_core_counter_includes_preemption_and_interrupts,event_workqueue_cumulative_since_start_excludes_bt_rx_and_uart,full_tensor_fp32le_plus_crc,async_att_wall_plus_incremental_wire_crc,post_transfer_fp32le_decode,crc_validated_initiator_receipt_ack_at_responder,endpoint_submitted_or_accepted_not_over_air,firmware_att_value_boundary,post_event_export_handshake_excluded_from_protocol_counters,not_measured_no_ble_sniffer,automatic_campaign,0,after_go_guard_through_single_trial_cleanup_before_dump_guard,optional_gpio_or_firmware_timing,4096,4096,1,P1.14,P1.13,P1.12,P1.11,event,selection,encoder,head_forward_backward,serialization,radio,mixing,control,247,251,2,2,6,accepted_discovery,initiator,disconnected,1,head_serialization,4,wall_startwall_end_counter,,1,97,97,0,97,0,0,0,1,1,f7a7c9363af841d6e3948ff0291cd0024060435a40fc1e8135c6500a2979f9e9,c6a402088c7806dd9c32772d39a4e731124cfce6764053c9c9de118b84e8d7ce,1159656355,1159656355,1159656355,1159656355,0,1159656355,1159656355,1159656355
199ea2dedb66682329f558d748d984288db699e8ce36a9c957303b9043058816,bca004d67e520d879c4d17367b5436bb9f2383a4,V1R1,pulse_release,final_capture_requirements_enforced,6716da0b2cf47106d541f526f3ae258d46f820608290c7ceb563e121d41ee320,3b41a9fcf048eef0a5f29163b3ac3120fc95d8e624d85023bd77e2c035f76243,exported_pulse_npz,pulse_hhar_seed7_a_b.npz,pulse-har-v1,1,487dbf72bd5f999f8e10a8295e6ee1839ecafaf94f6ad7345be9ea18c5820048,internal_flash_versioned_artifact_replay_windows,float32,16,2,ncs-v3.4.0,4.4.0,14.3.0,speed,128000000,1000000,zephyr_64bit_api_grtc_syscounter_includes_sleep,HAR,6,4550,relu,mean,4,18200,18200,13616,18200,2,18200,208,24,128000000,0.00999999978,0.5,0.200000003,0,0.25,9.99999996e-13,8,xorshift32_uniform_positive_exact_ties,reset_each_repetition_public_seed_selection_s1_observation_n1_u_plus_or_minus_0.2,background_bhi360_accel_gyro_quaternion_100hz_not_model_input,5,100,20000,500,0,unencrypted_unbonded,dedicated_pulse_event_workqueue_plus_constant_time_bt_callbacks,dwt_active_core_counter_includes_preemption_and_interrupts,event_workqueue_cumulative_since_start_excludes_bt_rx_and_uart,full_tensor_fp32le_plus_crc,async_att_wall_plus_incremental_wire_crc,post_transfer_fp32le_decode,crc_validated_initiator_receipt_ack_at_responder,endpoint_submitted_or_accepted_not_over_air,firmware_att_value_boundary,post_event_export_handshake_excluded_from_protocol_counters,not_measured_no_ble_sniffer,automatic_campaign,0,after_go_guard_through_single_trial_cleanup_before_dump_guard,optional_gpio_or_firmware_timing,4096,4096,1,P1.14,P1.13,P1.12,P1.11,event,selection,encoder,head_forward_backward,serialization,radio,mixing,control,247,251,2,2,6,accepted_discovery,initiator,disconnected,1,head_transfer,5,e,,1,100,100,0,100,0,0,0,1,1,f7a7c9363af841d6e3948ff0291cd0024060435a40fc1e8135c6500a2979f9e9,c6a402088c7806dd9c32772d39a4e731124cfce6764053c9c9de118b84e8d7ce,0,0,0,0,0,0,0,0
199ea2dedb66682329f558d748d984288db699e8ce36a9c957303b9043058816,bca004d67e520d879c4d17367b5436bb9f2383a4,V1R1,pulse_release,final_capture_requirements_enforced,6716da0b2cf47106d541f526f3ae258d46f820608290c7ceb563e121d41ee320,3b41a9fcf048eef0a5f29163b3ac3120fc95d8e624d85023bd77e2c035f76243,exported_pulse_npz,pulse_hhar_seed7_a_b.npz,pulse-har-v1,1,487dbf72bd5f999f8e10a8295e6ee1839ecafaf94f6ad7345be9ea18c5820048,internal_flash_versioned_artifact_replay_windows,float32,16,2,ncs-v3.4.0,4.4.0,14.3.0,speed,128000000,1000000,zephyr_64bit_api_grtc_syscounter_includes_sleep,HAR,6,4550,relu,mean,4,18200,18200,13616,18200,2,18200,208,24,128000000,0.00999999978,0.5,0.200000003,0,0.25,9.99999996e-13,8,xorshift32_uniform_positive_exact_ties,reset_each_repetition_public_seed_selection_s1_observation_n1_u_plus_or_minus_0.2,background_bhi360_accel_gyro_quaternion_100hz_not_model_input,5,100,20000,500,0,unencrypted_unbonded,dedicated_pulse_event_workqueue_plus_constant_time_bt_callbacks,dwt_active_core_counter_includes_preemption_and_interrupts,event_workqueue_cumulative_since_start_excludes_bt_rx_and_uart,full_tensor_fp32le_plus_crc,async_att_wall_plus_incremental_wire_crc,post_transfer_fp32le_decode,crc_validated_initiator_receipt_ack_at_responder,endpoint_submitted_or_accepted_not_over_air,firmware_att_value_boundary,post_event_export_handshake_excluded_from_protocol_counters,not_measured_no_ble_sniffer,automatic_campaign,0,after_go_guard_through_single_trial_cleanup_before_dump_guard,optional_gpio_or_firmware_timing,4096,4096,1,P1.14,P1.13,P1.12,P1.11,event,selection,encoder,head_forward_backward,serialization,radio,mixing,control,247,251,2,2,6,accepted_discovery,initiator,disconnected,1,head_transfer,5,wall_duration_us,us,100,100,100,0,100,0,0,0,1,1,f7a7c9363af841d6e3948ff0291cd0024060435a40fc1e8135c6500a2979f9e9,c6a402088c7806dd9c32772d39a4e731124cfce6764053c9c9de118b84e8d7ce,199518.06,199486,192237,199742.5,7505.5,222002.3,191985,229740
199ea2dedb66682329f558d748d984288db699e8ce36a9c957303b9043058816,bca004d67e520d879c4d17367b5436bb9f2383a4,V1R1,pulse_release,final_capture_requirements_enforced,6716da0b2cf47106d541f526f3ae258d46f820608290c7ceb563e121d41ee320,3b41a9fcf048eef0a5f29163b3ac3120fc95d8e624d85023bd77e2c035f76243,exported_pulse_npz,pulse_hhar_seed7_a_b.npz,pulse-har-v1,1,487dbf72bd5f999f8e10a8295e6ee1839ecafaf94f6ad7345be9ea18c5820048,internal_flash_versioned_artifact_replay_windows,float32,16,2,ncs-v3.4.0,4.4.0,14.3.0,speed,128000000,1000000,zephyr_64bit_api_grtc_syscounter_includes_sleep,HAR,6,4550,relu,mean,4,18200,18200,13616,18200,2,18200,208,24,128000000,0.00999999978,0.5,0.200000003,0,0.25,9.99999996e-13,8,xorshift32_uniform_positive_exact_ties,reset_each_repetition_public_seed_selection_s1_observation_n1_u_plus_or_minus_0.2,background_bhi360_accel_gyro_quaternion_100hz_not_model_input,5,100,20000,500,0,unencrypted_unbonded,dedicated_pulse_event_workqueue_plus_constant_time_bt_callbacks,dwt_active_core_counter_includes_preemption_and_interrupts,event_workqueue_cumulative_since_start_excludes_bt_rx_and_uart,full_tensor_fp32le_plus_crc,async_att_wall_plus_incremental_wire_crc,post_transfer_fp32le_decode,crc_validated_initiator_receipt_ack_at_responder,endpoint_submitted_or_accepted_not_over_air,firmware_att_value_boundary,post_event_export_handshake_excluded_from_protocol_counters,not_measured_no_ble_sniffer,automatic_campaign,0,after_go_guard_through_single_trial_cleanup_before_dump_guard,optional_gpio_or_firmware_timing,4096,4096,1,P1.14,P1.13,P1.12,P1.11,event,selection,encoder,head_forward_backward,serialization,radio,mixing,control,247,251,2,2,6,accepted_discovery,initiator,disconnected,1,initiator_encoder,2,wall_duration_us,us,99,99,99,0,99,0,0,0,1,1,f7a7c9363af841d6e3948ff0291cd0024060435a40fc1e8135c6500a2979f9e9,c6a402088c7806dd9c32772d39a4e731124cfce6764053c9c9de118b84e8d7ce,1740083.25253,1740108,1739842,1740360.5,518.5,1740624.7,1739276,1740737
199ea2dedb66682329f558d748d984288db699e8ce36a9c957303b9043058816,bca004d67e520d879c4d17367b5436bb9f2383a4,V1R1,pulse_release,final_capture_requirements_enforced,6716da0b2cf47106d541f526f3ae258d46f820608290c7ceb563e121d41ee320,3b41a9fcf048eef0a5f29163b3ac3120fc95d8e624d85023bd77e2c035f76243,exported_pulse_npz,pulse_hhar_seed7_a_b.npz,pulse-har-v1,1,487dbf72bd5f999f8e10a8295e6ee1839ecafaf94f6ad7345be9ea18c5820048,internal_flash_versioned_artifact_replay_windows,float32,16,2,ncs-v3.4.0,4.4.0,14.3.0,speed,128000000,1000000,zephyr_64bit_api_grtc_syscounter_includes_sleep,HAR,6,4550,relu,mean,4,18200,18200,13616,18200,2,18200,208,24,128000000,0.00999999978,0.5,0.200000003,0,0.25,9.99999996e-13,8,xorshift32_uniform_positive_exact_ties,reset_each_repetition_public_seed_selection_s1_observation_n1_u_plus_or_minus_0.2,background_bhi360_accel_gyro_quaternion_100hz_not_model_input,5,100,20000,500,0,unencrypted_unbonded,dedicated_pulse_event_workqueue_plus_constant_time_bt_callbacks,dwt_active_core_counter_includes_preemption_and_interrupts,event_workqueue_cumulative_since_start_excludes_bt_rx_and_uart,full_tensor_fp32le_plus_crc,async_att_wall_plus_incremental_wire_crc,post_transfer_fp32le_decode,crc_validated_initiator_receipt_ack_at_responder,endpoint_submitted_or_accepted_not_over_air,firmware_att_value_boundary,post_event_export_handshake_excluded_from_protocol_counters,not_measured_no_ble_sniffer,automatic_campaign,0,after_go_guard_through_single_trial_cleanup_before_dump_guard,optional_gpio_or_firmware_timing,4096,4096,1,P1.14,P1.13,P1.12,P1.11,event,selection,encoder,head_forward_backward,serialization,radio,mixing,control,247,251,2,2,6,accepted_discovery,initiator,disconnected,1,initiator_head_forward_backward,3,wall_duration_us,us,99,100,100,0,100,0,0,0,1,1,f7a7c9363af841d6e3948ff0291cd0024060435a40fc1e8135c6500a2979f9e9,c6a402088c7806dd9c32772d39a4e731124cfce6764053c9c9de118b84e8d7ce,12258.7878788,12170,12161,12347,186,12522,12130,12681
199ea2dedb66682329f558d748d984288db699e8ce36a9c957303b9043058816,bca004d67e520d879c4d17367b5436bb9f2383a4,V1R1,pulse_release,final_capture_requirements_enforced,6716da0b2cf47106d541f526f3ae258d46f820608290c7ceb563e121d41ee320,3b41a9fcf048eef0a5f29163b3ac3120fc95d8e624d85023bd77e2c035f76243,exported_pulse_npz,pulse_hhar_seed7_a_b.npz,pulse-har-v1,1,487dbf72bd5f999f8e10a8295e6ee1839ecafaf94f6ad7345be9ea18c5820048,internal_flash_versioned_artifact_replay_windows,float32,16,2,ncs-v3.4.0,4.4.0,14.3.0,speed,128000000,1000000,zephyr_64bit_api_grtc_syscounter_includes_sleep,HAR,6,4550,relu,mean,4,18200,18200,13616,18200,2,18200,208,24,128000000,0.00999999978,0.5,0.200000003,0,0.25,9.99999996e-13,8,xorshift32_uniform_positive_exact_ties,reset_each_repetition_public_seed_selection_s1_observation_n1_u_plus_or_minus_0.2,background_bhi360_accel_gyro_quaternion_100hz_not_model_input,5,100,20000,500,0,unencrypted_unbonded,dedicated_pulse_event_workqueue_plus_constant_time_bt_callbacks,dwt_active_core_counter_includes_preemption_and_interrupts,event_workqueue_cumulative_since_start_excludes_bt_rx_and_uart,full_tensor_fp32le_plus_crc,async_att_wall_plus_incremental_wire_crc,post_transfer_fp32le_decode,crc_validated_initiator_receipt_ack_at_responder,endpoint_submitted_or_accepted_not_over_air,firmware_att_value_boundary,post_event_export_handshake_excluded_from_protocol_counters,not_measured_no_ble_sniffer,automatic_campaign,0,after_go_guard_through_single_trial_cleanup_before_dump_guard,optional_gpio_or_firmware_timing,4096,4096,1,P1.14,P1.13,P1.12,P1.11,event,selection,encoder,head_forward_backward,serialization,radio,mixing,control,247,251,2,2,6,accepted_discovery,initiator,disconnected,1,mixing,6,wall_duration_us,us,98,100,100,0,100,0,0,0,1,1,f7a7c9363af841d6e3948ff0291cd0024060435a40fc1e8135c6500a2979f9e9,c6a402088c7806dd9c32772d39a4e731124cfce6764053c9c9de118b84e8d7ce,28036.9387755,28081,28028.75,28099.75,71,28164.3,27804,28184
199ea2dedb66682329f558d748d984288db699e8ce36a9c957303b9043058816,bca004d67e520d879c4d17367b5436bb9f2383a4,V1R1,pulse_release,final_capture_requirements_enforced,6716da0b2cf47106d541f526f3ae258d46f820608290c7ceb563e121d41ee320,3b41a9fcf048eef0a5f29163b3ac3120fc95d8e624d85023bd77e2c035f76243,exported_pulse_npz,pulse_hhar_seed7_a_b.npz,pulse-har-v1,1,487dbf72bd5f999f8e10a8295e6ee1839ecafaf94f6ad7345be9ea18c5820048,internal_flash_versioned_artifact_replay_windows,float32,16,2,ncs-v3.4.0,4.4.0,14.3.0,speed,128000000,1000000,zephyr_64bit_api_grtc_syscounter_includes_sleep,HAR,6,4550,relu,mean,4,18200,18200,13616,18200,2,18200,208,24,128000000,0.00999999978,0.5,0.200000003,0,0.25,9.99999996e-13,8,xorshift32_uniform_positive_exact_ties,reset_each_repetition_public_seed_selection_s1_observation_n1_u_plus_or_minus_0.2,background_bhi360_accel_gyro_quaternion_100hz_not_model_input,5,100,20000,500,0,unencrypted_unbonded,dedicated_pulse_event_workqueue_plus_constant_time_bt_callbacks,dwt_active_core_counter_includes_preemption_and_interrupts,event_workqueue_cumulative_since_start_excludes_bt_rx_and_uart,full_tensor_fp32le_plus_crc,async_att_wall_plus_incremental_wire_crc,post_transfer_fp32le_decode,crc_validated_initiator_receipt_ack_at_responder,endpoint_submitted_or_accepted_not_over_air,firmware_att_value_boundary,post_event_export_handshake_excluded_from_protocol_counters,not_measured_no_ble_sniffer,automatic_campaign,0,after_go_guard_through_single_trial_cleanup_before_dump_guard,optional_gpio_or_firmware_timing,4096,4096,1,P1.14,P1.13,P1.12,P1.11,event,selection,encoder,head_forward_backward,serialization,radio,mixing,control,247,251,2,2,6,accepted_discovery,initiator,disconnected,1,normalization,6,wall_duration_us,us,98,98,98,0,98,0,0,0,1,1,f7a7c9363af841d6e3948ff0291cd0024060435a40fc1e8135c6500a2979f9e9,c6a402088c7806dd9c32772d39a4e731124cfce6764053c9c9de118b84e8d7ce,21.1326530612,21,21,21,0,22,20,22
199ea2dedb66682329f558d748d984288db699e8ce36a9c957303b9043058816,bca004d67e520d879c4d17367b5436bb9f2383a4,V1R1,pulse_release,final_capture_requirements_enforced,6716da0b2cf47106d541f526f3ae258d46f820608290c7ceb563e121d41ee320,3b41a9fcf048eef0a5f29163b3ac3120fc95d8e624d85023bd77e2c035f76243,exported_pulse_npz,pulse_hhar_seed7_a_b.npz,pulse-har-v1,1,487dbf72bd5f999f8e10a8295e6ee1839ecafaf94f6ad7345be9ea18c5820048,internal_flash_versioned_artifact_replay_windows,float32,16,2,ncs-v3.4.0,4.4.0,14.3.0,speed,128000000,1000000,zephyr_64bit_api_grtc_syscounter_includes_sleep,HAR,6,4550,relu,mean,4,18200,18200,13616,18200,2,18200,208,24,128000000,0.00999999978,0.5,0.200000003,0,0.25,9.99999996e-13,8,xorshift32_uniform_positive_exact_ties,reset_each_repetition_public_seed_selection_s1_observation_n1_u_plus_or_minus_0.2,background_bhi360_accel_gyro_quaternion_100hz_not_model_input,5,100,20000,500,0,unencrypted_unbonded,dedicated_pulse_event_workqueue_plus_constant_time_bt_callbacks,dwt_active_core_counter_includes_preemption_and_interrupts,event_workqueue_cumulative_since_start_excludes_bt_rx_and_uart,full_tensor_fp32le_plus_crc,async_att_wall_plus_incremental_wire_crc,post_transfer_fp32le_decode,crc_validated_initiator_receipt_ack_at_responder,endpoint_submitted_or_accepted_not_over_air,firmware_att_value_boundary,post_event_export_handshake_excluded_from_protocol_counters,not_measured_no_ble_sniffer,automatic_campaign,0,after_go_guard_through_single_trial_cleanup_before_dump_guard,optional_gpio_or_firmware_timing,4096,4096,1,P1.14,P1.13,P1.12,P1.11,event,selection,encoder,head_forward_backward,serialization,radio,mixing,control,247,251,2,2,6,accepted_discovery,initiator,disconnected,1,peer_selection,1,wall_duration_us,us,99,99,99,0,99,0,0,0,1,1,f7a7c9363af841d6e3948ff0291cd0024060435a40fc1e8135c6500a2979f9e9,c6a402088c7806dd9c32772d39a4e731124cfce6764053c9c9de118b84e8d7ce,86.0202020202,79,79,79,0,80,79,334
199ea2dedb66682329f558d748d984288db699e8ce36a9c957303b9043058816,bca004d67e520d879c4d17367b5436bb9f2383a4,V1R1,pulse_release,final_capture_requirements_enforced,6716da0b2cf47106d541f526f3ae258d46f820608290c7ceb563e121d41ee320,3b41a9fcf048eef0a5f29163b3ac3120fc95d8e624d85023bd77e2c035f76243,exported_pulse_npz,pulse_hhar_seed7_a_b.npz,pulse-har-v1,1,487dbf72bd5f999f8e10a8295e6ee1839ecafaf94f6ad7345be9ea18c5820048,internal_flash_versioned_artifact_replay_windows,float32,16,2,ncs-v3.4.0,4.4.0,14.3.0,speed,128000000,1000000,zephyr_64bit_api_grtc_syscounter_includes_sleep,HAR,6,4550,relu,mean,4,18200,18200,13616,18200,2,18200,208,24,128000000,0.00999999978,0.5,0.200000003,0,0.25,9.99999996e-13,8,xorshift32_uniform_positive_exact_ties,reset_each_repetition_public_seed_selection_s1_observation_n1_u_plus_or_minus_0.2,background_bhi360_accel_gyro_quaternion_100hz_not_model_input,5,100,20000,500,0,unencrypted_unbonded,dedicated_pulse_event_workqueue_plus_constant_time_bt_callbacks,dwt_active_core_counter_includes_preemption_and_interrupts,event_workqueue_cumulative_since_start_excludes_bt_rx_and_uart,full_tensor_fp32le_plus_crc,async_att_wall_plus_incremental_wire_crc,post_transfer_fp32le_decode,crc_validated_initiator_receipt_ack_at_responder,endpoint_submitted_or_accepted_not_over_air,firmware_att_value_boundary,post_event_export_handshake_excluded_from_protocol_counters,not_measured_no_ble_sniffer,automatic_campaign,0,after_go_guard_through_single_trial_cleanup_before_dump_guard,optional_gpio_or_firmware_timing,4096,4096,1,P1.14,P1.13,P1.12,P1.11,event,selection,encoder,head_forward_backward,serialization,radio,mixing,control,247,251,2,2,6,accepted_discovery,initiator,disconnected,1,utility_update,6,wall_duration_us,us,97,97,97,0,97,0,0,0,1,1,f7a7c9363af841d6e3948ff0291cd0024060435a40fc1e8135c6500a2979f9e9,c6a402088c7806dd9c32772d39a4e731124cfce6764053c9c9de118b84e8d7ce,3.12371134021,3,3,3,0,4,3,4
199ea2dedb66682329f558d748d984288db699e8ce36a9c957303b9043058816,bca004d67e520d879c4d17367b5436bb9f2383a4,V1R1,pulse_release,final_capture_requirements_enforced,6716da0b2cf47106d541f526f3ae258d46f820608290c7ceb563e121d41ee320,3b41a9fcf048eef0a5f29163b3ac3120fc95d8e624d85023bd77e2c035f76243,exported_pulse_npz,pulse_hhar_seed7_a_b.npz,pulse-har-v1,1,487dbf72bd5f999f8e10a8295e6ee1839ecafaf94f6ad7345be9ea18c5820048,internal_flash_versioned_artifact_replay_windows,float32,16,2,ncs-v3.4.0,4.4.0,14.3.0,speed,128000000,1000000,zephyr_64bit_api_grtc_syscounter_includes_sleep,HAR,6,4550,relu,mean,4,18200,18200,13616,18200,2,18200,208,24,128000000,0.00999999978,0.5,0.200000003,0,0.25,9.99999996e-13,8,xorshift32_uniform_positive_exact_ties,reset_each_repetition_public_seed_selection_s1_observation_n1_u_plus_or_minus_0.2,background_bhi360_accel_gyro_quaternion_100hz_not_model_input,5,100,20000,500,0,unencrypted_unbonded,dedicated_pulse_event_workqueue_plus_constant_time_bt_callbacks,dwt_active_core_counter_includes_preemption_and_interrupts,event_workqueue_cumulative_since_start_excludes_bt_rx_and_uart,full_tensor_fp32le_plus_crc,async_att_wall_plus_incremental_wire_crc,post_transfer_fp32le_decode,crc_validated_initiator_receipt_ack_at_responder,endpoint_submitted_or_accepted_not_over_air,firmware_att_value_boundary,post_event_export_handshake_excluded_from_protocol_counters,not_measured_no_ble_sniffer,automatic_campaign,0,after_go_guard_through_single_trial_cleanup_before_dump_guard,optional_gpio_or_firmware_timing,4096,4096,1,P1.14,P1.13,P1.12,P1.11,event,selection,encoder,head_forward_backward,serialization,radio,mixing,control,247,251,2,2,6,accepted_discovery,responder,connected,,end_to_end,0,wall_duration_us,us,1,1,1,0,1,0,0,0,1,1,f7a7c9363af841d6e3948ff0291cd0024060435a40fc1e8135c6500a2979f9e9,c6a402088c7806dd9c32772d39a4e731124cfce6764053c9c9de118b84e8d7ce,3134930,3134930,3134930,3134930,0,3134930,3134930,3134930
199ea2dedb66682329f558d748d984288db699e8ce36a9c957303b9043058816,bca004d67e520d879c4d17367b5436bb9f2383a4,V1R1,pulse_release,final_capture_requirements_enforced,6716da0b2cf47106d541f526f3ae258d46f820608290c7ceb563e121d41ee320,3b41a9fcf048eef0a5f29163b3ac3120fc95d8e624d85023bd77e2c035f76243,exported_pulse_npz,pulse_hhar_seed7_a_b.npz,pulse-har-v1,1,487dbf72bd5f999f8e10a8295e6ee1839ecafaf94f6ad7345be9ea18c5820048,internal_flash_versioned_artifact_replay_windows,float32,16,2,ncs-v3.4.0,4.4.0,14.3.0,speed,128000000,1000000,zephyr_64bit_api_grtc_syscounter_includes_sleep,HAR,6,4550,relu,mean,4,18200,18200,13616,18200,2,18200,208,24,128000000,0.00999999978,0.5,0.200000003,0,0.25,9.99999996e-13,8,xorshift32_uniform_positive_exact_ties,reset_each_repetition_public_seed_selection_s1_observation_n1_u_plus_or_minus_0.2,background_bhi360_accel_gyro_quaternion_100hz_not_model_input,5,100,20000,500,0,unencrypted_unbonded,dedicated_pulse_event_workqueue_plus_constant_time_bt_callbacks,dwt_active_core_counter_includes_preemption_and_interrupts,event_workqueue_cumulative_since_start_excludes_bt_rx_and_uart,full_tensor_fp32le_plus_crc,async_att_wall_plus_incremental_wire_crc,post_transfer_fp32le_decode,crc_validated_initiator_receipt_ack_at_responder,endpoint_submitted_or_accepted_not_over_air,firmware_att_value_boundary,post_event_export_handshake_excluded_from_protocol_counters,not_measured_no_ble_sniffer,automatic_campaign,0,after_go_guard_through_single_trial_cleanup_before_dump_guard,optional_gpio_or_firmware_timing,4096,4096,1,P1.14,P1.13,P1.12,P1.11,event,selection,encoder,head_forward_backward,serialization,radio,mixing,control,247,251,2,2,6,accepted_discovery,responder,connected,,gradient_serialization,4,wall_duration_us,us,1,1,1,0,1,0,0,0,1,1,f7a7c9363af841d6e3948ff0291cd0024060435a40fc1e8135c6500a2979f9e9,c6a402088c7806dd9c32772d39a4e731124cfce6764053c9c9de118b84e8d7ce,2868,2868,2868,2868,0,2868,2868,2868
199ea2dedb66682329f558d748d984288db699e8ce36a9c957303b9043058816,bca004d67e520d879c4d17367b5436bb9f2383a4,V1R1,pulse_release,final_capture_requirements_enforced,6716da0b2cf47106d541f526f3ae258d46f820608290c7ceb563e121d41ee320,3b41a9fcf048eef0a5f29163b3ac3120fc95d8e624d85023bd77e2c035f76243,exported_pulse_npz,pulse_hhar_seed7_a_b.npz,pulse-har-v1,1,487dbf72bd5f999f8e10a8295e6ee1839ecafaf94f6ad7345be9ea18c5820048,internal_flash_versioned_artifact_replay_windows,float32,16,2,ncs-v3.4.0,4.4.0,14.3.0,speed,128000000,1000000,zephyr_64bit_api_grtc_syscounter_includes_sleep,HAR,6,4550,relu,mean,4,18200,18200,13616,18200,2,18200,208,24,128000000,0.00999999978,0.5,0.200000003,0,0.25,9.99999996e-13,8,xorshift32_uniform_positive_exact_ties,reset_each_repetition_public_seed_selection_s1_observation_n1_u_plus_or_minus_0.2,background_bhi360_accel_gyro_quaternion_100hz_not_model_input,5,100,20000,500,0,unencrypted_unbonded,dedicated_pulse_event_workqueue_plus_constant_time_bt_callbacks,dwt_active_core_counter_includes_preemption_and_interrupts,event_workqueue_cumulative_since_start_excludes_bt_rx_and_uart,full_tensor_fp32le_plus_crc,async_att_wall_plus_incremental_wire_crc,post_transfer_fp32le_decode,crc_validated_initiator_receipt_ack_at_responder,endpoint_submitted_or_accepted_not_over_air,firmware_att_value_boundary,post_event_export_handshake_excluded_from_protocol_counters,not_measured_no_ble_sniffer,automatic_campaign,0,after_go_guard_through_single_trial_cleanup_before_dump_guard,optional_gpio_or_firmware_timing,4096,4096,1,P1.14,P1.13,P1.12,P1.11,event,selection,encoder,head_forward_backward,serialization,radio,mixing,control,247,251,2,2,6,accepted_discovery,responder,connected,,gradient_transfer,5,wall_duration_us,us,1,1,1,0,1,0,0,0,1,1,f7a7c9363af841d6e3948ff0291cd0024060435a40fc1e8135c6500a2979f9e9,c6a402088c7806dd9c32772d39a4e731124cfce6764053c9c9de118b84e8d7ce,1187391,1187391,1187391,1187391,0,1187391,1187391,1187391
199ea2dedb66682329f558d748d984288db699e8ce36a9c957303b9043058816,bca004d67e520d879c4d17367b5436bb9f2383a4,V1R1,pulse_release,final_capture_requirements_enforced,6716da0b2cf47106d541f526f3ae258d46f820608290c7ceb563e121d41ee320,3b41a9fcf048eef0a5f29163b3ac3120fc95d8e624d85023bd77e2c035f76243,exported_pulse_npz,pulse_hhar_seed7_a_b.npz,pulse-har-v1,1,487dbf72bd5f999f8e10a8295e6ee1839ecafaf94f6ad7345be9ea18c5820048,internal_flash_versioned_artifact_replay_windows,float32,16,2,ncs-v3.4.0,4.4.0,14.3.0,speed,128000000,1000000,zephyr_64bit_api_grtc_syscounter_includes_sleep,HAR,6,4550,relu,mean,4,18200,18200,13616,18200,2,18200,208,24,128000000,0.00999999978,0.5,0.200000003,0,0.25,9.99999996e-13,8,xorshift32_uniform_positive_exact_ties,reset_each_repetition_public_seed_selection_s1_observation_n1_u_plus_or_minus_0.2,background_bhi360_accel_gyro_quaternion_100hz_not_model_input,5,100,20000,500,0,unencrypted_unbonded,dedicated_pulse_event_workqueue_plus_constant_time_bt_callbacks,dwt_active_core_counter_includes_preemption_and_interrupts,event_workqueue_cumulative_since_start_excludes_bt_rx_and_uart,full_tensor_fp32le_plus_crc,async_att_wall_plus_incremental_wire_crc,post_transfer_fp32le_decode,crc_validated_initiator_receipt_ack_at_responder,endpoint_submitted_or_accepted_not_over_air,firmware_att_value_boundary,post_event_export_handshake_excluded_from_protocol_counters,not_measured_no_ble_sniffer,automatic_campaign,0,after_go_guard_through_single_trial_cleanup_before_dump_guard,optional_gpio_or_firmware_timing,4096,4096,1,P1.14,P1.13,P1.12,P1.11,event,selection,encoder,head_forward_backward,serialization,radio,mixing,control,247,251,2,2,6,accepted_discovery,responder,connected,,head_deserialization,4,wall_duration_us,us,1,1,1,0,1,0,0,0,1,1,f7a7c9363af841d6e3948ff0291cd0024060435a40fc1e8135c6500a2979f9e9,c6a402088c7806dd9c32772d39a4e731124cfce6764053c9c9de118b84e8d7ce,215,215,215,215,0,215,215,215
199ea2dedb66682329f558d748d984288db699e8ce36a9c957303b9043058816,bca004d67e520d879c4d17367b5436bb9f2383a4,V1R1,pulse_release,final_capture_requirements_enforced,6716da0b2cf47106d541f526f3ae258d46f820608290c7ceb563e121d41ee320,3b41a9fcf048eef0a5f29163b3ac3120fc95d8e624d85023bd77e2c035f76243,exported_pulse_npz,pulse_hhar_seed7_a_b.npz,pulse-har-v1,1,487dbf72bd5f999f8e10a8295e6ee1839ecafaf94f6ad7345be9ea18c5820048,internal_flash_versioned_artifact_replay_windows,float32,16,2,ncs-v3.4.0,4.4.0,14.3.0,speed,128000000,1000000,zephyr_64bit_api_grtc_syscounter_includes_sleep,HAR,6,4550,relu,mean,4,18200,18200,13616,18200,2,18200,208,24,128000000,0.00999999978,0.5,0.200000003,0,0.25,9.99999996e-13,8,xorshift32_uniform_positive_exact_ties,reset_each_repetition_public_seed_selection_s1_observation_n1_u_plus_or_minus_0.2,background_bhi360_accel_gyro_quaternion_100hz_not_model_input,5,100,20000,500,0,unencrypted_unbonded,dedicated_pulse_event_workqueue_plus_constant_time_bt_callbacks,dwt_active_core_counter_includes_preemption_and_interrupts,event_workqueue_cumulative_since_start_excludes_bt_rx_and_uart,full_tensor_fp32le_plus_crc,async_att_wall_plus_incremental_wire_crc,post_transfer_fp32le_decode,crc_validated_initiator_receipt_ack_at_responder,endpoint_submitted_or_accepted_not_over_air,firmware_att_value_boundary,post_event_export_handshake_excluded_from_protocol_counters,not_measured_no_ble_sniffer,automatic_campaign,0,after_go_guard_through_single_trial_cleanup_before_dump_guard,optional_gpio_or_firmware_timing,4096,4096,1,P1.14,P1.13,P1.12,P1.11,event,selection,encoder,head_forward_backward,serialization,radio,mixing,control,247,251,2,2,6,accepted_discovery,responder,connected,,head_transfer,5,wall_duration_us,us,1,1,1,0,1,0,0,0,1,1,f7a7c9363af841d6e3948ff0291cd0024060435a40fc1e8135c6500a2979f9e9,c6a402088c7806dd9c32772d39a4e731124cfce6764053c9c9de118b84e8d7ce,191527,191527,191527,191527,0,191527,191527,191527
199ea2dedb66682329f558d748d984288db699e8ce36a9c957303b9043058816,bca004d67e520d879c4d17367b5436bb9f2383a4,V1R1,pulse_release,final_capture_requirements_enforced,6716da0b2cf47106d541f526f3ae258d46f820608290c7ceb563e121d41ee320,3b41a9fcf048eef0a5f29163b3ac3120fc95d8e624d85023bd77e2c035f76243,exported_pulse_npz,pulse_hhar_seed7_a_b.npz,pulse-har-v1,1,487dbf72bd5f999f8e10a8295e6ee1839ecafaf94f6ad7345be9ea18c5820048,internal_flash_versioned_artifact_replay_windows,float32,16,2,ncs-v3.4.0,4.4.0,14.3.0,speed,128000000,1000000,zephyr_64bit_api_grtc_syscounter_includes_sleep,HAR,6,4550,relu,mean,4,18200,18200,13616,18200,2,18200,208,24,128000000,0.00999999978,0.5,0.200000003,0,0.25,9.99999996e-13,8,xorshift32_uniform_positive_exact_ties,reset_each_repetition_public_seed_selection_s1_observation_n1_u_plus_or_minus_0.2,background_bhi360_accel_gyro_quaternion_100hz_not_model_input,5,100,20000,500,0,unencrypted_unbonded,dedicated_pulse_event_workqueue_plus_constant_time_bt_callbacks,dwt_active_core_counter_includes_preemption_and_interrupts,event_workqueue_cumulative_since_start_excludes_bt_rx_and_uart,full_tensor_fp32le_plus_crc,async_att_wall_plus_incremental_wire_crc,post_transfer_fp32le_decode,crc_validated_initiator_receipt_ack_at_responder,endpoint_submitted_or_accepted_not_over_air,firmware_att_value_boundary,post_event_export_handshake_excluded_from_protocol_counters,not_measured_no_ble_sniffer,automatic_campaign,0,after_go_guard_through_single_trial_cleanup_before_dump_guard,optional_gpio_or_firmware_timing,4096,4096,1,P1.14,P1.13,P1.12,P1.11,event,selection,encoder,head_forward_backward,serialization,radio,mixing,control,247,251,2,2,6,accepted_discovery,responder,connected,,responder_encoder,2,wall_duration_us,us,1,1,1,0,1,0,0,0,1,1,f7a7c9363af841d6e3948ff0291cd0024060435a40fc1e8135c6500a2979f9e9,c6a402088c7806dd9c32772d39a4e731124cfce6764053c9c9de118b84e8d7ce,1740330,1740330,1740330,1740330,0,1740330,1740330,1740330
199ea2dedb66682329f558d748d984288db699e8ce36a9c957303b9043058816,bca004d67e520d879c4d17367b5436bb9f2383a4,V1R1,pulse_release,final_capture_requirements_enforced,6716da0b2cf47106d541f526f3ae258d46f820608290c7ceb563e121d41ee320,3b41a9fcf048eef0a5f29163b3ac3120fc95d8e624d85023bd77e2c035f76243,exported_pulse_npz,pulse_hhar_seed7_a_b.npz,pulse-har-v1,1,487dbf72bd5f999f8e10a8295e6ee1839ecafaf94f6ad7345be9ea18c5820048,internal_flash_versioned_artifact_replay_windows,float32,16,2,ncs-v3.4.0,4.4.0,14.3.0,speed,128000000,1000000,zephyr_64bit_api_grtc_syscounter_includes_sleep,HAR,6,4550,relu,mean,4,18200,18200,13616,18200,2,18200,208,24,128000000,0.00999999978,0.5,0.200000003,0,0.25,9.99999996e-13,8,xorshift32_uniform_positive_exact_ties,reset_each_repetition_public_seed_selection_s1_observation_n1_u_plus_or_minus_0.2,background_bhi360_accel_gyro_quaternion_100hz_not_model_input,5,100,20000,500,0,unencrypted_unbonded,dedicated_pulse_event_workqueue_plus_constant_time_bt_callbacks,dwt_active_core_counter_includes_preemption_and_interrupts,event_workqueue_cumulative_since_start_excludes_bt_rx_and_uart,full_tensor_fp32le_plus_crc,async_att_wall_plus_incremental_wire_crc,post_transfer_fp32le_decode,crc_validated_initiator_receipt_ack_at_responder,endpoint_submitted_or_accepted_not_over_air,firmware_att_value_boundary,post_event_export_handshake_excluded_from_protocol_counters,not_measured_no_ble_sniffer,automatic_campaign,0,after_go_guard_through_single_trial_cleanup_before_dump_guard,optional_gpio_or_firmware_timing,4096,4096,1,P1.14,P1.13,P1.12,P1.11,event,selection,encoder,head_forward_backward,serialization,radio,mixing,control,247,251,2,2,6,accepted_discovery,responder,connected,,responder_head_forward_backward,3,wall_duration_us,us,1,1,1,0,1,0,0,0,1,1,f7a7c9363af841d6e3948ff0291cd0024060435a40fc1e8135c6500a2979f9e9,c6a402088c7806dd9c32772d39a4e731124cfce6764053c9c9de118b84e8d7ce,12376,12376,12376,12376,0,12376,12376,12376
199ea2dedb66682329f558d748d984288db699e8ce36a9c957303b9043058816,bca004d67e520d879c4d17367b5436bb9f2383a4,V1R1,pulse_release,final_capture_requirements_enforced,6716da0b2cf47106d541f526f3ae258d46f820608290c7ceb563e121d41ee320,3b41a9fcf048eef0a5f29163b3ac3120fc95d8e624d85023bd77e2c035f76243,exported_pulse_npz,pulse_hhar_seed7_a_b.npz,pulse-har-v1,1,487dbf72bd5f999f8e10a8295e6ee1839ecafaf94f6ad7345be9ea18c5820048,internal_flash_versioned_artifact_replay_windows,float32,16,2,ncs-v3.4.0,4.4.0,14.3.0,speed,128000000,1000000,zephyr_64bit_api_grtc_syscounter_includes_sleep,HAR,6,4550,relu,mean,4,18200,18200,13616,18200,2,18200,208,24,128000000,0.00999999978,0.5,0.200000003,0,0.25,9.99999996e-13,8,xorshift32_uniform_positive_exact_ties,reset_each_repetition_public_seed_selection_s1_observation_n1_u_plus_or_minus_0.2,background_bhi360_accel_gyro_quaternion_100hz_not_model_input,5,100,20000,500,0,unencrypted_unbonded,dedicated_pulse_event_workqueue_plus_constant_time_bt_callbacks,dwt_active_core_counter_includes_preemption_and_interrupts,event_workqueue_cumulative_since_start_excludes_bt_rx_and_uart,full_tensor_fp32le_plus_crc,async_att_wall_plus_incremental_wire_crc,post_transfer_fp32le_decode,crc_validated_initiator_receipt_ack_at_responder,endpoint_submitted_or_accepted_not_over_air,firmware_att_value_boundary,post_event_export_handshake_excluded_from_protocol_counters,not_measured_no_ble_sniffer,automatic_campaign,0,after_go_guard_through_single_trial_cleanup_before_dump_guard,optional_gpio_or_firmware_timing,4096,4096,1,P1.14,P1.13,P1.12,P1.11,event,selection,encoder,head_forward_backward,serialization,radio,mixing,control,247,251,2,2,6,accepted_discovery,responder,connected,1,,4,wall_duration_us,us,1,1,1,0,1,0,0,0,1,1,f7a7c9363af841d6e3948ff0291cd0024060435a40fc1e8135c6500a2979f9e9,c6a402088c7806dd9c32772d39a4e731124cfce6764053c9c9de118b84e8d7ce,2624,2624,2624,2624,0,2624,2624,2624
199ea2dedb66682329f558d748d984288db699e8ce36a9c957303b9043058816,bca004d67e520d879c4d17367b5436bb9f2383a4,V1R1,pulse_release,final_capture_requirements_enforced,6716da0b2cf47106d541f526f3ae258d46f820608290c7ceb563e121d41ee320,3b41a9fcf048eef0a5f29163b3ac3120fc95d8e624d85023bd77e2c035f76243,exported_pulse_npz,pulse_hhar_seed7_a_b.npz,pulse-har-v1,1,487dbf72bd5f999f8e10a8295e6ee1839ecafaf94f6ad7345be9ea18c5820048,internal_flash_versioned_artifact_replay_windows,float32,16,2,ncs-v3.4.0,4.4.0,14.3.0,speed,128000000,1000000,zephyr_64bit_api_grtc_syscounter_includes_sleep,HAR,6,4550,relu,mean,4,18200,18200,13616,18200,2,18200,208,24,128000000,0.00999999978,0.5,0.200000003,0,0.25,9.99999996e-13,8,xorshift32_uniform_positive_exact_ties,reset_each_repetition_public_seed_selection_s1_observation_n1_u_plus_or_minus_0.2,background_bhi360_accel_gyro_quaternion_100hz_not_model_input,5,100,20000,500,0,unencrypted_unbonded,dedicated_pulse_event_workqueue_plus_constant_time_bt_callbacks,dwt_active_core_counter_includes_preemption_and_interrupts,event_workqueue_cumulative_since_start_excludes_bt_rx_and_uart,full_tensor_fp32le_plus_crc,async_att_wall_plus_incremental_wire_crc,post_transfer_fp32le_decode,crc_validated_initiator_receipt_ack_at_responder,endpoint_submitted_or_accepted_not_over_air,firmware_att_value_boundary,post_event_export_handshake_excluded_from_protocol_counters,not_measured_no_ble_sniffer,automatic_campaign,0,after_go_guard_through_single_trial_cleanup_before_dump_guard,optional_gpio_or_firmware_timing,4096,4096,1,P1.14,P1.13,P1.12,P1.11,event,selection,encoder,head_forward_backward,serialization,radio,mixing,control,247,251,2,2,6,accepted_discovery,responder,connected,1,end_to_end,0,wall_duration_us,us,99,99,99,0,99,0,0,0,1,1,f7a7c9363af841d6e3948ff0291cd0024060435a40fc1e8135c6500a2979f9e9,c6a402088c7806dd9c32772d39a4e731124cfce6764053c9c9de118b84e8d7ce,3107429.15152,3097432,3089931.5,3119931,29999.5,3150679.8,3082398,3232428
199ea2dedb66682329f558d748d984288db699e8ce36a9c957303b9043058816,bca004d67e520d879c4d17367b5436bb9f2383a4,V1R1,pulse_release,final_capture_requirements_enforced,6716da0b2cf47106d541f526f3ae258d46f820608290c7ceb563e121d41ee320,3b41a9fcf048eef0a5f29163b3ac3120fc95d8e624d85023bd77e2c035f76243,exported_pulse_npz,pulse_hhar_seed7_a_b.npz,pulse-har-v1,1,487dbf72bd5f999f8e10a8295e6ee1839ecafaf94f6ad7345be9ea18c5820048,internal_flash_versioned_artifact_replay_windows,float32,16,2,ncs-v3.4.0,4.4.0,14.3.0,speed,128000000,1000000,zephyr_64bit_api_grtc_syscounter_includes_sleep,HAR,6,4550,relu,mean,4,18200,18200,13616,18200,2,18200,208,24,128000000,0.00999999978,0.5,0.200000003,0,0.25,9.99999996e-13,8,xorshift32_uniform_positive_exact_ties,reset_each_repetition_public_seed_selection_s1_observation_n1_u_plus_or_minus_0.2,background_bhi360_accel_gyro_quaternion_100hz_not_model_input,5,100,20000,500,0,unencrypted_unbonded,dedicated_pulse_event_workqueue_plus_constant_time_bt_callbacks,dwt_active_core_counter_includes_preemption_and_interrupts,event_workqueue_cumulative_since_start_excludes_bt_rx_and_uart,full_tensor_fp32le_plus_crc,async_att_wall_plus_incremental_wire_crc,post_transfer_fp32le_decode,crc_validated_initiator_receipt_ack_at_responder,endpoint_submitted_or_accepted_not_over_air,firmware_att_value_boundary,post_event_export_handshake_excluded_from_protocol_counters,not_measured_no_ble_sniffer,automatic_campaign,0,after_go_guard_through_single_trial_cleanup_before_dump_guard,optional_gpio_or_firmware_timing,4096,4096,1,P1.14,P1.13,P1.12,P1.11,event,selection,encoder,head_forward_backward,serialization,radio,mixing,control,247,251,2,2,6,accepted_discovery,responder,connected,1,gradient_serialization,4,cl_duration_us,us,1,97,97,0,96,0,1,0,1,1,f7a7c9363af841d6e3948ff0291cd0024060435a40fc1e8135c6500a2979f9e9,c6a402088c7806dd9c32772d39a4e731124cfce6764053c9c9de118b84e8d7ce,3086,3086,3086,3086,0,3086,3086,3086
199ea2dedb66682329f558d748d984288db699e8ce36a9c957303b9043058816,bca004d67e520d879c4d17367b5436bb9f2383a4,V1R1,pulse_release,final_capture_requirements_enforced,6716da0b2cf47106d541f526f3ae258d46f820608290c7ceb563e121d41ee320,3b41a9fcf048eef0a5f29163b3ac3120fc95d8e624d85023bd77e2c035f76243,exported_pulse_npz,pulse_hhar_seed7_a_b.npz,pulse-har-v1,1,487dbf72bd5f999f8e10a8295e6ee1839ecafaf94f6ad7345be9ea18c5820048,internal_flash_versioned_artifact_replay_windows,float32,16,2,ncs-v3.4.0,4.4.0,14.3.0,speed,128000000,1000000,zephyr_64bit_api_grtc_syscounter_includes_sleep,HAR,6,4550,relu,mean,4,18200,18200,13616,18200,2,18200,208,24,128000000,0.00999999978,0.5,0.200000003,0,0.25,9.99999996e-13,8,xorshift32_uniform_positive_exact_ties,reset_each_repetition_public_seed_selection_s1_observation_n1_u_plus_or_minus_0.2,background_bhi360_accel_gyro_quaternion_100hz_not_model_input,5,100,20000,500,0,unencrypted_unbonded,dedicated_pulse_event_workqueue_plus_constant_time_bt_callbacks,dwt_active_core_counter_includes_preemption_and_interrupts,event_workqueue_cumulative_since_start_excludes_bt_rx_and_uart,full_tensor_fp32le_plus_crc,async_att_wall_plus_incremental_wire_crc,post_transfer_fp32le_decode,crc_validated_initiator_receipt_ack_at_responder,endpoint_submitted_or_accepted_not_over_air,firmware_att_value_boundary,post_event_export_handshake_excluded_from_protocol_counters,not_measured_no_ble_sniffer,automatic_campaign,0,after_go_guard_through_single_trial_cleanup_before_dump_guard,optional_gpio_or_firmware_timing,4096,4096,1,P1.14,P1.13,P1.12,P1.11,event,selection,encoder,head_forward_backward,serialization,radio,mixing,control,247,251,2,2,6,accepted_discovery,responder,connected,1,gradient_serialization,4,sucycle_duration_us,us,1,97,97,0,96,0,1,0,1,1,f7a7c9363af841d6e3948ff0291cd0024060435a40fc1e8135c6500a2979f9e9,c6a402088c7806dd9c32772d39a4e731124cfce6764053c9c9de118b84e8d7ce,0,0,0,0,0,0,0,0
199ea2dedb66682329f558d748d984288db699e8ce36a9c957303b9043058816,bca004d67e520d879c4d17367b5436bb9f2383a4,V1R1,pulse_release,final_capture_requirements_enforced,6716da0b2cf47106d541f526f3ae258d46f820608290c7ceb563e121d41ee320,3b41a9fcf048eef0a5f29163b3ac3120fc95d8e624d85023bd77e2c035f76243,exported_pulse_npz,pulse_hhar_seed7_a_b.npz,pulse-har-v1,1,487dbf72bd5f999f8e10a8295e6ee1839ecafaf94f6ad7345be9ea18c5820048,internal_flash_versioned_artifact_replay_windows,float32,16,2,ncs-v3.4.0,4.4.0,14.3.0,speed,128000000,1000000,zephyr_64bit_api_grtc_syscounter_includes_sleep,HAR,6,4550,relu,mean,4,18200,18200,13616,18200,2,18200,208,24,128000000,0.00999999978,0.5,0.200000003,0,0.25,9.99999996e-13,8,xorshift32_uniform_positive_exact_ties,reset_each_repetition_public_seed_selection_s1_observation_n1_u_plus_or_minus_0.2,background_bhi360_accel_gyro_quaternion_100hz_not_model_input,5,100,20000,500,0,unencrypted_unbonded,dedicated_pulse_event_workqueue_plus_constant_time_bt_callbacks,dwt_active_core_counter_includes_preemption_and_interrupts,event_workqueue_cumulative_since_start_excludes_bt_rx_and_uart,full_tensor_fp32le_plus_crc,async_att_wall_plus_incremental_wire_crc,post_transfer_fp32le_decode,crc_validated_initiator_receipt_ack_at_responder,endpoint_submitted_or_accepted_not_over_air,firmware_att_value_boundary,post_event_export_handshake_excluded_from_protocol_counters,not_measured_no_ble_sniffer,automatic_campaign,0,after_go_guard_through_single_trial_cleanup_before_dump_guard,optional_gpio_or_firmware_timing,4096,4096,1,P1.14,P1.13,P1.12,P1.11,event,selection,encoder,head_forward_backward,serialization,radio,mixing,control,247,251,2,2,6,accepted_discovery,responder,connected,1,gradient_serialization,4,walcess,,1,97,97,0,96,0,1,0,1,1,f7a7c9363af841d6e3948ff0291cd0024060435a40fc1e8135c6500a2979f9e9,c6a402088c7806dd9c32772d39a4e731124cfce6764053c9c9de118b84e8d7ce,1,1,1,1,0,1,1,1
199ea2dedb66682329f558d748d984288db699e8ce36a9c957303b9043058816,bca004d67e520d879c4d17367b5436bb9f2383a4,V1R1,pulse_release,final_capture_requirements_enforced,6716da0b2cf47106d541f526f3ae258d46f820608290c7ceb563e121d41ee320,3b41a9fcf048eef0a5f29163b3ac3120fc95d8e624d85023bd77e2c035f76243,exported_pulse_npz,pulse_hhar_seed7_a_b.npz,pulse-har-v1,1,487dbf72bd5f999f8e10a8295e6ee1839ecafaf94f6ad7345be9ea18c5820048,internal_flash_versioned_artifact_replay_windows,float32,16,2,ncs-v3.4.0,4.4.0,14.3.0,speed,128000000,1000000,zephyr_64bit_api_grtc_syscounter_includes_sleep,HAR,6,4550,relu,mean,4,18200,18200,13616,18200,2,18200,208,24,128000000,0.00999999978,0.5,0.200000003,0,0.25,9.99999996e-13,8,xorshift32_uniform_positive_exact_ties,reset_each_repetition_public_seed_selection_s1_observation_n1_u_plus_or_minus_0.2,background_bhi360_accel_gyro_quaternion_100hz_not_model_input,5,100,20000,500,0,unencrypted_unbonded,dedicated_pulse_event_workqueue_plus_constant_time_bt_callbacks,dwt_active_core_counter_includes_preemption_and_interrupts,event_workqueue_cumulative_since_start_excludes_bt_rx_and_uart,full_tensor_fp32le_plus_crc,async_att_wall_plus_incremental_wire_crc,post_transfer_fp32le_decode,crc_validated_initiator_receipt_ack_at_responder,endpoint_submitted_or_accepted_not_over_air,firmware_att_value_boundary,post_event_export_handshake_excluded_from_protocol_counters,not_measured_no_ble_sniffer,automatic_campaign,0,after_go_guard_through_single_trial_cleanup_before_dump_guard,optional_gpio_or_firmware_timing,4096,4096,1,P1.14,P1.13,P1.12,P1.11,event,selection,encoder,head_forward_backward,serialization,radio,mixing,control,247,251,2,2,6,accepted_discovery,responder,connected,1,gradient_serialization,4,wall_duration_us,us,96,97,97,0,96,0,1,0,1,1,f7a7c9363af841d6e3948ff0291cd0024060435a40fc1e8135c6500a2979f9e9,c6a402088c7806dd9c32772d39a4e731124cfce6764053c9c9de118b84e8d7ce,2764.375,2802.5,2623,2867,244,3075.25,2621,3094
199ea2dedb66682329f558d748d984288db699e8ce36a9c957303b9043058816,bca004d67e520d879c4d17367b5436bb9f2383a4,V1R1,pulse_release,final_capture_requirements_enforced,6716da0b2cf47106d541f526f3ae258d46f820608290c7ceb563e121d41ee320,3b41a9fcf048eef0a5f29163b3ac3120fc95d8e624d85023bd77e2c035f76243,exported_pulse_npz,pulse_hhar_seed7_a_b.npz,pulse-har-v1,1,487dbf72bd5f999f8e10a8295e6ee1839ecafaf94f6ad7345be9ea18c5820048,internal_flash_versioned_artifact_replay_windows,float32,16,2,ncs-v3.4.0,4.4.0,14.3.0,speed,128000000,1000000,zephyr_64bit_api_grtc_syscounter_includes_sleep,HAR,6,4550,relu,mean,4,18200,18200,13616,18200,2,18200,208,24,128000000,0.00999999978,0.5,0.200000003,0,0.25,9.99999996e-13,8,xorshift32_uniform_positive_exact_ties,reset_each_repetition_public_seed_selection_s1_observation_n1_u_plus_or_minus_0.2,background_bhi360_accel_gyro_quaternion_100hz_not_model_input,5,100,20000,500,0,unencrypted_unbonded,dedicated_pulse_event_workqueue_plus_constant_time_bt_callbacks,dwt_active_core_counter_includes_preemption_and_interrupts,event_workqueue_cumulative_since_start_excludes_bt_rx_and_uart,full_tensor_fp32le_plus_crc,async_att_wall_plus_incremental_wire_crc,post_transfer_fp32le_decode,crc_validated_initiator_receipt_ack_at_responder,endpoint_submitted_or_accepted_not_over_air,firmware_att_value_boundary,post_event_export_handshake_excluded_from_protocol_counters,not_measured_no_ble_sniffer,automatic_campaign,0,after_go_guard_through_single_trial_cleanup_before_dump_guard,optional_gpio_or_firmware_timing,4096,4096,1,P1.14,P1.13,P1.12,P1.11,event,selection,encoder,head_forward_backward,serialization,radio,mixing,control,247,251,2,2,6,accepted_discovery,responder,connected,1,gradient_transfer,5,wall_duration_us,us,98,98,98,0,98,0,0,0,1,1,f7a7c9363af841d6e3948ff0291cd0024060435a40fc1e8135c6500a2979f9e9,c6a402088c7806dd9c32772d39a4e731124cfce6764053c9c9de118b84e8d7ce,1161733.86735,1153119.5,1146674.25,1168390,21715.75,1203801.8,1141789,1274370
199ea2dedb66682329f558d748d984288db699e8ce36a9c957303b9043058816,bca004d67e520d879c4d17367b5436bb9f2383a4,V1R1,pulse_release,final_capture_requirements_enforced,6716da0b2cf47106d541f526f3ae258d46f820608290c7ceb563e121d41ee320,3b41a9fcf048eef0a5f29163b3ac3120fc95d8e624d85023bd77e2c035f76243,exported_pulse_npz,pulse_hhar_seed7_a_b.npz,pulse-har-v1,1,487dbf72bd5f999f8e10a8295e6ee1839ecafaf94f6ad7345be9ea18c5820048,internal_flash_versioned_artifact_replay_windows,float32,16,2,ncs-v3.4.0,4.4.0,14.3.0,speed,128000000,1000000,zephyr_64bit_api_grtc_syscounter_includes_sleep,HAR,6,4550,relu,mean,4,18200,18200,13616,18200,2,18200,208,24,128000000,0.00999999978,0.5,0.200000003,0,0.25,9.99999996e-13,8,xorshift32_uniform_positive_exact_ties,reset_each_repetition_public_seed_selection_s1_observation_n1_u_plus_or_minus_0.2,background_bhi360_accel_gyro_quaternion_100hz_not_model_input,5,100,20000,500,0,unencrypted_unbonded,dedicated_pulse_event_workqueue_plus_constant_time_bt_callbacks,dwt_active_core_counter_includes_preemption_and_interrupts,event_workqueue_cumulative_since_start_excludes_bt_rx_and_uart,full_tensor_fp32le_plus_crc,async_att_wall_plus_incremental_wire_crc,post_transfer_fp32le_decode,crc_validated_initiator_receipt_ack_at_responder,endpoint_submitted_or_accepted_not_over_air,firmware_att_value_boundary,post_event_export_handshake_excluded_from_protocol_counters,not_measured_no_ble_sniffer,automatic_campaign,0,after_go_guard_through_single_trial_cleanup_before_dump_guard,optional_gpio_or_firmware_timing,4096,4096,1,P1.14,P1.13,P1.12,P1.11,event,selection,encoder,head_forward_backward,serialization,radio,mixing,control,247,251,2,2,6,accepted_discovery,responder,connected,1,head_d1739805,2,,,0,1,1,0,1,0,0,0,1,1,f7a7c9363af841d6e3948ff0291cd0024060435a40fc1e8135c6500a2979f9e9,c6a402088c7806dd9c32772d39a4e731124cfce6764053c9c9de118b84e8d7ce,,,,,,,,
199ea2dedb66682329f558d748d984288db699e8ce36a9c957303b9043058816,bca004d67e520d879c4d17367b5436bb9f2383a4,V1R1,pulse_release,final_capture_requirements_enforced,6716da0b2cf47106d541f526f3ae258d46f820608290c7ceb563e121d41ee320,3b41a9fcf048eef0a5f29163b3ac3120fc95d8e624d85023bd77e2c035f76243,exported_pulse_npz,pulse_hhar_seed7_a_b.npz,pulse-har-v1,1,487dbf72bd5f999f8e10a8295e6ee1839ecafaf94f6ad7345be9ea18c5820048,internal_flash_versioned_artifact_replay_windows,float32,16,2,ncs-v3.4.0,4.4.0,14.3.0,speed,128000000,1000000,zephyr_64bit_api_grtc_syscounter_includes_sleep,HAR,6,4550,relu,mean,4,18200,18200,13616,18200,2,18200,208,24,128000000,0.00999999978,0.5,0.200000003,0,0.25,9.99999996e-13,8,xorshift32_uniform_positive_exact_ties,reset_each_repetition_public_seed_selection_s1_observation_n1_u_plus_or_minus_0.2,background_bhi360_accel_gyro_quaternion_100hz_not_model_input,5,100,20000,500,0,unencrypted_unbonded,dedicated_pulse_event_workqueue_plus_constant_time_bt_callbacks,dwt_active_core_counter_includes_preemption_and_interrupts,event_workqueue_cumulative_since_start_excludes_bt_rx_and_uart,full_tensor_fp32le_plus_crc,async_att_wall_plus_incremental_wire_crc,post_transfer_fp32le_decode,crc_validated_initiator_receipt_ack_at_responder,endpoint_submitted_or_accepted_not_over_air,firmware_att_value_boundary,post_event_export_handshake_excluded_from_protocol_counters,not_measured_no_ble_sniffer,automatic_campaign,0,after_go_guard_through_single_trial_cleanup_before_dump_guard,optional_gpio_or_firmware_timing,4096,4096,1,P1.14,P1.13,P1.12,P1.11,event,selection,encoder,head_forward_backward,serialization,radio,mixing,control,247,251,2,2,6,accepted_discovery,responder,connected,1,head_deserialization,4,wall_duration_us,us,98,98,98,0,98,0,0,0,1,1,f7a7c9363af841d6e3948ff0291cd0024060435a40fc1e8135c6500a2979f9e9,c6a402088c7806dd9c32772d39a4e731124cfce6764053c9c9de118b84e8d7ce,220.43877551,215,215,215,0,226.7,214,437
199ea2dedb66682329f558d748d984288db699e8ce36a9c957303b9043058816,bca004d67e520d879c4d17367b5436bb9f2383a4,V1R1,pulse_release,final_capture_requirements_enforced,6716da0b2cf47106d541f526f3ae258d46f820608290c7ceb563e121d41ee320,3b41a9fcf048eef0a5f29163b3ac3120fc95d8e624d85023bd77e2c035f76243,exported_pulse_npz,pulse_hhar_seed7_a_b.npz,pulse-har-v1,1,487dbf72bd5f999f8e10a8295e6ee1839ecafaf94f6ad7345be9ea18c5820048,internal_flash_versioned_artifact_replay_windows,float32,16,2,ncs-v3.4.0,4.4.0,14.3.0,speed,128000000,1000000,zephyr_64bit_api_grtc_syscounter_includes_sleep,HAR,6,4550,relu,mean,4,18200,18200,13616,18200,2,18200,208,24,128000000,0.00999999978,0.5,0.200000003,0,0.25,9.99999996e-13,8,xorshift32_uniform_positive_exact_ties,reset_each_repetition_public_seed_selection_s1_observation_n1_u_plus_or_minus_0.2,background_bhi360_accel_gyro_quaternion_100hz_not_model_input,5,100,20000,500,0,unencrypted_unbonded,dedicated_pulse_event_workqueue_plus_constant_time_bt_callbacks,dwt_active_core_counter_includes_preemption_and_interrupts,event_workqueue_cumulative_since_start_excludes_bt_rx_and_uart,full_tensor_fp32le_plus_crc,async_att_wall_plus_incremental_wire_crc,post_transfer_fp32le_decode,crc_validated_initiator_receipt_ack_at_responder,endpoint_submitted_or_accepted_not_over_air,firmware_att_value_boundary,post_event_export_handshake_excluded_from_protocol_counters,not_measured_no_ble_sniffer,automatic_campaign,0,after_go_guard_through_single_trial_cleanup_before_dump_guard,optional_gpio_or_firmware_timing,4096,4096,1,P1.14,P1.13,P1.12,P1.11,event,selection,encoder,head_forward_backward,serialization,radio,mixing,control,247,251,2,2,6,accepted_discovery,responder,connected,1,head_transfe0,r,wall_duration_us,us,1,1,1,0,1,0,0,0,1,1,f7a7c9363af841d6e3948ff0291cd0024060435a40fc1e8135c6500a2979f9e9,c6a402088c7806dd9c32772d39a4e731124cfce6764053c9c9de118b84e8d7ce,184027,184027,184027,184027,0,184027,184027,184027
199ea2dedb66682329f558d748d984288db699e8ce36a9c957303b9043058816,bca004d67e520d879c4d17367b5436bb9f2383a4,V1R1,pulse_release,final_capture_requirements_enforced,6716da0b2cf47106d541f526f3ae258d46f820608290c7ceb563e121d41ee320,3b41a9fcf048eef0a5f29163b3ac3120fc95d8e624d85023bd77e2c035f76243,exported_pulse_npz,pulse_hhar_seed7_a_b.npz,pulse-har-v1,1,487dbf72bd5f999f8e10a8295e6ee1839ecafaf94f6ad7345be9ea18c5820048,internal_flash_versioned_artifact_replay_windows,float32,16,2,ncs-v3.4.0,4.4.0,14.3.0,speed,128000000,1000000,zephyr_64bit_api_grtc_syscounter_includes_sleep,HAR,6,4550,relu,mean,4,18200,18200,13616,18200,2,18200,208,24,128000000,0.00999999978,0.5,0.200000003,0,0.25,9.99999996e-13,8,xorshift32_uniform_positive_exact_ties,reset_each_repetition_public_seed_selection_s1_observation_n1_u_plus_or_minus_0.2,background_bhi360_accel_gyro_quaternion_100hz_not_model_input,5,100,20000,500,0,unencrypted_unbonded,dedicated_pulse_event_workqueue_plus_constant_time_bt_callbacks,dwt_active_core_counter_includes_preemption_and_interrupts,event_workqueue_cumulative_since_start_excludes_bt_rx_and_uart,full_tensor_fp32le_plus_crc,async_att_wall_plus_incremental_wire_crc,post_transfer_fp32le_decode,crc_validated_initiator_receipt_ack_at_responder,endpoint_submitted_or_accepted_not_over_air,firmware_att_value_boundary,post_event_export_handshake_excluded_from_protocol_counters,not_measured_no_ble_sniffer,automatic_campaign,0,after_go_guard_through_single_trial_cleanup_before_dump_guard,optional_gpio_or_firmware_timing,4096,4096,1,P1.14,P1.13,P1.12,P1.11,event,selection,encoder,head_forward_backward,serialization,radio,mixing,control,247,251,2,2,6,accepted_discovery,responder,connected,1,head_transfer,5,cycle_duration_usart_counter,,1,97,97,0,97,0,0,0,1,1,f7a7c9363af841d6e3948ff0291cd0024060435a40fc1e8135c6500a2979f9e9,c6a402088c7806dd9c32772d39a4e731124cfce6764053c9c9de118b84e8d7ce,1207379351,1207379351,1207379351,1207379351,0,1207379351,1207379351,1207379351
199ea2dedb66682329f558d748d984288db699e8ce36a9c957303b9043058816,bca004d67e520d879c4d17367b5436bb9f2383a4,V1R1,pulse_release,final_capture_requirements_enforced,6716da0b2cf47106d541f526f3ae258d46f820608290c7ceb563e121d41ee320,3b41a9fcf048eef0a5f29163b3ac3120fc95d8e624d85023bd77e2c035f76243,exported_pulse_npz,pulse_hhar_seed7_a_b.npz,pulse-har-v1,1,487dbf72bd5f999f8e10a8295e6ee1839ecafaf94f6ad7345be9ea18c5820048,internal_flash_versioned_artifact_replay_windows,float32,16,2,ncs-v3.4.0,4.4.0,14.3.0,speed,128000000,1000000,zephyr_64bit_api_grtc_syscounter_includes_sleep,HAR,6,4550,relu,mean,4,18200,18200,13616,18200,2,18200,208,24,128000000,0.00999999978,0.5,0.200000003,0,0.25,9.99999996e-13,8,xorshift32_uniform_positive_exact_ties,reset_each_repetition_public_seed_selection_s1_observation_n1_u_plus_or_minus_0.2,background_bhi360_accel_gyro_quaternion_100hz_not_model_input,5,100,20000,500,0,unencrypted_unbonded,dedicated_pulse_event_workqueue_plus_constant_time_bt_callbacks,dwt_active_core_counter_includes_preemption_and_interrupts,event_workqueue_cumulative_since_start_excludes_bt_rx_and_uart,full_tensor_fp32le_plus_crc,async_att_wall_plus_incremental_wire_crc,post_transfer_fp32le_decode,crc_validated_initiator_receipt_ack_at_responder,endpoint_submitted_or_accepted_not_over_air,firmware_att_value_boundary,post_event_export_handshake_excluded_from_protocol_counters,not_measured_no_ble_sniffer,automatic_campaign,0,after_go_guard_through_single_trial_cleanup_before_dump_guard,optional_gpio_or_firmware_timing,4096,4096,1,P1.14,P1.13,P1.12,P1.11,event,selection,encoder,head_forward_backward,serialization,radio,mixing,control,247,251,2,2,6,accepted_discovery,responder,connected,1,head_transfer,5,wall_duration_us,us,97,97,97,0,97,0,0,0,1,1,f7a7c9363af841d6e3948ff0291cd0024060435a40fc1e8135c6500a2979f9e9,c6a402088c7806dd9c32772d39a4e731124cfce6764053c9c9de118b84e8d7ce,190060.876289,187370,184026,191527,7501,209858,183987,220132
199ea2dedb66682329f558d748d984288db699e8ce36a9c957303b9043058816,bca004d67e520d879c4d17367b5436bb9f2383a4,V1R1,pulse_release,final_capture_requirements_enforced,6716da0b2cf47106d541f526f3ae258d46f820608290c7ceb563e121d41ee320,3b41a9fcf048eef0a5f29163b3ac3120fc95d8e624d85023bd77e2c035f76243,exported_pulse_npz,pulse_hhar_seed7_a_b.npz,pulse-har-v1,1,487dbf72bd5f999f8e10a8295e6ee1839ecafaf94f6ad7345be9ea18c5820048,internal_flash_versioned_artifact_replay_windows,float32,16,2,ncs-v3.4.0,4.4.0,14.3.0,speed,128000000,1000000,zephyr_64bit_api_grtc_syscounter_includes_sleep,HAR,6,4550,relu,mean,4,18200,18200,13616,18200,2,18200,208,24,128000000,0.00999999978,0.5,0.200000003,0,0.25,9.99999996e-13,8,xorshift32_uniform_positive_exact_ties,reset_each_repetition_public_seed_selection_s1_observation_n1_u_plus_or_minus_0.2,background_bhi360_accel_gyro_quaternion_100hz_not_model_input,5,100,20000,500,0,unencrypted_unbonded,dedicated_pulse_event_workqueue_plus_constant_time_bt_callbacks,dwt_active_core_counter_includes_preemption_and_interrupts,event_workqueue_cumulative_since_start_excludes_bt_rx_and_uart,full_tensor_fp32le_plus_crc,async_att_wall_plus_incremental_wire_crc,post_transfer_fp32le_decode,crc_validated_initiator_receipt_ack_at_responder,endpoint_submitted_or_accepted_not_over_air,firmware_att_value_boundary,post_event_export_handshake_excluded_from_protocol_counters,not_measured_no_ble_sniffer,automatic_campaign,0,after_go_guard_through_single_trial_cleanup_before_dump_guard,optional_gpio_or_firmware_timing,4096,4096,1,P1.14,P1.13,P1.12,P1.11,event,selection,encoder,head_forward_backward,serialization,radio,mixing,control,247,251,2,2,6,accepted_discovery,responder,connected,1,head_transfer,5,wall_e,,1,97,97,0,97,0,0,0,1,1,f7a7c9363af841d6e3948ff0291cd0024060435a40fc1e8135c6500a2979f9e9,c6a402088c7806dd9c32772d39a4e731124cfce6764053c9c9de118b84e8d7ce,0,0,0,0,0,0,0,0
199ea2dedb66682329f558d748d984288db699e8ce36a9c957303b9043058816,bca004d67e520d879c4d17367b5436bb9f2383a4,V1R1,pulse_release,final_capture_requirements_enforced,6716da0b2cf47106d541f526f3ae258d46f820608290c7ceb563e121d41ee320,3b41a9fcf048eef0a5f29163b3ac3120fc95d8e624d85023bd77e2c035f76243,exported_pulse_npz,pulse_hhar_seed7_a_b.npz,pulse-har-v1,1,487dbf72bd5f999f8e10a8295e6ee1839ecafaf94f6ad7345be9ea18c5820048,internal_flash_versioned_artifact_replay_windows,float32,16,2,ncs-v3.4.0,4.4.0,14.3.0,speed,128000000,1000000,zephyr_64bit_api_grtc_syscounter_includes_sleep,HAR,6,4550,relu,mean,4,18200,18200,13616,18200,2,18200,208,24,128000000,0.00999999978,0.5,0.200000003,0,0.25,9.99999996e-13,8,xorshift32_uniform_positive_exact_ties,reset_each_repetition_public_seed_selection_s1_observation_n1_u_plus_or_minus_0.2,background_bhi360_accel_gyro_quaternion_100hz_not_model_input,5,100,20000,500,0,unencrypted_unbonded,dedicated_pulse_event_workqueue_plus_constant_time_bt_callbacks,dwt_active_core_counter_includes_preemption_and_interrupts,event_workqueue_cumulative_since_start_excludes_bt_rx_and_uart,full_tensor_fp32le_plus_crc,async_att_wall_plus_incremental_wire_crc,post_transfer_fp32le_decode,crc_validated_initiator_receipt_ack_at_responder,endpoint_submitted_or_accepted_not_over_air,firmware_att_value_boundary,post_event_export_handshake_excluded_from_protocol_counters,not_measured_no_ble_sniffer,automatic_campaign,0,after_go_guard_through_single_trial_cleanup_before_dump_guard,optional_gpio_or_firmware_timing,4096,4096,1,P1.14,P1.13,P1.12,P1.11,event,selection,encoder,head_forward_backward,serialization,radio,mixing,control,247,251,2,2,6,accepted_discovery,responder,connected,1,head_transfer,5,wall_stnd_counter,,1,97,97,0,97,0,0,0,1,1,f7a7c9363af841d6e3948ff0291cd0024060435a40fc1e8135c6500a2979f9e9,c6a402088c7806dd9c32772d39a4e731124cfce6764053c9c9de118b84e8d7ce,1207593342,1207593342,1207593342,1207593342,0,1207593342,1207593342,1207593342
199ea2dedb66682329f558d748d984288db699e8ce36a9c957303b9043058816,bca004d67e520d879c4d17367b5436bb9f2383a4,V1R1,pulse_release,final_capture_requirements_enforced,6716da0b2cf47106d541f526f3ae258d46f820608290c7ceb563e121d41ee320,3b41a9fcf048eef0a5f29163b3ac3120fc95d8e624d85023bd77e2c035f76243,exported_pulse_npz,pulse_hhar_seed7_a_b.npz,pulse-har-v1,1,487dbf72bd5f999f8e10a8295e6ee1839ecafaf94f6ad7345be9ea18c5820048,internal_flash_versioned_artifact_replay_windows,float32,16,2,ncs-v3.4.0,4.4.0,14.3.0,speed,128000000,1000000,zephyr_64bit_api_grtc_syscounter_includes_sleep,HAR,6,4550,relu,mean,4,18200,18200,13616,18200,2,18200,208,24,128000000,0.00999999978,0.5,0.200000003,0,0.25,9.99999996e-13,8,xorshift32_uniform_positive_exact_ties,reset_each_repetition_public_seed_selection_s1_observation_n1_u_plus_or_minus_0.2,background_bhi360_accel_gyro_quaternion_100hz_not_model_input,5,100,20000,500,0,unencrypted_unbonded,dedicated_pulse_event_workqueue_plus_constant_time_bt_callbacks,dwt_active_core_counter_includes_preemption_and_interrupts,event_workqueue_cumulative_since_start_excludes_bt_rx_and_uart,full_tensor_fp32le_plus_crc,async_att_wall_plus_incremental_wire_crc,post_transfer_fp32le_decode,crc_validated_initiator_receipt_ack_at_responder,endpoint_submitted_or_accepted_not_over_air,firmware_att_value_boundary,post_event_export_handshake_excluded_from_protocol_counters,not_measured_no_ble_sniffer,automatic_campaign,0,after_go_guard_through_single_trial_cleanup_before_dump_guard,optional_gpio_or_firmware_timing,4096,4096,1,P1.14,P1.13,P1.12,P1.11,event,selection,encoder,head_forward_backward,serialization,radio,mixing,control,247,251,2,2,6,accepted_discovery,responder,connected,1,responder_encoder,,e_code,,1,1,1,0,0,0,1,,1,1,f7a7c9363af841d6e3948ff0291cd0024060435a40fc1e8135c6500a2979f9e9,c6a402088c7806dd9c32772d39a4e731124cfce6764053c9c9de118b84e8d7ce,2,2,2,2,0,2,2,2
199ea2dedb66682329f558d748d984288db699e8ce36a9c957303b9043058816,bca004d67e520d879c4d17367b5436bb9f2383a4,V1R1,pulse_release,final_capture_requirements_enforced,6716da0b2cf47106d541f526f3ae258d46f820608290c7ceb563e121d41ee320,3b41a9fcf048eef0a5f29163b3ac3120fc95d8e624d85023bd77e2c035f76243,exported_pulse_npz,pulse_hhar_seed7_a_b.npz,pulse-har-v1,1,487dbf72bd5f999f8e10a8295e6ee1839ecafaf94f6ad7345be9ea18c5820048,internal_flash_versioned_artifact_replay_windows,float32,16,2,ncs-v3.4.0,4.4.0,14.3.0,speed,128000000,1000000,zephyr_64bit_api_grtc_syscounter_includes_sleep,HAR,6,4550,relu,mean,4,18200,18200,13616,18200,2,18200,208,24,128000000,0.00999999978,0.5,0.200000003,0,0.25,9.99999996e-13,8,xorshift32_uniform_positive_exact_ties,reset_each_repetition_public_seed_selection_s1_observation_n1_u_plus_or_minus_0.2,background_bhi360_accel_gyro_quaternion_100hz_not_model_input,5,100,20000,500,0,unencrypted_unbonded,dedicated_pulse_event_workqueue_plus_constant_time_bt_callbacks,dwt_active_core_counter_includes_preemption_and_interrupts,event_workqueue_cumulative_since_start_excludes_bt_rx_and_uart,full_tensor_fp32le_plus_crc,async_att_wall_plus_incremental_wire_crc,post_transfer_fp32le_decode,crc_validated_initiator_receipt_ack_at_responder,endpoint_submitted_or_accepted_not_over_air,firmware_att_value_boundary,post_event_export_handshake_excluded_from_protocol_counters,not_measured_no_ble_sniffer,automatic_campaign,0,after_go_guard_through_single_trial_cleanup_before_dump_guard,optional_gpio_or_firmware_timing,4096,4096,1,P1.14,P1.13,P1.12,P1.11,event,selection,encoder,head_forward_backward,serialization,radio,mixing,control,247,251,2,2,6,accepted_discovery,responder,connected,1,responder_encoder,,sucstagcess,,1,1,1,0,0,0,1,,1,1,f7a7c9363af841d6e3948ff0291cd0024060435a40fc1e8135c6500a2979f9e9,c6a402088c7806dd9c32772d39a4e731124cfce6764053c9c9de118b84e8d7ce,1,1,1,1,0,1,1,1
199ea2dedb66682329f558d748d984288db699e8ce36a9c957303b9043058816,bca004d67e520d879c4d17367b5436bb9f2383a4,V1R1,pulse_release,final_capture_requirements_enforced,6716da0b2cf47106d541f526f3ae258d46f820608290c7ceb563e121d41ee320,3b41a9fcf048eef0a5f29163b3ac3120fc95d8e624d85023bd77e2c035f76243,exported_pulse_npz,pulse_hhar_seed7_a_b.npz,pulse-har-v1,1,487dbf72bd5f999f8e10a8295e6ee1839ecafaf94f6ad7345be9ea18c5820048,internal_flash_versioned_artifact_replay_windows,float32,16,2,ncs-v3.4.0,4.4.0,14.3.0,speed,128000000,1000000,zephyr_64bit_api_grtc_syscounter_includes_sleep,HAR,6,4550,relu,mean,4,18200,18200,13616,18200,2,18200,208,24,128000000,0.00999999978,0.5,0.200000003,0,0.25,9.99999996e-13,8,xorshift32_uniform_positive_exact_ties,reset_each_repetition_public_seed_selection_s1_observation_n1_u_plus_or_minus_0.2,background_bhi360_accel_gyro_quaternion_100hz_not_model_input,5,100,20000,500,0,unencrypted_unbonded,dedicated_pulse_event_workqueue_plus_constant_time_bt_callbacks,dwt_active_core_counter_includes_preemption_and_interrupts,event_workqueue_cumulative_since_start_excludes_bt_rx_and_uart,full_tensor_fp32le_plus_crc,async_att_wall_plus_incremental_wire_crc,post_transfer_fp32le_decode,crc_validated_initiator_receipt_ack_at_responder,endpoint_submitted_or_accepted_not_over_air,firmware_att_value_boundary,post_event_export_handshake_excluded_from_protocol_counters,not_measured_no_ble_sniffer,automatic_campaign,0,after_go_guard_through_single_trial_cleanup_before_dump_guard,optional_gpio_or_firmware_timing,4096,4096,1,P1.14,P1.13,P1.12,P1.11,event,selection,encoder,head_forward_backward,serialization,radio,mixing,control,247,251,2,2,6,accepted_discovery,responder,connected,1,responder_encoder,,wall_duration_us,us,1,1,1,0,0,0,1,,1,1,f7a7c9363af841d6e3948ff0291cd0024060435a40fc1e8135c6500a2979f9e9,c6a402088c7806dd9c32772d39a4e731124cfce6764053c9c9de118b84e8d7ce,1740161,1740161,1740161,1740161,0,1740161,1740161,1740161
199ea2dedb66682329f558d748d984288db699e8ce36a9c957303b9043058816,bca004d67e520d879c4d17367b5436bb9f2383a4,V1R1,pulse_release,final_capture_requirements_enforced,6716da0b2cf47106d541f526f3ae258d46f820608290c7ceb563e121d41ee320,3b41a9fcf048eef0a5f29163b3ac3120fc95d8e624d85023bd77e2c035f76243,exported_pulse_npz,pulse_hhar_seed7_a_b.npz,pulse-har-v1,1,487dbf72bd5f999f8e10a8295e6ee1839ecafaf94f6ad7345be9ea18c5820048,internal_flash_versioned_artifact_replay_windows,float32,16,2,ncs-v3.4.0,4.4.0,14.3.0,speed,128000000,1000000,zephyr_64bit_api_grtc_syscounter_includes_sleep,HAR,6,4550,relu,mean,4,18200,18200,13616,18200,2,18200,208,24,128000000,0.00999999978,0.5,0.200000003,0,0.25,9.99999996e-13,8,xorshift32_uniform_positive_exact_ties,reset_each_repetition_public_seed_selection_s1_observation_n1_u_plus_or_minus_0.2,background_bhi360_accel_gyro_quaternion_100hz_not_model_input,5,100,20000,500,0,unencrypted_unbonded,dedicated_pulse_event_workqueue_plus_constant_time_bt_callbacks,dwt_active_core_counter_includes_preemption_and_interrupts,event_workqueue_cumulative_since_start_excludes_bt_rx_and_uart,full_tensor_fp32le_plus_crc,async_att_wall_plus_incremental_wire_crc,post_transfer_fp32le_decode,crc_validated_initiator_receipt_ack_at_responder,endpoint_submitted_or_accepted_not_over_air,firmware_att_value_boundary,post_event_export_handshake_excluded_from_protocol_counters,not_measured_no_ble_sniffer,automatic_campaign,0,after_go_guard_through_single_trial_cleanup_before_dump_guard,optional_gpio_or_firmware_timing,4096,4096,1,P1.14,P1.13,P1.12,P1.11,event,selection,encoder,head_forward_backward,serialization,radio,mixing,control,247,251,2,2,6,accepted_discovery,responder,connected,1,responder_encoder,2,wall_duration_us,us,96,96,96,0,96,0,0,0,1,1,f7a7c9363af841d6e3948ff0291cd0024060435a40fc1e8135c6500a2979f9e9,c6a402088c7806dd9c32772d39a4e731124cfce6764053c9c9de118b84e8d7ce,1740340.21875,1740329,1740072,1740536.75,464.75,1740949.5,1739632,1741591
199ea2dedb66682329f558d748d984288db699e8ce36a9c957303b9043058816,bca004d67e520d879c4d17367b5436bb9f2383a4,V1R1,pulse_release,final_capture_requirements_enforced,6716da0b2cf47106d541f526f3ae258d46f820608290c7ceb563e121d41ee320,3b41a9fcf048eef0a5f29163b3ac3120fc95d8e624d85023bd77e2c035f76243,exported_pulse_npz,pulse_hhar_seed7_a_b.npz,pulse-har-v1,1,487dbf72bd5f999f8e10a8295e6ee1839ecafaf94f6ad7345be9ea18c5820048,internal_flash_versioned_artifact_replay_windows,float32,16,2,ncs-v3.4.0,4.4.0,14.3.0,speed,128000000,1000000,zephyr_64bit_api_grtc_syscounter_includes_sleep,HAR,6,4550,relu,mean,4,18200,18200,13616,18200,2,18200,208,24,128000000,0.00999999978,0.5,0.200000003,0,0.25,9.99999996e-13,8,xorshift32_uniform_positive_exact_ties,reset_each_repetition_public_seed_selection_s1_observation_n1_u_plus_or_minus_0.2,background_bhi360_accel_gyro_quaternion_100hz_not_model_input,5,100,20000,500,0,unencrypted_unbonded,dedicated_pulse_event_workqueue_plus_constant_time_bt_callbacks,dwt_active_core_counter_includes_preemption_and_interrupts,event_workqueue_cumulative_since_start_excludes_bt_rx_and_uart,full_tensor_fp32le_plus_crc,async_att_wall_plus_incremental_wire_crc,post_transfer_fp32le_decode,crc_validated_initiator_receipt_ack_at_responder,endpoint_submitted_or_accepted_not_over_air,firmware_att_value_boundary,post_event_export_handshake_excluded_from_protocol_counters,not_measured_no_ble_sniffer,automatic_campaign,0,after_go_guard_through_single_trial_cleanup_before_dump_guard,optional_gpio_or_firmware_timing,4096,4096,1,P1.14,P1.13,P1.12,P1.11,event,selection,encoder,head_forward_backward,serialization,radio,mixing,control,247,251,2,2,6,accepted_discovery,responder,connected,1,responder_encs=0,2,cycleer,,1,1,1,0,1,0,0,0,1,1,f7a7c9363af841d6e3948ff0291cd0024060435a40fc1e8135c6500a2979f9e9,c6a402088c7806dd9c32772d39a4e731124cfce6764053c9c9de118b84e8d7ce,1363941210,1363941210,1363941210,1363941210,0,1363941210,1363941210,1363941210
199ea2dedb66682329f558d748d984288db699e8ce36a9c957303b9043058816,bca004d67e520d879c4d17367b5436bb9f2383a4,V1R1,pulse_release,final_capture_requirements_enforced,6716da0b2cf47106d541f526f3ae258d46f820608290c7ceb563e121d41ee320,3b41a9fcf048eef0a5f29163b3ac3120fc95d8e624d85023bd77e2c035f76243,exported_pulse_npz,pulse_hhar_seed7_a_b.npz,pulse-har-v1,1,487dbf72bd5f999f8e10a8295e6ee1839ecafaf94f6ad7345be9ea18c5820048,internal_flash_versioned_artifact_replay_windows,float32,16,2,ncs-v3.4.0,4.4.0,14.3.0,speed,128000000,1000000,zephyr_64bit_api_grtc_syscounter_includes_sleep,HAR,6,4550,relu,mean,4,18200,18200,13616,18200,2,18200,208,24,128000000,0.00999999978,0.5,0.200000003,0,0.25,9.99999996e-13,8,xorshift32_uniform_positive_exact_ties,reset_each_repetition_public_seed_selection_s1_observation_n1_u_plus_or_minus_0.2,background_bhi360_accel_gyro_quaternion_100hz_not_model_input,5,100,20000,500,0,unencrypted_unbonded,dedicated_pulse_event_workqueue_plus_constant_time_bt_callbacks,dwt_active_core_counter_includes_preemption_and_interrupts,event_workqueue_cumulative_since_start_excludes_bt_rx_and_uart,full_tensor_fp32le_plus_crc,async_att_wall_plus_incremental_wire_crc,post_transfer_fp32le_decode,crc_validated_initiator_receipt_ack_at_responder,endpoint_submitted_or_accepted_not_over_air,firmware_att_value_boundary,post_event_export_handshake_excluded_from_protocol_counters,not_measured_no_ble_sniffer,automatic_campaign,0,after_go_guard_through_single_trial_cleanup_before_dump_guard,optional_gpio_or_firmware_timing,4096,4096,1,P1.14,P1.13,P1.12,P1.11,event,selection,encoder,head_forward_backward,serialization,radio,mixing,control,247,251,2,2,6,accepted_discovery,responder,connected,1,responder_encs=0,2,wall_duration_us,us,1,1,1,0,1,0,0,0,1,1,f7a7c9363af841d6e3948ff0291cd0024060435a40fc1e8135c6500a2979f9e9,c6a402088c7806dd9c32772d39a4e731124cfce6764053c9c9de118b84e8d7ce,1740036,1740036,1740036,1740036,0,1740036,1740036,1740036
199ea2dedb66682329f558d748d984288db699e8ce36a9c957303b9043058816,bca004d67e520d879c4d17367b5436bb9f2383a4,V1R1,pulse_release,final_capture_requirements_enforced,6716da0b2cf47106d541f526f3ae258d46f820608290c7ceb563e121d41ee320,3b41a9fcf048eef0a5f29163b3ac3120fc95d8e624d85023bd77e2c035f76243,exported_pulse_npz,pulse_hhar_seed7_a_b.npz,pulse-har-v1,1,487dbf72bd5f999f8e10a8295e6ee1839ecafaf94f6ad7345be9ea18c5820048,internal_flash_versioned_artifact_replay_windows,float32,16,2,ncs-v3.4.0,4.4.0,14.3.0,speed,128000000,1000000,zephyr_64bit_api_grtc_syscounter_includes_sleep,HAR,6,4550,relu,mean,4,18200,18200,13616,18200,2,18200,208,24,128000000,0.00999999978,0.5,0.200000003,0,0.25,9.99999996e-13,8,xorshift32_uniform_positive_exact_ties,reset_each_repetition_public_seed_selection_s1_observation_n1_u_plus_or_minus_0.2,background_bhi360_accel_gyro_quaternion_100hz_not_model_input,5,100,20000,500,0,unencrypted_unbonded,dedicated_pulse_event_workqueue_plus_constant_time_bt_callbacks,dwt_active_core_counter_includes_preemption_and_interrupts,event_workqueue_cumulative_since_start_excludes_bt_rx_and_uart,full_tensor_fp32le_plus_crc,async_att_wall_plus_incremental_wire_crc,post_transfer_fp32le_decode,crc_validated_initiator_receipt_ack_at_responder,endpoint_submitted_or_accepted_not_over_air,firmware_att_value_boundary,post_event_export_handshake_excluded_from_protocol_counters,not_measured_no_ble_sniffer,automatic_campaign,0,after_go_guard_through_single_trial_cleanup_before_dump_guard,optional_gpio_or_firmware_timing,4096,4096,1,P1.14,P1.13,P1.12,P1.11,event,selection,encoder,head_forward_backward,serialization,radio,mixing,control,247,251,2,2,6,accepted_discovery,responder,connected,1,responder_head_forward_backward,3,wall_duration_us,us,99,99,99,0,99,0,0,0,1,1,f7a7c9363af841d6e3948ff0291cd0024060435a40fc1e8135c6500a2979f9e9,c6a402088c7806dd9c32772d39a4e731124cfce6764053c9c9de118b84e8d7ce,12376.9292929,12377,12342.5,12409.5,67,12632.2,12114,12704
199ea2dedb66682329f558d748d984288db699e8ce36a9c957303b9043058816,bca004d67e520d879c4d17367b5436bb9f2383a4,V1R1,pulse_release,final_capture_requirements_enforced,6716da0b2cf47106d541f526f3ae258d46f820608290c7ceb563e121d41ee320,3b41a9fcf048eef0a5f29163b3ac3120fc95d8e624d85023bd77e2c035f76243,exported_pulse_npz,pulse_hhar_seed7_a_b.npz,pulse-har-v1,1,487dbf72bd5f999f8e10a8295e6ee1839ecafaf94f6ad7345be9ea18c5820048,internal_flash_versioned_artifact_replay_windows,float32,16,2,ncs-v3.4.0,4.4.0,14.3.0,speed,128000000,1000000,zephyr_64bit_api_grtc_syscounter_includes_sleep,HAR,6,4550,relu,mean,4,18200,18200,13616,18200,2,18200,208,24,128000000,0.00999999978,0.5,0.200000003,0,0.25,9.99999996e-13,8,xorshift32_uniform_positive_exact_ties,reset_each_repetition_public_seed_selection_s1_observation_n1_u_plus_or_minus_0.2,background_bhi360_accel_gyro_quaternion_100hz_not_model_input,5,100,20000,500,0,unencrypted_unbonded,dedicated_pulse_event_workqueue_plus_constant_time_bt_callbacks,dwt_active_core_counter_includes_preemption_and_interrupts,event_workqueue_cumulative_since_start_excludes_bt_rx_and_uart,full_tensor_fp32le_plus_crc,async_att_wall_plus_incremental_wire_crc,post_transfer_fp32le_decode,crc_validated_initiator_receipt_ack_at_responder,endpoint_submitted_or_accepted_not_over_air,firmware_att_value_boundary,post_event_export_handshake_excluded_from_protocol_counters,not_measured_no_ble_sniffer,automatic_campaign,0,after_go_guard_through_single_trial_cleanup_before_dump_guard,optional_gpio_or_firmware_timing,4096,4096,1,P1.14,P1.13,P1.12,P1.11,event,selection,encoder,head_forward_backward,serialization,radio,mixing,control,247,251,2,2,6,accrole=respup=1,responder,connected,1,responder_head_forward_backward,3,wall_duration_us,us,1,1,1,0,1,0,0,0,1,1,f7a7c9363af841d6e3948ff0291cd0024060435a40fc1e8135c6500a2979f9e9,c6a402088c7806dd9c32772d39a4e731124cfce6764053c9c9de118b84e8d7ce,12464,12464,12464,12464,0,12464,12464,12464
199ea2dedb66682329f558d748d984288db699e8ce36a9c957303b9043058816,bca004d67e520d879c4d17367b5436bb9f2383a4,V1R1,pulse_release,final_capture_requirements_enforced,6716da0b2cf47106d541f526f3ae258d46f820608290c7ceb563e121d41ee320,3b41a9fcf048eef0a5f29163b3ac3120fc95d8e624d85023bd77e2c035f76243,exported_pulse_npz,pulse_hhar_seed7_a_b.npz,pulse-har-v1,1,487dbf72bd5f999f8e10a8295e6ee1839ecafaf94f6ad7345be9ea18c5820048,internal_flash_versioned_artifact_replay_windows,float32,16,2,ncs-v3.4.0,4.4.0,14.3.0,speed,128000000,1000000,zephyr_64bit_api_grtc_syscounter_includes_sleep,HAR,6,4550,relu,mean,4,18200,18200,13616,18200,2,18200,208,24,128000000,0.00999999978,0.5,0.200000003,0,0.25,9.99999996e-13,8,xorshift32_uniform_positive_exact_ties,reset_each_repetition_public_seed_selection_s1_observation_n1_u_plus_or_minus_0.2,background_bhi360_accel_gyro_quaternion_100hz_not_model_input,5,100,20000,500,0,unencrypted_unbonded,dedicated_pulse_event_workqueue_plus_constant_time_bt_callbacks,dwt_active_core_counter_includes_preemption_and_interrupts,event_workqueue_cumulative_since_start_excludes_bt_rx_and_uart,full_tensor_fp32le_plus_crc,async_att_wall_plus_incremental_wire_crc,post_transfer_fp32le_decode,crc_validated_initiator_receipt_ack_at_responder,endpoint_submitted_or_accepted_not_over_air,firmware_att_value_boundary,post_event_export_handshake_excluded_from_protocol_counters,not_measured_no_ble_sniffer,automatic_campaign,0,after_go_guard_through_single_trial_cleanup_before_dump_guard,optional_gpio_or_firmware_timing,4096,4096,1,P1.14,P1.13,P1.12,P1.11,event,selection,encoder,head_forward_backward,serialization,radio,mixing,control,247,251,2,2,6,local,local,connected,,end_to_end,0,wall_duration_us,us,2,2,2,0,2,0,0,0,1,1,f7a7c9363af841d6e3948ff0291cd0024060435a40fc1e8135c6500a2979f9e9,c6a402088c7806dd9c32772d39a4e731124cfce6764053c9c9de118b84e8d7ce,3538265,3538265,3537469.5,3539060.5,1591,3539696.9,3536674,3539856
199ea2dedb66682329f558d748d984288db699e8ce36a9c957303b9043058816,bca004d67e520d879c4d17367b5436bb9f2383a4,V1R1,pulse_release,final_capture_requirements_enforced,6716da0b2cf47106d541f526f3ae258d46f820608290c7ceb563e121d41ee320,3b41a9fcf048eef0a5f29163b3ac3120fc95d8e624d85023bd77e2c035f76243,exported_pulse_npz,pulse_hhar_seed7_a_b.npz,pulse-har-v1,1,487dbf72bd5f999f8e10a8295e6ee1839ecafaf94f6ad7345be9ea18c5820048,internal_flash_versioned_artifact_replay_windows,float32,16,2,ncs-v3.4.0,4.4.0,14.3.0,speed,128000000,1000000,zephyr_64bit_api_grtc_syscounter_includes_sleep,HAR,6,4550,relu,mean,4,18200,18200,13616,18200,2,18200,208,24,128000000,0.00999999978,0.5,0.200000003,0,0.25,9.99999996e-13,8,xorshift32_uniform_positive_exact_ties,reset_each_repetition_public_seed_selection_s1_observation_n1_u_plus_or_minus_0.2,background_bhi360_accel_gyro_quaternion_100hz_not_model_input,5,100,20000,500,0,unencrypted_unbonded,dedicated_pulse_event_workqueue_plus_constant_time_bt_callbacks,dwt_active_core_counter_includes_preemption_and_interrupts,event_workqueue_cumulative_since_start_excludes_bt_rx_and_uart,full_tensor_fp32le_plus_crc,async_att_wall_plus_incremental_wire_crc,post_transfer_fp32le_decode,crc_validated_initiator_receipt_ack_at_responder,endpoint_submitted_or_accepted_not_over_air,firmware_att_value_boundary,post_event_export_handshake_excluded_from_protocol_counters,not_measured_no_ble_sniffer,automatic_campaign,0,after_go_guard_through_single_trial_cleanup_before_dump_guard,optional_gpio_or_firmware_timing,4096,4096,1,P1.14,P1.13,P1.12,P1.11,event,selection,encoder,head_forward_backward,serialization,radio,mixing,control,247,251,2,2,6,local,local,connected,,local_step_1_encoder,2,wall_duration_us,us,2,2,2,0,2,0,0,0,1,1,f7a7c9363af841d6e3948ff0291cd0024060435a40fc1e8135c6500a2979f9e9,c6a402088c7806dd9c32772d39a4e731124cfce6764053c9c9de118b84e8d7ce,1740041,1740041,1739654.5,1740427.5,773,1740736.7,1739268,1740814
199ea2dedb66682329f558d748d984288db699e8ce36a9c957303b9043058816,bca004d67e520d879c4d17367b5436bb9f2383a4,V1R1,pulse_release,final_capture_requirements_enforced,6716da0b2cf47106d541f526f3ae258d46f820608290c7ceb563e121d41ee320,3b41a9fcf048eef0a5f29163b3ac3120fc95d8e624d85023bd77e2c035f76243,exported_pulse_npz,pulse_hhar_seed7_a_b.npz,pulse-har-v1,1,487dbf72bd5f999f8e10a8295e6ee1839ecafaf94f6ad7345be9ea18c5820048,internal_flash_versioned_artifact_replay_windows,float32,16,2,ncs-v3.4.0,4.4.0,14.3.0,speed,128000000,1000000,zephyr_64bit_api_grtc_syscounter_includes_sleep,HAR,6,4550,relu,mean,4,18200,18200,13616,18200,2,18200,208,24,128000000,0.00999999978,0.5,0.200000003,0,0.25,9.99999996e-13,8,xorshift32_uniform_positive_exact_ties,reset_each_repetition_public_seed_selection_s1_observation_n1_u_plus_or_minus_0.2,background_bhi360_accel_gyro_quaternion_100hz_not_model_input,5,100,20000,500,0,unencrypted_unbonded,dedicated_pulse_event_workqueue_plus_constant_time_bt_callbacks,dwt_active_core_counter_includes_preemption_and_interrupts,event_workqueue_cumulative_since_start_excludes_bt_rx_and_uart,full_tensor_fp32le_plus_crc,async_att_wall_plus_incremental_wire_crc,post_transfer_fp32le_decode,crc_validated_initiator_receipt_ack_at_responder,endpoint_submitted_or_accepted_not_over_air,firmware_att_value_boundary,post_event_export_handshake_excluded_from_protocol_counters,not_measured_no_ble_sniffer,automatic_campaign,0,after_go_guard_through_single_trial_cleanup_before_dump_guard,optional_gpio_or_firmware_timing,4096,4096,1,P1.14,P1.13,P1.12,P1.11,event,selection,encoder,head_forward_backward,serialization,radio,mixing,control,247,251,2,2,6,local,local,connected,,local_step_1_head_forward_backward,3,wall_duration_us,us,2,2,2,0,2,0,0,0,1,1,f7a7c9363af841d6e3948ff0291cd0024060435a40fc1e8135c6500a2979f9e9,c6a402088c7806dd9c32772d39a4e731124cfce6764053c9c9de118b84e8d7ce,12264,12264,12206.5,12321.5,115,12367.5,12149,12379
199ea2dedb66682329f558d748d984288db699e8ce36a9c957303b9043058816,bca004d67e520d879c4d17367b5436bb9f2383a4,V1R1,pulse_release,final_capture_requirements_enforced,6716da0b2cf47106d541f526f3ae258d46f820608290c7ceb563e121d41ee320,3b41a9fcf048eef0a5f29163b3ac3120fc95d8e624d85023bd77e2c035f76243,exported_pulse_npz,pulse_hhar_seed7_a_b.npz,pulse-har-v1,1,487dbf72bd5f999f8e10a8295e6ee1839ecafaf94f6ad7345be9ea18c5820048,internal_flash_versioned_artifact_replay_windows,float32,16,2,ncs-v3.4.0,4.4.0,14.3.0,speed,128000000,1000000,zephyr_64bit_api_grtc_syscounter_includes_sleep,HAR,6,4550,relu,mean,4,18200,18200,13616,18200,2,18200,208,24,128000000,0.00999999978,0.5,0.200000003,0,0.25,9.99999996e-13,8,xorshift32_uniform_positive_exact_ties,reset_each_repetition_public_seed_selection_s1_observation_n1_u_plus_or_minus_0.2,background_bhi360_accel_gyro_quaternion_100hz_not_model_input,5,100,20000,500,0,unencrypted_unbonded,dedicated_pulse_event_workqueue_plus_constant_time_bt_callbacks,dwt_active_core_counter_includes_preemption_and_interrupts,event_workqueue_cumulative_since_start_excludes_bt_rx_and_uart,full_tensor_fp32le_plus_crc,async_att_wall_plus_incremental_wire_crc,post_transfer_fp32le_decode,crc_validated_initiator_receipt_ack_at_responder,endpoint_submitted_or_accepted_not_over_air,firmware_att_value_boundary,post_event_export_handshake_excluded_from_protocol_counters,not_measured_no_ble_sniffer,automatic_campaign,0,after_go_guard_through_single_trial_cleanup_before_dump_guard,optional_gpio_or_firmware_timing,4096,4096,1,P1.14,P1.13,P1.12,P1.11,event,selection,encoder,head_forward_backward,serialization,radio,mixing,control,247,251,2,2,6,local,local,connected,,local_step_1_update,6,wall_duration_us,us,2,2,2,0,2,0,0,0,1,1,f7a7c9363af841d6e3948ff0291cd0024060435a40fc1e8135c6500a2979f9e9,c6a402088c7806dd9c32772d39a4e731124cfce6764053c9c9de118b84e8d7ce,16909,16909,16865.5,16952.5,87,16987.3,16822,16996
199ea2dedb66682329f558d748d984288db699e8ce36a9c957303b9043058816,bca004d67e520d879c4d17367b5436bb9f2383a4,V1R1,pulse_release,final_capture_requirements_enforced,6716da0b2cf47106d541f526f3ae258d46f820608290c7ceb563e121d41ee320,3b41a9fcf048eef0a5f29163b3ac3120fc95d8e624d85023bd77e2c035f76243,exported_pulse_npz,pulse_hhar_seed7_a_b.npz,pulse-har-v1,1,487dbf72bd5f999f8e10a8295e6ee1839ecafaf94f6ad7345be9ea18c5820048,internal_flash_versioned_artifact_replay_windows,float32,16,2,ncs-v3.4.0,4.4.0,14.3.0,speed,128000000,1000000,zephyr_64bit_api_grtc_syscounter_includes_sleep,HAR,6,4550,relu,mean,4,18200,18200,13616,18200,2,18200,208,24,128000000,0.00999999978,0.5,0.200000003,0,0.25,9.99999996e-13,8,xorshift32_uniform_positive_exact_ties,reset_each_repetition_public_seed_selection_s1_observation_n1_u_plus_or_minus_0.2,background_bhi360_accel_gyro_quaternion_100hz_not_model_input,5,100,20000,500,0,unencrypted_unbonded,dedicated_pulse_event_workqueue_plus_constant_time_bt_callbacks,dwt_active_core_counter_includes_preemption_and_interrupts,event_workqueue_cumulative_since_start_excludes_bt_rx_and_uart,full_tensor_fp32le_plus_crc,async_att_wall_plus_incremental_wire_crc,post_transfer_fp32le_decode,crc_validated_initiator_receipt_ack_at_responder,endpoint_submitted_or_accepted_not_over_air,firmware_att_value_boundary,post_event_export_handshake_excluded_from_protocol_counters,not_measured_no_ble_sniffer,automatic_campaign,0,after_go_guard_through_single_trial_cleanup_before_dump_guard,optional_gpio_or_firmware_timing,4096,4096,1,P1.14,P1.13,P1.12,P1.11,event,selection,encoder,head_forward_backward,serialization,radio,mixing,control,247,251,2,2,6,local,local,connected,,local_step_2_encoder,2,wall_duration_us,us,2,2,2,0,2,0,0,0,1,1,f7a7c9363af841d6e3948ff0291cd0024060435a40fc1e8135c6500a2979f9e9,c6a402088c7806dd9c32772d39a4e731124cfce6764053c9c9de118b84e8d7ce,1739737.5,1739737.5,1739437.75,1740037.25,599.5,1740277.05,1739138,1740337
199ea2dedb66682329f558d748d984288db699e8ce36a9c957303b9043058816,bca004d67e520d879c4d17367b5436bb9f2383a4,V1R1,pulse_release,final_capture_requirements_enforced,6716da0b2cf47106d541f526f3ae258d46f820608290c7ceb563e121d41ee320,3b41a9fcf048eef0a5f29163b3ac3120fc95d8e624d85023bd77e2c035f76243,exported_pulse_npz,pulse_hhar_seed7_a_b.npz,pulse-har-v1,1,487dbf72bd5f999f8e10a8295e6ee1839ecafaf94f6ad7345be9ea18c5820048,internal_flash_versioned_artifact_replay_windows,float32,16,2,ncs-v3.4.0,4.4.0,14.3.0,speed,128000000,1000000,zephyr_64bit_api_grtc_syscounter_includes_sleep,HAR,6,4550,relu,mean,4,18200,18200,13616,18200,2,18200,208,24,128000000,0.00999999978,0.5,0.200000003,0,0.25,9.99999996e-13,8,xorshift32_uniform_positive_exact_ties,reset_each_repetition_public_seed_selection_s1_observation_n1_u_plus_or_minus_0.2,background_bhi360_accel_gyro_quaternion_100hz_not_model_input,5,100,20000,500,0,unencrypted_unbonded,dedicated_pulse_event_workqueue_plus_constant_time_bt_callbacks,dwt_active_core_counter_includes_preemption_and_interrupts,event_workqueue_cumulative_since_start_excludes_bt_rx_and_uart,full_tensor_fp32le_plus_crc,async_att_wall_plus_incremental_wire_crc,post_transfer_fp32le_decode,crc_validated_initiator_receipt_ack_at_responder,endpoint_submitted_or_accepted_not_over_air,firmware_att_value_boundary,post_event_export_handshake_excluded_from_protocol_counters,not_measured_no_ble_sniffer,automatic_campaign,0,after_go_guard_through_single_trial_cleanup_before_dump_guard,optional_gpio_or_firmware_timing,4096,4096,1,P1.14,P1.13,P1.12,P1.11,event,selection,encoder,head_forward_backward,serialization,radio,mixing,control,247,251,2,2,6,local,local,connected,,local_step_2_head_forward_backward,3,wall_duration_us,us,2,2,2,0,2,0,0,0,1,1,f7a7c9363af841d6e3948ff0291cd0024060435a40fc1e8135c6500a2979f9e9,c6a402088c7806dd9c32772d39a4e731124cfce6764053c9c9de118b84e8d7ce,12364.5,12364.5,12357.25,12371.75,14.5,12377.55,12350,12379
199ea2dedb66682329f558d748d984288db699e8ce36a9c957303b9043058816,bca004d67e520d879c4d17367b5436bb9f2383a4,V1R1,pulse_release,final_capture_requirements_enforced,6716da0b2cf47106d541f526f3ae258d46f820608290c7ceb563e121d41ee320,3b41a9fcf048eef0a5f29163b3ac3120fc95d8e624d85023bd77e2c035f76243,exported_pulse_npz,pulse_hhar_seed7_a_b.npz,pulse-har-v1,1,487dbf72bd5f999f8e10a8295e6ee1839ecafaf94f6ad7345be9ea18c5820048,internal_flash_versioned_artifact_replay_windows,float32,16,2,ncs-v3.4.0,4.4.0,14.3.0,speed,128000000,1000000,zephyr_64bit_api_grtc_syscounter_includes_sleep,HAR,6,4550,relu,mean,4,18200,18200,13616,18200,2,18200,208,24,128000000,0.00999999978,0.5,0.200000003,0,0.25,9.99999996e-13,8,xorshift32_uniform_positive_exact_ties,reset_each_repetition_public_seed_selection_s1_observation_n1_u_plus_or_minus_0.2,background_bhi360_accel_gyro_quaternion_100hz_not_model_input,5,100,20000,500,0,unencrypted_unbonded,dedicated_pulse_event_workqueue_plus_constant_time_bt_callbacks,dwt_active_core_counter_includes_preemption_and_interrupts,event_workqueue_cumulative_since_start_excludes_bt_rx_and_uart,full_tensor_fp32le_plus_crc,async_att_wall_plus_incremental_wire_crc,post_transfer_fp32le_decode,crc_validated_initiator_receipt_ack_at_responder,endpoint_submitted_or_accepted_not_over_air,firmware_att_value_boundary,post_event_export_handshake_excluded_from_protocol_counters,not_measured_no_ble_sniffer,automatic_campaign,0,after_go_guard_through_single_trial_cleanup_before_dump_guard,optional_gpio_or_firmware_timing,4096,4096,1,P1.14,P1.13,P1.12,P1.11,event,selection,encoder,head_forward_backward,serialization,radio,mixing,control,247,251,2,2,6,local,local,connected,,local_step_2_update,6,wall_duration_us,us,2,2,2,0,2,0,0,0,1,1,f7a7c9363af841d6e3948ff0291cd0024060435a40fc1e8135c6500a2979f9e9,c6a402088c7806dd9c32772d39a4e731124cfce6764053c9c9de118b84e8d7ce,16919.5,16919.5,16918.25,16920.75,2.5,16921.75,16917,16922
199ea2dedb66682329f558d748d984288db699e8ce36a9c957303b9043058816,bca004d67e520d879c4d17367b5436bb9f2383a4,V1R1,pulse_release,final_capture_requirements_enforced,6716da0b2cf47106d541f526f3ae258d46f820608290c7ceb563e121d41ee320,3b41a9fcf048eef0a5f29163b3ac3120fc95d8e624d85023bd77e2c035f76243,exported_pulse_npz,pulse_hhar_seed7_a_b.npz,pulse-har-v1,1,487dbf72bd5f999f8e10a8295e6ee1839ecafaf94f6ad7345be9ea18c5820048,internal_flash_versioned_artifact_replay_windows,float32,16,2,ncs-v3.4.0,4.4.0,14.3.0,speed,128000000,1000000,zephyr_64bit_api_grtc_syscounter_includes_sleep,HAR,6,4550,relu,mean,4,18200,18200,13616,18200,2,18200,208,24,128000000,0.00999999978,0.5,0.200000003,0,0.25,9.99999996e-13,8,xorshift32_uniform_positive_exact_ties,reset_each_repetition_public_seed_selection_s1_observation_n1_u_plus_or_minus_0.2,background_bhi360_accel_gyro_quaternion_100hz_not_model_input,5,100,20000,500,0,unencrypted_unbonded,dedicated_pulse_event_workqueue_plus_constant_time_bt_callbacks,dwt_active_core_counter_includes_preemption_and_interrupts,event_workqueue_cumulative_since_start_excludes_bt_rx_and_uart,full_tensor_fp32le_plus_crc,async_att_wall_plus_incremental_wire_crc,post_transfer_fp32le_decode,crc_validated_initiator_receipt_ack_at_responder,endpoint_submitted_or_accepted_not_over_air,firmware_att_value_boundary,post_event_export_handshake_excluded_from_protocol_counters,not_measured_no_ble_sniffer,automatic_campaign,0,after_go_guard_through_single_trial_cleanup_before_dump_guard,optional_gpio_or_firmware_timing,4096,4096,1,P1.14,P1.13,P1.12,P1.11,event,selection,encoder,head_forward_backward,serialization,radio,mixing,control,247,251,2,2,6,local,local,connected,0,end_to_end,0,wall_duration_us,us,98,98,98,0,98,0,0,0,1,1,f7a7c9363af841d6e3948ff0291cd0024060435a40fc1e8135c6500a2979f9e9,c6a402088c7806dd9c32772d39a4e731124cfce6764053c9c9de118b84e8d7ce,3538720.11224,3539592.5,3536984.25,3540015,3030.75,3540521.3,3535707,3540832
199ea2dedb66682329f558d748d984288db699e8ce36a9c957303b9043058816,bca004d67e520d879c4d17367b5436bb9f2383a4,V1R1,pulse_release,final_capture_requirements_enforced,6716da0b2cf47106d541f526f3ae258d46f820608290c7ceb563e121d41ee320,3b41a9fcf048eef0a5f29163b3ac3120fc95d8e624d85023bd77e2c035f76243,exported_pulse_npz,pulse_hhar_seed7_a_b.npz,pulse-har-v1,1,487dbf72bd5f999f8e10a8295e6ee1839ecafaf94f6ad7345be9ea18c5820048,internal_flash_versioned_artifact_replay_windows,float32,16,2,ncs-v3.4.0,4.4.0,14.3.0,speed,128000000,1000000,zephyr_64bit_api_grtc_syscounter_includes_sleep,HAR,6,4550,relu,mean,4,18200,18200,13616,18200,2,18200,208,24,128000000,0.00999999978,0.5,0.200000003,0,0.25,9.99999996e-13,8,xorshift32_uniform_positive_exact_ties,reset_each_repetition_public_seed_selection_s1_observation_n1_u_plus_or_minus_0.2,background_bhi360_accel_gyro_quaternion_100hz_not_model_input,5,100,20000,500,0,unencrypted_unbonded,dedicated_pulse_event_workqueue_plus_constant_time_bt_callbacks,dwt_active_core_counter_includes_preemption_and_interrupts,event_workqueue_cumulative_since_start_excludes_bt_rx_and_uart,full_tensor_fp32le_plus_crc,async_att_wall_plus_incremental_wire_crc,post_transfer_fp32le_decode,crc_validated_initiator_receipt_ack_at_responder,endpoint_submitted_or_accepted_not_over_air,firmware_att_value_boundary,post_event_export_handshake_excluded_from_protocol_counters,not_measured_no_ble_sniffer,automatic_campaign,0,after_go_guard_through_single_trial_cleanup_before_dump_guard,optional_gpio_or_firmware_timing,4096,4096,1,P1.14,P1.13,P1.12,P1.11,event,selection,encoder,head_forward_backward,serialization,radio,mixing,control,247,251,2,2,6,local,local,connected,0,local_step_1_encoder,2,wall_duration_us,us,98,98,98,0,98,0,0,0,1,1,f7a7c9363af841d6e3948ff0291cd0024060435a40fc1e8135c6500a2979f9e9,c6a402088c7806dd9c32772d39a4e731124cfce6764053c9c9de118b84e8d7ce,1740050.72449,1740436.5,1739132.75,1740745.75,1613,1741036.6,1738517,1741281
199ea2dedb66682329f558d748d984288db699e8ce36a9c957303b9043058816,bca004d67e520d879c4d17367b5436bb9f2383a4,V1R1,pulse_release,final_capture_requirements_enforced,6716da0b2cf47106d541f526f3ae258d46f820608290c7ceb563e121d41ee320,3b41a9fcf048eef0a5f29163b3ac3120fc95d8e624d85023bd77e2c035f76243,exported_pulse_npz,pulse_hhar_seed7_a_b.npz,pulse-har-v1,1,487dbf72bd5f999f8e10a8295e6ee1839ecafaf94f6ad7345be9ea18c5820048,internal_flash_versioned_artifact_replay_windows,float32,16,2,ncs-v3.4.0,4.4.0,14.3.0,speed,128000000,1000000,zephyr_64bit_api_grtc_syscounter_includes_sleep,HAR,6,4550,relu,mean,4,18200,18200,13616,18200,2,18200,208,24,128000000,0.00999999978,0.5,0.200000003,0,0.25,9.99999996e-13,8,xorshift32_uniform_positive_exact_ties,reset_each_repetition_public_seed_selection_s1_observation_n1_u_plus_or_minus_0.2,background_bhi360_accel_gyro_quaternion_100hz_not_model_input,5,100,20000,500,0,unencrypted_unbonded,dedicated_pulse_event_workqueue_plus_constant_time_bt_callbacks,dwt_active_core_counter_includes_preemption_and_interrupts,event_workqueue_cumulative_since_start_excludes_bt_rx_and_uart,full_tensor_fp32le_plus_crc,async_att_wall_plus_incremental_wire_crc,post_transfer_fp32le_decode,crc_validated_initiator_receipt_ack_at_responder,endpoint_submitted_or_accepted_not_over_air,firmware_att_value_boundary,post_event_export_handshake_excluded_from_protocol_counters,not_measured_no_ble_sniffer,automatic_campaign,0,after_go_guard_through_single_trial_cleanup_before_dump_guard,optional_gpio_or_firmware_timing,4096,4096,1,P1.14,P1.13,P1.12,P1.11,event,selection,encoder,head_forward_backward,serialization,radio,mixing,control,247,251,2,2,6,local,local,connected,0,local_step_1_head_forward_backward,3,wall_duration_us,us,98,98,98,0,98,0,0,0,1,1,f7a7c9363af841d6e3948ff0291cd0024060435a40fc1e8135c6500a2979f9e9,c6a402088c7806dd9c32772d39a4e731124cfce6764053c9c9de118b84e8d7ce,12358.4693878,12363.5,12255,12435.5,180.5,12615.15,12140,12715
199ea2dedb66682329f558d748d984288db699e8ce36a9c957303b9043058816,bca004d67e520d879c4d17367b5436bb9f2383a4,V1R1,pulse_release,final_capture_requirements_enforced,6716da0b2cf47106d541f526f3ae258d46f820608290c7ceb563e121d41ee320,3b41a9fcf048eef0a5f29163b3ac3120fc95d8e624d85023bd77e2c035f76243,exported_pulse_npz,pulse_hhar_seed7_a_b.npz,pulse-har-v1,1,487dbf72bd5f999f8e10a8295e6ee1839ecafaf94f6ad7345be9ea18c5820048,internal_flash_versioned_artifact_replay_windows,float32,16,2,ncs-v3.4.0,4.4.0,14.3.0,speed,128000000,1000000,zephyr_64bit_api_grtc_syscounter_includes_sleep,HAR,6,4550,relu,mean,4,18200,18200,13616,18200,2,18200,208,24,128000000,0.00999999978,0.5,0.200000003,0,0.25,9.99999996e-13,8,xorshift32_uniform_positive_exact_ties,reset_each_repetition_public_seed_selection_s1_observation_n1_u_plus_or_minus_0.2,background_bhi360_accel_gyro_quaternion_100hz_not_model_input,5,100,20000,500,0,unencrypted_unbonded,dedicated_pulse_event_workqueue_plus_constant_time_bt_callbacks,dwt_active_core_counter_includes_preemption_and_interrupts,event_workqueue_cumulative_since_start_excludes_bt_rx_and_uart,full_tensor_fp32le_plus_crc,async_att_wall_plus_incremental_wire_crc,post_transfer_fp32le_decode,crc_validated_initiator_receipt_ack_at_responder,endpoint_submitted_or_accepted_not_over_air,firmware_att_value_boundary,post_event_export_handshake_excluded_from_protocol_counters,not_measured_no_ble_sniffer,automatic_campaign,0,after_go_guard_through_single_trial_cleanup_before_dump_guard,optional_gpio_or_firmware_timing,4096,4096,1,P1.14,P1.13,P1.12,P1.11,event,selection,encoder,head_forward_backward,serialization,radio,mixing,control,247,251,2,2,6,local,local,connected,0,local_step_1_update,6,wall_duration_us,us,98,98,98,0,98,0,0,0,1,1,f7a7c9363af841d6e3948ff0291cd0024060435a40fc1e8135c6500a2979f9e9,c6a402088c7806dd9c32772d39a4e731124cfce6764053c9c9de118b84e8d7ce,16983.9081633,17003,16838,17092.25,254.25,17212.45,16730,17281
199ea2dedb66682329f558d748d984288db699e8ce36a9c957303b9043058816,bca004d67e520d879c4d17367b5436bb9f2383a4,V1R1,pulse_release,final_capture_requirements_enforced,6716da0b2cf47106d541f526f3ae258d46f820608290c7ceb563e121d41ee320,3b41a9fcf048eef0a5f29163b3ac3120fc95d8e624d85023bd77e2c035f76243,exported_pulse_npz,pulse_hhar_seed7_a_b.npz,pulse-har-v1,1,487dbf72bd5f999f8e10a8295e6ee1839ecafaf94f6ad7345be9ea18c5820048,internal_flash_versioned_artifact_replay_windows,float32,16,2,ncs-v3.4.0,4.4.0,14.3.0,speed,128000000,1000000,zephyr_64bit_api_grtc_syscounter_includes_sleep,HAR,6,4550,relu,mean,4,18200,18200,13616,18200,2,18200,208,24,128000000,0.00999999978,0.5,0.200000003,0,0.25,9.99999996e-13,8,xorshift32_uniform_positive_exact_ties,reset_each_repetition_public_seed_selection_s1_observation_n1_u_plus_or_minus_0.2,background_bhi360_accel_gyro_quaternion_100hz_not_model_input,5,100,20000,500,0,unencrypted_unbonded,dedicated_pulse_event_workqueue_plus_constant_time_bt_callbacks,dwt_active_core_counter_includes_preemption_and_interrupts,event_workqueue_cumulative_since_start_excludes_bt_rx_and_uart,full_tensor_fp32le_plus_crc,async_att_wall_plus_incremental_wire_crc,post_transfer_fp32le_decode,crc_validated_initiator_receipt_ack_at_responder,endpoint_submitted_or_accepted_not_over_air,firmware_att_value_boundary,post_event_export_handshake_excluded_from_protocol_counters,not_measured_no_ble_sniffer,automatic_campaign,0,after_go_guard_through_single_trial_cleanup_before_dump_guard,optional_gpio_or_firmware_timing,4096,4096,1,P1.14,P1.13,P1.12,P1.11,event,selection,encoder,head_forward_backward,serialization,radio,mixing,control,247,251,2,2,6,local,local,connected,0,local_step_2_encoder,2,wall_duration_us,us,97,97,97,0,97,0,0,0,1,1,f7a7c9363af841d6e3948ff0291cd0024060435a40fc1e8135c6500a2979f9e9,c6a402088c7806dd9c32772d39a4e731124cfce6764053c9c9de118b84e8d7ce,1740069.34021,1740419,1739317,1740719,1402,1740979,1738366,1741312
199ea2dedb66682329f558d748d984288db699e8ce36a9c957303b9043058816,bca004d67e520d879c4d17367b5436bb9f2383a4,V1R1,pulse_release,final_capture_requirements_enforced,6716da0b2cf47106d541f526f3ae258d46f820608290c7ceb563e121d41ee320,3b41a9fcf048eef0a5f29163b3ac3120fc95d8e624d85023bd77e2c035f76243,exported_pulse_npz,pulse_hhar_seed7_a_b.npz,pulse-har-v1,1,487dbf72bd5f999f8e10a8295e6ee1839ecafaf94f6ad7345be9ea18c5820048,internal_flash_versioned_artifact_replay_windows,float32,16,2,ncs-v3.4.0,4.4.0,14.3.0,speed,128000000,1000000,zephyr_64bit_api_grtc_syscounter_includes_sleep,HAR,6,4550,relu,mean,4,18200,18200,13616,18200,2,18200,208,24,128000000,0.00999999978,0.5,0.200000003,0,0.25,9.99999996e-13,8,xorshift32_uniform_positive_exact_ties,reset_each_repetition_public_seed_selection_s1_observation_n1_u_plus_or_minus_0.2,background_bhi360_accel_gyro_quaternion_100hz_not_model_input,5,100,20000,500,0,unencrypted_unbonded,dedicated_pulse_event_workqueue_plus_constant_time_bt_callbacks,dwt_active_core_counter_includes_preemption_and_interrupts,event_workqueue_cumulative_since_start_excludes_bt_rx_and_uart,full_tensor_fp32le_plus_crc,async_att_wall_plus_incremental_wire_crc,post_transfer_fp32le_decode,crc_validated_initiator_receipt_ack_at_responder,endpoint_submitted_or_accepted_not_over_air,firmware_att_value_boundary,post_event_export_handshake_excluded_from_protocol_counters,not_measured_no_ble_sniffer,automatic_campaign,0,after_go_guard_through_single_trial_cleanup_before_dump_guard,optional_gpio_or_firmware_timing,4096,4096,1,P1.14,P1.13,P1.12,P1.11,event,selection,encoder,head_forward_backward,serialization,radio,mixing,control,247,251,2,2,6,local,local,connected,0,local_step_2_head_forward_backward,3,wall_duration_us,us,97,97,97,0,97,0,0,0,1,1,f7a7c9363af841d6e3948ff0291cd0024060435a40fc1e8135c6500a2979f9e9,c6a402088c7806dd9c32772d39a4e731124cfce6764053c9c9de118b84e8d7ce,12366.7835052,12364,12232,12440,208,12625.2,12142,12708
199ea2dedb66682329f558d748d984288db699e8ce36a9c957303b9043058816,bca004d67e520d879c4d17367b5436bb9f2383a4,V1R1,pulse_release,final_capture_requirements_enforced,6716da0b2cf47106d541f526f3ae258d46f820608290c7ceb563e121d41ee320,3b41a9fcf048eef0a5f29163b3ac3120fc95d8e624d85023bd77e2c035f76243,exported_pulse_npz,pulse_hhar_seed7_a_b.npz,pulse-har-v1,1,487dbf72bd5f999f8e10a8295e6ee1839ecafaf94f6ad7345be9ea18c5820048,internal_flash_versioned_artifact_replay_windows,float32,16,2,ncs-v3.4.0,4.4.0,14.3.0,speed,128000000,1000000,zephyr_64bit_api_grtc_syscounter_includes_sleep,HAR,6,4550,relu,mean,4,18200,18200,13616,18200,2,18200,208,24,128000000,0.00999999978,0.5,0.200000003,0,0.25,9.99999996e-13,8,xorshift32_uniform_positive_exact_ties,reset_each_repetition_public_seed_selection_s1_observation_n1_u_plus_or_minus_0.2,background_bhi360_accel_gyro_quaternion_100hz_not_model_input,5,100,20000,500,0,unencrypted_unbonded,dedicated_pulse_event_workqueue_plus_constant_time_bt_callbacks,dwt_active_core_counter_includes_preemption_and_interrupts,event_workqueue_cumulative_since_start_excludes_bt_rx_and_uart,full_tensor_fp32le_plus_crc,async_att_wall_plus_incremental_wire_crc,post_transfer_fp32le_decode,crc_validated_initiator_receipt_ack_at_responder,endpoint_submitted_or_accepted_not_over_air,firmware_att_value_boundary,post_event_export_handshake_excluded_from_protocol_counters,not_measured_no_ble_sniffer,automatic_campaign,0,after_go_guard_through_single_trial_cleanup_before_dump_guard,optional_gpio_or_firmware_timing,4096,4096,1,P1.14,P1.13,P1.12,P1.11,event,selection,encoder,head_forward_backward,serialization,radio,mixing,control,247,251,2,2,6,local,local,connected,0,local_step_2_update,6,wall_duration_us,us,98,98,98,0,98,0,0,0,1,1,f7a7c9363af841d6e3948ff0291cd0024060435a40fc1e8135c6500a2979f9e9,c6a402088c7806dd9c32772d39a4e731124cfce6764053c9c9de118b84e8d7ce,16877.8673469,16906.5,16702.25,16943.5,241.25,17124.6,16627,17197
199ea2dedb66682329f558d748d984288db699e8ce36a9c957303b9043058816,bca004d67e520d879c4d17367b5436bb9f2383a4,V1R1,pulse_release,final_capture_requirements_enforced,6716da0b2cf47106d541f526f3ae258d46f820608290c7ceb563e121d41ee320,3b41a9fcf048eef0a5f29163b3ac3120fc95d8e624d85023bd77e2c035f76243,exported_pulse_npz,pulse_hhar_seed7_a_b.npz,pulse-har-v1,1,487dbf72bd5f999f8e10a8295e6ee1839ecafaf94f6ad7345be9ea18c5820048,internal_flash_versioned_artifact_replay_windows,float32,16,2,ncs-v3.4.0,4.4.0,14.3.0,speed,128000000,1000000,zephyr_64bit_api_grtc_syscounter_includes_sleep,HAR,6,4550,relu,mean,4,18200,18200,13616,18200,2,18200,208,24,128000000,0.00999999978,0.5,0.200000003,0,0.25,9.99999996e-13,8,xorshift32_uniform_positive_exact_ties,reset_each_repetition_public_seed_selection_s1_observation_n1_u_plus_or_minus_0.2,background_bhi360_accel_gyro_quaternion_100hz_not_model_input,5,100,20000,500,0,unencrypted_unbonded,dedicated_pulse_event_workqueue_plus_constant_time_bt_callbacks,dwt_active_core_counter_includes_preemption_and_interrupts,event_workqueue_cumulative_since_start_excludes_bt_rx_and_uart,full_tensor_fp32le_plus_crc,async_att_wall_plus_incremental_wire_crc,post_transfer_fp32le_decode,crc_validated_initiator_receipt_ack_at_responder,endpoint_submitted_or_accepted_not_over_air,firmware_att_value_boundary,post_event_export_handshake_excluded_from_protocol_counters,not_measured_no_ble_sniffer,automatic_campaign,0,after_go_guard_through_single_trial_cleanup_before_dump_guard,optional_gpio_or_firmware_timing,4096,4096,1,P1.14,P1.13,P1.12,P1.11,event,selection,encoder,head_forward_backward,serialization,radio,mixing,control,2473090045,251,,2,6,accepted_connected,responder,connected,1,end_to_end,0,wall_duration_us,us,1,1,1,0,1,0,0,0,1,1,f7a7c9363af841d6e3948ff0291cd0024060435a40fc1e8135c6500a2979f9e9,c6a402088c7806dd9c32772d39a4e731124cfce6764053c9c9de118b84e8d7ce,3090045,3090045,3090045,3090045,0,3090045,3090045,3090045
199ea2dedb66682329f558d748d984288db699e8ce36a9c957303b9043058816,bca004d67e520d879c4d17367b5436bb9f2383a4,V1R1,pulse_release,final_capture_requirements_enforced,6716da0b2cf47106d541f526f3ae258d46f820608290c7ceb563e121d41ee320,3b41a9fcf048eef0a5f29163b3ac3120fc95d8e624d85023bd77e2c035f76243,exported_pulse_npz,pulse_hhar_seed7_a_b.npz,pulse-har-v1,1,487dbf72bd5f999f8e10a8295e6ee1839ecafaf94f6ad7345be9ea18c5820048,internal_flash_versioned_artifact_replay_windows,float32,16,2,ncs-v3.4.0,4.4.0,14.3.0,speed,128000000,1000000,zephyr_64bit_api_grtc_syscounter_includes_sleep,HAR,6,4550,relu,mean,4,18200,18200,13616,18200,2,18200,208,24,128000000,0.00999999978,0.5,0.200000003,0,0.25,9.99999996e-13,8,xorshift32_uniform_positive_exact_ties,reset_each_repetition_public_seed_selection_s1_observation_n1_u_plus_or_minus_0.2,background_bhi360_accel_gyro_quaternion_100hz_not_model_input,5,100,20000,500,0,unencrypted_unbonded,dedicated_pulse_event_workqueue_plus_constant_time_bt_callbacks,dwt_active_core_counter_includes_preemption_and_interrupts,event_workqueue_cumulative_since_start_excludes_bt_rx_and_uart,full_tensor_fp32le_plus_crc,async_att_wall_plus_incremental_wire_crc,post_transfer_fp32le_decode,crc_validated_initiator_receipt_ack_at_responder,endpoint_submitted_or_accepted_not_over_air,firmware_att_value_boundary,post_event_export_handshake_excluded_from_protocol_counters,not_measured_no_ble_sniffer,automatic_campaign,0,after_go_guard_through_single_trial_cleanup_before_dump_guard,optional_gpio_or_firmware_timing,4096,4096,1,P1.14,P1.13,P1.12,P1.11,event,selection,encoder,head_forward_backward,serialization,radio,mixing,control,2473090045,251,,2,6,accepted_connected,responder,connected,1,gradient_serialization,4,wall_duration_us,us,1,1,1,0,1,0,0,0,1,1,f7a7c9363af841d6e3948ff0291cd0024060435a40fc1e8135c6500a2979f9e9,c6a402088c7806dd9c32772d39a4e731124cfce6764053c9c9de118b84e8d7ce,2622,2622,2622,2622,0,2622,2622,2622
199ea2dedb66682329f558d748d984288db699e8ce36a9c957303b9043058816,bca004d67e520d879c4d17367b5436bb9f2383a4,V1R1,pulse_release,final_capture_requirements_enforced,6716da0b2cf47106d541f526f3ae258d46f820608290c7ceb563e121d41ee320,3b41a9fcf048eef0a5f29163b3ac3120fc95d8e624d85023bd77e2c035f76243,exported_pulse_npz,pulse_hhar_seed7_a_b.npz,pulse-har-v1,1,487dbf72bd5f999f8e10a8295e6ee1839ecafaf94f6ad7345be9ea18c5820048,internal_flash_versioned_artifact_replay_windows,float32,16,2,ncs-v3.4.0,4.4.0,14.3.0,speed,128000000,1000000,zephyr_64bit_api_grtc_syscounter_includes_sleep,HAR,6,4550,relu,mean,4,18200,18200,13616,18200,2,18200,208,24,128000000,0.00999999978,0.5,0.200000003,0,0.25,9.99999996e-13,8,xorshift32_uniform_positive_exact_ties,reset_each_repetition_public_seed_selection_s1_observation_n1_u_plus_or_minus_0.2,background_bhi360_accel_gyro_quaternion_100hz_not_model_input,5,100,20000,500,0,unencrypted_unbonded,dedicated_pulse_event_workqueue_plus_constant_time_bt_callbacks,dwt_active_core_counter_includes_preemption_and_interrupts,event_workqueue_cumulative_since_start_excludes_bt_rx_and_uart,full_tensor_fp32le_plus_crc,async_att_wall_plus_incremental_wire_crc,post_transfer_fp32le_decode,crc_validated_initiator_receipt_ack_at_responder,endpoint_submitted_or_accepted_not_over_air,firmware_att_value_boundary,post_event_export_handshake_excluded_from_protocol_counters,not_measured_no_ble_sniffer,automatic_campaign,0,after_go_guard_through_single_trial_cleanup_before_dump_guard,optional_gpio_or_firmware_timing,4096,4096,1,P1.14,P1.13,P1.12,P1.11,event,selection,encoder,head_forward_backward,serialization,radio,mixing,control,2473090045,251,,2,6,accepted_connected,responder,connected,1,gradient_transfer,5,wall_duration_us,us,1,1,1,0,1,0,0,0,1,1,f7a7c9363af841d6e3948ff0291cd0024060435a40fc1e8135c6500a2979f9e9,c6a402088c7806dd9c32772d39a4e731124cfce6764053c9c9de118b84e8d7ce,1150206,1150206,1150206,1150206,0,1150206,1150206,1150206
199ea2dedb66682329f558d748d984288db699e8ce36a9c957303b9043058816,bca004d67e520d879c4d17367b5436bb9f2383a4,V1R1,pulse_release,final_capture_requirements_enforced,6716da0b2cf47106d541f526f3ae258d46f820608290c7ceb563e121d41ee320,3b41a9fcf048eef0a5f29163b3ac3120fc95d8e624d85023bd77e2c035f76243,exported_pulse_npz,pulse_hhar_seed7_a_b.npz,pulse-har-v1,1,487dbf72bd5f999f8e10a8295e6ee1839ecafaf94f6ad7345be9ea18c5820048,internal_flash_versioned_artifact_replay_windows,float32,16,2,ncs-v3.4.0,4.4.0,14.3.0,speed,128000000,1000000,zephyr_64bit_api_grtc_syscounter_includes_sleep,HAR,6,4550,relu,mean,4,18200,18200,13616,18200,2,18200,208,24,128000000,0.00999999978,0.5,0.200000003,0,0.25,9.99999996e-13,8,xorshift32_uniform_positive_exact_ties,reset_each_repetition_public_seed_selection_s1_observation_n1_u_plus_or_minus_0.2,background_bhi360_accel_gyro_quaternion_100hz_not_model_input,5,100,20000,500,0,unencrypted_unbonded,dedicated_pulse_event_workqueue_plus_constant_time_bt_callbacks,dwt_active_core_counter_includes_preemption_and_interrupts,event_workqueue_cumulative_since_start_excludes_bt_rx_and_uart,full_tensor_fp32le_plus_crc,async_att_wall_plus_incremental_wire_crc,post_transfer_fp32le_decode,crc_validated_initiator_receipt_ack_at_responder,endpoint_submitted_or_accepted_not_over_air,firmware_att_value_boundary,post_event_export_handshake_excluded_from_protocol_counters,not_measured_no_ble_sniffer,automatic_campaign,0,after_go_guard_through_single_trial_cleanup_before_dump_guard,optional_gpio_or_firmware_timing,4096,4096,1,P1.14,P1.13,P1.12,P1.11,event,selection,encoder,head_forward_backward,serialization,radio,mixing,control,2473090045,251,,2,6,accepted_connected,responder,connected,1,head_deserialization,4,wall_duration_us,us,1,1,1,0,1,0,0,0,1,1,f7a7c9363af841d6e3948ff0291cd0024060435a40fc1e8135c6500a2979f9e9,c6a402088c7806dd9c32772d39a4e731124cfce6764053c9c9de118b84e8d7ce,215,215,215,215,0,215,215,215
199ea2dedb66682329f558d748d984288db699e8ce36a9c957303b9043058816,bca004d67e520d879c4d17367b5436bb9f2383a4,V1R1,pulse_release,final_capture_requirements_enforced,6716da0b2cf47106d541f526f3ae258d46f820608290c7ceb563e121d41ee320,3b41a9fcf048eef0a5f29163b3ac3120fc95d8e624d85023bd77e2c035f76243,exported_pulse_npz,pulse_hhar_seed7_a_b.npz,pulse-har-v1,1,487dbf72bd5f999f8e10a8295e6ee1839ecafaf94f6ad7345be9ea18c5820048,internal_flash_versioned_artifact_replay_windows,float32,16,2,ncs-v3.4.0,4.4.0,14.3.0,speed,128000000,1000000,zephyr_64bit_api_grtc_syscounter_includes_sleep,HAR,6,4550,relu,mean,4,18200,18200,13616,18200,2,18200,208,24,128000000,0.00999999978,0.5,0.200000003,0,0.25,9.99999996e-13,8,xorshift32_uniform_positive_exact_ties,reset_each_repetition_public_seed_selection_s1_observation_n1_u_plus_or_minus_0.2,background_bhi360_accel_gyro_quaternion_100hz_not_model_input,5,100,20000,500,0,unencrypted_unbonded,dedicated_pulse_event_workqueue_plus_constant_time_bt_callbacks,dwt_active_core_counter_includes_preemption_and_interrupts,event_workqueue_cumulative_since_start_excludes_bt_rx_and_uart,full_tensor_fp32le_plus_crc,async_att_wall_plus_incremental_wire_crc,post_transfer_fp32le_decode,crc_validated_initiator_receipt_ack_at_responder,endpoint_submitted_or_accepted_not_over_air,firmware_att_value_boundary,post_event_export_handshake_excluded_from_protocol_counters,not_measured_no_ble_sniffer,automatic_campaign,0,after_go_guard_through_single_trial_cleanup_before_dump_guard,optional_gpio_or_firmware_timing,4096,4096,1,P1.14,P1.13,P1.12,P1.11,event,selection,encoder,head_forward_backward,serialization,radio,mixing,control,2473090045,251,,2,6,accepted_connected,responder,connected,1,head_transfer,5,wall_duration_us,us,1,1,1,0,1,0,0,0,1,1,f7a7c9363af841d6e3948ff0291cd0024060435a40fc1e8135c6500a2979f9e9,c6a402088c7806dd9c32772d39a4e731124cfce6764053c9c9de118b84e8d7ce,184140,184140,184140,184140,0,184140,184140,184140
199ea2dedb66682329f558d748d984288db699e8ce36a9c957303b9043058816,bca004d67e520d879c4d17367b5436bb9f2383a4,V1R1,pulse_release,final_capture_requirements_enforced,6716da0b2cf47106d541f526f3ae258d46f820608290c7ceb563e121d41ee320,3b41a9fcf048eef0a5f29163b3ac3120fc95d8e624d85023bd77e2c035f76243,exported_pulse_npz,pulse_hhar_seed7_a_b.npz,pulse-har-v1,1,487dbf72bd5f999f8e10a8295e6ee1839ecafaf94f6ad7345be9ea18c5820048,internal_flash_versioned_artifact_replay_windows,float32,16,2,ncs-v3.4.0,4.4.0,14.3.0,speed,128000000,1000000,zephyr_64bit_api_grtc_syscounter_includes_sleep,HAR,6,4550,relu,mean,4,18200,18200,13616,18200,2,18200,208,24,128000000,0.00999999978,0.5,0.200000003,0,0.25,9.99999996e-13,8,xorshift32_uniform_positive_exact_ties,reset_each_repetition_public_seed_selection_s1_observation_n1_u_plus_or_minus_0.2,background_bhi360_accel_gyro_quaternion_100hz_not_model_input,5,100,20000,500,0,unencrypted_unbonded,dedicated_pulse_event_workqueue_plus_constant_time_bt_callbacks,dwt_active_core_counter_includes_preemption_and_interrupts,event_workqueue_cumulative_since_start_excludes_bt_rx_and_uart,full_tensor_fp32le_plus_crc,async_att_wall_plus_incremental_wire_crc,post_transfer_fp32le_decode,crc_validated_initiator_receipt_ack_at_responder,endpoint_submitted_or_accepted_not_over_air,firmware_att_value_boundary,post_event_export_handshake_excluded_from_protocol_counters,not_measured_no_ble_sniffer,automatic_campaign,0,after_go_guard_through_single_trial_cleanup_before_dump_guard,optional_gpio_or_firmware_timing,4096,4096,1,P1.14,P1.13,P1.12,P1.11,event,selection,encoder,head_forward_backward,serialization,radio,mixing,control,2473090045,251,,2,6,accepted_connected,responder,connected,1,responder_encoder,2,wall_duration_us,us,1,1,1,0,1,0,0,0,1,1,f7a7c9363af841d6e3948ff0291cd0024060435a40fc1e8135c6500a2979f9e9,c6a402088c7806dd9c32772d39a4e731124cfce6764053c9c9de118b84e8d7ce,1740263,1740263,1740263,1740263,0,1740263,1740263,1740263
199ea2dedb66682329f558d748d984288db699e8ce36a9c957303b9043058816,bca004d67e520d879c4d17367b5436bb9f2383a4,V1R1,pulse_release,final_capture_requirements_enforced,6716da0b2cf47106d541f526f3ae258d46f820608290c7ceb563e121d41ee320,3b41a9fcf048eef0a5f29163b3ac3120fc95d8e624d85023bd77e2c035f76243,exported_pulse_npz,pulse_hhar_seed7_a_b.npz,pulse-har-v1,1,487dbf72bd5f999f8e10a8295e6ee1839ecafaf94f6ad7345be9ea18c5820048,internal_flash_versioned_artifact_replay_windows,float32,16,2,ncs-v3.4.0,4.4.0,14.3.0,speed,128000000,1000000,zephyr_64bit_api_grtc_syscounter_includes_sleep,HAR,6,4550,relu,mean,4,18200,18200,13616,18200,2,18200,208,24,128000000,0.00999999978,0.5,0.200000003,0,0.25,9.99999996e-13,8,xorshift32_uniform_positive_exact_ties,reset_each_repetition_public_seed_selection_s1_observation_n1_u_plus_or_minus_0.2,background_bhi360_accel_gyro_quaternion_100hz_not_model_input,5,100,20000,500,0,unencrypted_unbonded,dedicated_pulse_event_workqueue_plus_constant_time_bt_callbacks,dwt_active_core_counter_includes_preemption_and_interrupts,event_workqueue_cumulative_since_start_excludes_bt_rx_and_uart,full_tensor_fp32le_plus_crc,async_att_wall_plus_incremental_wire_crc,post_transfer_fp32le_decode,crc_validated_initiator_receipt_ack_at_responder,endpoint_submitted_or_accepted_not_over_air,firmware_att_value_boundary,post_event_export_handshake_excluded_from_protocol_counters,not_measured_no_ble_sniffer,automatic_campaign,0,after_go_guard_through_single_trial_cleanup_before_dump_guard,optional_gpio_or_firmware_timing,4096,4096,1,P1.14,P1.13,P1.12,P1.11,event,selection,encoder,head_forward_backward,serialization,radio,mixing,control,2473090045,251,,2,6,accepted_connected,responder,connected,1,responder_head_forward_backward,3,wall_duration_us,us,1,1,1,0,1,0,0,0,1,1,f7a7c9363af841d6e3948ff0291cd0024060435a40fc1e8135c6500a2979f9e9,c6a402088c7806dd9c32772d39a4e731124cfce6764053c9c9de118b84e8d7ce,12377,12377,12377,12377,0,12377,12377,12377
