seed,time,node,split,accuracy,macro_f1
7,0,S11,test,0.4545454680919647,0.20833333333333334
7,0,S13,test,0.3636363744735718,0.3148148148148148
7,0,S15,test,0.3636363744735718,0.3
7,0,S16,test,0.27272728085517883,0.22857142857142856
7,0,S3,test,0.27272728085517883,0.25925925925925924
7,0,S5,test,0.4545454680919647,0.34848484848484845
7,0,S6,test,0.1818181872367859,0.13333333333333333
7,0,S7,test,0.3636363744735718,0.27705627705627706
7,0,S8,test,0.27272728085517883,0.14285714285714285
7,0,S9,test,0.3636363744735718,0.3111111111111111
7,900,S11,test,0.7272727489471436,0.5
7,900,S13,test,0.5454545617103577,0.38888888888888884
7,900,S15,test,0.5454545617103577,0.35555555555555557
7,900,S16,test,0.7272727489471436,0.5523809523809523
7,900,S3,test,0.8181818127632141,0.5583333333333333
7,900,S5,test,0.7272727489471436,0.5064102564102564
7,900,S6,test,0.5454545617103577,0.34920634920634924
7,900,S7,test,0.7272727489471436,0.5333333333333333
7,900,S8,test,0.7272727489471436,0.5897435897435898
7,900,S9,test,0.5454545617103577,0.35555555555555557
7,1800,S11,test,0.9090909361839294,0.6363636363636364
7,1800,S13,test,0.4545454680919647,0.20833333333333334
7,1800,S15,test,0.4545454680919647,0.20833333333333334
7,1800,S16,test,0.7272727489471436,0.5523809523809523
7,1800,S3,test,0.7272727489471436,0.4411764705882353
7,1800,S5,test,0.8181818127632141,0.5714285714285714
7,1800,S6,test,0.5454545617103577,0.34920634920634924
7,1800,S7,test,0.6363636255264282,0.4166666666666667
7,1800,S8,test,0.4545454680919647,0.20833333333333334
7,1800,S9,test,0.5454545617103577,0.35555555555555557
7,2700,S11,test,0.9090909361839294,0.6363636363636364
7,2700,S13,test,0.6363636255264282,0.5047619047619047
7,2700,S15,test,0.5454545617103577,0.35555555555555557
7,2700,S16,test,0.7272727489471436,0.5299145299145299
7,2700,S3,test,0.7272727489471436,0.4411764705882353
7,2700,S5,test,0.8181818127632141,0.5714285714285714
7,2700,S6,test,0.5454545617103577,0.34920634920634924
7,2700,S7,test,0.6363636255264282,0.4166666666666667
7,2700,S8,test,0.4545454680919647,0.20833333333333334
7,2700,S9,test,0.5454545617103577,0.35555555555555557
7,3600,S11,test,0.9090909361839294,0.6363636363636364
7,3600,S13,test,0.6363636255264282,0.5047619047619047
7,3600,S15,test,0.5454545617103577,0.35555555555555557
7,3600,S16,test,0.7272727489471436,0.5523809523809523
7,3600,S3,test,0.7272727489471436,0.4411764705882353
7,3600,S5,test,0.8181818127632141,0.5714285714285714
7,3600,S6,test,0.5454545617103577,0.34920634920634924
7,3600,S7,test,0.7272727489471436,0.5333333333333333
7,3600,S8,test,0.4545454680919647,0.20833333333333334
7,3600,S9,test,0.5454545617103577,0.34920634920634924
7,4500,S11,test,0.9090909361839294,0.6363636363636364
7,4500,S13,test,0.6363636255264282,0.5047619047619047
7,4500,S15,test,0.5454545617103577,0.35555555555555557
7,4500,S16,test,0.7272727489471436,0.5523809523809523
7,4500,S3,test,0.8181818127632141,0.5583333333333333
7,4500,S5,test,0.9090909361839294,0.6410256410256411
7,4500,S6,test,0.6363636255264282,0.4468864468864469
7,4500,S7,test,0.7272727489471436,0.5333333333333333
7,4500,S8,test,0.4545454680919647,0.20833333333333334
7,4500,S9,test,0.7272727489471436,0.5277777777777778
7,5400,S11,test,0.9090909361839294,0.6363636363636364
7,5400,S13,test,0.6363636255264282,0.5047619047619047
7,5400,S15,test,0.7272727489471436,0.5277777777777778
7,5400,S16,test,0.7272727489471436,0.5523809523809523
7,5400,S3,test,0.8181818127632141,0.5583333333333333
7,5400,S5,test,0.9090909361839294,0.6410256410256411
7,5400,S6,test,0.6363636255264282,0.4468864468864469
7,5400,S7,test,0.8181818127632141,0.6190476190476191
7,5400,S8,test,0.7272727489471436,0.5897435897435898
7,5400,S9,test,0.8181818127632141,0.5993265993265994
7,6300,S11,test,0.9090909361839294,0.6363636363636364
7,6300,S13,test,0.6363636255264282,0.5047619047619047
7,6300,S15,test,0.6363636255264282,0.4468864468864469
7,6300,S16,test,0.7272727489471436,0.5523809523809523
7,6300,S3,test,0.8181818127632141,0.5583333333333333
7,6300,S5,test,0.9090909361839294,0.6410256410256411
7,6300,S6,test,0.6363636255264282,0.4468864468864469
7,6300,S7,test,0.8181818127632141,0.6190476190476191
7,6300,S8,test,0.7272727489471436,0.5897435897435898
7,6300,S9,test,0.8181818127632141,0.5993265993265994
7,7200,S11,test,0.9090909361839294,0.6363636363636364
7,7200,S13,test,0.6363636255264282,0.5047619047619047
7,7200,S15,test,0.7272727489471436,0.5252525252525252
7,7200,S16,test,0.7272727489471436,0.5523809523809523
7,7200,S3,test,0.8181818127632141,0.5583333333333333
7,7200,S5,test,0.9090909361839294,0.6410256410256411
7,7200,S6,test,0.6363636255264282,0.4468864468864469
7,7200,S7,test,0.8181818127632141,0.6190476190476191
7,7200,S8,test,0.7272727489471436,0.5897435897435898
7,7200,S9,test,0.8181818127632141,0.5993265993265994
7,8100,S11,test,0.9090909361839294,0.6363636363636364
7,8100,S13,test,0.6363636255264282,0.5047619047619047
7,8100,S15,test,0.6363636255264282,0.4444444444444445
7,8100,S16,test,0.7272727489471436,0.5523809523809523
7,8100,S3,test,0.8181818127632141,0.5583333333333333
7,8100,S5,test,0.9090909361839294,0.6410256410256411
7,8100,S6,test,0.7272727489471436,0.5277777777777778
7,8100,S7,test,0.8181818127632141,0.6190476190476191
7,8100,S8,test,0.7272727489471436,0.5897435897435898
7,8100,S9,test,0.8181818127632141,0.5993265993265994
7,9000,S11,test,0.9090909361839294,0.6363636363636364
7,9000,S13,test,0.6363636255264282,0.5047619047619047
7,9000,S15,test,0.8181818127632141,0.6
7,9000,S16,test,0.7272727489471436,0.5523809523809523
7,9000,S3,test,0.8181818127632141,0.5583333333333333
7,9000,S5,test,0.9090909361839294,0.6410256410256411
7,9000,S6,test,0.7272727489471436,0.5277777777777778
7,9000,S7,test,0.8181818127632141,0.6190476190476191
7,9000,S8,test,0.7272727489471436,0.5897435897435898
7,9000,S9,test,0.8181818127632141,0.5993265993265994
7,9900,S11,test,0.9090909361839294,0.6363636363636364
7,9900,S13,test,0.6363636255264282,0.5047619047619047
7,9900,S15,test,0.6363636255264282,0.4444444444444445
7,9900,S16,test,0.7272727489471436,0.5523809523809523
7,9900,S3,test,0.8181818127632141,0.5583333333333333
7,9900,S5,test,0.9090909361839294,0.6410256410256411
7,9900,S6,test,0.8181818127632141,0.5993265993265994
7,9900,S7,test,0.8181818127632141,0.6190476190476191
7,9900,S8,test,0.7272727489471436,0.5897435897435898
7,9900,S9,test,0.8181818127632141,0.5993265993265994
7,10800,S11,test,0.9090909361839294,0.6363636363636364
7,10800,S13,test,0.6363636255264282,0.5047619047619047
7,10800,S15,test,0.7272727489471436,0.5252525252525252
7,10800,S16,test,0.7272727489471436,0.5523809523809523
7,10800,S3,test,0.7272727489471436,0.5064102564102564
7,10800,S5,test,0.9090909361839294,0.6410256410256411
7,10800,S6,test,0.8181818127632141,0.5993265993265994
7,10800,S7,test,0.8181818127632141,0.6190476190476191
7,10800,S8,test,0.7272727489471436,0.5897435897435898
7,10800,S9,test,0.8181818127632141,0.5993265993265994
7,11700,S11,test,0.9090909361839294,0.6363636363636364
7,11700,S13,test,0.6363636255264282,0.5047619047619047
7,11700,S15,test,0.7272727489471436,0.5252525252525252
7,11700,S16,test,0.7272727489471436,0.5523809523809523
7,11700,S3,test,0.7272727489471436,0.5064102564102564
7,11700,S5,test,0.9090909361839294,0.6410256410256411
7,11700,S6,test,0.8181818127632141,0.5993265993265994
7,11700,S7,test,0.8181818127632141,0.5934065934065934
7,11700,S8,test,0.7272727489471436,0.5897435897435898
7,11700,S9,test,0.8181818127632141,0.5993265993265994
7,12600,S11,test,0.8181818127632141,0.5740740740740741
7,12600,S13,test,0.6363636255264282,0.5047619047619047
7,12600,S15,test,0.8181818127632141,0.6
7,12600,S16,test,0.7272727489471436,0.5299145299145299
7,12600,S3,test,0.6363636255264282,0.4444444444444444
7,12600,S5,test,0.9090909361839294,0.6410256410256411
7,12600,S6,test,0.8181818127632141,0.5993265993265994
7,12600,S7,test,0.8181818127632141,0.6190476190476191
7,12600,S8,test,0.7272727489471436,0.5530303030303031
7,12600,S9,test,0.8181818127632141,0.5993265993265994
7,13500,S11,test,0.7272727489471436,0.5064102564102564
7,13500,S13,test,0.6363636255264282,0.5047619047619047
7,13500,S15,test,0.7272727489471436,0.5252525252525252
7,13500,S16,test,0.7272727489471436,0.5523809523809523
7,13500,S3,test,0.6363636255264282,0.4444444444444444
7,13500,S5,test,0.9090909361839294,0.6410256410256411
7,13500,S6,test,0.8181818127632141,0.5993265993265994
7,13500,S7,test,0.8181818127632141,0.5934065934065934
7,13500,S8,test,0.7272727489471436,0.5634920634920635
7,13500,S9,test,0.8181818127632141,0.5993265993265994
7,14400,S11,test,0.9090909361839294,0.6363636363636364
7,14400,S13,test,0.6363636255264282,0.5047619047619047
7,14400,S15,test,0.8181818127632141,0.6
7,14400,S16,test,0.7272727489471436,0.5523809523809523
7,14400,S3,test,0.8181818127632141,0.5714285714285714
7,14400,S5,test,0.9090909361839294,0.6410256410256411
7,14400,S6,test,0.8181818127632141,0.5993265993265994
7,14400,S7,test,0.8181818127632141,0.6190476190476191
7,14400,S8,test,0.7272727489471436,0.5634920634920635
7,14400,S9,test,0.8181818127632141,0.5993265993265994
7,15300,S11,test,0.9090909361839294,0.6363636363636364
7,15300,S13,test,0.6363636255264282,0.5047619047619047
7,15300,S15,test,0.8181818127632141,0.6
7,15300,S16,test,0.7272727489471436,0.5523809523809523
7,15300,S3,test,0.6363636255264282,0.4444444444444444
7,15300,S5,test,0.9090909361839294,0.6410256410256411
7,15300,S6,test,0.8181818127632141,0.5993265993265994
7,15300,S7,test,0.8181818127632141,0.6190476190476191
7,15300,S8,test,0.7272727489471436,0.5634920634920635
7,15300,S9,test,0.8181818127632141,0.5993265993265994
7,16200,S11,test,0.8181818127632141,0.5740740740740741
7,16200,S13,test,0.6363636255264282,0.5047619047619047
7,16200,S15,test,0.8181818127632141,0.6
7,16200,S16,test,0.7272727489471436,0.5523809523809523
7,16200,S3,test,0.7272727489471436,0.5064102564102564
7,16200,S5,test,0.9090909361839294,0.6410256410256411
7,16200,S6,test,0.8181818127632141,0.5993265993265994
7,16200,S7,test,0.8181818127632141,0.6190476190476191
7,16200,S8,test,0.7272727489471436,0.5634920634920635
7,16200,S9,test,0.8181818127632141,0.5993265993265994
7,17100,S11,test,0.8181818127632141,0.5740740740740741
7,17100,S13,test,0.6363636255264282,0.5047619047619047
7,17100,S15,test,0.8181818127632141,0.6
7,17100,S16,test,0.7272727489471436,0.5523809523809523
7,17100,S3,test,0.7272727489471436,0.5064102564102564
7,17100,S5,test,0.9090909361839294,0.6410256410256411
7,17100,S6,test,0.8181818127632141,0.5993265993265994
7,17100,S7,test,0.8181818127632141,0.6190476190476191
7,17100,S8,test,0.7272727489471436,0.5634920634920635
7,17100,S9,test,0.8181818127632141,0.5993265993265994
7,18000,S11,test,0.8181818127632141,0.5740740740740741
7,18000,S13,test,0.6363636255264282,0.47863247863247865
7,18000,S15,test,0.7272727489471436,0.5252525252525252
7,18000,S16,test,0.7272727489471436,0.5523809523809523
7,18000,S3,test,0.6363636255264282,0.4444444444444444
7,18000,S5,test,0.9090909361839294,0.6410256410256411
7,18000,S6,test,0.8181818127632141,0.5993265993265994
7,18000,S7,test,0.9090909361839294,0.8632478632478633
7,18000,S8,test,0.7272727489471436,0.5634920634920635
7,18000,S9,test,0.8181818127632141,0.5993265993265994
7,18900,S11,test,0.9090909361839294,0.6363636363636364
7,18900,S13,test,0.6363636255264282,0.5047619047619047
7,18900,S15,test,0.8181818127632141,0.6
7,18900,S16,test,0.7272727489471436,0.5523809523809523
7,18900,S3,test,0.7272727489471436,0.5064102564102564
7,18900,S5,test,0.9090909361839294,0.6410256410256411
7,18900,S6,test,0.8181818127632141,0.5993265993265994
7,18900,S7,test,0.8181818127632141,0.5833333333333334
7,18900,S8,test,0.7272727489471436,0.5634920634920635
7,18900,S9,test,0.9090909361839294,0.8518518518518517
7,19800,S11,test,0.8181818127632141,0.5740740740740741
7,19800,S13,test,0.6363636255264282,0.5047619047619047
7,19800,S15,test,0.8181818127632141,0.6
7,19800,S16,test,0.8181818127632141,0.7410256410256411
7,19800,S3,test,0.7272727489471436,0.5064102564102564
7,19800,S5,test,0.9090909361839294,0.6410256410256411
7,19800,S6,test,0.8181818127632141,0.5993265993265994
7,19800,S7,test,1.0,1.0
7,19800,S8,test,0.7272727489471436,0.5634920634920635
7,19800,S9,test,0.8181818127632141,0.5993265993265994
7,20700,S11,test,1.0,1.0
7,20700,S13,test,0.6363636255264282,0.5047619047619047
7,20700,S15,test,0.8181818127632141,0.6
7,20700,S16,test,0.7272727489471436,0.5523809523809523
7,20700,S3,test,0.7272727489471436,0.5064102564102564
7,20700,S5,test,0.9090909361839294,0.6410256410256411
7,20700,S6,test,0.8181818127632141,0.5993265993265994
7,20700,S7,test,0.9090909361839294,0.8632478632478633
7,20700,S8,test,0.7272727489471436,0.5634920634920635
7,20700,S9,test,0.9090909361839294,0.8518518518518517
7,21600,S11,test,0.9090909361839294,0.6363636363636364
7,21600,S13,test,0.6363636255264282,0.5047619047619047
7,21600,S15,test,0.8181818127632141,0.6
7,21600,S16,test,0.8181818127632141,0.7410256410256411
7,21600,S3,test,0.7272727489471436,0.5064102564102564
7,21600,S5,test,0.9090909361839294,0.6410256410256411
7,21600,S6,test,0.8181818127632141,0.5993265993265994
7,21600,S7,test,0.8181818127632141,0.6190476190476191
7,21600,S8,test,0.7272727489471436,0.5634920634920635
7,21600,S9,test,0.9090909361839294,0.8518518518518517
7,22500,S11,test,0.8181818127632141,0.5740740740740741
7,22500,S13,test,0.7272727489471436,0.5897435897435898
7,22500,S15,test,0.8181818127632141,0.6
7,22500,S16,test,0.8181818127632141,0.7410256410256411
7,22500,S3,test,0.7272727489471436,0.5064102564102564
7,22500,S5,test,0.9090909361839294,0.6410256410256411
7,22500,S6,test,0.8181818127632141,0.5993265993265994
7,22500,S7,test,1.0,1.0
7,22500,S8,test,0.8181818127632141,0.7777777777777778
7,22500,S9,test,0.9090909361839294,0.8585858585858586
7,23400,S11,test,0.9090909361839294,0.6363636363636364
7,23400,S13,test,0.7272727489471436,0.5897435897435898
7,23400,S15,test,0.8181818127632141,0.6
7,23400,S16,test,0.7272727489471436,0.5523809523809523
7,23400,S3,test,0.7272727489471436,0.5064102564102564
7,23400,S5,test,0.9090909361839294,0.6410256410256411
7,23400,S6,test,0.8181818127632141,0.5993265993265994
7,23400,S7,test,0.9090909361839294,0.8632478632478633
7,23400,S8,test,0.8181818127632141,0.7777777777777778
7,23400,S9,test,0.9090909361839294,0.8585858585858586
7,24300,S11,test,0.8181818127632141,0.5740740740740741
7,24300,S13,test,0.7272727489471436,0.5634920634920635
7,24300,S15,test,0.8181818127632141,0.6
7,24300,S16,test,0.8181818127632141,0.7410256410256411
7,24300,S3,test,0.7272727489471436,0.5421245421245421
7,24300,S5,test,0.9090909361839294,0.6410256410256411
7,24300,S6,test,0.8181818127632141,0.5993265993265994
7,24300,S7,test,0.9090909361839294,0.8632478632478633
7,24300,S8,test,0.8181818127632141,0.7777777777777778
7,24300,S9,test,0.9090909361839294,0.8585858585858586
7,25200,S11,test,0.9090909361839294,0.8518518518518517
7,25200,S13,test,0.6363636255264282,0.5047619047619047
7,25200,S15,test,0.8181818127632141,0.6
7,25200,S16,test,0.8181818127632141,0.7410256410256411
7,25200,S3,test,0.7272727489471436,0.5421245421245421
7,25200,S5,test,0.9090909361839294,0.6410256410256411
7,25200,S6,test,0.8181818127632141,0.5993265993265994
7,25200,S7,test,1.0,1.0
7,25200,S8,test,0.8181818127632141,0.7777777777777778
7,25200,S9,test,0.9090909361839294,0.8585858585858586
7,26100,S11,test,0.9090909361839294,0.8518518518518517
7,26100,S13,test,0.7272727489471436,0.5897435897435898
7,26100,S15,test,0.8181818127632141,0.6
7,26100,S16,test,0.8181818127632141,0.7410256410256411
7,26100,S3,test,0.7272727489471436,0.5421245421245421
7,26100,S5,test,0.9090909361839294,0.6410256410256411
7,26100,S6,test,0.8181818127632141,0.5993265993265994
7,26100,S7,test,1.0,1.0
7,26100,S8,test,0.8181818127632141,0.7777777777777778
7,26100,S9,test,0.9090909361839294,0.8585858585858586
7,27000,S11,test,0.9090909361839294,0.9326599326599326
7,27000,S13,test,0.7272727489471436,0.5897435897435898
7,27000,S15,test,0.8181818127632141,0.6
7,27000,S16,test,0.7272727489471436,0.5523809523809523
7,27000,S3,test,0.7272727489471436,0.5064102564102564
7,27000,S5,test,0.9090909361839294,0.6410256410256411
7,27000,S6,test,0.8181818127632141,0.5993265993265994
7,27000,S7,test,1.0,1.0
7,27000,S8,test,0.8181818127632141,0.7777777777777778
7,27000,S9,test,1.0,1.0
7,27900,S11,test,0.8181818127632141,0.5740740740740741
7,27900,S13,test,0.7272727489471436,0.5897435897435898
7,27900,S15,test,0.8181818127632141,0.6
7,27900,S16,test,0.8181818127632141,0.7410256410256411
7,27900,S3,test,0.7272727489471436,0.5421245421245421
7,27900,S5,test,0.9090909361839294,0.6410256410256411
7,27900,S6,test,0.8181818127632141,0.5993265993265994
7,27900,S7,test,1.0,1.0
7,27900,S8,test,0.8181818127632141,0.7777777777777778
7,27900,S9,test,1.0,1.0
7,28800,S11,test,0.8181818127632141,0.5740740740740741
7,28800,S13,test,0.7272727489471436,0.5634920634920635
7,28800,S15,test,0.8181818127632141,0.6
7,28800,S16,test,0.8181818127632141,0.7410256410256411
7,28800,S3,test,0.7272727489471436,0.5421245421245421
7,28800,S5,test,0.9090909361839294,0.6410256410256411
7,28800,S6,test,0.7272727489471436,0.5530303030303031
7,28800,S7,test,1.0,1.0
7,28800,S8,test,0.8181818127632141,0.7777777777777778
7,28800,S9,test,0.9090909361839294,0.8585858585858586
7,29700,S11,test,0.9090909361839294,0.9326599326599326
7,29700,S13,test,0.8181818127632141,0.7777777777777778
7,29700,S15,test,0.8181818127632141,0.6
7,29700,S16,test,0.8181818127632141,0.7410256410256411
7,29700,S3,test,0.7272727489471436,0.5421245421245421
7,29700,S5,test,0.9090909361839294,0.6410256410256411
7,29700,S6,test,0.7272727489471436,0.5530303030303031
7,29700,S7,test,1.0,1.0
7,29700,S8,test,0.8181818127632141,0.7777777777777778
7,29700,S9,test,1.0,1.0
7,30600,S11,test,1.0,1.0
7,30600,S13,test,0.8181818127632141,0.7777777777777778
7,30600,S15,test,0.8181818127632141,0.6
7,30600,S16,test,0.8181818127632141,0.7410256410256411
7,30600,S3,test,0.7272727489471436,0.5421245421245421
7,30600,S5,test,0.9090909361839294,0.6410256410256411
7,30600,S6,test,0.8181818127632141,0.5993265993265994
7,30600,S7,test,0.9090909361839294,0.8632478632478633
7,30600,S8,test,0.8181818127632141,0.7777777777777778
7,30600,S9,test,0.9090909361839294,0.8585858585858586
7,31500,S11,test,0.9090909361839294,0.9326599326599326
7,31500,S13,test,0.8181818127632141,0.7777777777777778
7,31500,S15,test,0.8181818127632141,0.6
7,31500,S16,test,0.8181818127632141,0.7410256410256411
7,31500,S3,test,0.7272727489471436,0.5421245421245421
7,31500,S5,test,0.9090909361839294,0.6410256410256411
7,31500,S6,test,0.8181818127632141,0.5993265993265994
7,31500,S7,test,0.9090909361839294,0.8632478632478633
7,31500,S8,test,0.8181818127632141,0.7777777777777778
7,31500,S9,test,1.0,1.0
7,32400,S11,test,0.9090909361839294,0.9326599326599326
7,32400,S13,test,0.7272727489471436,0.5634920634920635
7,32400,S15,test,0.8181818127632141,0.6
7,32400,S16,test,0.8181818127632141,0.7410256410256411
7,32400,S3,test,0.7272727489471436,0.5421245421245421
7,32400,S5,test,0.9090909361839294,0.6410256410256411
7,32400,S6,test,0.8181818127632141,0.5993265993265994
7,32400,S7,test,1.0,1.0
7,32400,S8,test,0.8181818127632141,0.7777777777777778
7,32400,S9,test,1.0,1.0
7,33300,S11,test,0.9090909361839294,0.9326599326599326
7,33300,S13,test,0.8181818127632141,0.7777777777777778
7,33300,S15,test,0.8181818127632141,0.6
7,33300,S16,test,0.8181818127632141,0.7410256410256411
7,33300,S3,test,0.7272727489471436,0.5421245421245421
7,33300,S5,test,0.9090909361839294,0.6410256410256411
7,33300,S6,test,0.8181818127632141,0.5993265993265994
7,33300,S7,test,1.0,1.0
7,33300,S8,test,0.8181818127632141,0.7777777777777778
7,33300,S9,test,0.9090909361839294,0.8585858585858586
7,34200,S11,test,0.9090909361839294,0.9326599326599326
7,34200,S13,test,0.8181818127632141,0.7777777777777778
7,34200,S15,test,0.8181818127632141,0.6
7,34200,S16,test,0.8181818127632141,0.7410256410256411
7,34200,S3,test,0.7272727489471436,0.5421245421245421
7,34200,S5,test,0.9090909361839294,0.6410256410256411
7,34200,S6,test,0.8181818127632141,0.5993265993265994
7,34200,S7,test,1.0,1.0
7,34200,S8,test,0.8181818127632141,0.7777777777777778
7,34200,S9,test,1.0,1.0
7,35100,S11,test,0.9090909361839294,0.9326599326599326
7,35100,S13,test,0.8181818127632141,0.7777777777777778
7,35100,S15,test,0.8181818127632141,0.6
7,35100,S16,test,0.8181818127632141,0.7410256410256411
7,35100,S3,test,0.7272727489471436,0.5421245421245421
7,35100,S5,test,0.9090909361839294,0.6410256410256411
7,35100,S6,test,0.8181818127632141,0.5993265993265994
7,35100,S7,test,1.0,1.0
7,35100,S8,test,0.8181818127632141,0.7777777777777778
7,35100,S9,test,1.0,1.0
7,36000,S11,test,0.9090909361839294,0.8518518518518517
7,36000,S13,test,0.8181818127632141,0.7777777777777778
7,36000,S15,test,0.8181818127632141,0.6
7,36000,S16,test,0.8181818127632141,0.7410256410256411
7,36000,S3,test,0.7272727489471436,0.5421245421245421
7,36000,S5,test,0.9090909361839294,0.6410256410256411
7,36000,S6,test,0.7272727489471436,0.5530303030303031
7,36000,S7,test,1.0,1.0
7,36000,S8,test,0.8181818127632141,0.7777777777777778
7,36000,S9,test,1.0,1.0
7,36900,S11,test,0.9090909361839294,0.9326599326599326
7,36900,S13,test,0.8181818127632141,0.7777777777777778
7,36900,S15,test,0.8181818127632141,0.6
7,36900,S16,test,0.8181818127632141,0.7410256410256411
7,36900,S3,test,0.7272727489471436,0.5421245421245421
7,36900,S5,test,0.9090909361839294,0.6410256410256411
7,36900,S6,test,0.8181818127632141,0.5993265993265994
7,36900,S7,test,1.0,1.0
7,36900,S8,test,0.9090909361839294,0.903030303030303
7,36900,S9,test,1.0,1.0
7,37800,S11,test,0.9090909361839294,0.9326599326599326
7,37800,S13,test,0.8181818127632141,0.7777777777777778
7,37800,S15,test,0.8181818127632141,0.6
7,37800,S16,test,0.8181818127632141,0.7410256410256411
7,37800,S3,test,0.8181818127632141,0.5714285714285714
7,37800,S5,test,0.9090909361839294,0.6410256410256411
7,37800,S6,test,0.8181818127632141,0.5993265993265994
7,37800,S7,test,0.8181818127632141,0.7410256410256411
7,37800,S8,test,0.8181818127632141,0.7777777777777778
7,37800,S9,test,0.9090909361839294,0.8585858585858586
7,38700,S11,test,0.8181818127632141,0.5740740740740741
7,38700,S13,test,0.8181818127632141,0.7777777777777778
7,38700,S15,test,0.8181818127632141,0.6
7,38700,S16,test,0.8181818127632141,0.7410256410256411
7,38700,S3,test,0.8181818127632141,0.7857142857142857
7,38700,S5,test,0.9090909361839294,0.6410256410256411
7,38700,S6,test,0.8181818127632141,0.5993265993265994
7,38700,S7,test,1.0,1.0
7,38700,S8,test,0.8181818127632141,0.7777777777777778
7,38700,S9,test,1.0,1.0
7,39600,S11,test,0.9090909361839294,0.8518518518518517
7,39600,S13,test,0.8181818127632141,0.7777777777777778
7,39600,S15,test,0.8181818127632141,0.6
7,39600,S16,test,0.8181818127632141,0.7410256410256411
7,39600,S3,test,0.9090909361839294,0.9267399267399267
7,39600,S5,test,0.9090909361839294,0.6410256410256411
7,39600,S6,test,0.8181818127632141,0.5993265993265994
7,39600,S7,test,1.0,1.0
7,39600,S8,test,0.8181818127632141,0.7777777777777778
7,39600,S9,test,1.0,1.0
7,40500,S11,test,0.7272727489471436,0.5277777777777778
7,40500,S13,test,0.8181818127632141,0.7777777777777778
7,40500,S15,test,0.8181818127632141,0.6
7,40500,S16,test,0.8181818127632141,0.7410256410256411
7,40500,S3,test,0.8181818127632141,0.7857142857142857
7,40500,S5,test,0.9090909361839294,0.6410256410256411
7,40500,S6,test,0.8181818127632141,0.5993265993265994
7,40500,S7,test,1.0,1.0
7,40500,S8,test,0.8181818127632141,0.7777777777777778
7,40500,S9,test,1.0,1.0
7,41400,S11,test,0.9090909361839294,0.9326599326599326
7,41400,S13,test,0.8181818127632141,0.7777777777777778
7,41400,S15,test,0.8181818127632141,0.6
7,41400,S16,test,0.8181818127632141,0.7410256410256411
7,41400,S3,test,0.9090909361839294,0.9267399267399267
7,41400,S5,test,0.9090909361839294,0.6410256410256411
7,41400,S6,test,0.8181818127632141,0.5993265993265994
7,41400,S7,test,0.9090909361839294,0.8666666666666667
7,41400,S8,test,0.9090909361839294,0.903030303030303
7,41400,S9,test,1.0,1.0
7,42300,S11,test,1.0,1.0
7,42300,S13,test,0.8181818127632141,0.7777777777777778
7,42300,S15,test,0.8181818127632141,0.6
7,42300,S16,test,0.8181818127632141,0.7410256410256411
7,42300,S3,test,0.8181818127632141,0.7857142857142857
7,42300,S5,test,0.9090909361839294,0.6410256410256411
7,42300,S6,test,0.8181818127632141,0.5993265993265994
7,42300,S7,test,0.9090909361839294,0.8666666666666667
7,42300,S8,test,0.9090909361839294,0.903030303030303
7,42300,S9,test,1.0,1.0
7,43200,S11,test,0.9090909361839294,0.8518518518518517
7,43200,S13,test,0.8181818127632141,0.7777777777777778
7,43200,S15,test,0.9090909361839294,0.8518518518518517
7,43200,S16,test,0.8181818127632141,0.7410256410256411
7,43200,S3,test,0.9090909361839294,0.9267399267399267
7,43200,S5,test,0.9090909361839294,0.6410256410256411
7,43200,S6,test,0.7272727489471436,0.5530303030303031
7,43200,S7,test,1.0,1.0
7,43200,S8,test,0.8181818127632141,0.7777777777777778
7,43200,S9,test,1.0,1.0
7,44100,S11,test,0.9090909361839294,0.8518518518518517
7,44100,S13,test,0.8181818127632141,0.7777777777777778
7,44100,S15,test,0.9090909361839294,0.8518518518518517
7,44100,S16,test,0.8181818127632141,0.7410256410256411
7,44100,S3,test,0.9090909361839294,0.9267399267399267
7,44100,S5,test,0.9090909361839294,0.6410256410256411
7,44100,S6,test,0.7272727489471436,0.5530303030303031
7,44100,S7,test,1.0,1.0
7,44100,S8,test,0.8181818127632141,0.7777777777777778
7,44100,S9,test,1.0,1.0
7,45000,S11,test,0.9090909361839294,0.9326599326599326
7,45000,S13,test,0.8181818127632141,0.7777777777777778
7,45000,S15,test,0.9090909361839294,0.8518518518518517
7,45000,S16,test,0.8181818127632141,0.7410256410256411
7,45000,S3,test,0.9090909361839294,0.9267399267399267
7,45000,S5,test,0.9090909361839294,0.6410256410256411
7,45000,S6,test,0.7272727489471436,0.5530303030303031
7,45000,S7,test,1.0,1.0
7,45000,S8,test,0.8181818127632141,0.7777777777777778
7,45000,S9,test,1.0,1.0
7,45900,S11,test,1.0,1.0
7,45900,S13,test,0.8181818127632141,0.7777777777777778
7,45900,S15,test,0.9090909361839294,0.8518518518518517
7,45900,S16,test,0.8181818127632141,0.7410256410256411
7,45900,S3,test,0.9090909361839294,0.9267399267399267
7,45900,S5,test,0.9090909361839294,0.6410256410256411
7,45900,S6,test,0.8181818127632141,0.5993265993265994
7,45900,S7,test,0.9090909361839294,0.8666666666666667
7,45900,S8,test,0.9090909361839294,0.903030303030303
7,45900,S9,test,1.0,1.0
7,46800,S11,test,0.9090909361839294,0.8518518518518517
7,46800,S13,test,0.8181818127632141,0.7777777777777778
7,46800,S15,test,0.9090909361839294,0.8518518518518517
7,46800,S16,test,0.8181818127632141,0.7410256410256411
7,46800,S3,test,0.8181818127632141,0.7857142857142857
7,46800,S5,test,0.9090909361839294,0.6410256410256411
7,46800,S6,test,0.8181818127632141,0.5993265993265994
7,46800,S7,test,0.9090909361839294,0.8666666666666667
7,46800,S8,test,0.9090909361839294,0.903030303030303
7,46800,S9,test,1.0,1.0
7,47700,S11,test,0.8181818127632141,0.5740740740740741
7,47700,S13,test,0.8181818127632141,0.7777777777777778
7,47700,S15,test,0.9090909361839294,0.8518518518518517
7,47700,S16,test,0.8181818127632141,0.7410256410256411
7,47700,S3,test,0.9090909361839294,0.9267399267399267
7,47700,S5,test,0.9090909361839294,0.6410256410256411
7,47700,S6,test,0.8181818127632141,0.5993265993265994
7,47700,S7,test,0.9090909361839294,0.8666666666666667
7,47700,S8,test,0.8181818127632141,0.7777777777777778
7,47700,S9,test,1.0,1.0
7,48600,S11,test,0.9090909361839294,0.8518518518518517
7,48600,S13,test,0.8181818127632141,0.7777777777777778
7,48600,S15,test,0.8181818127632141,0.6
7,48600,S16,test,0.8181818127632141,0.7410256410256411
7,48600,S3,test,0.9090909361839294,0.9267399267399267
7,48600,S5,test,0.9090909361839294,0.6410256410256411
7,48600,S6,test,0.8181818127632141,0.5993265993265994
7,48600,S7,test,1.0,1.0
7,48600,S8,test,0.9090909361839294,0.903030303030303
7,48600,S9,test,1.0,1.0
7,49500,S11,test,0.7272727489471436,0.5277777777777778
7,49500,S13,test,0.8181818127632141,0.7777777777777778
7,49500,S15,test,0.9090909361839294,0.8518518518518517
7,49500,S16,test,0.8181818127632141,0.7410256410256411
7,49500,S3,test,0.9090909361839294,0.9267399267399267
7,49500,S5,test,0.9090909361839294,0.6410256410256411
7,49500,S6,test,0.9090909361839294,0.8518518518518517
7,49500,S7,test,1.0,1.0
7,49500,S8,test,0.8181818127632141,0.7777777777777778
7,49500,S9,test,1.0,1.0
7,50400,S11,test,0.9090909361839294,0.8518518518518517
7,50400,S13,test,0.8181818127632141,0.7777777777777778
7,50400,S15,test,0.9090909361839294,0.8518518518518517
7,50400,S16,test,0.8181818127632141,0.7410256410256411
7,50400,S3,test,0.9090909361839294,0.9267399267399267
7,50400,S5,test,0.9090909361839294,0.6410256410256411
7,50400,S6,test,0.8181818127632141,0.5993265993265994
7,50400,S7,test,0.9090909361839294,0.8666666666666667
7,50400,S8,test,0.8181818127632141,0.7777777777777778
7,50400,S9,test,1.0,1.0
7,51300,S11,test,0.8181818127632141,0.5740740740740741
7,51300,S13,test,0.8181818127632141,0.7777777777777778
7,51300,S15,test,0.9090909361839294,0.8518518518518517
7,51300,S16,test,0.8181818127632141,0.7410256410256411
7,51300,S3,test,0.9090909361839294,0.9267399267399267
7,51300,S5,test,0.9090909361839294,0.6410256410256411
7,51300,S6,test,0.9090909361839294,0.8518518518518517
7,51300,S7,test,0.9090909361839294,0.8666666666666667
7,51300,S8,test,0.9090909361839294,0.903030303030303
7,51300,S9,test,1.0,1.0
7,52200,S11,test,0.9090909361839294,0.9326599326599326
7,52200,S13,test,0.8181818127632141,0.7777777777777778
7,52200,S15,test,0.9090909361839294,0.8518518518518517
7,52200,S16,test,0.8181818127632141,0.7410256410256411
7,52200,S3,test,0.9090909361839294,0.9267399267399267
7,52200,S5,test,0.9090909361839294,0.6410256410256411
7,52200,S6,test,0.9090909361839294,0.8518518518518517
7,52200,S7,test,0.9090909361839294,0.8666666666666667
7,52200,S8,test,0.9090909361839294,0.903030303030303
7,52200,S9,test,1.0,1.0
7,53100,S11,test,0.9090909361839294,0.6363636363636364
7,53100,S13,test,0.8181818127632141,0.7777777777777778
7,53100,S15,test,0.9090909361839294,0.8518518518518517
7,53100,S16,test,0.8181818127632141,0.7410256410256411
7,53100,S3,test,0.8181818127632141,0.7857142857142857
7,53100,S5,test,0.9090909361839294,0.6410256410256411
7,53100,S6,test,0.9090909361839294,0.8518518518518517
7,53100,S7,test,0.9090909361839294,0.8666666666666667
7,53100,S8,test,0.9090909361839294,0.903030303030303
7,53100,S9,test,1.0,1.0
7,54000,S11,test,0.9090909361839294,0.8518518518518517
7,54000,S13,test,0.8181818127632141,0.7777777777777778
7,54000,S15,test,0.9090909361839294,0.8518518518518517
7,54000,S16,test,0.8181818127632141,0.7410256410256411
7,54000,S3,test,0.9090909361839294,0.9267399267399267
7,54000,S5,test,0.9090909361839294,0.6410256410256411
7,54000,S6,test,0.9090909361839294,0.8518518518518517
7,54000,S7,test,0.9090909361839294,0.8666666666666667
7,54000,S8,test,0.9090909361839294,0.903030303030303
7,54000,S9,test,1.0,1.0
7,54900,S11,test,0.9090909361839294,0.8518518518518517
7,54900,S13,test,0.8181818127632141,0.7777777777777778
7,54900,S15,test,0.9090909361839294,0.8518518518518517
7,54900,S16,test,0.8181818127632141,0.7410256410256411
7,54900,S3,test,0.9090909361839294,0.9267399267399267
7,54900,S5,test,0.9090909361839294,0.6410256410256411
7,54900,S6,test,0.9090909361839294,0.8518518518518517
7,54900,S7,test,0.9090909361839294,0.8666666666666667
7,54900,S8,test,0.8181818127632141,0.7777777777777778
7,54900,S9,test,1.0,1.0
7,55800,S11,test,0.9090909361839294,0.8518518518518517
7,55800,S13,test,0.8181818127632141,0.7777777777777778
7,55800,S15,test,0.9090909361839294,0.8518518518518517
7,55800,S16,test,0.8181818127632141,0.7410256410256411
7,55800,S3,test,0.9090909361839294,0.9267399267399267
7,55800,S5,test,0.9090909361839294,0.6410256410256411
7,55800,S6,test,0.9090909361839294,0.8518518518518517
7,55800,S7,test,1.0,1.0
7,55800,S8,test,0.9090909361839294,0.903030303030303
7,55800,S9,test,1.0,1.0
7,56700,S11,test,0.9090909361839294,0.9326599326599326
7,56700,S13,test,0.8181818127632141,0.7777777777777778
7,56700,S15,test,0.9090909361839294,0.8518518518518517
7,56700,S16,test,0.8181818127632141,0.7410256410256411
7,56700,S3,test,0.9090909361839294,0.9267399267399267
7,56700,S5,test,0.9090909361839294,0.6410256410256411
7,56700,S6,test,0.9090909361839294,0.8518518518518517
7,56700,S7,test,0.9090909361839294,0.8666666666666667
7,56700,S8,test,0.9090909361839294,0.903030303030303
7,56700,S9,test,1.0,1.0
7,57600,S11,test,0.9090909361839294,0.8518518518518517
7,57600,S13,test,0.8181818127632141,0.7777777777777778
7,57600,S15,test,0.9090909361839294,0.8518518518518517
7,57600,S16,test,0.8181818127632141,0.7410256410256411
7,57600,S3,test,0.9090909361839294,0.9267399267399267
7,57600,S5,test,0.9090909361839294,0.6410256410256411
7,57600,S6,test,0.9090909361839294,0.8518518518518517
7,57600,S7,test,0.9090909361839294,0.8666666666666667
7,57600,S8,test,0.9090909361839294,0.903030303030303
7,57600,S9,test,1.0,1.0
7,58500,S11,test,1.0,1.0
7,58500,S13,test,0.8181818127632141,0.7777777777777778
7,58500,S15,test,0.9090909361839294,0.8518518518518517
7,58500,S16,test,0.8181818127632141,0.7410256410256411
7,58500,S3,test,0.9090909361839294,0.9267399267399267
7,58500,S5,test,0.9090909361839294,0.6410256410256411
7,58500,S6,test,0.9090909361839294,0.8518518518518517
7,58500,S7,test,0.9090909361839294,0.8666666666666667
7,58500,S8,test,0.9090909361839294,0.903030303030303
7,58500,S9,test,1.0,1.0
7,59400,S11,test,0.8181818127632141,0.5740740740740741
7,59400,S13,test,0.8181818127632141,0.7777777777777778
7,59400,S15,test,0.9090909361839294,0.8518518518518517
7,59400,S16,test,0.8181818127632141,0.7410256410256411
7,59400,S3,test,0.9090909361839294,0.9267399267399267
7,59400,S5,test,0.9090909361839294,0.6410256410256411
7,59400,S6,test,0.9090909361839294,0.8518518518518517
7,59400,S7,test,0.9090909361839294,0.903030303030303
7,59400,S8,test,0.9090909361839294,0.903030303030303
7,59400,S9,test,1.0,1.0
7,60300,S11,test,0.9090909361839294,0.8518518518518517
7,60300,S13,test,0.8181818127632141,0.7777777777777778
7,60300,S15,test,0.9090909361839294,0.8518518518518517
7,60300,S16,test,0.8181818127632141,0.7410256410256411
7,60300,S3,test,0.9090909361839294,0.9267399267399267
7,60300,S5,test,0.9090909361839294,0.6410256410256411
7,60300,S6,test,1.0,1.0
7,60300,S7,test,0.9090909361839294,0.8666666666666667
7,60300,S8,test,0.9090909361839294,0.903030303030303
7,60300,S9,test,1.0,1.0
7,61200,S11,test,0.9090909361839294,0.8518518518518517
7,61200,S13,test,0.8181818127632141,0.7777777777777778
7,61200,S15,test,0.9090909361839294,0.8518518518518517
7,61200,S16,test,0.8181818127632141,0.7410256410256411
7,61200,S3,test,0.9090909361839294,0.9267399267399267
7,61200,S5,test,0.9090909361839294,0.6410256410256411
7,61200,S6,test,0.9090909361839294,0.8518518518518517
7,61200,S7,test,0.9090909361839294,0.8666666666666667
7,61200,S8,test,0.9090909361839294,0.903030303030303
7,61200,S9,test,1.0,1.0
7,62100,S11,test,1.0,1.0
7,62100,S13,test,0.8181818127632141,0.7777777777777778
7,62100,S15,test,0.9090909361839294,0.8518518518518517
7,62100,S16,test,0.8181818127632141,0.7410256410256411
7,62100,S3,test,0.9090909361839294,0.8632478632478633
7,62100,S5,test,0.9090909361839294,0.6410256410256411
7,62100,S6,test,0.9090909361839294,0.8518518518518517
7,62100,S7,test,0.9090909361839294,0.8666666666666667
7,62100,S8,test,0.9090909361839294,0.903030303030303
7,62100,S9,test,1.0,1.0
7,63000,S11,test,0.9090909361839294,0.8518518518518517
7,63000,S13,test,0.8181818127632141,0.7777777777777778
7,63000,S15,test,0.9090909361839294,0.8518518518518517
7,63000,S16,test,0.8181818127632141,0.7410256410256411
7,63000,S3,test,0.9090909361839294,0.9267399267399267
7,63000,S5,test,0.9090909361839294,0.6410256410256411
7,63000,S6,test,0.9090909361839294,0.8518518518518517
7,63000,S7,test,0.9090909361839294,0.8666666666666667
7,63000,S8,test,0.9090909361839294,0.903030303030303
7,63000,S9,test,1.0,1.0
7,63900,S11,test,0.7272727489471436,0.5277777777777778
7,63900,S13,test,0.8181818127632141,0.7777777777777778
7,63900,S15,test,0.9090909361839294,0.8518518518518517
7,63900,S16,test,0.8181818127632141,0.7410256410256411
7,63900,S3,test,0.9090909361839294,0.9267399267399267
7,63900,S5,test,0.9090909361839294,0.6410256410256411
7,63900,S6,test,0.9090909361839294,0.8518518518518517
7,63900,S7,test,1.0,1.0
7,63900,S8,test,0.9090909361839294,0.903030303030303
7,63900,S9,test,1.0,1.0
7,64800,S11,test,0.9090909361839294,0.8518518518518517
7,64800,S13,test,0.8181818127632141,0.7777777777777778
7,64800,S15,test,0.9090909361839294,0.8518518518518517
7,64800,S16,test,0.8181818127632141,0.7410256410256411
7,64800,S3,test,0.9090909361839294,0.9267399267399267
7,64800,S5,test,0.9090909361839294,0.6410256410256411
7,64800,S6,test,0.9090909361839294,0.8518518518518517
7,64800,S7,test,0.9090909361839294,0.8666666666666667
7,64800,S8,test,0.9090909361839294,0.903030303030303
7,64800,S9,test,1.0,1.0
7,65700,S11,test,1.0,1.0
7,65700,S13,test,0.8181818127632141,0.7777777777777778
7,65700,S15,test,0.9090909361839294,0.8518518518518517
7,65700,S16,test,0.8181818127632141,0.7410256410256411
7,65700,S3,test,0.9090909361839294,0.9267399267399267
7,65700,S5,test,0.9090909361839294,0.6410256410256411
7,65700,S6,test,0.9090909361839294,0.8518518518518517
7,65700,S7,test,0.9090909361839294,0.8666666666666667
7,65700,S8,test,0.9090909361839294,0.903030303030303
7,65700,S9,test,1.0,1.0
7,66600,S11,test,1.0,1.0
7,66600,S13,test,0.8181818127632141,0.7777777777777778
7,66600,S15,test,0.9090909361839294,0.8518518518518517
7,66600,S16,test,0.8181818127632141,0.7410256410256411
7,66600,S3,test,0.9090909361839294,0.9267399267399267
7,66600,S5,test,0.9090909361839294,0.6410256410256411
7,66600,S6,test,0.9090909361839294,0.8518518518518517
7,66600,S7,test,0.9090909361839294,0.8666666666666667
7,66600,S8,test,0.9090909361839294,0.903030303030303
7,66600,S9,test,1.0,1.0
7,67500,S11,test,0.9090909361839294,0.8518518518518517
7,67500,S13,test,0.8181818127632141,0.7777777777777778
7,67500,S15,test,0.9090909361839294,0.8518518518518517
7,67500,S16,test,0.8181818127632141,0.7410256410256411
7,67500,S3,test,0.9090909361839294,0.8632478632478633
7,67500,S5,test,0.9090909361839294,0.6410256410256411
7,67500,S6,test,0.8181818127632141,0.7554112554112553
7,67500,S7,test,0.9090909361839294,0.8666666666666667
7,67500,S8,test,0.9090909361839294,0.903030303030303
7,67500,S9,test,1.0,1.0
7,68400,S11,test,0.9090909361839294,0.8518518518518517
7,68400,S13,test,0.8181818127632141,0.7777777777777778
7,68400,S15,test,0.9090909361839294,0.8518518518518517
7,68400,S16,test,0.8181818127632141,0.7410256410256411
7,68400,S3,test,0.9090909361839294,0.9267399267399267
7,68400,S5,test,0.9090909361839294,0.6410256410256411
7,68400,S6,test,1.0,1.0
7,68400,S7,test,0.9090909361839294,0.8666666666666667
7,68400,S8,test,0.9090909361839294,0.903030303030303
7,68400,S9,test,1.0,1.0
7,69300,S11,test,0.9090909361839294,0.8518518518518517
7,69300,S13,test,0.8181818127632141,0.7777777777777778
7,69300,S15,test,0.9090909361839294,0.8518518518518517
7,69300,S16,test,0.9090909361839294,0.9076923076923077
7,69300,S3,test,0.9090909361839294,0.9267399267399267
7,69300,S5,test,0.9090909361839294,0.6410256410256411
7,69300,S6,test,0.9090909361839294,0.8518518518518517
7,69300,S7,test,0.9090909361839294,0.8666666666666667
7,69300,S8,test,0.9090909361839294,0.903030303030303
7,69300,S9,test,1.0,1.0
7,70200,S11,test,1.0,1.0
7,70200,S13,test,0.8181818127632141,0.7777777777777778
7,70200,S15,test,0.9090909361839294,0.8518518518518517
7,70200,S16,test,0.9090909361839294,0.9076923076923077
7,70200,S3,test,0.9090909361839294,0.9267399267399267
7,70200,S5,test,0.9090909361839294,0.6410256410256411
7,70200,S6,test,0.9090909361839294,0.8518518518518517
7,70200,S7,test,0.9090909361839294,0.8666666666666667
7,70200,S8,test,0.9090909361839294,0.903030303030303
7,70200,S9,test,1.0,1.0
7,71100,S11,test,1.0,1.0
7,71100,S13,test,0.9090909361839294,0.903030303030303
7,71100,S15,test,0.9090909361839294,0.8518518518518517
7,71100,S16,test,0.9090909361839294,0.9076923076923077
7,71100,S3,test,1.0,1.0
7,71100,S5,test,0.9090909361839294,0.6410256410256411
7,71100,S6,test,1.0,1.0
7,71100,S7,test,0.9090909361839294,0.8666666666666667
7,71100,S8,test,0.9090909361839294,0.903030303030303
7,71100,S9,test,1.0,1.0
7,72000,S11,test,1.0,1.0
7,72000,S13,test,0.8181818127632141,0.7777777777777778
7,72000,S15,test,0.9090909361839294,0.8518518518518517
7,72000,S16,test,0.9090909361839294,0.9076923076923077
7,72000,S3,test,0.9090909361839294,0.9267399267399267
7,72000,S5,test,0.9090909361839294,0.6410256410256411
7,72000,S6,test,1.0,1.0
7,72000,S7,test,0.9090909361839294,0.8666666666666667
7,72000,S8,test,0.9090909361839294,0.903030303030303
7,72000,S9,test,1.0,1.0
7,72900,S11,test,1.0,1.0
7,72900,S13,test,0.8181818127632141,0.7777777777777778
7,72900,S15,test,0.9090909361839294,0.8518518518518517
7,72900,S16,test,0.8181818127632141,0.7410256410256411
7,72900,S3,test,0.9090909361839294,0.9267399267399267
7,72900,S5,test,0.9090909361839294,0.6410256410256411
7,72900,S6,test,1.0,1.0
7,72900,S7,test,0.9090909361839294,0.8666666666666667
7,72900,S8,test,0.9090909361839294,0.903030303030303
7,72900,S9,test,1.0,1.0
7,73800,S11,test,0.9090909361839294,0.9326599326599326
7,73800,S13,test,1.0,1.0
7,73800,S15,test,0.9090909361839294,0.8518518518518517
7,73800,S16,test,0.8181818127632141,0.7410256410256411
7,73800,S3,test,0.9090909361839294,0.9267399267399267
7,73800,S5,test,0.9090909361839294,0.6410256410256411
7,73800,S6,test,1.0,1.0
7,73800,S7,test,0.9090909361839294,0.8666666666666667
7,73800,S8,test,0.9090909361839294,0.903030303030303
7,73800,S9,test,1.0,1.0
7,74700,S11,test,0.9090909361839294,0.8518518518518517
7,74700,S13,test,0.8181818127632141,0.7777777777777778
7,74700,S15,test,0.9090909361839294,0.8518518518518517
7,74700,S16,test,0.9090909361839294,0.9076923076923077
7,74700,S3,test,1.0,1.0
7,74700,S5,test,0.9090909361839294,0.6410256410256411
7,74700,S6,test,0.9090909361839294,0.8518518518518517
7,74700,S7,test,0.9090909361839294,0.8666666666666667
7,74700,S8,test,0.9090909361839294,0.903030303030303
7,74700,S9,test,1.0,1.0
7,75600,S11,test,0.9090909361839294,0.8518518518518517
7,75600,S13,test,0.9090909361839294,0.903030303030303
7,75600,S15,test,0.9090909361839294,0.8518518518518517
7,75600,S16,test,0.9090909361839294,0.9076923076923077
7,75600,S3,test,1.0,1.0
7,75600,S5,test,0.9090909361839294,0.6410256410256411
7,75600,S6,test,0.9090909361839294,0.8518518518518517
7,75600,S7,test,0.9090909361839294,0.8666666666666667
7,75600,S8,test,0.9090909361839294,0.903030303030303
7,75600,S9,test,1.0,1.0
7,76500,S11,test,0.9090909361839294,0.9326599326599326
7,76500,S13,test,0.8181818127632141,0.7777777777777778
7,76500,S15,test,0.9090909361839294,0.8518518518518517
7,76500,S16,test,0.9090909361839294,0.9076923076923077
7,76500,S3,test,1.0,1.0
7,76500,S5,test,0.9090909361839294,0.6410256410256411
7,76500,S6,test,1.0,1.0
7,76500,S7,test,0.9090909361839294,0.8666666666666667
7,76500,S8,test,0.9090909361839294,0.903030303030303
7,76500,S9,test,1.0,1.0
7,77400,S11,test,0.9090909361839294,0.8518518518518517
7,77400,S13,test,0.8181818127632141,0.7777777777777778
7,77400,S15,test,0.9090909361839294,0.8518518518518517
7,77400,S16,test,0.9090909361839294,0.9076923076923077
7,77400,S3,test,1.0,1.0
7,77400,S5,test,0.9090909361839294,0.6410256410256411
7,77400,S6,test,0.9090909361839294,0.8518518518518517
7,77400,S7,test,0.9090909361839294,0.8666666666666667
7,77400,S8,test,0.9090909361839294,0.903030303030303
7,77400,S9,test,1.0,1.0
7,78300,S11,test,0.9090909361839294,0.8518518518518517
7,78300,S13,test,0.8181818127632141,0.7777777777777778
7,78300,S15,test,0.9090909361839294,0.8518518518518517
7,78300,S16,test,0.9090909361839294,0.9076923076923077
7,78300,S3,test,0.9090909361839294,0.9267399267399267
7,78300,S5,test,0.9090909361839294,0.6410256410256411
7,78300,S6,test,1.0,1.0
7,78300,S7,test,0.9090909361839294,0.8666666666666667
7,78300,S8,test,0.9090909361839294,0.903030303030303
7,78300,S9,test,1.0,1.0
7,79200,S11,test,0.9090909361839294,0.8518518518518517
7,79200,S13,test,0.8181818127632141,0.7777777777777778
7,79200,S15,test,0.9090909361839294,0.8518518518518517
7,79200,S16,test,0.9090909361839294,0.9076923076923077
7,79200,S3,test,1.0,1.0
7,79200,S5,test,0.9090909361839294,0.6410256410256411
7,79200,S6,test,1.0,1.0
7,79200,S7,test,0.9090909361839294,0.8666666666666667
7,79200,S8,test,0.9090909361839294,0.903030303030303
7,79200,S9,test,1.0,1.0
7,80100,S11,test,0.9090909361839294,0.8518518518518517
7,80100,S13,test,0.8181818127632141,0.7777777777777778
7,80100,S15,test,0.9090909361839294,0.8518518518518517
7,80100,S16,test,0.9090909361839294,0.9076923076923077
7,80100,S3,test,1.0,1.0
7,80100,S5,test,0.9090909361839294,0.6410256410256411
7,80100,S6,test,1.0,1.0
7,80100,S7,test,0.9090909361839294,0.8666666666666667
7,80100,S8,test,0.9090909361839294,0.903030303030303
7,80100,S9,test,1.0,1.0
7,81000,S11,test,0.9090909361839294,0.8518518518518517
7,81000,S13,test,0.8181818127632141,0.7777777777777778
7,81000,S15,test,0.8181818127632141,0.5993265993265994
7,81000,S16,test,0.9090909361839294,0.9076923076923077
7,81000,S3,test,0.9090909361839294,0.9267399267399267
7,81000,S5,test,0.9090909361839294,0.6410256410256411
7,81000,S6,test,1.0,1.0
7,81000,S7,test,0.9090909361839294,0.8666666666666667
7,81000,S8,test,1.0,1.0
7,81000,S9,test,1.0,1.0
7,81900,S11,test,0.9090909361839294,0.8518518518518517
7,81900,S13,test,1.0,1.0
7,81900,S15,test,0.8181818127632141,0.5993265993265994
7,81900,S16,test,0.9090909361839294,0.9076923076923077
7,81900,S3,test,1.0,1.0
7,81900,S5,test,0.9090909361839294,0.6410256410256411
7,81900,S6,test,1.0,1.0
7,81900,S7,test,0.9090909361839294,0.8666666666666667
7,81900,S8,test,0.9090909361839294,0.903030303030303
7,81900,S9,test,1.0,1.0
7,82800,S11,test,0.8181818127632141,0.7752525252525252
7,82800,S13,test,0.8181818127632141,0.7777777777777778
7,82800,S15,test,0.8181818127632141,0.5993265993265994
7,82800,S16,test,0.9090909361839294,0.9076923076923077
7,82800,S3,test,1.0,1.0
7,82800,S5,test,0.9090909361839294,0.6410256410256411
7,82800,S6,test,1.0,1.0
7,82800,S7,test,0.9090909361839294,0.8666666666666667
7,82800,S8,test,0.9090909361839294,0.903030303030303
7,82800,S9,test,1.0,1.0
7,83700,S11,test,0.9090909361839294,0.8518518518518517
7,83700,S13,test,1.0,1.0
7,83700,S15,test,0.9090909361839294,0.8518518518518517
7,83700,S16,test,0.9090909361839294,0.9076923076923077
7,83700,S3,test,1.0,1.0
7,83700,S5,test,0.9090909361839294,0.6410256410256411
7,83700,S6,test,1.0,1.0
7,83700,S7,test,0.9090909361839294,0.8666666666666667
7,83700,S8,test,0.9090909361839294,0.903030303030303
7,83700,S9,test,1.0,1.0
7,84600,S11,test,0.9090909361839294,0.8518518518518517
7,84600,S13,test,0.9090909361839294,0.903030303030303
7,84600,S15,test,0.8181818127632141,0.5993265993265994
7,84600,S16,test,0.9090909361839294,0.9076923076923077
7,84600,S3,test,0.9090909361839294,0.9267399267399267
7,84600,S5,test,0.9090909361839294,0.6410256410256411
7,84600,S6,test,1.0,1.0
7,84600,S7,test,0.9090909361839294,0.8666666666666667
7,84600,S8,test,1.0,1.0
7,84600,S9,test,1.0,1.0
7,85500,S11,test,0.9090909361839294,0.8518518518518517
7,85500,S13,test,0.8181818127632141,0.7777777777777778
7,85500,S15,test,0.9090909361839294,0.8518518518518517
7,85500,S16,test,0.9090909361839294,0.9076923076923077
7,85500,S3,test,0.9090909361839294,0.9267399267399267
7,85500,S5,test,0.9090909361839294,0.6410256410256411
7,85500,S6,test,1.0,1.0
7,85500,S7,test,0.9090909361839294,0.8666666666666667
7,85500,S8,test,0.9090909361839294,0.903030303030303
7,85500,S9,test,1.0,1.0
7,86400,S11,test,0.9090909361839294,0.8518518518518517
7,86400,S13,test,0.8181818127632141,0.7777777777777778
7,86400,S15,test,0.8181818127632141,0.5993265993265994
7,86400,S16,test,0.9090909361839294,0.9076923076923077
7,86400,S3,test,1.0,1.0
7,86400,S5,test,0.9090909361839294,0.6410256410256411
7,86400,S6,test,1.0,1.0
7,86400,S7,test,0.9090909361839294,0.8666666666666667
7,86400,S8,test,0.9090909361839294,0.903030303030303
7,86400,S9,test,1.0,1.0
129,0,S11,test,0.5454545617103577,0.41269841269841273
129,0,S13,test,0.4545454680919647,0.20833333333333334
129,0,S15,test,0.4545454680919647,0.20833333333333334
129,0,S16,test,0.7272727489471436,0.4761904761904761
129,0,S3,test,0.5454545617103577,0.3516483516483517
129,0,S5,test,0.6363636255264282,0.2745098039215686
129,0,S6,test,0.3636363744735718,0.17777777777777778
129,0,S7,test,0.9090909361839294,0.6470588235294118
129,0,S8,test,0.27272728085517883,0.17777777777777778
129,0,S9,test,0.5454545617103577,0.25
129,900,S11,test,0.4545454680919647,0.20833333333333334
129,900,S13,test,0.5454545617103577,0.23529411764705885
129,900,S15,test,0.6363636255264282,0.25925925925925924
129,900,S16,test,0.9090909361839294,0.6
129,900,S3,test,0.4545454680919647,0.2222222222222222
129,900,S5,test,0.8181818127632141,0.3
129,900,S6,test,0.4545454680919647,0.20833333333333334
129,900,S7,test,0.7272727489471436,0.2807017543859649
129,900,S8,test,0.6363636255264282,0.25925925925925924
129,900,S9,test,0.8181818127632141,0.3157894736842105
129,1800,S11,test,0.4545454680919647,0.20833333333333334
129,1800,S13,test,0.5454545617103577,0.23529411764705885
129,1800,S15,test,0.6363636255264282,0.25925925925925924
129,1800,S16,test,0.8181818127632141,0.4803921568627451
129,1800,S3,test,0.6363636255264282,0.4468864468864469
129,1800,S5,test,0.8181818127632141,0.3
129,1800,S6,test,0.4545454680919647,0.20833333333333334
129,1800,S7,test,0.7272727489471436,0.2807017543859649
129,1800,S8,test,0.6363636255264282,0.25925925925925924
129,1800,S9,test,0.8181818127632141,0.3
129,2700,S11,test,0.5454545617103577,0.38888888888888884
129,2700,S13,test,0.5454545617103577,0.23529411764705885
129,2700,S15,test,0.6363636255264282,0.25925925925925924
129,2700,S16,test,0.9090909361839294,0.6
129,2700,S3,test,0.6363636255264282,0.4468864468864469
129,2700,S5,test,0.8181818127632141,0.3
129,2700,S6,test,0.5454545617103577,0.34920634920634924
129,2700,S7,test,0.9090909361839294,0.6470588235294118
129,2700,S8,test,0.6363636255264282,0.25925925925925924
129,2700,S9,test,0.8181818127632141,0.3
129,3600,S11,test,0.6363636255264282,0.5047619047619047
129,3600,S13,test,0.5454545617103577,0.23529411764705885
129,3600,S15,test,0.6363636255264282,0.25925925925925924
129,3600,S16,test,0.9090909361839294,0.6
129,3600,S3,test,0.6363636255264282,0.4468864468864469
129,3600,S5,test,0.8181818127632141,0.3
129,3600,S6,test,0.5454545617103577,0.3516483516483517
129,3600,S7,test,0.9090909361839294,0.6470588235294118
129,3600,S8,test,0.6363636255264282,0.25925925925925924
129,3600,S9,test,0.8181818127632141,0.3157894736842105
129,4500,S11,test,0.7272727489471436,0.5897435897435898
129,4500,S13,test,0.6363636255264282,0.3833333333333333
129,4500,S15,test,0.6363636255264282,0.25925925925925924
129,4500,S16,test,0.9090909361839294,0.6
129,4500,S3,test,0.6363636255264282,0.4468864468864469
129,4500,S5,test,0.8181818127632141,0.3
129,4500,S6,test,0.6363636255264282,0.4444444444444445
129,4500,S7,test,0.9090909361839294,0.6470588235294118
129,4500,S8,test,0.7272727489471436,0.407843137254902
129,4500,S9,test,0.8181818127632141,0.3157894736842105
129,5400,S11,test,0.7272727489471436,0.5897435897435898
129,5400,S13,test,0.7272727489471436,0.48888888888888893
129,5400,S15,test,0.6363636255264282,0.25925925925925924
129,5400,S16,test,0.9090909361839294,0.6
129,5400,S3,test,0.6363636255264282,0.4468864468864469
129,5400,S5,test,0.8181818127632141,0.3
129,5400,S6,test,0.5454545617103577,0.34920634920634924
129,5400,S7,test,0.9090909361839294,0.6
129,5400,S8,test,0.7272727489471436,0.407843137254902
129,5400,S9,test,0.9090909361839294,0.5555555555555555
129,6300,S11,test,0.7272727489471436,0.5634920634920635
129,6300,S13,test,0.7272727489471436,0.48888888888888893
129,6300,S15,test,0.8181818127632141,0.5583333333333333
129,6300,S16,test,0.9090909361839294,0.6
129,6300,S3,test,0.7272727489471436,0.5277777777777778
129,6300,S5,test,0.8181818127632141,0.3
129,6300,S6,test,0.6363636255264282,0.4444444444444445
129,6300,S7,test,0.9090909361839294,0.6
129,6300,S8,test,0.9090909361839294,0.5968253968253968
129,6300,S9,test,0.9090909361839294,0.5555555555555555
129,7200,S11,test,0.7272727489471436,0.5634920634920635
129,7200,S13,test,0.8181818127632141,0.5714285714285714
129,7200,S15,test,0.8181818127632141,0.5583333333333333
129,7200,S16,test,0.9090909361839294,0.6
129,7200,S3,test,0.8181818127632141,0.5993265993265994
129,7200,S5,test,0.8181818127632141,0.3157894736842105
129,7200,S6,test,0.6363636255264282,0.4444444444444445
129,7200,S7,test,0.9090909361839294,0.6
129,7200,S8,test,0.9090909361839294,0.5968253968253968
129,7200,S9,test,0.9090909361839294,0.5555555555555555
129,8100,S11,test,0.7272727489471436,0.5634920634920635
129,8100,S13,test,0.8181818127632141,0.5714285714285714
129,8100,S15,test,0.8181818127632141,0.5333333333333333
129,8100,S16,test,0.9090909361839294,0.6
129,8100,S3,test,0.8181818127632141,0.5993265993265994
129,8100,S5,test,0.8181818127632141,0.3157894736842105
129,8100,S6,test,0.6363636255264282,0.4444444444444445
129,8100,S7,test,0.9090909361839294,0.6
129,8100,S8,test,0.9090909361839294,0.5968253968253968
129,8100,S9,test,0.9090909361839294,0.5555555555555555
129,9000,S11,test,0.7272727489471436,0.5634920634920635
129,9000,S13,test,0.8181818127632141,0.5714285714285714
129,9000,S15,test,0.8181818127632141,0.5333333333333333
129,9000,S16,test,0.9090909361839294,0.6
129,9000,S3,test,0.8181818127632141,0.5993265993265994
129,9000,S5,test,0.8181818127632141,0.3157894736842105
129,9000,S6,test,0.6363636255264282,0.4444444444444445
129,9000,S7,test,0.9090909361839294,0.6
129,9000,S8,test,0.9090909361839294,0.5968253968253968
129,9000,S9,test,0.9090909361839294,0.5555555555555555
129,9900,S11,test,0.7272727489471436,0.5634920634920635
129,9900,S13,test,0.9090909361839294,0.6410256410256411
129,9900,S15,test,0.8181818127632141,0.5333333333333333
129,9900,S16,test,0.9090909361839294,0.6
129,9900,S3,test,0.8181818127632141,0.5993265993265994
129,9900,S5,test,0.8181818127632141,0.3157894736842105
129,9900,S6,test,0.7272727489471436,0.5252525252525252
129,9900,S7,test,0.9090909361839294,0.6
129,9900,S8,test,0.9090909361839294,0.5968253968253968
129,9900,S9,test,0.9090909361839294,0.5555555555555555
129,10800,S11,test,0.7272727489471436,0.5634920634920635
129,10800,S13,test,0.9090909361839294,0.6410256410256411
129,10800,S15,test,0.8181818127632141,0.5333333333333333
129,10800,S16,test,0.9090909361839294,0.6
129,10800,S3,test,0.8181818127632141,0.5993265993265994
129,10800,S5,test,0.8181818127632141,0.3157894736842105
129,10800,S6,test,0.8181818127632141,0.6
129,10800,S7,test,0.9090909361839294,0.6
129,10800,S8,test,1.0,0.6666666666666666
129,10800,S9,test,0.9090909361839294,0.5555555555555555
129,11700,S11,test,0.7272727489471436,0.5634920634920635
129,11700,S13,test,0.9090909361839294,0.6410256410256411
129,11700,S15,test,0.8181818127632141,0.5333333333333333
129,11700,S16,test,0.9090909361839294,0.6
129,11700,S3,test,0.8181818127632141,0.5993265993265994
129,11700,S5,test,0.8181818127632141,0.3157894736842105
129,11700,S6,test,0.8181818127632141,0.6
129,11700,S7,test,0.9090909361839294,0.6
129,11700,S8,test,1.0,0.6666666666666666
129,11700,S9,test,0.9090909361839294,0.5555555555555555
129,12600,S11,test,0.7272727489471436,0.5634920634920635
129,12600,S13,test,0.9090909361839294,0.6410256410256411
129,12600,S15,test,0.8181818127632141,0.5333333333333333
129,12600,S16,test,0.9090909361839294,0.6
129,12600,S3,test,0.8181818127632141,0.5993265993265994
129,12600,S5,test,0.8181818127632141,0.3157894736842105
129,12600,S6,test,0.8181818127632141,0.6
129,12600,S7,test,0.9090909361839294,0.6
129,12600,S8,test,1.0,0.6666666666666666
129,12600,S9,test,0.9090909361839294,0.5555555555555555
129,13500,S11,test,0.7272727489471436,0.5634920634920635
129,13500,S13,test,0.9090909361839294,0.6410256410256411
129,13500,S15,test,0.8181818127632141,0.5333333333333333
129,13500,S16,test,0.9090909361839294,0.6
129,13500,S3,test,0.8181818127632141,0.5993265993265994
129,13500,S5,test,0.8181818127632141,0.3157894736842105
129,13500,S6,test,0.8181818127632141,0.6
129,13500,S7,test,0.9090909361839294,0.6
129,13500,S8,test,1.0,0.6666666666666666
129,13500,S9,test,0.9090909361839294,0.5555555555555555
129,14400,S11,test,0.7272727489471436,0.5634920634920635
129,14400,S13,test,0.9090909361839294,0.6410256410256411
129,14400,S15,test,0.8181818127632141,0.5333333333333333
129,14400,S16,test,0.9090909361839294,0.6
129,14400,S3,test,0.8181818127632141,0.5993265993265994
129,14400,S5,test,0.8181818127632141,0.3157894736842105
129,14400,S6,test,0.8181818127632141,0.6
129,14400,S7,test,0.9090909361839294,0.6
129,14400,S8,test,1.0,0.6666666666666666
129,14400,S9,test,0.9090909361839294,0.5555555555555555
129,15300,S11,test,0.7272727489471436,0.5634920634920635
129,15300,S13,test,0.9090909361839294,0.6410256410256411
129,15300,S15,test,0.8181818127632141,0.5333333333333333
129,15300,S16,test,0.9090909361839294,0.6
129,15300,S3,test,0.8181818127632141,0.5993265993265994
129,15300,S5,test,0.8181818127632141,0.3157894736842105
129,15300,S6,test,0.8181818127632141,0.6
129,15300,S7,test,0.9090909361839294,0.6
129,15300,S8,test,1.0,0.6666666666666666
129,15300,S9,test,0.9090909361839294,0.5555555555555555
129,16200,S11,test,0.7272727489471436,0.5634920634920635
129,16200,S13,test,0.9090909361839294,0.6410256410256411
129,16200,S15,test,0.8181818127632141,0.5333333333333333
129,16200,S16,test,0.9090909361839294,0.6
129,16200,S3,test,0.8181818127632141,0.5993265993265994
129,16200,S5,test,0.8181818127632141,0.3157894736842105
129,16200,S6,test,0.8181818127632141,0.6
129,16200,S7,test,0.9090909361839294,0.6
129,16200,S8,test,1.0,0.6666666666666666
129,16200,S9,test,1.0,1.0
129,17100,S11,test,0.7272727489471436,0.5634920634920635
129,17100,S13,test,0.9090909361839294,0.6410256410256411
129,17100,S15,test,0.8181818127632141,0.5333333333333333
129,17100,S16,test,0.9090909361839294,0.6
129,17100,S3,test,0.8181818127632141,0.5993265993265994
129,17100,S5,test,0.8181818127632141,0.3157894736842105
129,17100,S6,test,0.8181818127632141,0.6
129,17100,S7,test,0.9090909361839294,0.6
129,17100,S8,test,1.0,0.6666666666666666
129,17100,S9,test,1.0,1.0
129,18000,S11,test,0.7272727489471436,0.5634920634920635
129,18000,S13,test,0.9090909361839294,0.6410256410256411
129,18000,S15,test,0.8181818127632141,0.5333333333333333
129,18000,S16,test,0.9090909361839294,0.6
129,18000,S3,test,0.8181818127632141,0.5993265993265994
129,18000,S5,test,0.8181818127632141,0.3157894736842105
129,18000,S6,test,0.8181818127632141,0.6
129,18000,S7,test,0.9090909361839294,0.6
129,18000,S8,test,1.0,0.6666666666666666
129,18000,S9,test,1.0,1.0
129,18900,S11,test,0.7272727489471436,0.5634920634920635
129,18900,S13,test,0.9090909361839294,0.6410256410256411
129,18900,S15,test,0.9090909361839294,0.6190476190476191
129,18900,S16,test,0.9090909361839294,0.6
129,18900,S3,test,0.8181818127632141,0.5993265993265994
129,18900,S5,test,0.8181818127632141,0.3157894736842105
129,18900,S6,test,0.8181818127632141,0.6
129,18900,S7,test,0.9090909361839294,0.6
129,18900,S8,test,1.0,0.6666666666666666
129,18900,S9,test,1.0,1.0
129,19800,S11,test,0.7272727489471436,0.5634920634920635
129,19800,S13,test,0.9090909361839294,0.6410256410256411
129,19800,S15,test,0.8181818127632141,0.5333333333333333
129,19800,S16,test,0.9090909361839294,0.6
129,19800,S3,test,0.8181818127632141,0.5993265993265994
129,19800,S5,test,0.8181818127632141,0.3157894736842105
129,19800,S6,test,0.8181818127632141,0.6
129,19800,S7,test,0.9090909361839294,0.6
129,19800,S8,test,1.0,0.6666666666666666
129,19800,S9,test,1.0,1.0
129,20700,S11,test,0.7272727489471436,0.5634920634920635
129,20700,S13,test,0.9090909361839294,0.6296296296296297
129,20700,S15,test,0.8181818127632141,0.5333333333333333
129,20700,S16,test,0.9090909361839294,0.6
129,20700,S3,test,0.8181818127632141,0.5993265993265994
129,20700,S5,test,0.8181818127632141,0.3157894736842105
129,20700,S6,test,0.8181818127632141,0.6
129,20700,S7,test,0.9090909361839294,0.6
129,20700,S8,test,1.0,0.6666666666666666
129,20700,S9,test,1.0,1.0
129,21600,S11,test,0.7272727489471436,0.5634920634920635
129,21600,S13,test,0.9090909361839294,0.6410256410256411
129,21600,S15,test,0.8181818127632141,0.5333333333333333
129,21600,S16,test,0.9090909361839294,0.6
129,21600,S3,test,0.9090909361839294,0.8585858585858586
129,21600,S5,test,0.8181818127632141,0.3157894736842105
129,21600,S6,test,0.8181818127632141,0.6
129,21600,S7,test,0.9090909361839294,0.6
129,21600,S8,test,1.0,0.6666666666666666
129,21600,S9,test,1.0,1.0
129,22500,S11,test,0.7272727489471436,0.5634920634920635
129,22500,S13,test,0.9090909361839294,0.6410256410256411
129,22500,S15,test,0.8181818127632141,0.5333333333333333
129,22500,S16,test,0.9090909361839294,0.6
129,22500,S3,test,0.9090909361839294,0.8585858585858586
129,22500,S5,test,0.8181818127632141,0.3157894736842105
129,22500,S6,test,0.8181818127632141,0.6
129,22500,S7,test,0.9090909361839294,0.6
129,22500,S8,test,1.0,0.6666666666666666
129,22500,S9,test,1.0,1.0
129,23400,S11,test,0.7272727489471436,0.5634920634920635
129,23400,S13,test,0.9090909361839294,0.6410256410256411
129,23400,S15,test,0.8181818127632141,0.5333333333333333
129,23400,S16,test,0.9090909361839294,0.6
129,23400,S3,test,0.9090909361839294,0.8585858585858586
129,23400,S5,test,0.8181818127632141,0.3157894736842105
129,23400,S6,test,0.8181818127632141,0.6
129,23400,S7,test,0.9090909361839294,0.6
129,23400,S8,test,1.0,0.6666666666666666
129,23400,S9,test,1.0,1.0
129,24300,S11,test,0.7272727489471436,0.5634920634920635
129,24300,S13,test,0.9090909361839294,0.6296296296296297
129,24300,S15,test,0.8181818127632141,0.5333333333333333
129,24300,S16,test,0.9090909361839294,0.6
129,24300,S3,test,0.9090909361839294,0.8585858585858586
129,24300,S5,test,0.8181818127632141,0.3157894736842105
129,24300,S6,test,0.8181818127632141,0.6
129,24300,S7,test,0.9090909361839294,0.6
129,24300,S8,test,1.0,0.6666666666666666
129,24300,S9,test,1.0,1.0
129,25200,S11,test,0.7272727489471436,0.5634920634920635
129,25200,S13,test,0.9090909361839294,0.6410256410256411
129,25200,S15,test,0.9090909361839294,0.6190476190476191
129,25200,S16,test,0.9090909361839294,0.6
129,25200,S3,test,0.9090909361839294,0.8585858585858586
129,25200,S5,test,0.8181818127632141,0.3157894736842105
129,25200,S6,test,0.8181818127632141,0.6
129,25200,S7,test,0.9090909361839294,0.6
129,25200,S8,test,1.0,0.6666666666666666
129,25200,S9,test,1.0,1.0
129,26100,S11,test,0.7272727489471436,0.5634920634920635
129,26100,S13,test,0.9090909361839294,0.6410256410256411
129,26100,S15,test,0.9090909361839294,0.6190476190476191
129,26100,S16,test,1.0,1.0
129,26100,S3,test,0.9090909361839294,0.8585858585858586
129,26100,S5,test,0.8181818127632141,0.3157894736842105
129,26100,S6,test,0.8181818127632141,0.6
129,26100,S7,test,0.9090909361839294,0.6
129,26100,S8,test,1.0,0.6666666666666666
129,26100,S9,test,1.0,1.0
129,27000,S11,test,0.7272727489471436,0.5634920634920635
129,27000,S13,test,0.9090909361839294,0.6410256410256411
129,27000,S15,test,0.9090909361839294,0.6190476190476191
129,27000,S16,test,0.9090909361839294,0.6
129,27000,S3,test,0.9090909361839294,0.8585858585858586
129,27000,S5,test,0.9090909361839294,0.5380116959064327
129,27000,S6,test,0.8181818127632141,0.6
129,27000,S7,test,0.9090909361839294,0.6
129,27000,S8,test,1.0,0.6666666666666666
129,27000,S9,test,1.0,1.0
129,27900,S11,test,0.7272727489471436,0.5530303030303031
129,27900,S13,test,0.9090909361839294,0.6410256410256411
129,27900,S15,test,0.8181818127632141,0.5333333333333333
129,27900,S16,test,0.9090909361839294,0.6
129,27900,S3,test,0.9090909361839294,0.8585858585858586
129,27900,S5,test,0.9090909361839294,0.5380116959064327
129,27900,S6,test,0.8181818127632141,0.6
129,27900,S7,test,0.9090909361839294,0.6
129,27900,S8,test,1.0,0.6666666666666666
129,27900,S9,test,1.0,1.0
129,28800,S11,test,0.7272727489471436,0.5634920634920635
129,28800,S13,test,1.0,1.0
129,28800,S15,test,0.8181818127632141,0.5333333333333333
129,28800,S16,test,1.0,1.0
129,28800,S3,test,0.9090909361839294,0.8585858585858586
129,28800,S5,test,1.0,0.6666666666666666
129,28800,S6,test,0.8181818127632141,0.6
129,28800,S7,test,0.9090909361839294,0.6
129,28800,S8,test,1.0,0.6666666666666666
129,28800,S9,test,1.0,1.0
129,29700,S11,test,0.7272727489471436,0.5634920634920635
129,29700,S13,test,1.0,1.0
129,29700,S15,test,0.9090909361839294,0.6190476190476191
129,29700,S16,test,1.0,1.0
129,29700,S3,test,0.9090909361839294,0.8585858585858586
129,29700,S5,test,1.0,0.6666666666666666
129,29700,S6,test,0.8181818127632141,0.6
129,29700,S7,test,0.9090909361839294,0.6
129,29700,S8,test,1.0,0.6666666666666666
129,29700,S9,test,1.0,1.0
129,30600,S11,test,0.7272727489471436,0.5634920634920635
129,30600,S13,test,1.0,1.0
129,30600,S15,test,0.9090909361839294,0.9111111111111111
129,30600,S16,test,1.0,1.0
129,30600,S3,test,0.9090909361839294,0.8585858585858586
129,30600,S5,test,0.9090909361839294,0.5380116959064327
129,30600,S6,test,0.8181818127632141,0.6
129,30600,S7,test,0.9090909361839294,0.6
129,30600,S8,test,1.0,0.6666666666666666
129,30600,S9,test,1.0,1.0
129,31500,S11,test,0.7272727489471436,0.5634920634920635
129,31500,S13,test,1.0,1.0
129,31500,S15,test,0.9090909361839294,0.6190476190476191
129,31500,S16,test,1.0,1.0
129,31500,S3,test,0.9090909361839294,0.8585858585858586
129,31500,S5,test,1.0,0.6666666666666666
129,31500,S6,test,0.8181818127632141,0.6
129,31500,S7,test,0.9090909361839294,0.6
129,31500,S8,test,1.0,0.6666666666666666
129,31500,S9,test,1.0,1.0
129,32400,S11,test,0.7272727489471436,0.5530303030303031
129,32400,S13,test,1.0,1.0
129,32400,S15,test,0.9090909361839294,0.6190476190476191
129,32400,S16,test,1.0,1.0
129,32400,S3,test,0.9090909361839294,0.8585858585858586
129,32400,S5,test,1.0,0.6666666666666666
129,32400,S6,test,0.8181818127632141,0.6
129,32400,S7,test,0.9090909361839294,0.6
129,32400,S8,test,1.0,0.6666666666666666
129,32400,S9,test,1.0,1.0
129,33300,S11,test,0.7272727489471436,0.5634920634920635
129,33300,S13,test,1.0,1.0
129,33300,S15,test,0.9090909361839294,0.6190476190476191
129,33300,S16,test,1.0,1.0
129,33300,S3,test,0.9090909361839294,0.8585858585858586
129,33300,S5,test,1.0,0.6666666666666666
129,33300,S6,test,0.9090909361839294,0.8585858585858586
129,33300,S7,test,0.9090909361839294,0.6
129,33300,S8,test,1.0,0.6666666666666666
129,33300,S9,test,1.0,1.0
129,34200,S11,test,0.7272727489471436,0.5634920634920635
129,34200,S13,test,1.0,1.0
129,34200,S15,test,0.9090909361839294,0.6190476190476191
129,34200,S16,test,1.0,1.0
129,34200,S3,test,0.9090909361839294,0.8585858585858586
129,34200,S5,test,1.0,0.6666666666666666
129,34200,S6,test,0.8181818127632141,0.6
129,34200,S7,test,0.9090909361839294,0.6
129,34200,S8,test,1.0,0.6666666666666666
129,34200,S9,test,1.0,1.0
129,35100,S11,test,0.7272727489471436,0.5634920634920635
129,35100,S13,test,1.0,1.0
129,35100,S15,test,0.9090909361839294,0.6190476190476191
129,35100,S16,test,1.0,1.0
129,35100,S3,test,0.9090909361839294,0.8585858585858586
129,35100,S5,test,1.0,0.6666666666666666
129,35100,S6,test,0.8181818127632141,0.6
129,35100,S7,test,0.9090909361839294,0.6
129,35100,S8,test,1.0,0.6666666666666666
129,35100,S9,test,1.0,1.0
129,36000,S11,test,0.7272727489471436,0.5634920634920635
129,36000,S13,test,1.0,1.0
129,36000,S15,test,0.9090909361839294,0.6190476190476191
129,36000,S16,test,1.0,1.0
129,36000,S3,test,0.9090909361839294,0.8585858585858586
129,36000,S5,test,1.0,0.6666666666666666
129,36000,S6,test,0.8181818127632141,0.6
129,36000,S7,test,0.9090909361839294,0.6
129,36000,S8,test,1.0,0.6666666666666666
129,36000,S9,test,1.0,1.0
129,36900,S11,test,0.7272727489471436,0.5634920634920635
129,36900,S13,test,1.0,1.0
129,36900,S15,test,1.0,1.0
129,36900,S16,test,1.0,1.0
129,36900,S3,test,0.9090909361839294,0.8585858585858586
129,36900,S5,test,1.0,0.6666666666666666
129,36900,S6,test,0.9090909361839294,0.8518518518518517
129,36900,S7,test,0.9090909361839294,0.6
129,36900,S8,test,1.0,0.6666666666666666
129,36900,S9,test,1.0,1.0
129,37800,S11,test,0.7272727489471436,0.5634920634920635
129,37800,S13,test,1.0,1.0
129,37800,S15,test,0.9090909361839294,0.6190476190476191
129,37800,S16,test,1.0,1.0
129,37800,S3,test,0.9090909361839294,0.8585858585858586
129,37800,S5,test,1.0,0.6666666666666666
129,37800,S6,test,0.8181818127632141,0.6
129,37800,S7,test,0.9090909361839294,0.6
129,37800,S8,test,1.0,0.6666666666666666
129,37800,S9,test,1.0,1.0
129,38700,S11,test,0.8181818127632141,0.7777777777777778
129,38700,S13,test,1.0,1.0
129,38700,S15,test,1.0,1.0
129,38700,S16,test,1.0,1.0
129,38700,S3,test,0.9090909361839294,0.8585858585858586
129,38700,S5,test,1.0,0.6666666666666666
129,38700,S6,test,0.9090909361839294,0.8518518518518517
129,38700,S7,test,0.9090909361839294,0.6
129,38700,S8,test,1.0,0.6666666666666666
129,38700,S9,test,1.0,1.0
129,39600,S11,test,0.8181818127632141,0.7777777777777778
129,39600,S13,test,0.9090909361839294,0.8585858585858586
129,39600,S15,test,0.9090909361839294,0.8222222222222223
129,39600,S16,test,1.0,1.0
129,39600,S3,test,0.9090909361839294,0.8585858585858586
129,39600,S5,test,1.0,0.6666666666666666
129,39600,S6,test,0.9090909361839294,0.8518518518518517
129,39600,S7,test,0.9090909361839294,0.6
129,39600,S8,test,1.0,0.6666666666666666
129,39600,S9,test,1.0,1.0
129,40500,S11,test,0.7272727489471436,0.5634920634920635
129,40500,S13,test,0.9090909361839294,0.8585858585858586
129,40500,S15,test,1.0,1.0
129,40500,S16,test,1.0,1.0
129,40500,S3,test,0.9090909361839294,0.8585858585858586
129,40500,S5,test,1.0,0.6666666666666666
129,40500,S6,test,0.9090909361839294,0.8518518518518517
129,40500,S7,test,0.9090909361839294,0.6
129,40500,S8,test,1.0,0.6666666666666666
129,40500,S9,test,1.0,1.0
129,41400,S11,test,0.7272727489471436,0.5634920634920635
129,41400,S13,test,0.9090909361839294,0.8585858585858586
129,41400,S15,test,0.9090909361839294,0.6190476190476191
129,41400,S16,test,1.0,1.0
129,41400,S3,test,0.9090909361839294,0.8585858585858586
129,41400,S5,test,1.0,0.6666666666666666
129,41400,S6,test,1.0,1.0
129,41400,S7,test,0.9090909361839294,0.6
129,41400,S8,test,1.0,0.6666666666666666
129,41400,S9,test,1.0,1.0
129,42300,S11,test,0.7272727489471436,0.5530303030303031
129,42300,S13,test,1.0,1.0
129,42300,S15,test,0.9090909361839294,0.6190476190476191
129,42300,S16,test,1.0,1.0
129,42300,S3,test,0.9090909361839294,0.8585858585858586
129,42300,S5,test,1.0,0.6666666666666666
129,42300,S6,test,0.8181818127632141,0.6
129,42300,S7,test,0.9090909361839294,0.6
129,42300,S8,test,1.0,0.6666666666666666
129,42300,S9,test,1.0,1.0
129,43200,S11,test,0.7272727489471436,0.5634920634920635
129,43200,S13,test,0.9090909361839294,0.8585858585858586
129,43200,S15,test,1.0,1.0
129,43200,S16,test,1.0,1.0
129,43200,S3,test,0.9090909361839294,0.8585858585858586
129,43200,S5,test,1.0,0.6666666666666666
129,43200,S6,test,0.9090909361839294,0.8518518518518517
129,43200,S7,test,0.9090909361839294,0.6
129,43200,S8,test,1.0,0.6666666666666666
129,43200,S9,test,1.0,1.0
129,44100,S11,test,0.7272727489471436,0.5634920634920635
129,44100,S13,test,0.9090909361839294,0.8585858585858586
129,44100,S15,test,1.0,1.0
129,44100,S16,test,1.0,1.0
129,44100,S3,test,0.8181818127632141,0.7666666666666666
129,44100,S5,test,1.0,0.6666666666666666
129,44100,S6,test,0.9090909361839294,0.8518518518518517
129,44100,S7,test,0.9090909361839294,0.6
129,44100,S8,test,1.0,0.6666666666666666
129,44100,S9,test,1.0,1.0
129,45000,S11,test,0.7272727489471436,0.5634920634920635
129,45000,S13,test,1.0,1.0
129,45000,S15,test,1.0,1.0
129,45000,S16,test,1.0,1.0
129,45000,S3,test,0.9090909361839294,0.8585858585858586
129,45000,S5,test,1.0,0.6666666666666666
129,45000,S6,test,0.9090909361839294,0.8518518518518517
129,45000,S7,test,0.9090909361839294,0.6
129,45000,S8,test,1.0,0.6666666666666666
129,45000,S9,test,1.0,1.0
129,45900,S11,test,0.8181818127632141,0.7777777777777778
129,45900,S13,test,0.9090909361839294,0.8585858585858586
129,45900,S15,test,1.0,1.0
129,45900,S16,test,1.0,1.0
129,45900,S3,test,0.9090909361839294,0.8585858585858586
129,45900,S5,test,1.0,0.6666666666666666
129,45900,S6,test,0.9090909361839294,0.8518518518518517
129,45900,S7,test,1.0,1.0
129,45900,S8,test,1.0,0.6666666666666666
129,45900,S9,test,1.0,1.0
129,46800,S11,test,0.7272727489471436,0.5634920634920635
129,46800,S13,test,0.9090909361839294,0.8585858585858586
129,46800,S15,test,0.9090909361839294,0.6190476190476191
129,46800,S16,test,1.0,1.0
129,46800,S3,test,0.8181818127632141,0.7666666666666666
129,46800,S5,test,1.0,0.6666666666666666
129,46800,S6,test,0.9090909361839294,0.8518518518518517
129,46800,S7,test,0.9090909361839294,0.6
129,46800,S8,test,1.0,0.6666666666666666
129,46800,S9,test,1.0,1.0
129,47700,S11,test,0.7272727489471436,0.5634920634920635
129,47700,S13,test,0.9090909361839294,0.8585858585858586
129,47700,S15,test,1.0,1.0
129,47700,S16,test,1.0,1.0
129,47700,S3,test,0.9090909361839294,0.8585858585858586
129,47700,S5,test,1.0,0.6666666666666666
129,47700,S6,test,0.9090909361839294,0.8518518518518517
129,47700,S7,test,0.9090909361839294,0.6
129,47700,S8,test,1.0,0.6666666666666666
129,47700,S9,test,1.0,1.0
129,48600,S11,test,0.7272727489471436,0.5634920634920635
129,48600,S13,test,0.9090909361839294,0.8585858585858586
129,48600,S15,test,1.0,1.0
129,48600,S16,test,1.0,1.0
129,48600,S3,test,0.9090909361839294,0.8585858585858586
129,48600,S5,test,1.0,0.6666666666666666
129,48600,S6,test,0.9090909361839294,0.8518518518518517
129,48600,S7,test,0.9090909361839294,0.6
129,48600,S8,test,1.0,0.6666666666666666
129,48600,S9,test,1.0,1.0
129,49500,S11,test,0.7272727489471436,0.5634920634920635
129,49500,S13,test,0.9090909361839294,0.8585858585858586
129,49500,S15,test,1.0,1.0
129,49500,S16,test,1.0,1.0
129,49500,S3,test,0.9090909361839294,0.8585858585858586
129,49500,S5,test,1.0,0.6666666666666666
129,49500,S6,test,0.9090909361839294,0.8518518518518517
129,49500,S7,test,0.9090909361839294,0.6
129,49500,S8,test,1.0,0.6666666666666666
129,49500,S9,test,1.0,1.0
129,50400,S11,test,0.8181818127632141,0.7554112554112553
129,50400,S13,test,1.0,1.0
129,50400,S15,test,1.0,1.0
129,50400,S16,test,1.0,1.0
129,50400,S3,test,0.9090909361839294,0.8585858585858586
129,50400,S5,test,1.0,0.6666666666666666
129,50400,S6,test,1.0,1.0
129,50400,S7,test,0.9090909361839294,0.6
129,50400,S8,test,1.0,0.6666666666666666
129,50400,S9,test,1.0,1.0
129,51300,S11,test,0.7272727489471436,0.5634920634920635
129,51300,S13,test,0.9090909361839294,0.8585858585858586
129,51300,S15,test,1.0,1.0
129,51300,S16,test,1.0,1.0
129,51300,S3,test,0.9090909361839294,0.8585858585858586
129,51300,S5,test,1.0,0.6666666666666666
129,51300,S6,test,0.9090909361839294,0.8518518518518517
129,51300,S7,test,0.9090909361839294,0.6
129,51300,S8,test,1.0,0.6666666666666666
129,51300,S9,test,1.0,1.0
129,52200,S11,test,0.8181818127632141,0.7777777777777778
129,52200,S13,test,0.9090909361839294,0.8585858585858586
129,52200,S15,test,1.0,1.0
129,52200,S16,test,1.0,1.0
129,52200,S3,test,0.9090909361839294,0.8585858585858586
129,52200,S5,test,1.0,0.6666666666666666
129,52200,S6,test,1.0,1.0
129,52200,S7,test,0.9090909361839294,0.6
129,52200,S8,test,1.0,0.6666666666666666
129,52200,S9,test,1.0,1.0
129,53100,S11,test,0.8181818127632141,0.7554112554112553
129,53100,S13,test,0.9090909361839294,0.8585858585858586
129,53100,S15,test,1.0,1.0
129,53100,S16,test,1.0,1.0
129,53100,S3,test,0.9090909361839294,0.8585858585858586
129,53100,S5,test,1.0,0.6666666666666666
129,53100,S6,test,0.9090909361839294,0.8518518518518517
129,53100,S7,test,0.9090909361839294,0.6
129,53100,S8,test,1.0,0.6666666666666666
129,53100,S9,test,1.0,1.0
129,54000,S11,test,0.8181818127632141,0.7777777777777778
129,54000,S13,test,0.9090909361839294,0.8585858585858586
129,54000,S15,test,1.0,1.0
129,54000,S16,test,1.0,1.0
129,54000,S3,test,0.9090909361839294,0.8585858585858586
129,54000,S5,test,1.0,0.6666666666666666
129,54000,S6,test,0.9090909361839294,0.8518518518518517
129,54000,S7,test,0.9090909361839294,0.6
129,54000,S8,test,1.0,0.6666666666666666
129,54000,S9,test,1.0,1.0
129,54900,S11,test,0.7272727489471436,0.5530303030303031
129,54900,S13,test,0.9090909361839294,0.8585858585858586
129,54900,S15,test,1.0,1.0
129,54900,S16,test,1.0,1.0
129,54900,S3,test,0.9090909361839294,0.8585858585858586
129,54900,S5,test,1.0,0.6666666666666666
129,54900,S6,test,0.9090909361839294,0.8518518518518517
129,54900,S7,test,0.9090909361839294,0.6
129,54900,S8,test,1.0,0.6666666666666666
129,54900,S9,test,1.0,1.0
129,55800,S11,test,0.8181818127632141,0.7777777777777778
129,55800,S13,test,0.9090909361839294,0.8585858585858586
129,55800,S15,test,1.0,1.0
129,55800,S16,test,1.0,1.0
129,55800,S3,test,0.9090909361839294,0.8585858585858586
129,55800,S5,test,1.0,0.6666666666666666
129,55800,S6,test,1.0,1.0
129,55800,S7,test,0.9090909361839294,0.6
129,55800,S8,test,1.0,0.6666666666666666
129,55800,S9,test,1.0,1.0
129,56700,S11,test,0.7272727489471436,0.5634920634920635
129,56700,S13,test,0.9090909361839294,0.8585858585858586
129,56700,S15,test,1.0,1.0
129,56700,S16,test,1.0,1.0
129,56700,S3,test,0.8181818127632141,0.7666666666666666
129,56700,S5,test,1.0,0.6666666666666666
129,56700,S6,test,0.9090909361839294,0.8518518518518517
129,56700,S7,test,1.0,1.0
129,56700,S8,test,1.0,0.6666666666666666
129,56700,S9,test,1.0,1.0
129,57600,S11,test,0.8181818127632141,0.7777777777777778
129,57600,S13,test,0.9090909361839294,0.8585858585858586
129,57600,S15,test,0.9090909361839294,0.8222222222222223
129,57600,S16,test,1.0,1.0
129,57600,S3,test,0.8181818127632141,0.7666666666666666
129,57600,S5,test,1.0,0.6666666666666666
129,57600,S6,test,1.0,1.0
129,57600,S7,test,0.9090909361839294,0.6
129,57600,S8,test,1.0,0.6666666666666666
129,57600,S9,test,1.0,1.0
129,58500,S11,test,0.7272727489471436,0.5634920634920635
129,58500,S13,test,0.9090909361839294,0.8585858585858586
129,58500,S15,test,1.0,1.0
129,58500,S16,test,1.0,1.0
129,58500,S3,test,0.9090909361839294,0.8585858585858586
129,58500,S5,test,1.0,0.6666666666666666
129,58500,S6,test,0.9090909361839294,0.8518518518518517
129,58500,S7,test,0.9090909361839294,0.6
129,58500,S8,test,1.0,0.6666666666666666
129,58500,S9,test,1.0,1.0
129,59400,S11,test,0.7272727489471436,0.5634920634920635
129,59400,S13,test,0.9090909361839294,0.8585858585858586
129,59400,S15,test,1.0,1.0
129,59400,S16,test,1.0,1.0
129,59400,S3,test,0.9090909361839294,0.8585858585858586
129,59400,S5,test,1.0,0.6666666666666666
129,59400,S6,test,0.9090909361839294,0.8518518518518517
129,59400,S7,test,0.9090909361839294,0.6
129,59400,S8,test,1.0,0.6666666666666666
129,59400,S9,test,1.0,1.0
129,60300,S11,test,0.7272727489471436,0.5634920634920635
129,60300,S13,test,0.9090909361839294,0.8585858585858586
129,60300,S15,test,1.0,1.0
129,60300,S16,test,1.0,1.0
129,60300,S3,test,0.8181818127632141,0.7666666666666666
129,60300,S5,test,1.0,0.6666666666666666
129,60300,S6,test,1.0,1.0
129,60300,S7,test,1.0,1.0
129,60300,S8,test,1.0,0.6666666666666666
129,60300,S9,test,1.0,1.0
129,61200,S11,test,0.8181818127632141,0.7777777777777778
129,61200,S13,test,0.9090909361839294,0.8585858585858586
129,61200,S15,test,0.9090909361839294,0.8222222222222223
129,61200,S16,test,1.0,1.0
129,61200,S3,test,0.9090909361839294,0.8585858585858586
129,61200,S5,test,1.0,0.6666666666666666
129,61200,S6,test,1.0,1.0
129,61200,S7,test,0.9090909361839294,0.6
129,61200,S8,test,1.0,0.6666666666666666
129,61200,S9,test,1.0,1.0
129,62100,S11,test,0.8181818127632141,0.7777777777777778
129,62100,S13,test,0.9090909361839294,0.8585858585858586
129,62100,S15,test,1.0,1.0
129,62100,S16,test,1.0,1.0
129,62100,S3,test,0.8181818127632141,0.7666666666666666
129,62100,S5,test,1.0,0.6666666666666666
129,62100,S6,test,0.9090909361839294,0.8518518518518517
129,62100,S7,test,0.9090909361839294,0.6
129,62100,S8,test,1.0,0.6666666666666666
129,62100,S9,test,1.0,1.0
129,63000,S11,test,0.7272727489471436,0.5634920634920635
129,63000,S13,test,0.9090909361839294,0.8585858585858586
129,63000,S15,test,1.0,1.0
129,63000,S16,test,1.0,1.0
129,63000,S3,test,0.9090909361839294,0.8585858585858586
129,63000,S5,test,1.0,0.6666666666666666
129,63000,S6,test,0.9090909361839294,0.8518518518518517
129,63000,S7,test,0.9090909361839294,0.6
129,63000,S8,test,1.0,0.6666666666666666
129,63000,S9,test,1.0,1.0
129,63900,S11,test,0.8181818127632141,0.7554112554112553
129,63900,S13,test,0.9090909361839294,0.8585858585858586
129,63900,S15,test,1.0,1.0
129,63900,S16,test,1.0,1.0
129,63900,S3,test,0.9090909361839294,0.8585858585858586
129,63900,S5,test,1.0,0.6666666666666666
129,63900,S6,test,0.9090909361839294,0.8518518518518517
129,63900,S7,test,0.9090909361839294,0.6
129,63900,S8,test,1.0,0.6666666666666666
129,63900,S9,test,1.0,1.0
129,64800,S11,test,0.8181818127632141,0.7777777777777778
129,64800,S13,test,0.9090909361839294,0.8585858585858586
129,64800,S15,test,1.0,1.0
129,64800,S16,test,1.0,1.0
129,64800,S3,test,0.9090909361839294,0.8585858585858586
129,64800,S5,test,1.0,0.6666666666666666
129,64800,S6,test,0.9090909361839294,0.8518518518518517
129,64800,S7,test,0.9090909361839294,0.6
129,64800,S8,test,1.0,0.6666666666666666
129,64800,S9,test,1.0,1.0
129,65700,S11,test,0.7272727489471436,0.5634920634920635
129,65700,S13,test,0.9090909361839294,0.8585858585858586
129,65700,S15,test,1.0,1.0
129,65700,S16,test,1.0,1.0
129,65700,S3,test,0.8181818127632141,0.7666666666666666
129,65700,S5,test,1.0,0.6666666666666666
129,65700,S6,test,1.0,1.0
129,65700,S7,test,0.9090909361839294,0.6
129,65700,S8,test,1.0,0.6666666666666666
129,65700,S9,test,1.0,1.0
129,66600,S11,test,0.7272727489471436,0.5634920634920635
129,66600,S13,test,0.9090909361839294,0.8585858585858586
129,66600,S15,test,1.0,1.0
129,66600,S16,test,1.0,1.0
129,66600,S3,test,0.9090909361839294,0.8585858585858586
129,66600,S5,test,1.0,0.6666666666666666
129,66600,S6,test,0.9090909361839294,0.8518518518518517
129,66600,S7,test,0.9090909361839294,0.6
129,66600,S8,test,1.0,0.6666666666666666
129,66600,S9,test,1.0,1.0
129,67500,S11,test,0.7272727489471436,0.5634920634920635
129,67500,S13,test,0.9090909361839294,0.8585858585858586
129,67500,S15,test,1.0,1.0
129,67500,S16,test,1.0,1.0
129,67500,S3,test,0.9090909361839294,0.8585858585858586
129,67500,S5,test,1.0,0.6666666666666666
129,67500,S6,test,1.0,1.0
129,67500,S7,test,1.0,1.0
129,67500,S8,test,1.0,0.6666666666666666
129,67500,S9,test,1.0,1.0
129,68400,S11,test,0.8181818127632141,0.7777777777777778
129,68400,S13,test,0.9090909361839294,0.8585858585858586
129,68400,S15,test,1.0,1.0
129,68400,S16,test,1.0,1.0
129,68400,S3,test,0.9090909361839294,0.8585858585858586
129,68400,S5,test,1.0,0.6666666666666666
129,68400,S6,test,1.0,1.0
129,68400,S7,test,0.9090909361839294,0.6
129,68400,S8,test,1.0,0.6666666666666666
129,68400,S9,test,1.0,1.0
129,69300,S11,test,0.7272727489471436,0.5634920634920635
129,69300,S13,test,0.9090909361839294,0.8585858585858586
129,69300,S15,test,1.0,1.0
129,69300,S16,test,1.0,1.0
129,69300,S3,test,0.8181818127632141,0.7666666666666666
129,69300,S5,test,1.0,0.6666666666666666
129,69300,S6,test,0.9090909361839294,0.8518518518518517
129,69300,S7,test,1.0,1.0
129,69300,S8,test,1.0,0.6666666666666666
129,69300,S9,test,1.0,1.0
129,70200,S11,test,0.7272727489471436,0.5634920634920635
129,70200,S13,test,0.9090909361839294,0.8585858585858586
129,70200,S15,test,0.9090909361839294,0.8222222222222223
129,70200,S16,test,1.0,1.0
129,70200,S3,test,0.8181818127632141,0.7666666666666666
129,70200,S5,test,1.0,0.6666666666666666
129,70200,S6,test,0.9090909361839294,0.8518518518518517
129,70200,S7,test,0.9090909361839294,0.6
129,70200,S8,test,1.0,0.6666666666666666
129,70200,S9,test,1.0,1.0
129,71100,S11,test,0.8181818127632141,0.7777777777777778
129,71100,S13,test,0.9090909361839294,0.8585858585858586
129,71100,S15,test,0.9090909361839294,0.8222222222222223
129,71100,S16,test,1.0,1.0
129,71100,S3,test,0.9090909361839294,0.8585858585858586
129,71100,S5,test,1.0,0.6666666666666666
129,71100,S6,test,0.9090909361839294,0.8518518518518517
129,71100,S7,test,1.0,1.0
129,71100,S8,test,1.0,0.6666666666666666
129,71100,S9,test,1.0,1.0
129,72000,S11,test,0.8181818127632141,0.7777777777777778
129,72000,S13,test,0.9090909361839294,0.8585858585858586
129,72000,S15,test,0.9090909361839294,0.8222222222222223
129,72000,S16,test,1.0,1.0
129,72000,S3,test,0.9090909361839294,0.8585858585858586
129,72000,S5,test,1.0,0.6666666666666666
129,72000,S6,test,0.9090909361839294,0.8518518518518517
129,72000,S7,test,1.0,1.0
129,72000,S8,test,1.0,0.6666666666666666
129,72000,S9,test,1.0,1.0
129,72900,S11,test,0.7272727489471436,0.5634920634920635
129,72900,S13,test,0.9090909361839294,0.8585858585858586
129,72900,S15,test,1.0,1.0
129,72900,S16,test,1.0,1.0
129,72900,S3,test,0.8181818127632141,0.7666666666666666
129,72900,S5,test,1.0,0.6666666666666666
129,72900,S6,test,0.9090909361839294,0.8518518518518517
129,72900,S7,test,0.9090909361839294,0.6
129,72900,S8,test,1.0,0.6666666666666666
129,72900,S9,test,1.0,1.0
129,73800,S11,test,0.8181818127632141,0.7777777777777778
129,73800,S13,test,0.9090909361839294,0.8585858585858586
129,73800,S15,test,1.0,1.0
129,73800,S16,test,1.0,1.0
129,73800,S3,test,0.8181818127632141,0.7666666666666666
129,73800,S5,test,1.0,0.6666666666666666
129,73800,S6,test,0.9090909361839294,0.8518518518518517
129,73800,S7,test,1.0,1.0
129,73800,S8,test,1.0,0.6666666666666666
129,73800,S9,test,1.0,1.0
129,74700,S11,test,0.8181818127632141,0.7777777777777778
129,74700,S13,test,0.9090909361839294,0.8585858585858586
129,74700,S15,test,1.0,1.0
129,74700,S16,test,1.0,1.0
129,74700,S3,test,0.8181818127632141,0.7666666666666666
129,74700,S5,test,1.0,0.6666666666666666
129,74700,S6,test,0.9090909361839294,0.8518518518518517
129,74700,S7,test,1.0,1.0
129,74700,S8,test,1.0,0.6666666666666666
129,74700,S9,test,1.0,1.0
129,75600,S11,test,0.8181818127632141,0.7777777777777778
129,75600,S13,test,0.9090909361839294,0.8585858585858586
129,75600,S15,test,0.9090909361839294,0.8222222222222223
129,75600,S16,test,1.0,1.0
129,75600,S3,test,0.9090909361839294,0.8585858585858586
129,75600,S5,test,1.0,0.6666666666666666
129,75600,S6,test,0.9090909361839294,0.8518518518518517
129,75600,S7,test,0.9090909361839294,0.6
129,75600,S8,test,1.0,0.6666666666666666
129,75600,S9,test,1.0,1.0
129,76500,S11,test,0.8181818127632141,0.7777777777777778
129,76500,S13,test,0.9090909361839294,0.8585858585858586
129,76500,S15,test,1.0,1.0
129,76500,S16,test,1.0,1.0
129,76500,S3,test,0.9090909361839294,0.8585858585858586
129,76500,S5,test,1.0,0.6666666666666666
129,76500,S6,test,0.9090909361839294,0.8518518518518517
129,76500,S7,test,1.0,1.0
129,76500,S8,test,1.0,0.6666666666666666
129,76500,S9,test,1.0,1.0
129,77400,S11,test,0.8181818127632141,0.7777777777777778
129,77400,S13,test,0.9090909361839294,0.8585858585858586
129,77400,S15,test,1.0,1.0
129,77400,S16,test,1.0,1.0
129,77400,S3,test,0.9090909361839294,0.8585858585858586
129,77400,S5,test,1.0,0.6666666666666666
129,77400,S6,test,1.0,1.0
129,77400,S7,test,1.0,1.0
129,77400,S8,test,1.0,0.6666666666666666
129,77400,S9,test,1.0,1.0
129,78300,S11,test,0.8181818127632141,0.7777777777777778
129,78300,S13,test,0.9090909361839294,0.8585858585858586
129,78300,S15,test,1.0,1.0
129,78300,S16,test,1.0,1.0
129,78300,S3,test,0.9090909361839294,0.8585858585858586
129,78300,S5,test,1.0,0.6666666666666666
129,78300,S6,test,0.9090909361839294,0.8518518518518517
129,78300,S7,test,0.9090909361839294,0.6
129,78300,S8,test,1.0,0.6666666666666666
129,78300,S9,test,1.0,1.0
129,79200,S11,test,0.8181818127632141,0.7777777777777778
129,79200,S13,test,0.9090909361839294,0.8585858585858586
129,79200,S15,test,0.9090909361839294,0.8222222222222223
129,79200,S16,test,1.0,1.0
129,79200,S3,test,0.8181818127632141,0.7666666666666666
129,79200,S5,test,1.0,0.6666666666666666
129,79200,S6,test,0.9090909361839294,0.8518518518518517
129,79200,S7,test,1.0,1.0
129,79200,S8,test,1.0,0.6666666666666666
129,79200,S9,test,1.0,1.0
129,80100,S11,test,0.7272727489471436,0.5634920634920635
129,80100,S13,test,0.9090909361839294,0.8585858585858586
129,80100,S15,test,1.0,1.0
129,80100,S16,test,1.0,1.0
129,80100,S3,test,0.9090909361839294,0.8585858585858586
129,80100,S5,test,1.0,0.6666666666666666
129,80100,S6,test,0.9090909361839294,0.8518518518518517
129,80100,S7,test,1.0,1.0
129,80100,S8,test,1.0,0.6666666666666666
129,80100,S9,test,1.0,1.0
129,81000,S11,test,0.7272727489471436,0.5634920634920635
129,81000,S13,test,0.9090909361839294,0.8585858585858586
129,81000,S15,test,1.0,1.0
129,81000,S16,test,1.0,1.0
129,81000,S3,test,0.9090909361839294,0.8585858585858586
129,81000,S5,test,1.0,0.6666666666666666
129,81000,S6,test,0.9090909361839294,0.8518518518518517
129,81000,S7,test,0.9090909361839294,0.6
129,81000,S8,test,1.0,0.6666666666666666
129,81000,S9,test,1.0,1.0
129,81900,S11,test,0.7272727489471436,0.5634920634920635
129,81900,S13,test,0.9090909361839294,0.8585858585858586
129,81900,S15,test,1.0,1.0
129,81900,S16,test,1.0,1.0
129,81900,S3,test,0.8181818127632141,0.7666666666666666
129,81900,S5,test,1.0,0.6666666666666666
129,81900,S6,test,0.9090909361839294,0.8518518518518517
129,81900,S7,test,0.9090909361839294,0.6
129,81900,S8,test,1.0,0.6666666666666666
129,81900,S9,test,1.0,1.0
129,82800,S11,test,0.8181818127632141,0.7777777777777778
129,82800,S13,test,0.9090909361839294,0.8585858585858586
129,82800,S15,test,1.0,1.0
129,82800,S16,test,1.0,1.0
129,82800,S3,test,0.8181818127632141,0.7666666666666666
129,82800,S5,test,1.0,0.6666666666666666
129,82800,S6,test,0.9090909361839294,0.8518518518518517
129,82800,S7,test,1.0,1.0
129,82800,S8,test,1.0,0.6666666666666666
129,82800,S9,test,1.0,1.0
129,83700,S11,test,0.7272727489471436,0.5634920634920635
129,83700,S13,test,0.9090909361839294,0.8585858585858586
129,83700,S15,test,0.9090909361839294,0.8222222222222223
129,83700,S16,test,1.0,1.0
129,83700,S3,test,0.9090909361839294,0.8585858585858586
129,83700,S5,test,1.0,0.6666666666666666
129,83700,S6,test,0.9090909361839294,0.8518518518518517
129,83700,S7,test,1.0,1.0
129,83700,S8,test,1.0,0.6666666666666666
129,83700,S9,test,1.0,1.0
129,84600,S11,test,0.8181818127632141,0.7777777777777778
129,84600,S13,test,0.9090909361839294,0.8585858585858586
129,84600,S15,test,1.0,1.0
129,84600,S16,test,1.0,1.0
129,84600,S3,test,0.8181818127632141,0.7666666666666666
129,84600,S5,test,1.0,0.6666666666666666
129,84600,S6,test,0.9090909361839294,0.8518518518518517
129,84600,S7,test,1.0,1.0
129,84600,S8,test,1.0,0.6666666666666666
129,84600,S9,test,1.0,1.0
129,85500,S11,test,0.8181818127632141,0.7554112554112553
129,85500,S13,test,0.9090909361839294,0.8585858585858586
129,85500,S15,test,1.0,1.0
129,85500,S16,test,1.0,1.0
129,85500,S3,test,0.8181818127632141,0.7666666666666666
129,85500,S5,test,1.0,0.6666666666666666
129,85500,S6,test,0.9090909361839294,0.8518518518518517
129,85500,S7,test,1.0,1.0
129,85500,S8,test,1.0,0.6666666666666666
129,85500,S9,test,1.0,1.0
129,86400,S11,test,0.8181818127632141,0.7554112554112553
129,86400,S13,test,0.9090909361839294,0.8585858585858586
129,86400,S15,test,1.0,1.0
129,86400,S16,test,1.0,1.0
129,86400,S3,test,0.8181818127632141,0.7666666666666666
129,86400,S5,test,1.0,0.6666666666666666
129,86400,S6,test,0.9090909361839294,0.8518518518518517
129,86400,S7,test,1.0,1.0
129,86400,S8,test,1.0,0.6666666666666666
129,86400,S9,test,1.0,1.0
56,0,S11,test,0.3636363744735718,0.2962962962962963
56,0,S13,test,0.7272727489471436,0.4444444444444445
56,0,S15,test,0.27272728085517883,0.27777777777777773
56,0,S16,test,0.7272727489471436,0.4444444444444445
56,0,S3,test,0.27272728085517883,0.27777777777777773
56,0,S5,test,0.4545454680919647,0.3833333333333333
56,0,S6,test,0.3636363744735718,0.29523809523809524
56,0,S7,test,0.09090909361839294,0.06060606060606061
56,0,S8,test,0.3636363744735718,0.2222222222222222
56,0,S9,test,0.7272727489471436,0.4761904761904761
56,900,S11,test,0.3636363744735718,0.17777777777777778
56,900,S13,test,0.7272727489471436,0.2807017543859649
56,900,S15,test,0.9090909361839294,0.603988603988604
56,900,S16,test,0.9090909361839294,0.6470588235294118
56,900,S3,test,0.6363636255264282,0.4000000000000001
56,900,S5,test,0.8181818127632141,0.6111111111111112
56,900,S6,test,0.5454545617103577,0.3333333333333333
56,900,S7,test,0.6363636255264282,0.25925925925925924
56,900,S8,test,0.5454545617103577,0.23529411764705885
56,900,S9,test,0.6363636255264282,0.25925925925925924
56,1800,S11,test,0.4545454680919647,0.3238095238095238
56,1800,S13,test,0.8181818127632141,0.5185185185185185
56,1800,S15,test,0.9090909361839294,0.603988603988604
56,1800,S16,test,0.7272727489471436,0.2807017543859649
56,1800,S3,test,0.6363636255264282,0.4000000000000001
56,1800,S5,test,0.8181818127632141,0.6111111111111112
56,1800,S6,test,0.5454545617103577,0.3333333333333333
56,1800,S7,test,0.6363636255264282,0.25925925925925924
56,1800,S8,test,0.5454545617103577,0.23529411764705885
56,1800,S9,test,0.6363636255264282,0.25925925925925924
56,2700,S11,test,0.4545454680919647,0.3238095238095238
56,2700,S13,test,0.9090909361839294,0.6470588235294118
56,2700,S15,test,0.9090909361839294,0.603988603988604
56,2700,S16,test,0.9090909361839294,0.6470588235294118
56,2700,S3,test,0.6363636255264282,0.4000000000000001
56,2700,S5,test,0.8181818127632141,0.6
56,2700,S6,test,0.6363636255264282,0.4230769230769231
56,2700,S7,test,0.6363636255264282,0.2745098039215686
56,2700,S8,test,0.7272727489471436,0.5333333333333333
56,2700,S9,test,0.7272727489471436,0.6078431372549019
56,3600,S11,test,0.6363636255264282,0.5079365079365079
56,3600,S13,test,0.9090909361839294,0.6470588235294118
56,3600,S15,test,0.9090909361839294,0.603988603988604
56,3600,S16,test,0.9090909361839294,0.6470588235294118
56,3600,S3,test,0.6363636255264282,0.4000000000000001
56,3600,S5,test,0.8181818127632141,0.6
56,3600,S6,test,0.6363636255264282,0.4230769230769231
56,3600,S7,test,0.6363636255264282,0.2745098039215686
56,3600,S8,test,0.8181818127632141,0.6190476190476191
56,3600,S9,test,0.7272727489471436,0.5138888888888888
56,4500,S11,test,0.6363636255264282,0.5079365079365079
56,4500,S13,test,0.9090909361839294,0.6470588235294118
56,4500,S15,test,0.9090909361839294,0.603988603988604
56,4500,S16,test,0.9090909361839294,0.6470588235294118
56,4500,S3,test,0.6363636255264282,0.4000000000000001
56,4500,S5,test,0.8181818127632141,0.6
56,4500,S6,test,0.6363636255264282,0.4230769230769231
56,4500,S7,test,0.6363636255264282,0.43333333333333335
56,4500,S8,test,0.8181818127632141,0.6190476190476191
56,4500,S9,test,0.7272727489471436,0.5138888888888888
56,5400,S11,test,0.7272727489471436,0.5757575757575758
56,5400,S13,test,0.9090909361839294,0.6470588235294118
56,5400,S15,test,0.9090909361839294,0.603988603988604
56,5400,S16,test,0.9090909361839294,0.6470588235294118
56,5400,S3,test,0.7272727489471436,0.5079365079365079
56,5400,S5,test,0.8181818127632141,0.6
56,5400,S6,test,0.6363636255264282,0.4230769230769231
56,5400,S7,test,0.6363636255264282,0.43333333333333335
56,5400,S8,test,0.8181818127632141,0.6190476190476191
56,5400,S9,test,0.7272727489471436,0.4666666666666666
56,6300,S11,test,0.7272727489471436,0.5757575757575758
56,6300,S13,test,0.9090909361839294,0.6470588235294118
56,6300,S15,test,0.9090909361839294,0.603988603988604
56,6300,S16,test,0.9090909361839294,0.6470588235294118
56,6300,S3,test,0.7272727489471436,0.5079365079365079
56,6300,S5,test,0.8181818127632141,0.6
56,6300,S6,test,0.6363636255264282,0.4230769230769231
56,6300,S7,test,0.5454545617103577,0.37142857142857144
56,6300,S8,test,0.8181818127632141,0.6190476190476191
56,6300,S9,test,0.7272727489471436,0.4777777777777778
56,7200,S11,test,0.7272727489471436,0.5757575757575758
56,7200,S13,test,0.9090909361839294,0.6470588235294118
56,7200,S15,test,0.9090909361839294,0.603988603988604
56,7200,S16,test,0.9090909361839294,0.6470588235294118
56,7200,S3,test,0.7272727489471436,0.5277777777777778
56,7200,S5,test,0.8181818127632141,0.6
56,7200,S6,test,0.7272727489471436,0.5
56,7200,S7,test,0.6363636255264282,0.43333333333333335
56,7200,S8,test,0.8181818127632141,0.6190476190476191
56,7200,S9,test,0.7272727489471436,0.4666666666666666
56,8100,S11,test,0.7272727489471436,0.5757575757575758
56,8100,S13,test,0.9090909361839294,0.6470588235294118
56,8100,S15,test,0.9090909361839294,0.603988603988604
56,8100,S16,test,0.9090909361839294,0.6470588235294118
56,8100,S3,test,0.6363636255264282,0.4468864468864469
56,8100,S5,test,0.8181818127632141,0.6
56,8100,S6,test,0.7272727489471436,0.5
56,8100,S7,test,0.5454545617103577,0.37142857142857144
56,8100,S8,test,0.8181818127632141,0.6190476190476191
56,8100,S9,test,0.7272727489471436,0.4666666666666666
56,9000,S11,test,0.7272727489471436,0.5757575757575758
56,9000,S13,test,0.9090909361839294,0.6470588235294118
56,9000,S15,test,0.9090909361839294,0.603988603988604
56,9000,S16,test,0.9090909361839294,0.6470588235294118
56,9000,S3,test,0.6363636255264282,0.4468864468864469
56,9000,S5,test,0.8181818127632141,0.6
56,9000,S6,test,0.7272727489471436,0.5
56,9000,S7,test,0.6363636255264282,0.43333333333333335
56,9000,S8,test,0.8181818127632141,0.6190476190476191
56,9000,S9,test,0.7272727489471436,0.4666666666666666
56,9900,S11,test,0.7272727489471436,0.5757575757575758
56,9900,S13,test,0.9090909361839294,0.6470588235294118
56,9900,S15,test,0.9090909361839294,0.603988603988604
56,9900,S16,test,0.9090909361839294,0.6470588235294118
56,9900,S3,test,0.7272727489471436,0.5277777777777778
56,9900,S5,test,0.8181818127632141,0.6
56,9900,S6,test,0.7272727489471436,0.5
56,9900,S7,test,0.5454545617103577,0.37142857142857144
56,9900,S8,test,0.8181818127632141,0.6190476190476191
56,9900,S9,test,0.7272727489471436,0.4666666666666666
56,10800,S11,test,0.7272727489471436,0.5757575757575758
56,10800,S13,test,0.9090909361839294,0.6470588235294118
56,10800,S15,test,0.9090909361839294,0.603988603988604
56,10800,S16,test,0.9090909361839294,0.6470588235294118
56,10800,S3,test,0.8181818127632141,0.5934065934065934
56,10800,S5,test,0.8181818127632141,0.6
56,10800,S6,test,0.7272727489471436,0.5
56,10800,S7,test,0.5454545617103577,0.37142857142857144
56,10800,S8,test,0.8181818127632141,0.6190476190476191
56,10800,S9,test,0.7272727489471436,0.4666666666666666
56,11700,S11,test,0.7272727489471436,0.5757575757575758
56,11700,S13,test,0.9090909361839294,0.6470588235294118
56,11700,S15,test,0.9090909361839294,0.603988603988604
56,11700,S16,test,0.9090909361839294,0.6470588235294118
56,11700,S3,test,0.7272727489471436,0.5277777777777778
56,11700,S5,test,0.8181818127632141,0.6
56,11700,S6,test,0.7272727489471436,0.5
56,11700,S7,test,0.5454545617103577,0.37142857142857144
56,11700,S8,test,0.8181818127632141,0.6190476190476191
56,11700,S9,test,0.7272727489471436,0.4666666666666666
56,12600,S11,test,0.7272727489471436,0.5757575757575758
56,12600,S13,test,0.9090909361839294,0.6470588235294118
56,12600,S15,test,0.9090909361839294,0.603988603988604
56,12600,S16,test,0.9090909361839294,0.6470588235294118
56,12600,S3,test,0.7272727489471436,0.5277777777777778
56,12600,S5,test,0.8181818127632141,0.6
56,12600,S6,test,0.7272727489471436,0.5
56,12600,S7,test,0.5454545617103577,0.36752136752136755
56,12600,S8,test,0.8181818127632141,0.6190476190476191
56,12600,S9,test,0.7272727489471436,0.4666666666666666
56,13500,S11,test,0.7272727489471436,0.5757575757575758
56,13500,S13,test,0.9090909361839294,0.6470588235294118
56,13500,S15,test,0.9090909361839294,0.603988603988604
56,13500,S16,test,0.9090909361839294,0.6470588235294118
56,13500,S3,test,0.7272727489471436,0.5277777777777778
56,13500,S5,test,0.8181818127632141,0.6
56,13500,S6,test,0.8181818127632141,0.5696969696969697
56,13500,S7,test,0.6363636255264282,0.43333333333333335
56,13500,S8,test,0.8181818127632141,0.6190476190476191
56,13500,S9,test,0.7272727489471436,0.4666666666666666
56,14400,S11,test,0.7272727489471436,0.5757575757575758
56,14400,S13,test,0.9090909361839294,0.6470588235294118
56,14400,S15,test,0.9090909361839294,0.603988603988604
56,14400,S16,test,1.0,1.0
56,14400,S3,test,0.7272727489471436,0.5079365079365079
56,14400,S5,test,0.8181818127632141,0.6
56,14400,S6,test,0.8181818127632141,0.5696969696969697
56,14400,S7,test,0.5454545617103577,0.37142857142857144
56,14400,S8,test,0.8181818127632141,0.6190476190476191
56,14400,S9,test,0.7272727489471436,0.4666666666666666
56,15300,S11,test,0.7272727489471436,0.5757575757575758
56,15300,S13,test,0.9090909361839294,0.6470588235294118
56,15300,S15,test,0.9090909361839294,0.603988603988604
56,15300,S16,test,0.9090909361839294,0.6
56,15300,S3,test,0.7272727489471436,0.5277777777777778
56,15300,S5,test,0.8181818127632141,0.6
56,15300,S6,test,0.8181818127632141,0.5696969696969697
56,15300,S7,test,0.5454545617103577,0.36752136752136755
56,15300,S8,test,0.8181818127632141,0.6190476190476191
56,15300,S9,test,0.7272727489471436,0.4777777777777778
56,16200,S11,test,0.7272727489471436,0.5757575757575758
56,16200,S13,test,0.9090909361839294,0.6470588235294118
56,16200,S15,test,0.9090909361839294,0.603988603988604
56,16200,S16,test,1.0,1.0
56,16200,S3,test,0.8181818127632141,0.5934065934065934
56,16200,S5,test,0.8181818127632141,0.6
56,16200,S6,test,0.8181818127632141,0.5696969696969697
56,16200,S7,test,0.5454545617103577,0.37142857142857144
56,16200,S8,test,0.8181818127632141,0.6190476190476191
56,16200,S9,test,0.8181818127632141,0.6666666666666666
56,17100,S11,test,0.7272727489471436,0.5757575757575758
56,17100,S13,test,0.9090909361839294,0.6470588235294118
56,17100,S15,test,0.9090909361839294,0.603988603988604
56,17100,S16,test,1.0,1.0
56,17100,S3,test,0.7272727489471436,0.5277777777777778
56,17100,S5,test,0.8181818127632141,0.6
56,17100,S6,test,0.8181818127632141,0.5696969696969697
56,17100,S7,test,0.6363636255264282,0.5564102564102564
56,17100,S8,test,0.8181818127632141,0.6190476190476191
56,17100,S9,test,0.7272727489471436,0.4666666666666666
56,18000,S11,test,0.7272727489471436,0.5757575757575758
56,18000,S13,test,0.9090909361839294,0.6470588235294118
56,18000,S15,test,0.9090909361839294,0.603988603988604
56,18000,S16,test,1.0,1.0
56,18000,S3,test,0.7272727489471436,0.5277777777777778
56,18000,S5,test,0.8181818127632141,0.6
56,18000,S6,test,0.8181818127632141,0.5696969696969697
56,18000,S7,test,0.5454545617103577,0.37142857142857144
56,18000,S8,test,0.7272727489471436,0.5277777777777778
56,18000,S9,test,0.8181818127632141,0.6666666666666666
56,18900,S11,test,0.7272727489471436,0.5757575757575758
56,18900,S13,test,0.9090909361839294,0.6470588235294118
56,18900,S15,test,0.9090909361839294,0.603988603988604
56,18900,S16,test,0.9090909361839294,0.6
56,18900,S3,test,0.7272727489471436,0.5277777777777778
56,18900,S5,test,0.8181818127632141,0.6
56,18900,S6,test,0.9090909361839294,0.6363636363636364
56,18900,S7,test,0.6363636255264282,0.5564102564102564
56,18900,S8,test,0.8181818127632141,0.6190476190476191
56,18900,S9,test,0.8181818127632141,0.6666666666666666
56,19800,S11,test,0.7272727489471436,0.5757575757575758
56,19800,S13,test,0.9090909361839294,0.6470588235294118
56,19800,S15,test,0.9090909361839294,0.603988603988604
56,19800,S16,test,1.0,1.0
56,19800,S3,test,0.7272727489471436,0.5277777777777778
56,19800,S5,test,0.8181818127632141,0.6
56,19800,S6,test,0.8181818127632141,0.5696969696969697
56,19800,S7,test,0.7272727489471436,0.6190476190476191
56,19800,S8,test,0.8181818127632141,0.6190476190476191
56,19800,S9,test,0.8181818127632141,0.6666666666666666
56,20700,S11,test,0.7272727489471436,0.5757575757575758
56,20700,S13,test,0.9090909361839294,0.6470588235294118
56,20700,S15,test,0.9090909361839294,0.603988603988604
56,20700,S16,test,1.0,1.0
56,20700,S3,test,0.7272727489471436,0.5277777777777778
56,20700,S5,test,0.8181818127632141,0.6
56,20700,S6,test,0.8181818127632141,0.5696969696969697
56,20700,S7,test,0.7272727489471436,0.6190476190476191
56,20700,S8,test,0.8181818127632141,0.6190476190476191
56,20700,S9,test,0.8181818127632141,0.6666666666666666
56,21600,S11,test,0.7272727489471436,0.5757575757575758
56,21600,S13,test,0.9090909361839294,0.6470588235294118
56,21600,S15,test,0.9090909361839294,0.603988603988604
56,21600,S16,test,1.0,1.0
56,21600,S3,test,0.7272727489471436,0.5277777777777778
56,21600,S5,test,0.8181818127632141,0.6
56,21600,S6,test,0.9090909361839294,0.6363636363636364
56,21600,S7,test,0.7272727489471436,0.6190476190476191
56,21600,S8,test,0.8181818127632141,0.5934065934065934
56,21600,S9,test,0.8181818127632141,0.6666666666666666
56,22500,S11,test,0.7272727489471436,0.5757575757575758
56,22500,S13,test,0.9090909361839294,0.6470588235294118
56,22500,S15,test,0.9090909361839294,0.603988603988604
56,22500,S16,test,1.0,1.0
56,22500,S3,test,0.7272727489471436,0.5277777777777778
56,22500,S5,test,0.8181818127632141,0.6
56,22500,S6,test,0.8181818127632141,0.5696969696969697
56,22500,S7,test,0.6363636255264282,0.43333333333333335
56,22500,S8,test,0.7272727489471436,0.5277777777777778
56,22500,S9,test,0.8181818127632141,0.6666666666666666
56,23400,S11,test,0.7272727489471436,0.5757575757575758
56,23400,S13,test,0.9090909361839294,0.6470588235294118
56,23400,S15,test,0.9090909361839294,0.603988603988604
56,23400,S16,test,1.0,1.0
56,23400,S3,test,0.7272727489471436,0.5277777777777778
56,23400,S5,test,0.8181818127632141,0.6
56,23400,S6,test,0.9090909361839294,0.6363636363636364
56,23400,S7,test,0.7272727489471436,0.6190476190476191
56,23400,S8,test,0.8181818127632141,0.6190476190476191
56,23400,S9,test,0.9090909361839294,0.8222222222222223
56,24300,S11,test,0.7272727489471436,0.5757575757575758
56,24300,S13,test,0.9090909361839294,0.6470588235294118
56,24300,S15,test,0.9090909361839294,0.603988603988604
56,24300,S16,test,1.0,1.0
56,24300,S3,test,0.8181818127632141,0.5934065934065934
56,24300,S5,test,0.8181818127632141,0.6
56,24300,S6,test,0.9090909361839294,0.6363636363636364
56,24300,S7,test,0.6363636255264282,0.5564102564102564
56,24300,S8,test,0.7272727489471436,0.5277777777777778
56,24300,S9,test,0.9090909361839294,0.8222222222222223
56,25200,S11,test,0.7272727489471436,0.5757575757575758
56,25200,S13,test,0.9090909361839294,0.6470588235294118
56,25200,S15,test,0.9090909361839294,0.603988603988604
56,25200,S16,test,1.0,1.0
56,25200,S3,test,0.8181818127632141,0.5934065934065934
56,25200,S5,test,1.0,1.0
56,25200,S6,test,0.9090909361839294,0.6363636363636364
56,25200,S7,test,0.7272727489471436,0.6190476190476191
56,25200,S8,test,0.8181818127632141,0.7857142857142857
56,25200,S9,test,1.0,1.0
56,26100,S11,test,0.7272727489471436,0.562962962962963
56,26100,S13,test,0.9090909361839294,0.6470588235294118
56,26100,S15,test,0.9090909361839294,0.603988603988604
56,26100,S16,test,1.0,1.0
56,26100,S3,test,0.8181818127632141,0.5934065934065934
56,26100,S5,test,0.8181818127632141,0.6
56,26100,S6,test,0.9090909361839294,0.6363636363636364
56,26100,S7,test,0.7272727489471436,0.6190476190476191
56,26100,S8,test,0.8181818127632141,0.7777777777777778
56,26100,S9,test,0.8181818127632141,0.6666666666666666
56,27000,S11,test,0.7272727489471436,0.5757575757575758
56,27000,S13,test,0.9090909361839294,0.6470588235294118
56,27000,S15,test,0.9090909361839294,0.603988603988604
56,27000,S16,test,1.0,1.0
56,27000,S3,test,0.8181818127632141,0.5934065934065934
56,27000,S5,test,0.9090909361839294,0.8518518518518517
56,27000,S6,test,0.8181818127632141,0.5696969696969697
56,27000,S7,test,0.7272727489471436,0.6190476190476191
56,27000,S8,test,0.8181818127632141,0.7777777777777778
56,27000,S9,test,1.0,1.0
56,27900,S11,test,0.8181818127632141,0.7666666666666666
56,27900,S13,test,0.9090909361839294,0.6470588235294118
56,27900,S15,test,0.9090909361839294,0.603988603988604
56,27900,S16,test,1.0,1.0
56,27900,S3,test,0.9090909361839294,0.8412698412698413
56,27900,S5,test,0.8181818127632141,0.6
56,27900,S6,test,0.8181818127632141,0.5696969696969697
56,27900,S7,test,0.6363636255264282,0.5564102564102564
56,27900,S8,test,0.8181818127632141,0.7752525252525252
56,27900,S9,test,0.9090909361839294,0.8222222222222223
56,28800,S11,test,0.7272727489471436,0.5757575757575758
56,28800,S13,test,0.9090909361839294,0.6470588235294118
56,28800,S15,test,0.9090909361839294,0.603988603988604
56,28800,S16,test,1.0,1.0
56,28800,S3,test,0.8181818127632141,0.7752525252525252
56,28800,S5,test,0.9090909361839294,0.8518518518518517
56,28800,S6,test,0.9090909361839294,0.6363636363636364
56,28800,S7,test,0.7272727489471436,0.6190476190476191
56,28800,S8,test,0.8181818127632141,0.7857142857142857
56,28800,S9,test,0.9090909361839294,0.8222222222222223
56,29700,S11,test,0.5454545617103577,0.42735042735042733
56,29700,S13,test,0.9090909361839294,0.6470588235294118
56,29700,S15,test,0.9090909361839294,0.603988603988604
56,29700,S16,test,1.0,1.0
56,29700,S3,test,0.9090909361839294,0.8412698412698413
56,29700,S5,test,0.9090909361839294,0.8518518518518517
56,29700,S6,test,0.9090909361839294,0.6363636363636364
56,29700,S7,test,0.7272727489471436,0.6190476190476191
56,29700,S8,test,0.8181818127632141,0.7857142857142857
56,29700,S9,test,0.9090909361839294,0.8222222222222223
56,30600,S11,test,0.7272727489471436,0.5757575757575758
56,30600,S13,test,0.9090909361839294,0.6470588235294118
56,30600,S15,test,0.9090909361839294,0.603988603988604
56,30600,S16,test,1.0,1.0
56,30600,S3,test,0.8181818127632141,0.7554112554112553
56,30600,S5,test,1.0,1.0
56,30600,S6,test,0.9090909361839294,0.6363636363636364
56,30600,S7,test,0.7272727489471436,0.6190476190476191
56,30600,S8,test,0.8181818127632141,0.7857142857142857
56,30600,S9,test,0.9090909361839294,0.8222222222222223
56,31500,S11,test,0.7272727489471436,0.5757575757575758
56,31500,S13,test,0.9090909361839294,0.6470588235294118
56,31500,S15,test,0.9090909361839294,0.603988603988604
56,31500,S16,test,1.0,1.0
56,31500,S3,test,0.9090909361839294,0.8412698412698413
56,31500,S5,test,0.8181818127632141,0.6
56,31500,S6,test,0.9090909361839294,0.6363636363636364
56,31500,S7,test,0.7272727489471436,0.6190476190476191
56,31500,S8,test,0.8181818127632141,0.7857142857142857
56,31500,S9,test,1.0,1.0
56,32400,S11,test,0.7272727489471436,0.5757575757575758
56,32400,S13,test,0.9090909361839294,0.6470588235294118
56,32400,S15,test,0.9090909361839294,0.603988603988604
56,32400,S16,test,1.0,1.0
56,32400,S3,test,0.9090909361839294,0.8412698412698413
56,32400,S5,test,1.0,1.0
56,32400,S6,test,0.9090909361839294,0.6363636363636364
56,32400,S7,test,0.7272727489471436,0.6190476190476191
56,32400,S8,test,0.8181818127632141,0.7857142857142857
56,32400,S9,test,0.9090909361839294,0.8222222222222223
56,33300,S11,test,0.5454545617103577,0.42735042735042733
56,33300,S13,test,0.9090909361839294,0.6470588235294118
56,33300,S15,test,0.9090909361839294,0.603988603988604
56,33300,S16,test,1.0,1.0
56,33300,S3,test,0.8181818127632141,0.5934065934065934
56,33300,S5,test,1.0,1.0
56,33300,S6,test,0.9090909361839294,0.6363636363636364
56,33300,S7,test,0.7272727489471436,0.6190476190476191
56,33300,S8,test,0.8181818127632141,0.7857142857142857
56,33300,S9,test,0.9090909361839294,0.8222222222222223
56,34200,S11,test,0.7272727489471436,0.5757575757575758
56,34200,S13,test,0.9090909361839294,0.6470588235294118
56,34200,S15,test,0.9090909361839294,0.603988603988604
56,34200,S16,test,1.0,1.0
56,34200,S3,test,0.9090909361839294,0.8412698412698413
56,34200,S5,test,1.0,1.0
56,34200,S6,test,0.9090909361839294,0.6363636363636364
56,34200,S7,test,0.7272727489471436,0.6412698412698412
56,34200,S8,test,0.8181818127632141,0.7857142857142857
56,34200,S9,test,0.9090909361839294,0.8222222222222223
56,35100,S11,test,0.7272727489471436,0.5757575757575758
56,35100,S13,test,0.9090909361839294,0.6470588235294118
56,35100,S15,test,0.9090909361839294,0.603988603988604
56,35100,S16,test,1.0,1.0
56,35100,S3,test,0.9090909361839294,0.8412698412698413
56,35100,S5,test,0.9090909361839294,0.8518518518518517
56,35100,S6,test,0.9090909361839294,0.6363636363636364
56,35100,S7,test,0.7272727489471436,0.6190476190476191
56,35100,S8,test,0.8181818127632141,0.7777777777777778
56,35100,S9,test,0.9090909361839294,0.8222222222222223
56,36000,S11,test,0.8181818127632141,0.7666666666666666
56,36000,S13,test,0.9090909361839294,0.6470588235294118
56,36000,S15,test,0.9090909361839294,0.603988603988604
56,36000,S16,test,1.0,1.0
56,36000,S3,test,0.9090909361839294,0.8412698412698413
56,36000,S5,test,1.0,1.0
56,36000,S6,test,0.8181818127632141,0.5696969696969697
56,36000,S7,test,0.7272727489471436,0.6190476190476191
56,36000,S8,test,0.8181818127632141,0.7857142857142857
56,36000,S9,test,1.0,1.0
56,36900,S11,test,0.7272727489471436,0.5757575757575758
56,36900,S13,test,0.9090909361839294,0.6470588235294118
56,36900,S15,test,0.9090909361839294,0.603988603988604
56,36900,S16,test,1.0,1.0
56,36900,S3,test,0.9090909361839294,0.8412698412698413
56,36900,S5,test,1.0,1.0
56,36900,S6,test,0.9090909361839294,0.6363636363636364
56,36900,S7,test,0.7272727489471436,0.6190476190476191
56,36900,S8,test,0.8181818127632141,0.7777777777777778
56,36900,S9,test,0.9090909361839294,0.8222222222222223
56,37800,S11,test,0.7272727489471436,0.5757575757575758
56,37800,S13,test,0.9090909361839294,0.6470588235294118
56,37800,S15,test,0.9090909361839294,0.603988603988604
56,37800,S16,test,1.0,1.0
56,37800,S3,test,0.9090909361839294,0.8412698412698413
56,37800,S5,test,1.0,1.0
56,37800,S6,test,0.9090909361839294,0.6363636363636364
56,37800,S7,test,0.7272727489471436,0.6190476190476191
56,37800,S8,test,0.8181818127632141,0.7777777777777778
56,37800,S9,test,0.9090909361839294,0.8222222222222223
56,38700,S11,test,0.7272727489471436,0.5757575757575758
56,38700,S13,test,0.9090909361839294,0.6470588235294118
56,38700,S15,test,0.9090909361839294,0.603988603988604
56,38700,S16,test,1.0,1.0
56,38700,S3,test,0.9090909361839294,0.8412698412698413
56,38700,S5,test,1.0,1.0
56,38700,S6,test,0.9090909361839294,0.6363636363636364
56,38700,S7,test,0.7272727489471436,0.6190476190476191
56,38700,S8,test,0.8181818127632141,0.7857142857142857
56,38700,S9,test,1.0,1.0
56,39600,S11,test,0.7272727489471436,0.5757575757575758
56,39600,S13,test,0.9090909361839294,0.6470588235294118
56,39600,S15,test,0.9090909361839294,0.603988603988604
56,39600,S16,test,1.0,1.0
56,39600,S3,test,0.8181818127632141,0.7554112554112553
56,39600,S5,test,1.0,1.0
56,39600,S6,test,0.9090909361839294,0.6363636363636364
56,39600,S7,test,0.7272727489471436,0.6412698412698412
56,39600,S8,test,0.8181818127632141,0.7777777777777778
56,39600,S9,test,1.0,1.0
56,40500,S11,test,1.0,1.0
56,40500,S13,test,0.9090909361839294,0.6470588235294118
56,40500,S15,test,0.9090909361839294,0.603988603988604
56,40500,S16,test,1.0,1.0
56,40500,S3,test,0.9090909361839294,0.8412698412698413
56,40500,S5,test,1.0,1.0
56,40500,S6,test,0.9090909361839294,0.6363636363636364
56,40500,S7,test,0.7272727489471436,0.6412698412698412
56,40500,S8,test,0.8181818127632141,0.7857142857142857
56,40500,S9,test,1.0,1.0
56,41400,S11,test,0.7272727489471436,0.5757575757575758
56,41400,S13,test,0.9090909361839294,0.6470588235294118
56,41400,S15,test,0.9090909361839294,0.603988603988604
56,41400,S16,test,1.0,1.0
56,41400,S3,test,0.9090909361839294,0.8412698412698413
56,41400,S5,test,1.0,1.0
56,41400,S6,test,0.9090909361839294,0.6363636363636364
56,41400,S7,test,0.7272727489471436,0.6190476190476191
56,41400,S8,test,0.8181818127632141,0.7777777777777778
56,41400,S9,test,1.0,1.0
56,42300,S11,test,0.7272727489471436,0.5757575757575758
56,42300,S13,test,0.9090909361839294,0.6470588235294118
56,42300,S15,test,0.9090909361839294,0.603988603988604
56,42300,S16,test,1.0,1.0
56,42300,S3,test,0.9090909361839294,0.8412698412698413
56,42300,S5,test,1.0,1.0
56,42300,S6,test,0.9090909361839294,0.6363636363636364
56,42300,S7,test,0.7272727489471436,0.6412698412698412
56,42300,S8,test,0.8181818127632141,0.7777777777777778
56,42300,S9,test,1.0,1.0
56,43200,S11,test,0.7272727489471436,0.5757575757575758
56,43200,S13,test,0.9090909361839294,0.6470588235294118
56,43200,S15,test,0.9090909361839294,0.603988603988604
56,43200,S16,test,1.0,1.0
56,43200,S3,test,0.9090909361839294,0.8412698412698413
56,43200,S5,test,1.0,1.0
56,43200,S6,test,0.9090909361839294,0.6363636363636364
56,43200,S7,test,0.7272727489471436,0.6412698412698412
56,43200,S8,test,0.8181818127632141,0.7777777777777778
56,43200,S9,test,1.0,1.0
56,44100,S11,test,0.9090909361839294,0.9047619047619048
56,44100,S13,test,0.9090909361839294,0.6470588235294118
56,44100,S15,test,1.0,0.6666666666666666
56,44100,S16,test,1.0,1.0
56,44100,S3,test,0.9090909361839294,0.8412698412698413
56,44100,S5,test,1.0,1.0
56,44100,S6,test,0.9090909361839294,0.6363636363636364
56,44100,S7,test,0.8181818127632141,0.7521367521367521
56,44100,S8,test,0.8181818127632141,0.7777777777777778
56,44100,S9,test,0.9090909361839294,0.8222222222222223
56,45000,S11,test,1.0,1.0
56,45000,S13,test,0.9090909361839294,0.6470588235294118
56,45000,S15,test,0.9090909361839294,0.603988603988604
56,45000,S16,test,1.0,1.0
56,45000,S3,test,0.9090909361839294,0.8412698412698413
56,45000,S5,test,1.0,1.0
56,45000,S6,test,0.9090909361839294,0.6363636363636364
56,45000,S7,test,0.7272727489471436,0.6412698412698412
56,45000,S8,test,0.9090909361839294,0.903030303030303
56,45000,S9,test,0.9090909361839294,0.8222222222222223
56,45900,S11,test,1.0,1.0
56,45900,S13,test,0.9090909361839294,0.6470588235294118
56,45900,S15,test,0.9090909361839294,0.603988603988604
56,45900,S16,test,1.0,1.0
56,45900,S3,test,0.9090909361839294,0.8412698412698413
56,45900,S5,test,1.0,1.0
56,45900,S6,test,0.9090909361839294,0.6363636363636364
56,45900,S7,test,0.7272727489471436,0.6412698412698412
56,45900,S8,test,0.8181818127632141,0.7777777777777778
56,45900,S9,test,1.0,1.0
56,46800,S11,test,0.8181818127632141,0.7666666666666666
56,46800,S13,test,0.9090909361839294,0.6470588235294118
56,46800,S15,test,0.9090909361839294,0.603988603988604
56,46800,S16,test,1.0,1.0
56,46800,S3,test,0.9090909361839294,0.8412698412698413
56,46800,S5,test,1.0,1.0
56,46800,S6,test,0.9090909361839294,0.6363636363636364
56,46800,S7,test,0.8181818127632141,0.7410256410256411
56,46800,S8,test,0.8181818127632141,0.7857142857142857
56,46800,S9,test,1.0,1.0
56,47700,S11,test,0.8181818127632141,0.7666666666666666
56,47700,S13,test,0.9090909361839294,0.6470588235294118
56,47700,S15,test,0.9090909361839294,0.603988603988604
56,47700,S16,test,1.0,1.0
56,47700,S3,test,0.9090909361839294,0.8412698412698413
56,47700,S5,test,1.0,1.0
56,47700,S6,test,0.8181818127632141,0.5696969696969697
56,47700,S7,test,0.7272727489471436,0.6412698412698412
56,47700,S8,test,0.8181818127632141,0.7857142857142857
56,47700,S9,test,0.9090909361839294,0.8222222222222223
56,48600,S11,test,0.8181818127632141,0.7666666666666666
56,48600,S13,test,0.9090909361839294,0.6470588235294118
56,48600,S15,test,0.9090909361839294,0.6296296296296297
56,48600,S16,test,1.0,1.0
56,48600,S3,test,0.9090909361839294,0.8412698412698413
56,48600,S5,test,1.0,1.0
56,48600,S6,test,0.8181818127632141,0.5696969696969697
56,48600,S7,test,0.8181818127632141,0.7410256410256411
56,48600,S8,test,0.8181818127632141,0.7777777777777778
56,48600,S9,test,0.6363636255264282,0.5444444444444444
56,49500,S11,test,0.8181818127632141,0.7666666666666666
56,49500,S13,test,0.9090909361839294,0.6470588235294118
56,49500,S15,test,0.9090909361839294,0.603988603988604
56,49500,S16,test,1.0,1.0
56,49500,S3,test,0.9090909361839294,0.8412698412698413
56,49500,S5,test,1.0,1.0
56,49500,S6,test,0.9090909361839294,0.6363636363636364
56,49500,S7,test,0.7272727489471436,0.6412698412698412
56,49500,S8,test,0.8181818127632141,0.7777777777777778
56,49500,S9,test,0.9090909361839294,0.8222222222222223
56,50400,S11,test,1.0,1.0
56,50400,S13,test,0.9090909361839294,0.6470588235294118
56,50400,S15,test,0.9090909361839294,0.603988603988604
56,50400,S16,test,1.0,1.0
56,50400,S3,test,0.9090909361839294,0.8412698412698413
56,50400,S5,test,1.0,1.0
56,50400,S6,test,0.9090909361839294,0.6363636363636364
56,50400,S7,test,0.8181818127632141,0.7521367521367521
56,50400,S8,test,0.9090909361839294,0.9220779220779219
56,50400,S9,test,1.0,1.0
56,51300,S11,test,0.7272727489471436,0.5757575757575758
56,51300,S13,test,0.9090909361839294,0.6470588235294118
56,51300,S15,test,0.9090909361839294,0.603988603988604
56,51300,S16,test,1.0,1.0
56,51300,S3,test,0.9090909361839294,0.8412698412698413
56,51300,S5,test,1.0,1.0
56,51300,S6,test,0.8181818127632141,0.5696969696969697
56,51300,S7,test,0.8181818127632141,0.7521367521367521
56,51300,S8,test,0.8181818127632141,0.7777777777777778
56,51300,S9,test,1.0,1.0
56,52200,S11,test,0.7272727489471436,0.5757575757575758
56,52200,S13,test,0.9090909361839294,0.6470588235294118
56,52200,S15,test,0.9090909361839294,0.603988603988604
56,52200,S16,test,1.0,1.0
56,52200,S3,test,0.9090909361839294,0.8412698412698413
56,52200,S5,test,1.0,1.0
56,52200,S6,test,0.9090909361839294,0.6363636363636364
56,52200,S7,test,0.8181818127632141,0.7410256410256411
56,52200,S8,test,0.9090909361839294,0.903030303030303
56,52200,S9,test,0.9090909361839294,0.8222222222222223
56,53100,S11,test,0.7272727489471436,0.5757575757575758
56,53100,S13,test,0.9090909361839294,0.6470588235294118
56,53100,S15,test,0.9090909361839294,0.603988603988604
56,53100,S16,test,1.0,1.0
56,53100,S3,test,0.9090909361839294,0.8412698412698413
56,53100,S5,test,1.0,1.0
56,53100,S6,test,0.9090909361839294,0.6363636363636364
56,53100,S7,test,0.8181818127632141,0.7521367521367521
56,53100,S8,test,0.9090909361839294,0.9220779220779219
56,53100,S9,test,0.9090909361839294,0.8222222222222223
56,54000,S11,test,1.0,1.0
56,54000,S13,test,0.9090909361839294,0.6470588235294118
56,54000,S15,test,0.9090909361839294,0.6296296296296297
56,54000,S16,test,1.0,1.0
56,54000,S3,test,0.9090909361839294,0.8412698412698413
56,54000,S5,test,1.0,1.0
56,54000,S6,test,0.9090909361839294,0.6363636363636364
56,54000,S7,test,0.8181818127632141,0.7521367521367521
56,54000,S8,test,0.9090909361839294,0.903030303030303
56,54000,S9,test,1.0,1.0
56,54900,S11,test,0.7272727489471436,0.5757575757575758
56,54900,S13,test,0.9090909361839294,0.6470588235294118
56,54900,S15,test,0.9090909361839294,0.603988603988604
56,54900,S16,test,1.0,1.0
56,54900,S3,test,0.9090909361839294,0.8412698412698413
56,54900,S5,test,1.0,1.0
56,54900,S6,test,0.9090909361839294,0.6363636363636364
56,54900,S7,test,0.8181818127632141,0.8412698412698413
56,54900,S8,test,0.8181818127632141,0.7777777777777778
56,54900,S9,test,0.9090909361839294,0.8222222222222223
56,55800,S11,test,0.8181818127632141,0.7666666666666666
56,55800,S13,test,0.9090909361839294,0.6470588235294118
56,55800,S15,test,0.9090909361839294,0.6296296296296297
56,55800,S16,test,1.0,1.0
56,55800,S3,test,0.9090909361839294,0.8412698412698413
56,55800,S5,test,1.0,1.0
56,55800,S6,test,0.8181818127632141,0.5696969696969697
56,55800,S7,test,0.8181818127632141,0.7521367521367521
56,55800,S8,test,0.9090909361839294,0.903030303030303
56,55800,S9,test,1.0,1.0
56,56700,S11,test,0.8181818127632141,0.7666666666666666
56,56700,S13,test,0.9090909361839294,0.6470588235294118
56,56700,S15,test,0.9090909361839294,0.603988603988604
56,56700,S16,test,1.0,1.0
56,56700,S3,test,0.9090909361839294,0.8412698412698413
56,56700,S5,test,1.0,1.0
56,56700,S6,test,0.9090909361839294,0.6363636363636364
56,56700,S7,test,0.8181818127632141,0.7521367521367521
56,56700,S8,test,0.9090909361839294,0.9220779220779219
56,56700,S9,test,1.0,1.0
56,57600,S11,test,0.9090909361839294,0.8962962962962964
56,57600,S13,test,0.9090909361839294,0.6470588235294118
56,57600,S15,test,0.9090909361839294,0.6296296296296297
56,57600,S16,test,1.0,1.0
56,57600,S3,test,0.9090909361839294,0.8412698412698413
56,57600,S5,test,1.0,1.0
56,57600,S6,test,0.9090909361839294,0.6363636363636364
56,57600,S7,test,0.8181818127632141,0.7521367521367521
56,57600,S8,test,0.9090909361839294,0.9220779220779219
56,57600,S9,test,1.0,1.0
56,58500,S11,test,0.5454545617103577,0.42735042735042733
56,58500,S13,test,0.9090909361839294,0.6470588235294118
56,58500,S15,test,0.9090909361839294,0.603988603988604
56,58500,S16,test,1.0,1.0
56,58500,S3,test,0.9090909361839294,0.8412698412698413
56,58500,S5,test,1.0,1.0
56,58500,S6,test,0.9090909361839294,0.6363636363636364
56,58500,S7,test,0.8181818127632141,0.7521367521367521
56,58500,S8,test,0.9090909361839294,0.9220779220779219
56,58500,S9,test,1.0,1.0
56,59400,S11,test,0.9090909361839294,0.8962962962962964
56,59400,S13,test,0.9090909361839294,0.6470588235294118
56,59400,S15,test,0.9090909361839294,0.6296296296296297
56,59400,S16,test,1.0,1.0
56,59400,S3,test,0.9090909361839294,0.8412698412698413
56,59400,S5,test,1.0,1.0
56,59400,S6,test,0.9090909361839294,0.6363636363636364
56,59400,S7,test,0.8181818127632141,0.7521367521367521
56,59400,S8,test,0.9090909361839294,0.9220779220779219
56,59400,S9,test,1.0,1.0
56,60300,S11,test,0.7272727489471436,0.5757575757575758
56,60300,S13,test,0.9090909361839294,0.6470588235294118
56,60300,S15,test,0.9090909361839294,0.6296296296296297
56,60300,S16,test,1.0,1.0
56,60300,S3,test,0.9090909361839294,0.8412698412698413
56,60300,S5,test,1.0,1.0
56,60300,S6,test,0.9090909361839294,0.6363636363636364
56,60300,S7,test,0.8181818127632141,0.7521367521367521
56,60300,S8,test,0.9090909361839294,0.903030303030303
56,60300,S9,test,0.9090909361839294,0.8222222222222223
56,61200,S11,test,0.7272727489471436,0.5757575757575758
56,61200,S13,test,0.9090909361839294,0.6470588235294118
56,61200,S15,test,0.9090909361839294,0.603988603988604
56,61200,S16,test,1.0,1.0
56,61200,S3,test,0.9090909361839294,0.8412698412698413
56,61200,S5,test,1.0,1.0
56,61200,S6,test,0.8181818127632141,0.5696969696969697
56,61200,S7,test,0.7272727489471436,0.6412698412698412
56,61200,S8,test,0.9090909361839294,0.903030303030303
56,61200,S9,test,1.0,1.0
56,62100,S11,test,0.7272727489471436,0.5757575757575758
56,62100,S13,test,0.9090909361839294,0.6470588235294118
56,62100,S15,test,0.9090909361839294,0.6296296296296297
56,62100,S16,test,1.0,1.0
56,62100,S3,test,0.9090909361839294,0.8412698412698413
56,62100,S5,test,1.0,1.0
56,62100,S6,test,0.9090909361839294,0.6363636363636364
56,62100,S7,test,0.9090909361839294,0.9267399267399267
56,62100,S8,test,0.8181818127632141,0.7857142857142857
56,62100,S9,test,1.0,1.0
56,63000,S11,test,0.9090909361839294,0.8962962962962964
56,63000,S13,test,0.9090909361839294,0.6470588235294118
56,63000,S15,test,0.9090909361839294,0.6296296296296297
56,63000,S16,test,1.0,1.0
56,63000,S3,test,0.9090909361839294,0.8412698412698413
56,63000,S5,test,1.0,1.0
56,63000,S6,test,0.9090909361839294,0.6363636363636364
56,63000,S7,test,0.8181818127632141,0.7521367521367521
56,63000,S8,test,0.9090909361839294,0.903030303030303
56,63000,S9,test,0.9090909361839294,0.8222222222222223
56,63900,S11,test,0.8181818127632141,0.7666666666666666
56,63900,S13,test,0.9090909361839294,0.6470588235294118
56,63900,S15,test,0.9090909361839294,0.603988603988604
56,63900,S16,test,1.0,1.0
56,63900,S3,test,0.9090909361839294,0.8412698412698413
56,63900,S5,test,1.0,1.0
56,63900,S6,test,0.9090909361839294,0.6363636363636364
56,63900,S7,test,0.8181818127632141,0.7521367521367521
56,63900,S8,test,0.9090909361839294,0.9220779220779219
56,63900,S9,test,0.9090909361839294,0.8222222222222223
56,64800,S11,test,0.8181818127632141,0.7666666666666666
56,64800,S13,test,0.9090909361839294,0.6470588235294118
56,64800,S15,test,0.9090909361839294,0.6296296296296297
56,64800,S16,test,1.0,1.0
56,64800,S3,test,0.9090909361839294,0.8412698412698413
56,64800,S5,test,1.0,1.0
56,64800,S6,test,0.8181818127632141,0.5696969696969697
56,64800,S7,test,0.8181818127632141,0.7521367521367521
56,64800,S8,test,0.9090909361839294,0.9220779220779219
56,64800,S9,test,0.9090909361839294,0.8222222222222223
56,65700,S11,test,1.0,1.0
56,65700,S13,test,0.9090909361839294,0.6470588235294118
56,65700,S15,test,0.9090909361839294,0.6296296296296297
56,65700,S16,test,1.0,1.0
56,65700,S3,test,0.9090909361839294,0.8412698412698413
56,65700,S5,test,1.0,1.0
56,65700,S6,test,0.9090909361839294,0.8518518518518517
56,65700,S7,test,0.9090909361839294,0.9267399267399267
56,65700,S8,test,0.9090909361839294,0.903030303030303
56,65700,S9,test,0.9090909361839294,0.8222222222222223
56,66600,S11,test,0.8181818127632141,0.7666666666666666
56,66600,S13,test,0.9090909361839294,0.6470588235294118
56,66600,S15,test,0.9090909361839294,0.6296296296296297
56,66600,S16,test,1.0,1.0
56,66600,S3,test,0.9090909361839294,0.8412698412698413
56,66600,S5,test,1.0,1.0
56,66600,S6,test,0.9090909361839294,0.9326599326599326
56,66600,S7,test,0.8181818127632141,0.7521367521367521
56,66600,S8,test,0.9090909361839294,0.9220779220779219
56,66600,S9,test,1.0,1.0
56,67500,S11,test,0.7272727489471436,0.5757575757575758
56,67500,S13,test,0.9090909361839294,0.6470588235294118
56,67500,S15,test,0.9090909361839294,0.6296296296296297
56,67500,S16,test,1.0,1.0
56,67500,S3,test,0.8181818127632141,0.7554112554112553
56,67500,S5,test,1.0,1.0
56,67500,S6,test,0.9090909361839294,0.6363636363636364
56,67500,S7,test,0.8181818127632141,0.7521367521367521
56,67500,S8,test,0.9090909361839294,0.903030303030303
56,67500,S9,test,1.0,1.0
56,68400,S11,test,1.0,1.0
56,68400,S13,test,0.9090909361839294,0.6470588235294118
56,68400,S15,test,0.9090909361839294,0.6296296296296297
56,68400,S16,test,1.0,1.0
56,68400,S3,test,0.9090909361839294,0.8412698412698413
56,68400,S5,test,1.0,1.0
56,68400,S6,test,0.9090909361839294,0.6363636363636364
56,68400,S7,test,0.8181818127632141,0.7521367521367521
56,68400,S8,test,0.9090909361839294,0.903030303030303
56,68400,S9,test,1.0,1.0
56,69300,S11,test,0.9090909361839294,0.8962962962962964
56,69300,S13,test,0.9090909361839294,0.6470588235294118
56,69300,S15,test,0.9090909361839294,0.603988603988604
56,69300,S16,test,1.0,1.0
56,69300,S3,test,0.9090909361839294,0.8412698412698413
56,69300,S5,test,1.0,1.0
56,69300,S6,test,0.9090909361839294,0.6363636363636364
56,69300,S7,test,0.8181818127632141,0.7521367521367521
56,69300,S8,test,0.9090909361839294,0.903030303030303
56,69300,S9,test,1.0,1.0
56,70200,S11,test,0.7272727489471436,0.5757575757575758
56,70200,S13,test,0.9090909361839294,0.6470588235294118
56,70200,S15,test,0.9090909361839294,0.603988603988604
56,70200,S16,test,1.0,1.0
56,70200,S3,test,0.9090909361839294,0.8412698412698413
56,70200,S5,test,1.0,1.0
56,70200,S6,test,0.9090909361839294,0.6363636363636364
56,70200,S7,test,0.8181818127632141,0.7521367521367521
56,70200,S8,test,0.9090909361839294,0.903030303030303
56,70200,S9,test,0.9090909361839294,0.8222222222222223
56,71100,S11,test,0.8181818127632141,0.7666666666666666
56,71100,S13,test,1.0,1.0
56,71100,S15,test,0.9090909361839294,0.6296296296296297
56,71100,S16,test,1.0,1.0
56,71100,S3,test,0.9090909361839294,0.8412698412698413
56,71100,S5,test,1.0,1.0
56,71100,S6,test,1.0,1.0
56,71100,S7,test,0.8181818127632141,0.7521367521367521
56,71100,S8,test,0.9090909361839294,0.903030303030303
56,71100,S9,test,1.0,1.0
56,72000,S11,test,0.9090909361839294,0.8962962962962964
56,72000,S13,test,0.9090909361839294,0.6470588235294118
56,72000,S15,test,0.9090909361839294,0.6296296296296297
56,72000,S16,test,1.0,1.0
56,72000,S3,test,0.9090909361839294,0.8412698412698413
56,72000,S5,test,1.0,1.0
56,72000,S6,test,0.9090909361839294,0.6363636363636364
56,72000,S7,test,0.8181818127632141,0.7521367521367521
56,72000,S8,test,0.9090909361839294,0.903030303030303
56,72000,S9,test,0.9090909361839294,0.8222222222222223
56,72900,S11,test,0.8181818127632141,0.8042328042328042
56,72900,S13,test,0.9090909361839294,0.6470588235294118
56,72900,S15,test,0.9090909361839294,0.6296296296296297
56,72900,S16,test,1.0,1.0
56,72900,S3,test,0.9090909361839294,0.8412698412698413
56,72900,S5,test,1.0,1.0
56,72900,S6,test,0.9090909361839294,0.6363636363636364
56,72900,S7,test,0.8181818127632141,0.7521367521367521
56,72900,S8,test,0.9090909361839294,0.9220779220779219
56,72900,S9,test,1.0,1.0
56,73800,S11,test,0.7272727489471436,0.5757575757575758
56,73800,S13,test,0.9090909361839294,0.6470588235294118
56,73800,S15,test,0.9090909361839294,0.6296296296296297
56,73800,S16,test,1.0,1.0
56,73800,S3,test,0.9090909361839294,0.8412698412698413
56,73800,S5,test,1.0,1.0
56,73800,S6,test,1.0,1.0
56,73800,S7,test,0.8181818127632141,0.7521367521367521
56,73800,S8,test,0.9090909361839294,0.9220779220779219
56,73800,S9,test,0.9090909361839294,0.8222222222222223
56,74700,S11,test,0.8181818127632141,0.7592592592592592
56,74700,S13,test,0.9090909361839294,0.6470588235294118
56,74700,S15,test,0.9090909361839294,0.6296296296296297
56,74700,S16,test,1.0,1.0
56,74700,S3,test,0.9090909361839294,0.8412698412698413
56,74700,S5,test,1.0,1.0
56,74700,S6,test,0.9090909361839294,0.6363636363636364
56,74700,S7,test,0.8181818127632141,0.7521367521367521
56,74700,S8,test,0.9090909361839294,0.9220779220779219
56,74700,S9,test,0.9090909361839294,0.8222222222222223
56,75600,S11,test,0.9090909361839294,0.8962962962962964
56,75600,S13,test,0.9090909361839294,0.6470588235294118
56,75600,S15,test,0.9090909361839294,0.6296296296296297
56,75600,S16,test,1.0,1.0
56,75600,S3,test,0.9090909361839294,0.8412698412698413
56,75600,S5,test,1.0,1.0
56,75600,S6,test,0.9090909361839294,0.6363636363636364
56,75600,S7,test,0.9090909361839294,0.9267399267399267
56,75600,S8,test,0.9090909361839294,0.903030303030303
56,75600,S9,test,1.0,1.0
56,76500,S11,test,0.9090909361839294,0.8962962962962964
56,76500,S13,test,0.9090909361839294,0.6470588235294118
56,76500,S15,test,0.9090909361839294,0.6296296296296297
56,76500,S16,test,1.0,1.0
56,76500,S3,test,0.9090909361839294,0.8412698412698413
56,76500,S5,test,1.0,1.0
56,76500,S6,test,0.9090909361839294,0.6363636363636364
56,76500,S7,test,0.8181818127632141,0.7521367521367521
56,76500,S8,test,0.9090909361839294,0.903030303030303
56,76500,S9,test,1.0,1.0
56,77400,S11,test,1.0,1.0
56,77400,S13,test,0.9090909361839294,0.6470588235294118
56,77400,S15,test,0.9090909361839294,0.6296296296296297
56,77400,S16,test,1.0,1.0
56,77400,S3,test,0.9090909361839294,0.8412698412698413
56,77400,S5,test,1.0,1.0
56,77400,S6,test,0.9090909361839294,0.6363636363636364
56,77400,S7,test,0.8181818127632141,0.7521367521367521
56,77400,S8,test,0.9090909361839294,0.903030303030303
56,77400,S9,test,1.0,1.0
56,78300,S11,test,1.0,1.0
56,78300,S13,test,0.9090909361839294,0.6470588235294118
56,78300,S15,test,0.9090909361839294,0.6296296296296297
56,78300,S16,test,1.0,1.0
56,78300,S3,test,0.9090909361839294,0.8412698412698413
56,78300,S5,test,1.0,1.0
56,78300,S6,test,0.9090909361839294,0.6363636363636364
56,78300,S7,test,0.8181818127632141,0.7521367521367521
56,78300,S8,test,0.9090909361839294,0.9220779220779219
56,78300,S9,test,1.0,1.0
56,79200,S11,test,0.9090909361839294,0.8962962962962964
56,79200,S13,test,0.9090909361839294,0.6470588235294118
56,79200,S15,test,0.9090909361839294,0.6296296296296297
56,79200,S16,test,1.0,1.0
56,79200,S3,test,0.9090909361839294,0.8412698412698413
56,79200,S5,test,1.0,1.0
56,79200,S6,test,1.0,1.0
56,79200,S7,test,0.8181818127632141,0.7521367521367521
56,79200,S8,test,0.9090909361839294,0.903030303030303
56,79200,S9,test,0.9090909361839294,0.8222222222222223
56,80100,S11,test,0.8181818127632141,0.7592592592592592
56,80100,S13,test,0.9090909361839294,0.6470588235294118
56,80100,S15,test,0.9090909361839294,0.6296296296296297
56,80100,S16,test,1.0,1.0
56,80100,S3,test,0.9090909361839294,0.8412698412698413
56,80100,S5,test,1.0,1.0
56,80100,S6,test,0.9090909361839294,0.9326599326599326
56,80100,S7,test,0.8181818127632141,0.7521367521367521
56,80100,S8,test,0.9090909361839294,0.903030303030303
56,80100,S9,test,1.0,1.0
56,81000,S11,test,0.9090909361839294,0.8962962962962964
56,81000,S13,test,0.9090909361839294,0.6470588235294118
56,81000,S15,test,0.9090909361839294,0.6296296296296297
56,81000,S16,test,1.0,1.0
56,81000,S3,test,0.9090909361839294,0.8412698412698413
56,81000,S5,test,1.0,1.0
56,81000,S6,test,1.0,1.0
56,81000,S7,test,0.8181818127632141,0.7521367521367521
56,81000,S8,test,0.9090909361839294,0.903030303030303
56,81000,S9,test,1.0,1.0
56,81900,S11,test,0.7272727489471436,0.5757575757575758
56,81900,S13,test,1.0,1.0
56,81900,S15,test,0.9090909361839294,0.6296296296296297
56,81900,S16,test,1.0,1.0
56,81900,S3,test,0.9090909361839294,0.8412698412698413
56,81900,S5,test,1.0,1.0
56,81900,S6,test,0.9090909361839294,0.6363636363636364
56,81900,S7,test,0.9090909361839294,0.9267399267399267
56,81900,S8,test,0.9090909361839294,0.903030303030303
56,81900,S9,test,1.0,1.0
56,82800,S11,test,1.0,1.0
56,82800,S13,test,1.0,1.0
56,82800,S15,test,0.9090909361839294,0.6296296296296297
56,82800,S16,test,1.0,1.0
56,82800,S3,test,0.9090909361839294,0.8412698412698413
56,82800,S5,test,1.0,1.0
56,82800,S6,test,0.9090909361839294,0.9326599326599326
56,82800,S7,test,0.8181818127632141,0.7521367521367521
56,82800,S8,test,0.9090909361839294,0.903030303030303
56,82800,S9,test,1.0,1.0
56,83700,S11,test,0.8181818127632141,0.7666666666666666
56,83700,S13,test,0.9090909361839294,0.6470588235294118
56,83700,S15,test,1.0,0.6666666666666666
56,83700,S16,test,1.0,1.0
56,83700,S3,test,0.9090909361839294,0.8412698412698413
56,83700,S5,test,1.0,1.0
56,83700,S6,test,1.0,1.0
56,83700,S7,test,0.8181818127632141,0.7521367521367521
56,83700,S8,test,0.9090909361839294,0.903030303030303
56,83700,S9,test,1.0,1.0
56,84600,S11,test,0.9090909361839294,0.8962962962962964
56,84600,S13,test,1.0,1.0
56,84600,S15,test,0.9090909361839294,0.6296296296296297
56,84600,S16,test,1.0,1.0
56,84600,S3,test,0.9090909361839294,0.8412698412698413
56,84600,S5,test,1.0,1.0
56,84600,S6,test,0.9090909361839294,0.6363636363636364
56,84600,S7,test,0.8181818127632141,0.7521367521367521
56,84600,S8,test,0.9090909361839294,0.9220779220779219
56,84600,S9,test,1.0,1.0
56,85500,S11,test,0.9090909361839294,0.8962962962962964
56,85500,S13,test,1.0,1.0
56,85500,S15,test,0.9090909361839294,0.6296296296296297
56,85500,S16,test,1.0,1.0
56,85500,S3,test,0.9090909361839294,0.8412698412698413
56,85500,S5,test,1.0,1.0
56,85500,S6,test,1.0,1.0
56,85500,S7,test,0.8181818127632141,0.7521367521367521
56,85500,S8,test,0.9090909361839294,0.9220779220779219
56,85500,S9,test,0.9090909361839294,0.8222222222222223
56,86400,S11,test,0.9090909361839294,0.8962962962962964
56,86400,S13,test,1.0,1.0
56,86400,S15,test,0.9090909361839294,0.6296296296296297
56,86400,S16,test,1.0,1.0
56,86400,S3,test,0.9090909361839294,0.8412698412698413
56,86400,S5,test,1.0,1.0
56,86400,S6,test,0.9090909361839294,0.6363636363636364
56,86400,S7,test,0.8181818127632141,0.7521367521367521
56,86400,S8,test,0.9090909361839294,0.9220779220779219
56,86400,S9,test,1.0,1.0
83,0,S11,test,0.7272727489471436,0.3137254901960784
83,0,S13,test,0.6363636255264282,0.43333333333333335
83,0,S15,test,0.4545454680919647,0.3333333333333333
83,0,S16,test,0.6363636255264282,0.3333333333333333
83,0,S3,test,0.27272728085517883,0.20000000000000004
83,0,S5,test,0.5454545617103577,0.4444444444444444
83,0,S6,test,0.7272727489471436,0.4583333333333333
83,0,S7,test,0.5454545617103577,0.373015873015873
83,0,S8,test,0.1818181872367859,0.16666666666666666
83,0,S9,test,0.8181818127632141,0.3333333333333333
83,900,S11,test,0.7272727489471436,0.2807017543859649
83,900,S13,test,0.6363636255264282,0.25925925925925924
83,900,S15,test,0.4545454680919647,0.20833333333333334
83,900,S16,test,0.6363636255264282,0.3111111111111111
83,900,S3,test,0.6363636255264282,0.25925925925925924
83,900,S5,test,0.3636363744735718,0.17777777777777778
83,900,S6,test,0.6363636255264282,0.25925925925925924
83,900,S7,test,0.6363636255264282,0.25925925925925924
83,900,S8,test,0.4545454680919647,0.20833333333333334
83,900,S9,test,0.8181818127632141,0.3
83,1800,S11,test,0.7272727489471436,0.2807017543859649
83,1800,S13,test,0.6363636255264282,0.25925925925925924
83,1800,S15,test,0.4545454680919647,0.20833333333333334
83,1800,S16,test,0.6363636255264282,0.3111111111111111
83,1800,S3,test,0.6363636255264282,0.25925925925925924
83,1800,S5,test,0.3636363744735718,0.17777777777777778
83,1800,S6,test,0.6363636255264282,0.25925925925925924
83,1800,S7,test,0.6363636255264282,0.25925925925925924
83,1800,S8,test,0.4545454680919647,0.20833333333333334
83,1800,S9,test,0.8181818127632141,0.3
83,2700,S11,test,0.7272727489471436,0.2807017543859649
83,2700,S13,test,0.6363636255264282,0.25925925925925924
83,2700,S15,test,0.4545454680919647,0.20833333333333334
83,2700,S16,test,0.9090909361839294,0.5968253968253968
83,2700,S3,test,0.6363636255264282,0.25925925925925924
83,2700,S5,test,0.6363636255264282,0.5079365079365079
83,2700,S6,test,0.6363636255264282,0.25925925925925924
83,2700,S7,test,0.6363636255264282,0.25925925925925924
83,2700,S8,test,0.4545454680919647,0.20833333333333334
83,2700,S9,test,0.8181818127632141,0.3
83,3600,S11,test,0.9090909361839294,0.6470588235294118
83,3600,S13,test,0.6363636255264282,0.25925925925925924
83,3600,S15,test,0.4545454680919647,0.20833333333333334
83,3600,S16,test,1.0,0.6666666666666666
83,3600,S3,test,0.6363636255264282,0.25925925925925924
83,3600,S5,test,0.7272727489471436,0.5757575757575758
83,3600,S6,test,0.7272727489471436,0.4583333333333333
83,3600,S7,test,0.9090909361839294,0.6444444444444445
83,3600,S8,test,0.4545454680919647,0.20833333333333334
83,3600,S9,test,0.8181818127632141,0.3
83,4500,S11,test,0.9090909361839294,0.6470588235294118
83,4500,S13,test,0.7272727489471436,0.4411764705882353
83,4500,S15,test,0.4545454680919647,0.2222222222222222
83,4500,S16,test,1.0,0.6666666666666666
83,4500,S3,test,0.6363636255264282,0.25925925925925924
83,4500,S5,test,0.7272727489471436,0.562962962962963
83,4500,S6,test,0.7272727489471436,0.4583333333333333
83,4500,S7,test,0.9090909361839294,0.6190476190476191
83,4500,S8,test,0.6363636255264282,0.42857142857142855
83,4500,S9,test,1.0,0.6666666666666666
83,5400,S11,test,0.9090909361839294,0.6470588235294118
83,5400,S13,test,0.7272727489471436,0.4411764705882353
83,5400,S15,test,0.5454545617103577,0.34920634920634924
83,5400,S16,test,1.0,0.6666666666666666
83,5400,S3,test,0.7272727489471436,0.49673202614379086
83,5400,S5,test,0.7272727489471436,0.562962962962963
83,5400,S6,test,0.7272727489471436,0.4583333333333333
83,5400,S7,test,0.9090909361839294,0.6190476190476191
83,5400,S8,test,0.8181818127632141,0.5740740740740741
83,5400,S9,test,1.0,0.6666666666666666
83,6300,S11,test,0.9090909361839294,0.6470588235294118
83,6300,S13,test,0.7272727489471436,0.4411764705882353
83,6300,S15,test,0.6363636255264282,0.4468864468864469
83,6300,S16,test,1.0,0.6666666666666666
83,6300,S3,test,0.7272727489471436,0.49673202614379086
83,6300,S5,test,0.7272727489471436,0.562962962962963
83,6300,S6,test,0.7272727489471436,0.4583333333333333
83,6300,S7,test,0.9090909361839294,0.6190476190476191
83,6300,S8,test,0.8181818127632141,0.5740740740740741
83,6300,S9,test,1.0,0.6666666666666666
83,7200,S11,test,0.9090909361839294,0.6470588235294118
83,7200,S13,test,0.7272727489471436,0.4411764705882353
83,7200,S15,test,0.6363636255264282,0.4468864468864469
83,7200,S16,test,1.0,0.6666666666666666
83,7200,S3,test,0.7272727489471436,0.49673202614379086
83,7200,S5,test,0.7272727489471436,0.562962962962963
83,7200,S6,test,0.8181818127632141,0.5777777777777778
83,7200,S7,test,0.9090909361839294,0.6190476190476191
83,7200,S8,test,0.9090909361839294,0.6363636363636364
83,7200,S9,test,1.0,0.6666666666666666
83,8100,S11,test,0.9090909361839294,0.6470588235294118
83,8100,S13,test,0.7272727489471436,0.4411764705882353
83,8100,S15,test,0.5454545617103577,0.34920634920634924
83,8100,S16,test,1.0,0.6666666666666666
83,8100,S3,test,0.7272727489471436,0.49673202614379086
83,8100,S5,test,0.7272727489471436,0.562962962962963
83,8100,S6,test,0.7272727489471436,0.4583333333333333
83,8100,S7,test,0.9090909361839294,0.6190476190476191
83,8100,S8,test,0.9090909361839294,0.6363636363636364
83,8100,S9,test,1.0,0.6666666666666666
83,9000,S11,test,0.9090909361839294,0.6470588235294118
83,9000,S13,test,0.7272727489471436,0.4411764705882353
83,9000,S15,test,0.5454545617103577,0.34920634920634924
83,9000,S16,test,1.0,0.6666666666666666
83,9000,S3,test,0.8181818127632141,0.625
83,9000,S5,test,0.7272727489471436,0.5757575757575758
83,9000,S6,test,0.8181818127632141,0.5777777777777778
83,9000,S7,test,0.9090909361839294,0.6190476190476191
83,9000,S8,test,0.9090909361839294,0.6363636363636364
83,9000,S9,test,1.0,0.6666666666666666
83,9900,S11,test,0.9090909361839294,0.6470588235294118
83,9900,S13,test,0.7272727489471436,0.4411764705882353
83,9900,S15,test,0.5454545617103577,0.34920634920634924
83,9900,S16,test,1.0,0.6666666666666666
83,9900,S3,test,0.7272727489471436,0.49673202614379086
83,9900,S5,test,0.7272727489471436,0.5757575757575758
83,9900,S6,test,0.8181818127632141,0.5777777777777778
83,9900,S7,test,0.9090909361839294,0.6190476190476191
83,9900,S8,test,0.9090909361839294,0.6363636363636364
83,9900,S9,test,1.0,0.6666666666666666
83,10800,S11,test,0.9090909361839294,0.6470588235294118
83,10800,S13,test,0.8181818127632141,0.5583333333333333
83,10800,S15,test,0.5454545617103577,0.34920634920634924
83,10800,S16,test,1.0,0.6666666666666666
83,10800,S3,test,0.8181818127632141,0.625
83,10800,S5,test,0.7272727489471436,0.5757575757575758
83,10800,S6,test,0.8181818127632141,0.5777777777777778
83,10800,S7,test,0.9090909361839294,0.6190476190476191
83,10800,S8,test,0.9090909361839294,0.6363636363636364
83,10800,S9,test,1.0,0.6666666666666666
83,11700,S11,test,0.9090909361839294,0.6470588235294118
83,11700,S13,test,0.8181818127632141,0.5583333333333333
83,11700,S15,test,0.5454545617103577,0.34920634920634924
83,11700,S16,test,1.0,0.6666666666666666
83,11700,S3,test,0.8181818127632141,0.625
83,11700,S5,test,0.7272727489471436,0.5757575757575758
83,11700,S6,test,0.8181818127632141,0.5777777777777778
83,11700,S7,test,0.9090909361839294,0.6190476190476191
83,11700,S8,test,0.9090909361839294,0.6363636363636364
83,11700,S9,test,1.0,0.6666666666666666
83,12600,S11,test,0.9090909361839294,0.6470588235294118
83,12600,S13,test,0.9090909361839294,0.6444444444444445
83,12600,S15,test,0.5454545617103577,0.34920634920634924
83,12600,S16,test,1.0,0.6666666666666666
83,12600,S3,test,0.7272727489471436,0.5333333333333333
83,12600,S5,test,0.7272727489471436,0.5757575757575758
83,12600,S6,test,0.8181818127632141,0.5777777777777778
83,12600,S7,test,0.9090909361839294,0.6190476190476191
83,12600,S8,test,0.9090909361839294,0.6363636363636364
83,12600,S9,test,1.0,0.6666666666666666
83,13500,S11,test,0.8181818127632141,0.5583333333333333
83,13500,S13,test,0.9090909361839294,0.6444444444444445
83,13500,S15,test,0.5454545617103577,0.34920634920634924
83,13500,S16,test,1.0,0.6666666666666666
83,13500,S3,test,0.8181818127632141,0.625
83,13500,S5,test,0.7272727489471436,0.5757575757575758
83,13500,S6,test,0.8181818127632141,0.5777777777777778
83,13500,S7,test,0.9090909361839294,0.6190476190476191
83,13500,S8,test,0.9090909361839294,0.6363636363636364
83,13500,S9,test,1.0,0.6666666666666666
83,14400,S11,test,0.8181818127632141,0.5583333333333333
83,14400,S13,test,0.8181818127632141,0.5583333333333333
83,14400,S15,test,0.5454545617103577,0.34920634920634924
83,14400,S16,test,1.0,0.6666666666666666
83,14400,S3,test,0.8181818127632141,0.625
83,14400,S5,test,0.7272727489471436,0.5757575757575758
83,14400,S6,test,0.8181818127632141,0.5777777777777778
83,14400,S7,test,0.9090909361839294,0.6190476190476191
83,14400,S8,test,0.9090909361839294,0.6363636363636364
83,14400,S9,test,1.0,0.6666666666666666
83,15300,S11,test,0.9090909361839294,0.6470588235294118
83,15300,S13,test,0.8181818127632141,0.5583333333333333
83,15300,S15,test,0.5454545617103577,0.34920634920634924
83,15300,S16,test,1.0,0.6666666666666666
83,15300,S3,test,0.7272727489471436,0.5333333333333333
83,15300,S5,test,0.7272727489471436,0.5757575757575758
83,15300,S6,test,0.8181818127632141,0.5555555555555555
83,15300,S7,test,0.9090909361839294,0.6190476190476191
83,15300,S8,test,0.9090909361839294,0.6363636363636364
83,15300,S9,test,1.0,0.6666666666666666
83,16200,S11,test,0.9090909361839294,0.6470588235294118
83,16200,S13,test,0.9090909361839294,0.6444444444444445
83,16200,S15,test,0.5454545617103577,0.34920634920634924
83,16200,S16,test,1.0,0.6666666666666666
83,16200,S3,test,0.7272727489471436,0.5333333333333333
83,16200,S5,test,0.7272727489471436,0.5757575757575758
83,16200,S6,test,0.8181818127632141,0.5555555555555555
83,16200,S7,test,0.9090909361839294,0.6190476190476191
83,16200,S8,test,0.9090909361839294,0.6363636363636364
83,16200,S9,test,1.0,0.6666666666666666
83,17100,S11,test,0.9090909361839294,0.6470588235294118
83,17100,S13,test,0.9090909361839294,0.6444444444444445
83,17100,S15,test,0.5454545617103577,0.34920634920634924
83,17100,S16,test,1.0,0.6666666666666666
83,17100,S3,test,0.7272727489471436,0.5333333333333333
83,17100,S5,test,0.7272727489471436,0.5757575757575758
83,17100,S6,test,0.8181818127632141,0.5555555555555555
83,17100,S7,test,0.9090909361839294,0.6190476190476191
83,17100,S8,test,0.9090909361839294,0.6363636363636364
83,17100,S9,test,1.0,0.6666666666666666
83,18000,S11,test,0.9090909361839294,0.6470588235294118
83,18000,S13,test,0.9090909361839294,0.6444444444444445
83,18000,S15,test,0.5454545617103577,0.34920634920634924
83,18000,S16,test,1.0,0.6666666666666666
83,18000,S3,test,0.7272727489471436,0.6
83,18000,S5,test,0.7272727489471436,0.5757575757575758
83,18000,S6,test,0.8181818127632141,0.5555555555555555
83,18000,S7,test,0.9090909361839294,0.6190476190476191
83,18000,S8,test,0.8181818127632141,0.5696969696969697
83,18000,S9,test,1.0,0.6666666666666666
83,18900,S11,test,0.9090909361839294,0.6470588235294118
83,18900,S13,test,0.9090909361839294,0.6444444444444445
83,18900,S15,test,0.5454545617103577,0.34920634920634924
83,18900,S16,test,1.0,0.6666666666666666
83,18900,S3,test,0.8181818127632141,0.625
83,18900,S5,test,0.7272727489471436,0.5757575757575758
83,18900,S6,test,0.8181818127632141,0.5555555555555555
83,18900,S7,test,0.9090909361839294,0.6190476190476191
83,18900,S8,test,0.9090909361839294,0.6363636363636364
83,18900,S9,test,1.0,0.6666666666666666
83,19800,S11,test,0.8181818127632141,0.5583333333333333
83,19800,S13,test,0.9090909361839294,0.6190476190476191
83,19800,S15,test,0.5454545617103577,0.34920634920634924
83,19800,S16,test,1.0,0.6666666666666666
83,19800,S3,test,0.7272727489471436,0.6
83,19800,S5,test,0.7272727489471436,0.5757575757575758
83,19800,S6,test,0.8181818127632141,0.5555555555555555
83,19800,S7,test,0.9090909361839294,0.6190476190476191
83,19800,S8,test,0.9090909361839294,0.6363636363636364
83,19800,S9,test,1.0,0.6666666666666666
83,20700,S11,test,0.8181818127632141,0.5333333333333333
83,20700,S13,test,0.9090909361839294,0.6190476190476191
83,20700,S15,test,0.5454545617103577,0.34920634920634924
83,20700,S16,test,1.0,0.6666666666666666
83,20700,S3,test,0.7272727489471436,0.6
83,20700,S5,test,0.7272727489471436,0.5757575757575758
83,20700,S6,test,0.8181818127632141,0.5555555555555555
83,20700,S7,test,0.9090909361839294,0.6190476190476191
83,20700,S8,test,0.9090909361839294,0.6363636363636364
83,20700,S9,test,1.0,0.6666666666666666
83,21600,S11,test,0.9090909361839294,0.6470588235294118
83,21600,S13,test,1.0,1.0
83,21600,S15,test,0.5454545617103577,0.34920634920634924
83,21600,S16,test,1.0,0.6666666666666666
83,21600,S3,test,0.7272727489471436,0.6
83,21600,S5,test,0.7272727489471436,0.5757575757575758
83,21600,S6,test,0.8181818127632141,0.5555555555555555
83,21600,S7,test,0.9090909361839294,0.6190476190476191
83,21600,S8,test,0.9090909361839294,0.6363636363636364
83,21600,S9,test,1.0,0.6666666666666666
83,22500,S11,test,0.8181818127632141,0.625
83,22500,S13,test,0.9090909361839294,0.6190476190476191
83,22500,S15,test,0.5454545617103577,0.34920634920634924
83,22500,S16,test,1.0,0.6666666666666666
83,22500,S3,test,0.7272727489471436,0.6
83,22500,S5,test,0.7272727489471436,0.5757575757575758
83,22500,S6,test,0.8181818127632141,0.5555555555555555
83,22500,S7,test,0.9090909361839294,0.6190476190476191
83,22500,S8,test,0.9090909361839294,0.6363636363636364
83,22500,S9,test,1.0,0.6666666666666666
83,23400,S11,test,0.9090909361839294,0.6470588235294118
83,23400,S13,test,1.0,1.0
83,23400,S15,test,0.5454545617103577,0.36752136752136755
83,23400,S16,test,1.0,0.6666666666666666
83,23400,S3,test,0.7272727489471436,0.6
83,23400,S5,test,0.7272727489471436,0.5757575757575758
83,23400,S6,test,0.8181818127632141,0.5555555555555555
83,23400,S7,test,0.9090909361839294,0.6190476190476191
83,23400,S8,test,0.9090909361839294,0.6363636363636364
83,23400,S9,test,1.0,0.6666666666666666
83,24300,S11,test,0.9090909361839294,0.6470588235294118
83,24300,S13,test,0.9090909361839294,0.6190476190476191
83,24300,S15,test,0.5454545617103577,0.36752136752136755
83,24300,S16,test,1.0,0.6666666666666666
83,24300,S3,test,0.7272727489471436,0.6
83,24300,S5,test,0.7272727489471436,0.5757575757575758
83,24300,S6,test,0.8181818127632141,0.5555555555555555
83,24300,S7,test,0.9090909361839294,0.6190476190476191
83,24300,S8,test,0.9090909361839294,0.6363636363636364
83,24300,S9,test,1.0,0.6666666666666666
83,25200,S11,test,0.9090909361839294,0.6470588235294118
83,25200,S13,test,1.0,1.0
83,25200,S15,test,0.5454545617103577,0.34920634920634924
83,25200,S16,test,1.0,0.6666666666666666
83,25200,S3,test,0.7272727489471436,0.6
83,25200,S5,test,0.8181818127632141,0.7666666666666666
83,25200,S6,test,0.8181818127632141,0.5555555555555555
83,25200,S7,test,0.9090909361839294,0.6190476190476191
83,25200,S8,test,0.9090909361839294,0.6363636363636364
83,25200,S9,test,1.0,0.6666666666666666
83,26100,S11,test,0.9090909361839294,0.6470588235294118
83,26100,S13,test,1.0,1.0
83,26100,S15,test,0.5454545617103577,0.34920634920634924
83,26100,S16,test,1.0,0.6666666666666666
83,26100,S3,test,0.7272727489471436,0.6
83,26100,S5,test,0.8181818127632141,0.7666666666666666
83,26100,S6,test,0.9090909361839294,0.8222222222222223
83,26100,S7,test,0.9090909361839294,0.6190476190476191
83,26100,S8,test,0.9090909361839294,0.6363636363636364
83,26100,S9,test,1.0,0.6666666666666666
83,27000,S11,test,0.8181818127632141,0.5583333333333333
83,27000,S13,test,1.0,1.0
83,27000,S15,test,0.5454545617103577,0.34920634920634924
83,27000,S16,test,1.0,0.6666666666666666
83,27000,S3,test,0.7272727489471436,0.6
83,27000,S5,test,0.8181818127632141,0.7666666666666666
83,27000,S6,test,0.8181818127632141,0.5555555555555555
83,27000,S7,test,0.9090909361839294,0.6190476190476191
83,27000,S8,test,0.9090909361839294,0.6363636363636364
83,27000,S9,test,1.0,0.6666666666666666
83,27900,S11,test,0.9090909361839294,0.6470588235294118
83,27900,S13,test,1.0,1.0
83,27900,S15,test,0.5454545617103577,0.36752136752136755
83,27900,S16,test,1.0,0.6666666666666666
83,27900,S3,test,0.7272727489471436,0.6
83,27900,S5,test,0.8181818127632141,0.7666666666666666
83,27900,S6,test,0.8181818127632141,0.5555555555555555
83,27900,S7,test,0.9090909361839294,0.6190476190476191
83,27900,S8,test,0.9090909361839294,0.6363636363636364
83,27900,S9,test,1.0,0.6666666666666666
83,28800,S11,test,0.9090909361839294,0.8666666666666667
83,28800,S13,test,1.0,1.0
83,28800,S15,test,0.5454545617103577,0.36752136752136755
83,28800,S16,test,1.0,0.6666666666666666
83,28800,S3,test,0.7272727489471436,0.6
83,28800,S5,test,0.8181818127632141,0.7666666666666666
83,28800,S6,test,0.8181818127632141,0.5555555555555555
83,28800,S7,test,0.9090909361839294,0.6190476190476191
83,28800,S8,test,0.9090909361839294,0.6363636363636364
83,28800,S9,test,1.0,0.6666666666666666
83,29700,S11,test,0.9090909361839294,0.6470588235294118
83,29700,S13,test,1.0,1.0
83,29700,S15,test,0.5454545617103577,0.36752136752136755
83,29700,S16,test,1.0,0.6666666666666666
83,29700,S3,test,0.7272727489471436,0.6
83,29700,S5,test,0.8181818127632141,0.7666666666666666
83,29700,S6,test,0.8181818127632141,0.5555555555555555
83,29700,S7,test,0.9090909361839294,0.6190476190476191
83,29700,S8,test,0.9090909361839294,0.6363636363636364
83,29700,S9,test,1.0,0.6666666666666666
83,30600,S11,test,0.9090909361839294,0.6470588235294118
83,30600,S13,test,1.0,1.0
83,30600,S15,test,0.5454545617103577,0.36752136752136755
83,30600,S16,test,1.0,0.6666666666666666
83,30600,S3,test,0.7272727489471436,0.6
83,30600,S5,test,0.8181818127632141,0.7666666666666666
83,30600,S6,test,0.8181818127632141,0.5555555555555555
83,30600,S7,test,0.9090909361839294,0.6190476190476191
83,30600,S8,test,0.9090909361839294,0.6363636363636364
83,30600,S9,test,1.0,0.6666666666666666
83,31500,S11,test,0.8181818127632141,0.5333333333333333
83,31500,S13,test,1.0,1.0
83,31500,S15,test,0.5454545617103577,0.36752136752136755
83,31500,S16,test,1.0,0.6666666666666666
83,31500,S3,test,0.7272727489471436,0.6
83,31500,S5,test,0.8181818127632141,0.7666666666666666
83,31500,S6,test,0.8181818127632141,0.5555555555555555
83,31500,S7,test,0.9090909361839294,0.6190476190476191
83,31500,S8,test,0.9090909361839294,0.6363636363636364
83,31500,S9,test,1.0,0.6666666666666666
83,32400,S11,test,0.9090909361839294,0.9111111111111111
83,32400,S13,test,1.0,1.0
83,32400,S15,test,0.5454545617103577,0.36752136752136755
83,32400,S16,test,1.0,0.6666666666666666
83,32400,S3,test,0.7272727489471436,0.6
83,32400,S5,test,0.8181818127632141,0.7666666666666666
83,32400,S6,test,0.8181818127632141,0.5555555555555555
83,32400,S7,test,0.9090909361839294,0.6190476190476191
83,32400,S8,test,0.9090909361839294,0.6363636363636364
83,32400,S9,test,1.0,0.6666666666666666
83,33300,S11,test,0.8181818127632141,0.5333333333333333
83,33300,S13,test,1.0,1.0
83,33300,S15,test,0.5454545617103577,0.36752136752136755
83,33300,S16,test,1.0,0.6666666666666666
83,33300,S3,test,0.7272727489471436,0.6
83,33300,S5,test,0.8181818127632141,0.7666666666666666
83,33300,S6,test,0.8181818127632141,0.5555555555555555
83,33300,S7,test,0.9090909361839294,0.6190476190476191
83,33300,S8,test,0.9090909361839294,0.6363636363636364
83,33300,S9,test,1.0,0.6666666666666666
83,34200,S11,test,0.9090909361839294,0.8666666666666667
83,34200,S13,test,1.0,1.0
83,34200,S15,test,0.5454545617103577,0.3888888888888889
83,34200,S16,test,1.0,0.6666666666666666
83,34200,S3,test,0.7272727489471436,0.6
83,34200,S5,test,0.8181818127632141,0.7666666666666666
83,34200,S6,test,0.9090909361839294,0.8222222222222223
83,34200,S7,test,0.9090909361839294,0.6190476190476191
83,34200,S8,test,0.9090909361839294,0.6363636363636364
83,34200,S9,test,1.0,0.6666666666666666
83,35100,S11,test,0.9090909361839294,0.6470588235294118
83,35100,S13,test,1.0,1.0
83,35100,S15,test,0.5454545617103577,0.3888888888888889
83,35100,S16,test,1.0,0.6666666666666666
83,35100,S3,test,0.7272727489471436,0.6
83,35100,S5,test,0.8181818127632141,0.7666666666666666
83,35100,S6,test,0.9090909361839294,0.8222222222222223
83,35100,S7,test,0.9090909361839294,0.6190476190476191
83,35100,S8,test,0.9090909361839294,0.6363636363636364
83,35100,S9,test,1.0,0.6666666666666666
83,36000,S11,test,0.9090909361839294,0.8666666666666667
83,36000,S13,test,1.0,1.0
83,36000,S15,test,0.5454545617103577,0.3888888888888889
83,36000,S16,test,1.0,0.6666666666666666
83,36000,S3,test,0.7272727489471436,0.6
83,36000,S5,test,0.9090909361839294,0.8962962962962964
83,36000,S6,test,0.8181818127632141,0.5555555555555555
83,36000,S7,test,1.0,1.0
83,36000,S8,test,0.9090909361839294,0.6363636363636364
83,36000,S9,test,0.9090909361839294,0.6470588235294118
83,36900,S11,test,0.8181818127632141,0.5333333333333333
83,36900,S13,test,1.0,1.0
83,36900,S15,test,0.5454545617103577,0.36752136752136755
83,36900,S16,test,1.0,0.6666666666666666
83,36900,S3,test,0.7272727489471436,0.6
83,36900,S5,test,0.8181818127632141,0.7666666666666666
83,36900,S6,test,1.0,1.0
83,36900,S7,test,0.9090909361839294,0.6190476190476191
83,36900,S8,test,0.9090909361839294,0.6363636363636364
83,36900,S9,test,1.0,0.6666666666666666
83,37800,S11,test,0.9090909361839294,0.8666666666666667
83,37800,S13,test,1.0,1.0
83,37800,S15,test,0.6363636255264282,0.5444444444444444
83,37800,S16,test,1.0,0.6666666666666666
83,37800,S3,test,0.7272727489471436,0.6
83,37800,S5,test,1.0,1.0
83,37800,S6,test,0.9090909361839294,0.8222222222222223
83,37800,S7,test,0.9090909361839294,0.6190476190476191
83,37800,S8,test,0.9090909361839294,0.6363636363636364
83,37800,S9,test,0.9090909361839294,0.6470588235294118
83,38700,S11,test,0.8181818127632141,0.5333333333333333
83,38700,S13,test,1.0,1.0
83,38700,S15,test,0.6363636255264282,0.5444444444444444
83,38700,S16,test,1.0,0.6666666666666666
83,38700,S3,test,0.7272727489471436,0.6
83,38700,S5,test,1.0,1.0
83,38700,S6,test,0.9090909361839294,0.8222222222222223
83,38700,S7,test,1.0,1.0
83,38700,S8,test,0.9090909361839294,0.6363636363636364
83,38700,S9,test,1.0,0.6666666666666666
83,39600,S11,test,0.8181818127632141,0.5333333333333333
83,39600,S13,test,1.0,1.0
83,39600,S15,test,0.5454545617103577,0.3888888888888889
83,39600,S16,test,1.0,0.6666666666666666
83,39600,S3,test,0.7272727489471436,0.6
83,39600,S5,test,1.0,1.0
83,39600,S6,test,0.9090909361839294,0.8222222222222223
83,39600,S7,test,1.0,1.0
83,39600,S8,test,0.9090909361839294,0.6363636363636364
83,39600,S9,test,0.9090909361839294,0.6470588235294118
83,40500,S11,test,1.0,1.0
83,40500,S13,test,1.0,1.0
83,40500,S15,test,0.6363636255264282,0.5444444444444444
83,40500,S16,test,1.0,0.6666666666666666
83,40500,S3,test,0.7272727489471436,0.6
83,40500,S5,test,1.0,1.0
83,40500,S6,test,0.9090909361839294,0.8222222222222223
83,40500,S7,test,0.9090909361839294,0.6190476190476191
83,40500,S8,test,0.9090909361839294,0.6363636363636364
83,40500,S9,test,1.0,0.6666666666666666
83,41400,S11,test,1.0,1.0
83,41400,S13,test,1.0,1.0
83,41400,S15,test,0.6363636255264282,0.5444444444444444
83,41400,S16,test,1.0,0.6666666666666666
83,41400,S3,test,0.7272727489471436,0.6
83,41400,S5,test,1.0,1.0
83,41400,S6,test,0.9090909361839294,0.8222222222222223
83,41400,S7,test,1.0,1.0
83,41400,S8,test,0.9090909361839294,0.6363636363636364
83,41400,S9,test,0.8181818127632141,0.5583333333333333
83,42300,S11,test,0.9090909361839294,0.6
83,42300,S13,test,1.0,1.0
83,42300,S15,test,0.6363636255264282,0.5444444444444444
83,42300,S16,test,1.0,0.6666666666666666
83,42300,S3,test,0.8181818127632141,0.7857142857142857
83,42300,S5,test,1.0,1.0
83,42300,S6,test,0.9090909361839294,0.8222222222222223
83,42300,S7,test,1.0,1.0
83,42300,S8,test,0.9090909361839294,0.6363636363636364
83,42300,S9,test,0.9090909361839294,0.6470588235294118
83,43200,S11,test,0.8181818127632141,0.5777777777777778
83,43200,S13,test,1.0,1.0
83,43200,S15,test,0.6363636255264282,0.5444444444444444
83,43200,S16,test,1.0,0.6666666666666666
83,43200,S3,test,0.7272727489471436,0.6
83,43200,S5,test,1.0,1.0
83,43200,S6,test,1.0,1.0
83,43200,S7,test,1.0,1.0
83,43200,S8,test,0.9090909361839294,0.6363636363636364
83,43200,S9,test,0.9090909361839294,0.6470588235294118
83,44100,S11,test,1.0,1.0
83,44100,S13,test,1.0,1.0
83,44100,S15,test,0.6363636255264282,0.5444444444444444
83,44100,S16,test,1.0,0.6666666666666666
83,44100,S3,test,0.7272727489471436,0.6
83,44100,S5,test,1.0,1.0
83,44100,S6,test,0.9090909361839294,0.8222222222222223
83,44100,S7,test,1.0,1.0
83,44100,S8,test,0.9090909361839294,0.6363636363636364
83,44100,S9,test,1.0,0.6666666666666666
83,45000,S11,test,0.8181818127632141,0.5777777777777778
83,45000,S13,test,1.0,1.0
83,45000,S15,test,0.6363636255264282,0.5444444444444444
83,45000,S16,test,1.0,0.6666666666666666
83,45000,S3,test,0.7272727489471436,0.6
83,45000,S5,test,1.0,1.0
83,45000,S6,test,0.9090909361839294,0.8222222222222223
83,45000,S7,test,1.0,1.0
83,45000,S8,test,0.9090909361839294,0.6363636363636364
83,45000,S9,test,0.9090909361839294,0.6470588235294118
83,45900,S11,test,0.6363636255264282,0.47863247863247865
83,45900,S13,test,1.0,1.0
83,45900,S15,test,0.6363636255264282,0.5444444444444444
83,45900,S16,test,1.0,0.6666666666666666
83,45900,S3,test,0.8181818127632141,0.7857142857142857
83,45900,S5,test,1.0,1.0
83,45900,S6,test,0.9090909361839294,0.8222222222222223
83,45900,S7,test,1.0,1.0
83,45900,S8,test,0.9090909361839294,0.6363636363636364
83,45900,S9,test,0.9090909361839294,0.6470588235294118
83,46800,S11,test,1.0,1.0
83,46800,S13,test,1.0,1.0
83,46800,S15,test,0.6363636255264282,0.5444444444444444
83,46800,S16,test,1.0,0.6666666666666666
83,46800,S3,test,0.6363636255264282,0.48888888888888893
83,46800,S5,test,1.0,1.0
83,46800,S6,test,1.0,1.0
83,46800,S7,test,1.0,1.0
83,46800,S8,test,0.9090909361839294,0.6363636363636364
83,46800,S9,test,0.9090909361839294,0.6470588235294118
83,47700,S11,test,1.0,1.0
83,47700,S13,test,1.0,1.0
83,47700,S15,test,0.7272727489471436,0.6666666666666666
83,47700,S16,test,1.0,0.6666666666666666
83,47700,S3,test,0.8181818127632141,0.7857142857142857
83,47700,S5,test,1.0,1.0
83,47700,S6,test,0.9090909361839294,0.8222222222222223
83,47700,S7,test,1.0,1.0
83,47700,S8,test,0.9090909361839294,0.6363636363636364
83,47700,S9,test,0.9090909361839294,0.6470588235294118
83,48600,S11,test,1.0,1.0
83,48600,S13,test,1.0,1.0
83,48600,S15,test,0.6363636255264282,0.5444444444444444
83,48600,S16,test,1.0,0.6666666666666666
83,48600,S3,test,0.8181818127632141,0.7857142857142857
83,48600,S5,test,1.0,1.0
83,48600,S6,test,1.0,1.0
83,48600,S7,test,1.0,1.0
83,48600,S8,test,0.9090909361839294,0.6363636363636364
83,48600,S9,test,0.9090909361839294,0.6470588235294118
83,49500,S11,test,0.6363636255264282,0.47863247863247865
83,49500,S13,test,1.0,1.0
83,49500,S15,test,0.6363636255264282,0.5444444444444444
83,49500,S16,test,1.0,0.6666666666666666
83,49500,S3,test,0.7272727489471436,0.6
83,49500,S5,test,1.0,1.0
83,49500,S6,test,1.0,1.0
83,49500,S7,test,1.0,1.0
83,49500,S8,test,0.8181818127632141,0.6
83,49500,S9,test,0.9090909361839294,0.6470588235294118
83,50400,S11,test,0.8181818127632141,0.5333333333333333
83,50400,S13,test,1.0,1.0
83,50400,S15,test,0.7272727489471436,0.6666666666666666
83,50400,S16,test,1.0,0.6666666666666666
83,50400,S3,test,0.8181818127632141,0.7857142857142857
83,50400,S5,test,1.0,1.0
83,50400,S6,test,0.9090909361839294,0.8222222222222223
83,50400,S7,test,1.0,1.0
83,50400,S8,test,0.9090909361839294,0.6363636363636364
83,50400,S9,test,0.9090909361839294,0.6470588235294118
83,51300,S11,test,0.8181818127632141,0.5333333333333333
83,51300,S13,test,1.0,1.0
83,51300,S15,test,0.7272727489471436,0.6666666666666666
83,51300,S16,test,1.0,0.6666666666666666
83,51300,S3,test,0.8181818127632141,0.7857142857142857
83,51300,S5,test,1.0,1.0
83,51300,S6,test,0.9090909361839294,0.8222222222222223
83,51300,S7,test,0.9090909361839294,0.6190476190476191
83,51300,S8,test,0.9090909361839294,0.6363636363636364
83,51300,S9,test,0.9090909361839294,0.6470588235294118
83,52200,S11,test,0.9090909361839294,0.8666666666666667
83,52200,S13,test,1.0,1.0
83,52200,S15,test,0.7272727489471436,0.6666666666666666
83,52200,S16,test,1.0,0.6666666666666666
83,52200,S3,test,0.6363636255264282,0.48888888888888893
83,52200,S5,test,1.0,1.0
83,52200,S6,test,0.9090909361839294,0.8222222222222223
83,52200,S7,test,1.0,1.0
83,52200,S8,test,0.9090909361839294,0.6363636363636364
83,52200,S9,test,0.9090909361839294,0.6470588235294118
83,53100,S11,test,0.8181818127632141,0.5333333333333333
83,53100,S13,test,1.0,1.0
83,53100,S15,test,0.7272727489471436,0.6666666666666666
83,53100,S16,test,1.0,0.6666666666666666
83,53100,S3,test,0.8181818127632141,0.7857142857142857
83,53100,S5,test,1.0,1.0
83,53100,S6,test,0.9090909361839294,0.8222222222222223
83,53100,S7,test,1.0,1.0
83,53100,S8,test,0.9090909361839294,0.6363636363636364
83,53100,S9,test,0.9090909361839294,0.6470588235294118
83,54000,S11,test,0.9090909361839294,0.8666666666666667
83,54000,S13,test,1.0,1.0
83,54000,S15,test,0.8181818127632141,0.7857142857142857
83,54000,S16,test,1.0,0.6666666666666666
83,54000,S3,test,0.8181818127632141,0.7857142857142857
83,54000,S5,test,1.0,1.0
83,54000,S6,test,0.9090909361839294,0.8222222222222223
83,54000,S7,test,1.0,1.0
83,54000,S8,test,0.9090909361839294,0.6363636363636364
83,54000,S9,test,0.9090909361839294,0.6470588235294118
83,54900,S11,test,0.8181818127632141,0.5333333333333333
83,54900,S13,test,1.0,1.0
83,54900,S15,test,0.8181818127632141,0.7857142857142857
83,54900,S16,test,1.0,0.6666666666666666
83,54900,S3,test,0.8181818127632141,0.7857142857142857
83,54900,S5,test,1.0,1.0
83,54900,S6,test,1.0,1.0
83,54900,S7,test,1.0,1.0
83,54900,S8,test,0.9090909361839294,0.6363636363636364
83,54900,S9,test,0.9090909361839294,0.6470588235294118
83,55800,S11,test,0.9090909361839294,0.9111111111111111
83,55800,S13,test,1.0,1.0
83,55800,S15,test,0.7272727489471436,0.6666666666666666
83,55800,S16,test,1.0,0.6666666666666666
83,55800,S3,test,0.8181818127632141,0.7857142857142857
83,55800,S5,test,1.0,1.0
83,55800,S6,test,0.9090909361839294,0.8222222222222223
83,55800,S7,test,1.0,1.0
83,55800,S8,test,0.9090909361839294,0.6363636363636364
83,55800,S9,test,0.9090909361839294,0.6470588235294118
83,56700,S11,test,0.8181818127632141,0.5333333333333333
83,56700,S13,test,1.0,1.0
83,56700,S15,test,0.7272727489471436,0.6666666666666666
83,56700,S16,test,1.0,0.6666666666666666
83,56700,S3,test,0.8181818127632141,0.7857142857142857
83,56700,S5,test,1.0,1.0
83,56700,S6,test,1.0,1.0
83,56700,S7,test,1.0,1.0
83,56700,S8,test,0.9090909361839294,0.6363636363636364
83,56700,S9,test,0.9090909361839294,0.6470588235294118
83,57600,S11,test,0.9090909361839294,0.6
83,57600,S13,test,1.0,1.0
83,57600,S15,test,0.7272727489471436,0.6666666666666666
83,57600,S16,test,1.0,0.6666666666666666
83,57600,S3,test,0.8181818127632141,0.7857142857142857
83,57600,S5,test,1.0,1.0
83,57600,S6,test,0.9090909361839294,0.8222222222222223
83,57600,S7,test,1.0,1.0
83,57600,S8,test,0.9090909361839294,0.6363636363636364
83,57600,S9,test,0.9090909361839294,0.6470588235294118
83,58500,S11,test,1.0,1.0
83,58500,S13,test,1.0,1.0
83,58500,S15,test,0.7272727489471436,0.6666666666666666
83,58500,S16,test,1.0,0.6666666666666666
83,58500,S3,test,0.8181818127632141,0.7857142857142857
83,58500,S5,test,1.0,1.0
83,58500,S6,test,1.0,1.0
83,58500,S7,test,1.0,1.0
83,58500,S8,test,0.9090909361839294,0.6363636363636364
83,58500,S9,test,1.0,0.6666666666666666
83,59400,S11,test,0.9090909361839294,0.6
83,59400,S13,test,1.0,1.0
83,59400,S15,test,0.7272727489471436,0.6666666666666666
83,59400,S16,test,1.0,0.6666666666666666
83,59400,S3,test,0.8181818127632141,0.7857142857142857
83,59400,S5,test,1.0,1.0
83,59400,S6,test,1.0,1.0
83,59400,S7,test,1.0,1.0
83,59400,S8,test,0.8181818127632141,0.5696969696969697
83,59400,S9,test,1.0,0.6666666666666666
83,60300,S11,test,0.8181818127632141,0.5333333333333333
83,60300,S13,test,1.0,1.0
83,60300,S15,test,0.7272727489471436,0.6666666666666666
83,60300,S16,test,1.0,0.6666666666666666
83,60300,S3,test,0.8181818127632141,0.7857142857142857
83,60300,S5,test,1.0,1.0
83,60300,S6,test,0.9090909361839294,0.8222222222222223
83,60300,S7,test,1.0,1.0
83,60300,S8,test,0.9090909361839294,0.6363636363636364
83,60300,S9,test,1.0,0.6666666666666666
83,61200,S11,test,0.9090909361839294,0.6
83,61200,S13,test,1.0,1.0
83,61200,S15,test,0.7272727489471436,0.6666666666666666
83,61200,S16,test,1.0,0.6666666666666666
83,61200,S3,test,0.8181818127632141,0.7857142857142857
83,61200,S5,test,1.0,1.0
83,61200,S6,test,1.0,1.0
83,61200,S7,test,1.0,1.0
83,61200,S8,test,0.9090909361839294,0.6363636363636364
83,61200,S9,test,1.0,0.6666666666666666
83,62100,S11,test,0.8181818127632141,0.5333333333333333
83,62100,S13,test,1.0,1.0
83,62100,S15,test,0.7272727489471436,0.6666666666666666
83,62100,S16,test,1.0,0.6666666666666666
83,62100,S3,test,0.8181818127632141,0.7857142857142857
83,62100,S5,test,1.0,1.0
83,62100,S6,test,0.9090909361839294,0.8222222222222223
83,62100,S7,test,1.0,1.0
83,62100,S8,test,0.9090909361839294,0.6363636363636364
83,62100,S9,test,0.9090909361839294,0.6470588235294118
83,63000,S11,test,1.0,1.0
83,63000,S13,test,1.0,1.0
83,63000,S15,test,0.7272727489471436,0.6666666666666666
83,63000,S16,test,1.0,0.6666666666666666
83,63000,S3,test,0.8181818127632141,0.7857142857142857
83,63000,S5,test,1.0,1.0
83,63000,S6,test,0.9090909361839294,0.8222222222222223
83,63000,S7,test,1.0,1.0
83,63000,S8,test,0.8181818127632141,0.5696969696969697
83,63000,S9,test,0.8181818127632141,0.5583333333333333
83,63900,S11,test,0.9090909361839294,0.6
83,63900,S13,test,1.0,1.0
83,63900,S15,test,0.7272727489471436,0.6666666666666666
83,63900,S16,test,1.0,0.6666666666666666
83,63900,S3,test,0.8181818127632141,0.7857142857142857
83,63900,S5,test,1.0,1.0
83,63900,S6,test,1.0,1.0
83,63900,S7,test,1.0,1.0
83,63900,S8,test,0.9090909361839294,0.6363636363636364
83,63900,S9,test,0.9090909361839294,0.6470588235294118
83,64800,S11,test,1.0,1.0
83,64800,S13,test,1.0,1.0
83,64800,S15,test,0.7272727489471436,0.6666666666666666
83,64800,S16,test,1.0,0.6666666666666666
83,64800,S3,test,0.8181818127632141,0.7857142857142857
83,64800,S5,test,1.0,1.0
83,64800,S6,test,1.0,1.0
83,64800,S7,test,1.0,1.0
83,64800,S8,test,0.9090909361839294,0.6363636363636364
83,64800,S9,test,1.0,0.6666666666666666
83,65700,S11,test,0.9090909361839294,0.6
83,65700,S13,test,1.0,1.0
83,65700,S15,test,0.7272727489471436,0.6666666666666666
83,65700,S16,test,1.0,0.6666666666666666
83,65700,S3,test,0.8181818127632141,0.7857142857142857
83,65700,S5,test,1.0,1.0
83,65700,S6,test,1.0,1.0
83,65700,S7,test,1.0,1.0
83,65700,S8,test,0.9090909361839294,0.6363636363636364
83,65700,S9,test,1.0,0.6666666666666666
83,66600,S11,test,0.8181818127632141,0.5333333333333333
83,66600,S13,test,1.0,1.0
83,66600,S15,test,0.7272727489471436,0.6666666666666666
83,66600,S16,test,1.0,0.6666666666666666
83,66600,S3,test,0.8181818127632141,0.7857142857142857
83,66600,S5,test,1.0,1.0
83,66600,S6,test,1.0,1.0
83,66600,S7,test,1.0,1.0
83,66600,S8,test,0.9090909361839294,0.6363636363636364
83,66600,S9,test,1.0,0.6666666666666666
83,67500,S11,test,0.8181818127632141,0.5333333333333333
83,67500,S13,test,1.0,1.0
83,67500,S15,test,0.7272727489471436,0.6666666666666666
83,67500,S16,test,1.0,0.6666666666666666
83,67500,S3,test,0.8181818127632141,0.7857142857142857
83,67500,S5,test,1.0,1.0
83,67500,S6,test,1.0,1.0
83,67500,S7,test,1.0,1.0
83,67500,S8,test,0.9090909361839294,0.6363636363636364
83,67500,S9,test,1.0,0.6666666666666666
83,68400,S11,test,0.8181818127632141,0.5777777777777778
83,68400,S13,test,1.0,1.0
83,68400,S15,test,0.7272727489471436,0.6666666666666666
83,68400,S16,test,1.0,0.6666666666666666
83,68400,S3,test,0.8181818127632141,0.7857142857142857
83,68400,S5,test,1.0,1.0
83,68400,S6,test,1.0,1.0
83,68400,S7,test,1.0,1.0
83,68400,S8,test,0.9090909361839294,0.6363636363636364
83,68400,S9,test,0.9090909361839294,0.6470588235294118
83,69300,S11,test,0.8181818127632141,0.5333333333333333
83,69300,S13,test,1.0,1.0
83,69300,S15,test,0.7272727489471436,0.6666666666666666
83,69300,S16,test,1.0,0.6666666666666666
83,69300,S3,test,0.8181818127632141,0.7857142857142857
83,69300,S5,test,1.0,1.0
83,69300,S6,test,1.0,1.0
83,69300,S7,test,1.0,1.0
83,69300,S8,test,0.9090909361839294,0.6363636363636364
83,69300,S9,test,0.9090909361839294,0.6470588235294118
83,70200,S11,test,0.8181818127632141,0.5333333333333333
83,70200,S13,test,1.0,1.0
83,70200,S15,test,0.7272727489471436,0.6666666666666666
83,70200,S16,test,1.0,0.6666666666666666
83,70200,S3,test,0.8181818127632141,0.7857142857142857
83,70200,S5,test,1.0,1.0
83,70200,S6,test,0.9090909361839294,0.8222222222222223
83,70200,S7,test,1.0,1.0
83,70200,S8,test,0.9090909361839294,0.6363636363636364
83,70200,S9,test,0.9090909361839294,0.6470588235294118
83,71100,S11,test,0.8181818127632141,0.5777777777777778
83,71100,S13,test,1.0,1.0
83,71100,S15,test,0.7272727489471436,0.6666666666666666
83,71100,S16,test,1.0,0.6666666666666666
83,71100,S3,test,0.8181818127632141,0.7857142857142857
83,71100,S5,test,1.0,1.0
83,71100,S6,test,0.9090909361839294,0.8222222222222223
83,71100,S7,test,1.0,1.0
83,71100,S8,test,0.9090909361839294,0.6363636363636364
83,71100,S9,test,1.0,0.6666666666666666
83,72000,S11,test,0.8181818127632141,0.5777777777777778
83,72000,S13,test,1.0,1.0
83,72000,S15,test,0.7272727489471436,0.6666666666666666
83,72000,S16,test,1.0,0.6666666666666666
83,72000,S3,test,0.8181818127632141,0.7857142857142857
83,72000,S5,test,1.0,1.0
83,72000,S6,test,1.0,1.0
83,72000,S7,test,1.0,1.0
83,72000,S8,test,0.9090909361839294,0.6363636363636364
83,72000,S9,test,0.9090909361839294,0.6470588235294118
83,72900,S11,test,0.8181818127632141,0.5777777777777778
83,72900,S13,test,1.0,1.0
83,72900,S15,test,0.8181818127632141,0.7857142857142857
83,72900,S16,test,1.0,0.6666666666666666
83,72900,S3,test,0.8181818127632141,0.7857142857142857
83,72900,S5,test,1.0,1.0
83,72900,S6,test,1.0,1.0
83,72900,S7,test,1.0,1.0
83,72900,S8,test,0.9090909361839294,0.6363636363636364
83,72900,S9,test,1.0,0.6666666666666666
83,73800,S11,test,1.0,1.0
83,73800,S13,test,1.0,1.0
83,73800,S15,test,0.8181818127632141,0.7857142857142857
83,73800,S16,test,1.0,0.6666666666666666
83,73800,S3,test,0.8181818127632141,0.7857142857142857
83,73800,S5,test,1.0,1.0
83,73800,S6,test,0.9090909361839294,0.8222222222222223
83,73800,S7,test,1.0,1.0
83,73800,S8,test,0.9090909361839294,0.6363636363636364
83,73800,S9,test,1.0,0.6666666666666666
83,74700,S11,test,0.8181818127632141,0.5333333333333333
83,74700,S13,test,0.9090909361839294,0.8632478632478633
83,74700,S15,test,0.8181818127632141,0.7857142857142857
83,74700,S16,test,1.0,0.6666666666666666
83,74700,S3,test,0.8181818127632141,0.7857142857142857
83,74700,S5,test,1.0,1.0
83,74700,S6,test,1.0,1.0
83,74700,S7,test,1.0,1.0
83,74700,S8,test,0.9090909361839294,0.6363636363636364
83,74700,S9,test,1.0,0.6666666666666666
83,75600,S11,test,0.8181818127632141,0.5777777777777778
83,75600,S13,test,1.0,1.0
83,75600,S15,test,0.7272727489471436,0.6666666666666666
83,75600,S16,test,1.0,0.6666666666666666
83,75600,S3,test,0.8181818127632141,0.7857142857142857
83,75600,S5,test,1.0,1.0
83,75600,S6,test,0.9090909361839294,0.8222222222222223
83,75600,S7,test,1.0,1.0
83,75600,S8,test,0.9090909361839294,0.6363636363636364
83,75600,S9,test,0.9090909361839294,0.6470588235294118
83,76500,S11,test,0.8181818127632141,0.5333333333333333
83,76500,S13,test,1.0,1.0
83,76500,S15,test,0.7272727489471436,0.6666666666666666
83,76500,S16,test,1.0,0.6666666666666666
83,76500,S3,test,0.8181818127632141,0.7857142857142857
83,76500,S5,test,1.0,1.0
83,76500,S6,test,1.0,1.0
83,76500,S7,test,1.0,1.0
83,76500,S8,test,0.9090909361839294,0.6363636363636364
83,76500,S9,test,1.0,0.6666666666666666
83,77400,S11,test,0.8181818127632141,0.5333333333333333
83,77400,S13,test,1.0,1.0
83,77400,S15,test,0.8181818127632141,0.7857142857142857
83,77400,S16,test,1.0,0.6666666666666666
83,77400,S3,test,0.8181818127632141,0.7857142857142857
83,77400,S5,test,1.0,1.0
83,77400,S6,test,1.0,1.0
83,77400,S7,test,1.0,1.0
83,77400,S8,test,0.9090909361839294,0.6363636363636364
83,77400,S9,test,1.0,0.6666666666666666
83,78300,S11,test,0.9090909361839294,0.9111111111111111
83,78300,S13,test,1.0,1.0
83,78300,S15,test,0.8181818127632141,0.7857142857142857
83,78300,S16,test,1.0,0.6666666666666666
83,78300,S3,test,0.8181818127632141,0.7857142857142857
83,78300,S5,test,1.0,1.0
83,78300,S6,test,1.0,1.0
83,78300,S7,test,1.0,1.0
83,78300,S8,test,0.9090909361839294,0.6363636363636364
83,78300,S9,test,1.0,0.6666666666666666
83,79200,S11,test,0.9090909361839294,0.8666666666666667
83,79200,S13,test,1.0,1.0
83,79200,S15,test,0.8181818127632141,0.7857142857142857
83,79200,S16,test,1.0,0.6666666666666666
83,79200,S3,test,0.8181818127632141,0.7857142857142857
83,79200,S5,test,1.0,1.0
83,79200,S6,test,0.9090909361839294,0.8222222222222223
83,79200,S7,test,1.0,1.0
83,79200,S8,test,0.9090909361839294,0.6363636363636364
83,79200,S9,test,1.0,0.6666666666666666
83,80100,S11,test,0.9090909361839294,0.8666666666666667
83,80100,S13,test,1.0,1.0
83,80100,S15,test,0.8181818127632141,0.7857142857142857
83,80100,S16,test,1.0,0.6666666666666666
83,80100,S3,test,0.8181818127632141,0.7857142857142857
83,80100,S5,test,1.0,1.0
83,80100,S6,test,0.9090909361839294,0.8222222222222223
83,80100,S7,test,1.0,1.0
83,80100,S8,test,0.9090909361839294,0.6363636363636364
83,80100,S9,test,1.0,0.6666666666666666
83,81000,S11,test,0.9090909361839294,0.6
83,81000,S13,test,1.0,1.0
83,81000,S15,test,0.7272727489471436,0.6666666666666666
83,81000,S16,test,1.0,0.6666666666666666
83,81000,S3,test,0.8181818127632141,0.7857142857142857
83,81000,S5,test,1.0,1.0
83,81000,S6,test,1.0,1.0
83,81000,S7,test,1.0,1.0
83,81000,S8,test,0.9090909361839294,0.6363636363636364
83,81000,S9,test,1.0,0.6666666666666666
83,81900,S11,test,1.0,1.0
83,81900,S13,test,1.0,1.0
83,81900,S15,test,0.8181818127632141,0.7857142857142857
83,81900,S16,test,1.0,0.6666666666666666
83,81900,S3,test,0.8181818127632141,0.7857142857142857
83,81900,S5,test,1.0,1.0
83,81900,S6,test,1.0,1.0
83,81900,S7,test,1.0,1.0
83,81900,S8,test,0.9090909361839294,0.6363636363636364
83,81900,S9,test,1.0,0.6666666666666666
83,82800,S11,test,0.9090909361839294,0.6
83,82800,S13,test,1.0,1.0
83,82800,S15,test,0.8181818127632141,0.7857142857142857
83,82800,S16,test,1.0,0.6666666666666666
83,82800,S3,test,0.8181818127632141,0.7857142857142857
83,82800,S5,test,1.0,1.0
83,82800,S6,test,0.9090909361839294,0.8222222222222223
83,82800,S7,test,1.0,1.0
83,82800,S8,test,0.9090909361839294,0.6363636363636364
83,82800,S9,test,1.0,0.6666666666666666
83,83700,S11,test,1.0,1.0
83,83700,S13,test,1.0,1.0
83,83700,S15,test,0.8181818127632141,0.7857142857142857
83,83700,S16,test,1.0,0.6666666666666666
83,83700,S3,test,0.8181818127632141,0.7857142857142857
83,83700,S5,test,1.0,1.0
83,83700,S6,test,1.0,1.0
83,83700,S7,test,1.0,1.0
83,83700,S8,test,0.9090909361839294,0.6363636363636364
83,83700,S9,test,1.0,0.6666666666666666
83,84600,S11,test,0.8181818127632141,0.5333333333333333
83,84600,S13,test,1.0,1.0
83,84600,S15,test,0.8181818127632141,0.7857142857142857
83,84600,S16,test,1.0,0.6666666666666666
83,84600,S3,test,0.8181818127632141,0.7857142857142857
83,84600,S5,test,1.0,1.0
83,84600,S6,test,1.0,1.0
83,84600,S7,test,1.0,1.0
83,84600,S8,test,0.9090909361839294,0.6363636363636364
83,84600,S9,test,0.9090909361839294,0.6470588235294118
83,85500,S11,test,0.8181818127632141,0.5333333333333333
83,85500,S13,test,1.0,1.0
83,85500,S15,test,0.7272727489471436,0.6666666666666666
83,85500,S16,test,1.0,0.6666666666666666
83,85500,S3,test,0.8181818127632141,0.7857142857142857
83,85500,S5,test,1.0,1.0
83,85500,S6,test,1.0,1.0
83,85500,S7,test,1.0,1.0
83,85500,S8,test,0.9090909361839294,0.6363636363636364
83,85500,S9,test,1.0,0.6666666666666666
83,86400,S11,test,1.0,1.0
83,86400,S13,test,1.0,1.0
83,86400,S15,test,0.8181818127632141,0.7857142857142857
83,86400,S16,test,1.0,0.6666666666666666
83,86400,S3,test,0.6363636255264282,0.47222222222222215
83,86400,S5,test,1.0,1.0
83,86400,S6,test,1.0,1.0
83,86400,S7,test,1.0,1.0
83,86400,S8,test,0.9090909361839294,0.6363636363636364
83,86400,S9,test,0.9090909361839294,0.6470588235294118
