seed,time,node,loss,sgd_steps,total_sgd_steps,details
7,0,S11,1.1212152242660522,2,2,
7,0,S13,1.1785261034965515,2,2,
7,0,S15,1.1392728090286255,2,2,
7,0,S16,1.1411907076835632,2,2,
7,0,S3,1.1584929823875427,2,2,
7,0,S5,1.128007411956787,2,2,
7,0,S6,1.1858985424041748,2,2,
7,0,S7,1.1474347710609436,2,2,
7,0,S8,1.1690009832382202,2,2,
7,0,S9,1.1966418027877808,2,2,
7,300,S11,0.9692149758338928,2,11,
7,300,S13,0.8365512192249298,2,18,
7,300,S15,0.9723081588745117,2,11,
7,300,S16,1.0513628721237183,2,4,
7,300,S3,0.9228679239749908,2,18,
7,300,S5,0.9218480885028839,2,13,
7,300,S6,0.9570347666740417,2,17,
7,300,S7,0.9519864916801453,2,19,
7,300,S8,1.1102297902107239,2,10,
7,300,S9,0.9485703706741333,2,10,
7,600,S11,1.098905324935913,2,23,
7,600,S13,0.8329066038131714,2,31,
7,600,S15,0.8826284110546112,2,28,
7,600,S16,0.9530986547470093,2,9,
7,600,S3,0.780348926782608,2,29,
7,600,S5,0.6783089637756348,2,29,
7,600,S6,0.8890873193740845,2,23,
7,600,S7,0.8344298899173737,2,28,
7,600,S8,0.9034347832202911,2,27,
7,600,S9,0.7972228229045868,2,24,
7,900,S11,0.9506997168064117,2,26,
7,900,S13,0.8417274057865143,2,45,
7,900,S15,0.8286016583442688,2,45,
7,900,S16,0.7621809840202332,2,20,
7,900,S3,0.8224844634532928,2,35,
7,900,S5,0.6595726013183594,2,33,
7,900,S6,0.850219190120697,2,39,
7,900,S7,0.7894580066204071,2,43,
7,900,S8,0.9691705703735352,2,30,
7,900,S9,0.538858562707901,2,41,
7,1200,S11,0.8597387075424194,2,29,
7,1200,S13,0.7213032245635986,2,62,
7,1200,S15,0.8728936016559601,2,62,
7,1200,S16,0.777028888463974,2,34,
7,1200,S3,0.7527571618556976,2,50,
7,1200,S5,0.5999273359775543,2,35,
7,1200,S6,0.9067776799201965,2,51,
7,1200,S7,0.7596464157104492,2,57,
7,1200,S8,0.8925659954547882,2,44,
7,1200,S9,0.4775707721710205,2,58,
7,1500,S11,0.8223749101161957,2,46,
7,1500,S13,0.707787811756134,2,79,
7,1500,S15,0.8410409688949585,2,79,
7,1500,S16,0.4332178384065628,2,51,
7,1500,S3,0.7098834216594696,2,67,
7,1500,S5,0.541040688753128,2,39,
7,1500,S6,0.8783448338508606,2,68,
7,1500,S7,0.7366024553775787,2,74,
7,1500,S8,0.8370531499385834,2,61,
7,1500,S9,0.4110928326845169,2,75,
7,1800,S11,0.7618277072906494,2,63,
7,1800,S13,0.7128607928752899,2,96,
7,1800,S15,0.7350494861602783,2,87,
7,1800,S16,0.5249076038599014,2,66,
7,1800,S3,0.8583790957927704,2,84,
7,1800,S5,0.5391676127910614,2,44,
7,1800,S6,0.8085915148258209,2,85,
7,1800,S7,0.5568238496780396,2,91,
7,1800,S8,0.9030582010746002,2,78,
7,1800,S9,0.45971469581127167,2,85,
7,2100,S11,1.248178780078888,2,75,
7,2100,S13,0.8209296762943268,2,99,
7,2100,S15,0.6451830863952637,2,90,
7,2100,S16,0.5683553218841553,2,69,
7,2100,S3,0.6177752614021301,2,99,
7,2100,S5,0.49879811704158783,2,47,
7,2100,S6,0.741393119096756,2,102,
7,2100,S7,0.6065447628498077,2,100,
7,2100,S8,0.759690135717392,2,95,
7,2100,S9,0.4145640879869461,2,89,
7,2400,S11,0.7398804724216461,2,86,
7,2400,S13,0.689963698387146,2,104,
7,2400,S15,0.6619466543197632,2,96,
7,2400,S16,0.502539798617363,2,83,
7,2400,S3,0.6791906952857971,2,103,
7,2400,S5,0.5332609713077545,2,61,
7,2400,S6,0.7518468797206879,2,112,
7,2400,S7,0.6224977076053619,2,109,
7,2400,S8,0.87486532330513,2,97,
7,2400,S9,0.4023294597864151,2,94,
7,2700,S11,0.683589369058609,2,103,
7,2700,S13,0.5788000673055649,2,117,
7,2700,S15,0.724849134683609,2,113,
7,2700,S16,0.3777957111597061,2,100,
7,2700,S3,0.6960330307483673,2,120,
7,2700,S5,0.47038543224334717,2,68,
7,2700,S6,0.824941098690033,2,121,
7,2700,S7,0.4939405471086502,2,118,
7,2700,S8,0.9083032310009003,2,100,
7,2700,S9,0.3938242346048355,2,107,
7,3000,S11,0.6066502630710602,2,106,
7,3000,S13,0.5728538930416107,2,128,
7,3000,S15,0.7615693807601929,2,124,
7,3000,S16,0.32905715703964233,2,103,
7,3000,S3,0.4901171922683716,2,135,
7,3000,S5,0.36761850118637085,2,79,
7,3000,S6,0.7167591154575348,2,136,
7,3000,S7,0.49580124020576477,2,126,
7,3000,S8,0.7141948044300079,2,109,
7,3000,S9,0.3058025687932968,2,118,
7,3300,S11,1.1417526602745056,2,113,
7,3300,S13,0.5914395451545715,2,143,
7,3300,S15,0.6739352345466614,2,141,
7,3300,S16,0.1812433823943138,2,107,
7,3300,S3,0.5856477469205856,2,148,
7,3300,S5,0.30577660351991653,2,86,
7,3300,S6,0.7263407111167908,2,153,
7,3300,S7,0.5289515405893326,2,128,
7,3300,S8,0.676687091588974,2,126,
7,3300,S9,0.31620946526527405,2,135,
7,3600,S11,0.5387749373912811,2,130,
7,3600,S13,0.4496488571166992,2,153,
7,3600,S15,0.5547625124454498,2,158,
7,3600,S16,0.2509094849228859,2,124,
7,3600,S3,0.5641469061374664,2,162,
7,3600,S5,0.32137326896190643,2,102,
7,3600,S6,0.7107979953289032,2,170,
7,3600,S7,0.4344678074121475,2,136,
7,3600,S8,0.7061580717563629,2,142,
7,3600,S9,0.281554639339447,2,150,
7,3900,S11,0.6017953008413315,2,132,
7,3900,S13,0.43724027276039124,2,162,
7,3900,S15,0.7912115752696991,2,175,
7,3900,S16,0.2549402490258217,2,138,
7,3900,S3,0.5323449075222015,2,177,
7,3900,S5,0.31819217652082443,2,109,
7,3900,S6,0.6282804906368256,2,181,
7,3900,S7,0.4444523751735687,2,145,
7,3900,S8,0.5663642883300781,2,148,
7,3900,S9,0.20113885402679443,2,165,
7,4200,S11,0.6724317669868469,2,139,
7,4200,S13,0.5829512476921082,2,167,
7,4200,S15,0.6479743123054504,2,181,
7,4200,S16,0.20941335707902908,2,155,
7,4200,S3,0.45589078962802887,2,185,
7,4200,S5,0.40490470826625824,2,116,
7,4200,S6,0.5592305958271027,2,183,
7,4200,S7,0.45891423523426056,2,150,
7,4200,S8,0.625542551279068,2,162,
7,4200,S9,0.2556154206395149,2,167,
7,4500,S11,0.5312802493572235,2,155,
7,4500,S13,0.41603103280067444,2,178,
7,4500,S15,0.5075523555278778,2,188,
7,4500,S16,0.17811138182878494,2,172,
7,4500,S3,0.6447480916976929,2,198,
7,4500,S5,0.2914757579565048,2,131,
7,4500,S6,0.6785931587219238,2,197,
7,4500,S7,0.4087201803922653,2,165,
7,4500,S8,0.6342814862728119,2,174,
7,4500,S9,0.18741578608751297,2,183,
7,4800,S11,0.5511059910058975,2,164,
7,4800,S13,0.59902523458004,2,191,
7,4800,S15,0.5009151995182037,2,198,
7,4800,S16,0.12501122802495956,2,186,
7,4800,S3,0.4927915930747986,2,210,
7,4800,S5,0.19898994266986847,2,138,
7,4800,S6,0.5200997889041901,2,214,
7,4800,S7,0.30556637048721313,2,177,
7,4800,S8,0.5242363512516022,2,187,
7,4800,S9,0.19158978760242462,2,187,
7,5100,S11,0.648932009935379,2,167,
7,5100,S13,0.4549696296453476,2,208,
7,5100,S15,0.6883348822593689,2,212,
7,5100,S16,0.18223213404417038,2,197,
7,5100,S3,0.6040109097957611,2,215,
7,5100,S5,0.3876989930868149,2,141,
7,5100,S6,0.58064404129982,2,224,
7,5100,S7,0.324242502450943,2,194,
7,5100,S8,0.43050575256347656,2,204,
7,5100,S9,0.22596236318349838,2,204,
7,5400,S11,0.5767993330955505,2,174,
7,5400,S13,0.39716240763664246,2,225,
7,5400,S15,0.5109798908233643,2,225,
7,5400,S16,0.12370279431343079,2,214,
7,5400,S3,0.4488849639892578,2,217,
7,5400,S5,0.2013271227478981,2,156,
7,5400,S6,0.5021286010742188,2,234,
7,5400,S7,0.43399472534656525,2,211,
7,5400,S8,0.6544154584407806,2,219,
7,5400,S9,0.19889487326145172,2,221,
7,5700,S11,0.5860925167798996,2,176,
7,5700,S13,0.4059477746486664,2,230,
7,5700,S15,0.5663142502307892,2,236,
7,5700,S16,0.1277344450354576,2,219,
7,5700,S3,0.5812085866928101,2,223,
7,5700,S5,0.2640541344881058,2,167,
7,5700,S6,0.4521724432706833,2,239,
7,5700,S7,0.46426786482334137,2,218,
7,5700,S8,0.5360977649688721,2,228,
7,5700,S9,0.1742970161139965,2,230,
7,6000,S11,0.5046153515577316,2,193,
7,6000,S13,0.4201599583029747,2,232,
7,6000,S15,0.5162355005741119,2,243,
7,6000,S16,0.135409289970994,2,226,
7,6000,S3,0.5232004523277283,2,235,
7,6000,S5,0.27528025209903717,2,174,
7,6000,S6,0.45906510949134827,2,249,
7,6000,S7,0.44560225307941437,2,229,
7,6000,S8,0.6228437721729279,2,237,
7,6000,S9,0.1903761923313141,2,238,
7,6300,S11,1.094638168811798,2,210,
7,6300,S13,0.5010694712400436,2,244,
7,6300,S15,0.48055583238601685,2,260,
7,6300,S16,0.1257581189274788,2,243,
7,6300,S3,0.5282818824052811,2,247,
7,6300,S5,0.17262572795152664,2,176,
7,6300,S6,0.4040425419807434,2,262,
7,6300,S7,0.2787747234106064,2,242,
7,6300,S8,0.43091218173503876,2,239,
7,6300,S9,0.19063613563776016,2,244,
7,6600,S11,0.49406689405441284,2,227,
7,6600,S13,0.5025158077478409,2,250,
7,6600,S15,0.4298824965953827,2,277,
7,6600,S16,0.08894047513604164,2,259,
7,6600,S3,0.5538579225540161,2,253,
7,6600,S5,0.2609330415725708,2,179,
7,6600,S6,0.42019325494766235,2,276,
7,6600,S7,0.2515711560845375,2,247,
7,6600,S8,0.6064648628234863,2,243,
7,6600,S9,0.14848614111542702,2,247,
7,6900,S11,0.9300095736980438,2,233,
7,6900,S13,0.38854430615901947,2,254,
7,6900,S15,0.4714367985725403,2,289,
7,6900,S16,0.11828619986772537,2,261,
7,6900,S3,0.45987242460250854,2,255,
7,6900,S5,0.28006596863269806,2,182,
7,6900,S6,0.37111471593379974,2,289,
7,6900,S7,0.5829855501651764,2,259,
7,6900,S8,0.5213513374328613,2,246,
7,6900,S9,0.10497752577066422,2,259,
7,7200,S11,0.5929412692785263,2,246,
7,7200,S13,0.43037205934524536,2,256,
7,7200,S15,0.5140838921070099,2,299,
7,7200,S16,0.10140450671315193,2,276,
7,7200,S3,0.44110020995140076,2,266,
7,7200,S5,0.21842867136001587,2,191,
7,7200,S6,0.3392031639814377,2,292,
7,7200,S7,0.46044883131980896,2,275,
7,7200,S8,0.6248907148838043,2,261,
7,7200,S9,0.09713614732027054,2,265,
7,7500,S11,0.4494190663099289,2,263,
7,7500,S13,0.2843594551086426,2,262,
7,7500,S15,0.39542698860168457,2,316,
7,7500,S16,0.07613809779286385,2,293,
7,7500,S3,0.34093838930130005,2,283,
7,7500,S5,0.25067099183797836,2,199,
7,7500,S6,0.3628733307123184,2,298,
7,7500,S7,0.20006206631660461,2,289,
7,7500,S8,0.4325813055038452,2,273,
7,7500,S9,0.09581821039319038,2,282,
7,7800,S11,0.4117656350135803,2,280,
7,7800,S13,0.4737480580806732,2,264,
7,7800,S15,0.4640849232673645,2,333,
7,7800,S16,0.06887072324752808,2,310,
7,7800,S3,0.45596177875995636,2,287,
7,7800,S5,0.218066968023777,2,206,
7,7800,S6,0.3517272621393204,2,308,
7,7800,S7,0.3187742680311203,2,294,
7,7800,S8,0.5320777297019958,2,287,
7,7800,S9,0.12279212474822998,2,299,
7,8100,S11,0.7327797710895538,2,292,
7,8100,S13,0.340248666703701,2,268,
7,8100,S15,0.3734845519065857,2,344,
7,8100,S16,0.07636107876896858,2,325,
7,8100,S3,0.36927473545074463,2,289,
7,8100,S5,0.29534921050071716,2,218,
7,8100,S6,0.47509753704071045,2,319,
7,8100,S7,0.35286204516887665,2,296,
7,8100,S8,0.4753449559211731,2,298,
7,8100,S9,0.11300096660852432,2,310,
7,8400,S11,0.3791519105434418,2,299,
7,8400,S13,0.3412526994943619,2,270,
7,8400,S15,0.38493308424949646,2,361,
7,8400,S16,0.10925302281975746,2,338,
7,8400,S3,0.36413103342056274,2,297,
7,8400,S5,0.18871155381202698,2,235,
7,8400,S6,0.6436312198638916,2,332,
7,8400,S7,0.30997154116630554,2,298,
7,8400,S8,0.6029758304357529,2,310,
7,8400,S9,0.10597950033843517,2,316,
7,8700,S11,0.40302208065986633,2,312,
7,8700,S13,0.5773581564426422,2,279,
7,8700,S15,0.4252983033657074,2,375,
7,8700,S16,0.06817943975329399,2,351,
7,8700,S3,0.4513958841562271,2,308,
7,8700,S5,0.23521916568279266,2,252,
7,8700,S6,0.37917113304138184,2,344,
7,8700,S7,0.2458203360438347,2,314,
7,8700,S8,0.44040967524051666,2,312,
7,8700,S9,0.07733257301151752,2,332,
7,9000,S11,0.37328915297985077,2,324,
7,9000,S13,0.3860911875963211,2,282,
7,9000,S15,0.38118837773799896,2,388,
7,9000,S16,0.04201209917664528,2,368,
7,9000,S3,0.32389432936906815,2,323,
7,9000,S5,0.4843441992998123,2,269,
7,9000,S6,0.36076271533966064,2,358,
7,9000,S7,0.18317905813455582,2,319,
7,9000,S8,0.3748161792755127,2,327,
7,9000,S9,0.07743405364453793,2,349,
7,9300,S11,0.27173785865306854,2,328,
7,9300,S13,0.2560368627309799,2,285,
7,9300,S15,0.44605106115341187,2,400,
7,9300,S16,0.08400868996977806,2,385,
7,9300,S3,0.4062214344739914,2,335,
7,9300,S5,0.14887282624840736,2,286,
7,9300,S6,0.2674989551305771,2,375,
7,9300,S7,0.2725904658436775,2,335,
7,9300,S8,0.38041600584983826,2,343,
7,9300,S9,0.05903584510087967,2,363,
7,9600,S11,0.3857966661453247,2,343,
7,9600,S13,0.23897701501846313,2,300,
7,9600,S15,0.36038143932819366,2,417,
7,9600,S16,0.045299921184778214,2,402,
7,9600,S3,0.28467293828725815,2,343,
7,9600,S5,0.26579248905181885,2,297,
7,9600,S6,0.36205311119556427,2,392,
7,9600,S7,0.26398149132728577,2,346,
7,9600,S8,0.38084419071674347,2,358,
7,9600,S9,0.09085982292890549,2,380,
7,9900,S11,0.32556794583797455,2,360,
7,9900,S13,0.20768333226442337,2,314,
7,9900,S15,0.3910762667655945,2,434,
7,9900,S16,0.08620491996407509,2,419,
7,9900,S3,0.5115430057048798,2,355,
7,9900,S5,0.239730566740036,2,314,
7,9900,S6,0.31293612718582153,2,408,
7,9900,S7,0.23863524943590164,2,360,
7,9900,S8,0.438169002532959,2,373,
7,9900,S9,0.08110038749873638,2,393,
7,10200,S11,0.7760963663458824,2,377,
7,10200,S13,0.3526179641485214,2,324,
7,10200,S15,0.421837255358696,2,451,
7,10200,S16,0.05481875315308571,2,436,
7,10200,S3,0.5370445549488068,2,364,
7,10200,S5,0.2264249175786972,2,331,
7,10200,S6,0.39382602274417877,2,425,
7,10200,S7,0.2690711170434952,2,373,
7,10200,S8,0.43002834916114807,2,383,
7,10200,S9,0.09176459535956383,2,410,
7,10500,S11,0.6741677522659302,2,394,
7,10500,S13,0.1801544725894928,2,326,
7,10500,S15,0.41003966331481934,2,468,
7,10500,S16,0.03778941370546818,2,449,
7,10500,S3,0.36044183373451233,2,368,
7,10500,S5,0.18772389739751816,2,342,
7,10500,S6,0.26204557716846466,2,440,
7,10500,S7,0.1459849812090397,2,383,
7,10500,S8,0.4352000802755356,2,385,
7,10500,S9,0.10198523476719856,2,427,
7,10800,S11,0.9613313376903534,2,408,
7,10800,S13,0.26801633834838867,2,339,
7,10800,S15,0.5340602099895477,2,477,
7,10800,S16,0.05408396851271391,2,456,
7,10800,S3,0.2803207337856293,2,385,
7,10800,S5,0.14556855708360672,2,344,
7,10800,S6,0.3248298168182373,2,457,
7,10800,S7,0.4547092765569687,2,399,
7,10800,S8,0.33754226565361023,2,387,
7,10800,S9,0.06085882894694805,2,444,
7,11100,S11,0.521922379732132,2,425,
7,11100,S13,0.33723141998052597,2,353,
7,11100,S15,0.34499165415763855,2,480,
7,11100,S16,0.030403656885027885,2,473,
7,11100,S3,0.3807324171066284,2,402,
7,11100,S5,0.09287383779883385,2,347,
7,11100,S6,0.2896350175142288,2,474,
7,11100,S7,0.20749157667160034,2,416,
7,11100,S8,0.3609805256128311,2,400,
7,11100,S9,0.05818968825042248,2,461,
7,11400,S11,0.31865671277046204,2,431,
7,11400,S13,0.15849868953227997,2,363,
7,11400,S15,0.35327503085136414,2,493,
7,11400,S16,0.0632681529968977,2,490,
7,11400,S3,0.35355691611766815,2,419,
7,11400,S5,0.18884992599487305,2,349,
7,11400,S6,0.3786071240901947,2,491,
7,11400,S7,0.208913192152977,2,424,
7,11400,S8,0.3714185357093811,2,413,
7,11400,S9,0.06696628779172897,2,477,
7,11700,S11,0.6475005149841309,2,448,
7,11700,S13,0.19745464622974396,2,379,
7,11700,S15,0.40169471502304077,2,509,
7,11700,S16,0.055728886276483536,2,505,
7,11700,S3,0.3271670639514923,2,433,
7,11700,S5,0.14806851744651794,2,351,
7,11700,S6,0.26614438742399216,2,508,
7,11700,S7,0.1475237011909485,2,436,
7,11700,S8,0.3069216012954712,2,424,
7,11700,S9,0.0738033875823021,2,490,
7,12000,S11,0.34878745675086975,2,465,
7,12000,S13,0.3048102408647537,2,386,
7,12000,S15,0.2766328901052475,2,526,
7,12000,S16,0.035384079441428185,2,515,
7,12000,S3,0.3367439955472946,2,444,
7,12000,S5,0.17786284536123276,2,353,
7,12000,S6,0.39943504333496094,2,517,
7,12000,S7,0.2385272979736328,2,445,
7,12000,S8,0.7044200897216797,2,441,
7,12000,S9,0.05506061762571335,2,507,
7,12300,S11,0.4242957532405853,2,480,
7,12300,S13,0.3613548278808594,2,403,
7,12300,S15,0.2849995791912079,2,542,
7,12300,S16,0.029476786963641644,2,525,
7,12300,S3,0.4935927093029022,2,460,
7,12300,S5,0.15434660017490387,2,355,
7,12300,S6,0.2151726856827736,2,522,
7,12300,S7,0.16580373793840408,2,462,
7,12300,S8,0.2947826385498047,2,457,
7,12300,S9,0.04940791241824627,2,518,
7,12600,S11,0.5205780193209648,2,489,
7,12600,S13,0.17104405164718628,2,419,
7,12600,S15,0.3559644967317581,2,555,
7,12600,S16,0.02859764639288187,2,540,
7,12600,S3,0.3971226140856743,2,477,
7,12600,S5,0.20303849875926971,2,357,
7,12600,S6,0.3326684981584549,2,524,
7,12600,S7,0.16645322740077972,2,473,
7,12600,S8,0.4052361100912094,2,461,
7,12600,S9,0.02829859498888254,2,531,
7,12900,S11,0.5028398633003235,2,506,
7,12900,S13,0.31453222036361694,2,430,
7,12900,S15,0.27627474069595337,2,558,
7,12900,S16,0.027766840532422066,2,546,
7,12900,S3,0.26091907173395157,2,490,
7,12900,S5,0.20916611701250076,2,368,
7,12900,S6,0.19084686040878296,2,540,
7,12900,S7,0.12958130612969398,2,490,
7,12900,S8,0.4476633220911026,2,471,
7,12900,S9,0.05605261214077473,2,539,
7,13200,S11,0.4245138168334961,2,523,
7,13200,S13,0.33314523100852966,2,441,
7,13200,S15,0.3503853529691696,2,560,
7,13200,S16,0.029211129061877728,2,555,
7,13200,S3,0.1593148112297058,2,499,
7,13200,S5,0.17230086773633957,2,376,
7,13200,S6,0.31138256192207336,2,557,
7,13200,S7,0.2444383054971695,2,507,
7,13200,S8,0.38375042378902435,2,481,
7,13200,S9,0.04060825798660517,2,551,
7,13500,S11,0.6407282054424286,2,539,
7,13500,S13,0.217938132584095,2,446,
7,13500,S15,0.3989400267601013,2,562,
7,13500,S16,0.03456457145512104,2,572,
7,13500,S3,0.25352147966623306,2,516,
7,13500,S5,0.17192281782627106,2,381,
7,13500,S6,0.27101780474185944,2,568,
7,13500,S7,0.2713063806295395,2,518,
7,13500,S8,0.33430567383766174,2,483,
7,13500,S9,0.06295008584856987,2,568,
7,13800,S11,0.7779858708381653,2,552,
7,13800,S13,0.25350502133369446,2,457,
7,13800,S15,0.2840595245361328,2,564,
7,13800,S16,0.04826168064028025,2,588,
7,13800,S3,0.19820775836706161,2,528,
7,13800,S5,0.27879132330417633,2,392,
7,13800,S6,0.3334553390741348,2,584,
7,13800,S7,0.2103036865592003,2,521,
7,13800,S8,0.4022666662931442,2,485,
7,13800,S9,0.1991969607770443,2,583,
7,14100,S11,0.6249502599239349,2,556,
7,14100,S13,0.378437876701355,2,470,
7,14100,S15,0.3301364630460739,2,572,
7,14100,S16,0.03233621455729008,2,590,
7,14100,S3,0.31543631851673126,2,530,
7,14100,S5,0.18467319756746292,2,394,
7,14100,S6,0.32967229932546616,2,599,
7,14100,S7,0.3771011307835579,2,532,
7,14100,S8,0.41906746476888657,2,494,
7,14100,S9,0.048138403333723545,2,594,
7,14400,S11,0.3561374545097351,2,558,
7,14400,S13,0.3964526951313019,2,476,
7,14400,S15,0.3420295864343643,2,574,
7,14400,S16,0.04222229402512312,2,602,
7,14400,S3,0.23246695846319199,2,532,
7,14400,S5,0.11669392138719559,2,396,
7,14400,S6,0.24233731627464294,2,611,
7,14400,S7,0.13722635060548782,2,538,
7,14400,S8,0.34156835079193115,2,504,
7,14400,S9,0.06549559533596039,2,604,
7,14700,S11,0.33017943799495697,2,562,
7,14700,S13,0.2632162272930145,2,479,
7,14700,S15,0.3341129571199417,2,577,
7,14700,S16,0.027230113744735718,2,618,
7,14700,S3,0.2605902627110481,2,534,
7,14700,S5,0.16222243010997772,2,400,
7,14700,S6,0.2102903202176094,2,628,
7,14700,S7,0.28387318551540375,2,545,
7,14700,S8,0.30189238488674164,2,512,
7,14700,S9,0.25557159166783094,2,611,
7,15000,S11,0.15225552022457123,2,577,
7,15000,S13,0.37874484062194824,2,496,
7,15000,S15,0.31601402163505554,2,587,
7,15000,S16,0.04016111232340336,2,631,
7,15000,S3,0.32089513540267944,2,545,
7,15000,S5,0.2187160700559616,2,417,
7,15000,S6,0.5153413042426109,2,645,
7,15000,S7,0.14893131703138351,2,562,
7,15000,S8,0.3357456550002098,2,529,
7,15000,S9,0.07241202145814896,2,624,
7,15300,S11,0.443947434425354,2,594,
7,15300,S13,0.2976786196231842,2,513,
7,15300,S15,0.3872475177049637,2,599,
7,15300,S16,0.07109684124588966,2,641,
7,15300,S3,0.2559550702571869,2,555,
7,15300,S5,0.17502165585756302,2,433,
7,15300,S6,0.212965190410614,2,656,
7,15300,S7,0.08917238004505634,2,579,
7,15300,S8,0.23960208892822266,2,542,
7,15300,S9,0.04790571704506874,2,631,
7,15600,S11,0.5721561312675476,2,611,
7,15600,S13,0.2599163204431534,2,525,
7,15600,S15,0.35195116698741913,2,601,
7,15600,S16,0.021741064731031656,2,658,
7,15600,S3,0.31255584955215454,2,571,
7,15600,S5,0.21012981981039047,2,445,
7,15600,S6,0.2581549361348152,2,664,
7,15600,S7,0.07990267500281334,2,596,
7,15600,S8,0.26474277675151825,2,556,
7,15600,S9,0.03895602561533451,2,640,
7,15900,S11,0.624547928571701,2,619,
7,15900,S13,0.3299765884876251,2,527,
7,15900,S15,0.298073947429657,2,607,
7,15900,S16,0.05849028471857309,2,670,
7,15900,S3,0.26351919770240784,2,573,
7,15900,S5,0.15120753645896912,2,447,
7,15900,S6,0.20303309708833694,2,666,
7,15900,S7,0.31000933051109314,2,601,
7,15900,S8,0.31072983145713806,2,559,
7,15900,S9,0.092374537140131,2,648,
7,16200,S11,0.6542821526527405,2,635,
7,16200,S13,0.21740103513002396,2,535,
7,16200,S15,0.4166345000267029,2,621,
7,16200,S16,0.013004374224692583,2,676,
7,16200,S3,0.1411464884877205,2,589,
7,16200,S5,0.10233312100172043,2,449,
7,16200,S6,0.2878527045249939,2,682,
7,16200,S7,0.13341723382472992,2,616,
7,16200,S8,0.43299533426761627,2,569,
7,16200,S9,0.03241532389074564,2,657,
7,16500,S11,0.3541814535856247,2,652,
7,16500,S13,0.3009789288043976,2,544,
7,16500,S15,0.31004440784454346,2,635,
7,16500,S16,0.030492618680000305,2,684,
7,16500,S3,0.28535057604312897,2,598,
7,16500,S5,0.06640056893229485,2,466,
7,16500,S6,0.1961146853864193,2,699,
7,16500,S7,0.11916093155741692,2,633,
7,16500,S8,0.36418651044368744,2,586,
7,16500,S9,0.050691958516836166,2,674,
7,16800,S11,0.3729745224118233,2,669,
7,16800,S13,0.258163258433342,2,558,
7,16800,S15,0.3040824234485626,2,651,
7,16800,S16,0.02242830814793706,2,694,
7,16800,S3,0.26365625858306885,2,610,
7,16800,S5,0.09889989346265793,2,483,
7,16800,S6,0.18632536381483078,2,716,
7,16800,S7,0.15708114206790924,2,650,
7,16800,S8,0.32346582412719727,2,603,
7,16800,S9,0.012825652491301298,2,676,
7,17100,S11,0.4830128848552704,2,675,
7,17100,S13,0.2973044514656067,2,575,
7,17100,S15,0.21087759733200073,2,668,
7,17100,S16,0.013557179365307093,2,708,
7,17100,S3,0.2754065915942192,2,624,
7,17100,S5,0.13802539557218552,2,500,
7,17100,S6,0.1827511489391327,2,724,
7,17100,S7,0.11397508531808853,2,667,
7,17100,S8,0.2949804365634918,2,614,
7,17100,S9,0.04072483628988266,2,678,
7,17400,S11,0.3783605545759201,2,687,
7,17400,S13,0.27862748503685,2,587,
7,17400,S15,0.2671263888478279,2,685,
7,17400,S16,0.026741667184978724,2,721,
7,17400,S3,0.20559516921639442,2,633,
7,17400,S5,0.10994777455925941,2,507,
7,17400,S6,0.2298285961151123,2,732,
7,17400,S7,0.13921397179365158,2,684,
7,17400,S8,0.4165843725204468,2,627,
7,17400,S9,0.01968990545719862,2,681,
7,17700,S11,1.4555941820144653,2,702,
7,17700,S13,0.2146872580051422,2,598,
7,17700,S15,0.18286139518022537,2,702,
7,17700,S16,0.030709093436598778,2,737,
7,17700,S3,0.2900817096233368,2,650,
7,17700,S5,0.13498947769403458,2,509,
7,17700,S6,0.31741832196712494,2,749,
7,17700,S7,0.15016964077949524,2,701,
7,17700,S8,0.2212914153933525,2,643,
7,17700,S9,0.027224143967032433,2,683,
7,18000,S11,0.782564252614975,2,710,
7,18000,S13,0.26615558564662933,2,613,
7,18000,S15,0.19111990183591843,2,719,
7,18000,S16,0.035951919853687286,2,745,
7,18000,S3,0.191782146692276,2,667,
7,18000,S5,0.061189958825707436,2,511,
7,18000,S6,0.2203366607427597,2,766,
7,18000,S7,0.0826759785413742,2,714,
7,18000,S8,0.32896190881729126,2,660,
7,18000,S9,0.0362328952178359,2,685,
7,18300,S11,0.397957518696785,2,727,
7,18300,S13,0.22300231456756592,2,630,
7,18300,S15,0.18523834645748138,2,735,
7,18300,S16,0.011955350637435913,2,754,
7,18300,S3,0.20281966775655746,2,684,
7,18300,S5,0.09850399568676949,2,517,
7,18300,S6,0.18593788892030716,2,783,
7,18300,S7,0.08811667561531067,2,731,
7,18300,S8,0.2563420459628105,2,671,
7,18300,S9,0.024067801423370838,2,697,
7,18600,S11,0.3046180307865143,2,744,
7,18600,S13,0.22410714626312256,2,636,
7,18600,S15,0.285373255610466,2,746,
7,18600,S16,0.28682641685009,2,758,
7,18600,S3,0.21643618494272232,2,693,
7,18600,S5,0.14695128053426743,2,534,
7,18600,S6,0.18730273842811584,2,800,
7,18600,S7,0.1253950521349907,2,748,
7,18600,S8,0.3021325469017029,2,674,
7,18600,S9,0.03663098718971014,2,706,
7,18900,S11,0.6798911094665527,2,759,
7,18900,S13,0.24218426644802094,2,641,
7,18900,S15,0.32119525969028473,2,757,
7,18900,S16,0.00804532109759748,2,773,
7,18900,S3,0.21347691118717194,2,710,
7,18900,S5,0.09470253437757492,2,551,
7,18900,S6,0.18397386372089386,2,817,
7,18900,S7,0.10570849105715752,2,763,
7,18900,S8,0.19643108546733856,2,676,
7,18900,S9,0.013917306438088417,2,711,
7,19200,S11,0.41262996196746826,2,767,
7,19200,S13,0.22367019951343536,2,648,
7,19200,S15,0.30336474627256393,2,766,
7,19200,S16,0.010745997074991465,2,779,
7,19200,S3,0.11593948490917683,2,723,
7,19200,S5,0.07312817126512527,2,565,
7,19200,S6,0.25423961132764816,2,831,
7,19200,S7,0.07732411660254002,2,773,
7,19200,S8,0.2897546887397766,2,687,
7,19200,S9,0.14136618748307228,2,718,
7,19500,S11,0.31938478350639343,2,769,
7,19500,S13,0.17665006965398788,2,665,
7,19500,S15,0.2317371517419815,2,779,
7,19500,S16,0.053974566981196404,2,792,
7,19500,S3,0.16851065307855606,2,730,
7,19500,S5,0.0772440955042839,2,581,
7,19500,S6,0.16943048313260078,2,848,
7,19500,S7,0.06478073075413704,2,790,
7,19500,S8,0.23127775639295578,2,701,
7,19500,S9,0.018860570155084133,2,729,
7,19800,S11,0.33583319187164307,2,776,
7,19800,S13,0.18845674395561218,2,682,
7,19800,S15,0.27604350447654724,2,785,
7,19800,S16,0.03831395460292697,2,809,
7,19800,S3,0.1581118181347847,2,733,
7,19800,S5,0.21829796582460403,2,585,
7,19800,S6,0.16729436814785004,2,861,
7,19800,S7,0.09546515718102455,2,801,
7,19800,S8,0.33447758853435516,2,711,
7,19800,S9,0.04717619530856609,2,744,
7,20100,S11,0.30463120341300964,2,783,
7,20100,S13,0.15652374178171158,2,699,
7,20100,S15,0.3662494421005249,2,792,
7,20100,S16,0.025276880711317062,2,813,
7,20100,S3,0.19876443594694138,2,748,
7,20100,S5,0.07605264335870743,2,602,
7,20100,S6,0.20737159997224808,2,874,
7,20100,S7,0.10042750835418701,2,816,
7,20100,S8,0.20865175500512123,2,723,
7,20100,S9,0.09041830897331238,2,752,
7,20400,S11,0.28451452404260635,2,797,
7,20400,S13,0.18434027582406998,2,703,
7,20400,S15,0.21779844164848328,2,804,
7,20400,S16,0.0149058080278337,2,815,
7,20400,S3,0.2854713499546051,2,755,
7,20400,S5,0.29230330884456635,2,619,
7,20400,S6,0.2118012011051178,2,891,
7,20400,S7,0.18685363978147507,2,818,
7,20400,S8,0.2027330920100212,2,726,
7,20400,S9,0.02063168305903673,2,766,
7,20700,S11,0.24134761095046997,2,811,
7,20700,S13,0.18418866768479347,2,720,
7,20700,S15,0.34305260330438614,2,812,
7,20700,S16,0.009429896250367165,2,818,
7,20700,S3,0.21472468972206116,2,771,
7,20700,S5,0.0509331114590168,2,635,
7,20700,S6,0.35634711384773254,2,896,
7,20700,S7,0.05505026876926422,2,835,
7,20700,S8,0.296492375433445,2,731,
7,20700,S9,0.03127293521538377,2,768,
7,21000,S11,0.5377879291772842,2,825,
7,21000,S13,0.16295349597930908,2,737,
7,21000,S15,0.29312315583229065,2,818,
7,21000,S16,0.04069781303405762,2,834,
7,21000,S3,0.2068191021680832,2,777,
7,21000,S5,0.06607936881482601,2,651,
7,21000,S6,0.2574194669723511,2,908,
7,21000,S7,0.16049004346132278,2,852,
7,21000,S8,0.307591512799263,2,743,
7,21000,S9,0.04633249156177044,2,772,
7,21300,S11,0.6913799345493317,2,842,
7,21300,S13,0.18724527955055237,2,754,
7,21300,S15,0.23824875801801682,2,830,
7,21300,S16,0.013793276157230139,2,851,
7,21300,S3,0.16648980975151062,2,779,
7,21300,S5,0.05707562156021595,2,655,
7,21300,S6,0.19251631200313568,2,916,
7,21300,S7,0.044356368482112885,2,869,
7,21300,S8,0.27437807247042656,2,757,
7,21300,S9,0.04208161123096943,2,777,
7,21600,S11,0.8496294617652893,2,846,
7,21600,S13,0.19481027498841286,2,771,
7,21600,S15,0.2227901667356491,2,847,
7,21600,S16,0.028470455668866634,2,868,
7,21600,S3,0.12135986983776093,2,795,
7,21600,S5,0.07489234209060669,2,658,
7,21600,S6,0.1514989510178566,2,933,
7,21600,S7,0.04538765177130699,2,886,
7,21600,S8,0.3083503395318985,2,774,
7,21600,S9,0.03434999426826835,2,792,
7,21900,S11,0.23550446331501007,2,859,
7,21900,S13,0.15770801901817322,2,784,
7,21900,S15,0.20304084196686745,2,851,
7,21900,S16,0.010894604492932558,2,870,
7,21900,S3,0.15082309395074844,2,812,
7,21900,S5,0.0720251202583313,2,671,
7,21900,S6,0.19737158715724945,2,950,
7,21900,S7,0.09299158118665218,2,901,
7,21900,S8,0.19934744387865067,2,791,
7,21900,S9,0.056932857260107994,2,796,
7,22200,S11,0.25671112537384033,2,868,
7,22200,S13,0.194586880505085,2,793,
7,22200,S15,0.2803736627101898,2,857,
7,22200,S16,0.044964772649109364,2,878,
7,22200,S3,0.2018381506204605,2,817,
7,22200,S5,0.0537092499434948,2,681,
7,22200,S6,0.11917790025472641,2,965,
7,22200,S7,0.16520532965660095,2,914,
7,22200,S8,0.2759796902537346,2,795,
7,22200,S9,0.044756135903298855,2,809,
7,22500,S11,0.31364656239748,2,872,
7,22500,S13,0.2272937335073948,2,802,
7,22500,S15,0.30091726779937744,2,865,
7,22500,S16,0.013194874161854386,2,886,
7,22500,S3,0.16557253152132034,2,830,
7,22500,S5,0.17176629230380058,2,688,
7,22500,S6,0.2634502127766609,2,972,
7,22500,S7,0.23444226384162903,2,921,
7,22500,S8,0.18950410932302475,2,800,
7,22500,S9,0.020295900758355856,2,822,
7,22800,S11,0.21321916952729225,2,884,
7,22800,S13,0.16492056101560593,2,814,
7,22800,S15,0.2968186289072037,2,882,
7,22800,S16,0.012572132516652346,2,899,
7,22800,S3,0.2500539496541023,2,845,
7,22800,S5,0.039937350898981094,2,704,
7,22800,S6,0.17871655523777008,2,980,
7,22800,S7,0.03600561153143644,2,938,
7,22800,S8,0.20931284874677658,2,802,
7,22800,S9,0.04527818923816085,2,834,
7,23100,S11,0.2552529126405716,2,901,
7,23100,S13,0.21976090967655182,2,826,
7,23100,S15,0.32971617579460144,2,890,
7,23100,S16,0.019966423977166414,2,905,
7,23100,S3,0.19596142321825027,2,862,
7,23100,S5,0.21451503038406372,2,706,
7,23100,S6,0.14238513633608818,2,987,
7,23100,S7,0.05115525610744953,2,955,
7,23100,S8,0.2818048298358917,2,818,
7,23100,S9,0.027761141769587994,2,851,
7,23400,S11,0.4633527994155884,2,916,
7,23400,S13,0.26951271295547485,2,843,
7,23400,S15,0.24255505949258804,2,902,
7,23400,S16,0.008978940080851316,2,919,
7,23400,S3,0.12816789746284485,2,877,
7,23400,S5,0.05450917035341263,2,708,
7,23400,S6,0.20159197598695755,2,1004,
7,23400,S7,0.034965221770107746,2,972,
7,23400,S8,0.13889725133776665,2,823,
7,23400,S9,0.01812454406172037,2,866,
7,23700,S11,0.8562675714492798,2,927,
7,23700,S13,0.13582883775234222,2,860,
7,23700,S15,0.2171684056520462,2,918,
7,23700,S16,0.011279493803158402,2,921,
7,23700,S3,0.14961698651313782,2,891,
7,23700,S5,0.04776199348270893,2,714,
7,23700,S6,0.21943281590938568,2,1016,
7,23700,S7,0.08881954662501812,2,983,
7,23700,S8,0.14716064184904099,2,838,
7,23700,S9,0.016796325333416462,2,883,
7,24000,S11,0.8520266562700272,2,936,
7,24000,S13,0.17093534767627716,2,875,
7,24000,S15,0.37264956533908844,2,933,
7,24000,S16,0.006351712625473738,2,932,
7,24000,S3,0.0684009287506342,2,908,
7,24000,S5,0.19290748238563538,2,728,
7,24000,S6,0.128154456615448,2,1023,
7,24000,S7,0.13262537866830826,2,994,
7,24000,S8,0.2294086068868637,2,855,
7,24000,S9,0.017764053773134947,2,886,
7,24300,S11,0.2543955445289612,2,938,
7,24300,S13,0.18296009302139282,2,888,
7,24300,S15,0.2920061871409416,2,943,
7,24300,S16,0.01086592790670693,2,949,
7,24300,S3,0.19482653588056564,2,913,
7,24300,S5,0.07306327670812607,2,730,
7,24300,S6,0.06742428615689278,2,1030,
7,24300,S7,0.05118181183934212,2,1008,
7,24300,S8,0.22901901602745056,2,863,
7,24300,S9,0.024883298203349113,2,900,
7,24600,S11,1.2260448932647705,2,952,
7,24600,S13,0.19621911644935608,2,899,
7,24600,S15,0.20402317494153976,2,957,
7,24600,S16,0.031115435995161533,2,958,
7,24600,S3,0.06870608776807785,2,923,
7,24600,S5,0.07747902721166611,2,740,
7,24600,S6,0.132154680788517,2,1034,
7,24600,S7,0.04191301390528679,2,1020,
7,24600,S8,0.1426487136632204,2,871,
7,24600,S9,0.07726760394871235,2,914,
7,24900,S11,0.27306923270225525,2,957,
7,24900,S13,0.21099381893873215,2,916,
7,24900,S15,0.24111810326576233,2,967,
7,24900,S16,0.01677645416930318,2,962,
7,24900,S3,0.23903227970004082,2,933,
7,24900,S5,0.03932211175560951,2,750,
7,24900,S6,0.08131443336606026,2,1036,
7,24900,S7,0.029148741625249386,2,1037,
7,24900,S8,0.17923875525593758,2,888,
7,24900,S9,0.05388893932104111,2,931,
7,25200,S11,0.24180269241333008,2,969,
7,25200,S13,0.25401535630226135,2,932,
7,25200,S15,0.16264919191598892,2,982,
7,25200,S16,0.01775213098153472,2,964,
7,25200,S3,0.2068507820367813,2,945,
7,25200,S5,0.0827445350587368,2,752,
7,25200,S6,0.13898279517889023,2,1042,
7,25200,S7,0.01941059622913599,2,1043,
7,25200,S8,0.20668159425258636,2,905,
7,25200,S9,0.019819332286715508,2,945,
7,25500,S11,0.2292967066168785,2,986,
7,25500,S13,0.20158937573432922,2,949,
7,25500,S15,0.14709313213825226,2,999,
7,25500,S16,0.015972372610121965,2,966,
7,25500,S3,0.12672873586416245,2,958,
7,25500,S5,0.03379607852548361,2,764,
7,25500,S6,0.13110114261507988,2,1051,
7,25500,S7,0.058066101744771004,2,1057,
7,25500,S8,0.5973436832427979,2,922,
7,25500,S9,0.017058999044820666,2,959,
7,25800,S11,0.16015873849391937,2,998,
7,25800,S13,0.21101291850209236,2,966,
7,25800,S15,0.17573733627796173,2,1004,
7,25800,S16,0.01121858460828662,2,980,
7,25800,S3,0.08366629481315613,2,967,
7,25800,S5,0.20168859511613846,2,775,
7,25800,S6,0.11737412959337234,2,1066,
7,25800,S7,0.03453485015779734,2,1070,
7,25800,S8,0.1992693543434143,2,938,
7,25800,S9,0.021348602138459682,2,976,
7,26100,S11,0.19721850752830505,2,1005,
7,26100,S13,0.3616141527891159,2,975,
7,26100,S15,0.22437596321105957,2,1013,
7,26100,S16,0.021195863839238882,2,997,
7,26100,S3,0.08013954758644104,2,977,
7,26100,S5,0.048683980479836464,2,792,
7,26100,S6,0.1699761524796486,2,1074,
7,26100,S7,0.03385662101209164,2,1080,
7,26100,S8,0.21704906225204468,2,955,
7,26100,S9,0.016763702500611544,2,993,
7,26400,S11,0.252790167927742,2,1022,
7,26400,S13,0.16005736589431763,2,988,
7,26400,S15,0.264363095164299,2,1029,
7,26400,S16,0.02367629762738943,2,1014,
7,26400,S3,0.11307639256119728,2,986,
7,26400,S5,0.4010150730609894,2,809,
7,26400,S6,0.11891300231218338,2,1087,
7,26400,S7,0.05976577661931515,2,1093,
7,26400,S8,0.2398013174533844,2,962,
7,26400,S9,0.03806815482676029,2,1006,
7,26700,S11,0.4912446066737175,2,1039,
7,26700,S13,0.142145074903965,2,992,
7,26700,S15,0.21397710591554642,2,1046,
7,26700,S16,0.009090858045965433,2,1031,
7,26700,S3,0.08903571590781212,2,993,
7,26700,S5,0.038590479642152786,2,825,
7,26700,S6,0.10975818708539009,2,1104,
7,26700,S7,0.03532771207392216,2,1099,
7,26700,S8,0.20123684406280518,2,973,
7,26700,S9,0.041372970677912235,2,1019,
7,27000,S11,0.332964688539505,2,1047,
7,27000,S13,0.13374477624893188,2,1006,
7,27000,S15,0.19514113664627075,2,1059,
7,27000,S16,0.014668005984276533,2,1044,
7,27000,S3,0.08191997930407524,2,1000,
7,27000,S5,0.11888603121042252,2,827,
7,27000,S6,0.12370137311518192,2,1117,
7,27000,S7,0.03553416207432747,2,1106,
7,27000,S8,0.2387389950454235,2,978,
7,27000,S9,0.03628083970397711,2,1028,
7,27300,S11,0.7920677810907364,2,1051,
7,27300,S13,0.23322927951812744,2,1010,
7,27300,S15,0.18853366374969482,2,1071,
7,27300,S16,0.08821659628301859,2,1046,
7,27300,S3,0.07868906296789646,2,1009,
7,27300,S5,0.22194938361644745,2,839,
7,27300,S6,0.09679194912314415,2,1124,
7,27300,S7,0.02691748458892107,2,1109,
7,27300,S8,0.2391408383846283,2,987,
7,27300,S9,0.05641112104058266,2,1038,
7,27600,S11,0.8864032030105591,2,1064,
7,27600,S13,0.20559316873550415,2,1019,
7,27600,S15,0.16610237956047058,2,1088,
7,27600,S16,0.009748408105224371,2,1048,
7,27600,S3,0.11036227643489838,2,1013,
7,27600,S5,0.25460122153162956,2,853,
7,27600,S6,0.12013236433267593,2,1134,
7,27600,S7,0.05227083619683981,2,1111,
7,27600,S8,0.12459425628185272,2,995,
7,27600,S9,0.019837061874568462,2,1042,
7,27900,S11,0.1352418288588524,2,1081,
7,27900,S13,0.12476733326911926,2,1029,
7,27900,S15,0.16175813600420952,2,1104,
7,27900,S16,0.005012710113078356,2,1050,
7,27900,S3,0.11256266944110394,2,1015,
7,27900,S5,0.08664238266646862,2,855,
7,27900,S6,0.10478314757347107,2,1138,
7,27900,S7,0.06559606082737446,2,1113,
7,27900,S8,0.21118945628404617,2,999,
7,27900,S9,0.04588403319939971,2,1044,
7,28200,S11,0.20153659582138062,2,1093,
7,28200,S13,0.15469418466091156,2,1046,
7,28200,S15,0.20544033125042915,2,1120,
7,28200,S16,0.007237628102302551,2,1064,
7,28200,S3,0.09595291689038277,2,1026,
7,28200,S5,0.11689508706331253,2,868,
7,28200,S6,0.1317656934261322,2,1140,
7,28200,S7,0.038622794672846794,2,1116,
7,28200,S8,0.07845957949757576,2,1012,
7,28200,S9,0.020634670741856098,2,1047,
7,28500,S11,0.2205633707344532,2,1104,
7,28500,S13,0.13912693411111832,2,1063,
7,28500,S15,0.2159886136651039,2,1137,
7,28500,S16,0.014635130995884538,2,1080,
7,28500,S3,0.08173535391688347,2,1043,
7,28500,S5,0.11954107135534286,2,885,
7,28500,S6,0.11701414734125137,2,1154,
7,28500,S7,0.019447969272732735,2,1118,
7,28500,S8,0.2519528344273567,2,1015,
7,28500,S9,0.02787524089217186,2,1058,
7,28800,S11,0.44486410915851593,2,1111,
7,28800,S13,0.11186749115586281,2,1080,
7,28800,S15,0.19259069859981537,2,1147,
7,28800,S16,0.009202281013131142,2,1093,
7,28800,S3,0.08611657470464706,2,1053,
7,28800,S5,0.10368293151259422,2,898,
7,28800,S6,0.12223874032497406,2,1162,
7,28800,S7,0.031077084597200155,2,1131,
7,28800,S8,0.21493518352508545,2,1024,
7,28800,S9,0.02475529396906495,2,1072,
7,29100,S11,0.10344599932432175,2,1126,
7,29100,S13,0.16807670146226883,2,1095,
7,29100,S15,0.21224980056285858,2,1149,
7,29100,S16,0.00990857183933258,2,1108,
7,29100,S3,0.06489703338593245,2,1057,
7,29100,S5,0.07322980836033821,2,905,
7,29100,S6,0.11271324008703232,2,1170,
7,29100,S7,0.05049171485006809,2,1139,
7,29100,S8,0.15378660708665848,2,1034,
7,29100,S9,0.010475949849933386,2,1085,
7,29400,S11,0.1593080386519432,2,1141,
7,29400,S13,0.2780144214630127,2,1102,
7,29400,S15,0.17503201588988304,2,1159,
7,29400,S16,0.0040382667211815715,2,1124,
7,29400,S3,0.07239373028278351,2,1065,
7,29400,S5,0.08263171277940273,2,916,
7,29400,S6,0.18047747761011124,2,1184,
7,29400,S7,0.042544418945908546,2,1151,
7,29400,S8,0.16297820582985878,2,1047,
7,29400,S9,0.017048644833266735,2,1093,
7,29700,S11,0.3069015294313431,2,1147,
7,29700,S13,0.22438979148864746,2,1119,
7,29700,S15,0.23157591372728348,2,1161,
7,29700,S16,0.014300426002591848,2,1136,
7,29700,S3,0.15308110415935516,2,1071,
7,29700,S5,0.039250390604138374,2,926,
7,29700,S6,0.13577621802687645,2,1194,
7,29700,S7,0.03267406206578016,2,1168,
7,29700,S8,0.1444938573986292,2,1064,
7,29700,S9,0.01165017206221819,2,1110,
7,30000,S11,0.09036277234554291,2,1158,
7,30000,S13,0.34406546130776405,2,1136,
7,30000,S15,0.2470189481973648,2,1169,
7,30000,S16,0.013233172707259655,2,1146,
7,30000,S3,0.16139108687639236,2,1080,
7,30000,S5,0.1487467996776104,2,943,
7,30000,S6,0.09882965311408043,2,1211,
7,30000,S7,0.03888194169849157,2,1185,
7,30000,S8,0.16967616975307465,2,1077,
7,30000,S9,0.013703142292797565,2,1121,
7,30300,S11,0.1627129465341568,2,1162,
7,30300,S13,0.10327882319688797,2,1153,
7,30300,S15,0.15976620838046074,2,1180,
7,30300,S16,0.016994900070130825,2,1162,
7,30300,S3,0.0722823292016983,2,1092,
7,30300,S5,0.05012950859963894,2,959,
7,30300,S6,0.10394662618637085,2,1228,
7,30300,S7,0.023530954495072365,2,1194,
7,30300,S8,0.09164870716631413,2,1088,
7,30300,S9,0.11730198841542006,2,1125,
7,30600,S11,0.7995423376560211,2,1179,
7,30600,S13,0.11973797902464867,2,1170,
7,30600,S15,0.23523490875959396,2,1182,
7,30600,S16,0.010416076984256506,2,1174,
7,30600,S3,0.09349358826875687,2,1102,
7,30600,S5,0.029444091022014618,2,963,
7,30600,S6,0.06660909950733185,2,1245,
7,30600,S7,0.02115726936608553,2,1204,
7,30600,S8,0.197624072432518,2,1090,
7,30600,S9,0.028782885521650314,2,1142,
7,30900,S11,0.5070240646600723,2,1196,
7,30900,S13,0.049252402037382126,2,1184,
7,30900,S15,0.3212965726852417,2,1191,
7,30900,S16,0.006243733922019601,2,1187,
7,30900,S3,0.14323948323726654,2,1119,
7,30900,S5,0.20704242680221796,2,972,
7,30900,S6,0.13254807889461517,2,1259,
7,30900,S7,0.0360136441886425,2,1218,
7,30900,S8,0.06543273478746414,2,1104,
7,30900,S9,0.009639278054237366,2,1159,
7,31200,S11,0.2078893631696701,2,1213,
7,31200,S13,0.10737020894885063,2,1195,
7,31200,S15,0.20394426584243774,2,1208,
7,31200,S16,0.008004400413483381,2,1204,
7,31200,S3,0.11885537207126617,2,1123,
7,31200,S5,0.03645365498960018,2,989,
7,31200,S6,0.2394227534532547,2,1272,
7,31200,S7,0.021521565038710833,2,1223,
7,31200,S8,0.15024621039628983,2,1121,
7,31200,S9,0.004515256499871612,2,1176,
7,31500,S11,0.09085353836417198,2,1230,
7,31500,S13,0.17608493566513062,2,1205,
7,31500,S15,0.2635784149169922,2,1215,
7,31500,S16,0.010644700145348907,2,1216,
7,31500,S3,0.059052849654108286,2,1139,
7,31500,S5,0.5149885341525078,2,1006,
7,31500,S6,0.08049388229846954,2,1279,
7,31500,S7,0.18135986104607582,2,1228,
7,31500,S8,0.052865659818053246,2,1128,
7,31500,S9,0.007373815169557929,2,1192,
7,31800,S11,0.07943834736943245,2,1237,
7,31800,S13,0.13605016469955444,2,1219,
7,31800,S15,0.23465114831924438,2,1232,
7,31800,S16,0.02739608660340309,2,1233,
7,31800,S3,0.08431373350322247,2,1153,
7,31800,S5,0.09439210407435894,2,1017,
7,31800,S6,0.09862754307687283,2,1285,
7,31800,S7,0.04528550058603287,2,1240,
7,31800,S8,0.09242428466677666,2,1136,
7,31800,S9,0.01595323672518134,2,1194,
7,32100,S11,0.1006321869790554,2,1246,
7,32100,S13,0.10552778840065002,2,1233,
7,32100,S15,0.16635386645793915,2,1243,
7,32100,S16,0.023033589124679565,2,1250,
7,32100,S3,0.06281799636781216,2,1160,
7,32100,S5,0.316840210929513,2,1027,
7,32100,S6,0.10117340460419655,2,1302,
7,32100,S7,0.04048203304409981,2,1257,
7,32100,S8,0.08288207277655602,2,1147,
7,32100,S9,0.034411117900162935,2,1205,
7,32400,S11,0.09136097878217697,2,1250,
7,32400,S13,0.10096259787678719,2,1242,
7,32400,S15,0.18613450974225998,2,1260,
7,32400,S16,0.022661389433778822,2,1267,
7,32400,S3,0.12843728065490723,2,1165,
7,32400,S5,0.041136251762509346,2,1039,
7,32400,S6,0.09447965770959854,2,1319,
7,32400,S7,0.0347860106267035,2,1274,
7,32400,S8,0.06833232194185257,2,1151,
7,32400,S9,0.02015093481168151,2,1210,
7,32700,S11,0.10511096939444542,2,1258,
7,32700,S13,0.07043563947081566,2,1259,
7,32700,S15,0.15492013096809387,2,1272,
7,32700,S16,0.003894506604410708,2,1279,
7,32700,S3,0.04712246358394623,2,1171,
7,32700,S5,0.027000820264220238,2,1047,
7,32700,S6,0.3126715421676636,2,1334,
7,32700,S7,0.009700522758066654,2,1291,
7,32700,S8,0.08162366971373558,2,1162,
7,32700,S9,0.012422047555446625,2,1225,
7,33000,S11,0.15515626966953278,2,1274,
7,33000,S13,0.11107603460550308,2,1264,
7,33000,S15,0.1266675963997841,2,1278,
7,33000,S16,0.006249849917367101,2,1291,
7,33000,S3,0.052620455622673035,2,1177,
7,33000,S5,0.048313021659851074,2,1051,
7,33000,S6,0.13117867708206177,2,1340,
7,33000,S7,0.00971735455095768,2,1303,
7,33000,S8,0.16191977262496948,2,1178,
7,33000,S9,0.02483721380122006,2,1238,
7,33300,S11,0.3676632195711136,2,1277,
7,33300,S13,0.06992842629551888,2,1272,
7,33300,S15,0.23739533126354218,2,1294,
7,33300,S16,0.01037350739352405,2,1300,
7,33300,S3,0.03476972971111536,2,1194,
7,33300,S5,0.06366714648902416,2,1058,
7,33300,S6,0.24833600968122482,2,1343,
7,33300,S7,0.034473360516130924,2,1319,
7,33300,S8,0.18028067238628864,2,1191,
7,33300,S9,0.01803615316748619,2,1254,
7,33600,S11,0.18653999641537666,2,1287,
7,33600,S13,0.1088222786784172,2,1285,
7,33600,S15,0.204568013548851,2,1305,
7,33600,S16,0.0493097344879061,2,1309,
7,33600,S3,0.056687742471694946,2,1205,
7,33600,S5,0.04359105043113232,2,1060,
7,33600,S6,0.17155655845999718,2,1359,
7,33600,S7,0.061025314033031464,2,1333,
7,33600,S8,0.050510263070464134,2,1207,
7,33600,S9,0.019674901850521564,2,1264,
7,33900,S11,0.1434510014951229,2,1289,
7,33900,S13,0.12543350830674171,2,1298,
7,33900,S15,0.19495397061109543,2,1307,
7,33900,S16,0.02271224558353424,2,1321,
7,33900,S3,0.1002773717045784,2,1209,
7,33900,S5,0.028893617913126945,2,1073,
7,33900,S6,0.10667627304792404,2,1361,
7,33900,S7,0.022907466161996126,2,1339,
7,33900,S8,0.21218497306108475,2,1218,
7,33900,S9,0.014669775031507015,2,1276,
7,34200,S11,0.10831090807914734,2,1291,
7,34200,S13,0.10537106543779373,2,1301,
7,34200,S15,0.12513868138194084,2,1320,
7,34200,S16,0.013369631953537464,2,1333,
7,34200,S3,0.07076713442802429,2,1223,
7,34200,S5,0.026712150312960148,2,1076,
7,34200,S6,0.16435383260250092,2,1370,
7,34200,S7,0.10753629822283983,2,1347,
7,34200,S8,0.14193549565970898,2,1232,
7,34200,S9,0.008649272844195366,2,1278,
7,34500,S11,0.0377453425899148,2,1295,
7,34500,S13,0.11341133713722229,2,1309,
7,34500,S15,0.27663716301321983,2,1333,
7,34500,S16,0.01047172723338008,2,1336,
7,34500,S3,0.07033279165625572,2,1236,
7,34500,S5,0.06461047567427158,2,1089,
7,34500,S6,0.09401137381792068,2,1374,
7,34500,S7,0.03806996252387762,2,1349,
7,34500,S8,0.1931680366396904,2,1245,
7,34500,S9,0.007403432857245207,2,1280,
7,34800,S11,0.1649404764175415,2,1307,
7,34800,S13,0.08952890895307064,2,1325,
7,34800,S15,0.2483692690730095,2,1348,
7,34800,S16,0.007384472992271185,2,1344,
7,34800,S3,0.07679584808647633,2,1249,
7,34800,S5,0.10441375151276588,2,1104,
7,34800,S6,0.09523390233516693,2,1386,
7,34800,S7,0.013269301038235426,2,1353,
7,34800,S8,0.15634747967123985,2,1249,
7,34800,S9,0.04715538490563631,2,1293,
7,35100,S11,0.11222201213240623,2,1315,
7,35100,S13,0.2370663732290268,2,1327,
7,35100,S15,0.24166879802942276,2,1361,
7,35100,S16,0.004079113365150988,2,1360,
7,35100,S3,0.030830802395939827,2,1262,
7,35100,S5,0.15494219213724136,2,1118,
7,35100,S6,0.06759117729961872,2,1403,
7,35100,S7,0.02928451169282198,2,1370,
7,35100,S8,0.20846954360604286,2,1261,
7,35100,S9,0.057491837069392204,2,1310,
7,35400,S11,0.39758703485131264,2,1332,
7,35400,S13,0.12714077904820442,2,1329,
7,35400,S15,0.42301803827285767,2,1378,
7,35400,S16,0.00905620597768575,2,1367,
7,35400,S3,0.11098042130470276,2,1272,
7,35400,S5,0.034886687994003296,2,1125,
7,35400,S6,0.07910216599702835,2,1420,
7,35400,S7,0.0190625861287117,2,1387,
7,35400,S8,0.15111622959375381,2,1264,
7,35400,S9,0.005985432304441929,2,1327,
7,35700,S11,0.38763854280114174,2,1349,
7,35700,S13,0.07492923736572266,2,1345,
7,35700,S15,0.29437367618083954,2,1395,
7,35700,S16,0.011184318456798792,2,1384,
7,35700,S3,0.2699022926390171,2,1279,
7,35700,S5,0.033200645819306374,2,1140,
7,35700,S6,0.051624931395053864,2,1423,
7,35700,S7,0.015854984521865845,2,1396,
7,35700,S8,0.24594725668430328,2,1279,
7,35700,S9,0.008404513355344534,2,1329,
7,36000,S11,0.26760852336883545,2,1364,
7,36000,S13,0.6685895919799805,2,1362,
7,36000,S15,0.14630696550011635,2,1402,
7,36000,S16,0.017550034914165735,2,1400,
7,36000,S3,0.08409001119434834,2,1295,
7,36000,S5,0.03729113191366196,2,1157,
7,36000,S6,0.0646626241505146,2,1433,
7,36000,S7,0.02087689796462655,2,1410,
7,36000,S8,0.29833291471004486,2,1290,
7,36000,S9,0.01118785236030817,2,1344,
7,36300,S11,0.13427180796861649,2,1381,
7,36300,S13,0.08429154008626938,2,1379,
7,36300,S15,0.1572979800403118,2,1414,
7,36300,S16,0.01031074847560376,2,1417,
7,36300,S3,0.08532470092177391,2,1308,
7,36300,S5,0.45665809512138367,2,1174,
7,36300,S6,0.045590790919959545,2,1450,
7,36300,S7,0.04273239150643349,2,1416,
7,36300,S8,0.06645986065268517,2,1300,
7,36300,S9,0.005134916165843606,2,1360,
7,36600,S11,0.18693827837705612,2,1398,
7,36600,S13,0.06623220816254616,2,1384,
7,36600,S15,0.22483012080192566,2,1427,
7,36600,S16,0.0038575856015086174,2,1431,
7,36600,S3,0.14845950156450272,2,1314,
7,36600,S5,0.06405276525765657,2,1191,
7,36600,S6,0.06370523944497108,2,1467,
7,36600,S7,0.034578587394207716,2,1425,
7,36600,S8,0.15577608719468117,2,1309,
7,36600,S9,0.04479972645640373,2,1366,
7,36900,S11,0.10151572898030281,2,1407,
7,36900,S13,0.0909251868724823,2,1400,
7,36900,S15,0.2002314291894436,2,1441,
7,36900,S16,0.011458395048975945,2,1439,
7,36900,S3,0.31210895627737045,2,1331,
7,36900,S5,0.24065053276717663,2,1208,
7,36900,S6,0.07763287983834743,2,1484,
7,36900,S7,0.017761363182216883,2,1438,
7,36900,S8,0.18322567269206047,2,1325,
7,36900,S9,0.004886818351224065,2,1382,
7,37200,S11,0.05120357125997543,2,1415,
7,37200,S13,0.24947786703705788,2,1417,
7,37200,S15,0.31371592730283737,2,1453,
7,37200,S16,0.0031406423076987267,2,1454,
7,37200,S3,0.9461540281772614,2,1348,
7,37200,S5,0.054887790232896805,2,1224,
7,37200,S6,0.09079049527645111,2,1488,
7,37200,S7,0.12084820866584778,2,1452,
7,37200,S8,0.13373703602701426,2,1333,
7,37200,S9,0.006711334455758333,2,1391,
7,37500,S11,0.07639581523835659,2,1430,
7,37500,S13,0.25599998235702515,2,1430,
7,37500,S15,0.210517019033432,2,1468,
7,37500,S16,0.0066573621006682515,2,1462,
7,37500,S3,0.10029827803373337,2,1362,
7,37500,S5,0.0991087555885315,2,1226,
7,37500,S6,0.07397622801363468,2,1497,
7,37500,S7,0.38960015028715134,2,1469,
7,37500,S8,0.167678602039814,2,1340,
7,37500,S9,0.0036308724666014314,2,1393,
7,37800,S11,0.07202158123254776,2,1447,
7,37800,S13,0.09528086706995964,2,1447,
7,37800,S15,0.10607552900910378,2,1485,
7,37800,S16,0.00478282367112115,2,1472,
7,37800,S3,0.08697494864463806,2,1379,
7,37800,S5,0.04139097221195698,2,1238,
7,37800,S6,0.10920804366469383,2,1514,
7,37800,S7,0.026998091489076614,2,1486,
7,37800,S8,0.09728645533323288,2,1342,
7,37800,S9,0.01335183996707201,2,1408,
7,38100,S11,0.9642193466424942,2,1464,
7,38100,S13,0.17910341173410416,2,1464,
7,38100,S15,0.20702222734689713,2,1494,
7,38100,S16,0.022342829033732414,2,1474,
7,38100,S3,0.049065126106143,2,1386,
7,38100,S5,0.06648275628685951,2,1243,
7,38100,S6,0.07878690026700497,2,1527,
7,38100,S7,0.033069980796426535,2,1497,
7,38100,S8,0.06693486124277115,2,1346,
7,38100,S9,0.00511717633344233,2,1421,
7,38400,S11,0.4981018556281924,2,1480,
7,38400,S13,0.057960039004683495,2,1481,
7,38400,S15,0.15837418660521507,2,1511,
7,38400,S16,0.003496839548461139,2,1480,
7,38400,S3,0.0507337860763073,2,1388,
7,38400,S5,0.0311460355296731,2,1253,
7,38400,S6,0.13792267441749573,2,1544,
7,38400,S7,0.012727790512144566,2,1508,
7,38400,S8,0.2028358019888401,2,1360,
7,38400,S9,0.007756239036098123,2,1438,
7,38700,S11,0.06060773599892855,2,1487,
7,38700,S13,0.14685740694403648,2,1498,
7,38700,S15,0.1622096598148346,2,1524,
7,38700,S16,0.00813892763108015,2,1485,
7,38700,S3,0.028732425533235073,2,1397,
7,38700,S5,0.03192397579550743,2,1262,
7,38700,S6,0.06161845661699772,2,1559,
7,38700,S7,0.012707180343568325,2,1515,
7,38700,S8,0.05529078096151352,2,1377,
7,38700,S9,0.0067856761161237955,2,1442,
7,39000,S11,0.05179884098470211,2,1491,
7,39000,S13,0.08091623149812222,2,1514,
7,39000,S15,0.33739545196294785,2,1527,
7,39000,S16,0.012393523938953876,2,1489,
7,39000,S3,0.1451309584081173,2,1408,
7,39000,S5,0.06203894317150116,2,1272,
7,39000,S6,0.040161680430173874,2,1564,
7,39000,S7,0.031168186105787754,2,1520,
7,39000,S8,0.41216227412223816,2,1388,
7,39000,S9,0.008878125692717731,2,1444,
7,39300,S11,0.0806485190987587,2,1498,
7,39300,S13,0.1823737546801567,2,1517,
7,39300,S15,0.45469342172145844,2,1543,
7,39300,S16,0.01726718875579536,2,1498,
7,39300,S3,0.06502573937177658,2,1410,
7,39300,S5,0.15370289329439402,2,1274,
7,39300,S6,0.06828613579273224,2,1581,
7,39300,S7,0.013927891850471497,2,1532,
7,39300,S8,0.15526513755321503,2,1401,
7,39300,S9,0.014235055074095726,2,1446,
7,39600,S11,0.6174144744873047,2,1509,
7,39600,S13,0.1492338851094246,2,1532,
7,39600,S15,0.14154505729675293,2,1558,
7,39600,S16,0.008595899911597371,2,1511,
7,39600,S3,0.08842248097062111,2,1412,
7,39600,S5,0.04317381978034973,2,1285,
7,39600,S6,0.0637246947735548,2,1593,
7,39600,S7,0.014263753313571215,2,1545,
7,39600,S8,0.065201785415411,2,1416,
7,39600,S9,0.003869218984618783,2,1448,
7,39900,S11,0.4106479026377201,2,1521,
7,39900,S13,0.14322315901517868,2,1546,
7,39900,S15,0.12142035737633705,2,1571,
7,39900,S16,0.01790682040154934,2,1524,
7,39900,S3,0.07264715619385242,2,1414,
7,39900,S5,0.054735349491238594,2,1300,
7,39900,S6,0.05781068652868271,2,1595,
7,39900,S7,0.021046731621026993,2,1549,
7,39900,S8,0.12187767215073109,2,1420,
7,39900,S9,0.02543729916214943,2,1450,
7,40200,S11,0.09206616878509521,2,1527,
7,40200,S13,0.14078826270997524,2,1563,
7,40200,S15,0.16022661328315735,2,1581,
7,40200,S16,0.011158830253407359,2,1541,
7,40200,S3,0.06660513207316399,2,1424,
7,40200,S5,0.043558524921536446,2,1317,
7,40200,S6,0.07193648442626,2,1597,
7,40200,S7,0.028854407370090485,2,1551,
7,40200,S8,0.07367096282541752,2,1433,
7,40200,S9,0.012705910485237837,2,1460,
7,40500,S11,0.03672695532441139,2,1535,
7,40500,S13,0.15801428258419037,2,1580,
7,40500,S15,0.0858767107129097,2,1586,
7,40500,S16,0.0033722262596711516,2,1549,
7,40500,S3,0.021712977439165115,2,1441,
7,40500,S5,0.019980438984930515,2,1331,
7,40500,S6,0.1007489487528801,2,1599,
7,40500,S7,0.04845097381621599,2,1557,
7,40500,S8,0.11601600795984268,2,1450,
7,40500,S9,0.021464400924742222,2,1473,
7,40800,S11,0.05171729996800423,2,1551,
7,40800,S13,0.0821809358894825,2,1589,
7,40800,S15,0.15139082819223404,2,1597,
7,40800,S16,0.0063898463267832994,2,1565,
7,40800,S3,0.05537078343331814,2,1458,
7,40800,S5,0.032540914602577686,2,1335,
7,40800,S6,0.06879037246108055,2,1613,
7,40800,S7,0.03092939220368862,2,1574,
7,40800,S8,0.057349588721990585,2,1467,
7,40800,S9,0.009657940827310085,2,1487,
7,41100,S11,0.7215665504336357,2,1568,
7,41100,S13,0.05804764665663242,2,1591,
7,41100,S15,0.14970935881137848,2,1607,
7,41100,S16,0.006134847179055214,2,1582,
7,41100,S3,0.03772455547004938,2,1472,
7,41100,S5,0.07106610387563705,2,1338,
7,41100,S6,0.11724105477333069,2,1629,
7,41100,S7,0.01212576893158257,2,1590,
7,41100,S8,0.06350925751030445,2,1470,
7,41100,S9,0.013638129457831383,2,1504,
7,41400,S11,1.289345920085907,2,1585,
7,41400,S13,0.04916227236390114,2,1608,
7,41400,S15,0.2298726588487625,2,1613,
7,41400,S16,0.002865572343580425,2,1599,
7,41400,S3,0.030552369076758623,2,1487,
7,41400,S5,0.07233366835862398,2,1349,
7,41400,S6,0.10641523078083992,2,1646,
7,41400,S7,0.2261665565893054,2,1600,
7,41400,S8,0.04111100360751152,2,1479,
7,41400,S9,0.008641255553811789,2,1519,
7,41700,S11,0.04546178597956896,2,1591,
7,41700,S13,0.0515655018389225,2,1612,
7,41700,S15,0.15931004285812378,2,1621,
7,41700,S16,0.0055987893138080835,2,1616,
7,41700,S3,0.057397497817873955,2,1504,
7,41700,S5,0.08551135566085577,2,1353,
7,41700,S6,0.08202173560857773,2,1663,
7,41700,S7,0.011332808993756771,2,1617,
7,41700,S8,0.06382042169570923,2,1487,
7,41700,S9,0.06847983691841364,2,1523,
7,42000,S11,0.6301338104531169,2,1597,
7,42000,S13,0.07949017640203238,2,1614,
7,42000,S15,0.2281172275543213,2,1631,
7,42000,S16,0.007961443741805851,2,1631,
7,42000,S3,0.1170988641679287,2,1518,
7,42000,S5,0.06815261393785477,2,1365,
7,42000,S6,0.02135017327964306,2,1675,
7,42000,S7,0.020464100874960423,2,1632,
7,42000,S8,0.11723310127854347,2,1498,
7,42000,S9,0.024098603054881096,2,1540,
7,42300,S11,0.06347580626606941,2,1606,
7,42300,S13,0.3829505890607834,2,1616,
7,42300,S15,0.15204240754246712,2,1646,
7,42300,S16,0.004306063987314701,2,1648,
7,42300,S3,0.043248500674963,2,1520,
7,42300,S5,0.05375497508794069,2,1380,
7,42300,S6,0.12686029821634293,2,1677,
7,42300,S7,0.03514333674684167,2,1635,
7,42300,S8,0.10844756104052067,2,1506,
7,42300,S9,0.00759301264770329,2,1548,
7,42600,S11,0.11676923558115959,2,1608,
7,42600,S13,0.17558712884783745,2,1624,
7,42600,S15,0.22875114530324936,2,1661,
7,42600,S16,0.004208456026390195,2,1659,
7,42600,S3,0.10160428285598755,2,1528,
7,42600,S5,0.03734389692544937,2,1387,
7,42600,S6,0.09316257946193218,2,1690,
7,42600,S7,0.08644069917500019,2,1637,
7,42600,S8,0.06658019125461578,2,1508,
7,42600,S9,0.008538303431123495,2,1559,
7,42900,S11,0.061549026519060135,2,1610,
7,42900,S13,0.06992775388062,2,1627,
7,42900,S15,0.22561201453208923,2,1678,
7,42900,S16,0.004885957692749798,2,1668,
7,42900,S3,0.07017067819833755,2,1545,
7,42900,S5,0.03083733469247818,2,1389,
7,42900,S6,0.028426754288375378,2,1705,
7,42900,S7,0.14761584997177124,2,1646,
7,42900,S8,0.12498154491186142,2,1514,
7,42900,S9,0.020046149380505085,2,1575,
7,43200,S11,0.9630508422851562,2,1621,
7,43200,S13,0.05367804877460003,2,1634,
7,43200,S15,0.14257250726222992,2,1689,
7,43200,S16,0.012589872581884265,2,1685,
7,43200,S3,0.016718715894967318,2,1562,
7,43200,S5,0.017471013590693474,2,1401,
7,43200,S6,0.04967025853693485,2,1713,
7,43200,S7,0.0346605135127902,2,1663,
7,43200,S8,0.18864886462688446,2,1531,
7,43200,S9,0.012097956147044897,2,1587,
7,43500,S11,0.03546749101951718,2,1638,
7,43500,S13,0.03820222429931164,2,1637,
7,43500,S15,0.19149909913539886,2,1691,
7,43500,S16,0.013111248146742582,2,1695,
7,43500,S3,0.04258298221975565,2,1576,
7,43500,S5,0.050088901072740555,2,1416,
7,43500,S6,0.029312971979379654,2,1719,
7,43500,S7,0.029646082315593958,2,1676,
7,43500,S8,0.05952600948512554,2,1539,
7,43500,S9,0.009252951480448246,2,1604,
7,43800,S11,0.0962156355381012,2,1655,
7,43800,S13,0.09645213559269905,2,1653,
7,43800,S15,0.1736324056982994,2,1707,
7,43800,S16,0.005061050411313772,2,1697,
7,43800,S3,0.01894928328692913,2,1592,
7,43800,S5,0.07421524077653885,2,1433,
7,43800,S6,0.0682149101048708,2,1729,
7,43800,S7,0.03837020695209503,2,1684,
7,43800,S8,0.17632713913917542,2,1551,
7,43800,S9,0.005376445595175028,2,1618,
7,44100,S11,0.06626913323998451,2,1671,
7,44100,S13,0.09048039838671684,2,1670,
7,44100,S15,0.18663612008094788,2,1718,
7,44100,S16,0.009414566738996655,2,1700,
7,44100,S3,0.028127587400376797,2,1601,
7,44100,S5,0.014692616183310747,2,1443,
7,44100,S6,0.08384938538074493,2,1735,
7,44100,S7,0.010505391983315349,2,1686,
7,44100,S8,0.03398166038095951,2,1560,
7,44100,S9,0.010423481231555343,2,1622,
7,44400,S11,0.2788317874073982,2,1684,
7,44400,S13,0.06079002283513546,2,1672,
7,44400,S15,0.13939867168664932,2,1727,
7,44400,S16,0.014502236153930426,2,1710,
7,44400,S3,0.021925540640950203,2,1605,
7,44400,S5,0.015739863738417625,2,1459,
7,44400,S6,0.02034131810069084,2,1750,
7,44400,S7,0.03449922427535057,2,1699,
7,44400,S8,0.10166710615158081,2,1573,
7,44400,S9,0.013000190258026123,2,1624,
7,44700,S11,0.39890308771282434,2,1689,
7,44700,S13,0.04941651225090027,2,1679,
7,44700,S15,0.17569003999233246,2,1729,
7,44700,S16,0.0022373717511072755,2,1722,
7,44700,S3,0.026762016117572784,2,1614,
7,44700,S5,0.11948620900511742,2,1470,
7,44700,S6,0.04501823615282774,2,1760,
7,44700,S7,0.012274157721549273,2,1711,
7,44700,S8,0.09722104668617249,2,1586,
7,44700,S9,0.04918568581342697,2,1636,
7,45000,S11,0.07205864228308201,2,1698,
7,45000,S13,0.05252623185515404,2,1685,
7,45000,S15,0.0733642466366291,2,1731,
7,45000,S16,0.0037729706964455545,2,1729,
7,45000,S3,0.26922040432691574,2,1624,
7,45000,S5,0.018020399380475283,2,1482,
7,45000,S6,0.056963810697197914,2,1767,
7,45000,S7,0.030196908861398697,2,1716,
7,45000,S8,0.13276603817939758,2,1596,
7,45000,S9,0.011655042879283428,2,1653,
7,45300,S11,0.06555958651006222,2,1703,
7,45300,S13,0.14822563529014587,2,1702,
7,45300,S15,0.11869648844003677,2,1741,
7,45300,S16,0.001716552855214104,2,1736,
7,45300,S3,0.09050293918699026,2,1626,
7,45300,S5,0.015296170255169272,2,1499,
7,45300,S6,0.10635552136227489,2,1772,
7,45300,S7,0.06816239142790437,2,1733,
7,45300,S8,0.031876012682914734,2,1598,
7,45300,S9,0.04208078794181347,2,1670,
7,45600,S11,0.06580343469977379,2,1719,
7,45600,S13,0.09153857827186584,2,1719,
7,45600,S15,0.1414993740618229,2,1757,
7,45600,S16,0.005753818899393082,2,1753,
7,45600,S3,0.1183154433965683,2,1628,
7,45600,S5,0.05588627699762583,2,1516,
7,45600,S6,0.04800286516547203,2,1781,
7,45600,S7,0.016105827875435352,2,1746,
7,45600,S8,0.08874940499663353,2,1613,
7,45600,S9,0.014885536162182689,2,1687,
7,45900,S11,0.18547526746988297,2,1736,
7,45900,S13,0.04055570811033249,2,1736,
7,45900,S15,0.18188803642988205,2,1774,
7,45900,S16,0.010853830026462674,2,1760,
7,45900,S3,0.10604061698541045,2,1630,
7,45900,S5,0.017886393703520298,2,1533,
7,45900,S6,0.06648082472383976,2,1798,
7,45900,S7,0.008335488382726908,2,1748,
7,45900,S8,0.1050324235111475,2,1617,
7,45900,S9,0.005576532450504601,2,1701,
7,46200,S11,0.9227537512779236,2,1749,
7,46200,S13,0.08027303218841553,2,1753,
7,46200,S15,0.1864217221736908,2,1781,
7,46200,S16,0.004331756965257227,2,1766,
7,46200,S3,0.07534175924956799,2,1632,
7,46200,S5,0.023502685129642487,2,1541,
7,46200,S6,0.026277754455804825,2,1806,
7,46200,S7,0.025259862653911114,2,1755,
7,46200,S8,0.04860944300889969,2,1619,
7,46200,S9,0.005393548519350588,2,1713,
7,46500,S11,0.02249831333756447,2,1766,
7,46500,S13,0.04682556167244911,2,1761,
7,46500,S15,0.47572581470012665,2,1795,
7,46500,S16,0.10024968162178993,2,1771,
7,46500,S3,0.06863104924559593,2,1634,
7,46500,S5,0.011004445608705282,2,1546,
7,46500,S6,0.02158588171005249,2,1814,
7,46500,S7,0.024824843741953373,2,1772,
7,46500,S8,0.09708884358406067,2,1628,
7,46500,S9,0.003455281723290682,2,1719,
7,46800,S11,0.032663507387042046,2,1783,
7,46800,S13,0.20419958978891373,2,1774,
7,46800,S15,0.283962145447731,2,1812,
7,46800,S16,0.015567953349091113,2,1787,
7,46800,S3,0.03943345136940479,2,1641,
7,46800,S5,0.06238626502454281,2,1555,
7,46800,S6,0.07272060215473175,2,1822,
7,46800,S7,0.016293956898152828,2,1789,
7,46800,S8,0.08178283832967281,2,1638,
7,46800,S9,0.007345305057242513,2,1726,
7,47100,S11,0.13858158886432648,2,1793,
7,47100,S13,0.09762211889028549,2,1791,
7,47100,S15,0.2491152286529541,2,1822,
7,47100,S16,0.0031725657172501087,2,1804,
7,47100,S3,0.021450748667120934,2,1658,
7,47100,S5,0.028995011933147907,2,1559,
7,47100,S6,0.031840541400015354,2,1830,
7,47100,S7,0.012642959598451853,2,1798,
7,47100,S8,0.08026884123682976,2,1655,
7,47100,S9,0.007568938075564802,2,1735,
7,47400,S11,0.04322302155196667,2,1795,
7,47400,S13,0.14268575608730316,2,1808,
7,47400,S15,0.20593678206205368,2,1835,
7,47400,S16,0.003706407267600298,2,1821,
7,47400,S3,0.022288118489086628,2,1667,
7,47400,S5,0.01644264440983534,2,1567,
7,47400,S6,0.06548135913908482,2,1847,
7,47400,S7,0.031046001706272364,2,1812,
7,47400,S8,0.10659279301762581,2,1663,
7,47400,S9,0.027525663375854492,2,1751,
7,47700,S11,0.6901169829070568,2,1797,
7,47700,S13,0.18067657947540283,2,1813,
7,47700,S15,0.15303229168057442,2,1837,
7,47700,S16,0.002667086897417903,2,1835,
7,47700,S3,0.03296587057411671,2,1671,
7,47700,S5,0.20163300586864352,2,1571,
7,47700,S6,0.05807519890367985,2,1857,
7,47700,S7,0.027116058161482215,2,1821,
7,47700,S8,0.049045879393815994,2,1666,
7,47700,S9,0.004267179261660203,2,1757,
7,48000,S11,0.12470050156116486,2,1803,
7,48000,S13,0.07644487172365189,2,1822,
7,48000,S15,0.1444292813539505,2,1839,
7,48000,S16,0.006039128638803959,2,1843,
7,48000,S3,0.05603771284222603,2,1679,
7,48000,S5,0.021799733862280846,2,1587,
7,48000,S6,0.08102731965482235,2,1874,
7,48000,S7,0.06366322538815439,2,1838,
7,48000,S8,0.08496072143316269,2,1676,
7,48000,S9,0.014955565333366394,2,1774,
7,48300,S11,0.41575127094984055,2,1816,
7,48300,S13,0.06062785163521767,2,1839,
7,48300,S15,0.20596345514059067,2,1841,
7,48300,S16,0.004793095286004245,2,1859,
7,48300,S3,0.015483419876545668,2,1696,
7,48300,S5,0.06617750506848097,2,1603,
7,48300,S6,0.06746404664590955,2,1891,
7,48300,S7,0.010732447728514671,2,1855,
7,48300,S8,0.13017946481704712,2,1692,
7,48300,S9,0.004362515755929053,2,1791,
7,48600,S11,0.040289256721735,2,1831,
7,48600,S13,0.060441307723522186,2,1856,
7,48600,S15,0.08696669712662697,2,1858,
7,48600,S16,0.004475343972444534,2,1866,
7,48600,S3,0.0306894201785326,2,1711,
7,48600,S5,0.036106035113334656,2,1613,
7,48600,S6,0.09225840494036674,2,1908,
7,48600,S7,0.011162091046571732,2,1866,
7,48600,S8,0.0819288082420826,2,1707,
7,48600,S9,0.004338689788710326,2,1808,
7,48900,S11,0.9247114956378937,2,1833,
7,48900,S13,0.04604291170835495,2,1873,
7,48900,S15,0.1544010229408741,2,1871,
7,48900,S16,0.0012238555937074125,2,1877,
7,48900,S3,0.015535604674369097,2,1719,
7,48900,S5,0.03589797951281071,2,1630,
7,48900,S6,0.055718155577778816,2,1919,
7,48900,S7,0.015894941054284573,2,1875,
7,48900,S8,0.07580212131142616,2,1715,
7,48900,S9,0.022601875476539135,2,1813,
7,49200,S11,0.5557942166924477,2,1835,
7,49200,S13,0.03101217281073332,2,1890,
7,49200,S15,0.11251131072640419,2,1882,
7,49200,S16,0.003363295109011233,2,1886,
7,49200,S3,0.026947458274662495,2,1736,
7,49200,S5,0.12165683507919312,2,1647,
7,49200,S6,0.12293197214603424,2,1933,
7,49200,S7,0.019286378752440214,2,1891,
7,49200,S8,0.08719044178724289,2,1729,
7,49200,S9,0.011200384935364127,2,1827,
7,49500,S11,0.12052083015441895,2,1846,
7,49500,S13,0.07796307280659676,2,1907,
7,49500,S15,0.15467379242181778,2,1892,
7,49500,S16,0.0023337247548624873,2,1902,
7,49500,S3,0.03427895670756698,2,1753,
7,49500,S5,0.08630787627771497,2,1664,
7,49500,S6,0.062137264758348465,2,1941,
7,49500,S7,0.04673786927014589,2,1896,
7,49500,S8,0.04192803055047989,2,1743,
7,49500,S9,0.02068003173917532,2,1844,
7,49800,S11,0.05942515283823013,2,1863,
7,49800,S13,0.03891962859779596,2,1924,
7,49800,S15,0.19880615174770355,2,1896,
7,49800,S16,0.00771585269831121,2,1908,
7,49800,S3,0.02126444596797228,2,1768,
7,49800,S5,0.016280997544527054,2,1681,
7,49800,S6,0.030900840647518635,2,1951,
7,49800,S7,0.1445666174404323,2,1913,
7,49800,S8,0.0512031726539135,2,1760,
7,49800,S9,0.0033230528933927417,2,1854,
7,50100,S11,0.037749214097857475,2,1876,
7,50100,S13,0.12976375594735146,2,1941,
7,50100,S15,0.1252320483326912,2,1911,
7,50100,S16,0.0028878997545689344,2,1925,
7,50100,S3,0.017255338840186596,2,1773,
7,50100,S5,0.04816786013543606,2,1698,
7,50100,S6,0.05427633784711361,2,1968,
7,50100,S7,0.02988195652142167,2,1929,
7,50100,S8,0.024705556221306324,2,1775,
7,50100,S9,0.004313475219532847,2,1864,
7,50400,S11,0.03844810277223587,2,1887,
7,50400,S13,0.045797890052199364,2,1950,
7,50400,S15,0.1641516089439392,2,1927,
7,50400,S16,0.002934431191533804,2,1933,
7,50400,S3,0.020188619382679462,2,1790,
7,50400,S5,0.028146928176283836,2,1715,
7,50400,S6,0.06577225588262081,2,1985,
7,50400,S7,0.03777718544006348,2,1946,
7,50400,S8,0.036201116628944874,2,1782,
7,50400,S9,0.010446778032928705,2,1880,
7,50700,S11,0.060057589784264565,2,1895,
7,50700,S13,0.06316066905856133,2,1957,
7,50700,S15,0.167146235704422,2,1943,
7,50700,S16,0.0031852099345996976,2,1949,
7,50700,S3,0.024870242923498154,2,1798,
7,50700,S5,0.24285238236188889,2,1724,
7,50700,S6,0.06729285046458244,2,2002,
7,50700,S7,0.007167430594563484,2,1958,
7,50700,S8,0.10435127094388008,2,1788,
7,50700,S9,0.006118688150309026,2,1892,
7,51000,S11,0.39977027103304863,2,1909,
7,51000,S13,0.05104053020477295,2,1961,
7,51000,S15,0.2020428627729416,2,1960,
7,51000,S16,0.007907089893706143,2,1966,
7,51000,S3,0.020167524926364422,2,1801,
7,51000,S5,0.012010331032797694,2,1741,
7,51000,S6,0.08004962652921677,2,2019,
7,51000,S7,0.018556345254182816,2,1968,
7,51000,S8,0.05224154703319073,2,1801,
7,51000,S9,0.00898987427353859,2,1901,
7,51300,S11,1.1211385822389275,2,1920,
7,51300,S13,0.07570167258381844,2,1970,
7,51300,S15,0.14929434657096863,2,1977,
7,51300,S16,0.01226328470511362,2,1983,
7,51300,S3,0.03099334705621004,2,1812,
7,51300,S5,0.08105512987822294,2,1758,
7,51300,S6,0.0432125311344862,2,2036,
7,51300,S7,0.021269749850034714,2,1979,
7,51300,S8,0.0826984103769064,2,1818,
7,51300,S9,0.006784518365748227,2,1912,
7,51600,S11,0.8366306833922863,2,1936,
7,51600,S13,0.10225483030080795,2,1972,
7,51600,S15,0.18026450276374817,2,1994,
7,51600,S16,0.006309721153229475,2,1995,
7,51600,S3,0.023521179798990488,2,1828,
7,51600,S5,0.012024806113913655,2,1775,
7,51600,S6,0.03359035588800907,2,2047,
7,51600,S7,0.009177817031741142,2,1989,
7,51600,S8,0.03410132694989443,2,1835,
7,51600,S9,0.0040844237664714456,2,1919,
7,51900,S11,0.032440037466585636,2,1950,
7,51900,S13,0.04766145907342434,2,1985,
7,51900,S15,0.07716444320976734,2,2007,
7,51900,S16,0.001259641197975725,2,2000,
7,51900,S3,0.015391775639727712,2,1833,
7,51900,S5,0.036599887534976006,2,1786,
7,51900,S6,0.07518327608704567,2,2049,
7,51900,S7,0.005992254300508648,2,1995,
7,51900,S8,0.03269004728645086,2,1851,
7,51900,S9,0.02111929003149271,2,1921,
7,52200,S11,0.09540597163140774,2,1958,
7,52200,S13,0.03695710562169552,2,1987,
7,52200,S15,0.11420422792434692,2,2021,
7,52200,S16,0.014598069712519646,2,2013,
7,52200,S3,0.008191649336367846,2,1847,
7,52200,S5,0.03553728386759758,2,1796,
7,52200,S6,0.03284589760005474,2,2062,
7,52200,S7,0.00595119409263134,2,2006,
7,52200,S8,0.05483259912580252,2,1863,
7,52200,S9,0.006546124583110213,2,1933,
7,52500,S11,0.039539819583296776,2,1971,
7,52500,S13,0.06269589066505432,2,1996,
7,52500,S15,0.06657122448086739,2,2023,
7,52500,S16,0.004157251794822514,2,2020,
7,52500,S3,0.03137386217713356,2,1860,
7,52500,S5,0.16818230599164963,2,1800,
7,52500,S6,0.02394078578799963,2,2077,
7,52500,S7,0.005591902649030089,2,2023,
7,52500,S8,0.07300348579883575,2,1880,
7,52500,S9,0.00420909677632153,2,1950,
7,52800,S11,0.06639567203819752,2,1988,
7,52800,S13,0.052261343225836754,2,2009,
7,52800,S15,0.2564447596669197,2,2034,
7,52800,S16,0.0020509104360826313,2,2032,
7,52800,S3,0.04236761014908552,2,1873,
7,52800,S5,0.13065227307379246,2,1817,
7,52800,S6,0.02393848542124033,2,2090,
7,52800,S7,0.011148023884743452,2,2040,
7,52800,S8,0.08728731796145439,2,1897,
7,52800,S9,0.01833359245210886,2,1967,
7,53100,S11,0.07989189773797989,2,1991,
7,53100,S13,0.043883685022592545,2,2026,
7,53100,S15,0.1650722324848175,2,2051,
7,53100,S16,0.007349476800300181,2,2043,
7,53100,S3,0.02398811001330614,2,1890,
7,53100,S5,0.07204028218984604,2,1830,
7,53100,S6,0.04218675382435322,2,2101,
7,53100,S7,0.008343657944351435,2,2055,
7,53100,S8,0.04364206362515688,2,1910,
7,53100,S9,0.0031338187400251627,2,1984,
7,53400,S11,0.03084403555840254,2,2007,
7,53400,S13,0.02908901683986187,2,2043,
7,53400,S15,0.13351502269506454,2,2068,
7,53400,S16,0.003545682819094509,2,2057,
7,53400,S3,0.015675882808864117,2,1907,
7,53400,S5,0.022862264653667808,2,1839,
7,53400,S6,0.09119430463761091,2,2118,
7,53400,S7,0.008660993305966258,2,2062,
7,53400,S8,0.0631597563624382,2,1921,
7,53400,S9,0.010110996547155082,2,2001,
7,53700,S11,0.38672538846731186,2,2021,
7,53700,S13,0.020157749764621258,2,2060,
7,53700,S15,0.06256385333836079,2,2083,
7,53700,S16,0.028330095345154405,2,2073,
7,53700,S3,0.025722505524754524,2,1924,
7,53700,S5,0.4396890327334404,2,1846,
7,53700,S6,0.03179773688316345,2,2135,
7,53700,S7,0.0030184981878846884,2,2079,
7,53700,S8,0.056712061166763306,2,1935,
7,53700,S9,0.05454449262470007,2,2018,
7,54000,S11,0.12599490582942963,2,2023,
7,54000,S13,0.05347475782036781,2,2077,
7,54000,S15,0.1113966591656208,2,2092,
7,54000,S16,0.008187897386960685,2,2090,
7,54000,S3,0.018618394155055285,2,1939,
7,54000,S5,0.030595828779041767,2,1857,
7,54000,S6,0.023833857849240303,2,2152,
7,54000,S7,0.007036275928840041,2,2096,
7,54000,S8,0.051967961713671684,2,1946,
7,54000,S9,0.002405981649644673,2,2035,
7,54300,S11,0.06465305760502815,2,2026,
7,54300,S13,0.11284720338881016,2,2088,
7,54300,S15,0.06550676375627518,2,2109,
7,54300,S16,0.0022807475179433823,2,2105,
7,54300,S3,0.0036495779640972614,2,1955,
7,54300,S5,0.011712424457073212,2,1862,
7,54300,S6,0.029024883173406124,2,2169,
7,54300,S7,0.008402401697821915,2,2113,
7,54300,S8,0.03566171042621136,2,1959,
7,54300,S9,0.010803209996083751,2,2042,
7,54600,S11,0.8190815977286547,2,2040,
7,54600,S13,0.16967302188277245,2,2090,
7,54600,S15,0.22764021903276443,2,2123,
7,54600,S16,0.0024510928196832538,2,2110,
7,54600,S3,0.019653981551527977,2,1970,
7,54600,S5,0.06251905811950564,2,1876,
7,54600,S6,0.031040329486131668,2,2182,
7,54600,S7,0.008684600237756968,2,2129,
7,54600,S8,0.01683828979730606,2,1964,
7,54600,S9,0.007354455883614719,2,2048,
7,54900,S11,0.2170688770711422,2,2042,
7,54900,S13,0.027659244369715452,2,2094,
7,54900,S15,0.22049947082996368,2,2125,
7,54900,S16,0.0018683743837755173,2,2116,
7,54900,S3,0.03827475383877754,2,1977,
7,54900,S5,0.010157336015254259,2,1878,
7,54900,S6,0.05259906407445669,2,2184,
7,54900,S7,0.004282824578694999,2,2131,
7,54900,S8,0.0912068784236908,2,1969,
7,54900,S9,0.008248993195593357,2,2053,
7,55200,S11,0.2161949835717678,2,2053,
7,55200,S13,0.05158413015305996,2,2111,
7,55200,S15,0.20084470510482788,2,2132,
7,55200,S16,0.003977657179348171,2,2121,
7,55200,S3,0.02351418067701161,2,1994,
7,55200,S5,0.02156822383403778,2,1886,
7,55200,S6,0.02066371589899063,2,2198,
7,55200,S7,0.00979698565788567,2,2146,
7,55200,S8,0.03845398407429457,2,1982,
7,55200,S9,0.001981929934117943,2,2070,
7,55500,S11,0.31071050092577934,2,2057,
7,55500,S13,0.11570170521736145,2,2127,
7,55500,S15,0.11195478215813637,2,2146,
7,55500,S16,0.0018683838425204158,2,2135,
7,55500,S3,0.016400096006691456,2,1996,
7,55500,S5,0.12879934906959534,2,1891,
7,55500,S6,0.029996255412697792,2,2214,
7,55500,S7,0.010531966341659427,2,2150,
7,55500,S8,0.05387039016932249,2,1984,
7,55500,S9,0.009190566255711019,2,2072,
7,55800,S11,0.7360500576905906,2,2060,
7,55800,S13,0.16180323995649815,2,2144,
7,55800,S15,0.18776222318410873,2,2153,
7,55800,S16,0.0014390416909009218,2,2148,
7,55800,S3,0.010062008397653699,2,2007,
7,55800,S5,0.031175549142062664,2,1903,
7,55800,S6,0.19813991338014603,2,2231,
7,55800,S7,0.005763076478615403,2,2156,
7,55800,S8,0.07819078303873539,2,1994,
7,55800,S9,0.0023607762122992426,2,2074,
7,56100,S11,0.9821406006813049,2,2072,
7,56100,S13,0.021897231228649616,2,2161,
7,56100,S15,0.10471054911613464,2,2159,
7,56100,S16,0.004254250903613865,2,2161,
7,56100,S3,0.03783900756388903,2,2014,
7,56100,S5,0.12794723361730576,2,1920,
7,56100,S6,0.02404694724828005,2,2248,
7,56100,S7,0.016278459457680583,2,2168,
7,56100,S8,0.030421165749430656,2,2007,
7,56100,S9,0.005440212436951697,2,2084,
7,56400,S11,0.9543480277061462,2,2089,
7,56400,S13,0.06457901559770107,2,2178,
7,56400,S15,0.0730481706559658,2,2162,
7,56400,S16,0.0014276265283115208,2,2163,
7,56400,S3,0.020590847358107567,2,2029,
7,56400,S5,0.014052469749003649,2,1937,
7,56400,S6,0.05533180013298988,2,2259,
7,56400,S7,0.008984120097011328,2,2174,
7,56400,S8,0.04269125871360302,2,2017,
7,56400,S9,0.003334066364914179,2,2101,
7,56700,S11,0.06453275308012962,2,2106,
7,56700,S13,0.15157277882099152,2,2188,
7,56700,S15,0.10741408914327621,2,2167,
7,56700,S16,0.002644327934831381,2,2170,
7,56700,S3,0.03191701928153634,2,2041,
7,56700,S5,0.020239844918251038,2,1951,
7,56700,S6,0.026993808336555958,2,2264,
7,56700,S7,0.01384560577571392,2,2189,
7,56700,S8,0.046666016802191734,2,2028,
7,56700,S9,0.011178507003933191,2,2118,
7,57000,S11,0.09988859808072448,2,2123,
7,57000,S13,0.035155457444489,2,2190,
7,57000,S15,0.1022179052233696,2,2182,
7,57000,S16,0.004953493014909327,2,2187,
7,57000,S3,0.014402723405510187,2,2058,
7,57000,S5,0.009149349061772227,2,1961,
7,57000,S6,0.04975717328488827,2,2266,
7,57000,S7,0.014687746297568083,2,2195,
7,57000,S8,0.03275580704212189,2,2045,
7,57000,S9,0.0029353622812777758,2,2135,
7,57300,S11,0.03507625171914697,2,2137,
7,57300,S13,0.02754596807062626,2,2195,
7,57300,S15,0.16590002179145813,2,2193,
7,57300,S16,0.0028510575648397207,2,2196,
7,57300,S3,0.013845067704096437,2,2067,
7,57300,S5,0.10531031712889671,2,1968,
7,57300,S6,0.05550282262265682,2,2268,
7,57300,S7,0.010252957115881145,2,2203,
7,57300,S8,0.0647718757390976,2,2057,
7,57300,S9,0.001718096318654716,2,2147,
7,57600,S11,0.018509879242628813,2,2154,
7,57600,S13,0.06549711525440216,2,2211,
7,57600,S15,0.17902293801307678,2,2203,
7,57600,S16,0.00973621616140008,2,2204,
7,57600,S3,0.01490003103390336,2,2070,
7,57600,S5,0.1914544552564621,2,1971,
7,57600,S6,0.05803554877638817,2,2275,
7,57600,S7,0.03799539804458618,2,2212,
7,57600,S8,0.02515887375921011,2,2074,
7,57600,S9,0.004788232035934925,2,2164,
7,57900,S11,0.015013480326160789,2,2171,
7,57900,S13,0.046986693516373634,2,2224,
7,57900,S15,0.18436001986265182,2,2219,
7,57900,S16,0.003287500119768083,2,2221,
7,57900,S3,0.015720045659691095,2,2087,
7,57900,S5,0.0573508832603693,2,1983,
7,57900,S6,0.026919876225292683,2,2286,
7,57900,S7,0.008801125455647707,2,2220,
7,57900,S8,0.06451603770256042,2,2086,
7,57900,S9,0.025694382842630148,2,2179,
7,58200,S11,1.3505788445472717,2,2181,
7,58200,S13,0.08556602895259857,2,2240,
7,58200,S15,0.12431650608778,2,2230,
7,58200,S16,0.0033646725059952587,2,2238,
7,58200,S3,0.01573077403008938,2,2100,
7,58200,S5,0.012657193932682276,2,1998,
7,58200,S6,0.12295691855251789,2,2302,
7,58200,S7,0.0051537444815039635,2,2233,
7,58200,S8,0.030676155351102352,2,2103,
7,58200,S9,0.004320216947235167,2,2196,
7,58500,S11,0.12787703797221184,2,2193,
7,58500,S13,0.2573893964290619,2,2250,
7,58500,S15,0.17358146607875824,2,2232,
7,58500,S16,0.003148484043776989,2,2246,
7,58500,S3,0.01158049050718546,2,2112,
7,58500,S5,0.009996940847486258,2,2004,
7,58500,S6,0.051364900544285774,2,2319,
7,58500,S7,0.006244287360459566,2,2248,
7,58500,S8,0.03290794137865305,2,2120,
7,58500,S9,0.0035000555217266083,2,2213,
7,58800,S11,0.08090655878186226,2,2201,
7,58800,S13,0.04037208668887615,2,2267,
7,58800,S15,0.14186084270477295,2,2240,
7,58800,S16,0.013835531426593661,2,2248,
7,58800,S3,0.024031100794672966,2,2121,
7,58800,S5,0.017738959286361933,2,2007,
7,58800,S6,0.01979774096980691,2,2334,
7,58800,S7,0.009935834328643978,2,2264,
7,58800,S8,0.06785885617136955,2,2137,
7,58800,S9,0.002186615951359272,2,2230,
7,59100,S11,0.06159766996279359,2,2218,
7,59100,S13,0.06600707024335861,2,2284,
7,59100,S15,0.07089400477707386,2,2249,
7,59100,S16,0.008742410689592361,2,2250,
7,59100,S3,0.035708251409232616,2,2134,
7,59100,S5,0.019621714018285275,2,2024,
7,59100,S6,0.05570470914244652,2,2340,
7,59100,S7,0.008344759931787848,2,2268,
7,59100,S8,0.031876493245363235,2,2154,
7,59100,S9,0.009085653204238042,2,2247,
7,59400,S11,0.05224351305514574,2,2235,
7,59400,S13,0.24554107896983624,2,2294,
7,59400,S15,0.18735063076019287,2,2259,
7,59400,S16,0.0015973564586602151,2,2252,
7,59400,S3,0.018762119114398956,2,2144,
7,59400,S5,0.028984198346734047,2,2039,
7,59400,S6,0.015393100678920746,2,2350,
7,59400,S7,0.007891899673268199,2,2285,
7,59400,S8,0.06730423867702484,2,2171,
7,59400,S9,0.010460893419804052,2,2260,
7,59700,S11,0.14198750630021095,2,2252,
7,59700,S13,0.2207300364971161,2,2310,
7,59700,S15,0.1267671212553978,2,2276,
7,59700,S16,0.0034840115695260465,2,2255,
7,59700,S3,0.017849807627499104,2,2148,
7,59700,S5,0.12137966603040695,2,2056,
7,59700,S6,0.021492233499884605,2,2360,
7,59700,S7,0.002938030054792762,2,2302,
7,59700,S8,0.06549002416431904,2,2183,
7,59700,S9,0.019077038043178618,2,2262,
7,60000,S11,0.030992007814347744,2,2254,
7,60000,S13,0.03503784444183111,2,2325,
7,60000,S15,0.13526161015033722,2,2293,
7,60000,S16,0.0025013930280692875,2,2257,
7,60000,S3,0.0095820352435112,2,2157,
7,60000,S5,0.03387460671365261,2,2069,
7,60000,S6,0.015849126502871513,2,2363,
7,60000,S7,0.0044790118699893355,2,2318,
7,60000,S8,0.0320903598330915,2,2189,
7,60000,S9,0.004002430243417621,2,2264,
7,60300,S11,0.0512576587498188,2,2260,
7,60300,S13,0.04157450329512358,2,2342,
7,60300,S15,0.18900933861732483,2,2300,
7,60300,S16,0.003995914477854967,2,2259,
7,60300,S3,0.005244772648438811,2,2162,
7,60300,S5,0.010983278043568134,2,2076,
7,60300,S6,0.017645251005887985,2,2374,
7,60300,S7,0.006115730735473335,2,2327,
7,60300,S8,0.09344161301851273,2,2206,
7,60300,S9,0.004904567031189799,2,2266,
7,60600,S11,0.23035243153572083,2,2277,
7,60600,S13,0.22212545201182365,2,2349,
7,60600,S15,0.11469637230038643,2,2317,
7,60600,S16,0.010847969213500619,2,2261,
7,60600,S3,0.02198840118944645,2,2164,
7,60600,S5,0.01314895460382104,2,2087,
7,60600,S6,0.11605814471840858,2,2391,
7,60600,S7,0.015434173634275794,2,2338,
7,60600,S8,0.012031836435198784,2,2223,
7,60600,S9,0.004681499907746911,2,2269,
7,60900,S11,0.1996912881731987,2,2288,
7,60900,S13,0.03536643646657467,2,2365,
7,60900,S15,0.11150065809488297,2,2334,
7,60900,S16,0.0045691372361034155,2,2273,
7,60900,S3,0.007280319230630994,2,2175,
7,60900,S5,0.02974241878837347,2,2101,
7,60900,S6,0.06985717453062534,2,2408,
7,60900,S7,0.0038550231838598847,2,2352,
7,60900,S8,0.032718864269554615,2,2240,
7,60900,S9,0.0070125358761288226,2,2277,
7,61200,S11,0.372911486774683,2,2304,
7,61200,S13,0.04944910481572151,2,2382,
7,61200,S15,0.11022578552365303,2,2351,
7,61200,S16,0.005716798943467438,2,2275,
7,61200,S3,0.005253275507129729,2,2188,
7,61200,S5,0.0918431505560875,2,2116,
7,61200,S6,0.030158769339323044,2,2425,
7,61200,S7,0.007255543721839786,2,2368,
7,61200,S8,0.22814681008458138,2,2257,
7,61200,S9,0.002863350440748036,2,2290,
7,61500,S11,0.06798899592831731,2,2319,
7,61500,S13,0.3271105885505676,2,2399,
7,61500,S15,0.08614874817430973,2,2362,
7,61500,S16,0.015084507525898516,2,2278,
7,61500,S3,0.01465754583477974,2,2197,
7,61500,S5,0.029106147587299347,2,2122,
7,61500,S6,0.01779775694012642,2,2437,
7,61500,S7,0.004404422244988382,2,2374,
7,61500,S8,0.027607417665421963,2,2265,
7,61500,S9,0.0016672484925948083,2,2307,
7,61800,S11,0.30133784003555775,2,2336,
7,61800,S13,0.07814635429531336,2,2414,
7,61800,S15,0.1583654135465622,2,2377,
7,61800,S16,0.019339438411407173,2,2289,
7,61800,S3,0.012649026699364185,2,2214,
7,61800,S5,0.01582992123439908,2,2130,
7,61800,S6,0.020143824629485607,2,2442,
7,61800,S7,0.008801659336313605,2,2388,
7,61800,S8,0.008895661914721131,2,2282,
7,61800,S9,0.006000685098115355,2,2315,
7,62100,S11,0.03292888589203358,2,2349,
7,62100,S13,0.04229444079101086,2,2419,
7,62100,S15,0.08678752556443214,2,2379,
7,62100,S16,0.002224234747700393,2,2292,
7,62100,S3,0.016326230950653553,2,2225,
7,62100,S5,0.07430883403867483,2,2143,
7,62100,S6,0.04088409058749676,2,2444,
7,62100,S7,0.016831809422001243,2,2400,
7,62100,S8,0.03397302399389446,2,2289,
7,62100,S9,0.004128582775592804,2,2317,
7,62400,S11,0.1601194478571415,2,2357,
7,62400,S13,0.04175764322280884,2,2423,
7,62400,S15,0.150385320186615,2,2388,
7,62400,S16,0.002812354010529816,2,2302,
7,62400,S3,0.015926694963127375,2,2227,
7,62400,S5,0.018132686614990234,2,2149,
7,62400,S6,0.0641420017927885,2,2455,
7,62400,S7,0.007970180944539607,2,2404,
7,62400,S8,0.06744470074772835,2,2298,
7,62400,S9,0.036995293106883764,2,2327,
7,62700,S11,0.04182722046971321,2,2363,
7,62700,S13,0.041963567957282066,2,2440,
7,62700,S15,0.15995803475379944,2,2396,
7,62700,S16,0.003481136402115226,2,2319,
7,62700,S3,0.005793642019852996,2,2240,
7,62700,S5,0.3127167522907257,2,2151,
7,62700,S6,0.016268659383058548,2,2470,
7,62700,S7,0.018268832005560398,2,2419,
7,62700,S8,0.26678742468357086,2,2310,
7,62700,S9,0.00947557296603918,2,2336,
7,63000,S11,0.03519181068986654,2,2366,
7,63000,S13,0.07512220740318298,2,2452,
7,63000,S15,0.0763598084449768,2,2413,
7,63000,S16,0.007391946041025221,2,2324,
7,63000,S3,0.010090092197060585,2,2246,
7,63000,S5,0.06642473489046097,2,2158,
7,63000,S6,0.013023948529735208,2,2476,
7,63000,S7,0.007991696940734982,2,2424,
7,63000,S8,0.13361169025301933,2,2327,
7,63000,S9,0.0024496439727954566,2,2348,
7,63300,S11,0.2427717256359756,2,2368,
7,63300,S13,0.19809233210980892,2,2465,
7,63300,S15,0.10640611872076988,2,2427,
7,63300,S16,0.00448268314357847,2,2335,
7,63300,S3,0.033021528739482164,2,2249,
7,63300,S5,0.012867370154708624,2,2169,
7,63300,S6,0.03173870127648115,2,2492,
7,63300,S7,0.05641501955688,2,2433,
7,63300,S8,0.016136343125253916,2,2342,
7,63300,S9,0.005151707679033279,2,2365,
7,63600,S11,0.2532032672315836,2,2381,
7,63600,S13,0.08177668415009975,2,2467,
7,63600,S15,0.19434047490358353,2,2444,
7,63600,S16,0.004828745266422629,2,2344,
7,63600,S3,0.010764398612082005,2,2262,
7,63600,S5,0.029892703518271446,2,2186,
7,63600,S6,0.05068017728626728,2,2494,
7,63600,S7,0.012782773934304714,2,2441,
7,63600,S8,0.07275213859975338,2,2349,
7,63600,S9,0.0034371494548395276,2,2378,
7,63900,S11,0.057424998842179775,2,2397,
7,63900,S13,0.02289773989468813,2,2484,
7,63900,S15,0.07483239751309156,2,2461,
7,63900,S16,0.0059030321426689625,2,2349,
7,63900,S3,0.004571239463984966,2,2270,
7,63900,S5,0.1352299666032195,2,2203,
7,63900,S6,0.01202372566331178,2,2511,
7,63900,S7,0.005143839633092284,2,2451,
7,63900,S8,0.02787016611546278,2,2366,
7,63900,S9,0.016613478306680918,2,2388,
7,64200,S11,0.030096705071628094,2,2414,
7,64200,S13,0.040120658464729786,2,2493,
7,64200,S15,0.12385243736207485,2,2471,
7,64200,S16,0.004590992350131273,2,2364,
7,64200,S3,0.009161248337477446,2,2276,
7,64200,S5,0.09533797204494476,2,2218,
7,64200,S6,0.06254926789551973,2,2518,
7,64200,S7,0.009066447615623474,2,2468,
7,64200,S8,0.041513608768582344,2,2383,
7,64200,S9,0.004171557404333726,2,2405,
7,64500,S11,0.018064675154164433,2,2431,
7,64500,S13,0.034479438327252865,2,2510,
7,64500,S15,0.1298060044646263,2,2488,
7,64500,S16,0.011861031875014305,2,2374,
7,64500,S3,0.009063884615898132,2,2293,
7,64500,S5,0.03391290083527565,2,2233,
7,64500,S6,0.026933791115880013,2,2531,
7,64500,S7,0.004493109066970646,2,2485,
7,64500,S8,0.03536310326308012,2,2397,
7,64500,S9,0.018821949139237404,2,2422,
7,64800,S11,0.026827276684343815,2,2439,
7,64800,S13,0.02153848297894001,2,2520,
7,64800,S15,0.13229121267795563,2,2498,
7,64800,S16,0.007272276852745563,2,2391,
7,64800,S3,0.009310410358011723,2,2309,
7,64800,S5,0.021454695612192154,2,2250,
7,64800,S6,0.02145539503544569,2,2542,
7,64800,S7,0.01640225772280246,2,2488,
7,64800,S8,0.012361336499452591,2,2401,
7,64800,S9,0.008180004311725497,2,2432,
7,65100,S11,0.018807411193847656,2,2443,
7,65100,S13,0.019137781113386154,2,2534,
7,65100,S15,0.0929950661957264,2,2515,
7,65100,S16,0.0011716054286807775,2,2408,
7,65100,S3,0.003965025767683983,2,2318,
7,65100,S5,0.0045956302201375365,2,2258,
7,65100,S6,0.052084483206272125,2,2552,
7,65100,S7,0.003789645852521062,2,2492,
7,65100,S8,0.04591785557568073,2,2407,
7,65100,S9,0.007603262085467577,2,2435,
7,65400,S11,0.01869300566613674,2,2451,
7,65400,S13,0.32767000794410706,2,2537,
7,65400,S15,0.20124227926135063,2,2517,
7,65400,S16,0.0048334053717553616,2,2422,
7,65400,S3,0.0044314078986644745,2,2322,
7,65400,S5,0.015976496506482363,2,2260,
7,65400,S6,0.0300016887485981,2,2566,
7,65400,S7,0.08779892791062593,2,2500,
7,65400,S8,0.010954181663691998,2,2415,
7,65400,S9,0.0037288042658474296,2,2443,
7,65700,S11,0.006041100714355707,2,2458,
7,65700,S13,0.12981782853603363,2,2549,
7,65700,S15,0.18116546422243118,2,2523,
7,65700,S16,0.003552368434611708,2,2433,
7,65700,S3,0.012188176158815622,2,2332,
7,65700,S5,0.03709038533270359,2,2267,
7,65700,S6,0.04145715059712529,2,2577,
7,65700,S7,0.008873016806319356,2,2507,
7,65700,S8,0.022750800009816885,2,2424,
7,65700,S9,0.007485100533813238,2,2450,
7,66000,S11,0.05988397728651762,2,2467,
7,66000,S13,0.032242327462881804,2,2560,
7,66000,S15,0.14673931151628494,2,2532,
7,66000,S16,0.007406438700854778,2,2437,
7,66000,S3,0.005645126570016146,2,2347,
7,66000,S5,0.010207375511527061,2,2270,
7,66000,S6,0.017877346137538552,2,2594,
7,66000,S7,0.024193777702748775,2,2509,
7,66000,S8,0.033200690522789955,2,2440,
7,66000,S9,0.007277642493136227,2,2464,
7,66300,S11,0.8604459427297115,2,2469,
7,66300,S13,0.04008821304887533,2,2567,
7,66300,S15,0.1269131526350975,2,2544,
7,66300,S16,0.002274580067023635,2,2446,
7,66300,S3,0.029123858083039522,2,2364,
7,66300,S5,0.022310595028102398,2,2278,
7,66300,S6,0.08265223540365696,2,2610,
7,66300,S7,0.0059473864384926856,2,2523,
7,66300,S8,0.02510189265012741,2,2442,
7,66300,S9,0.008092866046354175,2,2481,
7,66600,S11,0.035982479341328144,2,2479,
7,66600,S13,0.038255393505096436,2,2576,
7,66600,S15,0.09097559377551079,2,2556,
7,66600,S16,0.012271060841158032,2,2448,
7,66600,S3,0.01653375430032611,2,2381,
7,66600,S5,0.024349463637918234,2,2280,
7,66600,S6,0.04421485401690006,2,2617,
7,66600,S7,0.003922172705642879,2,2540,
7,66600,S8,0.06635348126292229,2,2448,
7,66600,S9,0.014242064906284213,2,2490,
7,66900,S11,0.40818093228153884,2,2481,
7,66900,S13,0.14790669083595276,2,2593,
7,66900,S15,0.15754610300064087,2,2563,
7,66900,S16,0.0015217539039440453,2,2457,
7,66900,S3,0.024104713462293148,2,2387,
7,66900,S5,0.016520613804459572,2,2297,
7,66900,S6,0.04432722181081772,2,2633,
7,66900,S7,0.005009538726881146,2,2555,
7,66900,S8,0.037994897458702326,2,2450,
7,66900,S9,0.008265496464446187,2,2492,
7,67200,S11,0.04349020402878523,2,2492,
7,67200,S13,0.013292656745761633,2,2610,
7,67200,S15,0.08992732409387827,2,2577,
7,67200,S16,0.0019353492534719408,2,2463,
7,67200,S3,0.005772076896391809,2,2391,
7,67200,S5,0.009647035039961338,2,2301,
7,67200,S6,0.011343688238412142,2,2645,
7,67200,S7,0.006278719403780997,2,2571,
7,67200,S8,0.026213407516479492,2,2452,
7,67200,S9,0.004364240216091275,2,2503,
7,67500,S11,0.017873987555503845,2,2500,
7,67500,S13,0.025253440253436565,2,2627,
7,67500,S15,0.1917588748037815,2,2587,
7,67500,S16,0.0010462641948834062,2,2472,
7,67500,S3,0.024212850723415613,2,2403,
7,67500,S5,0.010865985881537199,2,2311,
7,67500,S6,0.0352379996329546,2,2647,
7,67500,S7,0.014878849033266306,2,2588,
7,67500,S8,0.05363468639552593,2,2464,
7,67500,S9,0.006587857846170664,2,2514,
7,67800,S11,1.3076918742153794,2,2508,
7,67800,S13,0.0197414206340909,2,2635,
7,67800,S15,0.11664462834596634,2,2589,
7,67800,S16,0.02854049112647772,2,2483,
7,67800,S3,0.008368203649297357,2,2419,
7,67800,S5,0.2711382657289505,2,2313,
7,67800,S6,0.020448552444577217,2,2662,
7,67800,S7,0.0017102895944844931,2,2599,
7,67800,S8,0.011028570123016834,2,2475,
7,67800,S9,0.0044541992247104645,2,2522,
7,68100,S11,0.058722950518131256,2,2520,
7,68100,S13,0.32981549948453903,2,2637,
7,68100,S15,0.24707987904548645,2,2591,
7,68100,S16,0.004081635037437081,2,2500,
7,68100,S3,0.0050636110827326775,2,2436,
7,68100,S5,0.028667111415416002,2,2318,
7,68100,S6,0.02039937488734722,2,2679,
7,68100,S7,0.0055400661658495665,2,2614,
7,68100,S8,0.058942174538969994,2,2477,
7,68100,S9,0.00231117510702461,2,2535,
7,68400,S11,0.12326094135642052,2,2528,
7,68400,S13,0.21454814169555902,2,2654,
7,68400,S15,0.09048354253172874,2,2608,
7,68400,S16,0.0017713283887133002,2,2514,
7,68400,S3,0.028676124289631844,2,2453,
7,68400,S5,0.00907088490203023,2,2335,
7,68400,S6,0.01059466041624546,2,2686,
7,68400,S7,0.018754218239337206,2,2629,
7,68400,S8,0.025948455557227135,2,2494,
7,68400,S9,0.014667389914393425,2,2552,
7,68700,S11,0.08741259947419167,2,2533,
7,68700,S13,0.03402913920581341,2,2661,
7,68700,S15,0.1748244408518076,2,2623,
7,68700,S16,0.0031403398606926203,2,2526,
7,68700,S3,0.012921868590638041,2,2468,
7,68700,S5,0.09412428364157677,2,2352,
7,68700,S6,0.10591056197881699,2,2697,
7,68700,S7,0.008816925110295415,2,2646,
7,68700,S8,0.015777187421917915,2,2506,
7,68700,S9,0.0010470026172697544,2,2569,
7,69000,S11,0.3349262662231922,2,2537,
7,69000,S13,0.0649339109659195,2,2666,
7,69000,S15,0.05522073060274124,2,2633,
7,69000,S16,0.002308900817297399,2,2531,
7,69000,S3,0.011790153570473194,2,2471,
7,69000,S5,0.07573238015174866,2,2368,
7,69000,S6,0.019322087056934834,2,2705,
7,69000,S7,0.0059164457488805056,2,2653,
7,69000,S8,0.023692011833190918,2,2519,
7,69000,S9,0.003612907137721777,2,2585,
7,69300,S11,0.28624572418630123,2,2541,
7,69300,S13,0.06748699489980936,2,2673,
7,69300,S15,0.08355826884508133,2,2639,
7,69300,S16,0.006054345518350601,2,2535,
7,69300,S3,0.01534030120819807,2,2473,
7,69300,S5,0.032880430575460196,2,2372,
7,69300,S6,0.01701480569317937,2,2714,
7,69300,S7,0.011704086093232036,2,2662,
7,69300,S8,0.04504412040114403,2,2525,
7,69300,S9,0.006567343254573643,2,2589,
7,69600,S11,0.024860914796590805,2,2558,
7,69600,S13,0.012743355706334114,2,2678,
7,69600,S15,0.06527954339981079,2,2651,
7,69600,S16,0.00657238025451079,2,2552,
7,69600,S3,0.0077571929432451725,2,2475,
7,69600,S5,0.01760469749569893,2,2389,
7,69600,S6,0.024224217049777508,2,2721,
7,69600,S7,0.015461500035598874,2,2664,
7,69600,S8,0.038872276432812214,2,2542,
7,69600,S9,0.004418875556439161,2,2606,
7,69900,S11,0.10042501613497734,2,2575,
7,69900,S13,0.030758115462958813,2,2689,
7,69900,S15,0.05149686709046364,2,2659,
7,69900,S16,0.0016537076444365084,2,2568,
7,69900,S3,0.015075499191880226,2,2483,
7,69900,S5,0.009779833257198334,2,2406,
7,69900,S6,0.010262710973620415,2,2737,
7,69900,S7,0.0038284379988908768,2,2669,
7,69900,S8,0.027366667287424207,2,2552,
7,69900,S9,0.001863467157818377,2,2623,
7,70200,S11,0.06789302872493863,2,2592,
7,70200,S13,0.13016461953520775,2,2697,
7,70200,S15,0.160599946975708,2,2676,
7,70200,S16,0.0016526604886166751,2,2580,
7,70200,S3,0.006154613336548209,2,2491,
7,70200,S5,0.13938907254487276,2,2414,
7,70200,S6,0.00927930825855583,2,2751,
7,70200,S7,0.0346305500715971,2,2686,
7,70200,S8,0.031171102076768875,2,2554,
7,70200,S9,0.007211243035271764,2,2640,
7,70500,S11,1.0401451494544744,2,2608,
7,70500,S13,0.06214912934228778,2,2708,
7,70500,S15,0.07618028856813908,2,2691,
7,70500,S16,0.0011942717537749559,2,2597,
7,70500,S3,0.008064341731369495,2,2506,
7,70500,S5,0.26760524860583246,2,2416,
7,70500,S6,0.018359973095357418,2,2765,
7,70500,S7,0.008052597753703594,2,2692,
7,70500,S8,0.023731601424515247,2,2556,
7,70500,S9,0.0059489026898518205,2,2657,
7,70800,S11,0.09348000213503838,2,2616,
7,70800,S13,0.045959850773215294,2,2721,
7,70800,S15,0.08615826070308685,2,2701,
7,70800,S16,0.0015785471769049764,2,2614,
7,70800,S3,0.009447179036214948,2,2520,
7,70800,S5,0.03340667556039989,2,2420,
7,70800,S6,0.04045134503394365,2,2773,
7,70800,S7,0.018213306553661823,2,2700,
7,70800,S8,0.012454159324988723,2,2559,
7,70800,S9,0.0033579234150238335,2,2674,
7,71100,S11,0.02973814122378826,2,2623,
7,71100,S13,0.015127197373658419,2,2723,
7,71100,S15,0.1305458303540945,2,2718,
7,71100,S16,0.0023849898716434836,2,2618,
7,71100,S3,0.016838669776916504,2,2537,
7,71100,S5,0.00964171439409256,2,2427,
7,71100,S6,0.0543415155261755,2,2775,
7,71100,S7,0.006229521241039038,2,2702,
7,71100,S8,0.006182691548019648,2,2565,
7,71100,S9,0.003984367125667632,2,2678,
7,71400,S11,0.09971539117395878,2,2640,
7,71400,S13,0.01302339881658554,2,2740,
7,71400,S15,0.09806367009878159,2,2735,
7,71400,S16,0.0006764983118046075,2,2624,
7,71400,S3,0.006173179252073169,2,2554,
7,71400,S5,0.022344610653817654,2,2432,
7,71400,S6,0.021368851885199547,2,2792,
7,71400,S7,0.09682899352628738,2,2704,
7,71400,S8,0.02286348817870021,2,2582,
7,71400,S9,0.011826504254713655,2,2692,
7,71700,S11,0.3149077594280243,2,2653,
7,71700,S13,0.01220362912863493,2,2757,
7,71700,S15,0.1810559593141079,2,2748,
7,71700,S16,0.01292938960250467,2,2641,
7,71700,S3,0.005657009547576308,2,2562,
7,71700,S5,0.006860346999019384,2,2448,
7,71700,S6,0.016963209956884384,2,2809,
7,71700,S7,0.001551874098367989,2,2719,
7,71700,S8,0.02548669371753931,2,2596,
7,71700,S9,0.013286920730024576,2,2705,
7,72000,S11,0.012549468781799078,2,2658,
7,72000,S13,0.089808139950037,2,2774,
7,72000,S15,0.09422969073057175,2,2760,
7,72000,S16,0.00200303370365873,2,2653,
7,72000,S3,0.008715342031791806,2,2571,
7,72000,S5,0.3878209493122995,2,2465,
7,72000,S6,0.02600492676720023,2,2824,
7,72000,S7,0.012767055537551641,2,2733,
7,72000,S8,0.006928397109732032,2,2598,
7,72000,S9,0.0032148482860065997,2,2716,
7,72300,S11,0.01913139782845974,2,2675,
7,72300,S13,0.16548626963049173,2,2786,
7,72300,S15,0.14300113171339035,2,2774,
7,72300,S16,0.0019086399988736957,2,2670,
7,72300,S3,0.021010231226682663,2,2583,
7,72300,S5,0.1825346164405346,2,2474,
7,72300,S6,0.0367185864597559,2,2830,
7,72300,S7,0.007728769443929195,2,2750,
7,72300,S8,0.03346171323210001,2,2611,
7,72300,S9,0.0038813025457784534,2,2733,
7,72600,S11,0.021190829575061798,2,2683,
7,72600,S13,0.0231783427298069,2,2795,
7,72600,S15,0.11928996071219444,2,2781,
7,72600,S16,0.0007660806586500257,2,2684,
7,72600,S3,0.008428034372627735,2,2596,
7,72600,S5,0.019841924775391817,2,2489,
7,72600,S6,0.017081284429877996,2,2845,
7,72600,S7,0.005426849005743861,2,2761,
7,72600,S8,0.02667960710823536,2,2614,
7,72600,S9,0.003875408787280321,2,2750,
7,72900,S11,0.046249504666775465,2,2687,
7,72900,S13,0.01208876445889473,2,2810,
7,72900,S15,0.06809455156326294,2,2783,
7,72900,S16,0.016497357049956918,2,2701,
7,72900,S3,0.0054080255795270205,2,2607,
7,72900,S5,0.011189881712198257,2,2500,
7,72900,S6,0.016292850021272898,2,2860,
7,72900,S7,0.01450549648143351,2,2774,
7,72900,S8,0.01331975869834423,2,2623,
7,72900,S9,0.010793851222842932,2,2767,
7,73200,S11,1.8043103218078613,2,2689,
7,73200,S13,0.02192680351436138,2,2812,
7,73200,S15,0.13658428192138672,2,2787,
7,73200,S16,0.01703331572934985,2,2711,
7,73200,S3,0.005866406369023025,2,2620,
7,73200,S5,0.029888415709137917,2,2507,
7,73200,S6,0.012448338326066732,2,2872,
7,73200,S7,0.0041327328071929514,2,2791,
7,73200,S8,0.07002969924360514,2,2640,
7,73200,S9,0.0030219608452171087,2,2773,
7,73500,S11,0.678889699280262,2,2701,
7,73500,S13,0.04407355561852455,2,2814,
7,73500,S15,0.06106119975447655,2,2794,
7,73500,S16,0.0036413941998034716,2,2728,
7,73500,S3,0.008519507246091962,2,2632,
7,73500,S5,0.08299586037173867,2,2520,
7,73500,S6,0.018762771040201187,2,2889,
7,73500,S7,0.004988500382751226,2,2808,
7,73500,S8,0.010822835378348827,2,2653,
7,73500,S9,0.0019963102822657675,2,2788,
7,73800,S11,0.0217924602329731,2,2718,
7,73800,S13,0.020597737282514572,2,2828,
7,73800,S15,0.036755600944161415,2,2805,
7,73800,S16,0.008813710999675095,2,2731,
7,73800,S3,0.0036650000838562846,2,2649,
7,73800,S5,0.014217079617083073,2,2536,
7,73800,S6,0.01802527718245983,2,2906,
7,73800,S7,0.023703360348008573,2,2823,
7,73800,S8,0.033823936246335506,2,2670,
7,73800,S9,0.0033941511064767838,2,2805,
7,74100,S11,0.02079430129379034,2,2735,
7,74100,S13,0.04860609397292137,2,2840,
7,74100,S15,0.057979716919362545,2,2820,
7,74100,S16,0.0012768642918672413,2,2742,
7,74100,S3,0.010820852709002793,2,2666,
7,74100,S5,0.01494477828964591,2,2553,
7,74100,S6,0.01539906021207571,2,2916,
7,74100,S7,0.009793539124075323,2,2827,
7,74100,S8,0.007245076820254326,2,2687,
7,74100,S9,0.002441571850795299,2,2820,
7,74400,S11,0.163734883768484,2,2752,
7,74400,S13,0.01228039595298469,2,2843,
7,74400,S15,0.08129530027508736,2,2836,
7,74400,S16,0.0017619093414396048,2,2757,
7,74400,S3,0.06353689916431904,2,2680,
7,74400,S5,0.03483588621020317,2,2561,
7,74400,S6,0.015972384251654148,2,2933,
7,74400,S7,0.0027237142203375697,2,2842,
7,74400,S8,0.011118980590254068,2,2692,
7,74400,S9,0.02954060275806114,2,2837,
7,74700,S11,0.05402737855911255,2,2768,
7,74700,S13,0.014924652175977826,2,2853,
7,74700,S15,0.08087572082877159,2,2849,
7,74700,S16,0.004151919070864096,2,2774,
7,74700,S3,0.010684325359761715,2,2697,
7,74700,S5,0.005269188433885574,2,2576,
7,74700,S6,0.014036988839507103,2,2950,
7,74700,S7,0.015079774195328355,2,2859,
7,74700,S8,0.03829770814627409,2,2709,
7,74700,S9,0.0027375308563932776,2,2852,
7,75000,S11,0.019309648778289557,2,2778,
7,75000,S13,0.1968769207596779,2,2861,
7,75000,S15,0.0779259018599987,2,2851,
7,75000,S16,0.005921754403971136,2,2783,
7,75000,S3,0.003446115064434707,2,2714,
7,75000,S5,0.1040771808475256,2,2593,
7,75000,S6,0.168302564881742,2,2955,
7,75000,S7,0.005456618266180158,2,2876,
7,75000,S8,0.022930070757865906,2,2726,
7,75000,S9,0.002062278101220727,2,2868,
7,75300,S11,0.0667595099657774,2,2789,
7,75300,S13,0.023555561900138855,2,2863,
7,75300,S15,0.11683752201497555,2,2853,
7,75300,S16,0.0036915928358212113,2,2793,
7,75300,S3,0.005763763794675469,2,2731,
7,75300,S5,0.035762498155236244,2,2596,
7,75300,S6,0.01862458698451519,2,2969,
7,75300,S7,0.012216194998472929,2,2893,
7,75300,S8,0.11933723092079163,2,2735,
7,75300,S9,0.0011108978069387376,2,2879,
7,75600,S11,0.15866271872073412,2,2801,
7,75600,S13,0.030420190189033747,2,2871,
7,75600,S15,0.08185198064893484,2,2864,
7,75600,S16,0.0037027598591521382,2,2810,
7,75600,S3,0.007782371947541833,2,2747,
7,75600,S5,0.019103065133094788,2,2599,
7,75600,S6,0.012282318901270628,2,2972,
7,75600,S7,0.015132451371755451,2,2910,
7,75600,S8,0.011184759438037872,2,2752,
7,75600,S9,0.002435919945128262,2,2881,
7,75900,S11,0.028669371269643307,2,2814,
7,75900,S13,0.01615174626931548,2,2883,
7,75900,S15,0.06754187494516373,2,2881,
7,75900,S16,0.0008766430546529591,2,2819,
7,75900,S3,0.008456511422991753,2,2763,
7,75900,S5,0.048697943799197674,2,2611,
7,75900,S6,0.022058794042095542,2,2980,
7,75900,S7,0.016610026825219393,2,2921,
7,75900,S8,0.0133314267732203,2,2768,
7,75900,S9,0.0005888764862902462,2,2885,
7,76200,S11,0.04221306927502155,2,2831,
7,76200,S13,0.18321114778518677,2,2894,
7,76200,S15,0.07673005014657974,2,2897,
7,76200,S16,0.0007039697666186839,2,2833,
7,76200,S3,0.002288067655172199,2,2779,
7,76200,S5,0.006258221110329032,2,2620,
7,76200,S6,0.06540287099778652,2,2982,
7,76200,S7,0.005766170332208276,2,2936,
7,76200,S8,0.01042876485735178,2,2785,
7,76200,S9,0.0038765097851864994,2,2901,
7,76500,S11,0.014369685668498278,2,2834,
7,76500,S13,0.058405378833413124,2,2896,
7,76500,S15,0.092346902936697,2,2903,
7,76500,S16,0.0030053334194235504,2,2839,
7,76500,S3,0.0028284373693168163,2,2781,
7,76500,S5,0.4194420650601387,2,2622,
7,76500,S6,0.024000520817935467,2,2995,
7,76500,S7,0.012370446347631514,2,2938,
7,76500,S8,0.028398875147104263,2,2789,
7,76500,S9,0.0009608627005945891,2,2917,
7,76800,S11,0.7572708260267973,2,2840,
7,76800,S13,0.023629123345017433,2,2903,
7,76800,S15,0.0932740829885006,2,2916,
7,76800,S16,0.001604666409548372,2,2850,
7,76800,S3,0.009222186403349042,2,2789,
7,76800,S5,0.02662603696808219,2,2627,
7,76800,S6,0.054071771912276745,2,3010,
7,76800,S7,0.01546790637075901,2,2953,
7,76800,S8,0.015612603863701224,2,2804,
7,76800,S9,0.0039749592542648315,2,2932,
7,77100,S11,0.025441953912377357,2,2850,
7,77100,S13,0.015753201209008694,2,2920,
7,77100,S15,0.09108685981482267,2,2918,
7,77100,S16,0.0075477599166333675,2,2852,
7,77100,S3,0.03038102388381958,2,2798,
7,77100,S5,0.5110542252659798,2,2644,
7,77100,S6,0.013125081197358668,2,3021,
7,77100,S7,0.0016713005024939775,2,2969,
7,77100,S8,0.046751994639635086,2,2820,
7,77100,S9,0.022086584314820357,2,2934,
7,77400,S11,0.07509812340140343,2,2863,
7,77400,S13,0.10458682850003242,2,2929,
7,77400,S15,0.19090592861175537,2,2920,
7,77400,S16,0.0009131937404163182,2,2867,
7,77400,S3,0.02938621025532484,2,2815,
7,77400,S5,0.026212642434984446,2,2648,
7,77400,S6,0.01156827388331294,2,3038,
7,77400,S7,0.005916286609135568,2,2982,
7,77400,S8,0.02737667306791991,2,2833,
7,77400,S9,0.0019400092423893511,2,2951,
7,77700,S11,0.048457151278853416,2,2873,
7,77700,S13,0.01510891504585743,2,2932,
7,77700,S15,0.0741437952965498,2,2930,
7,77700,S16,0.0024026695755310357,2,2884,
7,77700,S3,0.0038941821549087763,2,2832,
7,77700,S5,0.004585017682984471,2,2665,
7,77700,S6,0.05052497610449791,2,3047,
7,77700,S7,0.004098254372365773,2,2999,
7,77700,S8,0.004055898752994835,2,2839,
7,77700,S9,0.013528890209272504,2,2968,
7,78000,S11,0.045653946697711945,2,2875,
7,78000,S13,0.017218547873198986,2,2936,
7,78000,S15,0.06844072975218296,2,2943,
7,78000,S16,0.0018738013750407845,2,2901,
7,78000,S3,0.010838248766958714,2,2846,
7,78000,S5,0.03135456261225045,2,2681,
7,78000,S6,0.006877728970721364,2,3052,
7,78000,S7,0.004803834715858102,2,3016,
7,78000,S8,0.007597974967211485,2,2841,
7,78000,S9,0.025651942007243633,2,2982,
7,78300,S11,0.1035909466445446,2,2877,
7,78300,S13,0.015726309269666672,2,2941,
7,78300,S15,0.11058384552598,2,2955,
7,78300,S16,0.001642861112486571,2,2915,
7,78300,S3,0.003104107512626797,2,2863,
7,78300,S5,0.007157482672482729,2,2693,
7,78300,S6,0.031480076955631375,2,3060,
7,78300,S7,0.005590816726908088,2,3030,
7,78300,S8,0.018506707856431603,2,2843,
7,78300,S9,0.03624446573667228,2,2996,
7,78600,S11,0.01608190592378378,2,2879,
7,78600,S13,0.006721273064613342,2,2952,
7,78600,S15,0.14868343621492386,2,2971,
7,78600,S16,0.003527647291775793,2,2917,
7,78600,S3,0.003000792465172708,2,2874,
7,78600,S5,0.01871905568987131,2,2710,
7,78600,S6,0.0325283519923687,2,3077,
7,78600,S7,0.019627617090009153,2,3032,
7,78600,S8,0.01807624939829111,2,2848,
7,78600,S9,0.00233987724641338,2,3007,
7,78900,S11,0.06819834560155869,2,2895,
7,78900,S13,0.013526677619665861,2,2967,
7,78900,S15,0.13351953774690628,2,2984,
7,78900,S16,0.0018980191089212894,2,2925,
7,78900,S3,0.00978033198043704,2,2887,
7,78900,S5,0.044413963332772255,2,2727,
7,78900,S6,0.041032182052731514,2,3086,
7,78900,S7,0.025997426360845566,2,3045,
7,78900,S8,0.011512793134897947,2,2861,
7,78900,S9,0.0025735244271345437,2,3019,
7,79200,S11,0.023482684046030045,2,2897,
7,79200,S13,0.028850946575403214,2,2984,
7,79200,S15,0.08760957047343254,2,3000,
7,79200,S16,0.01391908514779061,2,2942,
7,79200,S3,0.0029417036566883326,2,2893,
7,79200,S5,0.05226160038728267,2,2736,
7,79200,S6,0.026254335418343544,2,3094,
7,79200,S7,0.0024662763462401927,2,3058,
7,79200,S8,0.017528625205159187,2,2868,
7,79200,S9,0.0017258209409192204,2,3025,
7,79500,S11,0.10227514337748289,2,2907,
7,79500,S13,0.03413527924567461,2,2993,
7,79500,S15,0.03973595518618822,2,3011,
7,79500,S16,0.015210974030196667,2,2959,
7,79500,S3,0.007734874729067087,2,2901,
7,79500,S5,0.010377223836258054,2,2740,
7,79500,S6,0.012428130023181438,2,3105,
7,79500,S7,0.0027156726573593915,2,3075,
7,79500,S8,0.01620739558711648,2,2880,
7,79500,S9,0.005526805762201548,2,3032,
7,79800,S11,0.05306491628289223,2,2919,
7,79800,S13,0.01823519030585885,2,2997,
7,79800,S15,0.0728494506329298,2,3028,
7,79800,S16,0.001058639754774049,2,2975,
7,79800,S3,0.0035547424340620637,2,2918,
7,79800,S5,0.0038873571902513504,2,2750,
7,79800,S6,0.06168260960839689,2,3122,
7,79800,S7,0.0041310477536171675,2,3092,
7,79800,S8,0.04160176403820515,2,2897,
7,79800,S9,0.01244240952655673,2,3048,
7,80100,S11,0.0843503549695015,2,2925,
7,80100,S13,0.009655902860686183,2,3001,
7,80100,S15,0.0542016951367259,2,3045,
7,80100,S16,0.00226555741392076,2,2990,
7,80100,S3,0.015868949703872204,2,2934,
7,80100,S5,0.004218101734295487,2,2752,
7,80100,S6,0.03955304715782404,2,3124,
7,80100,S7,0.06962279789149761,2,3107,
7,80100,S8,0.027211726643145084,2,2901,
7,80100,S9,0.004984220955520868,2,3057,
7,80400,S11,0.3611839134246111,2,2936,
7,80400,S13,0.021146981976926327,2,3018,
7,80400,S15,0.11224625632166862,2,3062,
7,80400,S16,0.002849278156645596,2,2994,
7,80400,S3,0.0042125817853957415,2,2943,
7,80400,S5,0.005303745390847325,2,2761,
7,80400,S6,0.032953651156276464,2,3126,
7,80400,S7,0.0031549257691949606,2,3116,
7,80400,S8,0.24957207776606083,2,2903,
7,80400,S9,0.003012545872479677,2,3069,
7,80700,S11,0.6807644069194794,2,2949,
7,80700,S13,0.472757950425148,2,3028,
7,80700,S15,0.07488604635000229,2,3067,
7,80700,S16,0.007872877031331882,2,2998,
7,80700,S3,0.005242326995357871,2,2955,
7,80700,S5,0.2244756519794464,2,2768,
7,80700,S6,0.017522047739475965,2,3128,
7,80700,S7,0.004325294401496649,2,3131,
7,80700,S8,0.053267206996679306,2,2906,
7,80700,S9,0.00254011683864519,2,3072,
7,81000,S11,0.041445812210440636,2,2966,
7,81000,S13,0.042210984975099564,2,3045,
7,81000,S15,0.0631775795482099,2,3072,
7,81000,S16,0.0021693973103538156,2,3005,
7,81000,S3,0.004214148852042854,2,2972,
7,81000,S5,0.011452123057097197,2,2779,
7,81000,S6,0.015953650465235114,2,3132,
7,81000,S7,0.016703224973753095,2,3148,
7,81000,S8,0.06552539044059813,2,2911,
7,81000,S9,0.001223992061568424,2,3083,
7,81300,S11,0.02555842697620392,2,2982,
7,81300,S13,0.014709467068314552,2,3060,
7,81300,S15,0.03900805115699768,2,3074,
7,81300,S16,0.002137402567313984,2,3020,
7,81300,S3,0.006204279605299234,2,2981,
7,81300,S5,0.35067958012223244,2,2796,
7,81300,S6,0.012504387530498207,2,3141,
7,81300,S7,0.018945679999887943,2,3155,
7,81300,S8,0.0067908980417996645,2,2916,
7,81300,S9,0.0026814337470568717,2,3100,
7,81600,S11,0.04890291206538677,2,2988,
7,81600,S13,0.12938922736793756,2,3062,
7,81600,S15,0.04417606443166733,2,3079,
7,81600,S16,0.005003410624340177,2,3035,
7,81600,S3,0.002053055155556649,2,2998,
7,81600,S5,0.09315051510930061,2,2813,
7,81600,S6,0.020649204030632973,2,3148,
7,81600,S7,0.0028463663184084,2,3162,
7,81600,S8,0.004532891325652599,2,2925,
7,81600,S9,0.005721863359212875,2,3117,
7,81900,S11,0.013035205192863941,2,2999,
7,81900,S13,0.015083991689607501,2,3078,
7,81900,S15,0.08570967614650726,2,3095,
7,81900,S16,0.0093900928623043,2,3046,
7,81900,S3,0.0025994060561060905,2,3012,
7,81900,S5,0.040392229333519936,2,2822,
7,81900,S6,0.011971226893365383,2,3153,
7,81900,S7,0.00782708777114749,2,3166,
7,81900,S8,0.01028152508661151,2,2939,
7,81900,S9,0.003546830441337079,2,3124,
7,82200,S11,0.02512925025075674,2,3001,
7,82200,S13,0.019734635017812252,2,3080,
7,82200,S15,0.08833473548293114,2,3112,
7,82200,S16,0.0013697901740670204,2,3063,
7,82200,S3,0.011178191285580397,2,3024,
7,82200,S5,0.18459700047969818,2,2829,
7,82200,S6,0.010454457718878984,2,3158,
7,82200,S7,0.0061053752433508635,2,3168,
7,82200,S8,0.016173929907381535,2,2956,
7,82200,S9,0.002651779563166201,2,3141,
7,82500,S11,0.6337694376707077,2,3004,
7,82500,S13,0.023382609710097313,2,3084,
7,82500,S15,0.12195088714361191,2,3126,
7,82500,S16,0.011818587605375797,2,3072,
7,82500,S3,0.01154393726028502,2,3041,
7,82500,S5,0.039293328300118446,2,2841,
7,82500,S6,0.013889328110963106,2,3162,
7,82500,S7,0.012496020644903183,2,3170,
7,82500,S8,0.0170252388343215,2,2973,
7,82500,S9,0.002702349331229925,2,3154,
7,82800,S11,0.08389374753460288,2,3009,
7,82800,S13,0.015906511340290308,2,3089,
7,82800,S15,0.06216747872531414,2,3138,
7,82800,S16,0.003919651557225734,2,3074,
7,82800,S3,0.0073066853801719844,2,3058,
7,82800,S5,0.027398506179451942,2,2858,
7,82800,S6,0.021627143025398254,2,3169,
7,82800,S7,0.0030315277399495244,2,3174,
7,82800,S8,0.010797817958518863,2,2990,
7,82800,S9,0.01109934807755053,2,3168,
7,83100,S11,0.028528355062007904,2,3017,
7,83100,S13,0.009332035668194294,2,3104,
7,83100,S15,0.0978587418794632,2,3140,
7,83100,S16,0.0007467805407941341,2,3089,
7,83100,S3,0.002644045278429985,2,3075,
7,83100,S5,0.008393778000026941,2,2871,
7,83100,S6,0.0049892853712663054,2,3175,
7,83100,S7,0.006326713832095265,2,3183,
7,83100,S8,0.0276206498965621,2,3005,
7,83100,S9,0.00704647833481431,2,3181,
7,83400,S11,0.05004855990409851,2,3031,
7,83400,S13,0.007919357623904943,2,3121,
7,83400,S15,0.10620933026075363,2,3142,
7,83400,S16,0.0016077757463790476,2,3101,
7,83400,S3,0.0017025171546265483,2,3089,
7,83400,S5,0.17877360805869102,2,2886,
7,83400,S6,0.006483460310846567,2,3192,
7,83400,S7,0.005580219905823469,2,3197,
7,83400,S8,0.015756900422275066,2,3022,
7,83400,S9,0.0020392059232108295,2,3198,
7,83700,S11,0.010626008734107018,2,3048,
7,83700,S13,0.009002274018712342,2,3138,
7,83700,S15,0.11726956814527512,2,3151,
7,83700,S16,0.0010094158351421356,2,3118,
7,83700,S3,0.009827377973124385,2,3105,
7,83700,S5,0.0427986872382462,2,2903,
7,83700,S6,0.045482961693778634,2,3209,
7,83700,S7,0.01526999706402421,2,3213,
7,83700,S8,0.005949388490989804,2,3039,
7,83700,S9,0.0014023982221260667,2,3215,
7,84000,S11,0.013859255937859416,2,3058,
7,84000,S13,0.008710676105692983,2,3141,
7,84000,S15,0.03081567771732807,2,3162,
7,84000,S16,0.006916609359905124,2,3129,
7,84000,S3,0.013189637567847967,2,3114,
7,84000,S5,0.0064535802230238914,2,2914,
7,84000,S6,0.142667043954134,2,3212,
7,84000,S7,0.00462085718754679,2,3226,
7,84000,S8,0.002622809144668281,2,3049,
7,84000,S9,0.0029629195341840386,2,3225,
7,84300,S11,0.07546010299120098,2,3072,
7,84300,S13,0.01214047335088253,2,3154,
7,84300,S15,0.04860796453431249,2,3179,
7,84300,S16,0.0013837231090292335,2,3146,
7,84300,S3,0.005502017447724938,2,3128,
7,84300,S5,0.057306871050968766,2,2917,
7,84300,S6,0.04417819157242775,2,3221,
7,84300,S7,0.002489967388100922,2,3242,
7,84300,S8,0.009314718656241894,2,3054,
7,84300,S9,0.017220642417669296,2,3237,
7,84600,S11,0.5435354933142662,2,3077,
7,84600,S13,0.009460774715989828,2,3162,
7,84600,S15,0.0450261514633894,2,3196,
7,84600,S16,0.009161224123090506,2,3163,
7,84600,S3,0.007197865168564022,2,3145,
7,84600,S5,0.022954893996939063,2,2925,
7,84600,S6,0.03330592345446348,2,3234,
7,84600,S7,0.0019231705227866769,2,3254,
7,84600,S8,0.009961680276319385,2,3056,
7,84600,S9,0.010467841289937496,2,3254,
7,84900,S11,0.9546126574277878,2,3092,
7,84900,S13,0.009031832683831453,2,3169,
7,84900,S15,0.07602596282958984,2,3213,
7,84900,S16,0.004745289101265371,2,3180,
7,84900,S3,0.009321008285041898,2,3155,
7,84900,S5,0.06960536725819111,2,2942,
7,84900,S6,0.006794994696974754,2,3248,
7,84900,S7,0.011179058346897364,2,3271,
7,84900,S8,0.0022377088898792863,2,3067,
7,84900,S9,0.004274743492715061,2,3259,
7,85200,S11,2.6897290349006653,2,3109,
7,85200,S13,0.02265346050262451,2,3186,
7,85200,S15,0.0837191492319107,2,3227,
7,85200,S16,0.0004626782756531611,2,3197,
7,85200,S3,0.005623779958114028,2,3171,
7,85200,S5,0.006113643292337656,2,2959,
7,85200,S6,0.013476388063281775,2,3265,
7,85200,S7,0.00773564213886857,2,3288,
7,85200,S8,0.013938614632934332,2,3076,
7,85200,S9,0.001399111351929605,2,3273,
7,85500,S11,0.06327919289469719,2,3123,
7,85500,S13,0.017191594932228327,2,3202,
7,85500,S15,0.08175176475197077,2,3241,
7,85500,S16,0.004115475749131292,2,3214,
7,85500,S3,0.002898401638958603,2,3188,
7,85500,S5,0.025598883628845215,2,2976,
7,85500,S6,0.005929320119321346,2,3282,
7,85500,S7,0.03456049133092165,2,3305,
7,85500,S8,0.004763489589095116,2,3080,
7,85500,S9,0.020904445555061102,2,3290,
7,85800,S11,1.6017333017662168,2,3140,
7,85800,S13,0.019521727226674557,2,3215,
7,85800,S15,0.0674426332116127,2,3258,
7,85800,S16,0.010266597615554929,2,3231,
7,85800,S3,0.0031932551646605134,2,3191,
7,85800,S5,0.017848008312284946,2,2985,
7,85800,S6,0.03767780400812626,2,3299,
7,85800,S7,0.004238164750859141,2,3317,
7,85800,S8,0.00948020676150918,2,3082,
7,85800,S9,0.0014918357483111322,2,3307,
7,86100,S11,0.08182653039693832,2,3157,
7,86100,S13,0.01296054758131504,2,3226,
7,86100,S15,0.10639720410108566,2,3274,
7,86100,S16,0.0009924035402946174,2,3239,
7,86100,S3,0.0021455411915667355,2,3199,
7,86100,S5,0.1820383369922638,2,2996,
7,86100,S6,0.01317892549559474,2,3312,
7,86100,S7,0.002419820346403867,2,3327,
7,86100,S8,0.01173282228410244,2,3084,
7,86100,S9,0.003589503525290638,2,3316,
7,86400,S11,0.23017050698399544,2,3172,
7,86400,S13,0.009739247616380453,2,3236,
7,86400,S15,0.053147608414292336,2,3290,
7,86400,S16,0.0025445392820984125,2,3251,
7,86400,S3,0.008894685190171003,2,3216,
7,86400,S5,0.05321650207042694,2,2998,
7,86400,S6,0.00880557019263506,2,3329,
7,86400,S7,0.022635455708950758,2,3344,
7,86400,S8,0.007821260252967477,2,3097,
7,86400,S9,0.0021809383761137724,2,3328,
129,0,S11,1.0934221744537354,2,2,
129,0,S13,1.0873069167137146,2,2,
129,0,S15,1.093659222126007,2,2,
129,0,S16,1.0725942850112915,2,2,
129,0,S3,1.0918335914611816,2,2,
129,0,S5,1.0755926370620728,2,2,
129,0,S6,1.0957847237586975,2,2,
129,0,S7,1.0995010137557983,2,2,
129,0,S8,1.1314679384231567,2,2,
129,0,S9,1.115194022655487,2,2,
129,300,S11,0.8057263791561127,2,17,
129,300,S13,1.0612080097198486,2,18,
129,300,S15,0.9487806856632233,2,18,
129,300,S16,0.9734869301319122,2,13,
129,300,S3,0.9624515771865845,2,11,
129,300,S5,0.9562069773674011,2,10,
129,300,S6,0.896652340888977,2,19,
129,300,S7,0.9847561419010162,2,10,
129,300,S8,1.0447930693626404,2,4,
129,300,S9,0.9952063858509064,2,11,
129,600,S11,0.8598875999450684,2,23,
129,600,S13,0.9097990989685059,2,31,
129,600,S15,0.9806422293186188,2,29,
129,600,S16,0.660594254732132,2,29,
129,600,S3,0.8460066616535187,2,28,
129,600,S5,0.709306925535202,2,27,
129,600,S6,0.9990251660346985,2,28,
129,600,S7,0.9488786458969116,2,24,
129,600,S8,0.992220938205719,2,9,
129,600,S9,0.9151058793067932,2,23,
129,900,S11,0.4508313685655594,2,39,
129,900,S13,0.996858537197113,2,45,
129,900,S15,0.9158665835857391,2,35,
129,900,S16,0.6799361705780029,2,33,
129,900,S3,0.8564116656780243,2,45,
129,900,S5,0.6944656372070312,2,30,
129,900,S6,0.9305225610733032,2,43,
129,900,S7,0.7870855331420898,2,41,
129,900,S8,0.9802950322628021,2,20,
129,900,S9,0.8405642807483673,2,26,
129,1200,S11,1.104112148284912,2,51,
129,1200,S13,0.955145925283432,2,62,
129,1200,S15,0.7856087386608124,2,50,
129,1200,S16,0.6701219379901886,2,35,
129,1200,S3,0.7262082993984222,2,62,
129,1200,S5,0.48594212532043457,2,44,
129,1200,S6,0.822005569934845,2,57,
129,1200,S7,0.8047405779361725,2,58,
129,1200,S8,1.0869876146316528,2,34,
129,1200,S9,0.9046465754508972,2,29,
129,1500,S11,0.7172562479972839,2,68,
129,1500,S13,0.9879685640335083,2,79,
129,1500,S15,0.8753564357757568,2,67,
129,1500,S16,0.8689325749874115,2,39,
129,1500,S3,0.8080663979053497,2,79,
129,1500,S5,0.5026426613330841,2,61,
129,1500,S6,0.9073400795459747,2,74,
129,1500,S7,0.7540044188499451,2,75,
129,1500,S8,0.9411553740501404,2,51,
129,1500,S9,0.713191956281662,2,46,
129,1800,S11,0.6298676431179047,2,85,
129,1800,S13,0.796434760093689,2,96,
129,1800,S15,0.781871497631073,2,84,
129,1800,S16,0.48301106691360474,2,44,
129,1800,S3,0.7748123109340668,2,87,
129,1800,S5,0.43823787569999695,2,78,
129,1800,S6,0.8872024714946747,2,91,
129,1800,S7,0.8048783242702484,2,85,
129,1800,S8,0.8327606022357941,2,66,
129,1800,S9,0.6322993040084839,2,63,
129,2100,S11,1.405003935098648,2,102,
129,2100,S13,0.8162245154380798,2,99,
129,2100,S15,0.9003845751285553,2,99,
129,2100,S16,0.5498726069927216,2,47,
129,2100,S3,0.6090902984142303,2,90,
129,2100,S5,0.47877950966358185,2,95,
129,2100,S6,0.8107582926750183,2,100,
129,2100,S7,0.7699543833732605,2,89,
129,2100,S8,0.8605374693870544,2,69,
129,2100,S9,0.6112276613712311,2,75,
129,2400,S11,0.9305933117866516,2,112,
129,2400,S13,0.7860755026340485,2,104,
129,2400,S15,0.7795193791389465,2,103,
129,2400,S16,0.46434707939624786,2,61,
129,2400,S3,0.8082508444786072,2,96,
129,2400,S5,0.3438168168067932,2,97,
129,2400,S6,0.8562668561935425,2,109,
129,2400,S7,0.674172431230545,2,94,
129,2400,S8,0.8039080798625946,2,83,
129,2400,S9,0.5707252025604248,2,86,
129,2700,S11,0.4353576898574829,2,121,
129,2700,S13,0.8392817080020905,2,117,
129,2700,S15,0.6897547543048859,2,120,
129,2700,S16,0.39866331219673157,2,68,
129,2700,S3,0.7481257617473602,2,113,
129,2700,S5,0.2695133909583092,2,100,
129,2700,S6,0.8309646546840668,2,118,
129,2700,S7,0.5683530569076538,2,107,
129,2700,S8,0.7597335875034332,2,100,
129,2700,S9,0.4934302419424057,2,103,
129,3000,S11,0.576545238494873,2,136,
129,3000,S13,0.6367358267307281,2,128,
129,3000,S15,0.5848687887191772,2,135,
129,3000,S16,0.4540630877017975,2,79,
129,3000,S3,0.7190805971622467,2,124,
129,3000,S5,0.3507298529148102,2,109,
129,3000,S6,0.7533307671546936,2,126,
129,3000,S7,0.5778066217899323,2,118,
129,3000,S8,0.8409739434719086,2,103,
129,3000,S9,0.4680424928665161,2,106,
129,3300,S11,0.4589656889438629,2,153,
129,3300,S13,0.6762912571430206,2,143,
129,3300,S15,0.5918729901313782,2,148,
129,3300,S16,0.5113244354724884,2,86,
129,3300,S3,0.659770280122757,2,141,
129,3300,S5,0.4742876887321472,2,126,
129,3300,S6,0.8497503995895386,2,128,
129,3300,S7,0.47808948159217834,2,135,
129,3300,S8,0.7587355375289917,2,107,
129,3300,S9,0.43559519946575165,2,113,
129,3600,S11,0.3688053488731384,2,170,
129,3600,S13,0.745141327381134,2,153,
129,3600,S15,0.5502540469169617,2,162,
129,3600,S16,0.30899378657341003,2,102,
129,3600,S3,0.6656854748725891,2,158,
129,3600,S5,0.34705134481191635,2,142,
129,3600,S6,0.7777861058712006,2,136,
129,3600,S7,0.38772714138031006,2,150,
129,3600,S8,0.6965532898902893,2,124,
129,3600,S9,0.3493625670671463,2,130,
129,3900,S11,0.510243833065033,2,181,
129,3900,S13,0.7622377872467041,2,162,
129,3900,S15,0.6213884949684143,2,177,
129,3900,S16,0.3159483000636101,2,109,
129,3900,S3,0.4826098084449768,2,175,
129,3900,S5,0.30883343517780304,2,148,
129,3900,S6,0.828831285238266,2,145,
129,3900,S7,0.4856681376695633,2,165,
129,3900,S8,0.6410409510135651,2,138,
129,3900,S9,0.37834668159484863,2,132,
129,4200,S11,0.2741662636399269,2,183,
129,4200,S13,0.5598967671394348,2,167,
129,4200,S15,0.9657609760761261,2,185,
129,4200,S16,0.49181249737739563,2,116,
129,4200,S3,0.5285577476024628,2,181,
129,4200,S5,0.23981276899576187,2,162,
129,4200,S6,0.6969516277313232,2,150,
129,4200,S7,0.4796020835638046,2,167,
129,4200,S8,0.6423363983631134,2,155,
129,4200,S9,0.3327018916606903,2,139,
129,4500,S11,0.3907962143421173,2,197,
129,4500,S13,0.6502482891082764,2,178,
129,4500,S15,0.6573761701583862,2,198,
129,4500,S16,0.35894763469696045,2,131,
129,4500,S3,0.5917533040046692,2,188,
129,4500,S5,0.2690726965665817,2,174,
129,4500,S6,0.6148397028446198,2,165,
129,4500,S7,0.43791720271110535,2,183,
129,4500,S8,0.6285213232040405,2,172,
129,4500,S9,0.3715437948703766,2,155,
129,4800,S11,0.35356542468070984,2,214,
129,4800,S13,0.5961697399616241,2,191,
129,4800,S15,0.5655344724655151,2,210,
129,4800,S16,0.33676187694072723,2,138,
129,4800,S3,0.5393708944320679,2,198,
129,4800,S5,0.5011399537324905,2,187,
129,4800,S6,0.6497521996498108,2,177,
129,4800,S7,0.38448475301265717,2,187,
129,4800,S8,0.5715739130973816,2,186,
129,4800,S9,0.3366297036409378,2,164,
129,5100,S11,0.38249360024929047,2,224,
129,5100,S13,0.4780128002166748,2,208,
129,5100,S15,0.5076780021190643,2,215,
129,5100,S16,0.3017876297235489,2,141,
129,5100,S3,0.5569213628768921,2,212,
129,5100,S5,0.2450259104371071,2,204,
129,5100,S6,0.5518776774406433,2,194,
129,5100,S7,0.34866368770599365,2,204,
129,5100,S8,0.45755934715270996,2,197,
129,5100,S9,0.33686862885951996,2,167,
129,5400,S11,0.37735511362552643,2,234,
129,5400,S13,0.5241580158472061,2,225,
129,5400,S15,0.5515558421611786,2,217,
129,5400,S16,0.2364557906985283,2,156,
129,5400,S3,0.4553154408931732,2,225,
129,5400,S5,0.6269219517707825,2,219,
129,5400,S6,0.5119374096393585,2,211,
129,5400,S7,0.4345870465040207,2,221,
129,5400,S8,0.6802044212818146,2,214,
129,5400,S9,0.2814164459705353,2,174,
129,5700,S11,0.5368993282318115,2,239,
129,5700,S13,0.629731148481369,2,230,
129,5700,S15,0.41509683430194855,2,223,
129,5700,S16,0.23413656279444695,2,167,
129,5700,S3,0.5076541006565094,2,236,
129,5700,S5,0.21863216161727905,2,228,
129,5700,S6,0.6478616297245026,2,218,
129,5700,S7,0.361864909529686,2,230,
129,5700,S8,0.5336277037858963,2,219,
129,5700,S9,0.2399234101176262,2,176,
129,6000,S11,0.3553136736154556,2,249,
129,6000,S13,0.4889407455921173,2,232,
129,6000,S15,0.5651889145374298,2,235,
129,6000,S16,0.33781732618808746,2,174,
129,6000,S3,0.5604126453399658,2,243,
129,6000,S5,0.2879945933818817,2,237,
129,6000,S6,0.5541942566633224,2,229,
129,6000,S7,0.42695561051368713,2,238,
129,6000,S8,0.6092013418674469,2,226,
129,6000,S9,0.24459751695394516,2,193,
129,6300,S11,0.4182897210121155,2,262,
129,6300,S13,0.5695424228906631,2,244,
129,6300,S15,0.5303033739328384,2,247,
129,6300,S16,0.20091991126537323,2,176,
129,6300,S3,0.5613192319869995,2,260,
129,6300,S5,0.1382499858736992,2,239,
129,6300,S6,0.49062567949295044,2,242,
129,6300,S7,0.7011983096599579,2,244,
129,6300,S8,0.5415185689926147,2,243,
129,6300,S9,0.2273508757352829,2,210,
129,6600,S11,0.4764961153268814,2,276,
129,6600,S13,0.6519918441772461,2,250,
129,6600,S15,0.5432483553886414,2,253,
129,6600,S16,0.21052511036396027,2,179,
129,6600,S3,0.549149364233017,2,277,
129,6600,S5,0.2014220803976059,2,243,
129,6600,S6,0.5707283169031143,2,247,
129,6600,S7,0.35145846009254456,2,247,
129,6600,S8,0.5521710216999054,2,259,
129,6600,S9,0.3414546027779579,2,227,
129,6900,S11,0.167801845818758,2,289,
129,6900,S13,0.5269113034009933,2,254,
129,6900,S15,0.5875238180160522,2,255,
129,6900,S16,0.3120860904455185,2,182,
129,6900,S3,0.5784942805767059,2,289,
129,6900,S5,0.3013603836297989,2,246,
129,6900,S6,0.44104766845703125,2,259,
129,6900,S7,0.33799396455287933,2,259,
129,6900,S8,0.5099750012159348,2,261,
129,6900,S9,0.1890832781791687,2,233,
129,7200,S11,0.3410469964146614,2,292,
129,7200,S13,0.5991692841053009,2,256,
129,7200,S15,0.5167160630226135,2,266,
129,7200,S16,0.17975543439388275,2,191,
129,7200,S3,0.3632648140192032,2,299,
129,7200,S5,0.27467767894268036,2,261,
129,7200,S6,0.48480622470378876,2,275,
129,7200,S7,0.4518686532974243,2,265,
129,7200,S8,0.5356095880270004,2,276,
129,7200,S9,0.18407045304775238,2,246,
129,7500,S11,0.4777522087097168,2,298,
129,7500,S13,0.49852102994918823,2,262,
129,7500,S15,0.4800809621810913,2,283,
129,7500,S16,0.20616043359041214,2,199,
129,7500,S3,0.4884021431207657,2,316,
129,7500,S5,0.24118776619434357,2,273,
129,7500,S6,0.5655601620674133,2,289,
129,7500,S7,0.28615108132362366,2,282,
129,7500,S8,0.5066287368535995,2,293,
129,7500,S9,0.15179511904716492,2,263,
129,7800,S11,0.3871794641017914,2,308,
129,7800,S13,0.484189510345459,2,264,
129,7800,S15,0.5118768513202667,2,287,
129,7800,S16,0.18660424649715424,2,206,
129,7800,S3,0.4513280540704727,2,333,
129,7800,S5,0.20318835228681564,2,287,
129,7800,S6,0.5181695520877838,2,294,
129,7800,S7,0.18680226802825928,2,299,
129,7800,S8,0.41591382026672363,2,310,
129,7800,S9,0.1194046251475811,2,280,
129,8100,S11,0.5866983234882355,2,319,
129,8100,S13,0.4442809075117111,2,268,
129,8100,S15,0.6552300155162811,2,289,
129,8100,S16,0.14680438861250877,2,218,
129,8100,S3,0.46957914531230927,2,344,
129,8100,S5,0.1680961549282074,2,298,
129,8100,S6,0.3923598527908325,2,296,
129,8100,S7,0.2807008922100067,2,310,
129,8100,S8,0.4314385652542114,2,325,
129,8100,S9,0.09603307023644447,2,292,
129,8400,S11,0.37556755542755127,2,332,
129,8400,S13,0.5024913102388382,2,270,
129,8400,S15,0.37746214866638184,2,297,
129,8400,S16,0.12973864376544952,2,235,
129,8400,S3,0.4255424737930298,2,361,
129,8400,S5,0.1777043640613556,2,310,
129,8400,S6,0.43482017517089844,2,298,
129,8400,S7,0.29765644669532776,2,316,
129,8400,S8,0.424251526594162,2,338,
129,8400,S9,0.12175263464450836,2,299,
129,8700,S11,0.30481673777103424,2,344,
129,8700,S13,0.5145353674888611,2,279,
129,8700,S15,0.4687497019767761,2,308,
129,8700,S16,0.16019326448440552,2,252,
129,8700,S3,0.3123457431793213,2,375,
129,8700,S5,0.2661350145936012,2,312,
129,8700,S6,0.38948826491832733,2,314,
129,8700,S7,0.22693809121847153,2,332,
129,8700,S8,0.4233684241771698,2,351,
129,8700,S9,0.08195400983095169,2,312,
129,9000,S11,0.20421145856380463,2,358,
129,9000,S13,0.4554566890001297,2,282,
129,9000,S15,0.4535827040672302,2,323,
129,9000,S16,0.16320998594164848,2,269,
129,9000,S3,0.379770465195179,2,388,
129,9000,S5,0.12471534311771393,2,327,
129,9000,S6,0.43203316628932953,2,319,
129,9000,S7,0.2914496213197708,2,349,
129,9000,S8,0.4106300175189972,2,368,
129,9000,S9,0.1526135392487049,2,324,
129,9300,S11,0.22567972540855408,2,375,
129,9300,S13,0.5575907081365585,2,285,
129,9300,S15,0.5559777468442917,2,335,
129,9300,S16,0.1165575236082077,2,286,
129,9300,S3,0.3414778411388397,2,400,
129,9300,S5,0.17104821652173996,2,343,
129,9300,S6,0.5517063438892365,2,335,
129,9300,S7,0.2943969890475273,2,363,
129,9300,S8,0.38072989881038666,2,385,
129,9300,S9,0.09058072045445442,2,328,
129,9600,S11,0.4480524957180023,2,392,
129,9600,S13,0.4813825190067291,2,300,
129,9600,S15,0.5170404613018036,2,343,
129,9600,S16,0.12290634587407112,2,297,
129,9600,S3,0.31636179983615875,2,417,
129,9600,S5,0.34084391593933105,2,358,
129,9600,S6,0.38918358087539673,2,346,
129,9600,S7,0.20558904856443405,2,380,
129,9600,S8,0.35744884610176086,2,402,
129,9600,S9,0.11153554171323776,2,343,
129,9900,S11,0.20080004632472992,2,408,
129,9900,S13,0.47951599955558777,2,314,
129,9900,S15,0.41965650022029877,2,355,
129,9900,S16,0.15480467677116394,2,314,
129,9900,S3,0.42540013790130615,2,434,
129,9900,S5,0.1287442296743393,2,373,
129,9900,S6,0.38591475784778595,2,360,
129,9900,S7,0.2146076336503029,2,393,
129,9900,S8,0.28220103681087494,2,419,
129,9900,S9,0.08953361213207245,2,360,
129,10200,S11,0.2670399844646454,2,425,
129,10200,S13,0.5041556060314178,2,324,
129,10200,S15,0.4040352702140808,2,364,
129,10200,S16,0.15200664848089218,2,331,
129,10200,S3,0.3392418101429939,2,451,
129,10200,S5,0.10328991711139679,2,383,
129,10200,S6,0.4027601480484009,2,373,
129,10200,S7,0.36175841838121414,2,410,
129,10200,S8,0.32995960116386414,2,436,
129,10200,S9,0.06566911190748215,2,377,
129,10500,S11,1.3719120025634766,2,440,
129,10500,S13,0.4057728946208954,2,326,
129,10500,S15,0.4068559408187866,2,368,
129,10500,S16,0.1047198586165905,2,342,
129,10500,S3,0.32629480957984924,2,468,
129,10500,S5,0.24403755366802216,2,385,
129,10500,S6,0.31076595187187195,2,383,
129,10500,S7,0.23104416579008102,2,427,
129,10500,S8,0.31643396615982056,2,449,
129,10500,S9,0.06802355870604515,2,394,
129,10800,S11,0.501864917576313,2,457,
129,10800,S13,0.37937718629837036,2,339,
129,10800,S15,0.35822783410549164,2,385,
129,10800,S16,0.11869455873966217,2,344,
129,10800,S3,0.2721663787961006,2,477,
129,10800,S5,0.1987753063440323,2,387,
129,10800,S6,0.3837165832519531,2,399,
129,10800,S7,0.3148571252822876,2,444,
129,10800,S8,0.37827353179454803,2,456,
129,10800,S9,0.05119631066918373,2,408,
129,11100,S11,0.30711255967617035,2,474,
129,11100,S13,0.4360126703977585,2,353,
129,11100,S15,0.3902360498905182,2,402,
129,11100,S16,0.11024007946252823,2,347,
129,11100,S3,0.3505808711051941,2,480,
129,11100,S5,0.15714608132839203,2,400,
129,11100,S6,0.45917612314224243,2,416,
129,11100,S7,0.20108307898044586,2,461,
129,11100,S8,0.43968382477760315,2,473,
129,11100,S9,0.08229300752282143,2,425,
129,11400,S11,0.6029290705919266,2,491,
129,11400,S13,0.4580529183149338,2,363,
129,11400,S15,0.36565229296684265,2,419,
129,11400,S16,0.12070797011256218,2,349,
129,11400,S3,0.3419787734746933,2,493,
129,11400,S5,0.17340024188160896,2,413,
129,11400,S6,0.4069129526615143,2,424,
129,11400,S7,0.17136728018522263,2,477,
129,11400,S8,0.3441879153251648,2,490,
129,11400,S9,0.07349698804318905,2,431,
129,11700,S11,0.401572585105896,2,508,
129,11700,S13,0.4711916446685791,2,379,
129,11700,S15,0.3719586879014969,2,433,
129,11700,S16,0.09355464950203896,2,351,
129,11700,S3,0.3586113005876541,2,509,
129,11700,S5,0.22251468896865845,2,424,
129,11700,S6,0.24702825397253036,2,436,
129,11700,S7,0.12554237246513367,2,490,
129,11700,S8,0.32221533358097076,2,505,
129,11700,S9,0.06820569932460785,2,448,
129,12000,S11,1.2942086160182953,2,517,
129,12000,S13,0.4004414528608322,2,386,
129,12000,S15,0.4129323363304138,2,444,
129,12000,S16,0.07206037640571594,2,353,
129,12000,S3,0.3220405653119087,2,526,
129,12000,S5,0.27310677617788315,2,441,
129,12000,S6,0.2675793170928955,2,445,
129,12000,S7,0.12789437919855118,2,507,
129,12000,S8,0.38220474123954773,2,515,
129,12000,S9,0.040057338774204254,2,465,
129,12300,S11,0.9525802433490753,2,522,
129,12300,S13,0.28219515085220337,2,403,
129,12300,S15,0.3453950434923172,2,460,
129,12300,S16,0.08446593955159187,2,355,
129,12300,S3,0.18684908747673035,2,542,
129,12300,S5,0.558362677693367,2,457,
129,12300,S6,0.2590247690677643,2,462,
129,12300,S7,0.19857341796159744,2,518,
129,12300,S8,0.37069374322891235,2,525,
129,12300,S9,0.04754391126334667,2,480,
129,12600,S11,0.2369096875190735,2,524,
129,12600,S13,0.39439260959625244,2,419,
129,12600,S15,0.38189896941185,2,477,
129,12600,S16,0.06747185811400414,2,357,
129,12600,S3,0.20002035051584244,2,555,
129,12600,S5,0.14192736893892288,2,461,
129,12600,S6,0.20861373096704483,2,473,
129,12600,S7,0.10504066944122314,2,531,
129,12600,S8,0.3459354639053345,2,540,
129,12600,S9,0.08125169388949871,2,489,
129,12900,S11,0.26472337543964386,2,540,
129,12900,S13,0.47165921330451965,2,430,
129,12900,S15,0.3353709727525711,2,490,
129,12900,S16,0.042388588190078735,2,368,
129,12900,S3,0.2749013900756836,2,558,
129,12900,S5,0.1923721805214882,2,471,
129,12900,S6,0.3358728885650635,2,490,
129,12900,S7,0.14890801906585693,2,539,
129,12900,S8,0.29953524470329285,2,546,
129,12900,S9,0.07626395672559738,2,506,
129,13200,S11,0.7222257405519485,2,557,
129,13200,S13,0.4908726215362549,2,441,
129,13200,S15,0.33568142354488373,2,499,
129,13200,S16,0.12867512553930283,2,376,
129,13200,S3,0.32600124180316925,2,560,
129,13200,S5,0.47253793478012085,2,481,
129,13200,S6,0.33665384352207184,2,507,
129,13200,S7,0.12970156967639923,2,551,
129,13200,S8,0.2743424326181412,2,555,
129,13200,S9,0.04226191435009241,2,523,
129,13500,S11,0.2876514047384262,2,568,
129,13500,S13,0.35350239276885986,2,446,
129,13500,S15,0.31071557104587555,2,516,
129,13500,S16,0.07091381773352623,2,381,
129,13500,S3,0.3786125108599663,2,562,
129,13500,S5,0.2097797878086567,2,483,
129,13500,S6,0.19768983870744705,2,518,
129,13500,S7,0.19003208726644516,2,568,
129,13500,S8,0.2666846439242363,2,572,
129,13500,S9,0.041308630257844925,2,539,
129,13800,S11,0.3464452959597111,2,584,
129,13800,S13,0.3382534235715866,2,457,
129,13800,S15,0.36261311918497086,2,528,
129,13800,S16,0.07360371388494968,2,392,
129,13800,S3,0.32126107811927795,2,564,
129,13800,S5,0.1337948888540268,2,485,
129,13800,S6,0.15011411905288696,2,521,
129,13800,S7,0.1230381578207016,2,583,
129,13800,S8,0.2756113260984421,2,588,
129,13800,S9,0.03827275987714529,2,552,
129,14100,S11,0.24184225499629974,2,599,
129,14100,S13,0.30492980778217316,2,470,
129,14100,S15,0.24372459948062897,2,530,
129,14100,S16,0.15503058582544327,2,394,
129,14100,S3,0.2762807682156563,2,572,
129,14100,S5,0.14322084933519363,2,494,
129,14100,S6,0.20033680647611618,2,532,
129,14100,S7,0.09247054532170296,2,594,
129,14100,S8,0.24517960846424103,2,590,
129,14100,S9,0.04157991521060467,2,556,
129,14400,S11,0.17878437042236328,2,611,
129,14400,S13,0.326554611325264,2,476,
129,14400,S15,0.28973469138145447,2,532,
129,14400,S16,0.11033978313207626,2,396,
129,14400,S3,0.1701626069843769,2,574,
129,14400,S5,0.13712505996227264,2,504,
129,14400,S6,0.24880199134349823,2,538,
129,14400,S7,0.10961202904582024,2,604,
129,14400,S8,0.42094647884368896,2,602,
129,14400,S9,0.04947332013398409,2,558,
129,14700,S11,0.1770629733800888,2,628,
129,14700,S13,0.4538065195083618,2,479,
129,14700,S15,0.3794317841529846,2,534,
129,14700,S16,0.13609785586595535,2,400,
129,14700,S3,0.22866451740264893,2,577,
129,14700,S5,0.12216198071837425,2,512,
129,14700,S6,0.20698264241218567,2,545,
129,14700,S7,0.09467945620417595,2,611,
129,14700,S8,0.1896151676774025,2,618,
129,14700,S9,0.060613203793764114,2,562,
129,15000,S11,0.9303483366966248,2,645,
129,15000,S13,0.3375161439180374,2,496,
129,15000,S15,0.27865563333034515,2,545,
129,15000,S16,0.04228891059756279,2,417,
129,15000,S3,0.18759451061487198,2,587,
129,15000,S5,0.1618747003376484,2,529,
129,15000,S6,0.17598799616098404,2,562,
129,15000,S7,0.15619610249996185,2,624,
129,15000,S8,0.31511878967285156,2,631,
129,15000,S9,0.026197949424386024,2,577,
129,15300,S11,0.3085346519947052,2,656,
129,15300,S13,0.44018206000328064,2,513,
129,15300,S15,0.4620853513479233,2,555,
129,15300,S16,0.06598982959985733,2,433,
129,15300,S3,0.2535509988665581,2,599,
129,15300,S5,0.07848194241523743,2,542,
129,15300,S6,0.21461765468120575,2,579,
129,15300,S7,0.09549381211400032,2,631,
129,15300,S8,0.3305525630712509,2,641,
129,15300,S9,0.0258577149361372,2,594,
129,15600,S11,0.1384797841310501,2,664,
129,15600,S13,0.354787141084671,2,525,
129,15600,S15,0.3653312921524048,2,571,
129,15600,S16,0.039410851895809174,2,445,
129,15600,S3,0.16868708655238152,2,601,
129,15600,S5,0.1356845758855343,2,556,
129,15600,S6,0.22473222762346268,2,596,
129,15600,S7,0.2053789496421814,2,640,
129,15600,S8,0.25144633650779724,2,658,
129,15600,S9,0.021420003846287727,2,611,
129,15900,S11,0.4062441736459732,2,666,
129,15900,S13,0.35882991552352905,2,527,
129,15900,S15,0.3689640611410141,2,573,
129,15900,S16,0.07433771528303623,2,447,
129,15900,S3,0.17915433645248413,2,607,
129,15900,S5,0.14851021766662598,2,559,
129,15900,S6,0.1708216667175293,2,601,
129,15900,S7,0.08381914719939232,2,648,
129,15900,S8,0.31703443825244904,2,670,
129,15900,S9,0.04864952154457569,2,619,
129,16200,S11,0.7160986736416817,2,682,
129,16200,S13,0.40799587965011597,2,535,
129,16200,S15,0.26717659085989,2,589,
129,16200,S16,0.030409660190343857,2,449,
129,16200,S3,0.14629554003477097,2,621,
129,16200,S5,0.09484680369496346,2,569,
129,16200,S6,0.31418853625655174,2,616,
129,16200,S7,0.1971992291510105,2,657,
129,16200,S8,0.276801161468029,2,676,
129,16200,S9,0.030309039168059826,2,635,
129,16500,S11,0.20993787050247192,2,699,
129,16500,S13,0.2709391787648201,2,544,
129,16500,S15,0.2874078005552292,2,598,
129,16500,S16,0.08793951943516731,2,466,
129,16500,S3,0.15462060645222664,2,635,
129,16500,S5,0.23548829555511475,2,586,
129,16500,S6,0.1868537813425064,2,633,
129,16500,S7,0.09566132351756096,2,674,
129,16500,S8,0.1392388865351677,2,684,
129,16500,S9,0.035865433514118195,2,652,
129,16800,S11,0.17090092226862907,2,716,
129,16800,S13,0.3533136621117592,2,558,
129,16800,S15,0.30800534784793854,2,610,
129,16800,S16,0.060133593156933784,2,483,
129,16800,S3,0.1834561713039875,2,651,
129,16800,S5,0.10603602230548859,2,603,
129,16800,S6,0.2456231564283371,2,650,
129,16800,S7,0.10953022539615631,2,676,
129,16800,S8,0.24089085310697556,2,694,
129,16800,S9,0.060199130326509476,2,669,
129,17100,S11,0.11534685641527176,2,724,
129,17100,S13,0.24009361863136292,2,575,
129,17100,S15,0.539942741394043,2,624,
129,17100,S16,0.08121847547590733,2,500,
129,17100,S3,0.1929326206445694,2,668,
129,17100,S5,0.06511043198406696,2,614,
129,17100,S6,0.1154550090432167,2,667,
129,17100,S7,0.14432461559772491,2,678,
129,17100,S8,0.22089514881372452,2,708,
129,17100,S9,0.05021790601313114,2,675,
129,17400,S11,0.16883445903658867,2,732,
129,17400,S13,0.4765721559524536,2,587,
129,17400,S15,0.2513011246919632,2,633,
129,17400,S16,0.05414430424571037,2,507,
129,17400,S3,0.21826648712158203,2,685,
129,17400,S5,0.06307426281273365,2,627,
129,17400,S6,0.19213764369487762,2,684,
129,17400,S7,0.08645008131861687,2,681,
129,17400,S8,0.2062387764453888,2,721,
129,17400,S9,0.02765815146267414,2,687,
129,17700,S11,0.7931840270757675,2,749,
129,17700,S13,0.3279668241739273,2,598,
129,17700,S15,0.2751450836658478,2,650,
129,17700,S16,0.14646898582577705,2,509,
129,17700,S3,0.13601861894130707,2,702,
129,17700,S5,0.07072430476546288,2,643,
129,17700,S6,0.18295689672231674,2,701,
129,17700,S7,0.08658725768327713,2,683,
129,17700,S8,0.20137152075767517,2,737,
129,17700,S9,0.03469199128448963,2,702,
129,18000,S11,0.1849500685930252,2,766,
129,18000,S13,0.30315598100423813,2,613,
129,18000,S15,0.34967781603336334,2,667,
129,18000,S16,0.018604102544486523,2,511,
129,18000,S3,0.13028210774064064,2,719,
129,18000,S5,0.13978736475110054,2,660,
129,18000,S6,0.12652844563126564,2,714,
129,18000,S7,0.07535044103860855,2,685,
129,18000,S8,0.21200909465551376,2,745,
129,18000,S9,0.034556103870272636,2,710,
129,18300,S11,0.14604584127664566,2,783,
129,18300,S13,0.2434459999203682,2,630,
129,18300,S15,0.34024861454963684,2,684,
129,18300,S16,0.09570088423788548,2,517,
129,18300,S3,0.16729708015918732,2,735,
129,18300,S5,0.13295695930719376,2,671,
129,18300,S6,0.11069021373987198,2,731,
129,18300,S7,0.19630922377109528,2,697,
129,18300,S8,0.25854576379060745,2,754,
129,18300,S9,0.03946737013757229,2,727,
129,18600,S11,0.7502414397895336,2,800,
129,18600,S13,0.27320999652147293,2,636,
129,18600,S15,0.2055121511220932,2,693,
129,18600,S16,0.03615927696228027,2,534,
129,18600,S3,0.21794532239437103,2,746,
129,18600,S5,0.06516350992023945,2,674,
129,18600,S6,0.16473037004470825,2,748,
129,18600,S7,0.06926056370139122,2,706,
129,18600,S8,0.20661329478025436,2,758,
129,18600,S9,0.020085801370441914,2,744,
129,18900,S11,0.586756095290184,2,817,
129,18900,S13,0.30520932376384735,2,641,
129,18900,S15,0.2394186407327652,2,710,
129,18900,S16,0.03299124166369438,2,551,
129,18900,S3,0.21139119192957878,2,757,
129,18900,S5,0.07309213653206825,2,676,
129,18900,S6,0.23133856803178787,2,763,
129,18900,S7,0.06582891196012497,2,711,
129,18900,S8,0.19709446281194687,2,773,
129,18900,S9,0.00821172259747982,2,759,
129,19200,S11,0.40769318491220474,2,831,
129,19200,S13,0.23528145998716354,2,648,
129,19200,S15,0.2303919866681099,2,723,
129,19200,S16,0.03993312641978264,2,565,
129,19200,S3,0.12594123557209969,2,766,
129,19200,S5,0.0638078860938549,2,687,
129,19200,S6,0.2697882726788521,2,773,
129,19200,S7,0.054051147773861885,2,718,
129,19200,S8,0.2452896609902382,2,779,
129,19200,S9,0.016281655058264732,2,767,
129,19500,S11,0.43719741702079773,2,848,
129,19500,S13,0.2938058078289032,2,665,
129,19500,S15,0.31794533133506775,2,730,
129,19500,S16,0.03373727388679981,2,581,
129,19500,S3,0.17237317562103271,2,779,
129,19500,S5,0.05535646714270115,2,701,
129,19500,S6,0.0751168541610241,2,790,
129,19500,S7,0.12571991607546806,2,729,
129,19500,S8,0.2218393161892891,2,792,
129,19500,S9,0.018117422237992287,2,769,
129,19800,S11,0.6062744557857513,2,861,
129,19800,S13,0.22817732393741608,2,682,
129,19800,S15,0.3911481350660324,2,733,
129,19800,S16,0.08657512161880732,2,585,
129,19800,S3,0.2026471197605133,2,785,
129,19800,S5,0.06979316100478172,2,711,
129,19800,S6,0.1209663525223732,2,801,
129,19800,S7,0.09840945713222027,2,744,
129,19800,S8,0.12208829075098038,2,809,
129,19800,S9,0.05140231270343065,2,776,
129,20100,S11,0.2084069475531578,2,874,
129,20100,S13,0.31886009871959686,2,699,
129,20100,S15,0.21706318855285645,2,748,
129,20100,S16,0.02237870916724205,2,602,
129,20100,S3,0.16391505300998688,2,792,
129,20100,S5,0.17248371243476868,2,723,
129,20100,S6,0.16802698746323586,2,816,
129,20100,S7,0.0839194618165493,2,752,
129,20100,S8,0.16712016612291336,2,813,
129,20100,S9,0.02329350495710969,2,783,
129,20400,S11,0.15019452199339867,2,891,
129,20400,S13,0.20589400827884674,2,703,
129,20400,S15,0.21999727934598923,2,755,
129,20400,S16,0.01730850711464882,2,619,
129,20400,S3,0.2257864847779274,2,804,
129,20400,S5,0.07955488190054893,2,726,
129,20400,S6,0.07201197184622288,2,818,
129,20400,S7,0.0974665991961956,2,766,
129,20400,S8,0.14539040997624397,2,815,
129,20400,S9,0.02686669398099184,2,797,
129,20700,S11,0.4051779955625534,2,896,
129,20700,S13,0.2669467031955719,2,720,
129,20700,S15,0.2630954086780548,2,771,
129,20700,S16,0.03579661902040243,2,635,
129,20700,S3,0.1006641611456871,2,812,
129,20700,S5,0.09414730034768581,2,731,
129,20700,S6,0.11177396401762962,2,835,
129,20700,S7,0.08733301237225533,2,768,
129,20700,S8,0.3464956507086754,2,818,
129,20700,S9,0.03126589860767126,2,811,
129,21000,S11,0.19048849493265152,2,908,
129,21000,S13,0.3801953196525574,2,737,
129,21000,S15,0.2657508924603462,2,777,
129,21000,S16,0.023518997244536877,2,651,
129,21000,S3,0.08860863745212555,2,818,
129,21000,S5,0.08208103850483894,2,743,
129,21000,S6,0.13407157734036446,2,852,
129,21000,S7,0.0400365237146616,2,772,
129,21000,S8,0.16490455716848373,2,834,
129,21000,S9,0.02167017525061965,2,825,
129,21300,S11,1.2485364079475403,2,916,
129,21300,S13,0.23352039605379105,2,754,
129,21300,S15,0.2901308983564377,2,779,
129,21300,S16,0.07298791036009789,2,655,
129,21300,S3,0.08829733729362488,2,830,
129,21300,S5,0.04913637042045593,2,757,
129,21300,S6,0.17254262417554855,2,869,
129,21300,S7,0.10373120754957199,2,777,
129,21300,S8,0.1455676108598709,2,851,
129,21300,S9,0.03126903250813484,2,842,
129,21600,S11,0.3090920150279999,2,933,
129,21600,S13,0.1593286395072937,2,771,
129,21600,S15,0.22801384329795837,2,795,
129,21600,S16,0.029723750427365303,2,658,
129,21600,S3,0.08317854441702366,2,847,
129,21600,S5,0.08774997480213642,2,774,
129,21600,S6,0.14716853201389313,2,886,
129,21600,S7,0.03861697483807802,2,792,
129,21600,S8,0.17260747402906418,2,868,
129,21600,S9,0.06880219280719757,2,846,
129,21900,S11,0.16006804257631302,2,950,
129,21900,S13,0.2603301852941513,2,784,
129,21900,S15,0.3069908320903778,2,812,
129,21900,S16,0.023136130534112453,2,671,
129,21900,S3,0.11056679859757423,2,851,
129,21900,S5,0.0521880928426981,2,791,
129,21900,S6,0.13387642055749893,2,901,
129,21900,S7,0.05116986110806465,2,796,
129,21900,S8,0.2133767083287239,2,870,
129,21900,S9,0.02248293813318014,2,859,
129,22200,S11,1.0794690549373627,2,965,
129,22200,S13,0.23782075941562653,2,793,
129,22200,S15,0.271069273352623,2,817,
129,22200,S16,0.0212697796523571,2,681,
129,22200,S3,0.10357343405485153,2,857,
129,22200,S5,0.04029116779565811,2,795,
129,22200,S6,0.10668440163135529,2,914,
129,22200,S7,0.0456419475376606,2,809,
129,22200,S8,0.08860016614198685,2,878,
129,22200,S9,0.01848322805017233,2,868,
129,22500,S11,0.9199643731117249,2,972,
129,22500,S13,0.2668512091040611,2,802,
129,22500,S15,0.3577524721622467,2,830,
129,22500,S16,0.043322278186678886,2,688,
129,22500,S3,0.4564358741044998,2,865,
129,22500,S5,0.05025278404355049,2,800,
129,22500,S6,0.1020799819380045,2,921,
129,22500,S7,0.07548396848142147,2,822,
129,22500,S8,0.14131611958146095,2,886,
129,22500,S9,0.009912150911986828,2,872,
129,22800,S11,1.7533687055110931,2,980,
129,22800,S13,0.33906514942646027,2,814,
129,22800,S15,0.24519964307546616,2,845,
129,22800,S16,0.01590645220130682,2,704,
129,22800,S3,0.22775603085756302,2,882,
129,22800,S5,0.07525848224759102,2,802,
129,22800,S6,0.21165017038583755,2,938,
129,22800,S7,0.17949312552809715,2,834,
129,22800,S8,0.14075010642409325,2,899,
129,22800,S9,0.019031114876270294,2,884,
129,23100,S11,0.29493746161460876,2,987,
129,23100,S13,0.27581557631492615,2,826,
129,23100,S15,0.1749853491783142,2,862,
129,23100,S16,0.02040268201380968,2,706,
129,23100,S3,0.1383380927145481,2,890,
129,23100,S5,0.07386928796768188,2,818,
129,23100,S6,0.14584306627511978,2,955,
129,23100,S7,0.029837744310498238,2,851,
129,23100,S8,0.1526700109243393,2,905,
129,23100,S9,0.05985739082098007,2,901,
129,23400,S11,0.43992920219898224,2,1004,
129,23400,S13,0.1537114828824997,2,843,
129,23400,S15,0.19857041537761688,2,877,
129,23400,S16,0.019133721012622118,2,708,
129,23400,S3,0.08659124746918678,2,902,
129,23400,S5,0.34693493694067,2,823,
129,23400,S6,0.20538964867591858,2,972,
129,23400,S7,0.13397507555782795,2,866,
129,23400,S8,0.06930484622716904,2,919,
129,23400,S9,0.05360231548547745,2,916,
129,23700,S11,0.6794340386986732,2,1016,
129,23700,S13,0.11302738264203072,2,860,
129,23700,S15,0.2461072951555252,2,891,
129,23700,S16,0.030343234539031982,2,714,
129,23700,S3,0.06762989982962608,2,918,
129,23700,S5,0.08504264429211617,2,838,
129,23700,S6,0.13925936073064804,2,983,
129,23700,S7,0.05945625901222229,2,883,
129,23700,S8,0.12706829980015755,2,921,
129,23700,S9,0.008269522804766893,2,927,
129,24000,S11,0.13468101993203163,2,1023,
129,24000,S13,0.1977321058511734,2,875,
129,24000,S15,0.3132186233997345,2,908,
129,24000,S16,0.018470969051122665,2,728,
129,24000,S3,0.06178518012166023,2,933,
129,24000,S5,0.0635802298784256,2,855,
129,24000,S6,0.08895262703299522,2,994,
129,24000,S7,0.1732923947274685,2,886,
129,24000,S8,0.12520521879196167,2,932,
129,24000,S9,0.03445679508149624,2,936,
129,24300,S11,0.16510605812072754,2,1030,
129,24300,S13,0.2948635444045067,2,888,
129,24300,S15,0.14564597979187965,2,913,
129,24300,S16,0.06668329611420631,2,730,
129,24300,S3,0.06310432031750679,2,943,
129,24300,S5,0.06229761242866516,2,863,
129,24300,S6,0.09729741513729095,2,1008,
129,24300,S7,0.04748240113258362,2,900,
129,24300,S8,0.08718705549836159,2,949,
129,24300,S9,0.05839071422815323,2,938,
129,24600,S11,0.23306521028280258,2,1034,
129,24600,S13,0.11402732878923416,2,899,
129,24600,S15,0.31749874353408813,2,923,
129,24600,S16,0.06226828321814537,2,740,
129,24600,S3,0.13530626520514488,2,957,
129,24600,S5,0.03659849613904953,2,871,
129,24600,S6,0.0382982287555933,2,1020,
129,24600,S7,0.046899380162358284,2,914,
129,24600,S8,0.0770128145813942,2,958,
129,24600,S9,0.025617099832743406,2,952,
129,24900,S11,0.17193704098463058,2,1036,
129,24900,S13,0.18263006955385208,2,916,
129,24900,S15,0.20467685163021088,2,933,
129,24900,S16,0.08983969129621983,2,750,
129,24900,S3,0.0743134431540966,2,967,
129,24900,S5,0.10817408561706543,2,888,
129,24900,S6,0.08450917713344097,2,1037,
129,24900,S7,0.05362419132143259,2,931,
129,24900,S8,0.04957539401948452,2,962,
129,24900,S9,0.033155282959342,2,957,
129,25200,S11,0.14942357316613197,2,1042,
129,25200,S13,0.18578438460826874,2,932,
129,25200,S15,0.15479566901922226,2,945,
129,25200,S16,0.050746748223900795,2,752,
129,25200,S3,0.0739285983145237,2,982,
129,25200,S5,0.14994441345334053,2,905,
129,25200,S6,0.0935748191550374,2,1043,
129,25200,S7,0.08421459048986435,2,945,
129,25200,S8,0.13671108707785606,2,964,
129,25200,S9,0.03087491076439619,2,969,
129,25500,S11,0.09227097034454346,2,1051,
129,25500,S13,0.24982106685638428,2,949,
129,25500,S15,0.10342173278331757,2,958,
129,25500,S16,0.021464083343744278,2,764,
129,25500,S3,0.05177300050854683,2,999,
129,25500,S5,0.028511340729892254,2,922,
129,25500,S6,0.11347968131303787,2,1057,
129,25500,S7,0.08288438618183136,2,959,
129,25500,S8,0.1862627062946558,2,966,
129,25500,S9,0.01235635532066226,2,986,
129,25800,S11,0.26904189586639404,2,1066,
129,25800,S13,0.16896815598011017,2,966,
129,25800,S15,0.2632008269429207,2,967,
129,25800,S16,0.025558155961334705,2,775,
129,25800,S3,0.14669361151754856,2,1004,
129,25800,S5,0.071133216843009,2,938,
129,25800,S6,0.2020774930715561,2,1070,
129,25800,S7,0.07987743243575096,2,976,
129,25800,S8,0.09608428552746773,2,980,
129,25800,S9,0.02024648431688547,2,998,
129,26100,S11,0.18963125348091125,2,1074,
129,26100,S13,0.18165454640984535,2,975,
129,26100,S15,0.7942258715629578,2,977,
129,26100,S16,0.05452786013484001,2,792,
129,26100,S3,0.0501424353569746,2,1013,
129,26100,S5,0.033339397981762886,2,955,
129,26100,S6,0.05324382707476616,2,1080,
129,26100,S7,0.03217509388923645,2,993,
129,26100,S8,0.05935787037014961,2,997,
129,26100,S9,0.022317955270409584,2,1005,
129,26400,S11,0.23098283261060715,2,1087,
129,26400,S13,0.37650907039642334,2,988,
129,26400,S15,0.278367280960083,2,986,
129,26400,S16,0.13521024025976658,2,809,
129,26400,S3,0.06494089215993881,2,1029,
129,26400,S5,0.07485412061214447,2,962,
129,26400,S6,0.048310715705156326,2,1093,
129,26400,S7,0.06321823969483376,2,1006,
129,26400,S8,0.06700268015265465,2,1014,
129,26400,S9,0.014312743674963713,2,1022,
129,26700,S11,0.2568511925637722,2,1104,
129,26700,S13,0.3045443743467331,2,992,
129,26700,S15,0.2248988151550293,2,993,
129,26700,S16,0.187651127576828,2,825,
129,26700,S3,0.08835555613040924,2,1046,
129,26700,S5,0.048780541867017746,2,973,
129,26700,S6,0.07573604956269264,2,1099,
129,26700,S7,0.08581390604376793,2,1019,
129,26700,S8,0.1139347217977047,2,1031,
129,26700,S9,0.010299217887222767,2,1039,
129,27000,S11,1.1622546464204788,2,1117,
129,27000,S13,0.28923679888248444,2,1006,
129,27000,S15,0.12228429317474365,2,1000,
129,27000,S16,0.02642141468822956,2,827,
129,27000,S3,0.06936578452587128,2,1059,
129,27000,S5,0.13390479609370232,2,978,
129,27000,S6,0.11440279707312584,2,1106,
129,27000,S7,0.09900144999846816,2,1028,
129,27000,S8,0.054206350818276405,2,1044,
129,27000,S9,0.03567388514056802,2,1047,
129,27300,S11,0.6070162951946259,2,1124,
129,27300,S13,0.09451381862163544,2,1010,
129,27300,S15,0.36606165766716003,2,1009,
129,27300,S16,0.02413818659260869,2,839,
129,27300,S3,0.04934854432940483,2,1071,
129,27300,S5,0.22802408039569855,2,987,
129,27300,S6,0.07455791532993317,2,1109,
129,27300,S7,0.1242608055472374,2,1038,
129,27300,S8,0.0415432108566165,2,1046,
129,27300,S9,0.013661732897162437,2,1051,
129,27600,S11,0.15272784978151321,2,1134,
129,27600,S13,0.27092279493808746,2,1019,
129,27600,S15,0.38848787546157837,2,1013,
129,27600,S16,0.023330174386501312,2,853,
129,27600,S3,0.05445250682532787,2,1088,
129,27600,S5,0.02604922652244568,2,995,
129,27600,S6,0.06140926294028759,2,1111,
129,27600,S7,0.026827135123312473,2,1042,
129,27600,S8,0.10037889517843723,2,1048,
129,27600,S9,0.011519463267177343,2,1064,
129,27900,S11,0.16646859422326088,2,1138,
129,27900,S13,0.17754779011011124,2,1029,
129,27900,S15,0.4150529056787491,2,1015,
129,27900,S16,0.024929708801209927,2,855,
129,27900,S3,0.06809507869184017,2,1104,
129,27900,S5,0.030630968511104584,2,999,
129,27900,S6,0.04413324221968651,2,1113,
129,27900,S7,0.040387303568422794,2,1044,
129,27900,S8,0.1011536531150341,2,1050,
129,27900,S9,0.019297365099191666,2,1081,
129,28200,S11,0.38484126701951027,2,1140,
129,28200,S13,0.1871468722820282,2,1046,
129,28200,S15,0.18082333356142044,2,1026,
129,28200,S16,0.023736887145787477,2,868,
129,28200,S3,0.04855089820921421,2,1120,
129,28200,S5,0.06895298510789871,2,1012,
129,28200,S6,0.058968620374798775,2,1116,
129,28200,S7,0.08185495436191559,2,1047,
129,28200,S8,0.09988158568739891,2,1064,
129,28200,S9,0.014964721165597439,2,1093,
129,28500,S11,0.04692936688661575,2,1154,
129,28500,S13,0.16579816117882729,2,1063,
129,28500,S15,0.24274106323719025,2,1043,
129,28500,S16,0.010546769946813583,2,885,
129,28500,S3,0.08601365610957146,2,1137,
129,28500,S5,0.5090851709246635,2,1015,
129,28500,S6,0.10970200598239899,2,1118,
129,28500,S7,0.06648107152432203,2,1058,
129,28500,S8,0.08130818046629429,2,1080,
129,28500,S9,0.023388762027025223,2,1104,
129,28800,S11,0.051758178509771824,2,1162,
129,28800,S13,0.17448163777589798,2,1080,
129,28800,S15,0.2850399315357208,2,1053,
129,28800,S16,0.012219481635838747,2,898,
129,28800,S3,0.03308664448559284,2,1147,
129,28800,S5,0.21409527212381363,2,1024,
129,28800,S6,0.06790664419531822,2,1131,
129,28800,S7,0.06719993241131306,2,1072,
129,28800,S8,0.06448752246797085,2,1093,
129,28800,S9,0.008995777228847146,2,1111,
129,29100,S11,0.15946462750434875,2,1170,
129,29100,S13,0.24076472595334053,2,1095,
129,29100,S15,0.1604156792163849,2,1057,
129,29100,S16,0.016521982848644257,2,905,
129,29100,S3,0.05808827467262745,2,1149,
129,29100,S5,0.04257763922214508,2,1034,
129,29100,S6,0.06506286561489105,2,1139,
129,29100,S7,0.05314725451171398,2,1085,
129,29100,S8,0.03700157068669796,2,1108,
129,29100,S9,0.012903698720037937,2,1126,
129,29400,S11,0.22601506859064102,2,1184,
129,29400,S13,0.13783159852027893,2,1102,
129,29400,S15,0.2218998372554779,2,1065,
129,29400,S16,0.056368899531662464,2,916,
129,29400,S3,0.03225336782634258,2,1159,
129,29400,S5,0.05362727865576744,2,1047,
129,29400,S6,0.05961446277797222,2,1151,
129,29400,S7,0.0942390002310276,2,1093,
129,29400,S8,0.028725547716021538,2,1124,
129,29400,S9,0.017492284532636404,2,1141,
129,29700,S11,0.1713300496339798,2,1194,
129,29700,S13,0.1078065037727356,2,1119,
129,29700,S15,0.2715725302696228,2,1071,
129,29700,S16,0.014734400901943445,2,926,
129,29700,S3,0.11367948725819588,2,1161,
129,29700,S5,0.05521656200289726,2,1064,
129,29700,S6,0.1456247791647911,2,1168,
129,29700,S7,0.061102911829948425,2,1110,
129,29700,S8,0.09824147075414658,2,1136,
129,29700,S9,0.02503520855680108,2,1147,
129,30000,S11,0.1135360524058342,2,1211,
129,30000,S13,0.12375673651695251,2,1136,
129,30000,S15,0.21689079329371452,2,1080,
129,30000,S16,0.036665323190391064,2,943,
129,30000,S3,0.06650368683040142,2,1169,
129,30000,S5,0.07488256972283125,2,1077,
129,30000,S6,0.1298220455646515,2,1185,
129,30000,S7,0.03210391942411661,2,1121,
129,30000,S8,0.10900545120239258,2,1146,
129,30000,S9,0.021525878459215164,2,1158,
129,30300,S11,0.10032093897461891,2,1228,
129,30300,S13,0.33468061685562134,2,1153,
129,30300,S15,0.2796226739883423,2,1092,
129,30300,S16,0.02710157074034214,2,959,
129,30300,S3,0.0831019077450037,2,1180,
129,30300,S5,0.033468855544924736,2,1088,
129,30300,S6,0.04246814362704754,2,1194,
129,30300,S7,0.05388718470931053,2,1125,
129,30300,S8,0.12914380431175232,2,1162,
129,30300,S9,0.011515740770846605,2,1162,
129,30600,S11,0.5631516948342323,2,1245,
129,30600,S13,0.15968338400125504,2,1170,
129,30600,S15,0.26268739998340607,2,1102,
129,30600,S16,0.013580773491412401,2,963,
129,30600,S3,0.027034321799874306,2,1182,
129,30600,S5,0.03612564783543348,2,1090,
129,30600,S6,0.07576805166900158,2,1204,
129,30600,S7,0.032843383960425854,2,1142,
129,30600,S8,0.09808461926877499,2,1174,
129,30600,S9,0.01849937904626131,2,1179,
129,30900,S11,0.12164536863565445,2,1259,
129,30900,S13,0.0881585069000721,2,1184,
129,30900,S15,0.24097846448421478,2,1119,
129,30900,S16,0.012267974438145757,2,972,
129,30900,S3,0.03548470977693796,2,1191,
129,30900,S5,0.08603175356984138,2,1104,
129,30900,S6,0.021700517274439335,2,1218,
129,30900,S7,0.02155896555632353,2,1159,
129,30900,S8,0.05419157072901726,2,1187,
129,30900,S9,0.020078058121725917,2,1196,
129,31200,S11,0.546036884188652,2,1272,
129,31200,S13,0.4285145401954651,2,1195,
129,31200,S15,0.21455540508031845,2,1123,
129,31200,S16,0.02595585770905018,2,989,
129,31200,S3,0.023951929062604904,2,1208,
129,31200,S5,0.03537795785814524,2,1121,
129,31200,S6,0.04612532816827297,2,1223,
129,31200,S7,0.03945831023156643,2,1176,
129,31200,S8,0.028849538415670395,2,1204,
129,31200,S9,0.02485598996281624,2,1213,
129,31500,S11,0.1282319277524948,2,1279,
129,31500,S13,0.12644773721694946,2,1205,
129,31500,S15,0.22745351493358612,2,1139,
129,31500,S16,0.01484630536288023,2,1006,
129,31500,S3,0.023064258508384228,2,1215,
129,31500,S5,0.030615261755883694,2,1128,
129,31500,S6,0.0535399466753006,2,1228,
129,31500,S7,0.01982802990823984,2,1192,
129,31500,S8,0.07388510461896658,2,1216,
129,31500,S9,0.0035652893129736185,2,1230,
129,31800,S11,0.13809238746762276,2,1285,
129,31800,S13,0.15630027651786804,2,1219,
129,31800,S15,0.1841117963194847,2,1153,
129,31800,S16,0.02036874182522297,2,1017,
129,31800,S3,0.030766425654292107,2,1232,
129,31800,S5,0.10021196585148573,2,1136,
129,31800,S6,0.07956656441092491,2,1240,
129,31800,S7,0.04094817116856575,2,1194,
129,31800,S8,0.0807939413934946,2,1233,
129,31800,S9,0.014028058387339115,2,1237,
129,32100,S11,0.10323845967650414,2,1302,
129,32100,S13,0.24780955910682678,2,1233,
129,32100,S15,0.2321961149573326,2,1160,
129,32100,S16,0.0632568933069706,2,1027,
129,32100,S3,0.0714983306825161,2,1243,
129,32100,S5,0.21204480528831482,2,1147,
129,32100,S6,0.046025095507502556,2,1257,
129,32100,S7,0.029154473915696144,2,1205,
129,32100,S8,0.08641533926129341,2,1250,
129,32100,S9,0.024134407052770257,2,1246,
129,32400,S11,0.20672672986984253,2,1319,
129,32400,S13,0.07100889831781387,2,1242,
129,32400,S15,0.15229422599077225,2,1165,
129,32400,S16,0.006528889061883092,2,1039,
129,32400,S3,0.02538105472922325,2,1260,
129,32400,S5,0.07080801203846931,2,1151,
129,32400,S6,0.018390425480902195,2,1274,
129,32400,S7,0.02454645000398159,2,1210,
129,32400,S8,0.02428314834833145,2,1267,
129,32400,S9,0.06938964501023293,2,1250,
129,32700,S11,0.07680529728531837,2,1334,
129,32700,S13,0.09033812209963799,2,1259,
129,32700,S15,0.26950155198574066,2,1171,
129,32700,S16,0.010111704468727112,2,1047,
129,32700,S3,0.020456516183912754,2,1272,
129,32700,S5,0.023752951063215733,2,1162,
129,32700,S6,0.042570145800709724,2,1291,
129,32700,S7,0.10126186534762383,2,1225,
129,32700,S8,0.07710679061710835,2,1279,
129,32700,S9,0.04253803752362728,2,1258,
129,33000,S11,0.060511115938425064,2,1340,
129,33000,S13,0.5497514605522156,2,1264,
129,33000,S15,0.2463681995868683,2,1177,
129,33000,S16,0.01212871354073286,2,1051,
129,33000,S3,0.02210531383752823,2,1278,
129,33000,S5,0.04104641638696194,2,1178,
129,33000,S6,0.02849834691733122,2,1303,
129,33000,S7,0.07792303711175919,2,1238,
129,33000,S8,0.07857865188270807,2,1291,
129,33000,S9,0.006844930816441774,2,1274,
129,33300,S11,0.1847953051328659,2,1343,
129,33300,S13,0.09524768218398094,2,1272,
129,33300,S15,0.23725218325853348,2,1194,
129,33300,S16,0.024490621872246265,2,1058,
129,33300,S3,0.03001892752945423,2,1294,
129,33300,S5,0.08156346902251244,2,1191,
129,33300,S6,0.03687252476811409,2,1319,
129,33300,S7,0.016479740384966135,2,1254,
129,33300,S8,0.041632628068327904,2,1300,
129,33300,S9,0.01084274728782475,2,1277,
129,33600,S11,0.10111698508262634,2,1359,
129,33600,S13,0.24708908051252365,2,1285,
129,33600,S15,0.15765562653541565,2,1205,
129,33600,S16,0.008843610063195229,2,1060,
129,33600,S3,0.02545603271573782,2,1305,
129,33600,S5,0.04636497423052788,2,1207,
129,33600,S6,0.09971588291227818,2,1333,
129,33600,S7,0.055070389062166214,2,1264,
129,33600,S8,0.10432571172714233,2,1309,
129,33600,S9,0.007763825124129653,2,1287,
129,33900,S11,0.09924590587615967,2,1361,
129,33900,S13,0.12646416574716568,2,1298,
129,33900,S15,0.25672663003206253,2,1209,
129,33900,S16,0.010808084858581424,2,1073,
129,33900,S3,0.058373757638037205,2,1307,
129,33900,S5,0.4592340551316738,2,1218,
129,33900,S6,0.037639875896275043,2,1339,
129,33900,S7,0.020334375090897083,2,1276,
129,33900,S8,0.06754688918590546,2,1321,
129,33900,S9,0.0071043469943106174,2,1289,
129,34200,S11,0.07560000428929925,2,1370,
129,34200,S13,0.14318053424358368,2,1301,
129,34200,S15,0.24564699828624725,2,1223,
129,34200,S16,0.010620420332998037,2,1076,
129,34200,S3,0.09263518080115318,2,1320,
129,34200,S5,0.115032859146595,2,1232,
129,34200,S6,0.0372625607997179,2,1347,
129,34200,S7,0.02288779243826866,2,1278,
129,34200,S8,0.04181511886417866,2,1333,
129,34200,S9,0.0118883668910712,2,1291,
129,34500,S11,0.2659411355853081,2,1374,
129,34500,S13,0.2666981965303421,2,1309,
129,34500,S15,0.16623613983392715,2,1236,
129,34500,S16,0.00504306354559958,2,1089,
129,34500,S3,0.08963397517800331,2,1333,
129,34500,S5,0.041369520127773285,2,1245,
129,34500,S6,0.05798029899597168,2,1349,
129,34500,S7,0.028659296222031116,2,1280,
129,34500,S8,0.016415129881352186,2,1336,
129,34500,S9,0.0179796633310616,2,1295,
129,34800,S11,0.06693524867296219,2,1386,
129,34800,S13,0.22871102392673492,2,1325,
129,34800,S15,0.2395392581820488,2,1249,
129,34800,S16,0.009447243763133883,2,1104,
129,34800,S3,0.020892518106848,2,1348,
129,34800,S5,0.02818130049854517,2,1249,
129,34800,S6,0.027424306608736515,2,1353,
129,34800,S7,0.03884187527000904,2,1293,
129,34800,S8,0.06832432188093662,2,1344,
129,34800,S9,0.029045560397207737,2,1307,
129,35100,S11,0.10229389183223248,2,1403,
129,35100,S13,0.4049261659383774,2,1327,
129,35100,S15,0.2060031220316887,2,1262,
129,35100,S16,0.011455464642494917,2,1118,
129,35100,S3,0.052841655910015106,2,1361,
129,35100,S5,0.041891034692525864,2,1261,
129,35100,S6,0.06535433977842331,2,1370,
129,35100,S7,0.020718976855278015,2,1310,
129,35100,S8,0.04157083295285702,2,1360,
129,35100,S9,0.024859562050551176,2,1315,
129,35400,S11,0.1262652762234211,2,1420,
129,35400,S13,0.10550505667924881,2,1329,
129,35400,S15,0.22478006780147552,2,1272,
129,35400,S16,0.008915696758776903,2,1125,
129,35400,S3,0.03820045292377472,2,1378,
129,35400,S5,0.05960340239107609,2,1264,
129,35400,S6,0.04439903609454632,2,1387,
129,35400,S7,0.029068615287542343,2,1327,
129,35400,S8,0.026850170455873013,2,1367,
129,35400,S9,0.005100383190438151,2,1332,
129,35700,S11,0.17944324761629105,2,1423,
129,35700,S13,0.6837262958288193,2,1345,
129,35700,S15,0.1096738912165165,2,1279,
129,35700,S16,0.012705524452030659,2,1140,
129,35700,S3,0.018269441090524197,2,1395,
129,35700,S5,0.03938309662044048,2,1279,
129,35700,S6,0.06530395895242691,2,1396,
129,35700,S7,0.034779385663568974,2,1329,
129,35700,S8,0.049483295530080795,2,1384,
129,35700,S9,0.007918407442048192,2,1349,
129,36000,S11,0.12107452005147934,2,1433,
129,36000,S13,0.11380599439144135,2,1362,
129,36000,S15,0.3400655463337898,2,1295,
129,36000,S16,0.004889932926744223,2,1157,
129,36000,S3,0.03151875641196966,2,1402,
129,36000,S5,0.03494158387184143,2,1290,
129,36000,S6,0.03281408175826073,2,1410,
129,36000,S7,0.01202823081985116,2,1344,
129,36000,S8,0.015029207337647676,2,1400,
129,36000,S9,0.004095036769285798,2,1364,
129,36300,S11,0.11939425766468048,2,1450,
129,36300,S13,0.08517514914274216,2,1379,
129,36300,S15,0.11651410907506943,2,1308,
129,36300,S16,0.005645574536174536,2,1174,
129,36300,S3,0.03136955853551626,2,1414,
129,36300,S5,0.0712997131049633,2,1300,
129,36300,S6,0.050539279356598854,2,1416,
129,36300,S7,0.03203000966459513,2,1360,
129,36300,S8,0.04578973585739732,2,1417,
129,36300,S9,0.014238911680877209,2,1381,
129,36600,S11,0.0396733321249485,2,1467,
129,36600,S13,0.08324053138494492,2,1384,
129,36600,S15,0.1585598811507225,2,1314,
129,36600,S16,0.009973858948796988,2,1191,
129,36600,S3,0.022278939373791218,2,1427,
129,36600,S5,0.030044693499803543,2,1309,
129,36600,S6,0.022824828512966633,2,1425,
129,36600,S7,0.023067858070135117,2,1366,
129,36600,S8,0.07125525828450918,2,1431,
129,36600,S9,0.012241173069924116,2,1398,
129,36900,S11,0.05313144251704216,2,1484,
129,36900,S13,0.15443839132785797,2,1400,
129,36900,S15,0.16575877368450165,2,1331,
129,36900,S16,0.0071014027344062924,2,1208,
129,36900,S3,0.024537463672459126,2,1441,
129,36900,S5,0.08559631556272507,2,1325,
129,36900,S6,0.02816738188266754,2,1438,
129,36900,S7,0.009227713104337454,2,1382,
129,36900,S8,0.027061106637120247,2,1439,
129,36900,S9,0.003955499501898885,2,1407,
129,37200,S11,0.5231404826045036,2,1488,
129,37200,S13,0.07016932591795921,2,1417,
129,37200,S15,0.2544284611940384,2,1348,
129,37200,S16,0.020343683660030365,2,1224,
129,37200,S3,0.011230526259168983,2,1453,
129,37200,S5,0.03642872115597129,2,1333,
129,37200,S6,0.16817324608564377,2,1452,
129,37200,S7,0.016889805905520916,2,1391,
129,37200,S8,0.027407155372202396,2,1454,
129,37200,S9,0.006518832873553038,2,1415,
129,37500,S11,0.18992429226636887,2,1497,
129,37500,S13,0.14654219523072243,2,1430,
129,37500,S15,0.12140060216188431,2,1362,
129,37500,S16,0.00653821462765336,2,1226,
129,37500,S3,0.015380746219307184,2,1468,
129,37500,S5,0.19268370419740677,2,1340,
129,37500,S6,0.01143209170550108,2,1469,
129,37500,S7,0.011487384326756,2,1393,
129,37500,S8,0.10962839797139168,2,1462,
129,37500,S9,0.00818804488517344,2,1430,
129,37800,S11,0.10731908306479454,2,1514,
129,37800,S13,0.09195224568247795,2,1447,
129,37800,S15,0.16603093594312668,2,1379,
129,37800,S16,0.01519630616530776,2,1238,
129,37800,S3,0.013265680521726608,2,1485,
129,37800,S5,0.03827556595206261,2,1342,
129,37800,S6,0.027900274842977524,2,1486,
129,37800,S7,0.07153504993766546,2,1408,
129,37800,S8,0.051795752719044685,2,1472,
129,37800,S9,0.009734181687235832,2,1447,
129,38100,S11,0.36597681045532227,2,1527,
129,38100,S13,0.08040006831288338,2,1464,
129,38100,S15,0.39603719115257263,2,1386,
129,38100,S16,0.0166042756754905,2,1243,
129,38100,S3,0.014832351356744766,2,1494,
129,38100,S5,0.050967227667570114,2,1346,
129,38100,S6,0.03394034691154957,2,1497,
129,38100,S7,0.011757195927202702,2,1421,
129,38100,S8,0.04695165902376175,2,1474,
129,38100,S9,0.010260264505632222,2,1464,
129,38400,S11,0.5608091354370117,2,1544,
129,38400,S13,0.13586579263210297,2,1481,
129,38400,S15,0.08583247661590576,2,1388,
129,38400,S16,0.035250404849648476,2,1253,
129,38400,S3,0.013227366376668215,2,1511,
129,38400,S5,0.029410675168037415,2,1360,
129,38400,S6,0.061814084649086,2,1508,
129,38400,S7,0.013047871645539999,2,1438,
129,38400,S8,0.04020720347762108,2,1480,
129,38400,S9,0.029498500749468803,2,1480,
129,38700,S11,0.34720732271671295,2,1559,
129,38700,S13,0.07594581879675388,2,1498,
129,38700,S15,0.15124158561229706,2,1397,
129,38700,S16,0.0161878380458802,2,1262,
129,38700,S3,0.014207903295755386,2,1524,
129,38700,S5,0.11325938440859318,2,1377,
129,38700,S6,0.020872739143669605,2,1515,
129,38700,S7,0.024870882742106915,2,1442,
129,38700,S8,0.05187120474874973,2,1485,
129,38700,S9,0.003676235442981124,2,1487,
129,39000,S11,0.2642001658678055,2,1564,
129,39000,S13,0.04627065733075142,2,1514,
129,39000,S15,0.1357210949063301,2,1408,
129,39000,S16,0.0164012610912323,2,1272,
129,39000,S3,0.018041957169771194,2,1527,
129,39000,S5,0.04590439144521952,2,1388,
129,39000,S6,0.07356162369251251,2,1520,
129,39000,S7,0.010822838172316551,2,1444,
129,39000,S8,0.0244588116183877,2,1489,
129,39000,S9,0.007058350834995508,2,1491,
129,39300,S11,0.11468897014856339,2,1581,
129,39300,S13,0.13066133856773376,2,1517,
129,39300,S15,0.1792825609445572,2,1410,
129,39300,S16,0.011869124136865139,2,1274,
129,39300,S3,0.028814642690122128,2,1543,
129,39300,S5,0.022645894438028336,2,1401,
129,39300,S6,0.027908870950341225,2,1532,
129,39300,S7,0.013610281981527805,2,1446,
129,39300,S8,0.02355000749230385,2,1498,
129,39300,S9,0.008500640629790723,2,1498,
129,39600,S11,0.12227537110447884,2,1593,
129,39600,S13,0.056999024003744125,2,1532,
129,39600,S15,0.27403541654348373,2,1412,
129,39600,S16,0.016566243255510926,2,1285,
129,39600,S3,0.04134426638484001,2,1558,
129,39600,S5,0.02087138593196869,2,1416,
129,39600,S6,0.03259324189275503,2,1545,
129,39600,S7,0.054763390216976404,2,1448,
129,39600,S8,0.01634496310725808,2,1511,
129,39600,S9,0.00376224669162184,2,1509,
129,39900,S11,0.10406833328306675,2,1595,
129,39900,S13,0.05864164978265762,2,1546,
129,39900,S15,0.14091192558407784,2,1414,
129,39900,S16,0.0067327022552490234,2,1300,
129,39900,S3,0.021458369679749012,2,1571,
129,39900,S5,0.7981063723564148,2,1420,
129,39900,S6,0.0430314876139164,2,1549,
129,39900,S7,0.02726293681189418,2,1450,
129,39900,S8,0.01735801575705409,2,1524,
129,39900,S9,0.002583077410236001,2,1521,
129,40200,S11,0.09336955845355988,2,1597,
129,40200,S13,0.096001286059618,2,1563,
129,40200,S15,0.07593481056392193,2,1424,
129,40200,S16,0.02966741845011711,2,1317,
129,40200,S3,0.02480086125433445,2,1581,
129,40200,S5,0.11459586024284363,2,1433,
129,40200,S6,0.0527043342590332,2,1551,
129,40200,S7,0.010936458129435778,2,1460,
129,40200,S8,0.11356934811919928,2,1541,
129,40200,S9,0.005182895576581359,2,1527,
129,40500,S11,0.3042111098766327,2,1599,
129,40500,S13,0.02647246979176998,2,1580,
129,40500,S15,0.22202888876199722,2,1441,
129,40500,S16,0.03252158313989639,2,1331,
129,40500,S3,0.055915797129273415,2,1586,
129,40500,S5,0.036333559080958366,2,1450,
129,40500,S6,0.029682292137295008,2,1557,
129,40500,S7,0.01656758226454258,2,1473,
129,40500,S8,0.014591607265174389,2,1549,
129,40500,S9,0.011643966194242239,2,1535,
129,40800,S11,0.15092644467949867,2,1613,
129,40800,S13,0.124482661485672,2,1589,
129,40800,S15,0.24226268380880356,2,1458,
129,40800,S16,0.010473425034433603,2,1335,
129,40800,S3,0.02234823815524578,2,1597,
129,40800,S5,0.04041915759444237,2,1467,
129,40800,S6,0.08223224803805351,2,1574,
129,40800,S7,0.07172420527786016,2,1487,
129,40800,S8,0.011352939065545797,2,1565,
129,40800,S9,0.023096863878890872,2,1551,
129,41100,S11,0.26556915044784546,2,1629,
129,41100,S13,0.14730612561106682,2,1591,
129,41100,S15,0.1620943509042263,2,1472,
129,41100,S16,0.011130356695502996,2,1338,
129,41100,S3,0.030349875800311565,2,1607,
129,41100,S5,0.05024721659719944,2,1470,
129,41100,S6,0.021676538046449423,2,1590,
129,41100,S7,0.09639580175280571,2,1504,
129,41100,S8,0.030168341007083654,2,1582,
129,41100,S9,0.0059006798546761274,2,1568,
129,41400,S11,0.1106441356241703,2,1646,
129,41400,S13,0.07633720152080059,2,1608,
129,41400,S15,0.19278281182050705,2,1487,
129,41400,S16,0.010721409227699041,2,1349,
129,41400,S3,0.01630363706499338,2,1613,
129,41400,S5,0.0619307029992342,2,1479,
129,41400,S6,0.025062378495931625,2,1600,
129,41400,S7,0.0068481480702757835,2,1519,
129,41400,S8,0.12731157895177603,2,1599,
129,41400,S9,0.013342767488211393,2,1585,
129,41700,S11,0.17788607254624367,2,1663,
129,41700,S13,0.18127868324518204,2,1612,
129,41700,S15,0.1974031776189804,2,1504,
129,41700,S16,0.008261845912784338,2,1353,
129,41700,S3,0.01427129004150629,2,1621,
129,41700,S5,0.02953425794839859,2,1487,
129,41700,S6,0.18358724378049374,2,1617,
129,41700,S7,0.0145790025126189,2,1523,
129,41700,S8,0.015253286343067884,2,1616,
129,41700,S9,0.005674389190971851,2,1591,
129,42000,S11,0.14673426002264023,2,1675,
129,42000,S13,0.1662696674466133,2,1614,
129,42000,S15,0.1490805707871914,2,1518,
129,42000,S16,0.003791611292399466,2,1365,
129,42000,S3,0.053666341584175825,2,1631,
129,42000,S5,0.02698551118373871,2,1498,
129,42000,S6,0.03179187932983041,2,1632,
129,42000,S7,0.1781648611649871,2,1540,
129,42000,S8,0.006057375809177756,2,1631,
129,42000,S9,0.014452960342168808,2,1597,
129,42300,S11,0.0345264682546258,2,1677,
129,42300,S13,0.06035287864506245,2,1616,
129,42300,S15,0.24687349796295166,2,1520,
129,42300,S16,0.01202966645359993,2,1380,
129,42300,S3,0.021733645349740982,2,1646,
129,42300,S5,0.0704765934497118,2,1506,
129,42300,S6,0.09699336439371109,2,1635,
129,42300,S7,0.017190450336784124,2,1548,
129,42300,S8,0.03504972718656063,2,1648,
129,42300,S9,0.0067944705951958895,2,1606,
129,42600,S11,0.23867610096931458,2,1690,
129,42600,S13,0.05698703974485397,2,1624,
129,42600,S15,0.12873895838856697,2,1528,
129,42600,S16,0.028172817546874285,2,1387,
129,42600,S3,0.02178434282541275,2,1661,
129,42600,S5,0.09937554225325584,2,1508,
129,42600,S6,0.04454197734594345,2,1637,
129,42600,S7,0.012319183442741632,2,1559,
129,42600,S8,0.007836319971829653,2,1659,
129,42600,S9,0.029643117683008313,2,1608,
129,42900,S11,0.055374907329678535,2,1705,
129,42900,S13,0.06267640739679337,2,1627,
129,42900,S15,0.1520562842488289,2,1545,
129,42900,S16,0.008568518096581101,2,1389,
129,42900,S3,0.011760498397052288,2,1678,
129,42900,S5,0.04665934666991234,2,1514,
129,42900,S6,0.0134224824141711,2,1646,
129,42900,S7,0.013481283094733953,2,1575,
129,42900,S8,0.015599500853568316,2,1668,
129,42900,S9,0.007330008549615741,2,1610,
129,43200,S11,0.07669882848858833,2,1713,
129,43200,S13,0.10777153819799423,2,1634,
129,43200,S15,0.18264758586883545,2,1562,
129,43200,S16,0.003628393169492483,2,1401,
129,43200,S3,0.03824046440422535,2,1689,
129,43200,S5,0.10229587834328413,2,1531,
129,43200,S6,0.03917384520173073,2,1663,
129,43200,S7,0.028201108798384666,2,1587,
129,43200,S8,0.02150509739294648,2,1685,
129,43200,S9,0.003626609919592738,2,1621,
129,43500,S11,0.35007101111114025,2,1719,
129,43500,S13,0.10209136828780174,2,1637,
129,43500,S15,0.1615627259016037,2,1576,
129,43500,S16,0.009654594119638205,2,1416,
129,43500,S3,0.013853953219950199,2,1691,
129,43500,S5,0.03792884759604931,2,1539,
129,43500,S6,0.018033108673989773,2,1676,
129,43500,S7,0.013414789456874132,2,1604,
129,43500,S8,0.027339890599250793,2,1695,
129,43500,S9,0.0051017774967476726,2,1638,
129,43800,S11,0.12394844740629196,2,1729,
129,43800,S13,0.1152585931122303,2,1653,
129,43800,S15,0.1934017539024353,2,1592,
129,43800,S16,0.010031659505330026,2,1433,
129,43800,S3,0.020049142185598612,2,1707,
129,43800,S5,0.03375757113099098,2,1551,
129,43800,S6,0.057055532932281494,2,1684,
129,43800,S7,0.042485141195356846,2,1618,
129,43800,S8,0.17897263262420893,2,1697,
129,43800,S9,0.03504137136042118,2,1655,
129,44100,S11,0.27558957040309906,2,1735,
129,44100,S13,0.19973938912153244,2,1670,
129,44100,S15,0.1241101436316967,2,1601,
129,44100,S16,0.00479616760276258,2,1443,
129,44100,S3,0.013086043996736407,2,1718,
129,44100,S5,0.06977777183055878,2,1560,
129,44100,S6,0.03815046977251768,2,1686,
129,44100,S7,0.007547327550128102,2,1622,
129,44100,S8,0.007126274518668652,2,1700,
129,44100,S9,0.04258401971310377,2,1671,
129,44400,S11,0.2546331584453583,2,1750,
129,44400,S13,0.27976199984550476,2,1672,
129,44400,S15,0.16105716675519943,2,1605,
129,44400,S16,0.021152657456696033,2,1459,
129,44400,S3,0.006897539831697941,2,1727,
129,44400,S5,0.018853789195418358,2,1573,
129,44400,S6,0.019113801885396242,2,1699,
129,44400,S7,0.021209285594522953,2,1624,
129,44400,S8,0.015511542093008757,2,1710,
129,44400,S9,0.0036021043779328465,2,1684,
129,44700,S11,0.08487352356314659,2,1760,
129,44700,S13,0.10438509285449982,2,1679,
129,44700,S15,0.18231190741062164,2,1614,
129,44700,S16,0.007004442159086466,2,1470,
129,44700,S3,0.01797015778720379,2,1729,
129,44700,S5,0.02103567775338888,2,1586,
129,44700,S6,0.018430059775710106,2,1711,
129,44700,S7,0.019959391560405493,2,1636,
129,44700,S8,0.016113105230033398,2,1722,
129,44700,S9,0.009451069869101048,2,1689,
129,45000,S11,1.320134399458766,2,1767,
129,45000,S13,0.0500484723597765,2,1685,
129,45000,S15,0.1534009352326393,2,1624,
129,45000,S16,0.007767758797854185,2,1482,
129,45000,S3,0.010969631024636328,2,1731,
129,45000,S5,0.04069138318300247,2,1596,
129,45000,S6,0.017486981581896544,2,1716,
129,45000,S7,0.01871488243341446,2,1653,
129,45000,S8,0.0215369313955307,2,1729,
129,45000,S9,0.01298720482736826,2,1698,
129,45300,S11,0.3601839132606983,2,1772,
129,45300,S13,0.066421864554286,2,1702,
129,45300,S15,0.1628580093383789,2,1626,
129,45300,S16,0.0056164327543228865,2,1499,
129,45300,S3,0.022730514407157898,2,1741,
129,45300,S5,0.0666203610599041,2,1598,
129,45300,S6,0.027562129544094205,2,1733,
129,45300,S7,0.030605248175561428,2,1670,
129,45300,S8,0.017018243670463562,2,1736,
129,45300,S9,0.015244784764945507,2,1703,
129,45600,S11,0.09167905524373055,2,1781,
129,45600,S13,0.038687088526785374,2,1719,
129,45600,S15,0.09921567142009735,2,1628,
129,45600,S16,0.009176268707960844,2,1516,
129,45600,S3,0.024628739804029465,2,1757,
129,45600,S5,0.014908925630152225,2,1613,
129,45600,S6,0.09913621470332146,2,1746,
129,45600,S7,0.043856212636455894,2,1687,
129,45600,S8,0.01639736071228981,2,1753,
129,45600,S9,0.003456845588516444,2,1719,
129,45900,S11,0.0638185110874474,2,1798,
129,45900,S13,0.29819586873054504,2,1736,
129,45900,S15,0.13832400366663933,2,1630,
129,45900,S16,0.007606536848470569,2,1533,
129,45900,S3,0.052321551367640495,2,1774,
129,45900,S5,0.03560552932322025,2,1617,
129,45900,S6,0.031524219550192356,2,1748,
129,45900,S7,0.014153192285448313,2,1701,
129,45900,S8,0.026222691871225834,2,1760,
129,45900,S9,0.008024626411497593,2,1736,
129,46200,S11,0.11588311940431595,2,1806,
129,46200,S13,0.054496923461556435,2,1753,
129,46200,S15,0.12221580930054188,2,1632,
129,46200,S16,0.01952538453042507,2,1541,
129,46200,S3,0.09295524284243584,2,1781,
129,46200,S5,0.016113849356770515,2,1619,
129,46200,S6,0.01832815818488598,2,1755,
129,46200,S7,0.010959772858768702,2,1713,
129,46200,S8,0.023360167630016804,2,1766,
129,46200,S9,0.01864457782357931,2,1749,
129,46500,S11,0.05486663896590471,2,1814,
129,46500,S13,1.602007269859314,2,1761,
129,46500,S15,0.10084203258156776,2,1634,
129,46500,S16,0.04191981954500079,2,1546,
129,46500,S3,0.023903230670839548,2,1795,
129,46500,S5,0.21501253172755241,2,1628,
129,46500,S6,0.014372372068464756,2,1772,
129,46500,S7,0.006727045867592096,2,1719,
129,46500,S8,0.05158461071550846,2,1771,
129,46500,S9,0.03005112730897963,2,1766,
129,46800,S11,0.10310505330562592,2,1822,
129,46800,S13,0.056386543437838554,2,1774,
129,46800,S15,0.13300537317991257,2,1641,
129,46800,S16,0.009920564945787191,2,1555,
129,46800,S3,0.05588926747441292,2,1812,
129,46800,S5,0.010325734503567219,2,1638,
129,46800,S6,0.024411321617662907,2,1789,
129,46800,S7,0.007070566527545452,2,1726,
129,46800,S8,0.011187744326889515,2,1787,
129,46800,S9,0.005544182960875332,2,1783,
129,47100,S11,0.03532451996579766,2,1830,
129,47100,S13,0.026149339973926544,2,1791,
129,47100,S15,0.1843651980161667,2,1658,
129,47100,S16,0.01258593425154686,2,1559,
129,47100,S3,0.029360460117459297,2,1822,
129,47100,S5,0.08763367682695389,2,1655,
129,47100,S6,0.08778855577111244,2,1798,
129,47100,S7,0.008963792584836483,2,1735,
129,47100,S8,0.014206438791006804,2,1804,
129,47100,S9,0.008305737748742104,2,1793,
129,47400,S11,0.2613713890314102,2,1847,
129,47400,S13,0.07683217711746693,2,1808,
129,47400,S15,0.30867576599121094,2,1667,
129,47400,S16,0.015156065812334418,2,1567,
129,47400,S3,0.03254762850701809,2,1835,
129,47400,S5,0.05690291989594698,2,1663,
129,47400,S6,0.006331657757982612,2,1812,
129,47400,S7,0.02840733900666237,2,1751,
129,47400,S8,0.021451552398502827,2,1821,
129,47400,S9,0.00423524749930948,2,1795,
129,47700,S11,0.07518838904798031,2,1857,
129,47700,S13,0.05864851921796799,2,1813,
129,47700,S15,0.14530253410339355,2,1671,
129,47700,S16,0.00572909926995635,2,1571,
129,47700,S3,0.015733405714854598,2,1837,
129,47700,S5,0.014945678878575563,2,1666,
129,47700,S6,0.030821542954072356,2,1821,
129,47700,S7,0.010820553172379732,2,1757,
129,47700,S8,0.02076963521540165,2,1835,
129,47700,S9,0.003373726620338857,2,1797,
129,48000,S11,0.08701671287417412,2,1874,
129,48000,S13,0.10856921598315239,2,1822,
129,48000,S15,0.04520514793694019,2,1679,
129,48000,S16,0.006744140759110451,2,1587,
129,48000,S3,0.03379902150481939,2,1839,
129,48000,S5,0.014253807719796896,2,1676,
129,48000,S6,0.016837907023727894,2,1838,
129,48000,S7,0.026418652152642608,2,1774,
129,48000,S8,0.012245578691363335,2,1843,
129,48000,S9,0.005921763018704951,2,1803,
129,48300,S11,0.19243982434272766,2,1891,
129,48300,S13,0.06072067655622959,2,1839,
129,48300,S15,0.14404112845659256,2,1696,
129,48300,S16,0.007411620463244617,2,1603,
129,48300,S3,0.013891286216676235,2,1841,
129,48300,S5,0.015419018920511007,2,1692,
129,48300,S6,0.006876136641949415,2,1855,
129,48300,S7,0.08092231536284089,2,1791,
129,48300,S8,0.041557567892596126,2,1859,
129,48300,S9,0.0057287795934826136,2,1816,
129,48600,S11,0.01674452959559858,2,1908,
129,48600,S13,0.07244698330760002,2,1856,
129,48600,S15,0.2118290588259697,2,1711,
129,48600,S16,0.0034983528312295675,2,1613,
129,48600,S3,0.05378503957763314,2,1858,
129,48600,S5,0.008169468957930803,2,1707,
129,48600,S6,0.019109445624053478,2,1866,
129,48600,S7,0.04626255854964256,2,1808,
129,48600,S8,0.008127338718622923,2,1866,
129,48600,S9,0.0057600112631917,2,1831,
129,48900,S11,1.0709820687770844,2,1919,
129,48900,S13,0.04151313379406929,2,1873,
129,48900,S15,0.12108580581843853,2,1719,
129,48900,S16,0.004628641996532679,2,1630,
129,48900,S3,0.013545024208724499,2,1871,
129,48900,S5,0.018724518828094006,2,1715,
129,48900,S6,0.1014943583868444,2,1875,
129,48900,S7,0.010147899389266968,2,1813,
129,48900,S8,0.011210541822947562,2,1877,
129,48900,S9,0.028538255020976067,2,1833,
129,49200,S11,0.045750755816698074,2,1933,
129,49200,S13,0.07200175896286964,2,1890,
129,49200,S15,0.12269049882888794,2,1736,
129,49200,S16,0.007579750614240766,2,1647,
129,49200,S3,0.0100230120588094,2,1882,
129,49200,S5,0.07830373011529446,2,1729,
129,49200,S6,0.06685587204992771,2,1891,
129,49200,S7,0.029734476003795862,2,1827,
129,49200,S8,0.012891761725768447,2,1886,
129,49200,S9,0.012073312536813319,2,1835,
129,49500,S11,0.05813085474073887,2,1941,
129,49500,S13,0.027712756767868996,2,1907,
129,49500,S15,0.06256828084588051,2,1753,
129,49500,S16,0.009923862293362617,2,1664,
129,49500,S3,0.008926174836233258,2,1892,
129,49500,S5,0.015980196185410023,2,1743,
129,49500,S6,0.03295743279159069,2,1896,
129,49500,S7,0.010938437655568123,2,1844,
129,49500,S8,0.014505838043987751,2,1902,
129,49500,S9,0.005265460000373423,2,1846,
129,49800,S11,0.07324473932385445,2,1951,
129,49800,S13,0.03554695937782526,2,1924,
129,49800,S15,0.25239595025777817,2,1768,
129,49800,S16,0.005914845387451351,2,1681,
129,49800,S3,0.03191923815757036,2,1896,
129,49800,S5,0.046025156043469906,2,1760,
129,49800,S6,0.11240884847939014,2,1913,
129,49800,S7,0.16923033795319498,2,1854,
129,49800,S8,0.009797823149710894,2,1908,
129,49800,S9,0.011007741559296846,2,1863,
129,50100,S11,0.5712427347898483,2,1968,
129,50100,S13,0.02057826891541481,2,1941,
129,50100,S15,0.3089626282453537,2,1773,
129,50100,S16,0.007802213076502085,2,1698,
129,50100,S3,0.010841812705621123,2,1911,
129,50100,S5,0.029970344621688128,2,1775,
129,50100,S6,0.024515064898878336,2,1929,
129,50100,S7,0.015314971096813679,2,1864,
129,50100,S8,0.023730223067104816,2,1925,
129,50100,S9,0.007558115990832448,2,1876,
129,50400,S11,0.059363046661019325,2,1985,
129,50400,S13,0.028285084292292595,2,1950,
129,50400,S15,0.1425035186111927,2,1790,
129,50400,S16,0.004697686061263084,2,1715,
129,50400,S3,0.028743119444698095,2,1927,
129,50400,S5,0.021390646696090698,2,1782,
129,50400,S6,0.03725719079375267,2,1946,
129,50400,S7,0.008115424308925867,2,1880,
129,50400,S8,0.02964888233691454,2,1933,
129,50400,S9,0.01300125545822084,2,1887,
129,50700,S11,0.09040836617350578,2,2002,
129,50700,S13,0.026018559001386166,2,1957,
129,50700,S15,0.12519316747784615,2,1798,
129,50700,S16,0.0034576014149934053,2,1724,
129,50700,S3,0.11008796095848083,2,1943,
129,50700,S5,0.01846633478999138,2,1788,
129,50700,S6,0.013076513539999723,2,1958,
129,50700,S7,0.00922441203147173,2,1892,
129,50700,S8,0.048494246788322926,2,1949,
129,50700,S9,0.018602400086820126,2,1895,
129,51000,S11,0.0850745178759098,2,2019,
129,51000,S13,0.02938404679298401,2,1961,
129,51000,S15,0.05005189962685108,2,1801,
129,51000,S16,0.004299165913835168,2,1741,
129,51000,S3,0.015860379673540592,2,1960,
129,51000,S5,0.025206422433257103,2,1801,
129,51000,S6,0.03800318855792284,2,1968,
129,51000,S7,0.007559231016784906,2,1901,
129,51000,S8,0.025936779798939824,2,1966,
129,51000,S9,0.002967658336274326,2,1909,
129,51300,S11,0.32289695367217064,2,2036,
129,51300,S13,0.03030956070870161,2,1970,
129,51300,S15,0.14687934331595898,2,1812,
129,51300,S16,0.0031757934484630823,2,1758,
129,51300,S3,0.012127282097935677,2,1977,
129,51300,S5,0.013913183473050594,2,1818,
129,51300,S6,0.008051335578784347,2,1979,
129,51300,S7,0.08769509196281433,2,1912,
129,51300,S8,0.05269028805196285,2,1983,
129,51300,S9,0.0032523825066164136,2,1920,
129,51600,S11,0.3334016725420952,2,2047,
129,51600,S13,0.12470398470759392,2,1972,
129,51600,S15,0.1108926348388195,2,1828,
129,51600,S16,0.003984466195106506,2,1775,
129,51600,S3,0.008606111165136099,2,1994,
129,51600,S5,0.014005867764353752,2,1835,
129,51600,S6,0.02091463189572096,2,1989,
129,51600,S7,0.029665958136320114,2,1919,
129,51600,S8,0.008558107307180762,2,1995,
129,51600,S9,0.034713069908320904,2,1936,
129,51900,S11,0.47485520876944065,2,2049,
129,51900,S13,0.01927799917757511,2,1985,
129,51900,S15,0.13844868540763855,2,1833,
129,51900,S16,0.007818748941645026,2,1786,
129,51900,S3,0.00874962261877954,2,2007,
129,51900,S5,0.018714148551225662,2,1851,
129,51900,S6,0.0181782441213727,2,1995,
129,51900,S7,0.010272259125486016,2,1921,
129,51900,S8,0.00968927564099431,2,2000,
129,51900,S9,0.05203891219571233,2,1950,
129,52200,S11,0.16039790958166122,2,2062,
129,52200,S13,0.03811528906226158,2,1987,
129,52200,S15,0.1763157993555069,2,1847,
129,52200,S16,0.014109087409451604,2,1796,
129,52200,S3,0.016415531747043133,2,2021,
129,52200,S5,0.021343812346458435,2,1863,
129,52200,S6,0.01838858053088188,2,2006,
129,52200,S7,0.016986710019409657,2,1933,
129,52200,S8,0.060788946226239204,2,2013,
129,52200,S9,0.0033883394207805395,2,1958,
129,52500,S11,0.09310264885425568,2,2077,
129,52500,S13,0.061270941980183125,2,1996,
129,52500,S15,0.26584482192993164,2,1860,
129,52500,S16,0.004111796268261969,2,1800,
129,52500,S3,0.015849743969738483,2,2023,
129,52500,S5,0.012489517219364643,2,1880,
129,52500,S6,0.01944150123745203,2,2023,
129,52500,S7,0.006751651410013437,2,1950,
129,52500,S8,0.007708268007263541,2,2020,
129,52500,S9,0.0065322439186275005,2,1971,
129,52800,S11,0.06475447677075863,2,2090,
129,52800,S13,0.01569349179044366,2,2009,
129,52800,S15,0.20091595500707626,2,1873,
129,52800,S16,0.051497554406523705,2,1817,
129,52800,S3,0.007150160847231746,2,2034,
129,52800,S5,0.014374428428709507,2,1897,
129,52800,S6,0.02362869819626212,2,2040,
129,52800,S7,0.00769684452097863,2,1967,
129,52800,S8,0.022409265860915184,2,2032,
129,52800,S9,0.007308210711926222,2,1988,
129,53100,S11,0.08928455039858818,2,2101,
129,53100,S13,0.023666630499064922,2,2026,
129,53100,S15,0.12431495264172554,2,1890,
129,53100,S16,0.011140557704493403,2,1830,
129,53100,S3,0.0052818096010014415,2,2051,
129,53100,S5,0.0179527485743165,2,1910,
129,53100,S6,0.00997259933501482,2,2055,
129,53100,S7,0.08231135830283165,2,1984,
129,53100,S8,0.009696850087493658,2,2043,
129,53100,S9,0.011984059121459723,2,1991,
129,53400,S11,0.050151536241173744,2,2118,
129,53400,S13,0.059643397107720375,2,2043,
129,53400,S15,0.08474931493401527,2,1907,
129,53400,S16,0.0028426796779967844,2,1839,
129,53400,S3,0.02316066436469555,2,2068,
129,53400,S5,0.018428570590913296,2,1921,
129,53400,S6,0.013594448333606124,2,2062,
129,53400,S7,0.02073768386617303,2,2001,
129,53400,S8,0.03485210798680782,2,2057,
129,53400,S9,0.009138581808656454,2,2007,
129,53700,S11,0.04053805160219781,2,2135,
129,53700,S13,0.03253161162137985,2,2060,
129,53700,S15,0.1603149250149727,2,1924,
129,53700,S16,0.002375852141994983,2,1846,
129,53700,S3,0.013852498959749937,2,2083,
129,53700,S5,0.36159389093518257,2,1935,
129,53700,S6,0.029544029384851456,2,2079,
129,53700,S7,0.009156503481790423,2,2018,
129,53700,S8,0.0079725522082299,2,2073,
129,53700,S9,0.0021589790121652186,2,2021,
129,54000,S11,0.4794009104371071,2,2152,
129,54000,S13,0.029836376197636127,2,2077,
129,54000,S15,0.09168807417154312,2,1939,
129,54000,S16,0.0018866460595745593,2,1857,
129,54000,S3,0.007672821986488998,2,2092,
129,54000,S5,0.012132185976952314,2,1946,
129,54000,S6,0.13665140653029084,2,2096,
129,54000,S7,0.026545376516878605,2,2035,
129,54000,S8,0.004270842298865318,2,2090,
129,54000,S9,0.0031753962975926697,2,2023,
129,54300,S11,0.15622562915086746,2,2169,
129,54300,S13,0.018623986281454563,2,2088,
129,54300,S15,0.11648903787136078,2,1955,
129,54300,S16,0.003944758209399879,2,1862,
129,54300,S3,0.01110851508565247,2,2109,
129,54300,S5,0.013293091673403978,2,1959,
129,54300,S6,0.03894935641437769,2,2113,
129,54300,S7,0.08868921408429742,2,2042,
129,54300,S8,0.012879796326160431,2,2105,
129,54300,S9,0.004911250900477171,2,2026,
129,54600,S11,0.06027526967227459,2,2182,
129,54600,S13,0.017743279226124287,2,2090,
129,54600,S15,0.10558751970529556,2,1970,
129,54600,S16,0.009991273749619722,2,1876,
129,54600,S3,0.004556336440145969,2,2123,
129,54600,S5,0.035141232423484325,2,1964,
129,54600,S6,0.01725206628907472,2,2129,
129,54600,S7,0.02749623730778694,2,2048,
129,54600,S8,0.0251941648311913,2,2110,
129,54600,S9,0.00497536436887458,2,2040,
129,54900,S11,0.20951717719435692,2,2184,
129,54900,S13,0.15713755041360855,2,2094,
129,54900,S15,0.090385802090168,2,1977,
129,54900,S16,0.015009058639407158,2,1878,
129,54900,S3,0.0045014359056949615,2,2125,
129,54900,S5,0.0366218788549304,2,1969,
129,54900,S6,0.04829375632107258,2,2131,
129,54900,S7,0.004811606369912624,2,2053,
129,54900,S8,0.017803002847358584,2,2116,
129,54900,S9,0.0024908367777243257,2,2042,
129,55200,S11,0.03794725239276886,2,2198,
129,55200,S13,0.01823454163968563,2,2111,
129,55200,S15,0.10814342275261879,2,1994,
129,55200,S16,0.006649163318797946,2,1886,
129,55200,S3,0.009517669212073088,2,2132,
129,55200,S5,0.02743565011769533,2,1982,
129,55200,S6,0.027829931117594242,2,2146,
129,55200,S7,0.013051660265773535,2,2070,
129,55200,S8,0.006277826381847262,2,2121,
129,55200,S9,0.0037813466042280197,2,2053,
129,55500,S11,0.3642219752073288,2,2214,
129,55500,S13,0.25948861986398697,2,2127,
129,55500,S15,0.07405191659927368,2,1996,
129,55500,S16,0.003010668617207557,2,1891,
129,55500,S3,0.01474103331565857,2,2146,
129,55500,S5,0.009172074031084776,2,1984,
129,55500,S6,0.047983624041080475,2,2150,
129,55500,S7,0.02881444524973631,2,2072,
129,55500,S8,0.00413718051277101,2,2135,
129,55500,S9,0.0051547137554734945,2,2057,
129,55800,S11,0.2764010224491358,2,2231,
129,55800,S13,0.14844447374343872,2,2144,
129,55800,S15,0.09462529048323631,2,2007,
129,55800,S16,0.004618506878614426,2,1903,
129,55800,S3,0.0059204952558502555,2,2153,
129,55800,S5,0.010147947818040848,2,1994,
129,55800,S6,0.03838281286880374,2,2156,
129,55800,S7,0.010715233627706766,2,2074,
129,55800,S8,0.03811035631224513,2,2148,
129,55800,S9,0.008957017562352121,2,2060,
129,56100,S11,0.3205617815256119,2,2248,
129,56100,S13,0.039252204820513725,2,2161,
129,56100,S15,0.07065511122345924,2,2014,
129,56100,S16,0.006043655565008521,2,1920,
129,56100,S3,0.006030804943293333,2,2159,
129,56100,S5,0.005876630777493119,2,2007,
129,56100,S6,0.01957706082612276,2,2168,
129,56100,S7,0.01644424255937338,2,2084,
129,56100,S8,0.02698392979800701,2,2161,
129,56100,S9,0.001554044196382165,2,2072,
129,56400,S11,0.0508990865200758,2,2259,
129,56400,S13,0.28116168081760406,2,2178,
129,56400,S15,0.1318574659526348,2,2029,
129,56400,S16,0.014143856707960367,2,1937,
129,56400,S3,0.009247418493032455,2,2162,
129,56400,S5,0.19184960797429085,2,2017,
129,56400,S6,0.006504397606477141,2,2174,
129,56400,S7,0.00982254627160728,2,2101,
129,56400,S8,0.05127953179180622,2,2163,
129,56400,S9,0.009192842815537006,2,2089,
129,56700,S11,0.06645572558045387,2,2264,
129,56700,S13,0.14758633822202682,2,2188,
129,56700,S15,0.08539487421512604,2,2041,
129,56700,S16,0.006853197934105992,2,1951,
129,56700,S3,0.008877494372427464,2,2167,
129,56700,S5,0.1146473353728652,2,2028,
129,56700,S6,0.020967523101717234,2,2189,
129,56700,S7,0.02467862470075488,2,2118,
129,56700,S8,0.01601835945621133,2,2170,
129,56700,S9,0.0024107791832648218,2,2106,
129,57000,S11,0.05673114396631718,2,2266,
129,57000,S13,0.07940972223877907,2,2190,
129,57000,S15,0.11123766750097275,2,2058,
129,57000,S16,0.008628797018900514,2,1961,
129,57000,S3,0.010199722833931446,2,2182,
129,57000,S5,0.008164356928318739,2,2045,
129,57000,S6,0.016119695268571377,2,2195,
129,57000,S7,0.01874639606103301,2,2135,
129,57000,S8,0.12857429031282663,2,2187,
129,57000,S9,0.0066193751990795135,2,2123,
129,57300,S11,0.25734252855181694,2,2268,
129,57300,S13,0.027058009058237076,2,2195,
129,57300,S15,0.080596674233675,2,2067,
129,57300,S16,0.004519159905612469,2,1968,
129,57300,S3,0.015215324005112052,2,2193,
129,57300,S5,0.021973065566271544,2,2057,
129,57300,S6,0.053391894325613976,2,2203,
129,57300,S7,0.005915136309340596,2,2147,
129,57300,S8,0.013147851219400764,2,2196,
129,57300,S9,0.006572791520738974,2,2137,
129,57600,S11,0.06837599576101638,2,2275,
129,57600,S13,0.01859373226761818,2,2211,
129,57600,S15,0.072868213057518,2,2070,
129,57600,S16,0.0027431637281551957,2,1971,
129,57600,S3,0.0037761067505925894,2,2203,
129,57600,S5,0.09567561745643616,2,2074,
129,57600,S6,0.012749137822538614,2,2212,
129,57600,S7,0.010403059888631105,2,2164,
129,57600,S8,0.009295633062720299,2,2204,
129,57600,S9,0.002478142734616995,2,2154,
129,57900,S11,0.04633288457989693,2,2286,
129,57900,S13,0.03541789948940277,2,2224,
129,57900,S15,0.051450169645249844,2,2087,
129,57900,S16,0.0021614262368530035,2,1983,
129,57900,S3,0.009074296802282333,2,2219,
129,57900,S5,1.0324977338314056,2,2086,
129,57900,S6,0.020864445716142654,2,2220,
129,57900,S7,0.025217270478606224,2,2179,
129,57900,S8,0.01235876465216279,2,2221,
129,57900,S9,0.006296308303717524,2,2171,
129,58200,S11,0.053532252088189125,2,2302,
129,58200,S13,0.05317875184118748,2,2240,
129,58200,S15,0.07073658145964146,2,2100,
129,58200,S16,0.005418710527010262,2,1998,
129,58200,S3,0.010695356409996748,2,2230,
129,58200,S5,0.029813332483172417,2,2103,
129,58200,S6,1.358727216720581,2,2233,
129,58200,S7,0.017689517699182034,2,2196,
129,58200,S8,0.022809899877756834,2,2238,
129,58200,S9,0.007963868323713541,2,2181,
129,58500,S11,0.4908479116857052,2,2319,
129,58500,S13,0.04187894053757191,2,2250,
129,58500,S15,0.04925393499433994,2,2112,
129,58500,S16,0.006890907417982817,2,2004,
129,58500,S3,0.007961418945342302,2,2232,
129,58500,S5,0.15240352600812912,2,2120,
129,58500,S6,0.05133100599050522,2,2248,
129,58500,S7,0.011916689574718475,2,2213,
129,58500,S8,0.028957907110452652,2,2246,
129,58500,S9,0.0027558450819924474,2,2193,
129,58800,S11,0.09090121276676655,2,2334,
129,58800,S13,0.01640624087303877,2,2267,
129,58800,S15,0.07642083615064621,2,2121,
129,58800,S16,0.004589078365825117,2,2007,
129,58800,S3,0.002548792923334986,2,2240,
129,58800,S5,0.05181461200118065,2,2137,
129,58800,S6,0.12709981948137283,2,2264,
129,58800,S7,0.00823373137973249,2,2230,
129,58800,S8,0.020327509380877018,2,2248,
129,58800,S9,0.008334877085871994,2,2201,
129,59100,S11,0.45991257578134537,2,2340,
129,59100,S13,0.01937867421656847,2,2284,
129,59100,S15,0.09774033725261688,2,2134,
129,59100,S16,0.0022807809291407466,2,2024,
129,59100,S3,0.005402060458436608,2,2249,
129,59100,S5,0.011003294494003057,2,2154,
129,59100,S6,0.020713836420327425,2,2268,
129,59100,S7,0.010529791470617056,2,2247,
129,59100,S8,0.011219598818570375,2,2250,
129,59100,S9,0.00392881641164422,2,2218,
129,59400,S11,0.04256019927561283,2,2350,
129,59400,S13,0.020981832407414913,2,2294,
129,59400,S15,0.05005278065800667,2,2144,
129,59400,S16,0.006305088056251407,2,2039,
129,59400,S3,0.004657805664464831,2,2259,
129,59400,S5,0.015468519646674395,2,2171,
129,59400,S6,0.04921021591871977,2,2285,
129,59400,S7,0.012849172111600637,2,2260,
129,59400,S8,0.007036248221993446,2,2252,
129,59400,S9,0.1865955563262105,2,2235,
129,59700,S11,0.03152718022465706,2,2360,
129,59700,S13,0.07866251654922962,2,2310,
129,59700,S15,0.11871517822146416,2,2148,
129,59700,S16,0.005420808563940227,2,2056,
129,59700,S3,0.005087530007585883,2,2276,
129,59700,S5,0.016756625846028328,2,2183,
129,59700,S6,0.053395265713334084,2,2302,
129,59700,S7,0.014856315217912197,2,2262,
129,59700,S8,0.011026270221918821,2,2255,
129,59700,S9,0.004268358927220106,2,2252,
129,60000,S11,0.23227307200431824,2,2363,
129,60000,S13,0.032155185006558895,2,2325,
129,60000,S15,0.15436182543635368,2,2157,
129,60000,S16,0.01960804872214794,2,2069,
129,60000,S3,0.02297632023692131,2,2293,
129,60000,S5,0.01605451898649335,2,2189,
129,60000,S6,0.030503240413963795,2,2318,
129,60000,S7,0.01005400693975389,2,2264,
129,60000,S8,0.004757734248414636,2,2257,
129,60000,S9,0.030604196479544044,2,2254,
129,60300,S11,0.03408342320472002,2,2374,
129,60300,S13,0.12393281608819962,2,2342,
129,60300,S15,0.08153581246733665,2,2162,
129,60300,S16,0.0037350677885115147,2,2076,
129,60300,S3,0.00443719036411494,2,2300,
129,60300,S5,0.1388074178248644,2,2206,
129,60300,S6,0.01424029702320695,2,2327,
129,60300,S7,0.02937994059175253,2,2266,
129,60300,S8,0.0097948107868433,2,2259,
129,60300,S9,0.00563725084066391,2,2260,
129,60600,S11,0.026672134175896645,2,2391,
129,60600,S13,0.04052205756306648,2,2349,
129,60600,S15,0.05590776912868023,2,2164,
129,60600,S16,0.011720215668901801,2,2087,
129,60600,S3,0.010275087784975767,2,2317,
129,60600,S5,0.039512552320957184,2,2223,
129,60600,S6,0.07801820151507854,2,2338,
129,60600,S7,0.030397897819057107,2,2269,
129,60600,S8,0.014117390383034945,2,2261,
129,60600,S9,0.010679121129214764,2,2277,
129,60900,S11,0.08706966787576675,2,2408,
129,60900,S13,0.017394079826772213,2,2365,
129,60900,S15,0.02996887918561697,2,2175,
129,60900,S16,0.0048401966923847795,2,2101,
129,60900,S3,0.00987437553703785,2,2334,
129,60900,S5,0.07864551246166229,2,2240,
129,60900,S6,0.020953773986548185,2,2352,
129,60900,S7,0.01556767662987113,2,2277,
129,60900,S8,0.0069227623753249645,2,2273,
129,60900,S9,0.0026004330720752478,2,2288,
129,61200,S11,0.04308979189954698,2,2425,
129,61200,S13,0.014386903028935194,2,2382,
129,61200,S15,0.07670307904481888,2,2188,
129,61200,S16,0.009776168502867222,2,2116,
129,61200,S3,0.004985000938177109,2,2351,
129,61200,S5,0.03330107778310776,2,2257,
129,61200,S6,0.008507621707394719,2,2368,
129,61200,S7,0.013932006433606148,2,2290,
129,61200,S8,0.015514073893427849,2,2275,
129,61200,S9,0.012460509082302451,2,2304,
129,61500,S11,0.041569674387574196,2,2437,
129,61500,S13,0.037417192943394184,2,2399,
129,61500,S15,0.04594845324754715,2,2197,
129,61500,S16,0.0035409964621067047,2,2122,
129,61500,S3,0.01379079301841557,2,2362,
129,61500,S5,0.015969988889992237,2,2265,
129,61500,S6,0.008516671136021614,2,2374,
129,61500,S7,0.01086337398737669,2,2307,
129,61500,S8,0.013004148844629526,2,2278,
129,61500,S9,0.002379713347181678,2,2319,
129,61800,S11,0.040797021239995956,2,2442,
129,61800,S13,0.010482123820111156,2,2414,
129,61800,S15,0.0698747020214796,2,2214,
129,61800,S16,0.020778480917215347,2,2130,
129,61800,S3,0.03676304407417774,2,2377,
129,61800,S5,0.022204207256436348,2,2282,
129,61800,S6,0.047230467200279236,2,2388,
129,61800,S7,0.0064790083561092615,2,2315,
129,61800,S8,0.02007395587861538,2,2289,
129,61800,S9,0.006040560023393482,2,2336,
129,62100,S11,0.062040768563747406,2,2444,
129,62100,S13,0.04211203660815954,2,2419,
129,62100,S15,0.05598076805472374,2,2225,
129,62100,S16,0.0015972022083587945,2,2143,
129,62100,S3,0.016528107691556215,2,2379,
129,62100,S5,0.13560451241210103,2,2289,
129,62100,S6,0.01516079087741673,2,2400,
129,62100,S7,0.006284999428316951,2,2317,
129,62100,S8,0.005750877549871802,2,2292,
129,62100,S9,0.018260254873894155,2,2349,
129,62400,S11,0.5356292659416795,2,2455,
129,62400,S13,0.021128365769982338,2,2423,
129,62400,S15,0.08577996492385864,2,2227,
129,62400,S16,0.002628651272971183,2,2149,
129,62400,S3,0.012466313317418098,2,2388,
129,62400,S5,0.03553421422839165,2,2298,
129,62400,S6,0.038823988288640976,2,2404,
129,62400,S7,0.0076771528692916036,2,2327,
129,62400,S8,0.008481040829792619,2,2302,
129,62400,S9,0.002760300529189408,2,2357,
129,62700,S11,0.08165046572685242,2,2470,
129,62700,S13,0.017290442250669003,2,2440,
129,62700,S15,0.08552833460271358,2,2240,
129,62700,S16,0.01430232753045857,2,2151,
129,62700,S3,0.006427824264392257,2,2396,
129,62700,S5,0.00946228951215744,2,2310,
129,62700,S6,0.026834473945200443,2,2419,
129,62700,S7,0.007891086162999272,2,2336,
129,62700,S8,0.020382215036079288,2,2319,
129,62700,S9,0.01939043460879475,2,2363,
129,63000,S11,0.020748130977153778,2,2476,
129,63000,S13,0.07540760468691587,2,2452,
129,63000,S15,0.034685914404690266,2,2246,
129,63000,S16,0.014220920391380787,2,2158,
129,63000,S3,0.005382897332310677,2,2413,
129,63000,S5,0.010755673283711076,2,2327,
129,63000,S6,0.02179670426994562,2,2424,
129,63000,S7,0.006650587311014533,2,2348,
129,63000,S8,0.049062089528888464,2,2324,
129,63000,S9,0.006208446226082742,2,2366,
129,63300,S11,0.3973205145448446,2,2492,
129,63300,S13,0.11220604926347733,2,2465,
129,63300,S15,0.14679578691720963,2,2249,
129,63300,S16,0.00870366842718795,2,2169,
129,63300,S3,0.007637997390702367,2,2427,
129,63300,S5,0.02282322896644473,2,2342,
129,63300,S6,0.020964790135622025,2,2433,
129,63300,S7,0.006612120661884546,2,2365,
129,63300,S8,0.03210652433335781,2,2335,
129,63300,S9,0.015623915242031217,2,2368,
129,63600,S11,0.13576069474220276,2,2494,
129,63600,S13,0.024793034652248025,2,2467,
129,63600,S15,0.013347513973712921,2,2262,
129,63600,S16,0.0025029368698596954,2,2186,
129,63600,S3,0.025869844655971974,2,2444,
129,63600,S5,0.31593067944049835,2,2349,
129,63600,S6,0.04214491229504347,2,2441,
129,63600,S7,0.11586969485506415,2,2378,
129,63600,S8,0.008873101673088968,2,2344,
129,63600,S9,0.003245486121159047,2,2381,
129,63900,S11,0.6349613089114428,2,2511,
129,63900,S13,0.015517336782068014,2,2484,
129,63900,S15,0.20703523606061935,2,2270,
129,63900,S16,0.0018989841919392347,2,2203,
129,63900,S3,0.01849444443359971,2,2461,
129,63900,S5,0.010727142915129662,2,2366,
129,63900,S6,0.01944884005934,2,2451,
129,63900,S7,0.02183010382577777,2,2388,
129,63900,S8,0.0065872661070898175,2,2349,
129,63900,S9,0.014650594734121114,2,2397,
129,64200,S11,0.2081531584262848,2,2518,
129,64200,S13,0.011083768680691719,2,2493,
129,64200,S15,0.05551651678979397,2,2276,
129,64200,S16,0.004178042232524604,2,2218,
129,64200,S3,0.00431191036477685,2,2471,
129,64200,S5,0.01310746232047677,2,2383,
129,64200,S6,0.06794643774628639,2,2468,
129,64200,S7,0.03237629169598222,2,2405,
129,64200,S8,0.005318031762726605,2,2364,
129,64200,S9,0.08166719786822796,2,2414,
129,64500,S11,0.3495510146021843,2,2531,
129,64500,S13,0.012023619376122952,2,2510,
129,64500,S15,0.057699352502822876,2,2293,
129,64500,S16,0.01144375465810299,2,2233,
129,64500,S3,0.01059188274666667,2,2488,
129,64500,S5,0.04781737830489874,2,2397,
129,64500,S6,0.005710610654205084,2,2485,
129,64500,S7,0.003813598188571632,2,2422,
129,64500,S8,0.006340530700981617,2,2374,
129,64500,S9,0.03197476267814636,2,2431,
129,64800,S11,0.09631497785449028,2,2542,
129,64800,S13,0.012887297663837671,2,2520,
129,64800,S15,0.05675008147954941,2,2309,
129,64800,S16,0.03275667887646705,2,2250,
129,64800,S3,0.004090469796210527,2,2498,
129,64800,S5,0.05491087771952152,2,2401,
129,64800,S6,0.028974844608455896,2,2488,
129,64800,S7,0.015801070723682642,2,2432,
129,64800,S8,0.006784387864172459,2,2391,
129,64800,S9,0.004298761719837785,2,2439,
129,65100,S11,0.03990704473108053,2,2552,
129,65100,S13,0.1592666357755661,2,2534,
129,65100,S15,0.10123236570507288,2,2318,
129,65100,S16,0.002976783085614443,2,2258,
129,65100,S3,0.019398962147533894,2,2515,
129,65100,S5,0.007295144721865654,2,2407,
129,65100,S6,0.02149479603394866,2,2492,
129,65100,S7,0.007372885709628463,2,2435,
129,65100,S8,0.006238227244466543,2,2408,
129,65100,S9,0.005937298526987433,2,2443,
129,65400,S11,0.038099548779428005,2,2566,
129,65400,S13,0.12639119755476713,2,2537,
129,65400,S15,0.03908062167465687,2,2322,
129,65400,S16,0.012799705611541867,2,2260,
129,65400,S3,0.004207706078886986,2,2517,
129,65400,S5,0.03826790861785412,2,2415,
129,65400,S6,0.009050005581229925,2,2500,
129,65400,S7,0.004983865073882043,2,2443,
129,65400,S8,0.01236644177697599,2,2422,
129,65400,S9,0.022833171882666647,2,2451,
129,65700,S11,0.04239003546535969,2,2577,
129,65700,S13,0.01831413246691227,2,2549,
129,65700,S15,0.03619193471968174,2,2332,
129,65700,S16,0.002181681396905333,2,2267,
129,65700,S3,0.005300752352923155,2,2523,
129,65700,S5,0.009845621418207884,2,2424,
129,65700,S6,0.004579400178045034,2,2507,
129,65700,S7,0.0062441471964120865,2,2450,
129,65700,S8,0.01146378181874752,2,2433,
129,65700,S9,0.018256126437336206,2,2458,
129,66000,S11,0.04968741396442056,2,2594,
129,66000,S13,0.013133896049112082,2,2560,
129,66000,S15,0.031499963253736496,2,2347,
129,66000,S16,0.008072812343016267,2,2270,
129,66000,S3,0.01117454026825726,2,2532,
129,66000,S5,0.039178596809506416,2,2440,
129,66000,S6,0.011645644437521696,2,2509,
129,66000,S7,0.005861580604687333,2,2464,
129,66000,S8,0.007481302716769278,2,2437,
129,66000,S9,0.0038258659187704325,2,2467,
129,66300,S11,0.024151683086529374,2,2610,
129,66300,S13,0.0285065658390522,2,2567,
129,66300,S15,0.039505405351519585,2,2364,
129,66300,S16,0.0016389511292800307,2,2278,
129,66300,S3,0.002958211931400001,2,2544,
129,66300,S5,0.007805622415617108,2,2442,
129,66300,S6,0.011451546801254153,2,2523,
129,66300,S7,0.005559987970627844,2,2481,
129,66300,S8,0.005795793840661645,2,2446,
129,66300,S9,0.0070632933638989925,2,2469,
129,66600,S11,0.04837970808148384,2,2617,
129,66600,S13,0.03482790198177099,2,2576,
129,66600,S15,0.08750511519610882,2,2381,
129,66600,S16,0.0020506096188910306,2,2280,
129,66600,S3,0.04404995124787092,2,2556,
129,66600,S5,0.1685964309144765,2,2448,
129,66600,S6,0.020218656631186604,2,2540,
129,66600,S7,0.004051290568895638,2,2490,
129,66600,S8,0.0034032462863251567,2,2448,
129,66600,S9,0.06719455402344465,2,2479,
129,66900,S11,0.03302490431815386,2,2633,
129,66900,S13,0.012094031553715467,2,2593,
129,66900,S15,0.09418055415153503,2,2387,
129,66900,S16,0.02865957864560187,2,2297,
129,66900,S3,0.013010095339268446,2,2563,
129,66900,S5,0.06147674284875393,2,2450,
129,66900,S6,0.010973469819873571,2,2555,
129,66900,S7,0.008531545754522085,2,2492,
129,66900,S8,0.01421091123484075,2,2457,
129,66900,S9,0.003789741371292621,2,2481,
129,67200,S11,0.015272666700184345,2,2645,
129,67200,S13,0.05214282497763634,2,2610,
129,67200,S15,0.05033906362950802,2,2391,
129,67200,S16,0.009371850523166358,2,2301,
129,67200,S3,0.007019577082246542,2,2577,
129,67200,S5,0.012409571558237076,2,2452,
129,67200,S6,0.017417987808585167,2,2571,
129,67200,S7,0.005479167914018035,2,2503,
129,67200,S8,0.005103895557112992,2,2463,
129,67200,S9,0.0012850434286519885,2,2492,
129,67500,S11,0.03796066716313362,2,2647,
129,67500,S13,0.027065113186836243,2,2627,
129,67500,S15,0.06752252578735352,2,2403,
129,67500,S16,0.005209641298279166,2,2311,
129,67500,S3,0.016041018534451723,2,2587,
129,67500,S5,0.022109595593065023,2,2464,
129,67500,S6,0.026950133498758078,2,2588,
129,67500,S7,0.05796154960989952,2,2514,
129,67500,S8,0.050852770917117596,2,2472,
129,67500,S9,0.0020259022421669215,2,2500,
129,67800,S11,0.07296469807624817,2,2662,
129,67800,S13,0.009435696061700583,2,2635,
129,67800,S15,0.0862600989639759,2,2419,
129,67800,S16,0.0102823032066226,2,2313,
129,67800,S3,0.00513269635848701,2,2589,
129,67800,S5,0.06739769852720201,2,2475,
129,67800,S6,0.008031594334170222,2,2599,
129,67800,S7,0.06643317732959986,2,2522,
129,67800,S8,0.0022356598637998104,2,2483,
129,67800,S9,0.0036498145200312138,2,2508,
129,68100,S11,0.10609022434800863,2,2679,
129,68100,S13,0.009625496109947562,2,2637,
129,68100,S15,0.05371828377246857,2,2436,
129,68100,S16,0.00241955608362332,2,2318,
129,68100,S3,0.01722231728490442,2,2591,
129,68100,S5,0.02837279997766018,2,2477,
129,68100,S6,0.006960184080526233,2,2614,
129,68100,S7,0.0037079366156831384,2,2535,
129,68100,S8,0.005929036298766732,2,2500,
129,68100,S9,0.002653307397849858,2,2520,
129,68400,S11,0.08940068818628788,2,2686,
129,68400,S13,0.008486054604873061,2,2654,
129,68400,S15,0.059201013296842575,2,2453,
129,68400,S16,0.0034124443773180246,2,2335,
129,68400,S3,0.005758844083175063,2,2608,
129,68400,S5,0.013125458499416709,2,2494,
129,68400,S6,0.010305541101843119,2,2629,
129,68400,S7,0.16131806001067162,2,2552,
129,68400,S8,0.009260644437745214,2,2514,
129,68400,S9,0.01011555315926671,2,2528,
129,68700,S11,0.1741601713001728,2,2697,
129,68700,S13,0.013818278443068266,2,2661,
129,68700,S15,0.019068488385528326,2,2468,
129,68700,S16,0.006037701154127717,2,2352,
129,68700,S3,0.014279916882514954,2,2623,
129,68700,S5,0.04702860023826361,2,2506,
129,68700,S6,0.009592076297849417,2,2646,
129,68700,S7,0.008912153076380491,2,2569,
129,68700,S8,0.0015528580988757312,2,2526,
129,68700,S9,0.004705791885498911,2,2533,
129,69000,S11,0.05825402960181236,2,2705,
129,69000,S13,0.014337868429720402,2,2666,
129,69000,S15,0.044430713634938,2,2471,
129,69000,S16,0.002755595778580755,2,2368,
129,69000,S3,0.031429216265678406,2,2633,
129,69000,S5,0.006864552386105061,2,2519,
129,69000,S6,0.005026144441217184,2,2653,
129,69000,S7,0.007646903162822127,2,2585,
129,69000,S8,0.01879641553387046,2,2531,
129,69000,S9,0.010239173541776836,2,2537,
129,69300,S11,0.011694785207509995,2,2714,
129,69300,S13,0.007962316274642944,2,2673,
129,69300,S15,0.04118288308382034,2,2473,
129,69300,S16,0.003879413357935846,2,2372,
129,69300,S3,0.004528008867055178,2,2639,
129,69300,S5,0.014276642352342606,2,2525,
129,69300,S6,0.01367262122221291,2,2662,
129,69300,S7,0.008199232164770365,2,2589,
129,69300,S8,0.01725034206174314,2,2535,
129,69300,S9,0.0026359412586316466,2,2541,
129,69600,S11,0.156234722584486,2,2721,
129,69600,S13,0.05822002608329058,2,2678,
129,69600,S15,0.06010505370795727,2,2475,
129,69600,S16,0.0016974425525404513,2,2389,
129,69600,S3,0.02779696462675929,2,2651,
129,69600,S5,0.029011906124651432,2,2542,
129,69600,S6,0.00463402591412887,2,2664,
129,69600,S7,0.012121564708650112,2,2606,
129,69600,S8,0.0031137249898165464,2,2552,
129,69600,S9,0.010973083321005106,2,2558,
129,69900,S11,0.08434806484729052,2,2737,
129,69900,S13,0.030485980212688446,2,2689,
129,69900,S15,0.042141497135162354,2,2483,
129,69900,S16,0.002337599522434175,2,2406,
129,69900,S3,0.00395111262332648,2,2659,
129,69900,S5,0.7694600149989128,2,2552,
129,69900,S6,0.016813370981253684,2,2669,
129,69900,S7,0.00619676592759788,2,2623,
129,69900,S8,0.0024995687417685986,2,2568,
129,69900,S9,0.0030315054464153945,2,2575,
129,70200,S11,0.15489994641393423,2,2751,
129,70200,S13,0.03159079421311617,2,2697,
129,70200,S15,0.031751953065395355,2,2491,
129,70200,S16,0.023660710314288735,2,2414,
129,70200,S3,0.005128265474922955,2,2676,
129,70200,S5,0.15191134437918663,2,2554,
129,70200,S6,0.002205162832979113,2,2686,
129,70200,S7,0.008265450596809387,2,2640,
129,70200,S8,0.016606133431196213,2,2580,
129,70200,S9,0.011826916132122278,2,2592,
129,70500,S11,0.22861632169224322,2,2765,
129,70500,S13,0.0221705031581223,2,2708,
129,70500,S15,0.024614445865154266,2,2506,
129,70500,S16,0.006550072459504008,2,2416,
129,70500,S3,0.005059906281530857,2,2691,
129,70500,S5,0.0905022555962205,2,2556,
129,70500,S6,0.03068106807768345,2,2692,
129,70500,S7,0.010541985277086496,2,2657,
129,70500,S8,0.007617897761519998,2,2597,
129,70500,S9,0.0021159922471269965,2,2608,
129,70800,S11,0.07648605853319168,2,2773,
129,70800,S13,0.011911982670426369,2,2721,
129,70800,S15,0.06894302740693092,2,2520,
129,70800,S16,0.003008838219102472,2,2420,
129,70800,S3,0.01030253479257226,2,2701,
129,70800,S5,0.028929992578923702,2,2559,
129,70800,S6,0.00579194794408977,2,2700,
129,70800,S7,0.006758623290807009,2,2674,
129,70800,S8,0.012089186813682318,2,2614,
129,70800,S9,0.005584966915193945,2,2616,
129,71100,S11,0.5463863387703896,2,2775,
129,71100,S13,0.019384761806577444,2,2723,
129,71100,S15,0.025903280824422836,2,2537,
129,71100,S16,0.003327642218209803,2,2427,
129,71100,S3,0.007866284810006618,2,2718,
129,71100,S5,0.010540932591538876,2,2565,
129,71100,S6,0.05802815966308117,2,2702,
129,71100,S7,0.03167587984353304,2,2678,
129,71100,S8,0.030647965031675994,2,2618,
129,71100,S9,0.002591596101410687,2,2623,
129,71400,S11,0.026552114635705948,2,2792,
129,71400,S13,0.007570676971226931,2,2740,
129,71400,S15,0.027363499626517296,2,2554,
129,71400,S16,0.007805068627931178,2,2432,
129,71400,S3,0.00442625698633492,2,2735,
129,71400,S5,0.006726342486217618,2,2582,
129,71400,S6,0.009661508025601506,2,2704,
129,71400,S7,0.0056570961605757475,2,2692,
129,71400,S8,0.004013675381429493,2,2624,
129,71400,S9,0.00142979173688218,2,2640,
129,71700,S11,0.08555792644619942,2,2809,
129,71700,S13,0.037706293165683746,2,2757,
129,71700,S15,0.024134276434779167,2,2562,
129,71700,S16,0.002388983964920044,2,2448,
129,71700,S3,0.00445054448209703,2,2748,
129,71700,S5,0.05085046589374542,2,2596,
129,71700,S6,0.01796334481332451,2,2719,
129,71700,S7,0.00209866208024323,2,2705,
129,71700,S8,0.022271593334153295,2,2641,
129,71700,S9,0.019106033258140087,2,2653,
129,72000,S11,0.10740467673167586,2,2824,
129,72000,S13,0.01625211676582694,2,2774,
129,72000,S15,0.059172168374061584,2,2571,
129,72000,S16,0.008123656967654824,2,2465,
129,72000,S3,0.0032260736916214228,2,2760,
129,72000,S5,0.026048663537949324,2,2598,
129,72000,S6,0.0732168024405837,2,2733,
129,72000,S7,0.004727694438770413,2,2716,
129,72000,S8,0.005395796848461032,2,2653,
129,72000,S9,0.0471858624368906,2,2658,
129,72300,S11,0.07025125622749329,2,2830,
129,72300,S13,0.02183557953685522,2,2786,
129,72300,S15,0.02072952501475811,2,2583,
129,72300,S16,0.0012711388990283012,2,2474,
129,72300,S3,0.02704661642201245,2,2774,
129,72300,S5,0.03944067656993866,2,2611,
129,72300,S6,0.05129127763211727,2,2750,
129,72300,S7,0.004044672939926386,2,2733,
129,72300,S8,0.010480654891580343,2,2670,
129,72300,S9,0.0036833742633461952,2,2675,
129,72600,S11,0.054684088565409184,2,2845,
129,72600,S13,0.014291440602391958,2,2795,
129,72600,S15,0.028346005361527205,2,2596,
129,72600,S16,0.0034237668151035905,2,2489,
129,72600,S3,0.02975897490978241,2,2781,
129,72600,S5,0.009897150564938784,2,2614,
129,72600,S6,0.006222673691809177,2,2761,
129,72600,S7,0.0072485769633203745,2,2750,
129,72600,S8,0.0018317708454560488,2,2684,
129,72600,S9,0.0013510659919120371,2,2683,
129,72900,S11,0.048065803945064545,2,2860,
129,72900,S13,0.04258290398865938,2,2810,
129,72900,S15,0.058635301887989044,2,2607,
129,72900,S16,0.0028428471996448934,2,2500,
129,72900,S3,0.0057106714230030775,2,2783,
129,72900,S5,0.04482582537457347,2,2623,
129,72900,S6,0.024797878693789244,2,2774,
129,72900,S7,0.008334302576258779,2,2767,
129,72900,S8,0.014676636550575495,2,2701,
129,72900,S9,0.007037936011329293,2,2687,
129,73200,S11,0.4867133479565382,2,2872,
129,73200,S13,0.0339921684935689,2,2812,
129,73200,S15,0.0245550237596035,2,2620,
129,73200,S16,0.0028794085374101996,2,2507,
129,73200,S3,0.004670422989875078,2,2787,
129,73200,S5,0.017910505179315805,2,2640,
129,73200,S6,0.010792695451527834,2,2791,
129,73200,S7,0.008098187623545527,2,2773,
129,73200,S8,0.002827472169883549,2,2711,
129,73200,S9,0.002686478430405259,2,2689,
129,73500,S11,0.030998476082459092,2,2889,
129,73500,S13,0.018125235103070736,2,2814,
129,73500,S15,0.030922861769795418,2,2632,
129,73500,S16,0.0018079713336192071,2,2520,
129,73500,S3,0.01053431280888617,2,2794,
129,73500,S5,0.11231734254397452,2,2653,
129,73500,S6,0.007484074681997299,2,2808,
129,73500,S7,0.008058073464781046,2,2788,
129,73500,S8,0.01232882495969534,2,2728,
129,73500,S9,0.007348510611336678,2,2701,
129,73800,S11,0.30844850093126297,2,2906,
129,73800,S13,0.010005593299865723,2,2828,
129,73800,S15,0.025466312188655138,2,2649,
129,73800,S16,0.0027970580849796534,2,2536,
129,73800,S3,0.006326421513222158,2,2805,
129,73800,S5,0.0796720702201128,2,2670,
129,73800,S6,0.016742750769481063,2,2823,
129,73800,S7,0.007370287086814642,2,2805,
129,73800,S8,0.006198393588420004,2,2731,
129,73800,S9,0.023886016570031643,2,2718,
129,74100,S11,0.22853469848632812,2,2916,
129,74100,S13,0.3961114175617695,2,2840,
129,74100,S15,0.028492311015725136,2,2666,
129,74100,S16,0.008267802943009883,2,2553,
129,74100,S3,0.0029735155403614044,2,2820,
129,74100,S5,0.03727530129253864,2,2687,
129,74100,S6,0.0029148104367777705,2,2827,
129,74100,S7,0.003961073118261993,2,2820,
129,74100,S8,0.00254164170473814,2,2742,
129,74100,S9,0.009003848768770695,2,2735,
129,74400,S11,0.04176255129277706,2,2933,
129,74400,S13,0.06921931728720665,2,2843,
129,74400,S15,0.0725502148270607,2,2680,
129,74400,S16,0.0047802606713958085,2,2561,
129,74400,S3,0.015303714666515589,2,2836,
129,74400,S5,0.015513770747929811,2,2692,
129,74400,S6,0.05814319849014282,2,2842,
129,74400,S7,0.0034267515875399113,2,2837,
129,74400,S8,0.00585997779853642,2,2757,
129,74400,S9,0.024938534246757627,2,2752,
129,74700,S11,0.026991798542439938,2,2950,
129,74700,S13,0.014092872850596905,2,2853,
129,74700,S15,0.02771939244121313,2,2697,
129,74700,S16,0.012215871014632285,2,2576,
129,74700,S3,0.005579094868153334,2,2849,
129,74700,S5,0.008923748042434454,2,2709,
129,74700,S6,0.0033171497052535415,2,2859,
129,74700,S7,0.010775620117783546,2,2852,
129,74700,S8,0.0030241484637372196,2,2774,
129,74700,S9,0.001609828817890957,2,2768,
129,75000,S11,0.046863853931427,2,2955,
129,75000,S13,0.028595618903636932,2,2861,
129,75000,S15,0.08797197043895721,2,2714,
129,75000,S16,0.011835035751573741,2,2593,
129,75000,S3,0.029776695650070906,2,2851,
129,75000,S5,0.0034962360514327884,2,2726,
129,75000,S6,0.016699177911505103,2,2876,
129,75000,S7,0.006756437011063099,2,2868,
129,75000,S8,0.027499270625412464,2,2783,
129,75000,S9,0.0019838782027363777,2,2778,
129,75300,S11,0.02888202667236328,2,2969,
129,75300,S13,0.36047321604564786,2,2863,
129,75300,S15,0.03597725066356361,2,2731,
129,75300,S16,0.0029374825535342097,2,2596,
129,75300,S3,0.058273354545235634,2,2853,
129,75300,S5,0.011152459308505058,2,2735,
129,75300,S6,0.0046406148467212915,2,2893,
129,75300,S7,0.005844161845743656,2,2879,
129,75300,S8,0.03245379030704498,2,2793,
129,75300,S9,0.008507254300639033,2,2789,
129,75600,S11,0.3653175812214613,2,2972,
129,75600,S13,0.04414523299783468,2,2871,
129,75600,S15,0.02282260823994875,2,2747,
129,75600,S16,0.0037035548593848944,2,2599,
129,75600,S3,0.006412287941202521,2,2864,
129,75600,S5,0.06418760167434812,2,2752,
129,75600,S6,0.00932758068665862,2,2910,
129,75600,S7,0.008182498160749674,2,2881,
129,75600,S8,0.0047288392670452595,2,2810,
129,75600,S9,0.0016630717436783016,2,2801,
129,75900,S11,0.7585877776145935,2,2980,
129,75900,S13,0.028202389599755406,2,2883,
129,75900,S15,0.022014860063791275,2,2763,
129,75900,S16,0.02354608615860343,2,2611,
129,75900,S3,0.018329070648178458,2,2881,
129,75900,S5,0.004738917108625174,2,2768,
129,75900,S6,0.022826936561614275,2,2921,
129,75900,S7,0.005186921218410134,2,2885,
129,75900,S8,0.004063494154252112,2,2819,
129,75900,S9,0.00856201141141355,2,2814,
129,76200,S11,0.060800377279520035,2,2982,
129,76200,S13,0.049707204569131136,2,2894,
129,76200,S15,0.034185987897217274,2,2779,
129,76200,S16,0.0016382884932681918,2,2620,
129,76200,S3,0.0039924056036397815,2,2897,
129,76200,S5,0.004820992122404277,2,2785,
129,76200,S6,0.018550406908616424,2,2936,
129,76200,S7,0.010115248616784811,2,2901,
129,76200,S8,0.03245201974641532,2,2833,
129,76200,S9,0.0021397104719653726,2,2831,
129,76500,S11,0.026283397106453776,2,2995,
129,76500,S13,0.06787265255115926,2,2896,
129,76500,S15,0.049102745950222015,2,2781,
129,76500,S16,0.014707219321280718,2,2622,
129,76500,S3,0.008318206877447665,2,2903,
129,76500,S5,0.009872473776340485,2,2789,
129,76500,S6,0.0289979325607419,2,2938,
129,76500,S7,0.0036116454284638166,2,2917,
129,76500,S8,0.00713309645652771,2,2839,
129,76500,S9,0.00603497726842761,2,2834,
129,76800,S11,0.01952618546783924,2,3010,
129,76800,S13,0.013143622782081366,2,2903,
129,76800,S15,0.02058639843016863,2,2789,
129,76800,S16,0.0018144248169846833,2,2627,
129,76800,S3,0.011182073038071394,2,2916,
129,76800,S5,0.019122148398309946,2,2804,
129,76800,S6,0.15012960880994797,2,2953,
129,76800,S7,0.010967399924993515,2,2932,
129,76800,S8,0.0035646402975544333,2,2850,
129,76800,S9,0.0019598094513639808,2,2840,
129,77100,S11,0.03363968851044774,2,3021,
129,77100,S13,0.1477823166642338,2,2920,
129,77100,S15,0.017824399285018444,2,2798,
129,77100,S16,0.04308152850717306,2,2644,
129,77100,S3,0.005310036358423531,2,2918,
129,77100,S5,0.0046949253883212805,2,2820,
129,77100,S6,0.03058051783591509,2,2969,
129,77100,S7,0.005137589178048074,2,2934,
129,77100,S8,0.0028848174260929227,2,2852,
129,77100,S9,0.004784192598890513,2,2850,
129,77400,S11,0.08629884943366051,2,3038,
129,77400,S13,0.06141472049057484,2,2929,
129,77400,S15,0.027764462865889072,2,2815,
129,77400,S16,0.004730158718302846,2,2648,
129,77400,S3,0.00836168578825891,2,2920,
129,77400,S5,0.019350226037204266,2,2833,
129,77400,S6,0.0575091689825058,2,2982,
129,77400,S7,0.009533256525173783,2,2951,
129,77400,S8,0.0036894018994644284,2,2867,
129,77400,S9,0.006352156633511186,2,2863,
129,77700,S11,0.2599362302571535,2,3047,
129,77700,S13,0.030124129727482796,2,2932,
129,77700,S15,0.023672624491155148,2,2832,
129,77700,S16,0.006271426333114505,2,2665,
129,77700,S3,0.0033595566637814045,2,2930,
129,77700,S5,0.032610074151307344,2,2839,
129,77700,S6,0.00828726077452302,2,2999,
129,77700,S7,0.004524826072156429,2,2968,
129,77700,S8,0.010225359117612243,2,2884,
129,77700,S9,0.0009541729523334652,2,2873,
129,78000,S11,0.057183997705578804,2,3052,
129,78000,S13,0.01437234366312623,2,2936,
129,78000,S15,0.02563614957034588,2,2846,
129,78000,S16,0.003338394104503095,2,2681,
129,78000,S3,0.007648804225027561,2,2943,
129,78000,S5,0.03357390081509948,2,2841,
129,78000,S6,0.016276257345452905,2,3016,
129,78000,S7,0.003307862440124154,2,2982,
129,78000,S8,0.005792337469756603,2,2901,
129,78000,S9,0.0020439638174138963,2,2875,
129,78300,S11,0.0794994942843914,2,3060,
129,78300,S13,0.010553314350545406,2,2941,
129,78300,S15,0.011454325867816806,2,2863,
129,78300,S16,0.002589928510133177,2,2693,
129,78300,S3,0.004868782940320671,2,2955,
129,78300,S5,0.0064113232074305415,2,2843,
129,78300,S6,0.016241639852523804,2,3030,
129,78300,S7,0.003476769430562854,2,2996,
129,78300,S8,0.005865233950316906,2,2915,
129,78300,S9,0.00291926582576707,2,2877,
129,78600,S11,0.031147215515375137,2,3077,
129,78600,S13,0.01906049344688654,2,2952,
129,78600,S15,0.01849704049527645,2,2874,
129,78600,S16,0.0024731364101171494,2,2710,
129,78600,S3,0.009039590600878,2,2971,
129,78600,S5,0.026013397611677647,2,2848,
129,78600,S6,0.016900288872420788,2,3032,
129,78600,S7,0.00257896730909124,2,3007,
129,78600,S8,0.004515339038334787,2,2917,
129,78600,S9,0.002284228219650686,2,2879,
129,78900,S11,0.06847975216805935,2,3086,
129,78900,S13,0.04524609260261059,2,2967,
129,78900,S15,0.025484242476522923,2,2887,
129,78900,S16,0.0018113867845386267,2,2727,
129,78900,S3,0.011567565088625997,2,2984,
129,78900,S5,0.022035200148820877,2,2861,
129,78900,S6,0.16270620375871658,2,3045,
129,78900,S7,0.00255263305734843,2,3019,
129,78900,S8,0.009798538929317147,2,2925,
129,78900,S9,0.010009851539507508,2,2895,
129,79200,S11,0.020123776979744434,2,3094,
129,79200,S13,0.02163824625313282,2,2984,
129,79200,S15,0.03799649886786938,2,2893,
129,79200,S16,0.014037690125405788,2,2736,
129,79200,S3,0.0029193960363045335,2,3000,
129,79200,S5,0.016535294707864523,2,2868,
129,79200,S6,0.05354948854073882,2,3058,
129,79200,S7,0.1727191060781479,2,3025,
129,79200,S8,0.011067345039919019,2,2942,
129,79200,S9,0.004529862257186323,2,2897,
129,79500,S11,0.028723980765789747,2,3105,
129,79500,S13,0.023752796929329634,2,2993,
129,79500,S15,0.02829381823539734,2,2901,
129,79500,S16,0.0026121558621525764,2,2740,
129,79500,S3,0.03393289353698492,2,3011,
129,79500,S5,0.10962620936334133,2,2880,
129,79500,S6,0.009659329894930124,2,3075,
129,79500,S7,0.006365827517583966,2,3032,
129,79500,S8,0.001353292289422825,2,2959,
129,79500,S9,0.0014491057117993478,2,2907,
129,79800,S11,0.0297929672524333,2,3122,
129,79800,S13,0.039248665794730186,2,2997,
129,79800,S15,0.012632263824343681,2,2918,
129,79800,S16,0.013607540167868137,2,2750,
129,79800,S3,0.007343509932979941,2,3028,
129,79800,S5,0.008190852124243975,2,2897,
129,79800,S6,0.03208995913155377,2,3092,
129,79800,S7,0.006843658862635493,2,3048,
129,79800,S8,0.006121040089055896,2,2975,
129,79800,S9,0.006100515020079911,2,2919,
129,80100,S11,0.06380205973982811,2,3124,
129,80100,S13,0.015596991404891014,2,3001,
129,80100,S15,0.022761434316635132,2,2934,
129,80100,S16,0.0019141804077662528,2,2752,
129,80100,S3,0.020075147971510887,2,3045,
129,80100,S5,0.21407456696033478,2,2901,
129,80100,S6,0.012876436347141862,2,3107,
129,80100,S7,0.006048979237675667,2,3057,
129,80100,S8,0.0021466296166181564,2,2990,
129,80100,S9,0.0037170539144426584,2,2925,
129,80400,S11,0.013461300637573004,2,3126,
129,80400,S13,0.009823619853705168,2,3018,
129,80400,S15,0.017008133698254824,2,2943,
129,80400,S16,0.006268923170864582,2,2761,
129,80400,S3,0.004299851483665407,2,3062,
129,80400,S5,0.08581423899158835,2,2903,
129,80400,S6,0.00806493847630918,2,3116,
129,80400,S7,0.0013604441774077713,2,3069,
129,80400,S8,0.007696116343140602,2,2994,
129,80400,S9,0.008146178675815463,2,2936,
129,80700,S11,0.03489940334111452,2,3128,
129,80700,S13,0.011228702496737242,2,3028,
129,80700,S15,0.009665487799793482,2,2955,
129,80700,S16,0.003374566324055195,2,2768,
129,80700,S3,0.00982876808848232,2,3067,
129,80700,S5,0.011107091326266527,2,2906,
129,80700,S6,0.0037812081864103675,2,3131,
129,80700,S7,0.04566275328397751,2,3072,
129,80700,S8,0.0035552623739931732,2,2998,
129,80700,S9,0.005634449888020754,2,2949,
129,81000,S11,0.4971189945936203,2,3132,
129,81000,S13,0.05629711225628853,2,3045,
129,81000,S15,0.033450164599344134,2,2972,
129,81000,S16,0.006680169375613332,2,2779,
129,81000,S3,0.0036877553211525083,2,3072,
129,81000,S5,0.004841602174565196,2,2911,
129,81000,S6,0.00931418570689857,2,3148,
129,81000,S7,0.002380991354584694,2,3083,
129,81000,S8,0.004150367225520313,2,3005,
129,81000,S9,0.034267691895365715,2,2966,
129,81300,S11,0.2611053716391325,2,3141,
129,81300,S13,0.011412980267778039,2,3060,
129,81300,S15,0.02180803334340453,2,2981,
129,81300,S16,0.0017026662244461477,2,2796,
129,81300,S3,0.0024668449768796563,2,3074,
129,81300,S5,0.059177291579544544,2,2916,
129,81300,S6,0.0028199745574966073,2,3155,
129,81300,S7,0.0027115574339404702,2,3100,
129,81300,S8,0.021089520771056414,2,3020,
129,81300,S9,0.0008628568612039089,2,2982,
129,81600,S11,0.14153140038251877,2,3148,
129,81600,S13,0.0326525941491127,2,3062,
129,81600,S15,0.0364616634324193,2,2998,
129,81600,S16,0.004017180763185024,2,2813,
129,81600,S3,0.0022836601710878313,2,3079,
129,81600,S5,0.031539490446448326,2,2925,
129,81600,S6,0.008525892510078847,2,3162,
129,81600,S7,0.0052539079915732145,2,3117,
129,81600,S8,0.0011857422068715096,2,3035,
129,81600,S9,0.004787217185366899,2,2988,
129,81900,S11,0.02269830647855997,2,3153,
129,81900,S13,0.01387800369411707,2,3078,
129,81900,S15,0.017037407029420137,2,3012,
129,81900,S16,0.002157818293198943,2,2822,
129,81900,S3,0.003616610774770379,2,3095,
129,81900,S5,0.002555755549110472,2,2939,
129,81900,S6,0.005546378088183701,2,3166,
129,81900,S7,0.005151677876710892,2,3124,
129,81900,S8,0.00779169681482017,2,3046,
129,81900,S9,0.002901615167502314,2,2999,
129,82200,S11,0.04170447215437889,2,3158,
129,82200,S13,0.06691768625751138,2,3080,
129,82200,S15,0.012736165896058083,2,3024,
129,82200,S16,0.003370815305970609,2,2829,
129,82200,S3,0.0035990954493172467,2,3112,
129,82200,S5,0.0061061575543135405,2,2956,
129,82200,S6,0.007265068590641022,2,3168,
129,82200,S7,0.006713084410876036,2,3141,
129,82200,S8,0.0054677395964972675,2,3063,
129,82200,S9,0.007370063656708226,2,3001,
129,82500,S11,0.015642353799194098,2,3162,
129,82500,S13,0.01364854071289301,2,3084,
129,82500,S15,0.014354788698256016,2,3041,
129,82500,S16,0.015847515140194446,2,2841,
129,82500,S3,0.009967581368982792,2,3126,
129,82500,S5,0.053786708042025566,2,2973,
129,82500,S6,0.002222760347649455,2,3170,
129,82500,S7,0.0029301776085048914,2,3154,
129,82500,S8,0.0042757896007969975,2,3072,
129,82500,S9,0.0020301425538491458,2,3004,
129,82800,S11,0.04048147611320019,2,3169,
129,82800,S13,0.03368245251476765,2,3089,
129,82800,S15,0.026970495469868183,2,3058,
129,82800,S16,0.024092948529869318,2,2858,
129,82800,S3,0.0018272472661919892,2,3138,
129,82800,S5,0.008149220375344157,2,2990,
129,82800,S6,0.003419270273298025,2,3174,
129,82800,S7,0.00844321382464841,2,3168,
129,82800,S8,0.011705012526363134,2,3074,
129,82800,S9,0.0032488430733792484,2,3009,
129,83100,S11,0.012916981242597103,2,3175,
129,83100,S13,0.00947670778259635,2,3104,
129,83100,S15,0.03919644374400377,2,3075,
129,83100,S16,0.004756041686050594,2,2871,
129,83100,S3,0.006340202409774065,2,3140,
129,83100,S5,0.06314767710864544,2,3005,
129,83100,S6,0.007525781635195017,2,3183,
129,83100,S7,0.0027930818032473326,2,3181,
129,83100,S8,0.01647579506970942,2,3089,
129,83100,S9,0.0049880180158652365,2,3017,
129,83400,S11,0.03327231761068106,2,3192,
129,83400,S13,0.013446369208395481,2,3121,
129,83400,S15,0.01593143818899989,2,3089,
129,83400,S16,0.008762073499383405,2,2886,
129,83400,S3,0.001824448409024626,2,3142,
129,83400,S5,0.01243257662281394,2,3022,
129,83400,S6,0.003347736899740994,2,3197,
129,83400,S7,0.009247287409380078,2,3198,
129,83400,S8,0.004623641783837229,2,3101,
129,83400,S9,0.001014032808598131,2,3031,
129,83700,S11,0.04055323638021946,2,3209,
129,83700,S13,0.02826386597007513,2,3138,
129,83700,S15,0.09451576694846153,2,3105,
129,83700,S16,0.008538337075151503,2,2903,
129,83700,S3,0.002949106157757342,2,3151,
129,83700,S5,0.040809951489791274,2,3039,
129,83700,S6,0.04338423069566488,2,3213,
129,83700,S7,0.004314838792197406,2,3215,
129,83700,S8,0.00624720030464232,2,3118,
129,83700,S9,0.005193365621380508,2,3048,
129,84000,S11,0.035439098719507456,2,3212,
129,84000,S13,0.030819760635495186,2,3141,
129,84000,S15,0.07601015269756317,2,3114,
129,84000,S16,0.0024906115140765905,2,2914,
129,84000,S3,0.0029650895739905536,2,3162,
129,84000,S5,1.3103197813034058,2,3049,
129,84000,S6,0.016136670776177198,2,3226,
129,84000,S7,0.0046063585905358195,2,3225,
129,84000,S8,0.010686041787266731,2,3129,
129,84000,S9,0.0050489542772993445,2,3058,
129,84300,S11,0.03814765065908432,2,3221,
129,84300,S13,0.00499076466076076,2,3154,
129,84300,S15,0.03932246379554272,2,3128,
129,84300,S16,0.0014394733007065952,2,2917,
129,84300,S3,0.0030700843781232834,2,3179,
129,84300,S5,0.06012674933299422,2,3054,
129,84300,S6,0.00851234677247703,2,3242,
129,84300,S7,0.010054979473352432,2,3237,
129,84300,S8,0.004239612841047347,2,3146,
129,84300,S9,0.08237102068960667,2,3072,
129,84600,S11,0.009656794834882021,2,3234,
129,84600,S13,0.008800913579761982,2,3162,
129,84600,S15,0.012970497831702232,2,3145,
129,84600,S16,0.0018095697741955519,2,2925,
129,84600,S3,0.004109492059797049,2,3196,
129,84600,S5,0.016197151271626353,2,3056,
129,84600,S6,0.012605434516444802,2,3254,
129,84600,S7,0.003562702564522624,2,3254,
129,84600,S8,0.008165273582562804,2,3163,
129,84600,S9,0.0025786475744098425,2,3077,
129,84900,S11,0.17857062071561813,2,3248,
129,84900,S13,0.020120637491345406,2,3169,
129,84900,S15,0.028108774684369564,2,3155,
129,84900,S16,0.0014690282696392387,2,2942,
129,84900,S3,0.0021866242168471217,2,3213,
129,84900,S5,0.4982832074165344,2,3067,
129,84900,S6,0.007802741718478501,2,3271,
129,84900,S7,0.006878135434817523,2,3259,
129,84900,S8,0.012135793920606375,2,3180,
129,84900,S9,0.0012799979012925178,2,3092,
129,85200,S11,0.031790800858289,2,3265,
129,85200,S13,0.015951927518472075,2,3186,
129,85200,S15,0.027011222206056118,2,3171,
129,85200,S16,0.002488106838427484,2,2959,
129,85200,S3,0.004093136754818261,2,3227,
129,85200,S5,0.4063242971897125,2,3076,
129,85200,S6,0.005929599283263087,2,3288,
129,85200,S7,0.007339192554354668,2,3273,
129,85200,S8,0.002963755396194756,2,3197,
129,85200,S9,0.001883989607449621,2,3109,
129,85500,S11,0.02149046352133155,2,3282,
129,85500,S13,0.012250601314008236,2,3202,
129,85500,S15,0.024048401042819023,2,3188,
129,85500,S16,0.0015155826695263386,2,2976,
129,85500,S3,0.003423684509471059,2,3241,
129,85500,S5,0.6398877711035311,2,3080,
129,85500,S6,0.004277633968740702,2,3305,
129,85500,S7,0.003884565201587975,2,3290,
129,85500,S8,0.005353229527827352,2,3214,
129,85500,S9,0.0013054508599452674,2,3123,
129,85800,S11,0.02356559783220291,2,3299,
129,85800,S13,0.014710405375808477,2,3215,
129,85800,S15,0.06921173445880413,2,3191,
129,85800,S16,0.002597107784822583,2,2985,
129,85800,S3,0.0037772825453430414,2,3258,
129,85800,S5,0.509235555306077,2,3082,
129,85800,S6,0.004236686276271939,2,3317,
129,85800,S7,0.009777066763490438,2,3307,
129,85800,S8,0.002780573908239603,2,3231,
129,85800,S9,0.010335829807445407,2,3140,
129,86100,S11,0.031105393543839455,2,3312,
129,86100,S13,0.006009125150740147,2,3226,
129,86100,S15,0.05455610062927008,2,3199,
129,86100,S16,0.0033113243407569826,2,2996,
129,86100,S3,0.003219889767933637,2,3274,
129,86100,S5,0.029823392629623413,2,3084,
129,86100,S6,0.030777293257415295,2,3327,
129,86100,S7,0.008742469130083919,2,3316,
129,86100,S8,0.006215948495082557,2,3239,
129,86100,S9,0.03420654311776161,2,3157,
129,86400,S11,0.01963605172932148,2,3329,
129,86400,S13,0.006023162743076682,2,3236,
129,86400,S15,0.009669087827205658,2,3216,
129,86400,S16,0.0010069100535474718,2,2998,
129,86400,S3,0.0020276090363040566,2,3290,
129,86400,S5,0.018363825976848602,2,3097,
129,86400,S6,0.0020805305102840066,2,3344,
129,86400,S7,0.004678610130213201,2,3328,
129,86400,S8,0.0072126665618270636,2,3251,
129,86400,S9,0.0022763070301152766,2,3172,
56,0,S11,1.0175434350967407,2,2,
56,0,S13,1.09061199426651,2,2,
56,0,S15,1.0616430044174194,2,2,
56,0,S16,1.0001534223556519,2,2,
56,0,S3,1.0336463451385498,2,2,
56,0,S5,0.9878753423690796,2,2,
56,0,S6,1.0705775618553162,2,2,
56,0,S7,1.0675656199455261,2,2,
56,0,S8,1.0677164196968079,2,2,
56,0,S9,1.0494379997253418,2,2,
56,300,S11,0.6827992498874664,2,18,
56,300,S13,0.9348711669445038,2,18,
56,300,S15,0.8403901159763336,2,17,
56,300,S16,0.7646152377128601,2,19,
56,300,S3,0.9157833456993103,2,13,
56,300,S5,0.7259499430656433,2,11,
56,300,S6,0.9561673700809479,2,10,
56,300,S7,1.0845831036567688,2,4,
56,300,S8,0.9321273267269135,2,11,
56,300,S9,0.8646967709064484,2,10,
56,600,S11,0.850358247756958,2,31,
56,600,S13,0.871916264295578,2,29,
56,600,S15,0.8164774775505066,2,23,
56,600,S16,0.6243084073066711,2,28,
56,600,S3,0.7448346614837646,2,29,
56,600,S5,0.6320821940898895,2,28,
56,600,S6,1.030327469110489,2,24,
56,600,S7,0.9603375494480133,2,9,
56,600,S8,0.9361003041267395,2,23,
56,600,S9,0.7046714127063751,2,27,
56,900,S11,0.7732780575752258,2,45,
56,900,S13,0.8152203559875488,2,35,
56,900,S15,0.738814502954483,2,39,
56,900,S16,0.5329360067844391,2,43,
56,900,S3,0.7167945206165314,2,33,
56,900,S5,0.6047792136669159,2,45,
56,900,S6,0.8427993655204773,2,41,
56,900,S7,0.8749600350856781,2,20,
56,900,S8,0.8014344274997711,2,26,
56,900,S9,0.6649543642997742,2,30,
56,1200,S11,0.5733421444892883,2,62,
56,1200,S13,0.7538972496986389,2,50,
56,1200,S15,0.7492474019527435,2,51,
56,1200,S16,0.4805253595113754,2,57,
56,1200,S3,0.8543170690536499,2,35,
56,1200,S5,0.5583727955818176,2,62,
56,1200,S6,0.7921736836433411,2,58,
56,1200,S7,0.6316158473491669,2,34,
56,1200,S8,0.8193093240261078,2,29,
56,1200,S9,0.6503641903400421,2,44,
56,1500,S11,0.6326830387115479,2,79,
56,1500,S13,0.747527539730072,2,67,
56,1500,S15,0.5941333770751953,2,68,
56,1500,S16,0.4150516241788864,2,74,
56,1500,S3,0.7901827991008759,2,39,
56,1500,S5,0.42028655111789703,2,79,
56,1500,S6,0.9504455327987671,2,75,
56,1500,S7,0.6853825747966766,2,51,
56,1500,S8,0.7305905222892761,2,46,
56,1500,S9,0.5365856885910034,2,61,
56,1800,S11,1.1929857730865479,2,96,
56,1800,S13,0.6884020566940308,2,84,
56,1800,S15,0.7871946096420288,2,85,
56,1800,S16,0.6232361644506454,2,91,
56,1800,S3,0.7961840331554413,2,44,
56,1800,S5,0.35543063282966614,2,87,
56,1800,S6,0.7099219262599945,2,85,
56,1800,S7,0.5302240401506424,2,66,
56,1800,S8,0.8316417336463928,2,63,
56,1800,S9,0.3454616069793701,2,78,
56,2100,S11,0.5867721438407898,2,99,
56,2100,S13,0.7677076160907745,2,99,
56,2100,S15,0.5117173492908478,2,102,
56,2100,S16,0.44757509231567383,2,100,
56,2100,S3,0.7492277026176453,2,47,
56,2100,S5,0.41564223170280457,2,90,
56,2100,S6,0.7295588552951813,2,89,
56,2100,S7,0.5882764756679535,2,69,
56,2100,S8,0.7372129857540131,2,75,
56,2100,S9,0.5057843178510666,2,95,
56,2400,S11,0.39065252244472504,2,104,
56,2400,S13,0.6211681067943573,2,103,
56,2400,S15,0.5370257496833801,2,112,
56,2400,S16,0.2849443256855011,2,109,
56,2400,S3,0.6765620112419128,2,61,
56,2400,S5,0.3629644513130188,2,96,
56,2400,S6,0.6879523992538452,2,94,
56,2400,S7,0.4785466194152832,2,83,
56,2400,S8,0.7876223623752594,2,86,
56,2400,S9,0.34460194408893585,2,97,
56,2700,S11,0.5118786096572876,2,117,
56,2700,S13,0.5630546510219574,2,120,
56,2700,S15,0.5993535816669464,2,121,
56,2700,S16,0.32263578474521637,2,118,
56,2700,S3,0.5948922038078308,2,68,
56,2700,S5,0.3945869207382202,2,113,
56,2700,S6,0.6878897547721863,2,107,
56,2700,S7,0.5778129994869232,2,100,
56,2700,S8,0.6139239966869354,2,103,
56,2700,S9,0.312689371407032,2,100,
56,3000,S11,0.44207870960235596,2,128,
56,3000,S13,0.5834622085094452,2,135,
56,3000,S15,0.5062660425901413,2,136,
56,3000,S16,0.24888178706169128,2,126,
56,3000,S3,0.5915189385414124,2,79,
56,3000,S5,0.34944697469472885,2,124,
56,3000,S6,0.6794567406177521,2,118,
56,3000,S7,0.5001354962587357,2,103,
56,3000,S8,0.7379858195781708,2,106,
56,3000,S9,0.35227467119693756,2,109,
56,3300,S11,0.4850382059812546,2,143,
56,3300,S13,0.6227999180555344,2,148,
56,3300,S15,0.6060158312320709,2,153,
56,3300,S16,0.3421003967523575,2,128,
56,3300,S3,0.5228022336959839,2,86,
56,3300,S5,0.40939874947071075,2,141,
56,3300,S6,0.7095483839511871,2,135,
56,3300,S7,0.4858960956335068,2,107,
56,3300,S8,0.6068198382854462,2,113,
56,3300,S9,0.3360074311494827,2,126,
56,3600,S11,1.0863152742385864,2,153,
56,3600,S13,0.6273198872804642,2,162,
56,3600,S15,0.5536991953849792,2,170,
56,3600,S16,0.2710157334804535,2,136,
56,3600,S3,0.5913086831569672,2,102,
56,3600,S5,0.405730664730072,2,158,
56,3600,S6,0.6167130172252655,2,150,
56,3600,S7,0.5076411217451096,2,124,
56,3600,S8,0.6460299789905548,2,130,
56,3600,S9,0.2575956732034683,2,142,
56,3900,S11,0.4571101665496826,2,162,
56,3900,S13,0.6587182879447937,2,177,
56,3900,S15,0.49222561717033386,2,181,
56,3900,S16,0.19965066760778427,2,145,
56,3900,S3,0.5576363503932953,2,109,
56,3900,S5,0.356500968337059,2,175,
56,3900,S6,0.5586132109165192,2,165,
56,3900,S7,0.4544951021671295,2,138,
56,3900,S8,0.46279944479465485,2,132,
56,3900,S9,0.26150523126125336,2,148,
56,4200,S11,0.4493810385465622,2,167,
56,4200,S13,0.4597153067588806,2,185,
56,4200,S15,0.5916908830404282,2,183,
56,4200,S16,0.34067589044570923,2,150,
56,4200,S3,0.5070299059152603,2,116,
56,4200,S5,0.28099386394023895,2,181,
56,4200,S6,0.638758659362793,2,167,
56,4200,S7,0.4235726594924927,2,155,
56,4200,S8,0.6244489252567291,2,139,
56,4200,S9,0.2399996668100357,2,162,
56,4500,S11,0.360934317111969,2,178,
56,4500,S13,0.5890820920467377,2,198,
56,4500,S15,0.5066958367824554,2,197,
56,4500,S16,0.15217670053243637,2,165,
56,4500,S3,0.5479092597961426,2,131,
56,4500,S5,0.2240951955318451,2,188,
56,4500,S6,0.5951013565063477,2,183,
56,4500,S7,0.5301745533943176,2,172,
56,4500,S8,0.4263043850660324,2,155,
56,4500,S9,0.27339354157447815,2,174,
56,4800,S11,0.4160459190607071,2,191,
56,4800,S13,0.5781088769435883,2,210,
56,4800,S15,0.40041860938072205,2,214,
56,4800,S16,0.29968634247779846,2,177,
56,4800,S3,0.4040248692035675,2,138,
56,4800,S5,0.2541259676218033,2,198,
56,4800,S6,0.5792878866195679,2,187,
56,4800,S7,0.35287292301654816,2,186,
56,4800,S8,0.47464700043201447,2,164,
56,4800,S9,0.1601254791021347,2,187,
56,5100,S11,0.4255337417125702,2,208,
56,5100,S13,0.481440007686615,2,215,
56,5100,S15,0.461462140083313,2,224,
56,5100,S16,0.24834788590669632,2,194,
56,5100,S3,0.4120195508003235,2,141,
56,5100,S5,0.22093499451875687,2,212,
56,5100,S6,0.5318814814090729,2,204,
56,5100,S7,0.36665134131908417,2,197,
56,5100,S8,0.4376828968524933,2,167,
56,5100,S9,0.2811787575483322,2,204,
56,5400,S11,0.37571507692337036,2,225,
56,5400,S13,0.4926990866661072,2,217,
56,5400,S15,0.382751002907753,2,234,
56,5400,S16,0.3460633009672165,2,211,
56,5400,S3,0.5007608830928802,2,156,
56,5400,S5,0.2593986392021179,2,225,
56,5400,S6,0.5607247203588486,2,221,
56,5400,S7,0.32424594461917877,2,214,
56,5400,S8,0.4680408090353012,2,174,
56,5400,S9,0.13091453909873962,2,219,
56,5700,S11,0.5741821527481079,2,230,
56,5700,S13,0.5738636404275894,2,223,
56,5700,S15,0.3009346053004265,2,239,
56,5700,S16,0.2651664987206459,2,218,
56,5700,S3,0.45434990525245667,2,167,
56,5700,S5,0.21446112543344498,2,236,
56,5700,S6,0.5313188433647156,2,230,
56,5700,S7,0.46310825645923615,2,219,
56,5700,S8,0.7064441442489624,2,176,
56,5700,S9,0.13325223326683044,2,228,
56,6000,S11,0.3710661232471466,2,232,
56,6000,S13,0.5193891674280167,2,235,
56,6000,S15,0.38204459846019745,2,249,
56,6000,S16,0.2117304876446724,2,229,
56,6000,S3,0.49069052934646606,2,174,
56,6000,S5,0.28217213600873947,2,243,
56,6000,S6,0.408879891037941,2,238,
56,6000,S7,0.4074186235666275,2,226,
56,6000,S8,0.5592785775661469,2,193,
56,6000,S9,0.15339139848947525,2,237,
56,6300,S11,0.6244491636753082,2,244,
56,6300,S13,0.48909617960453033,2,247,
56,6300,S15,0.37776143848896027,2,262,
56,6300,S16,0.17928803712129593,2,242,
56,6300,S3,0.4187404066324234,2,176,
56,6300,S5,0.35931628942489624,2,260,
56,6300,S6,0.5175907015800476,2,244,
56,6300,S7,0.2874137833714485,2,243,
56,6300,S8,0.5999416559934616,2,210,
56,6300,S9,0.13223598897457123,2,239,
56,6600,S11,0.31559085100889206,2,250,
56,6600,S13,0.5997631549835205,2,253,
56,6600,S15,0.3378474563360214,2,276,
56,6600,S16,0.127986878156662,2,247,
56,6600,S3,0.46670083701610565,2,179,
56,6600,S5,0.3747648075222969,2,277,
56,6600,S6,0.42768943309783936,2,247,
56,6600,S7,0.32022102922201157,2,259,
56,6600,S8,0.5190394818782806,2,227,
56,6600,S9,0.14379380643367767,2,243,
56,6900,S11,0.4179020971059799,2,254,
56,6900,S13,0.4531286805868149,2,255,
56,6900,S15,0.3384184390306473,2,289,
56,6900,S16,0.1898990347981453,2,259,
56,6900,S3,0.4383963644504547,2,182,
56,6900,S5,0.37293215095996857,2,289,
56,6900,S6,0.3989076763391495,2,259,
56,6900,S7,0.25656432658433914,2,261,
56,6900,S8,0.5904099941253662,2,233,
56,6900,S9,0.18902359902858734,2,246,
56,7200,S11,0.2142849564552307,2,256,
56,7200,S13,0.6513861119747162,2,266,
56,7200,S15,0.29815348982810974,2,292,
56,7200,S16,0.13945334032177925,2,275,
56,7200,S3,0.30254919826984406,2,191,
56,7200,S5,0.3182433098554611,2,299,
56,7200,S6,0.3595733493566513,2,265,
56,7200,S7,0.3131133019924164,2,276,
56,7200,S8,0.4312978982925415,2,246,
56,7200,S9,0.15746252238750458,2,261,
56,7500,S11,0.4598112106323242,2,262,
56,7500,S13,0.36521482467651367,2,283,
56,7500,S15,0.29104506224393845,2,298,
56,7500,S16,0.17107659578323364,2,289,
56,7500,S3,0.4234110713005066,2,199,
56,7500,S5,0.35681042075157166,2,316,
56,7500,S6,0.3694913536310196,2,282,
56,7500,S7,0.23927376419305801,2,293,
56,7500,S8,0.4601805508136749,2,263,
56,7500,S9,0.20278137177228928,2,273,
56,7800,S11,0.3200763426721096,2,264,
56,7800,S13,0.39564888179302216,2,287,
56,7800,S15,0.31093621253967285,2,308,
56,7800,S16,0.2366247922182083,2,294,
56,7800,S3,0.41064101457595825,2,206,
56,7800,S5,0.287145160138607,2,333,
56,7800,S6,0.3721606582403183,2,299,
56,7800,S7,0.2697841450572014,2,310,
56,7800,S8,0.48921559751033783,2,280,
56,7800,S9,0.15632518380880356,2,287,
56,8100,S11,0.2148195058107376,2,268,
56,8100,S13,0.537202388048172,2,289,
56,8100,S15,0.4127172827720642,2,319,
56,8100,S16,0.15702855214476585,2,296,
56,8100,S3,0.3916121870279312,2,218,
56,8100,S5,0.3352770060300827,2,344,
56,8100,S6,0.3578527718782425,2,310,
56,8100,S7,0.5258186757564545,2,325,
56,8100,S8,0.4646296799182892,2,292,
56,8100,S9,0.10616450384259224,2,298,
56,8400,S11,0.3879651725292206,2,270,
56,8400,S13,0.5013340711593628,2,297,
56,8400,S15,0.2944885268807411,2,332,
56,8400,S16,0.06950469315052032,2,298,
56,8400,S3,0.41991840302944183,2,235,
56,8400,S5,0.5754704251885414,2,361,
56,8400,S6,0.3868730068206787,2,316,
56,8400,S7,0.20321914181113243,2,338,
56,8400,S8,0.37670108675956726,2,299,
56,8400,S9,0.06834785640239716,2,310,
56,8700,S11,0.3191319555044174,2,279,
56,8700,S13,0.41990067064762115,2,308,
56,8700,S15,0.3181217238306999,2,344,
56,8700,S16,0.1757000982761383,2,314,
56,8700,S3,0.4686714708805084,2,252,
56,8700,S5,0.2106337621808052,2,375,
56,8700,S6,0.2776501402258873,2,332,
56,8700,S7,0.21630381047725677,2,351,
56,8700,S8,0.5176417231559753,2,312,
56,8700,S9,0.09588754177093506,2,312,
56,9000,S11,0.2618301510810852,2,282,
56,9000,S13,0.42902977764606476,2,323,
56,9000,S15,0.3861461281776428,2,358,
56,9000,S16,0.13889045640826225,2,319,
56,9000,S3,0.35547710955142975,2,269,
56,9000,S5,0.20505771785974503,2,388,
56,9000,S6,0.36742210388183594,2,349,
56,9000,S7,0.18002691492438316,2,368,
56,9000,S8,0.4395257383584976,2,324,
56,9000,S9,0.09825253114104271,2,327,
56,9300,S11,0.28961358964443207,2,285,
56,9300,S13,0.4444216638803482,2,335,
56,9300,S15,0.4406488835811615,2,375,
56,9300,S16,0.1214640848338604,2,335,
56,9300,S3,0.3865533620119095,2,286,
56,9300,S5,0.144638791680336,2,400,
56,9300,S6,0.33926019072532654,2,363,
56,9300,S7,0.24516722559928894,2,385,
56,9300,S8,0.5178182572126389,2,328,
56,9300,S9,0.12523735500872135,2,343,
56,9600,S11,0.49949052929878235,2,300,
56,9600,S13,0.3234829902648926,2,343,
56,9600,S15,0.3602358102798462,2,392,
56,9600,S16,0.12429331615567207,2,346,
56,9600,S3,0.43690112233161926,2,297,
56,9600,S5,0.49297377467155457,2,417,
56,9600,S6,0.5863508433103561,2,380,
56,9600,S7,0.21763617545366287,2,402,
56,9600,S8,0.5562047809362411,2,343,
56,9600,S9,0.0636186059564352,2,358,
56,9900,S11,1.5401253402233124,2,314,
56,9900,S13,0.5352191030979156,2,355,
56,9900,S15,0.3093084618449211,2,408,
56,9900,S16,0.07305055484175682,2,360,
56,9900,S3,0.4114108979701996,2,314,
56,9900,S5,0.2701236605644226,2,434,
56,9900,S6,0.36787067353725433,2,393,
56,9900,S7,0.21726234257221222,2,419,
56,9900,S8,0.44228315353393555,2,360,
56,9900,S9,0.08644784614443779,2,373,
56,10200,S11,0.32510243356227875,2,324,
56,10200,S13,0.4203364998102188,2,364,
56,10200,S15,0.24126315861940384,2,425,
56,10200,S16,0.10273411870002747,2,373,
56,10200,S3,0.2921620309352875,2,331,
56,10200,S5,0.1499689370393753,2,451,
56,10200,S6,0.238785982131958,2,410,
56,10200,S7,0.24363649636507034,2,436,
56,10200,S8,0.4260799139738083,2,377,
56,10200,S9,0.14734406024217606,2,383,
56,10500,S11,0.5450086444616318,2,326,
56,10500,S13,0.44349904358386993,2,368,
56,10500,S15,0.30315031111240387,2,440,
56,10500,S16,0.08845509588718414,2,383,
56,10500,S3,0.24842703342437744,2,342,
56,10500,S5,0.13689864426851273,2,468,
56,10500,S6,0.27548254281282425,2,427,
56,10500,S7,0.17452064901590347,2,449,
56,10500,S8,0.311245933175087,2,394,
56,10500,S9,0.05925322696566582,2,385,
56,10800,S11,1.5846449136734009,2,339,
56,10800,S13,0.44549494981765747,2,385,
56,10800,S15,0.27763065695762634,2,457,
56,10800,S16,0.10795918107032776,2,399,
56,10800,S3,0.28885896503925323,2,344,
56,10800,S5,0.23050931096076965,2,477,
56,10800,S6,0.33702540397644043,2,444,
56,10800,S7,0.275112509727478,2,456,
56,10800,S8,0.36742426455020905,2,408,
56,10800,S9,0.0694445539265871,2,387,
56,11100,S11,0.3163443058729172,2,353,
56,11100,S13,0.5083159506320953,2,402,
56,11100,S15,0.4143606424331665,2,474,
56,11100,S16,0.04998852498829365,2,416,
56,11100,S3,0.3306768834590912,2,347,
56,11100,S5,0.1179056391119957,2,480,
56,11100,S6,0.38171400129795074,2,461,
56,11100,S7,0.172990832477808,2,473,
56,11100,S8,0.44968922436237335,2,425,
56,11100,S9,0.04904753901064396,2,400,
56,11400,S11,0.44088125228881836,2,363,
56,11400,S13,0.5068732798099518,2,419,
56,11400,S15,0.26177504658699036,2,491,
56,11400,S16,0.0822729654610157,2,424,
56,11400,S3,0.2621542066335678,2,349,
56,11400,S5,0.23693720996379852,2,493,
56,11400,S6,0.37807929515838623,2,477,
56,11400,S7,0.7661574184894562,2,490,
56,11400,S8,0.34367821365594864,2,431,
56,11400,S9,0.103852529078722,2,413,
56,11700,S11,0.30947910249233246,2,379,
56,11700,S13,0.423952117562294,2,433,
56,11700,S15,0.28520359098911285,2,508,
56,11700,S16,0.16269217059016228,2,436,
56,11700,S3,0.3988298028707504,2,351,
56,11700,S5,0.16951071470975876,2,509,
56,11700,S6,0.30649659782648087,2,490,
56,11700,S7,0.22876951098442078,2,505,
56,11700,S8,0.3847518414258957,2,448,
56,11700,S9,0.07958566769957542,2,424,
56,12000,S11,0.2822472155094147,2,386,
56,12000,S13,0.33302944898605347,2,444,
56,12000,S15,0.3030519336462021,2,517,
56,12000,S16,0.044092925265431404,2,445,
56,12000,S3,0.3293193280696869,2,353,
56,12000,S5,0.20909161120653152,2,526,
56,12000,S6,0.46898122131824493,2,507,
56,12000,S7,0.12378060817718506,2,515,
56,12000,S8,0.29530036449432373,2,465,
56,12000,S9,0.10075922682881355,2,441,
56,12300,S11,0.5469809323549271,2,403,
56,12300,S13,0.3653833717107773,2,460,
56,12300,S15,0.27197739481925964,2,522,
56,12300,S16,0.06888612546026707,2,462,
56,12300,S3,0.30131949484348297,2,355,
56,12300,S5,0.12780824676156044,2,542,
56,12300,S6,0.49836668372154236,2,518,
56,12300,S7,0.1324831210076809,2,525,
56,12300,S8,0.39791014790534973,2,480,
56,12300,S9,0.04876701533794403,2,457,
56,12600,S11,0.7846326529979706,2,419,
56,12600,S13,0.3474637269973755,2,477,
56,12600,S15,0.31376323103904724,2,524,
56,12600,S16,0.04555043205618858,2,473,
56,12600,S3,0.2370416484773159,2,357,
56,12600,S5,0.2819652557373047,2,555,
56,12600,S6,0.33195042610168457,2,531,
56,12600,S7,0.13619623333215714,2,540,
56,12600,S8,0.33706021308898926,2,489,
56,12600,S9,0.06535056978464127,2,461,
56,12900,S11,0.3783155679702759,2,430,
56,12900,S13,0.3438599109649658,2,490,
56,12900,S15,0.31904833018779755,2,540,
56,12900,S16,0.04215984791517258,2,490,
56,12900,S3,0.4721574932336807,2,368,
56,12900,S5,0.15487071499228477,2,558,
56,12900,S6,0.2714625969529152,2,539,
56,12900,S7,0.13629265129566193,2,546,
56,12900,S8,0.3949214369058609,2,506,
56,12900,S9,0.059369899332523346,2,471,
56,13200,S11,0.25170082598924637,2,441,
56,13200,S13,0.2996867522597313,2,499,
56,13200,S15,0.32627055048942566,2,557,
56,13200,S16,0.0666574016213417,2,507,
56,13200,S3,0.33142848312854767,2,376,
56,13200,S5,0.20230486243963242,2,560,
56,13200,S6,0.25060153007507324,2,551,
56,13200,S7,0.3326527327299118,2,555,
56,13200,S8,0.3121158182621002,2,523,
56,13200,S9,0.08534077927470207,2,481,
56,13500,S11,0.22704103589057922,2,446,
56,13500,S13,0.4827227294445038,2,516,
56,13500,S15,0.2817549854516983,2,568,
56,13500,S16,0.11450908705592155,2,518,
56,13500,S3,0.21208222210407257,2,381,
56,13500,S5,0.2710837312042713,2,562,
56,13500,S6,0.222253255546093,2,568,
56,13500,S7,0.07736235484480858,2,572,
56,13500,S8,0.4348650723695755,2,539,
56,13500,S9,0.09886770136654377,2,483,
56,13800,S11,0.2830445319414139,2,457,
56,13800,S13,0.42414751648902893,2,528,
56,13800,S15,0.29980526864528656,2,584,
56,13800,S16,0.16065338999032974,2,521,
56,13800,S3,0.6092684119939804,2,392,
56,13800,S5,0.17355698347091675,2,564,
56,13800,S6,0.23677106201648712,2,583,
56,13800,S7,0.24554941058158875,2,588,
56,13800,S8,0.30493468046188354,2,552,
56,13800,S9,0.029486295767128468,2,485,
56,14100,S11,0.1633666306734085,2,470,
56,14100,S13,0.34750914573669434,2,530,
56,14100,S15,0.277308888733387,2,599,
56,14100,S16,0.05551540292799473,2,532,
56,14100,S3,0.3623422533273697,2,394,
56,14100,S5,0.19489296525716782,2,572,
56,14100,S6,0.26551327109336853,2,594,
56,14100,S7,0.1811242178082466,2,590,
56,14100,S8,0.39594006538391113,2,556,
56,14100,S9,0.039212482050061226,2,494,
56,14400,S11,0.5164478719234467,2,476,
56,14400,S13,0.3132771849632263,2,532,
56,14400,S15,0.4901381880044937,2,611,
56,14400,S16,0.09042068105190992,2,538,
56,14400,S3,0.2499217614531517,2,396,
56,14400,S5,0.30126072466373444,2,574,
56,14400,S6,0.247125044465065,2,604,
56,14400,S7,0.3590920940041542,2,602,
56,14400,S8,0.2975432649254799,2,558,
56,14400,S9,0.04546292498707771,2,504,
56,14700,S11,0.33074628561735153,2,479,
56,14700,S13,0.4563741981983185,2,534,
56,14700,S15,0.17098985984921455,2,628,
56,14700,S16,0.060937587171792984,2,545,
56,14700,S3,0.24466679245233536,2,400,
56,14700,S5,0.15054696053266525,2,577,
56,14700,S6,0.2290874645113945,2,611,
56,14700,S7,0.1160118393599987,2,618,
56,14700,S8,0.38362984359264374,2,562,
56,14700,S9,0.03814075607806444,2,512,
56,15000,S11,0.2770393043756485,2,496,
56,15000,S13,0.24161407351493835,2,545,
56,15000,S15,0.3088352233171463,2,645,
56,15000,S16,0.06944242306053638,2,562,
56,15000,S3,0.20574980974197388,2,417,
56,15000,S5,0.11671902611851692,2,587,
56,15000,S6,0.2388070523738861,2,624,
56,15000,S7,0.1113741286098957,2,631,
56,15000,S8,0.3613966852426529,2,577,
56,15000,S9,0.09850714169442654,2,529,
56,15300,S11,0.17196467146277428,2,513,
56,15300,S13,0.4144380986690521,2,555,
56,15300,S15,0.2538162097334862,2,656,
56,15300,S16,0.05455833859741688,2,579,
56,15300,S3,0.31279248744249344,2,433,
56,15300,S5,0.1387784294784069,2,599,
56,15300,S6,0.20294390618801117,2,631,
56,15300,S7,0.3285619020462036,2,641,
56,15300,S8,0.2471546083688736,2,594,
56,15300,S9,0.03263888414949179,2,542,
56,15600,S11,0.21201470494270325,2,525,
56,15600,S13,0.5958062410354614,2,571,
56,15600,S15,0.5022525191307068,2,664,
56,15600,S16,0.08447602391242981,2,596,
56,15600,S3,0.25286440551280975,2,445,
56,15600,S5,0.20994532108306885,2,601,
56,15600,S6,0.17677634954452515,2,640,
56,15600,S7,0.08905242197215557,2,658,
56,15600,S8,0.2774897366762161,2,611,
56,15600,S9,0.03449663519859314,2,556,
56,15900,S11,0.21518448740243912,2,527,
56,15900,S13,0.30577489733695984,2,573,
56,15900,S15,0.28964586555957794,2,666,
56,15900,S16,0.1679010782390833,2,601,
56,15900,S3,0.32014281302690506,2,447,
56,15900,S5,0.1527441330254078,2,607,
56,15900,S6,0.15748652815818787,2,648,
56,15900,S7,0.1810874231159687,2,670,
56,15900,S8,0.3835999518632889,2,619,
56,15900,S9,0.08451359160244465,2,559,
56,16200,S11,0.19422518461942673,2,535,
56,16200,S13,0.2921236753463745,2,589,
56,16200,S15,0.3101195842027664,2,682,
56,16200,S16,0.06390886101871729,2,616,
56,16200,S3,0.49548232555389404,2,449,
56,16200,S5,0.10707167908549309,2,621,
56,16200,S6,0.18603985011577606,2,657,
56,16200,S7,0.1359823066741228,2,676,
56,16200,S8,0.35654616355895996,2,635,
56,16200,S9,0.02857467532157898,2,569,
56,16500,S11,0.2884475067257881,2,544,
56,16500,S13,0.36692437529563904,2,598,
56,16500,S15,0.302846260368824,2,699,
56,16500,S16,0.0644278647378087,2,633,
56,16500,S3,0.2951704040169716,2,466,
56,16500,S5,0.11171995103359222,2,635,
56,16500,S6,0.2040243297815323,2,674,
56,16500,S7,0.17850392684340477,2,684,
56,16500,S8,0.22723788022994995,2,652,
56,16500,S9,0.04151731915771961,2,586,
56,16800,S11,0.36254609376192093,2,558,
56,16800,S13,0.3699324429035187,2,610,
56,16800,S15,0.19122952967882156,2,716,
56,16800,S16,0.05187152326107025,2,650,
56,16800,S3,0.19701772183179855,2,483,
56,16800,S5,0.3567877784371376,2,651,
56,16800,S6,0.19118957221508026,2,676,
56,16800,S7,0.13650623708963394,2,694,
56,16800,S8,0.36361993104219437,2,669,
56,16800,S9,0.056636787950992584,2,603,
56,17100,S11,0.2759935334324837,2,575,
56,17100,S13,0.3185511529445648,2,624,
56,17100,S15,0.43696874380111694,2,724,
56,17100,S16,0.05181856453418732,2,667,
56,17100,S3,0.1831498146057129,2,500,
56,17100,S5,0.3143656402826309,2,668,
56,17100,S6,0.24317686259746552,2,678,
56,17100,S7,0.06970985978841782,2,708,
56,17100,S8,0.34159713983535767,2,675,
56,17100,S9,0.026178629137575626,2,614,
56,17400,S11,0.1367996260523796,2,587,
56,17400,S13,0.20250891894102097,2,633,
56,17400,S15,0.2211318090558052,2,732,
56,17400,S16,0.027208944782614708,2,684,
56,17400,S3,0.2061701864004135,2,507,
56,17400,S5,0.36610323190689087,2,685,
56,17400,S6,0.15152015164494514,2,681,
56,17400,S7,0.07232071086764336,2,721,
56,17400,S8,0.3991602435708046,2,687,
56,17400,S9,0.026769369840621948,2,627,
56,17700,S11,0.9869312793016434,2,598,
56,17700,S13,0.42602020502090454,2,650,
56,17700,S15,0.2057931199669838,2,749,
56,17700,S16,0.03247585706412792,2,701,
56,17700,S3,0.17325223982334137,2,509,
56,17700,S5,0.16459684818983078,2,702,
56,17700,S6,0.2246156632900238,2,683,
56,17700,S7,0.12275505438446999,2,737,
56,17700,S8,0.34420596063137054,2,702,
56,17700,S9,0.029970012605190277,2,643,
56,18000,S11,0.27812380343675613,2,613,
56,18000,S13,0.27125291526317596,2,667,
56,18000,S15,0.12857291847467422,2,766,
56,18000,S16,0.0981038436293602,2,714,
56,18000,S3,0.21966969966888428,2,511,
56,18000,S5,0.18963826075196266,2,719,
56,18000,S6,0.21070121228694916,2,685,
56,18000,S7,0.1987677402794361,2,745,
56,18000,S8,0.37865814566612244,2,710,
56,18000,S9,0.024672092869877815,2,660,
56,18300,S11,0.31295493990182877,2,630,
56,18300,S13,0.27800068259239197,2,684,
56,18300,S15,0.23269310593605042,2,783,
56,18300,S16,0.052059946581721306,2,731,
56,18300,S3,0.19952009245753288,2,517,
56,18300,S5,0.08810019493103027,2,735,
56,18300,S6,0.24269100278615952,2,697,
56,18300,S7,0.12394237518310547,2,754,
56,18300,S8,0.36407121270895004,2,727,
56,18300,S9,0.04070694651454687,2,671,
56,18600,S11,0.3088332638144493,2,636,
56,18600,S13,0.23225730657577515,2,693,
56,18600,S15,0.18981685489416122,2,800,
56,18600,S16,0.07795580849051476,2,748,
56,18600,S3,0.21303898096084595,2,534,
56,18600,S5,0.09443460777401924,2,746,
56,18600,S6,0.1794377639889717,2,706,
56,18600,S7,0.1017443984746933,2,758,
56,18600,S8,0.424471914768219,2,744,
56,18600,S9,0.07279583346098661,2,674,
56,18900,S11,0.16088387370109558,2,641,
56,18900,S13,0.3129997253417969,2,710,
56,18900,S15,0.40340501070022583,2,817,
56,18900,S16,0.019092154689133167,2,763,
56,18900,S3,0.49256590008735657,2,551,
56,18900,S5,0.17859969288110733,2,757,
56,18900,S6,0.26026107370853424,2,711,
56,18900,S7,0.0794360600411892,2,773,
56,18900,S8,0.37041422724723816,2,759,
56,18900,S9,0.01645686663687229,2,676,
56,19200,S11,0.36124783754348755,2,648,
56,19200,S13,0.263806514441967,2,723,
56,19200,S15,0.23104291409254074,2,831,
56,19200,S16,0.03457947168499231,2,773,
56,19200,S3,0.12329402565956116,2,565,
56,19200,S5,0.09626303985714912,2,766,
56,19200,S6,0.20436731725931168,2,718,
56,19200,S7,0.11450858041644096,2,779,
56,19200,S8,0.4165163040161133,2,767,
56,19200,S9,0.029238061979413033,2,687,
56,19500,S11,0.24608511477708817,2,665,
56,19500,S13,0.23239776492118835,2,730,
56,19500,S15,0.18453262001276016,2,848,
56,19500,S16,0.05732348654419184,2,790,
56,19500,S3,0.3100491836667061,2,581,
56,19500,S5,0.11330827325582504,2,779,
56,19500,S6,0.12493814527988434,2,729,
56,19500,S7,0.11908883228898048,2,792,
56,19500,S8,0.3515533357858658,2,769,
56,19500,S9,0.024471338838338852,2,701,
56,19800,S11,0.29564519226551056,2,682,
56,19800,S13,0.23746560513973236,2,733,
56,19800,S15,0.28831714391708374,2,861,
56,19800,S16,0.03408906050026417,2,801,
56,19800,S3,0.2061673179268837,2,585,
56,19800,S5,0.17680611461400986,2,785,
56,19800,S6,0.26092394441366196,2,744,
56,19800,S7,0.11420726776123047,2,809,
56,19800,S8,0.33445994555950165,2,776,
56,19800,S9,0.019693104550242424,2,711,
56,20100,S11,0.25236404687166214,2,699,
56,20100,S13,0.25852152705192566,2,748,
56,20100,S15,0.20409110188484192,2,874,
56,20100,S16,0.03280992526561022,2,816,
56,20100,S3,0.37101344019174576,2,602,
56,20100,S5,0.24264928698539734,2,792,
56,20100,S6,0.16207344830036163,2,752,
56,20100,S7,0.10295009985566139,2,813,
56,20100,S8,0.3363117128610611,2,783,
56,20100,S9,0.021279959939420223,2,723,
56,20400,S11,0.2142234779894352,2,703,
56,20400,S13,0.30913031846284866,2,755,
56,20400,S15,0.22252248972654343,2,891,
56,20400,S16,0.02299639256671071,2,818,
56,20400,S3,0.17520743608474731,2,619,
56,20400,S5,0.13080259039998055,2,804,
56,20400,S6,0.1900760680437088,2,766,
56,20400,S7,0.11372222751379013,2,815,
56,20400,S8,0.39777450263500214,2,797,
56,20400,S9,0.01906585367396474,2,726,
56,20700,S11,0.18493754416704178,2,720,
56,20700,S13,0.3901890814304352,2,771,
56,20700,S15,0.3514190912246704,2,896,
56,20700,S16,0.015621508937329054,2,835,
56,20700,S3,0.13501516729593277,2,635,
56,20700,S5,0.24537938833236694,2,812,
56,20700,S6,0.19722478836774826,2,768,
56,20700,S7,0.09086195379495621,2,818,
56,20700,S8,0.25492657721042633,2,811,
56,20700,S9,0.02913874015212059,2,731,
56,21000,S11,0.12041769176721573,2,737,
56,21000,S13,0.23912503570318222,2,777,
56,21000,S15,0.2368965446949005,2,908,
56,21000,S16,0.025374277960509062,2,852,
56,21000,S3,0.20369120687246323,2,651,
56,21000,S5,0.12510300241410732,2,818,
56,21000,S6,0.19532479345798492,2,772,
56,21000,S7,0.3117137923836708,2,834,
56,21000,S8,0.287111297249794,2,825,
56,21000,S9,0.01887726690620184,2,743,
56,21300,S11,0.14138030633330345,2,754,
56,21300,S13,0.25951848179101944,2,779,
56,21300,S15,0.25456708669662476,2,916,
56,21300,S16,0.04503307770937681,2,869,
56,21300,S3,0.16379402950406075,2,655,
56,21300,S5,0.10213916376233101,2,830,
56,21300,S6,0.15319589525461197,2,777,
56,21300,S7,0.058900587260723114,2,851,
56,21300,S8,0.3466709703207016,2,842,
56,21300,S9,0.030626943800598383,2,757,
56,21600,S11,0.5002810806035995,2,771,
56,21600,S13,0.2807304710149765,2,795,
56,21600,S15,0.11372873187065125,2,933,
56,21600,S16,0.05899468995630741,2,886,
56,21600,S3,0.09924010559916496,2,658,
56,21600,S5,0.2060118019580841,2,847,
56,21600,S6,0.21836218237876892,2,792,
56,21600,S7,0.046373313292860985,2,868,
56,21600,S8,0.31328049302101135,2,846,
56,21600,S9,0.04882832337170839,2,774,
56,21900,S11,0.1222684197127819,2,784,
56,21900,S13,0.23647257685661316,2,812,
56,21900,S15,0.36394278705120087,2,950,
56,21900,S16,0.021881133317947388,2,901,
56,21900,S3,0.11607179045677185,2,671,
56,21900,S5,0.25871362537145615,2,851,
56,21900,S6,0.1189034916460514,2,796,
56,21900,S7,0.060907136648893356,2,870,
56,21900,S8,0.36623941361904144,2,859,
56,21900,S9,0.035565323662012815,2,791,
56,22200,S11,0.08607101067900658,2,793,
56,22200,S13,0.22324740886688232,2,817,
56,22200,S15,0.1451350450515747,2,965,
56,22200,S16,0.013551161158829927,2,914,
56,22200,S3,0.09669844061136246,2,681,
56,22200,S5,0.10040058568120003,2,857,
56,22200,S6,0.10943495109677315,2,809,
56,22200,S7,0.054372988641262054,2,878,
56,22200,S8,0.35558632016181946,2,868,
56,22200,S9,0.01652011275291443,2,795,
56,22500,S11,0.1450093910098076,2,802,
56,22500,S13,0.16699732095003128,2,830,
56,22500,S15,0.24074258655309677,2,972,
56,22500,S16,0.03172856383025646,2,921,
56,22500,S3,0.13283740729093552,2,688,
56,22500,S5,0.05366742052137852,2,865,
56,22500,S6,0.13837866485118866,2,822,
56,22500,S7,0.0368433827534318,2,886,
56,22500,S8,0.3288110941648483,2,872,
56,22500,S9,0.044895464554429054,2,800,
56,22800,S11,0.12870001792907715,2,814,
56,22800,S13,0.31766215711832047,2,845,
56,22800,S15,0.18223220109939575,2,980,
56,22800,S16,0.012946431525051594,2,938,
56,22800,S3,0.15663687139749527,2,704,
56,22800,S5,0.11313636600971222,2,882,
56,22800,S6,0.1227479949593544,2,834,
56,22800,S7,0.08523325063288212,2,899,
56,22800,S8,0.2206476777791977,2,884,
56,22800,S9,0.03664424130693078,2,802,
56,23100,S11,1.1810246743261814,2,826,
56,23100,S13,0.20528356730937958,2,862,
56,23100,S15,0.17787662148475647,2,987,
56,23100,S16,0.03125595673918724,2,955,
56,23100,S3,0.09785423800349236,2,706,
56,23100,S5,0.10060878843069077,2,890,
56,23100,S6,0.13567359000444412,2,851,
56,23100,S7,0.20859656855463982,2,905,
56,23100,S8,0.28065504133701324,2,901,
56,23100,S9,0.018180391751229763,2,818,
56,23400,S11,0.3470804691314697,2,843,
56,23400,S13,0.2525150179862976,2,877,
56,23400,S15,0.34899264574050903,2,1004,
56,23400,S16,0.025257971603423357,2,972,
56,23400,S3,0.11962022632360458,2,708,
56,23400,S5,0.17558009177446365,2,902,
56,23400,S6,0.20029959082603455,2,866,
56,23400,S7,0.06100012734532356,2,919,
56,23400,S8,0.2922176197171211,2,916,
56,23400,S9,0.01471806364133954,2,823,
56,23700,S11,0.22296679764986038,2,860,
56,23700,S13,0.35333946347236633,2,891,
56,23700,S15,0.2035786211490631,2,1016,
56,23700,S16,0.013235755264759064,2,983,
56,23700,S3,0.09995846450328827,2,714,
56,23700,S5,0.035019585862755775,2,918,
56,23700,S6,0.0855717882514,2,883,
56,23700,S7,0.08999110385775566,2,921,
56,23700,S8,0.2877095341682434,2,927,
56,23700,S9,0.03800506703555584,2,838,
56,24000,S11,0.44830092787742615,2,875,
56,24000,S13,0.3197570741176605,2,908,
56,24000,S15,0.13839101046323776,2,1023,
56,24000,S16,0.022700983565300703,2,994,
56,24000,S3,0.15326372534036636,2,728,
56,24000,S5,0.14507830888032913,2,933,
56,24000,S6,0.16182173788547516,2,886,
56,24000,S7,0.08516336232423782,2,932,
56,24000,S8,0.3338731974363327,2,936,
56,24000,S9,0.014001684729009867,2,855,
56,24300,S11,0.08582878671586514,2,888,
56,24300,S13,0.23340687900781631,2,913,
56,24300,S15,0.1447480246424675,2,1030,
56,24300,S16,0.01008805283345282,2,1008,
56,24300,S3,0.10519717633724213,2,730,
56,24300,S5,0.11654103547334671,2,943,
56,24300,S6,0.154702790081501,2,900,
56,24300,S7,0.08289392478764057,2,949,
56,24300,S8,0.2667726054787636,2,938,
56,24300,S9,0.048212177120149136,2,863,
56,24600,S11,1.7840210795402527,2,899,
56,24600,S13,0.1724095717072487,2,923,
56,24600,S15,0.18187549710273743,2,1034,
56,24600,S16,0.013050715904682875,2,1020,
56,24600,S3,0.09572071954607964,2,740,
56,24600,S5,0.1574550624936819,2,957,
56,24600,S6,0.2369169071316719,2,914,
56,24600,S7,0.05727263540029526,2,958,
56,24600,S8,0.21419630199670792,2,952,
56,24600,S9,0.008165920851752162,2,871,
56,24900,S11,0.11492478847503662,2,916,
56,24900,S13,0.1429230086505413,2,933,
56,24900,S15,0.16511035710573196,2,1036,
56,24900,S16,0.07235673302784562,2,1037,
56,24900,S3,0.07939481362700462,2,750,
56,24900,S5,0.10219630785286427,2,967,
56,24900,S6,0.09955202415585518,2,931,
56,24900,S7,0.03310430608689785,2,962,
56,24900,S8,0.21422621607780457,2,957,
56,24900,S9,0.06397586688399315,2,888,
56,25200,S11,0.29180747270584106,2,932,
56,25200,S13,0.13609041646122932,2,945,
56,25200,S15,0.22263196855783463,2,1042,
56,25200,S16,0.015054188668727875,2,1043,
56,25200,S3,0.10540204867720604,2,752,
56,25200,S5,0.17684191465377808,2,982,
56,25200,S6,0.14524345472455025,2,945,
56,25200,S7,0.22205408662557602,2,964,
56,25200,S8,0.212989941239357,2,969,
56,25200,S9,0.02486105402931571,2,905,
56,25500,S11,0.135339779779315,2,949,
56,25500,S13,0.13508659601211548,2,958,
56,25500,S15,0.09217151999473572,2,1051,
56,25500,S16,0.013622129335999489,2,1057,
56,25500,S3,0.08966377377510071,2,764,
56,25500,S5,0.11756180226802826,2,999,
56,25500,S6,0.15638919919729233,2,959,
56,25500,S7,0.0707094706594944,2,966,
56,25500,S8,0.20121774822473526,2,986,
56,25500,S9,0.1698729656636715,2,922,
56,25800,S11,0.8451852165162563,2,966,
56,25800,S13,0.12942159920930862,2,967,
56,25800,S15,0.18101006746292114,2,1066,
56,25800,S16,0.0679349119309336,2,1070,
56,25800,S3,0.06815759092569351,2,775,
56,25800,S5,0.14401868358254433,2,1004,
56,25800,S6,0.18629924580454826,2,976,
56,25800,S7,0.07466934248805046,2,980,
56,25800,S8,0.2693985849618912,2,998,
56,25800,S9,0.007503049215301871,2,938,
56,26100,S11,0.5145270600914955,2,975,
56,26100,S13,0.26466237381100655,2,977,
56,26100,S15,0.3351118564605713,2,1074,
56,26100,S16,0.02059684321284294,2,1080,
56,26100,S3,0.10797342099249363,2,792,
56,26100,S5,0.11201541870832443,2,1013,
56,26100,S6,0.12119439989328384,2,993,
56,26100,S7,0.05447728745639324,2,997,
56,26100,S8,0.3093741834163666,2,1005,
56,26100,S9,0.01751224952749908,2,955,
56,26400,S11,0.13485431671142578,2,988,
56,26400,S13,0.18175573647022247,2,986,
56,26400,S15,0.32578063011169434,2,1087,
56,26400,S16,0.029396027326583862,2,1093,
56,26400,S3,0.09744689241051674,2,809,
56,26400,S5,0.06988425180315971,2,1029,
56,26400,S6,0.09194508567452431,2,1006,
56,26400,S7,0.033413881435990334,2,1014,
56,26400,S8,0.3361497223377228,2,1022,
56,26400,S9,0.01248419051989913,2,962,
56,26700,S11,0.10147155076265335,2,992,
56,26700,S13,0.1410420462489128,2,993,
56,26700,S15,0.11352821439504623,2,1104,
56,26700,S16,0.009706671349704266,2,1099,
56,26700,S3,0.08747857064008713,2,825,
56,26700,S5,0.0740140751004219,2,1046,
56,26700,S6,0.05271086469292641,2,1019,
56,26700,S7,0.07116127759218216,2,1031,
56,26700,S8,0.25192370265722275,2,1039,
56,26700,S9,0.019470366649329662,2,973,
56,27000,S11,0.8850411474704742,2,1006,
56,27000,S13,0.26102013140916824,2,1000,
56,27000,S15,0.17643669992685318,2,1117,
56,27000,S16,0.012897972483187914,2,1106,
56,27000,S3,0.08505254238843918,2,827,
56,27000,S5,0.4427582025527954,2,1059,
56,27000,S6,0.09361916035413742,2,1028,
56,27000,S7,0.13222869858145714,2,1044,
56,27000,S8,0.21444882452487946,2,1047,
56,27000,S9,0.022610438521951437,2,978,
56,27300,S11,0.6893645524978638,2,1010,
56,27300,S13,0.11544725298881531,2,1009,
56,27300,S15,0.36574725806713104,2,1124,
56,27300,S16,0.03825426520779729,2,1109,
56,27300,S3,0.09302885830402374,2,839,
56,27300,S5,0.10990278422832489,2,1071,
56,27300,S6,0.11978406459093094,2,1038,
56,27300,S7,0.049919914454221725,2,1046,
56,27300,S8,0.2984449565410614,2,1051,
56,27300,S9,0.01751698716543615,2,987,
56,27600,S11,0.6241572499275208,2,1019,
56,27600,S13,0.17411347478628159,2,1013,
56,27600,S15,0.18751665204763412,2,1134,
56,27600,S16,0.12502531963400543,2,1111,
56,27600,S3,0.10861513018608093,2,853,
56,27600,S5,0.05109846591949463,2,1088,
56,27600,S6,0.10076105315238237,2,1042,
56,27600,S7,0.036129966378211975,2,1048,
56,27600,S8,0.2335442304611206,2,1064,
56,27600,S9,0.01967486971989274,2,995,
56,27900,S11,0.11939879506826401,2,1029,
56,27900,S13,0.5769416093826294,2,1015,
56,27900,S15,0.1535058617591858,2,1138,
56,27900,S16,0.024754685815423727,2,1113,
56,27900,S3,0.14252690225839615,2,855,
56,27900,S5,0.10197893530130386,2,1104,
56,27900,S6,0.09046529233455658,2,1044,
56,27900,S7,0.03881652280688286,2,1050,
56,27900,S8,0.19646865129470825,2,1081,
56,27900,S9,0.0328401573933661,2,999,
56,28200,S11,0.9585439749062061,2,1046,
56,28200,S13,0.35269106924533844,2,1026,
56,28200,S15,0.11865264922380447,2,1140,
56,28200,S16,0.03212988469749689,2,1116,
56,28200,S3,0.10934532061219215,2,868,
56,28200,S5,0.026220092549920082,2,1120,
56,28200,S6,0.1794658973813057,2,1047,
56,28200,S7,0.058905208483338356,2,1064,
56,28200,S8,0.20615272223949432,2,1093,
56,28200,S9,0.01726575568318367,2,1012,
56,28500,S11,0.20295877009630203,2,1063,
56,28500,S13,0.2425260841846466,2,1043,
56,28500,S15,0.11848820373415947,2,1154,
56,28500,S16,0.021794952917844057,2,1118,
56,28500,S3,0.0638943649828434,2,885,
56,28500,S5,0.053458403795957565,2,1137,
56,28500,S6,0.06770345382392406,2,1058,
56,28500,S7,0.05547343846410513,2,1080,
56,28500,S8,0.41634057462215424,2,1104,
56,28500,S9,0.012839961796998978,2,1015,
56,28800,S11,0.11700693890452385,2,1080,
56,28800,S13,0.37083621323108673,2,1053,
56,28800,S15,0.16433259099721909,2,1162,
56,28800,S16,0.03689401689916849,2,1131,
56,28800,S3,0.13697140663862228,2,898,
56,28800,S5,0.332177110016346,2,1147,
56,28800,S6,0.07118913345038891,2,1072,
56,28800,S7,0.036526305601000786,2,1093,
56,28800,S8,0.2256120890378952,2,1111,
56,28800,S9,0.03439793223515153,2,1024,
56,29100,S11,0.792268916964531,2,1095,
56,29100,S13,0.30259476602077484,2,1057,
56,29100,S15,0.2057933807373047,2,1170,
56,29100,S16,0.015512648038566113,2,1139,
56,29100,S3,0.09279351681470871,2,905,
56,29100,S5,0.17415343970060349,2,1149,
56,29100,S6,0.13248024508357048,2,1085,
56,29100,S7,0.044913360849022865,2,1108,
56,29100,S8,0.2261349856853485,2,1126,
56,29100,S9,0.019239156041294336,2,1034,
56,29400,S11,0.3361795097589493,2,1102,
56,29400,S13,0.14686965197324753,2,1065,
56,29400,S15,0.13020889833569527,2,1184,
56,29400,S16,0.012230302672833204,2,1151,
56,29400,S3,0.06845273450016975,2,916,
56,29400,S5,0.182283416390419,2,1159,
56,29400,S6,0.07372982427477837,2,1093,
56,29400,S7,0.03898325935006142,2,1124,
56,29400,S8,0.2755551338195801,2,1141,
56,29400,S9,0.011155813932418823,2,1047,
56,29700,S11,0.4373995363712311,2,1119,
56,29700,S13,0.14301378279924393,2,1071,
56,29700,S15,0.08693882822990417,2,1194,
56,29700,S16,0.011222003493458033,2,1168,
56,29700,S3,0.15939737483859062,2,926,
56,29700,S5,0.04472426697611809,2,1161,
56,29700,S6,0.04951602965593338,2,1110,
56,29700,S7,0.0613037571310997,2,1136,
56,29700,S8,0.24953170865774155,2,1147,
56,29700,S9,0.06315983645617962,2,1064,
56,30000,S11,0.06090247258543968,2,1136,
56,30000,S13,0.12108157202601433,2,1080,
56,30000,S15,0.12087808735668659,2,1211,
56,30000,S16,0.013718307949602604,2,1185,
56,30000,S3,0.13302967324852943,2,943,
56,30000,S5,0.4833565652370453,2,1169,
56,30000,S6,0.07390683144330978,2,1121,
56,30000,S7,0.030862949788570404,2,1146,
56,30000,S8,0.40728865563869476,2,1158,
56,30000,S9,0.055208299309015274,2,1077,
56,30300,S11,0.08513585478067398,2,1153,
56,30300,S13,0.2308666929602623,2,1092,
56,30300,S15,0.13406505435705185,2,1228,
56,30300,S16,0.012457098346203566,2,1194,
56,30300,S3,0.0745401605963707,2,959,
56,30300,S5,0.15983083844184875,2,1180,
56,30300,S6,0.1147134080529213,2,1125,
56,30300,S7,0.07008722424507141,2,1162,
56,30300,S8,0.2018047720193863,2,1162,
56,30300,S9,0.013204326387494802,2,1088,
56,30600,S11,0.06431703642010689,2,1170,
56,30600,S13,0.2826497256755829,2,1102,
56,30600,S15,0.09785424172878265,2,1245,
56,30600,S16,0.0077462950721383095,2,1204,
56,30600,S3,0.045583637431263924,2,963,
56,30600,S5,0.14571097027510405,2,1182,
56,30600,S6,0.1624019518494606,2,1142,
56,30600,S7,0.024072444066405296,2,1174,
56,30600,S8,0.14281630516052246,2,1179,
56,30600,S9,0.010497858049347997,2,1090,
56,30900,S11,0.1365973073989153,2,1184,
56,30900,S13,0.21128075569868088,2,1119,
56,30900,S15,0.09499648958444595,2,1259,
56,30900,S16,0.010707396548241377,2,1218,
56,30900,S3,0.07746478915214539,2,972,
56,30900,S5,0.11502605676651001,2,1191,
56,30900,S6,0.13077549263834953,2,1159,
56,30900,S7,0.048496443778276443,2,1187,
56,30900,S8,0.19749850034713745,2,1196,
56,30900,S9,0.02300774957984686,2,1104,
56,31200,S11,0.6322128921747208,2,1195,
56,31200,S13,0.12011910229921341,2,1123,
56,31200,S15,0.06809574365615845,2,1272,
56,31200,S16,0.011127375531941652,2,1223,
56,31200,S3,0.03848135657608509,2,989,
56,31200,S5,0.14057062938809395,2,1208,
56,31200,S6,0.5227394327521324,2,1176,
56,31200,S7,0.019752034451812506,2,1204,
56,31200,S8,0.18896891176700592,2,1213,
56,31200,S9,0.02813195064663887,2,1121,
56,31500,S11,0.30617016553878784,2,1205,
56,31500,S13,0.2574830874800682,2,1139,
56,31500,S15,0.4049551784992218,2,1279,
56,31500,S16,0.013469615252688527,2,1228,
56,31500,S3,0.08523542806506157,2,1006,
56,31500,S5,0.041069621685892344,2,1215,
56,31500,S6,0.06128454580903053,2,1192,
56,31500,S7,0.04049516748636961,2,1216,
56,31500,S8,0.2013249695301056,2,1230,
56,31500,S9,0.010827090591192245,2,1128,
56,31800,S11,0.4133114218711853,2,1219,
56,31800,S13,0.15076792240142822,2,1153,
56,31800,S15,0.07142215967178345,2,1285,
56,31800,S16,0.007131130434572697,2,1240,
56,31800,S3,0.06332326866686344,2,1017,
56,31800,S5,0.09453351236879826,2,1232,
56,31800,S6,0.08637502416968346,2,1194,
56,31800,S7,0.0239922390319407,2,1233,
56,31800,S8,0.15376399457454681,2,1237,
56,31800,S9,0.01072679366916418,2,1136,
56,32100,S11,0.07101203687489033,2,1233,
56,32100,S13,0.44536474347114563,2,1160,
56,32100,S15,0.11416632682085037,2,1302,
56,32100,S16,0.008362837135791779,2,1257,
56,32100,S3,0.03239835053682327,2,1027,
56,32100,S5,0.06925191730260849,2,1243,
56,32100,S6,0.07692140154540539,2,1205,
56,32100,S7,0.05990120116621256,2,1250,
56,32100,S8,0.15483521297574043,2,1246,
56,32100,S9,0.005122623289935291,2,1147,
56,32400,S11,0.0702285710722208,2,1242,
56,32400,S13,0.2934792824089527,2,1165,
56,32400,S15,0.15143325179815292,2,1319,
56,32400,S16,0.009805731475353241,2,1274,
56,32400,S3,0.08733404986560345,2,1039,
56,32400,S5,0.07066454738378525,2,1260,
56,32400,S6,0.10989474505186081,2,1210,
56,32400,S7,0.060008327942341566,2,1267,
56,32400,S8,0.18118265643715858,2,1250,
56,32400,S9,0.007646674057468772,2,1151,
56,32700,S11,1.9291083812713623,2,1259,
56,32700,S13,0.2114589884877205,2,1171,
56,32700,S15,0.2169765867292881,2,1334,
56,32700,S16,0.004033491713926196,2,1291,
56,32700,S3,0.11081431433558464,2,1047,
56,32700,S5,0.25687966495752335,2,1272,
56,32700,S6,0.06150255352258682,2,1225,
56,32700,S7,0.04686316754668951,2,1279,
56,32700,S8,0.14486891776323318,2,1258,
56,32700,S9,0.009834807366132736,2,1162,
56,33000,S11,0.1311488151550293,2,1264,
56,33000,S13,0.13616614416241646,2,1177,
56,33000,S15,0.11072391644120216,2,1340,
56,33000,S16,0.016372988000512123,2,1303,
56,33000,S3,0.11938022822141647,2,1051,
56,33000,S5,0.19652234390377998,2,1278,
56,33000,S6,0.08509035222232342,2,1238,
56,33000,S7,0.05474960803985596,2,1291,
56,33000,S8,0.13516458868980408,2,1274,
56,33000,S9,0.06267201201990247,2,1178,
56,33300,S11,0.09388793632388115,2,1272,
56,33300,S13,0.09164970368146896,2,1194,
56,33300,S15,0.23077384382486343,2,1343,
56,33300,S16,0.013318797573447227,2,1319,
56,33300,S3,0.02423217985779047,2,1058,
56,33300,S5,0.03661080449819565,2,1294,
56,33300,S6,0.1252693347632885,2,1254,
56,33300,S7,0.059953766874969006,2,1300,
56,33300,S8,0.1887245997786522,2,1277,
56,33300,S9,0.00730654108338058,2,1191,
56,33600,S11,0.17940877377986908,2,1285,
56,33600,S13,0.10735227540135384,2,1205,
56,33600,S15,0.11008511111140251,2,1359,
56,33600,S16,0.012616307474672794,2,1333,
56,33600,S3,0.26093854010105133,2,1060,
56,33600,S5,0.06367430090904236,2,1305,
56,33600,S6,0.040089940652251244,2,1264,
56,33600,S7,0.09941048081964254,2,1309,
56,33600,S8,0.29505522549152374,2,1287,
56,33600,S9,0.015535685233771801,2,1207,
56,33900,S11,0.04596269689500332,2,1298,
56,33900,S13,0.28267980366945267,2,1209,
56,33900,S15,0.11785521358251572,2,1361,
56,33900,S16,0.042511025443673134,2,1339,
56,33900,S3,0.05602061562240124,2,1073,
56,33900,S5,0.4665045887231827,2,1307,
56,33900,S6,0.07909747958183289,2,1276,
56,33900,S7,0.060322102159261703,2,1321,
56,33900,S8,0.16962934657931328,2,1289,
56,33900,S9,0.012011350598186255,2,1218,
56,34200,S11,0.07794822612777352,2,1301,
56,34200,S13,0.18946027010679245,2,1223,
56,34200,S15,0.2403002381324768,2,1370,
56,34200,S16,0.012153415475040674,2,1347,
56,34200,S3,0.10775412246584892,2,1076,
56,34200,S5,0.08353989198803902,2,1320,
56,34200,S6,0.07589061185717583,2,1278,
56,34200,S7,0.07262534089386463,2,1333,
56,34200,S8,0.1983528658747673,2,1291,
56,34200,S9,0.004686944419518113,2,1232,
56,34500,S11,0.08761269971728325,2,1309,
56,34500,S13,0.14487190172076225,2,1236,
56,34500,S15,0.11764979362487793,2,1374,
56,34500,S16,0.027182514779269695,2,1349,
56,34500,S3,0.08219223096966743,2,1089,
56,34500,S5,0.18266403675079346,2,1333,
56,34500,S6,0.12884607911109924,2,1280,
56,34500,S7,0.061342885717749596,2,1336,
56,34500,S8,0.22254569083452225,2,1295,
56,34500,S9,0.011257977690547705,2,1245,
56,34800,S11,0.1228207666426897,2,1325,
56,34800,S13,0.12631756253540516,2,1249,
56,34800,S15,0.11538374051451683,2,1386,
56,34800,S16,0.005944722797721624,2,1353,
56,34800,S3,0.07985052093863487,2,1104,
56,34800,S5,0.12320881895720959,2,1348,
56,34800,S6,0.05649532377719879,2,1293,
56,34800,S7,0.02186869317665696,2,1344,
56,34800,S8,0.10679173469543457,2,1307,
56,34800,S9,0.006569068180397153,2,1249,
56,35100,S11,0.4423993406817317,2,1327,
56,35100,S13,0.10199211537837982,2,1262,
56,35100,S15,0.1540331356227398,2,1403,
56,35100,S16,0.010143194813281298,2,1370,
56,35100,S3,0.08658501505851746,2,1118,
56,35100,S5,0.0627843588590622,2,1361,
56,35100,S6,0.059278957545757294,2,1310,
56,35100,S7,0.011402132455259562,2,1360,
56,35100,S8,0.1782449334859848,2,1315,
56,35100,S9,0.005582978716120124,2,1261,
56,35400,S11,0.242440028116107,2,1329,
56,35400,S13,0.12085424363613129,2,1272,
56,35400,S15,0.1307777389883995,2,1420,
56,35400,S16,0.006519192364066839,2,1387,
56,35400,S3,0.08150516264140606,2,1125,
56,35400,S5,0.0960623174905777,2,1378,
56,35400,S6,0.06133922562003136,2,1327,
56,35400,S7,0.12161970883607864,2,1367,
56,35400,S8,0.1348559558391571,2,1332,
56,35400,S9,0.008337803417816758,2,1264,
56,35700,S11,0.0774171780794859,2,1345,
56,35700,S13,0.3021973520517349,2,1279,
56,35700,S15,0.23467622697353363,2,1423,
56,35700,S16,0.006976955337449908,2,1396,
56,35700,S3,0.034719888120889664,2,1140,
56,35700,S5,0.051282644271850586,2,1395,
56,35700,S6,0.09843908995389938,2,1329,
56,35700,S7,0.02136124297976494,2,1384,
56,35700,S8,0.15803725644946098,2,1349,
56,35700,S9,0.010715173091739416,2,1279,
56,36000,S11,0.040946307592093945,2,1362,
56,36000,S13,0.14610595256090164,2,1295,
56,36000,S15,0.10823352262377739,2,1433,
56,36000,S16,0.02754759695380926,2,1410,
56,36000,S3,0.03338150214403868,2,1157,
56,36000,S5,0.47458410263061523,2,1402,
56,36000,S6,0.07842718437314034,2,1344,
56,36000,S7,0.033422527834773064,2,1400,
56,36000,S8,0.10047502815723419,2,1364,
56,36000,S9,0.008999146986752748,2,1290,
56,36300,S11,1.3011444807052612,2,1379,
56,36300,S13,0.2898448258638382,2,1308,
56,36300,S15,0.061633361503481865,2,1450,
56,36300,S16,0.00955164385959506,2,1416,
56,36300,S3,0.04289274103939533,2,1174,
56,36300,S5,0.04311174713075161,2,1414,
56,36300,S6,0.14540274441242218,2,1360,
56,36300,S7,0.06004869379103184,2,1417,
56,36300,S8,0.19025196135044098,2,1381,
56,36300,S9,0.012611513491719961,2,1300,
56,36600,S11,0.6882434599101543,2,1384,
56,36600,S13,0.15480242669582367,2,1314,
56,36600,S15,0.09955383837223053,2,1467,
56,36600,S16,0.01573950587771833,2,1425,
56,36600,S3,0.036567642353475094,2,1191,
56,36600,S5,0.5851193815469742,2,1427,
56,36600,S6,0.0680850949138403,2,1366,
56,36600,S7,0.06342802383005619,2,1431,
56,36600,S8,0.10722067207098007,2,1398,
56,36600,S9,0.0066647883504629135,2,1309,
56,36900,S11,0.18386076390743256,2,1400,
56,36900,S13,0.09909331798553467,2,1331,
56,36900,S15,0.11791932955384254,2,1484,
56,36900,S16,0.0050032492727041245,2,1438,
56,36900,S3,0.022619874216616154,2,1208,
56,36900,S5,0.11500854790210724,2,1441,
56,36900,S6,0.08222583681344986,2,1382,
56,36900,S7,0.011029523331671953,2,1439,
56,36900,S8,0.07833128236234188,2,1407,
56,36900,S9,0.005662935087457299,2,1325,
56,37200,S11,0.08631337806582451,2,1417,
56,37200,S13,0.1777464523911476,2,1348,
56,37200,S15,0.09758158028125763,2,1488,
56,37200,S16,0.013514179736375809,2,1452,
56,37200,S3,0.05327262729406357,2,1224,
56,37200,S5,0.20907250046730042,2,1453,
56,37200,S6,0.027859028428792953,2,1391,
56,37200,S7,0.010948135517537594,2,1454,
56,37200,S8,0.12850404530763626,2,1415,
56,37200,S9,0.0444520665332675,2,1333,
56,37500,S11,0.16975992918014526,2,1430,
56,37500,S13,0.0754980817437172,2,1362,
56,37500,S15,0.17455510795116425,2,1497,
56,37500,S16,0.011671880260109901,2,1469,
56,37500,S3,0.026727831922471523,2,1226,
56,37500,S5,0.035993682220578194,2,1468,
56,37500,S6,0.08698594197630882,2,1393,
56,37500,S7,0.036821321584284306,2,1462,
56,37500,S8,0.06918539851903915,2,1430,
56,37500,S9,0.20339564606547356,2,1340,
56,37800,S11,1.1137161701917648,2,1447,
56,37800,S13,0.09324411675333977,2,1379,
56,37800,S15,0.346124604344368,2,1514,
56,37800,S16,0.025469399988651276,2,1486,
56,37800,S3,0.15855318307876587,2,1238,
56,37800,S5,0.22755515575408936,2,1485,
56,37800,S6,0.05255988612771034,2,1408,
56,37800,S7,0.039462304674088955,2,1472,
56,37800,S8,0.0638359785079956,2,1447,
56,37800,S9,0.01632084045559168,2,1342,
56,38100,S11,0.16827893257141113,2,1464,
56,38100,S13,0.10209964960813522,2,1386,
56,38100,S15,0.21076427400112152,2,1527,
56,38100,S16,0.02222940931096673,2,1497,
56,38100,S3,0.03453821036964655,2,1243,
56,38100,S5,0.38479106966406107,2,1494,
56,38100,S6,0.08796226605772972,2,1421,
56,38100,S7,0.19287367910146713,2,1474,
56,38100,S8,0.07935593649744987,2,1464,
56,38100,S9,0.014318737899884582,2,1346,
56,38400,S11,0.0762054966762662,2,1481,
56,38400,S13,0.08010581322014332,2,1388,
56,38400,S15,0.0757916122674942,2,1544,
56,38400,S16,0.005768816918134689,2,1508,
56,38400,S3,0.028509180061519146,2,1253,
56,38400,S5,0.06489200051873922,2,1511,
56,38400,S6,0.07597316801548004,2,1438,
56,38400,S7,0.01214962312951684,2,1480,
56,38400,S8,0.06086658872663975,2,1480,
56,38400,S9,0.008027608972042799,2,1360,
56,38700,S11,0.07138347811996937,2,1498,
56,38700,S13,0.05654703080654144,2,1397,
56,38700,S15,0.06596370600163937,2,1559,
56,38700,S16,0.0024081352166831493,2,1515,
56,38700,S3,0.1997427474707365,2,1262,
56,38700,S5,0.21097538620233536,2,1524,
56,38700,S6,0.06532465852797031,2,1442,
56,38700,S7,0.028411122038960457,2,1485,
56,38700,S8,0.12129712477326393,2,1487,
56,38700,S9,0.021042630076408386,2,1377,
56,39000,S11,1.0194902271032333,2,1514,
56,39000,S13,0.08655379712581635,2,1408,
56,39000,S15,0.4685622751712799,2,1564,
56,39000,S16,0.012896562460809946,2,1520,
56,39000,S3,0.043746212497353554,2,1272,
56,39000,S5,0.13241946697235107,2,1527,
56,39000,S6,0.15182844176888466,2,1444,
56,39000,S7,0.014157949481159449,2,1489,
56,39000,S8,0.10933453217148781,2,1491,
56,39000,S9,0.037785702385008335,2,1388,
56,39300,S11,0.33222798630595207,2,1517,
56,39300,S13,0.10970209538936615,2,1410,
56,39300,S15,0.18518388271331787,2,1581,
56,39300,S16,0.013323135208338499,2,1532,
56,39300,S3,0.09095808491110802,2,1274,
56,39300,S5,0.01681464072316885,2,1543,
56,39300,S6,0.08244224078953266,2,1446,
56,39300,S7,0.05573532171547413,2,1498,
56,39300,S8,0.05836091563105583,2,1498,
56,39300,S9,0.011301303748041391,2,1401,
56,39600,S11,0.11697877943515778,2,1532,
56,39600,S13,0.24945387244224548,2,1412,
56,39600,S15,0.07857687026262283,2,1593,
56,39600,S16,0.006885894108563662,2,1545,
56,39600,S3,0.07170417625457048,2,1285,
56,39600,S5,0.35404280573129654,2,1558,
56,39600,S6,0.1073925793170929,2,1448,
56,39600,S7,0.02616556012071669,2,1511,
56,39600,S8,0.07814290001988411,2,1509,
56,39600,S9,0.009379120543599129,2,1416,
56,39900,S11,0.06191815994679928,2,1546,
56,39900,S13,0.08965737000107765,2,1414,
56,39900,S15,0.15021152049303055,2,1595,
56,39900,S16,0.006314961705356836,2,1549,
56,39900,S3,0.05264664068818092,2,1300,
56,39900,S5,0.04465828090906143,2,1571,
56,39900,S6,0.04258336406201124,2,1450,
56,39900,S7,0.021403164602816105,2,1524,
56,39900,S8,0.0954071506857872,2,1521,
56,39900,S9,0.014943592716008425,2,1420,
56,40200,S11,0.0998331569135189,2,1563,
56,40200,S13,0.09573039412498474,2,1424,
56,40200,S15,0.06032279506325722,2,1597,
56,40200,S16,0.007825043518096209,2,1551,
56,40200,S3,0.03087602648884058,2,1317,
56,40200,S5,0.06732193753123283,2,1581,
56,40200,S6,0.13269370794296265,2,1460,
56,40200,S7,0.012008900288492441,2,1541,
56,40200,S8,0.10816281288862228,2,1527,
56,40200,S9,0.004517107969149947,2,1433,
56,40500,S11,0.18120437115430832,2,1580,
56,40500,S13,0.10086705908179283,2,1441,
56,40500,S15,0.10959083959460258,2,1599,
56,40500,S16,0.006779489805921912,2,1557,
56,40500,S3,0.0796606820076704,2,1331,
56,40500,S5,0.06312632746994495,2,1586,
56,40500,S6,0.04617857979610562,2,1473,
56,40500,S7,0.027642766013741493,2,1549,
56,40500,S8,0.08605587296187878,2,1535,
56,40500,S9,0.004858104279264808,2,1450,
56,40800,S11,0.07637248001992702,2,1589,
56,40800,S13,0.05298631265759468,2,1458,
56,40800,S15,0.12873227149248123,2,1613,
56,40800,S16,0.021529698744416237,2,1574,
56,40800,S3,0.029310431331396103,2,1335,
56,40800,S5,0.028567330911755562,2,1597,
56,40800,S6,0.05550942476838827,2,1487,
56,40800,S7,0.04317648243159056,2,1565,
56,40800,S8,0.06194992270320654,2,1551,
56,40800,S9,0.005027778679504991,2,1467,
56,41100,S11,0.8868465460836887,2,1591,
56,41100,S13,0.10557875595986843,2,1472,
56,41100,S15,0.08199341408908367,2,1629,
56,41100,S16,0.0439420472830534,2,1590,
56,41100,S3,0.025915011763572693,2,1338,
56,41100,S5,0.05055234394967556,2,1607,
56,41100,S6,0.046231092885136604,2,1504,
56,41100,S7,0.026273700641468167,2,1582,
56,41100,S8,0.05765257403254509,2,1568,
56,41100,S9,0.006253139115869999,2,1470,
56,41400,S11,0.4452469255775213,2,1608,
56,41400,S13,0.15581387281417847,2,1487,
56,41400,S15,0.17750251293182373,2,1646,
56,41400,S16,0.010697680758312345,2,1600,
56,41400,S3,0.07384801656007767,2,1349,
56,41400,S5,0.19719209149479866,2,1613,
56,41400,S6,0.040593246929347515,2,1519,
56,41400,S7,0.019893278367817402,2,1599,
56,41400,S8,0.06844663992524147,2,1585,
56,41400,S9,0.006714960793033242,2,1479,
56,41700,S11,0.18199801817536354,2,1612,
56,41700,S13,0.23298330046236515,2,1504,
56,41700,S15,0.17344774305820465,2,1663,
56,41700,S16,0.017462811898440123,2,1617,
56,41700,S3,0.04982616100460291,2,1353,
56,41700,S5,0.15708450600504875,2,1621,
56,41700,S6,0.05007474310696125,2,1523,
56,41700,S7,0.015924423933029175,2,1616,
56,41700,S8,0.04573885537683964,2,1591,
56,41700,S9,0.004764768993481994,2,1487,
56,42000,S11,0.08328424021601677,2,1614,
56,42000,S13,0.15708555281162262,2,1518,
56,42000,S15,0.09073938429355621,2,1675,
56,42000,S16,0.014689546544104815,2,1632,
56,42000,S3,0.024911560118198395,2,1365,
56,42000,S5,0.05465146992355585,2,1631,
56,42000,S6,0.05697120726108551,2,1540,
56,42000,S7,0.01096997782588005,2,1631,
56,42000,S8,0.036748507991433144,2,1597,
56,42000,S9,0.004333451041020453,2,1498,
56,42300,S11,0.43259332701563835,2,1616,
56,42300,S13,0.06441568583250046,2,1520,
56,42300,S15,0.17111501842737198,2,1677,
56,42300,S16,0.005614992347545922,2,1635,
56,42300,S3,0.02139237057417631,2,1380,
56,42300,S5,0.06540878675878048,2,1646,
56,42300,S6,0.037358636036515236,2,1548,
56,42300,S7,0.01517266733571887,2,1648,
56,42300,S8,0.0504219438880682,2,1606,
56,42300,S9,0.024204716784879565,2,1506,
56,42600,S11,0.04964148532599211,2,1624,
56,42600,S13,0.04541155695915222,2,1528,
56,42600,S15,0.1452684924006462,2,1690,
56,42600,S16,0.01827808888629079,2,1637,
56,42600,S3,0.02169546391814947,2,1387,
56,42600,S5,0.044798994436860085,2,1661,
56,42600,S6,0.0294504314661026,2,1559,
56,42600,S7,0.018491064198315144,2,1659,
56,42600,S8,0.04287527687847614,2,1608,
56,42600,S9,0.03458175715059042,2,1508,
56,42900,S11,0.12122476613149047,2,1627,
56,42900,S13,0.2944360002875328,2,1545,
56,42900,S15,0.33119144290685654,2,1705,
56,42900,S16,0.0054605863988399506,2,1646,
56,42900,S3,0.07281027734279633,2,1389,
56,42900,S5,0.033808005042374134,2,1678,
56,42900,S6,0.043539442121982574,2,1575,
56,42900,S7,0.021269715391099453,2,1668,
56,42900,S8,0.05800906382501125,2,1610,
56,42900,S9,0.014804191887378693,2,1514,
56,43200,S11,0.03569964738562703,2,1634,
56,43200,S13,0.09294719621539116,2,1562,
56,43200,S15,0.1140415295958519,2,1713,
56,43200,S16,0.013062413316220045,2,1663,
56,43200,S3,0.037302845157682896,2,1401,
56,43200,S5,0.03137619327753782,2,1689,
56,43200,S6,0.03797498159110546,2,1587,
56,43200,S7,0.011391382664442062,2,1685,
56,43200,S8,0.07081137783825397,2,1621,
56,43200,S9,0.0054132696241140366,2,1531,
56,43500,S11,0.10153228789567947,2,1637,
56,43500,S13,0.061653878539800644,2,1576,
56,43500,S15,0.21672044694423676,2,1719,
56,43500,S16,0.00852124858647585,2,1676,
56,43500,S3,0.02863023243844509,2,1416,
56,43500,S5,0.1321963518857956,2,1691,
56,43500,S6,0.034562249667942524,2,1604,
56,43500,S7,0.023348317481577396,2,1695,
56,43500,S8,0.06742916442453861,2,1638,
56,43500,S9,0.0047921836376190186,2,1539,
56,43800,S11,0.17735012620687485,2,1653,
56,43800,S13,0.06487563997507095,2,1592,
56,43800,S15,0.24320869892835617,2,1729,
56,43800,S16,0.06487103807739913,2,1684,
56,43800,S3,0.01376343984156847,2,1433,
56,43800,S5,0.40923234820365906,2,1707,
56,43800,S6,0.17829480022192,2,1618,
56,43800,S7,0.019657290540635586,2,1697,
56,43800,S8,0.05011538974940777,2,1655,
56,43800,S9,0.00897847581654787,2,1551,
56,44100,S11,0.2385285496711731,2,1670,
56,44100,S13,0.08050113916397095,2,1601,
56,44100,S15,0.09207248501479626,2,1735,
56,44100,S16,0.004647101159207523,2,1686,
56,44100,S3,0.013726501725614071,2,1443,
56,44100,S5,0.2419951669871807,2,1718,
56,44100,S6,0.10078412294387817,2,1622,
56,44100,S7,0.010052301455289125,2,1700,
56,44100,S8,0.052070509642362595,2,1671,
56,44100,S9,0.006037845043465495,2,1560,
56,44400,S11,0.20273523032665253,2,1672,
56,44400,S13,0.12636050581932068,2,1605,
56,44400,S15,0.09035614132881165,2,1750,
56,44400,S16,0.03700512554496527,2,1699,
56,44400,S3,0.06329223699867725,2,1459,
56,44400,S5,0.20391652919352055,2,1727,
56,44400,S6,0.02909961249679327,2,1624,
56,44400,S7,0.009833420626819134,2,1710,
56,44400,S8,0.07042985036969185,2,1684,
56,44400,S9,0.012777290306985378,2,1573,
56,44700,S11,1.348741963505745,2,1679,
56,44700,S13,0.06309323385357857,2,1614,
56,44700,S15,0.040659119840711355,2,1760,
56,44700,S16,0.005056846421211958,2,1711,
56,44700,S3,0.04493881016969681,2,1470,
56,44700,S5,0.04975726827979088,2,1729,
56,44700,S6,0.04553360678255558,2,1636,
56,44700,S7,0.04337585251778364,2,1722,
56,44700,S8,0.09598161652684212,2,1689,
56,44700,S9,0.0034126657410524786,2,1586,
56,45000,S11,0.1264762468636036,2,1685,
56,45000,S13,0.26663877069950104,2,1624,
56,45000,S15,0.034023115411400795,2,1767,
56,45000,S16,0.008323132758960128,2,1716,
56,45000,S3,0.0397495673969388,2,1482,
56,45000,S5,0.03004828654229641,2,1731,
56,45000,S6,0.040172324515879154,2,1653,
56,45000,S7,0.05120222084224224,2,1729,
56,45000,S8,0.029314746148884296,2,1698,
56,45000,S9,0.017385408747941256,2,1596,
56,45300,S11,0.2520795278251171,2,1702,
56,45300,S13,0.22138608247041702,2,1626,
56,45300,S15,0.3947131633758545,2,1772,
56,45300,S16,0.022771835327148438,2,1733,
56,45300,S3,0.044149789959192276,2,1499,
56,45300,S5,0.10941957496106625,2,1741,
56,45300,S6,0.04203484393656254,2,1670,
56,45300,S7,0.08810464292764664,2,1736,
56,45300,S8,0.04877701308578253,2,1703,
56,45300,S9,0.006766667123883963,2,1598,
56,45600,S11,0.9797296077013016,2,1719,
56,45600,S13,0.20944727957248688,2,1628,
56,45600,S15,0.12444696202874184,2,1781,
56,45600,S16,0.03256951947696507,2,1746,
56,45600,S3,0.03591396193951368,2,1516,
56,45600,S5,0.026300540193915367,2,1757,
56,45600,S6,0.03453856520354748,2,1687,
56,45600,S7,0.011402410455048084,2,1753,
56,45600,S8,0.09782713279128075,2,1719,
56,45600,S9,0.004319782368838787,2,1613,
56,45900,S11,0.15059050545096397,2,1736,
56,45900,S13,0.06909913197159767,2,1630,
56,45900,S15,0.23662718385457993,2,1798,
56,45900,S16,0.009824295993894339,2,1748,
56,45900,S3,0.030694318003952503,2,1533,
56,45900,S5,0.11889000236988068,2,1774,
56,45900,S6,0.04158634808845818,2,1701,
56,45900,S7,0.006141699850559235,2,1760,
56,45900,S8,0.09817256778478622,2,1736,
56,45900,S9,0.0033211036352440715,2,1617,
56,46200,S11,0.12563985586166382,2,1753,
56,46200,S13,0.2522657513618469,2,1632,
56,46200,S15,0.1134231686592102,2,1806,
56,46200,S16,0.008026611991226673,2,1755,
56,46200,S3,0.049120983108878136,2,1541,
56,46200,S5,0.016959412954747677,2,1781,
56,46200,S6,0.05144212767481804,2,1713,
56,46200,S7,0.020500514656305313,2,1766,
56,46200,S8,0.03206218220293522,2,1749,
56,46200,S9,0.005737359053455293,2,1619,
56,46500,S11,0.13561512157320976,2,1761,
56,46500,S13,0.07133693248033524,2,1634,
56,46500,S15,0.09755124524235725,2,1814,
56,46500,S16,0.024753810605034232,2,1772,
56,46500,S3,0.02896270528435707,2,1546,
56,46500,S5,0.0327896848320961,2,1795,
56,46500,S6,0.031142855063080788,2,1719,
56,46500,S7,0.015573132783174515,2,1771,
56,46500,S8,0.08062105253338814,2,1766,
56,46500,S9,0.003023036173544824,2,1628,
56,46800,S11,0.1023615412414074,2,1774,
56,46800,S13,0.10363150015473366,2,1641,
56,46800,S15,0.12033374607563019,2,1822,
56,46800,S16,0.008145182160660625,2,1789,
56,46800,S3,0.013976933900266886,2,1555,
56,46800,S5,0.08460839837789536,2,1812,
56,46800,S6,0.03461743192747235,2,1726,
56,46800,S7,0.05659966450184584,2,1787,
56,46800,S8,0.11248365323990583,2,1783,
56,46800,S9,0.003016409231349826,2,1638,
56,47100,S11,0.06405661068856716,2,1791,
56,47100,S13,0.07699166610836983,2,1658,
56,47100,S15,0.08416640758514404,2,1830,
56,47100,S16,0.006438651820644736,2,1798,
56,47100,S3,0.030452998355031013,2,1559,
56,47100,S5,0.0571008762344718,2,1822,
56,47100,S6,0.04917684197425842,2,1735,
56,47100,S7,0.044904245994985104,2,1804,
56,47100,S8,0.04766306281089783,2,1793,
56,47100,S9,0.01823429041542113,2,1655,
56,47400,S11,0.10278487205505371,2,1808,
56,47400,S13,0.20027348399162292,2,1667,
56,47400,S15,0.0852544941008091,2,1847,
56,47400,S16,0.0056976869236677885,2,1812,
56,47400,S3,0.05404530465602875,2,1567,
56,47400,S5,0.032323057763278484,2,1835,
56,47400,S6,0.030047333799302578,2,1751,
56,47400,S7,0.018237535376101732,2,1821,
56,47400,S8,0.02330018673092127,2,1795,
56,47400,S9,0.023957460187375546,2,1663,
56,47700,S11,0.1773302424699068,2,1813,
56,47700,S13,0.06409760564565659,2,1671,
56,47700,S15,0.04066365957260132,2,1857,
56,47700,S16,0.017717733280733228,2,1821,
56,47700,S3,0.07746203988790512,2,1571,
56,47700,S5,0.035311208106577396,2,1837,
56,47700,S6,0.02536468207836151,2,1757,
56,47700,S7,0.007350602187216282,2,1835,
56,47700,S8,0.11015655100345612,2,1797,
56,47700,S9,0.009329158114269376,2,1666,
56,48000,S11,0.07982908561825752,2,1822,
56,48000,S13,0.7707941606640816,2,1679,
56,48000,S15,0.05837872251868248,2,1874,
56,48000,S16,0.006183287361636758,2,1838,
56,48000,S3,0.019152719993144274,2,1587,
56,48000,S5,0.14262021332979202,2,1839,
56,48000,S6,0.03234147001057863,2,1774,
56,48000,S7,0.0066481573157943785,2,1843,
56,48000,S8,0.03363382816314697,2,1803,
56,48000,S9,0.004071604460477829,2,1676,
56,48300,S11,0.3824731521308422,2,1839,
56,48300,S13,0.055075010284781456,2,1696,
56,48300,S15,0.10070132464170456,2,1891,
56,48300,S16,0.0016486638924106956,2,1855,
56,48300,S3,0.009741373360157013,2,1603,
56,48300,S5,0.07692544348537922,2,1841,
56,48300,S6,0.016344537027180195,2,1791,
56,48300,S7,0.005334832007065415,2,1859,
56,48300,S8,0.052353682927787304,2,1816,
56,48300,S9,0.0030843995045870543,2,1692,
56,48600,S11,0.09896086901426315,2,1856,
56,48600,S13,0.062284765765070915,2,1711,
56,48600,S15,0.10280970111489296,2,1908,
56,48600,S16,0.0055453842505812645,2,1866,
56,48600,S3,0.06833046302199364,2,1613,
56,48600,S5,0.027873186394572258,2,1858,
56,48600,S6,0.019397040829062462,2,1808,
56,48600,S7,0.03430516459047794,2,1866,
56,48600,S8,0.032325927168130875,2,1831,
56,48600,S9,0.003142066881991923,2,1707,
56,48900,S11,0.08852390944957733,2,1873,
56,48900,S13,0.14515942335128784,2,1719,
56,48900,S15,0.07704873196780682,2,1919,
56,48900,S16,0.0043181737419217825,2,1875,
56,48900,S3,0.041161073371768,2,1630,
56,48900,S5,0.04158466774970293,2,1871,
56,48900,S6,0.0617656372487545,2,1813,
56,48900,S7,0.014025387819856405,2,1877,
56,48900,S8,0.08647839911282063,2,1833,
56,48900,S9,0.003906380734406412,2,1715,
56,49200,S11,0.12652188539505005,2,1890,
56,49200,S13,0.0873725600540638,2,1736,
56,49200,S15,0.2013964205980301,2,1933,
56,49200,S16,0.0048347077099606395,2,1891,
56,49200,S3,0.018514616414904594,2,1647,
56,49200,S5,0.010183033533394337,2,1882,
56,49200,S6,0.025646787136793137,2,1827,
56,49200,S7,0.0060965148732066154,2,1886,
56,49200,S8,0.044475006870925426,2,1835,
56,49200,S9,0.0056226071319542825,2,1729,
56,49500,S11,0.1710764244198799,2,1907,
56,49500,S13,0.08757277578115463,2,1753,
56,49500,S15,0.05564623884856701,2,1941,
56,49500,S16,0.007453137426637113,2,1896,
56,49500,S3,0.010528307873755693,2,1664,
56,49500,S5,0.01918346155434847,2,1892,
56,49500,S6,0.1258535236120224,2,1844,
56,49500,S7,0.014550449093803763,2,1902,
56,49500,S8,0.026626959443092346,2,1846,
56,49500,S9,0.006586266681551933,2,1743,
56,49800,S11,0.5911009907722473,2,1924,
56,49800,S13,0.07150029391050339,2,1768,
56,49800,S15,0.07274230569601059,2,1951,
56,49800,S16,0.00471420818939805,2,1913,
56,49800,S3,0.01808083336800337,2,1681,
56,49800,S5,0.030980994924902916,2,1896,
56,49800,S6,0.032467639073729515,2,1854,
56,49800,S7,0.028345994651317596,2,1908,
56,49800,S8,0.04588719829916954,2,1863,
56,49800,S9,0.04527374263852835,2,1760,
56,50100,S11,0.09422332607209682,2,1941,
56,50100,S13,0.04940312169492245,2,1773,
56,50100,S15,0.06596318259835243,2,1968,
56,50100,S16,0.013070438522845507,2,1929,
56,50100,S3,0.04417104087769985,2,1698,
56,50100,S5,0.014716775622218847,2,1911,
56,50100,S6,0.030951003544032574,2,1864,
56,50100,S7,0.015688746236264706,2,1925,
56,50100,S8,0.03255921881645918,2,1876,
56,50100,S9,0.004757283139042556,2,1775,
56,50400,S11,0.1282682567834854,2,1950,
56,50400,S13,0.16252705827355385,2,1790,
56,50400,S15,0.18644365668296814,2,1985,
56,50400,S16,0.0035926204873248935,2,1946,
56,50400,S3,0.020971663761883974,2,1715,
56,50400,S5,0.028991193510591984,2,1927,
56,50400,S6,0.023151786997914314,2,1880,
56,50400,S7,0.008434410905465484,2,1933,
56,50400,S8,0.10529723111540079,2,1887,
56,50400,S9,0.049810778349637985,2,1782,
56,50700,S11,0.0683240108191967,2,1957,
56,50700,S13,0.22558629512786865,2,1798,
56,50700,S15,0.23259008675813675,2,2002,
56,50700,S16,0.004016418126411736,2,1958,
56,50700,S3,0.07072640024125576,2,1724,
56,50700,S5,0.04955544089898467,2,1943,
56,50700,S6,0.021740538300946355,2,1892,
56,50700,S7,0.004712229012511671,2,1949,
56,50700,S8,0.07908948510885239,2,1895,
56,50700,S9,0.010991710238158703,2,1788,
56,51000,S11,0.12326550111174583,2,1961,
56,51000,S13,0.045692551881074905,2,1801,
56,51000,S15,0.09643888473510742,2,2019,
56,51000,S16,0.0063548440812155604,2,1968,
56,51000,S3,0.10862917359918356,2,1741,
56,51000,S5,0.23221919313073158,2,1960,
56,51000,S6,0.0391863901168108,2,1901,
56,51000,S7,0.008076616562902927,2,1966,
56,51000,S8,0.08763332664966583,2,1909,
56,51000,S9,0.0060945943696424365,2,1801,
56,51300,S11,0.044800739735364914,2,1970,
56,51300,S13,0.042614784091711044,2,1812,
56,51300,S15,0.10111328214406967,2,2036,
56,51300,S16,0.007934584631584585,2,1979,
56,51300,S3,0.016956684179604053,2,1758,
56,51300,S5,0.02906596940010786,2,1977,
56,51300,S6,0.10018691420555115,2,1912,
56,51300,S7,0.009466627612709999,2,1983,
56,51300,S8,0.027599946595728397,2,1920,
56,51300,S9,0.017324070213362575,2,1818,
56,51600,S11,0.5515459142625332,2,1972,
56,51600,S13,0.04128217324614525,2,1828,
56,51600,S15,0.03626317158341408,2,2047,
56,51600,S16,0.011169476201757789,2,1989,
56,51600,S3,0.07416264433413744,2,1775,
56,51600,S5,0.027548380196094513,2,1994,
56,51600,S6,0.06316480692476034,2,1919,
56,51600,S7,0.008053210563957691,2,1995,
56,51600,S8,0.032828367315232754,2,1936,
56,51600,S9,0.009079525247216225,2,1835,
56,51900,S11,0.050025688484311104,2,1985,
56,51900,S13,0.3590838126838207,2,1833,
56,51900,S15,0.10574381425976753,2,2049,
56,51900,S16,0.003754055011086166,2,1995,
56,51900,S3,0.11829920159652829,2,1786,
56,51900,S5,0.07275430671870708,2,2007,
56,51900,S6,0.059557029977440834,2,1921,
56,51900,S7,0.008923365268856287,2,2000,
56,51900,S8,0.058756910264492035,2,1950,
56,51900,S9,0.002541107649449259,2,1851,
56,52200,S11,0.1236041970551014,2,1987,
56,52200,S13,0.06441936641931534,2,1847,
56,52200,S15,0.12895763292908669,2,2062,
56,52200,S16,0.0051994252717122436,2,2006,
56,52200,S3,0.03549211099743843,2,1796,
56,52200,S5,0.06477994937449694,2,2021,
56,52200,S6,0.0343615198507905,2,1933,
56,52200,S7,0.005650397506542504,2,2013,
56,52200,S8,0.07972852513194084,2,1958,
56,52200,S9,0.0029473789036273956,2,1863,
56,52500,S11,0.3619081676006317,2,1996,
56,52500,S13,0.18947545439004898,2,1860,
56,52500,S15,0.049204292707145214,2,2077,
56,52500,S16,0.00318265485111624,2,2023,
56,52500,S3,0.025630615651607513,2,1800,
56,52500,S5,0.16010130941867828,2,2023,
56,52500,S6,0.0401123221963644,2,1950,
56,52500,S7,0.010801995056681335,2,2020,
56,52500,S8,0.02121491078287363,2,1971,
56,52500,S9,0.0023219508584588766,2,1880,
56,52800,S11,0.02399182040244341,2,2009,
56,52800,S13,0.05396007001399994,2,1873,
56,52800,S15,0.0572749525308609,2,2090,
56,52800,S16,0.0023292467813007534,2,2040,
56,52800,S3,0.016117648221552372,2,1817,
56,52800,S5,0.01948629692196846,2,2034,
56,52800,S6,0.017629052512347698,2,1967,
56,52800,S7,0.0502502266317606,2,2032,
56,52800,S8,0.03806992806494236,2,1988,
56,52800,S9,0.01994247641414404,2,1897,
56,53100,S11,0.06931810453534126,2,2026,
56,53100,S13,0.041406696662306786,2,1890,
56,53100,S15,0.10312358476221561,2,2101,
56,53100,S16,0.004207656369544566,2,2055,
56,53100,S3,0.01320803351700306,2,1830,
56,53100,S5,0.033250083681195974,2,2051,
56,53100,S6,0.047940606251358986,2,1984,
56,53100,S7,0.031123680993914604,2,2043,
56,53100,S8,0.1500013768672943,2,1991,
56,53100,S9,0.00445282127475366,2,1910,
56,53400,S11,0.10950954630970955,2,2043,
56,53400,S13,0.041516538709402084,2,1907,
56,53400,S15,0.05664861388504505,2,2118,
56,53400,S16,0.007579442113637924,2,2062,
56,53400,S3,0.03269791975617409,2,1839,
56,53400,S5,0.014283501077443361,2,2068,
56,53400,S6,0.0685182437300682,2,2001,
56,53400,S7,0.010329685173928738,2,2057,
56,53400,S8,0.0440246295183897,2,2007,
56,53400,S9,0.014474602648988366,2,1921,
56,53700,S11,0.044518296141177416,2,2060,
56,53700,S13,0.06279899924993515,2,1924,
56,53700,S15,0.07259444147348404,2,2135,
56,53700,S16,0.003038469352759421,2,2079,
56,53700,S3,0.011189718963578343,2,1846,
56,53700,S5,0.021455341018736362,2,2083,
56,53700,S6,0.03327917493879795,2,2018,
56,53700,S7,0.048230506014078856,2,2073,
56,53700,S8,0.038273634389042854,2,2021,
56,53700,S9,0.005629807186778635,2,1935,
56,54000,S11,0.13197124563157558,2,2077,
56,54000,S13,0.03917437605559826,2,1939,
56,54000,S15,0.08964229375123978,2,2152,
56,54000,S16,0.011528501403518021,2,2096,
56,54000,S3,0.008588280295953155,2,1857,
56,54000,S5,0.015876262448728085,2,2092,
56,54000,S6,0.022470361553132534,2,2035,
56,54000,S7,0.0056497701443731785,2,2090,
56,54000,S8,0.05015217326581478,2,2023,
56,54000,S9,0.015990676125511527,2,1946,
56,54300,S11,0.07382138818502426,2,2088,
56,54300,S13,0.03489867877215147,2,1955,
56,54300,S15,0.058310932479798794,2,2169,
56,54300,S16,0.007602335652336478,2,2113,
56,54300,S3,0.009128072299063206,2,1862,
56,54300,S5,0.06980020552873611,2,2109,
56,54300,S6,0.05591356009244919,2,2042,
56,54300,S7,0.00733928894624114,2,2105,
56,54300,S8,0.0731629952788353,2,2026,
56,54300,S9,0.003438072220887989,2,1959,
56,54600,S11,0.035972872748970985,2,2090,
56,54600,S13,0.08241083845496178,2,1970,
56,54600,S15,0.022361773997545242,2,2182,
56,54600,S16,0.010468248277902603,2,2129,
56,54600,S3,0.02087696734815836,2,1876,
56,54600,S5,0.04971906915307045,2,2123,
56,54600,S6,0.02267242781817913,2,2048,
56,54600,S7,0.01087987795472145,2,2110,
56,54600,S8,0.02156227733939886,2,2040,
56,54600,S9,0.0037386718904599547,2,1964,
56,54900,S11,0.047242699190974236,2,2094,
56,54900,S13,0.06450098939239979,2,1977,
56,54900,S15,0.07234306447207928,2,2184,
56,54900,S16,0.00912280147895217,2,2131,
56,54900,S3,0.005417897715233266,2,1878,
56,54900,S5,0.020712982397526503,2,2125,
56,54900,S6,0.02436995366588235,2,2053,
56,54900,S7,0.020841145887970924,2,2116,
56,54900,S8,0.017005696892738342,2,2042,
56,54900,S9,0.0040585031965747476,2,1969,
56,55200,S11,0.16549851931631565,2,2111,
56,55200,S13,0.022302323952317238,2,1994,
56,55200,S15,0.17793290503323078,2,2198,
56,55200,S16,0.008181110955774784,2,2146,
56,55200,S3,0.007536114659160376,2,1886,
56,55200,S5,0.05295254476368427,2,2132,
56,55200,S6,0.022179625928401947,2,2070,
56,55200,S7,0.003115855623036623,2,2121,
56,55200,S8,0.02349932584911585,2,2053,
56,55200,S9,0.0050095992628484964,2,1982,
56,55500,S11,0.01469922045362182,2,2127,
56,55500,S13,0.03201942425221205,2,1996,
56,55500,S15,0.07495854794979095,2,2214,
56,55500,S16,0.004725306062027812,2,2150,
56,55500,S3,0.005773788318037987,2,1891,
56,55500,S5,0.0172003461048007,2,2146,
56,55500,S6,0.025889333337545395,2,2072,
56,55500,S7,0.005044553196057677,2,2135,
56,55500,S8,0.03485213965177536,2,2057,
56,55500,S9,0.04077272489666939,2,1984,
56,55800,S11,0.008812265004962683,2,2144,
56,55800,S13,0.10182914044708014,2,2007,
56,55800,S15,0.07686719298362732,2,2231,
56,55800,S16,0.006182524841278791,2,2156,
56,55800,S3,0.040935281896963716,2,1903,
56,55800,S5,0.06016306392848492,2,2153,
56,55800,S6,0.04506861884146929,2,2074,
56,55800,S7,0.004372537892777473,2,2148,
56,55800,S8,0.027335100807249546,2,2060,
56,55800,S9,0.0033157163998112082,2,1994,
56,56100,S11,0.0499925184994936,2,2161,
56,56100,S13,0.08568013086915016,2,2014,
56,56100,S15,0.053194133564829826,2,2248,
56,56100,S16,0.010760485718492419,2,2168,
56,56100,S3,0.02898334921337664,2,1920,
56,56100,S5,0.04795522312633693,2,2159,
56,56100,S6,0.02712525799870491,2,2084,
56,56100,S7,0.019106066320091486,2,2161,
56,56100,S8,0.02060569077730179,2,2072,
56,56100,S9,0.011873231269419193,2,2007,
56,56400,S11,0.08679728675633669,2,2178,
56,56400,S13,0.050003573298454285,2,2029,
56,56400,S15,0.094902653247118,2,2259,
56,56400,S16,0.01630436722189188,2,2174,
56,56400,S3,0.04089313978329301,2,1937,
56,56400,S5,0.026962307281792164,2,2162,
56,56400,S6,0.04345903731882572,2,2101,
56,56400,S7,0.0069829735439270735,2,2163,
56,56400,S8,0.01697469176724553,2,2089,
56,56400,S9,0.0026597579708322883,2,2017,
56,56700,S11,0.02107273368164897,2,2188,
56,56700,S13,0.03834656346589327,2,2041,
56,56700,S15,0.04711266607046127,2,2264,
56,56700,S16,0.0035870978608727455,2,2189,
56,56700,S3,0.047493752907030284,2,1951,
56,56700,S5,0.059489402920007706,2,2167,
56,56700,S6,0.07010926306247711,2,2118,
56,56700,S7,0.00833188893739134,2,2170,
56,56700,S8,0.019303549081087112,2,2106,
56,56700,S9,0.012788493186235428,2,2028,
56,57000,S11,0.043630028143525124,2,2190,
56,57000,S13,0.06032414361834526,2,2058,
56,57000,S15,0.06838417053222656,2,2266,
56,57000,S16,0.0019127260893583298,2,2195,
56,57000,S3,0.013116616057232022,2,1961,
56,57000,S5,0.18247204273939133,2,2182,
56,57000,S6,0.1328060815576464,2,2135,
56,57000,S7,0.024916357826441526,2,2187,
56,57000,S8,0.013551103882491589,2,2123,
56,57000,S9,0.020580123644322157,2,2045,
56,57300,S11,0.2970135738141835,2,2195,
56,57300,S13,0.02958172094076872,2,2067,
56,57300,S15,0.061613719910383224,2,2268,
56,57300,S16,0.006009999662637711,2,2203,
56,57300,S3,0.021857562009245157,2,1968,
56,57300,S5,0.018673773854970932,2,2193,
56,57300,S6,0.017493989784270525,2,2147,
56,57300,S7,0.02047145552933216,2,2196,
56,57300,S8,0.01979744341224432,2,2137,
56,57300,S9,0.0022934313165023923,2,2057,
56,57600,S11,0.05583877954632044,2,2211,
56,57600,S13,0.04040325898677111,2,2070,
56,57600,S15,0.01647809613496065,2,2275,
56,57600,S16,0.013334353803656995,2,2212,
56,57600,S3,0.010565682779997587,2,1971,
56,57600,S5,0.021623789332807064,2,2203,
56,57600,S6,0.020816000178456306,2,2164,
56,57600,S7,0.012012715684249997,2,2204,
56,57600,S8,0.021846478804945946,2,2154,
56,57600,S9,0.0028204882983118296,2,2074,
56,57900,S11,0.38183472491800785,2,2224,
56,57900,S13,0.021178538911044598,2,2087,
56,57900,S15,0.09333964809775352,2,2286,
56,57900,S16,0.006039110594429076,2,2220,
56,57900,S3,0.04196843132376671,2,1983,
56,57900,S5,0.019403934478759766,2,2219,
56,57900,S6,0.04755716724321246,2,2179,
56,57900,S7,0.011834066361188889,2,2221,
56,57900,S8,0.012875921558588743,2,2171,
56,57900,S9,0.0036101241130381823,2,2086,
56,58200,S11,0.20219970773905516,2,2240,
56,58200,S13,0.17956456542015076,2,2100,
56,58200,S15,0.03267161315307021,2,2302,
56,58200,S16,0.003396596643142402,2,2233,
56,58200,S3,0.009212339762598276,2,1998,
56,58200,S5,0.09959061536937952,2,2230,
56,58200,S6,0.13414451479911804,2,2196,
56,58200,S7,0.019542889669537544,2,2238,
56,58200,S8,0.017489044461399317,2,2181,
56,58200,S9,0.00334500934695825,2,2103,
56,58500,S11,0.022335661575198174,2,2250,
56,58500,S13,0.0514897471293807,2,2112,
56,58500,S15,0.07019911333918571,2,2319,
56,58500,S16,0.003890365711413324,2,2248,
56,58500,S3,0.0066269137896597385,2,2004,
56,58500,S5,0.11645365133881569,2,2232,
56,58500,S6,0.028568950481712818,2,2213,
56,58500,S7,0.0929754413664341,2,2246,
56,58500,S8,0.01665865397080779,2,2193,
56,58500,S9,0.002910556737333536,2,2120,
56,58800,S11,0.23783806338906288,2,2267,
56,58800,S13,0.6499113626778126,2,2121,
56,58800,S15,0.041628988459706306,2,2334,
56,58800,S16,0.014506131876260042,2,2264,
56,58800,S3,0.006506708450615406,2,2007,
56,58800,S5,0.04165744222700596,2,2240,
56,58800,S6,0.021407755091786385,2,2230,
56,58800,S7,0.042642511427402496,2,2248,
56,58800,S8,0.010092169977724552,2,2201,
56,58800,S9,0.0013569264556281269,2,2137,
56,59100,S11,0.10985795222222805,2,2284,
56,59100,S13,0.08897298201918602,2,2134,
56,59100,S15,0.04472620598971844,2,2340,
56,59100,S16,0.03863458312116563,2,2268,
56,59100,S3,0.01902498514391482,2,2024,
56,59100,S5,0.008095509372651577,2,2249,
56,59100,S6,0.02750228811055422,2,2247,
56,59100,S7,0.015404599020257592,2,2250,
56,59100,S8,0.013025159481912851,2,2218,
56,59100,S9,0.0013558505452238023,2,2154,
56,59400,S11,0.051994310691952705,2,2294,
56,59400,S13,0.34734635800123215,2,2144,
56,59400,S15,0.015042322687804699,2,2350,
56,59400,S16,0.004311948316171765,2,2285,
56,59400,S3,0.016096386592835188,2,2039,
56,59400,S5,0.010742502752691507,2,2259,
56,59400,S6,0.023394909221678972,2,2260,
56,59400,S7,0.006709955749101937,2,2252,
56,59400,S8,0.013786352705210447,2,2235,
56,59400,S9,0.002836581668816507,2,2171,
56,59700,S11,0.057686617597937584,2,2310,
56,59700,S13,0.15057390928268433,2,2148,
56,59700,S15,0.07164837792515755,2,2360,
56,59700,S16,0.005318991839885712,2,2302,
56,59700,S3,0.029226986225694418,2,2056,
56,59700,S5,0.4863978922367096,2,2276,
56,59700,S6,0.015292397700250149,2,2262,
56,59700,S7,0.004075873293913901,2,2255,
56,59700,S8,0.02792281936854124,2,2252,
56,59700,S9,0.010038990527391434,2,2183,
56,60000,S11,0.5834732949733734,2,2325,
56,60000,S13,0.05457527004182339,2,2157,
56,60000,S15,0.022780324099585414,2,2363,
56,60000,S16,0.01420301990583539,2,2318,
56,60000,S3,0.013176697539165616,2,2069,
56,60000,S5,0.02230777032673359,2,2293,
56,60000,S6,0.012288910336792469,2,2264,
56,60000,S7,0.05517017189413309,2,2257,
56,60000,S8,0.04930322524160147,2,2254,
56,60000,S9,0.0280684232711792,2,2189,
56,60300,S11,0.05984956584870815,2,2342,
56,60300,S13,0.090730220079422,2,2162,
56,60300,S15,0.15242965705692768,2,2374,
56,60300,S16,0.0026972981868311763,2,2327,
56,60300,S3,0.014979190658777952,2,2076,
56,60300,S5,0.028290484100580215,2,2300,
56,60300,S6,0.021329186391085386,2,2266,
56,60300,S7,0.08301731338724494,2,2259,
56,60300,S8,0.012551337946206331,2,2260,
56,60300,S9,0.012783626443706453,2,2206,
56,60600,S11,0.8048707097768784,2,2349,
56,60600,S13,0.31594155728816986,2,2164,
56,60600,S15,0.0421652439981699,2,2391,
56,60600,S16,0.00834162114188075,2,2338,
56,60600,S3,0.026858950033783913,2,2087,
56,60600,S5,0.01077219657599926,2,2317,
56,60600,S6,0.09297019243240356,2,2269,
56,60600,S7,0.007591276662424207,2,2261,
56,60600,S8,0.014858487993478775,2,2277,
56,60600,S9,0.006900139036588371,2,2223,
56,60900,S11,0.08365066535770893,2,2365,
56,60900,S13,0.08489037305116653,2,2175,
56,60900,S15,0.03208407200872898,2,2408,
56,60900,S16,0.003547786734998226,2,2352,
56,60900,S3,0.007148764736484736,2,2101,
56,60900,S5,0.030931401066482067,2,2334,
56,60900,S6,0.03964870981872082,2,2277,
56,60900,S7,0.005175617057830095,2,2273,
56,60900,S8,0.032096716575324535,2,2288,
56,60900,S9,0.0038874641759321094,2,2240,
56,61200,S11,0.9998854696750641,2,2382,
56,61200,S13,0.024651354178786278,2,2188,
56,61200,S15,0.01629927149042487,2,2425,
56,61200,S16,0.004563404363580048,2,2368,
56,61200,S3,0.004449232597835362,2,2116,
56,61200,S5,0.038554003462195396,2,2351,
56,61200,S6,0.04955252632498741,2,2290,
56,61200,S7,0.0029966412112116814,2,2275,
56,61200,S8,0.012323518749326468,2,2304,
56,61200,S9,0.0033769202418625355,2,2257,
56,61500,S11,0.07410641014575958,2,2399,
56,61500,S13,0.023804388009011745,2,2197,
56,61500,S15,0.0820805449038744,2,2437,
56,61500,S16,0.0020499901147559285,2,2374,
56,61500,S3,0.007626289967447519,2,2122,
56,61500,S5,0.03284975327551365,2,2362,
56,61500,S6,0.026308109052479267,2,2307,
56,61500,S7,0.010524996556341648,2,2278,
56,61500,S8,0.03792186081409454,2,2319,
56,61500,S9,0.001967321673873812,2,2265,
56,61800,S11,0.3531936705112457,2,2414,
56,61800,S13,0.02628205670043826,2,2214,
56,61800,S15,0.16093272902071476,2,2442,
56,61800,S16,0.006787825375795364,2,2388,
56,61800,S3,0.006881015375256538,2,2130,
56,61800,S5,0.08128285594284534,2,2377,
56,61800,S6,0.009928335435688496,2,2315,
56,61800,S7,0.0049662054516375065,2,2289,
56,61800,S8,0.09639032185077667,2,2336,
56,61800,S9,0.00392154126893729,2,2282,
56,62100,S11,0.12379967886954546,2,2419,
56,62100,S13,0.021043130196630955,2,2225,
56,62100,S15,0.15772367268800735,2,2444,
56,62100,S16,0.004685276770032942,2,2400,
56,62100,S3,0.032055776566267014,2,2143,
56,62100,S5,0.011708491947501898,2,2379,
56,62100,S6,0.027444570325315,2,2317,
56,62100,S7,0.002395469695329666,2,2292,
56,62100,S8,0.017170574516057968,2,2349,
56,62100,S9,0.005085075390525162,2,2289,
56,62400,S11,0.11535261012613773,2,2423,
56,62400,S13,0.07011064747348428,2,2227,
56,62400,S15,0.03533442784100771,2,2455,
56,62400,S16,0.022086045471951365,2,2404,
56,62400,S3,0.02065438451245427,2,2149,
56,62400,S5,0.03361566364765167,2,2388,
56,62400,S6,0.0197283246088773,2,2327,
56,62400,S7,0.008540576323866844,2,2302,
56,62400,S8,0.02197302971035242,2,2357,
56,62400,S9,0.008710426511242986,2,2298,
56,62700,S11,0.10745983105152845,2,2440,
56,62700,S13,0.04838588647544384,2,2240,
56,62700,S15,0.12440955080091953,2,2470,
56,62700,S16,0.011723991949111223,2,2419,
56,62700,S3,0.018483956926502287,2,2151,
56,62700,S5,0.049755651503801346,2,2396,
56,62700,S6,0.04330208711326122,2,2336,
56,62700,S7,0.005173320532776415,2,2319,
56,62700,S8,0.06519369408488274,2,2363,
56,62700,S9,0.002743916935287416,2,2310,
56,63000,S11,0.04191013611853123,2,2452,
56,63000,S13,0.04363476578146219,2,2246,
56,63000,S15,0.14310679584741592,2,2476,
56,63000,S16,0.004692418267950416,2,2424,
56,63000,S3,0.01753221172839403,2,2158,
56,63000,S5,0.01143547985702753,2,2413,
56,63000,S6,0.01501905033364892,2,2348,
56,63000,S7,0.011651298962533474,2,2324,
56,63000,S8,0.015230440767481923,2,2366,
56,63000,S9,0.013238951796665788,2,2327,
56,63300,S11,0.02481541968882084,2,2465,
56,63300,S13,0.26131385564804077,2,2249,
56,63300,S15,0.1554851457476616,2,2492,
56,63300,S16,0.010837298526894301,2,2433,
56,63300,S3,0.006306156516075134,2,2169,
56,63300,S5,0.013140805531293154,2,2427,
56,63300,S6,0.04442470520734787,2,2365,
56,63300,S7,0.008279942441731691,2,2335,
56,63300,S8,0.09593462571501732,2,2368,
56,63300,S9,0.01081003388389945,2,2342,
56,63600,S11,0.1144370399415493,2,2467,
56,63600,S13,0.05130414664745331,2,2262,
56,63600,S15,0.06665944214910269,2,2494,
56,63600,S16,0.0026400473434478045,2,2441,
56,63600,S3,0.014918570639565587,2,2186,
56,63600,S5,0.0352074415422976,2,2444,
56,63600,S6,0.008144245948642492,2,2378,
56,63600,S7,0.008088310481980443,2,2344,
56,63600,S8,0.052552251145243645,2,2381,
56,63600,S9,0.004877346858847886,2,2349,
56,63900,S11,0.04696567077189684,2,2484,
56,63900,S13,0.02390491496771574,2,2270,
56,63900,S15,0.07179374992847443,2,2511,
56,63900,S16,0.002816577849444002,2,2451,
56,63900,S3,0.010258275084197521,2,2203,
56,63900,S5,0.010019830195233226,2,2461,
56,63900,S6,0.07710645347833633,2,2388,
56,63900,S7,0.006963168270885944,2,2349,
56,63900,S8,0.015240420587360859,2,2397,
56,63900,S9,0.0028591465670615435,2,2366,
56,64200,S11,0.0216484303236939,2,2493,
56,64200,S13,0.21890663355588913,2,2276,
56,64200,S15,0.12710732594132423,2,2518,
56,64200,S16,0.019414355978369713,2,2468,
56,64200,S3,0.015559868887066841,2,2218,
56,64200,S5,0.020372527185827494,2,2471,
56,64200,S6,0.05183517909608781,2,2405,
56,64200,S7,0.007979331887327135,2,2364,
56,64200,S8,0.020144663751125336,2,2414,
56,64200,S9,0.007566434156615287,2,2383,
56,64500,S11,1.1910873875021935,2,2510,
56,64500,S13,0.08357358537614346,2,2293,
56,64500,S15,0.03680397477000952,2,2531,
56,64500,S16,0.008239257615059614,2,2485,
56,64500,S3,0.03547365590929985,2,2233,
56,64500,S5,0.2297559529542923,2,2488,
56,64500,S6,0.04115768522024155,2,2422,
56,64500,S7,0.0034686655271798372,2,2374,
56,64500,S8,0.008915594778954983,2,2431,
56,64500,S9,0.0011875613708980381,2,2397,
56,64800,S11,0.08828497305512428,2,2520,
56,64800,S13,0.08481857366859913,2,2309,
56,64800,S15,0.025016269646584988,2,2542,
56,64800,S16,0.0027173859998583794,2,2488,
56,64800,S3,0.010188053362071514,2,2250,
56,64800,S5,0.10317268408834934,2,2498,
56,64800,S6,0.023386756889522076,2,2432,
56,64800,S7,0.003456573118455708,2,2391,
56,64800,S8,0.008887204341590405,2,2439,
56,64800,S9,0.002326826157514006,2,2401,
56,65100,S11,0.17449601367115974,2,2534,
56,65100,S13,0.01814623037353158,2,2318,
56,65100,S15,0.04395001381635666,2,2552,
56,65100,S16,0.008951476542279124,2,2492,
56,65100,S3,0.026919588446617126,2,2258,
56,65100,S5,0.23385741841048002,2,2515,
56,65100,S6,0.023554982617497444,2,2435,
56,65100,S7,0.011033626273274422,2,2408,
56,65100,S8,0.009467082563787699,2,2443,
56,65100,S9,0.0027291246806271374,2,2407,
56,65400,S11,0.7745531648397446,2,2537,
56,65400,S13,0.037307648453861475,2,2322,
56,65400,S15,0.07908282428979874,2,2566,
56,65400,S16,0.007436557090841234,2,2500,
56,65400,S3,0.022682135924696922,2,2260,
56,65400,S5,1.1260942444205284,2,2517,
56,65400,S6,0.03672294318675995,2,2443,
56,65400,S7,0.017247926676645875,2,2422,
56,65400,S8,0.051838952116668224,2,2451,
56,65400,S9,0.002014186466112733,2,2415,
56,65700,S11,0.7114252038300037,2,2549,
56,65700,S13,0.04498155601322651,2,2332,
56,65700,S15,0.16598114371299744,2,2577,
56,65700,S16,0.0029748433735221624,2,2507,
56,65700,S3,0.004749621846713126,2,2267,
56,65700,S5,0.01978730456903577,2,2523,
56,65700,S6,0.04783005826175213,2,2450,
56,65700,S7,0.009697966743260622,2,2433,
56,65700,S8,0.012863784097135067,2,2458,
56,65700,S9,0.0018877622205764055,2,2424,
56,66000,S11,0.4191328790038824,2,2560,
56,66000,S13,0.07485446706414223,2,2347,
56,66000,S15,0.12030647695064545,2,2594,
56,66000,S16,0.0021542749600484967,2,2509,
56,66000,S3,0.029151840368285775,2,2270,
56,66000,S5,0.49261410534381866,2,2532,
56,66000,S6,0.008609362877905369,2,2464,
56,66000,S7,0.010732265887781978,2,2437,
56,66000,S8,0.014962523709982634,2,2467,
56,66000,S9,0.002261550980620086,2,2440,
56,66300,S11,0.20010031946003437,2,2567,
56,66300,S13,0.024349624291062355,2,2364,
56,66300,S15,0.0244647734798491,2,2610,
56,66300,S16,0.0048630282981321216,2,2523,
56,66300,S3,0.026180765824392438,2,2278,
56,66300,S5,0.028661154210567474,2,2544,
56,66300,S6,0.025795120745897293,2,2481,
56,66300,S7,0.007712717400863767,2,2446,
56,66300,S8,0.0104306077118963,2,2469,
56,66300,S9,0.0033935393730644137,2,2442,
56,66600,S11,0.0694464216940105,2,2576,
56,66600,S13,0.020474642515182495,2,2381,
56,66600,S15,0.038457258604466915,2,2617,
56,66600,S16,0.0020789263653568923,2,2540,
56,66600,S3,0.013663819408975542,2,2280,
56,66600,S5,0.0163382557220757,2,2556,
56,66600,S6,0.012034301180392504,2,2490,
56,66600,S7,0.008204606710933149,2,2448,
56,66600,S8,0.014553629327565432,2,2479,
56,66600,S9,0.0018014111556112766,2,2448,
56,66900,S11,0.008077524369582534,2,2593,
56,66900,S13,0.02083830814808607,2,2387,
56,66900,S15,0.038624114356935024,2,2633,
56,66900,S16,0.0015894745010882616,2,2555,
56,66900,S3,0.022832180373370647,2,2297,
56,66900,S5,0.02124306559562683,2,2563,
56,66900,S6,0.03352534701116383,2,2492,
56,66900,S7,0.06118727847933769,2,2457,
56,66900,S8,0.01194917457178235,2,2481,
56,66900,S9,0.023057550191879272,2,2450,
56,67200,S11,0.37709276378154755,2,2610,
56,67200,S13,0.009826196823269129,2,2391,
56,67200,S15,0.0481441430747509,2,2645,
56,67200,S16,0.004697089781984687,2,2571,
56,67200,S3,0.008678301936015487,2,2301,
56,67200,S5,0.03133663162589073,2,2577,
56,67200,S6,0.024589669425040483,2,2503,
56,67200,S7,0.003737221355549991,2,2463,
56,67200,S8,0.0064634839072823524,2,2492,
56,67200,S9,0.0026475496124476194,2,2452,
56,67500,S11,0.15561088919639587,2,2627,
56,67500,S13,0.1050419844686985,2,2403,
56,67500,S15,0.05349740572273731,2,2647,
56,67500,S16,0.006852198159322143,2,2588,
56,67500,S3,0.00822050729766488,2,2311,
56,67500,S5,0.08496067952364683,2,2587,
56,67500,S6,0.007122173439711332,2,2514,
56,67500,S7,0.007124059367924929,2,2472,
56,67500,S8,0.01234336756169796,2,2500,
56,67500,S9,0.001606999954674393,2,2464,
56,67800,S11,0.05280494876205921,2,2635,
56,67800,S13,0.024366548284888268,2,2419,
56,67800,S15,0.03217767085880041,2,2662,
56,67800,S16,0.003356908040586859,2,2599,
56,67800,S3,0.011549325194209814,2,2313,
56,67800,S5,0.021937435492873192,2,2589,
56,67800,S6,0.05045794975012541,2,2522,
56,67800,S7,0.003395309206098318,2,2483,
56,67800,S8,0.030678624287247658,2,2508,
56,67800,S9,0.006107419379986823,2,2475,
56,68100,S11,0.2645340282469988,2,2637,
56,68100,S13,0.051144642755389214,2,2436,
56,68100,S15,0.040261995047330856,2,2679,
56,68100,S16,0.006145339924842119,2,2614,
56,68100,S3,0.018105347990058362,2,2318,
56,68100,S5,0.019883680157363415,2,2591,
56,68100,S6,0.014459982048720121,2,2535,
56,68100,S7,0.010557714849710464,2,2500,
56,68100,S8,0.009649686980992556,2,2520,
56,68100,S9,0.0019399405573494732,2,2477,
56,68400,S11,0.07070583291351795,2,2654,
56,68400,S13,0.2295902594923973,2,2453,
56,68400,S15,0.13829880952835083,2,2686,
56,68400,S16,0.006938013015314937,2,2629,
56,68400,S3,0.05550112761557102,2,2335,
56,68400,S5,0.05763652175664902,2,2608,
56,68400,S6,0.004817827371880412,2,2552,
56,68400,S7,0.002760611823759973,2,2514,
56,68400,S8,0.019482844974845648,2,2528,
56,68400,S9,0.027260939590632915,2,2494,
56,68700,S11,0.03652229325962253,2,2661,
56,68700,S13,0.05610109958797693,2,2468,
56,68700,S15,0.05292330216616392,2,2697,
56,68700,S16,0.0031585210817866027,2,2646,
56,68700,S3,0.03514816821552813,2,2352,
56,68700,S5,0.05822293274104595,2,2623,
56,68700,S6,0.14684652537107468,2,2569,
56,68700,S7,0.01758104213513434,2,2526,
56,68700,S8,0.023084618151187897,2,2533,
56,68700,S9,0.0021851497585885227,2,2506,
56,69000,S11,0.00991129083558917,2,2666,
56,69000,S13,0.04807465337216854,2,2471,
56,69000,S15,0.08668190985918045,2,2705,
56,69000,S16,0.0019884565263055265,2,2653,
56,69000,S3,0.009565985761582851,2,2368,
56,69000,S5,0.03140329383313656,2,2633,
56,69000,S6,0.03358126990497112,2,2585,
56,69000,S7,0.01368974125944078,2,2531,
56,69000,S8,0.03760911989957094,2,2537,
56,69000,S9,0.002852003904990852,2,2519,
56,69300,S11,1.2291424721479416,2,2673,
56,69300,S13,0.022878365591168404,2,2473,
56,69300,S15,0.028108193597290665,2,2714,
56,69300,S16,0.009917167015373707,2,2662,
56,69300,S3,0.007208559894934297,2,2372,
56,69300,S5,0.12572888657450676,2,2639,
56,69300,S6,0.014172173105180264,2,2589,
56,69300,S7,0.005798525759018958,2,2535,
56,69300,S8,0.017993894405663013,2,2541,
56,69300,S9,0.0018178639002144337,2,2525,
56,69600,S11,3.6218855381011963,2,2678,
56,69600,S13,0.03355953190475702,2,2475,
56,69600,S15,0.020177806029096246,2,2721,
56,69600,S16,0.011159692250657827,2,2664,
56,69600,S3,0.12385791540145874,2,2389,
56,69600,S5,0.010968456976115704,2,2651,
56,69600,S6,0.03172208555042744,2,2606,
56,69600,S7,0.0018926940392702818,2,2552,
56,69600,S8,0.014922386035323143,2,2558,
56,69600,S9,0.0021987215150147676,2,2542,
56,69900,S11,0.0574129787273705,2,2689,
56,69900,S13,0.02548395935446024,2,2483,
56,69900,S15,0.04234982095658779,2,2737,
56,69900,S16,0.0028598104836419225,2,2669,
56,69900,S3,0.007710961392149329,2,2406,
56,69900,S5,0.010347484610974789,2,2659,
56,69900,S6,0.04672696627676487,2,2623,
56,69900,S7,0.005311983870342374,2,2568,
56,69900,S8,0.011361447628587484,2,2575,
56,69900,S9,0.001535727147711441,2,2552,
56,70200,S11,1.4563189558684826,2,2697,
56,70200,S13,0.041020886041224,2,2491,
56,70200,S15,0.03615101799368858,2,2751,
56,70200,S16,0.005574744543991983,2,2686,
56,70200,S3,0.019332097843289375,2,2414,
56,70200,S5,0.009802654385566711,2,2676,
56,70200,S6,0.008974119555205107,2,2640,
56,70200,S7,0.005210541654378176,2,2580,
56,70200,S8,0.01982942782342434,2,2592,
56,70200,S9,0.0034986953251063824,2,2554,
56,70500,S11,0.2862197235226631,2,2708,
56,70500,S13,0.014277383685112,2,2506,
56,70500,S15,0.061639729887247086,2,2765,
56,70500,S16,0.004344168235547841,2,2692,
56,70500,S3,0.038884481182321906,2,2416,
56,70500,S5,0.08811632171273232,2,2691,
56,70500,S6,0.017331790179014206,2,2657,
56,70500,S7,0.01008266001008451,2,2597,
56,70500,S8,0.5783950388431549,2,2608,
56,70500,S9,0.002861308224964887,2,2556,
56,70800,S11,0.26248673163354397,2,2721,
56,70800,S13,0.022286525927484035,2,2520,
56,70800,S15,0.029970824718475342,2,2773,
56,70800,S16,0.004147447645664215,2,2700,
56,70800,S3,0.005301651079207659,2,2420,
56,70800,S5,0.050778587348759174,2,2701,
56,70800,S6,0.022190710064023733,2,2674,
56,70800,S7,0.002542001544497907,2,2614,
56,70800,S8,0.008503252174705267,2,2616,
56,70800,S9,0.008250998333096504,2,2559,
56,71100,S11,0.06310879648663104,2,2723,
56,71100,S13,0.06781072076410055,2,2537,
56,71100,S15,0.03875389229506254,2,2775,
56,71100,S16,0.003173923760186881,2,2702,
56,71100,S3,0.02145176474004984,2,2427,
56,71100,S5,0.022708022501319647,2,2718,
56,71100,S6,0.039199610240757465,2,2678,
56,71100,S7,0.0031698199454694986,2,2618,
56,71100,S8,0.033309632912278175,2,2623,
56,71100,S9,0.009339558542706072,2,2565,
56,71400,S11,0.0651392387226224,2,2740,
56,71400,S13,0.05421914532780647,2,2554,
56,71400,S15,0.026623868383467197,2,2792,
56,71400,S16,0.0034436804708093405,2,2704,
56,71400,S3,0.018144935369491577,2,2432,
56,71400,S5,0.14054110273718834,2,2735,
56,71400,S6,0.007678794441744685,2,2692,
56,71400,S7,0.003010652377270162,2,2624,
56,71400,S8,0.09696468524634838,2,2640,
56,71400,S9,0.0048210350796580315,2,2582,
56,71700,S11,0.09939472377300262,2,2757,
56,71700,S13,0.031349677592515945,2,2562,
56,71700,S15,0.030446967110037804,2,2809,
56,71700,S16,0.02603104361332953,2,2719,
56,71700,S3,0.041166162583976984,2,2448,
56,71700,S5,0.04876839369535446,2,2748,
56,71700,S6,0.016746894922107458,2,2705,
56,71700,S7,0.010386323789134622,2,2641,
56,71700,S8,0.007885674014687538,2,2653,
56,71700,S9,0.0015205336967483163,2,2596,
56,72000,S11,1.0238061547279358,2,2774,
56,72000,S13,0.016614802181720734,2,2571,
56,72000,S15,0.02734991442412138,2,2824,
56,72000,S16,0.11986967921257019,2,2733,
56,72000,S3,0.03718826174736023,2,2465,
56,72000,S5,0.008813712280243635,2,2760,
56,72000,S6,0.01543726772069931,2,2716,
56,72000,S7,0.006081700092181563,2,2653,
56,72000,S8,0.0114848124794662,2,2658,
56,72000,S9,0.003506110922899097,2,2598,
56,72300,S11,0.39829549938440323,2,2786,
56,72300,S13,0.027224233373999596,2,2583,
56,72300,S15,0.03433898091316223,2,2830,
56,72300,S16,0.0029742673505097628,2,2750,
56,72300,S3,0.004309891490265727,2,2474,
56,72300,S5,0.25791262090206146,2,2774,
56,72300,S6,0.013875977136194706,2,2733,
56,72300,S7,0.02917228394653648,2,2670,
56,72300,S8,0.12868552282452583,2,2675,
56,72300,S9,0.0036977038253098726,2,2611,
56,72600,S11,0.07573341950774193,2,2795,
56,72600,S13,0.034209621138870716,2,2596,
56,72600,S15,0.028363795019686222,2,2845,
56,72600,S16,0.03086574887856841,2,2761,
56,72600,S3,0.00609527388587594,2,2489,
56,72600,S5,0.024068434722721577,2,2781,
56,72600,S6,0.022910297848284245,2,2750,
56,72600,S7,0.0059032137505710125,2,2684,
56,72600,S8,0.009152266196906567,2,2683,
56,72600,S9,0.005540692945942283,2,2614,
56,72900,S11,1.2323507070541382,2,2810,
56,72900,S13,0.21416342351585627,2,2607,
56,72900,S15,0.039822498336434364,2,2860,
56,72900,S16,0.002185840276069939,2,2774,
56,72900,S3,0.06032286211848259,2,2500,
56,72900,S5,0.05181909538805485,2,2783,
56,72900,S6,0.010526726022362709,2,2767,
56,72900,S7,0.002955340489279479,2,2701,
56,72900,S8,0.008327786345034838,2,2687,
56,72900,S9,0.004182611242868006,2,2623,
56,73200,S11,0.07916579768061638,2,2812,
56,73200,S13,0.032645395025610924,2,2620,
56,73200,S15,0.033332642167806625,2,2872,
56,73200,S16,0.0027624315698631108,2,2791,
56,73200,S3,0.009014477487653494,2,2507,
56,73200,S5,0.019469427643343806,2,2787,
56,73200,S6,0.06370402313768864,2,2773,
56,73200,S7,0.03938756138086319,2,2711,
56,73200,S8,0.048084838315844536,2,2689,
56,73200,S9,0.003350709390360862,2,2640,
56,73500,S11,0.07916771806776524,2,2814,
56,73500,S13,0.07851097360253334,2,2632,
56,73500,S15,0.023122197948396206,2,2889,
56,73500,S16,0.004723582096630707,2,2808,
56,73500,S3,0.040845208102837205,2,2520,
56,73500,S5,0.011350018437951803,2,2794,
56,73500,S6,0.04578231833875179,2,2788,
56,73500,S7,0.013482070411555469,2,2728,
56,73500,S8,0.024673189036548138,2,2701,
56,73500,S9,0.008015261148102582,2,2653,
56,73800,S11,0.07886542938649654,2,2828,
56,73800,S13,0.04478283412754536,2,2649,
56,73800,S15,0.0528900264762342,2,2906,
56,73800,S16,0.0030079383577685803,2,2823,
56,73800,S3,0.006961631355807185,2,2536,
56,73800,S5,0.022547008469700813,2,2805,
56,73800,S6,0.006467303726822138,2,2805,
56,73800,S7,0.011650582775473595,2,2731,
56,73800,S8,0.027262321673333645,2,2718,
56,73800,S9,0.0028008022345602512,2,2670,
56,74100,S11,0.09349939227104187,2,2840,
56,74100,S13,0.08958823513239622,2,2666,
56,74100,S15,0.03684108890593052,2,2916,
56,74100,S16,0.0054905228316783905,2,2827,
56,74100,S3,0.008451484143733978,2,2553,
56,74100,S5,0.01743371319025755,2,2820,
56,74100,S6,0.02616195846349001,2,2820,
56,74100,S7,0.006302346009761095,2,2742,
56,74100,S8,0.007655533263459802,2,2735,
56,74100,S9,0.001689478027401492,2,2687,
56,74400,S11,0.06535806320607662,2,2843,
56,74400,S13,0.08453093469142914,2,2680,
56,74400,S15,0.030399835668504238,2,2933,
56,74400,S16,0.01921774889342487,2,2842,
56,74400,S3,0.010507888160645962,2,2561,
56,74400,S5,0.007718500215560198,2,2836,
56,74400,S6,0.1013519000262022,2,2837,
56,74400,S7,0.0049384222365915775,2,2757,
56,74400,S8,0.014811616158112884,2,2752,
56,74400,S9,0.0026546198641881347,2,2692,
56,74700,S11,0.20345141738653183,2,2853,
56,74700,S13,0.046052983961999416,2,2697,
56,74700,S15,0.03122642356902361,2,2950,
56,74700,S16,0.003552172624040395,2,2859,
56,74700,S3,0.004892966826446354,2,2576,
56,74700,S5,0.2400636523962021,2,2849,
56,74700,S6,0.029348603449761868,2,2852,
56,74700,S7,0.012879428919404745,2,2774,
56,74700,S8,0.013809614349156618,2,2768,
56,74700,S9,0.0024271142901852727,2,2709,
56,75000,S11,0.030668425490148365,2,2861,
56,75000,S13,0.01416807435452938,2,2714,
56,75000,S15,0.048901807982474566,2,2955,
56,75000,S16,0.003380395588465035,2,2876,
56,75000,S3,0.02126809721812606,2,2593,
56,75000,S5,0.05517300218343735,2,2851,
56,75000,S6,0.03344328748062253,2,2868,
56,75000,S7,0.004097657045349479,2,2783,
56,75000,S8,0.011021201498806477,2,2778,
56,75000,S9,0.0017582144937478006,2,2726,
56,75300,S11,0.059964025393128395,2,2863,
56,75300,S13,0.012972943484783173,2,2731,
56,75300,S15,0.04125897027552128,2,2969,
56,75300,S16,0.006744339247234166,2,2893,
56,75300,S3,0.005972733022645116,2,2596,
56,75300,S5,0.038842225447297096,2,2853,
56,75300,S6,0.006205397425219417,2,2879,
56,75300,S7,0.0022153673926368356,2,2793,
56,75300,S8,0.011569959111511707,2,2789,
56,75300,S9,0.010023832466686144,2,2735,
56,75600,S11,0.1249273307621479,2,2871,
56,75600,S13,0.014321425929665565,2,2747,
56,75600,S15,0.20287960022687912,2,2972,
56,75600,S16,0.001848905289079994,2,2910,
56,75600,S3,0.011243181535974145,2,2599,
56,75600,S5,0.2288288101553917,2,2864,
56,75600,S6,0.007131920894607902,2,2881,
56,75600,S7,0.0030998713336884975,2,2810,
56,75600,S8,0.010821732692420483,2,2801,
56,75600,S9,0.000931440299609676,2,2752,
56,75900,S11,0.0687647145241499,2,2883,
56,75900,S13,0.024745650589466095,2,2763,
56,75900,S15,0.057490544859319925,2,2980,
56,75900,S16,0.0029509012238122523,2,2921,
56,75900,S3,0.02534048748202622,2,2611,
56,75900,S5,0.08609705977141857,2,2881,
56,75900,S6,0.03936012368649244,2,2885,
56,75900,S7,0.006012372032273561,2,2819,
56,75900,S8,0.023028133902698755,2,2814,
56,75900,S9,0.011969766346737742,2,2768,
56,76200,S11,1.1393961310386658,2,2894,
56,76200,S13,0.01903143711388111,2,2779,
56,76200,S15,0.2933681830763817,2,2982,
56,76200,S16,0.002866399474442005,2,2936,
56,76200,S3,0.004633203963749111,2,2620,
56,76200,S5,0.020046314224600792,2,2897,
56,76200,S6,0.005100343143567443,2,2901,
56,76200,S7,0.004008697054814547,2,2833,
56,76200,S8,0.006823542295023799,2,2831,
56,76200,S9,0.010625868570059538,2,2785,
56,76500,S11,0.30373769998550415,2,2896,
56,76500,S13,0.04844884015619755,2,2781,
56,76500,S15,0.18716713786125183,2,2995,
56,76500,S16,0.0034955027513206005,2,2938,
56,76500,S3,0.015558145940303802,2,2622,
56,76500,S5,0.017686666455119848,2,2903,
56,76500,S6,0.011879206169396639,2,2917,
56,76500,S7,0.038033176213502884,2,2839,
56,76500,S8,0.022610395681113005,2,2834,
56,76500,S9,0.0029285543714649975,2,2789,
56,76800,S11,0.08375389128923416,2,2903,
56,76800,S13,0.039854928851127625,2,2789,
56,76800,S15,0.03220320399850607,2,3010,
56,76800,S16,0.002985301078297198,2,2953,
56,76800,S3,0.014993236749432981,2,2627,
56,76800,S5,0.009851739276200533,2,2916,
56,76800,S6,0.0032947466243058443,2,2932,
56,76800,S7,0.00733495969325304,2,2850,
56,76800,S8,0.005670562502928078,2,2840,
56,76800,S9,0.0021235953900031745,2,2804,
56,77100,S11,0.07136162370443344,2,2920,
56,77100,S13,0.04846850223839283,2,2798,
56,77100,S15,0.03186376020312309,2,3021,
56,77100,S16,0.001432764169294387,2,2969,
56,77100,S3,0.005355908419005573,2,2644,
56,77100,S5,0.043350307270884514,2,2918,
56,77100,S6,0.007024379912763834,2,2934,
56,77100,S7,0.003583530313335359,2,2852,
56,77100,S8,0.007182036526501179,2,2850,
56,77100,S9,0.00270514702424407,2,2820,
56,77400,S11,1.0580263696610928,2,2929,
56,77400,S13,0.011613487266004086,2,2815,
56,77400,S15,0.0575749296694994,2,3038,
56,77400,S16,0.07407369208522141,2,2982,
56,77400,S3,0.008018251275643706,2,2648,
56,77400,S5,0.017621540930122137,2,2920,
56,77400,S6,0.012302383314818144,2,2951,
56,77400,S7,0.004763405886478722,2,2867,
56,77400,S8,0.01038251630961895,2,2863,
56,77400,S9,0.0021798798406962305,2,2833,
56,77700,S11,0.10784044489264488,2,2932,
56,77700,S13,0.009949501138180494,2,2832,
56,77700,S15,0.025121502112597227,2,3047,
56,77700,S16,0.01923339068889618,2,2999,
56,77700,S3,0.007611491717398167,2,2665,
56,77700,S5,0.027628119103610516,2,2930,
56,77700,S6,0.028217410668730736,2,2968,
56,77700,S7,0.001950188772752881,2,2884,
56,77700,S8,0.011575340293347836,2,2873,
56,77700,S9,0.0013525525573641062,2,2839,
56,78000,S11,0.26449860632419586,2,2936,
56,78000,S13,0.13686992228031158,2,2846,
56,78000,S15,0.04872561991214752,2,3052,
56,78000,S16,0.00246105226688087,2,3016,
56,78000,S3,0.025650199968367815,2,2681,
56,78000,S5,0.044918367639184,2,2943,
56,78000,S6,0.03650021553039551,2,2982,
56,78000,S7,0.013726612087339163,2,2901,
56,78000,S8,0.00931410351768136,2,2875,
56,78000,S9,0.0051148064667358994,2,2841,
56,78300,S11,0.15455972403287888,2,2941,
56,78300,S13,0.009755374863743782,2,2863,
56,78300,S15,0.016138716600835323,2,3060,
56,78300,S16,0.04327471507713199,2,3030,
56,78300,S3,0.016880745068192482,2,2693,
56,78300,S5,0.5946092009544373,2,2955,
56,78300,S6,0.03268490033224225,2,2996,
56,78300,S7,0.003086330951191485,2,2915,
56,78300,S8,0.014862593030557036,2,2877,
56,78300,S9,0.0026342881028540432,2,2843,
56,78600,S11,0.04122306406497955,2,2952,
56,78600,S13,0.030706636607646942,2,2874,
56,78600,S15,0.03415781632065773,2,3077,
56,78600,S16,0.0014297320740297437,2,3032,
56,78600,S3,0.013310394249856472,2,2710,
56,78600,S5,0.16291765496134758,2,2971,
56,78600,S6,0.01639997400343418,2,3007,
56,78600,S7,0.005790499970316887,2,2917,
56,78600,S8,0.0059387353248894215,2,2879,
56,78600,S9,0.004688885645009577,2,2848,
56,78900,S11,0.10083686839789152,2,2967,
56,78900,S13,0.051159538328647614,2,2887,
56,78900,S15,0.02439466817304492,2,3086,
56,78900,S16,0.007951017294544727,2,3045,
56,78900,S3,0.04128790693357587,2,2727,
56,78900,S5,0.04209655523300171,2,2984,
56,78900,S6,0.0426873960532248,2,3019,
56,78900,S7,0.010545915341936052,2,2925,
56,78900,S8,0.006707518361508846,2,2895,
56,78900,S9,0.0014656213170383126,2,2861,
56,79200,S11,0.06236967444419861,2,2984,
56,79200,S13,0.03428110177628696,2,2893,
56,79200,S15,0.08385050296783447,2,3094,
56,79200,S16,0.052499717683531344,2,3058,
56,79200,S3,0.0035068445140495896,2,2736,
56,79200,S5,0.03497302858158946,2,3000,
56,79200,S6,0.009032645262777805,2,3025,
56,79200,S7,0.0035281090531498194,2,2942,
56,79200,S8,0.007780119078233838,2,2897,
56,79200,S9,0.0017615705728530884,2,2868,
56,79500,S11,0.11776579543948174,2,2993,
56,79500,S13,0.023836955428123474,2,2901,
56,79500,S15,0.152729332447052,2,3105,
56,79500,S16,0.002714889356866479,2,3075,
56,79500,S3,0.008644444169476628,2,2740,
56,79500,S5,0.07751962007023394,2,3011,
56,79500,S6,0.009364519501104951,2,3032,
56,79500,S7,0.0023265696363523602,2,2959,
56,79500,S8,0.007100909017026424,2,2907,
56,79500,S9,0.0013535395846702158,2,2880,
56,79800,S11,0.20008145738393068,2,2997,
56,79800,S13,0.017664751037955284,2,2918,
56,79800,S15,0.0600174255669117,2,3122,
56,79800,S16,0.004216112778522074,2,3092,
56,79800,S3,0.07767922431230545,2,2750,
56,79800,S5,0.035636342130601406,2,3028,
56,79800,S6,0.054118274711072445,2,3048,
56,79800,S7,0.004714057547971606,2,2975,
56,79800,S8,0.021399633958935738,2,2919,
56,79800,S9,0.008387592213694006,2,2897,
56,80100,S11,0.017355059972032905,2,3001,
56,80100,S13,0.009988092817366123,2,2934,
56,80100,S15,0.09356429195031524,2,3124,
56,80100,S16,0.00429734616773203,2,3107,
56,80100,S3,0.14861475583165884,2,2752,
56,80100,S5,0.01721600815653801,2,3045,
56,80100,S6,0.04938212316483259,2,3057,
56,80100,S7,0.045682258903980255,2,2990,
56,80100,S8,0.01186852715909481,2,2925,
56,80100,S9,0.0025104316155193374,2,2901,
56,80400,S11,0.009569073095917702,2,3018,
56,80400,S13,0.011029649525880814,2,2943,
56,80400,S15,0.15412499383091927,2,3126,
56,80400,S16,0.0013755012769252062,2,3116,
56,80400,S3,0.02759771514683962,2,2761,
56,80400,S5,0.027130906004458666,2,3062,
56,80400,S6,0.026830247370526195,2,3069,
56,80400,S7,0.001863913144916296,2,2994,
56,80400,S8,0.04265035316348076,2,2936,
56,80400,S9,0.002410238143056631,2,2903,
56,80700,S11,0.028279664227738976,2,3028,
56,80700,S13,0.033366225427016616,2,2955,
56,80700,S15,0.1347411908209324,2,3128,
56,80700,S16,0.0035901463124901056,2,3131,
56,80700,S3,0.0244111237116158,2,2768,
56,80700,S5,0.04301453079096973,2,3067,
56,80700,S6,0.07468039728701115,2,3072,
56,80700,S7,0.002839475986547768,2,2998,
56,80700,S8,0.02997184544801712,2,2949,
56,80700,S9,0.018169310584198684,2,2906,
56,81000,S11,0.41537470929324627,2,3045,
56,81000,S13,0.051687306724488735,2,2972,
56,81000,S15,0.053314778953790665,2,3132,
56,81000,S16,0.0033337532659061253,2,3148,
56,81000,S3,0.01557856216095388,2,2779,
56,81000,S5,0.014729113318026066,2,3072,
56,81000,S6,0.01358500774949789,2,3083,
56,81000,S7,0.0029176388634368777,2,3005,
56,81000,S8,0.006804624106734991,2,2966,
56,81000,S9,0.0012969498347956687,2,2911,
56,81300,S11,0.09308482427150011,2,3060,
56,81300,S13,0.01581670716404915,2,2981,
56,81300,S15,0.03462161589413881,2,3141,
56,81300,S16,0.0016000691975932568,2,3155,
56,81300,S3,0.012956695631146431,2,2796,
56,81300,S5,0.025827367790043354,2,3074,
56,81300,S6,0.005837217322550714,2,3100,
56,81300,S7,0.047551920637488365,2,3020,
56,81300,S8,0.026431152131408453,2,2982,
56,81300,S9,0.0014651173842139542,2,2916,
56,81600,S11,0.009308854583650827,2,3062,
56,81600,S13,0.03193232789635658,2,2998,
56,81600,S15,0.047832317650318146,2,3148,
56,81600,S16,0.005935983150266111,2,3162,
56,81600,S3,0.009707050630822778,2,2813,
56,81600,S5,0.16648422926664352,2,3079,
56,81600,S6,0.022633314598351717,2,3117,
56,81600,S7,0.002759131428319961,2,3035,
56,81600,S8,0.014582008589059114,2,2988,
56,81600,S9,0.005717073334380984,2,2925,
56,81900,S11,0.19896858744323254,2,3078,
56,81900,S13,0.011523101944476366,2,3012,
56,81900,S15,0.016576108522713184,2,3153,
56,81900,S16,0.0027459500706754625,2,3166,
56,81900,S3,0.006596365361474454,2,2822,
56,81900,S5,0.020212202332913876,2,3095,
56,81900,S6,0.007701642112806439,2,3124,
56,81900,S7,0.006533150095492601,2,3046,
56,81900,S8,0.02754645887762308,2,2999,
56,81900,S9,0.0014880781527608633,2,2939,
56,82200,S11,0.17261709505692124,2,3080,
56,82200,S13,0.009686886332929134,2,3024,
56,82200,S15,0.05239158123731613,2,3158,
56,82200,S16,0.017295850906521082,2,3168,
56,82200,S3,0.012915417668409646,2,2829,
56,82200,S5,0.036621058359742165,2,3112,
56,82200,S6,0.017702134791761637,2,3141,
56,82200,S7,0.023136825067922473,2,3063,
56,82200,S8,0.020164682297036052,2,3001,
56,82200,S9,0.000821291672764346,2,2956,
56,82500,S11,0.044087303802371025,2,3084,
56,82500,S13,0.031272849068045616,2,3041,
56,82500,S15,0.016818145755678415,2,3162,
56,82500,S16,0.015281301806680858,2,3170,
56,82500,S3,0.02011425979435444,2,2841,
56,82500,S5,0.0161146130412817,2,3126,
56,82500,S6,0.01079725637100637,2,3154,
56,82500,S7,0.004423419362865388,2,3072,
56,82500,S8,0.12810428068041801,2,3004,
56,82500,S9,0.0035760164610110223,2,2973,
56,82800,S11,0.0917744617909193,2,3089,
56,82800,S13,0.15586313605308533,2,3058,
56,82800,S15,0.01743913977406919,2,3169,
56,82800,S16,0.02028506828355603,2,3174,
56,82800,S3,0.012805725913494825,2,2858,
56,82800,S5,0.03033155226148665,2,3138,
56,82800,S6,0.00856347056105733,2,3168,
56,82800,S7,0.0044145394349470735,2,3074,
56,82800,S8,0.028062203899025917,2,3009,
56,82800,S9,0.00186405613203533,2,2990,
56,83100,S11,0.14267223328351974,2,3104,
56,83100,S13,0.00936340307816863,2,3075,
56,83100,S15,0.0399882011115551,2,3175,
56,83100,S16,0.0019431133405305445,2,3183,
56,83100,S3,0.00944667961448431,2,2871,
56,83100,S5,0.03046559006907046,2,3140,
56,83100,S6,0.007989748613908887,2,3181,
56,83100,S7,0.0020411189179867506,2,3089,
56,83100,S8,0.01494508609175682,2,3017,
56,83100,S9,0.0035914930049329996,2,3005,
56,83400,S11,0.055304110050201416,2,3121,
56,83400,S13,0.02547272853553295,2,3089,
56,83400,S15,0.025168507359921932,2,3192,
56,83400,S16,0.011700434843078256,2,3197,
56,83400,S3,0.002563138259574771,2,2886,
56,83400,S5,0.02251538261771202,2,3142,
56,83400,S6,0.004424111335538328,2,3198,
56,83400,S7,0.08192404406145215,2,3101,
56,83400,S8,0.013309475034475327,2,3031,
56,83400,S9,0.005298946634866297,2,3022,
56,83700,S11,0.009538686601445079,2,3138,
56,83700,S13,0.011079773772507906,2,3105,
56,83700,S15,0.056317275390028954,2,3209,
56,83700,S16,0.001174896111479029,2,3213,
56,83700,S3,0.021262564696371555,2,2903,
56,83700,S5,0.057384796906262636,2,3151,
56,83700,S6,0.021812974475324154,2,3215,
56,83700,S7,0.004330913769081235,2,3118,
56,83700,S8,0.008065092610195279,2,3048,
56,83700,S9,0.0032877750927582383,2,3039,
56,84000,S11,0.050737351179122925,2,3141,
56,84000,S13,0.015563262160867453,2,3114,
56,84000,S15,0.03092386433854699,2,3212,
56,84000,S16,0.0009936420829035342,2,3226,
56,84000,S3,0.030064242891967297,2,2914,
56,84000,S5,0.008675047429278493,2,3162,
56,84000,S6,0.007348806830123067,2,3225,
56,84000,S7,0.00431829656008631,2,3129,
56,84000,S8,0.00606543873436749,2,3058,
56,84000,S9,0.0009760380198713392,2,3049,
56,84300,S11,0.027290039404761046,2,3154,
56,84300,S13,0.029990138951689005,2,3128,
56,84300,S15,0.014281233539804816,2,3221,
56,84300,S16,0.004733030451461673,2,3242,
56,84300,S3,0.026900883298367262,2,2917,
56,84300,S5,0.011613487731665373,2,3179,
56,84300,S6,0.013366359984502196,2,3237,
56,84300,S7,0.007296018768101931,2,3146,
56,84300,S8,0.10394865833222866,2,3072,
56,84300,S9,0.0010649266769178212,2,3054,
56,84600,S11,0.036803473019972444,2,3162,
56,84600,S13,0.02003940148279071,2,3145,
56,84600,S15,0.03662322647869587,2,3234,
56,84600,S16,0.002181545249186456,2,3254,
56,84600,S3,0.010581176611594856,2,2925,
56,84600,S5,0.006477927323430777,2,3196,
56,84600,S6,0.011676174122840166,2,3254,
56,84600,S7,0.0028602826641872525,2,3163,
56,84600,S8,0.020246771164238453,2,3077,
56,84600,S9,0.0007305679609999061,2,3056,
56,84900,S11,0.010058049629151355,2,3169,
56,84900,S13,0.01931759947910905,2,3155,
56,84900,S15,0.13770015817135572,2,3248,
56,84900,S16,0.0005771501892013475,2,3271,
56,84900,S3,0.020150150055997074,2,2942,
56,84900,S5,0.0157621786929667,2,3213,
56,84900,S6,0.011967996135354042,2,3259,
56,84900,S7,0.0027099784347228706,2,3180,
56,84900,S8,0.025028946809470654,2,3092,
56,84900,S9,0.004918261431157589,2,3067,
56,85200,S11,0.01919161457044538,2,3186,
56,85200,S13,0.01034694816917181,2,3171,
56,85200,S15,0.03287077881395817,2,3265,
56,85200,S16,0.0031197784701362252,2,3288,
56,85200,S3,0.007563683437183499,2,2959,
56,85200,S5,0.0343792320927605,2,3227,
56,85200,S6,0.012548523023724556,2,3273,
56,85200,S7,0.003020440344698727,2,3197,
56,85200,S8,0.005745383212342858,2,3109,
56,85200,S9,0.005271679488942027,2,3076,
56,85500,S11,0.6088233850896358,2,3202,
56,85500,S13,0.024897274561226368,2,3188,
56,85500,S15,0.024259237572550774,2,3282,
56,85500,S16,0.0037707684095948935,2,3305,
56,85500,S3,0.006481602322310209,2,2976,
56,85500,S5,0.00922046834602952,2,3241,
56,85500,S6,0.019684458151459694,2,3290,
56,85500,S7,0.0034639493096619844,2,3214,
56,85500,S8,0.01071275444701314,2,3123,
56,85500,S9,0.0019954114104621112,2,3080,
56,85800,S11,0.06931228504981846,2,3215,
56,85800,S13,0.023927113506942987,2,3191,
56,85800,S15,0.12615610659122467,2,3299,
56,85800,S16,0.0017899624072015285,2,3317,
56,85800,S3,0.013885813765227795,2,2985,
56,85800,S5,0.015564077533781528,2,3258,
56,85800,S6,0.0085405403515324,2,3307,
56,85800,S7,0.0030873683281242847,2,3231,
56,85800,S8,0.01666524587199092,2,3140,
56,85800,S9,0.008631558041088283,2,3082,
56,86100,S11,0.1536332587711513,2,3226,
56,86100,S13,0.015263658482581377,2,3199,
56,86100,S15,0.03155174292623997,2,3312,
56,86100,S16,0.01881146535743028,2,3327,
56,86100,S3,0.0033410079777240753,2,2996,
56,86100,S5,0.011350368615239859,2,3274,
56,86100,S6,0.014911077450960875,2,3316,
56,86100,S7,0.007180195301771164,2,3239,
56,86100,S8,0.05291352607309818,2,3157,
56,86100,S9,0.001511367125203833,2,3084,
56,86400,S11,0.11660543084144592,2,3236,
56,86400,S13,0.013651702553033829,2,3216,
56,86400,S15,0.20791904255747795,2,3329,
56,86400,S16,0.002285348833538592,2,3344,
56,86400,S3,0.031476293690502644,2,2998,
56,86400,S5,0.21116389334201813,2,3290,
56,86400,S6,0.0055535046849399805,2,3328,
56,86400,S7,0.001485292217694223,2,3251,
56,86400,S8,0.009128571022301912,2,3172,
56,86400,S9,0.0008768379921093583,2,3097,
83,0,S11,1.1930609345436096,2,2,
83,0,S13,1.2199084758758545,2,2,
83,0,S15,1.0973795056343079,2,2,
83,0,S16,1.174894094467163,2,2,
83,0,S3,1.1575053930282593,2,2,
83,0,S5,1.1728398203849792,2,2,
83,0,S6,1.1981314420700073,2,2,
83,0,S7,1.1377118825912476,2,2,
83,0,S8,1.1896830797195435,2,2,
83,0,S9,1.1883033514022827,2,2,
83,300,S11,0.950209766626358,2,18,
83,300,S13,0.9637434482574463,2,17,
83,300,S15,0.9862097501754761,2,10,
83,300,S16,1.0347737073898315,2,4,
83,300,S3,0.9008016288280487,2,19,
83,300,S5,0.715477705001831,2,18,
83,300,S6,0.9432763755321503,2,11,
83,300,S7,0.956664651632309,2,10,
83,300,S8,1.01517915725708,2,13,
83,300,S9,0.9574212431907654,2,11,
83,600,S11,0.9608654677867889,2,29,
83,600,S13,0.9313454926013947,2,23,
83,600,S15,0.927804172039032,2,24,
83,600,S16,1.004785805940628,2,9,
83,600,S3,0.8000088632106781,2,28,
83,600,S5,0.5220059007406235,2,31,
83,600,S6,0.9397573471069336,2,28,
83,600,S7,0.8865836560726166,2,27,
83,600,S8,0.94905024766922,2,29,
83,600,S9,0.8452021479606628,2,23,
83,900,S11,0.8802536129951477,2,35,
83,900,S13,0.839252769947052,2,39,
83,900,S15,0.7139946222305298,2,41,
83,900,S16,0.8299689888954163,2,20,
83,900,S3,0.7979906499385834,2,43,
83,900,S5,0.47041964530944824,2,45,
83,900,S6,0.8437156677246094,2,45,
83,900,S7,0.8339528739452362,2,30,
83,900,S8,0.9165827929973602,2,33,
83,900,S9,0.8503899872303009,2,26,
83,1200,S11,0.8071839809417725,2,50,
83,1200,S13,0.6354910433292389,2,51,
83,1200,S15,0.7650031447410583,2,58,
83,1200,S16,0.6817119717597961,2,34,
83,1200,S3,0.7404015958309174,2,57,
83,1200,S5,0.5212273895740509,2,62,
83,1200,S6,1.0012498795986176,2,62,
83,1200,S7,0.7621333003044128,2,44,
83,1200,S8,0.8486129641532898,2,35,
83,1200,S9,0.7946199476718903,2,29,
83,1500,S11,0.5890120565891266,2,67,
83,1500,S13,0.6340861022472382,2,68,
83,1500,S15,0.7240762412548065,2,75,
83,1500,S16,0.7149571478366852,2,51,
83,1500,S3,0.7144299745559692,2,74,
83,1500,S5,0.37866246700286865,2,79,
83,1500,S6,0.9155927002429962,2,79,
83,1500,S7,0.7940702736377716,2,61,
83,1500,S8,0.8451684713363647,2,39,
83,1500,S9,0.6058087646961212,2,46,
83,1800,S11,0.6042872667312622,2,84,
83,1800,S13,0.5243096053600311,2,85,
83,1800,S15,0.6885414123535156,2,85,
83,1800,S16,0.5484337508678436,2,66,
83,1800,S3,0.6131742000579834,2,91,
83,1800,S5,0.3307040333747864,2,96,
83,1800,S6,0.8017882406711578,2,87,
83,1800,S7,0.671137660741806,2,78,
83,1800,S8,0.8979071378707886,2,44,
83,1800,S9,0.6069197356700897,2,63,
83,2100,S11,1.122422218322754,2,99,
83,2100,S13,0.5091566741466522,2,102,
83,2100,S15,0.7677714228630066,2,89,
83,2100,S16,0.4436972290277481,2,69,
83,2100,S3,0.5659031867980957,2,100,
83,2100,S5,0.4032336622476578,2,99,
83,2100,S6,0.857762336730957,2,90,
83,2100,S7,0.6685577630996704,2,95,
83,2100,S8,0.9230611324310303,2,47,
83,2100,S9,0.578568160533905,2,75,
83,2400,S11,0.5294796973466873,2,103,
83,2400,S13,0.6188723146915436,2,112,
83,2400,S15,0.6631485223770142,2,94,
83,2400,S16,0.45833921432495117,2,83,
83,2400,S3,0.5332890599966049,2,109,
83,2400,S5,0.2631786838173866,2,104,
83,2400,S6,0.8905804753303528,2,96,
83,2400,S7,0.6114044487476349,2,97,
83,2400,S8,0.7908352911472321,2,61,
83,2400,S9,0.4916851222515106,2,86,
83,2700,S11,1.0561302304267883,2,120,
83,2700,S13,0.5227192640304565,2,121,
83,2700,S15,0.6315819025039673,2,107,
83,2700,S16,0.45120665431022644,2,100,
83,2700,S3,0.5978270471096039,2,118,
83,2700,S5,0.25407034158706665,2,117,
83,2700,S6,0.808806836605072,2,113,
83,2700,S7,0.5949029177427292,2,100,
83,2700,S8,0.796785444021225,2,68,
83,2700,S9,0.41025038063526154,2,103,
83,3000,S11,0.5208426415920258,2,135,
83,3000,S13,0.5744269490242004,2,136,
83,3000,S15,0.6131959557533264,2,118,
83,3000,S16,0.41696958243846893,2,103,
83,3000,S3,0.6508254408836365,2,126,
83,3000,S5,0.332096666097641,2,128,
83,3000,S6,0.6396129131317139,2,124,
83,3000,S7,0.4971279054880142,2,109,
83,3000,S8,0.8628638386726379,2,79,
83,3000,S9,0.4660763144493103,2,106,
83,3300,S11,0.584589034318924,2,148,
83,3300,S13,0.542066365480423,2,153,
83,3300,S15,0.5845206379890442,2,135,
83,3300,S16,0.43912720680236816,2,107,
83,3300,S3,0.3999451696872711,2,128,
83,3300,S5,0.2241542488336563,2,143,
83,3300,S6,0.6683134436607361,2,141,
83,3300,S7,0.5402109622955322,2,126,
83,3300,S8,0.7455935478210449,2,86,
83,3300,S9,0.36643268167972565,2,113,
83,3600,S11,0.41475051641464233,2,162,
83,3600,S13,0.6616784036159515,2,170,
83,3600,S15,0.5593270063400269,2,150,
83,3600,S16,0.6198276281356812,2,124,
83,3600,S3,0.4452943503856659,2,136,
83,3600,S5,0.352248951792717,2,153,
83,3600,S6,0.7281014323234558,2,158,
83,3600,S7,0.47210121154785156,2,142,
83,3600,S8,0.6588642001152039,2,102,
83,3600,S9,0.35594649612903595,2,130,
83,3900,S11,0.3629724234342575,2,177,
83,3900,S13,0.6034317314624786,2,181,
83,3900,S15,0.526706874370575,2,165,
83,3900,S16,0.2748159319162369,2,138,
83,3900,S3,0.5303776860237122,2,145,
83,3900,S5,0.2063300460577011,2,162,
83,3900,S6,0.5989983975887299,2,175,
83,3900,S7,0.5558069795370102,2,148,
83,3900,S8,0.495521143078804,2,109,
83,3900,S9,0.25818418711423874,2,132,
83,4200,S11,0.41917961835861206,2,185,
83,4200,S13,0.6060607135295868,2,183,
83,4200,S15,0.4727688878774643,2,167,
83,4200,S16,0.29525748640298843,2,155,
83,4200,S3,0.44829751551151276,2,150,
83,4200,S5,0.23790308833122253,2,167,
83,4200,S6,0.8614816665649414,2,181,
83,4200,S7,0.4339800775051117,2,162,
83,4200,S8,0.6067619323730469,2,116,
83,4200,S9,0.2599373310804367,2,139,
83,4500,S11,0.3823032081127167,2,198,
83,4500,S13,0.4763898104429245,2,197,
83,4500,S15,0.5338179767131805,2,183,
83,4500,S16,0.2559320777654648,2,172,
83,4500,S3,0.42330919206142426,2,165,
83,4500,S5,0.19147871434688568,2,178,
83,4500,S6,0.6159676611423492,2,188,
83,4500,S7,0.4886302351951599,2,174,
83,4500,S8,0.6703348755836487,2,131,
83,4500,S9,0.2674621492624283,2,155,
83,4800,S11,1.1856369376182556,2,210,
83,4800,S13,0.5064204931259155,2,214,
83,4800,S15,0.49011142551898956,2,187,
83,4800,S16,0.24583659321069717,2,186,
83,4800,S3,0.4283771514892578,2,177,
83,4800,S5,0.24011021852493286,2,191,
83,4800,S6,0.6032956540584564,2,198,
83,4800,S7,0.3788987547159195,2,187,
83,4800,S8,0.6451716274023056,2,138,
83,4800,S9,0.286051407456398,2,164,
83,5100,S11,0.5187803506851196,2,215,
83,5100,S13,0.36263665556907654,2,224,
83,5100,S15,0.5996464490890503,2,204,
83,5100,S16,0.32752273231744766,2,197,
83,5100,S3,0.35508207976818085,2,194,
83,5100,S5,0.20054642111063004,2,208,
83,5100,S6,0.5673516541719437,2,212,
83,5100,S7,0.4168618321418762,2,204,
83,5100,S8,0.5517759621143341,2,141,
83,5100,S9,0.24279727786779404,2,167,
83,5400,S11,0.6730280518531799,2,217,
83,5400,S13,0.4786251187324524,2,234,
83,5400,S15,0.4283084124326706,2,221,
83,5400,S16,0.2194335237145424,2,214,
83,5400,S3,0.4578585922718048,2,211,
83,5400,S5,0.1687992662191391,2,225,
83,5400,S6,0.520903617143631,2,225,
83,5400,S7,0.36762917041778564,2,219,
83,5400,S8,0.587316632270813,2,156,
83,5400,S9,0.24340218305587769,2,174,
83,5700,S11,0.45673660933971405,2,223,
83,5700,S13,0.373967707157135,2,239,
83,5700,S15,0.5488792657852173,2,230,
83,5700,S16,0.31000426411628723,2,219,
83,5700,S3,0.45407363772392273,2,218,
83,5700,S5,0.18805930763483047,2,230,
83,5700,S6,0.5015550851821899,2,236,
83,5700,S7,0.40568719804286957,2,228,
83,5700,S8,0.6468948125839233,2,167,
83,5700,S9,0.20954221487045288,2,176,
83,6000,S11,0.34107837080955505,2,235,
83,6000,S13,0.5199490338563919,2,249,
83,6000,S15,0.40765494108200073,2,238,
83,6000,S16,0.14973504096269608,2,226,
83,6000,S3,0.43799275159835815,2,229,
83,6000,S5,0.1814020648598671,2,232,
83,6000,S6,0.5916091650724411,2,243,
83,6000,S7,0.4049326777458191,2,237,
83,6000,S8,0.5638185739517212,2,174,
83,6000,S9,0.24016141146421432,2,193,
83,6300,S11,0.4499466121196747,2,247,
83,6300,S13,0.30887505412101746,2,262,
83,6300,S15,0.4219319820404053,2,244,
83,6300,S16,0.17927268147468567,2,243,
83,6300,S3,0.36809907853603363,2,242,
83,6300,S5,0.1737036034464836,2,244,
83,6300,S6,0.43899430334568024,2,260,
83,6300,S7,0.3087827116250992,2,239,
83,6300,S8,0.4755484461784363,2,176,
83,6300,S9,0.19977495074272156,2,210,
83,6600,S11,0.4913389980792999,2,253,
83,6600,S13,0.5355412811040878,2,276,
83,6600,S15,0.3876325935125351,2,247,
83,6600,S16,0.10707059875130653,2,259,
83,6600,S3,0.44722980260849,2,247,
83,6600,S5,0.13791757822036743,2,250,
83,6600,S6,0.4731035679578781,2,277,
83,6600,S7,0.36934056878089905,2,243,
83,6600,S8,0.621962159872055,2,179,
83,6600,S9,0.18836916983127594,2,227,
83,6900,S11,0.43431371450424194,2,255,
83,6900,S13,0.370885893702507,2,289,
83,6900,S15,0.3159991353750229,2,259,
83,6900,S16,0.20544923096895218,2,261,
83,6900,S3,0.37398889660835266,2,259,
83,6900,S5,0.14752601087093353,2,254,
83,6900,S6,0.42509399354457855,2,289,
83,6900,S7,0.3156341314315796,2,246,
83,6900,S8,0.5543065965175629,2,182,
83,6900,S9,0.17714716494083405,2,233,
83,7200,S11,0.37078285217285156,2,266,
83,7200,S13,0.3883214145898819,2,292,
83,7200,S15,0.4156755954027176,2,265,
83,7200,S16,0.1307958923280239,2,276,
83,7200,S3,0.35074418783187866,2,275,
83,7200,S5,0.24861551076173782,2,256,
83,7200,S6,0.3988169729709625,2,299,
83,7200,S7,0.376055583357811,2,261,
83,7200,S8,0.5629793703556061,2,191,
83,7200,S9,0.1288972944021225,2,246,
83,7500,S11,0.4902849346399307,2,283,
83,7500,S13,0.33231881260871887,2,298,
83,7500,S15,0.3415232300758362,2,282,
83,7500,S16,0.23690416663885117,2,293,
83,7500,S3,0.5541317164897919,2,289,
83,7500,S5,0.27097243815660477,2,262,
83,7500,S6,0.40932562947273254,2,316,
83,7500,S7,0.2962976396083832,2,273,
83,7500,S8,0.5292661190032959,2,199,
83,7500,S9,0.15552470833063126,2,263,
83,7800,S11,0.4992835074663162,2,287,
83,7800,S13,0.31525520980358124,2,308,
83,7800,S15,0.41065943241119385,2,299,
83,7800,S16,0.1692236065864563,2,310,
83,7800,S3,0.31203626841306686,2,294,
83,7800,S5,0.157962828874588,2,264,
83,7800,S6,0.2944396883249283,2,333,
83,7800,S7,0.5307278037071228,2,287,
83,7800,S8,0.4598608464002609,2,206,
83,7800,S9,0.0877552181482315,2,280,
83,8100,S11,0.2863522917032242,2,289,
83,8100,S13,0.4352448731660843,2,319,
83,8100,S15,0.2718808203935623,2,310,
83,8100,S16,0.12626469135284424,2,325,
83,8100,S3,0.35413897037506104,2,296,
83,8100,S5,0.16638139635324478,2,268,
83,8100,S6,0.3283257484436035,2,344,
83,8100,S7,0.3186725974082947,2,298,
83,8100,S8,0.55833300948143,2,218,
83,8100,S9,0.10820769891142845,2,292,
83,8400,S11,0.3470763862133026,2,297,
83,8400,S13,0.36541590094566345,2,332,
83,8400,S15,0.3128453195095062,2,316,
83,8400,S16,0.20101651549339294,2,338,
83,8400,S3,0.3513723909854889,2,298,
83,8400,S5,0.15098553150892258,2,270,
83,8400,S6,0.5271256268024445,2,361,
83,8400,S7,0.22323384135961533,2,310,
83,8400,S8,0.4210388958454132,2,235,
83,8400,S9,0.0625622309744358,2,299,
83,8700,S11,0.8715322464704514,2,308,
83,8700,S13,0.30380749702453613,2,344,
83,8700,S15,0.2697494402527809,2,332,
83,8700,S16,0.08121052011847496,2,351,
83,8700,S3,0.3236710801720619,2,314,
83,8700,S5,0.2601306661963463,2,279,
83,8700,S6,0.42462705075740814,2,375,
83,8700,S7,0.22185766696929932,2,312,
83,8700,S8,0.4672043174505234,2,252,
83,8700,S9,0.0687047690153122,2,312,
83,9000,S11,0.45540618896484375,2,323,
83,9000,S13,0.35818833112716675,2,358,
83,9000,S15,0.33194440603256226,2,349,
83,9000,S16,0.10785410925745964,2,368,
83,9000,S3,0.3231043815612793,2,319,
83,9000,S5,0.28517622500658035,2,282,
83,9000,S6,0.45754434168338776,2,388,
83,9000,S7,0.20695923268795013,2,327,
83,9000,S8,0.4196467250585556,2,269,
83,9000,S9,0.07301775179803371,2,324,
83,9300,S11,0.3985207974910736,2,335,
83,9300,S13,0.2888093590736389,2,375,
83,9300,S15,0.46211132407188416,2,363,
83,9300,S16,0.07250762358307838,2,385,
83,9300,S3,0.2680303081870079,2,335,
83,9300,S5,0.16110670566558838,2,285,
83,9300,S6,0.31395959109067917,2,400,
83,9300,S7,0.2239808440208435,2,343,
83,9300,S8,0.4792186766862869,2,286,
83,9300,S9,0.10443608835339546,2,328,
83,9600,S11,0.41876012086868286,2,343,
83,9600,S13,0.3267962485551834,2,392,
83,9600,S15,0.35184670984745026,2,380,
83,9600,S16,0.12239793315529823,2,402,
83,9600,S3,0.31052425503730774,2,346,
83,9600,S5,0.3284906595945358,2,300,
83,9600,S6,0.25816212594509125,2,417,
83,9600,S7,0.30028510093688965,2,358,
83,9600,S8,0.3932599425315857,2,297,
83,9600,S9,0.07293126732110977,2,343,
83,9900,S11,0.233168825507164,2,355,
83,9900,S13,0.31322014331817627,2,408,
83,9900,S15,0.26744768023490906,2,393,
83,9900,S16,0.07254279777407646,2,419,
83,9900,S3,0.25725148618221283,2,360,
83,9900,S5,0.11990611627697945,2,314,
83,9900,S6,0.2573225870728493,2,434,
83,9900,S7,0.24792877584695816,2,373,
83,9900,S8,0.4508039057254791,2,314,
83,9900,S9,0.05650106817483902,2,360,
83,10200,S11,0.34200628101825714,2,364,
83,10200,S13,0.2349885106086731,2,425,
83,10200,S15,0.2883075177669525,2,410,
83,10200,S16,0.054766567423939705,2,436,
83,10200,S3,0.25210365653038025,2,373,
83,10200,S5,0.14302298054099083,2,324,
83,10200,S6,0.4701290875673294,2,451,
83,10200,S7,0.18756188452243805,2,383,
83,10200,S8,0.3519679605960846,2,331,
83,10200,S9,0.10036522150039673,2,377,
83,10500,S11,0.45737794041633606,2,368,
83,10500,S13,0.2300046980381012,2,440,
83,10500,S15,0.33289606869220734,2,427,
83,10500,S16,0.1116156205534935,2,449,
83,10500,S3,0.29233699291944504,2,383,
83,10500,S5,0.12657043896615505,2,326,
83,10500,S6,0.3263422027230263,2,468,
83,10500,S7,0.1666664183139801,2,385,
83,10500,S8,0.29852983355522156,2,342,
83,10500,S9,0.05909479409456253,2,394,
83,10800,S11,0.28474369645118713,2,385,
83,10800,S13,0.32770559191703796,2,457,
83,10800,S15,0.2582979202270508,2,444,
83,10800,S16,0.04340424761176109,2,456,
83,10800,S3,0.12991873919963837,2,399,
83,10800,S5,0.15064182877540588,2,339,
83,10800,S6,0.6271746456623077,2,477,
83,10800,S7,0.24498926848173141,2,387,
83,10800,S8,0.4135415107011795,2,344,
83,10800,S9,0.05880662053823471,2,408,
83,11100,S11,0.31530481576919556,2,402,
83,11100,S13,0.40317007899284363,2,474,
83,11100,S15,0.23619338124990463,2,461,
83,11100,S16,0.049394164234399796,2,473,
83,11100,S3,0.23419198393821716,2,416,
83,11100,S5,0.10823319107294083,2,353,
83,11100,S6,0.27948787808418274,2,480,
83,11100,S7,0.1747830994427204,2,400,
83,11100,S8,0.29357606917619705,2,347,
83,11100,S9,0.05296986550092697,2,425,
83,11400,S11,0.3686298280954361,2,419,
83,11400,S13,0.40749116241931915,2,491,
83,11400,S15,0.2327161356806755,2,477,
83,11400,S16,0.036012085154652596,2,490,
83,11400,S3,0.1768985092639923,2,424,
83,11400,S5,0.14913667738437653,2,363,
83,11400,S6,0.3207992613315582,2,493,
83,11400,S7,0.15885910391807556,2,413,
83,11400,S8,0.27175673097372055,2,349,
83,11400,S9,0.05636793561279774,2,431,
83,11700,S11,0.3662545382976532,2,433,
83,11700,S13,0.27362409234046936,2,508,
83,11700,S15,0.22820081561803818,2,490,
83,11700,S16,0.08242198079824448,2,505,
83,11700,S3,0.2675805240869522,2,436,
83,11700,S5,0.16420190036296844,2,379,
83,11700,S6,0.23859121650457382,2,509,
83,11700,S7,0.23039624840021133,2,424,
83,11700,S8,0.4708814173936844,2,351,
83,11700,S9,0.06561761349439621,2,448,
83,12000,S11,0.35923659801483154,2,444,
83,12000,S13,0.3311768025159836,2,517,
83,12000,S15,0.32265299558639526,2,507,
83,12000,S16,0.05145993083715439,2,515,
83,12000,S3,0.26728425920009613,2,445,
83,12000,S5,0.13969584926962852,2,386,
83,12000,S6,0.3693523705005646,2,526,
83,12000,S7,0.26256439089775085,2,441,
83,12000,S8,0.37946586310863495,2,353,
83,12000,S9,0.038696279749274254,2,465,
83,12300,S11,1.2142003625631332,2,460,
83,12300,S13,0.24437345564365387,2,522,
83,12300,S15,0.17666400969028473,2,518,
83,12300,S16,0.0648872684687376,2,525,
83,12300,S3,0.3025534152984619,2,462,
83,12300,S5,0.20550920814275742,2,403,
83,12300,S6,0.24208394438028336,2,542,
83,12300,S7,0.14089186489582062,2,457,
83,12300,S8,0.3549817353487015,2,355,
83,12300,S9,0.02793355379253626,2,480,
83,12600,S11,0.42245587706565857,2,477,
83,12600,S13,0.2115623652935028,2,524,
83,12600,S15,0.2435467392206192,2,531,
83,12600,S16,0.040285078808665276,2,540,
83,12600,S3,0.15883787721395493,2,473,
83,12600,S5,0.1747771054506302,2,419,
83,12600,S6,0.24003935605287552,2,555,
83,12600,S7,0.28891612589359283,2,461,
83,12600,S8,0.46530871093273163,2,357,
83,12600,S9,0.0708494782447815,2,489,
83,12900,S11,0.7496408671140671,2,490,
83,12900,S13,0.25307391583919525,2,540,
83,12900,S15,0.3071502298116684,2,539,
83,12900,S16,0.0721201254054904,2,546,
83,12900,S3,0.17421270906925201,2,490,
83,12900,S5,0.1500287875533104,2,430,
83,12900,S6,0.20206665247678757,2,558,
83,12900,S7,0.17868048697710037,2,471,
83,12900,S8,0.44688330590724945,2,368,
83,12900,S9,0.030820091255009174,2,506,
83,13200,S11,0.37434815615415573,2,499,
83,13200,S13,0.21428602933883667,2,557,
83,13200,S15,0.24837365001440048,2,551,
83,13200,S16,0.03220008872449398,2,555,
83,13200,S3,0.21853218600153923,2,507,
83,13200,S5,0.19892258197069168,2,441,
83,13200,S6,0.24165411293506622,2,560,
83,13200,S7,0.19136066734790802,2,481,
83,13200,S8,0.30969780683517456,2,376,
83,13200,S9,0.04038067255169153,2,523,
83,13500,S11,0.663420557975769,2,516,
83,13500,S13,0.3238598331809044,2,568,
83,13500,S15,0.17438510805368423,2,568,
83,13500,S16,0.04212532378733158,2,572,
83,13500,S3,0.23103417456150055,2,518,
83,13500,S5,0.198316290974617,2,446,
83,13500,S6,0.19067863374948502,2,562,
83,13500,S7,0.10784780979156494,2,483,
83,13500,S8,0.27483874559402466,2,381,
83,13500,S9,0.1579609364271164,2,539,
83,13800,S11,0.273567333817482,2,528,
83,13800,S13,0.6567238867282867,2,584,
83,13800,S15,0.1845787689089775,2,583,
83,13800,S16,0.0752918366342783,2,588,
83,13800,S3,0.13649454712867737,2,521,
83,13800,S5,0.14100660383701324,2,457,
83,13800,S6,0.23591485619544983,2,564,
83,13800,S7,0.1401941105723381,2,485,
83,13800,S8,0.32265671342611313,2,392,
83,13800,S9,0.035098208114504814,2,552,
83,14100,S11,0.7697905004024506,2,530,
83,14100,S13,0.23326527327299118,2,599,
83,14100,S15,0.39935171604156494,2,594,
83,14100,S16,0.032052033580839634,2,590,
83,14100,S3,0.20765063911676407,2,532,
83,14100,S5,0.21156958490610123,2,470,
83,14100,S6,0.23464015126228333,2,572,
83,14100,S7,0.11641961336135864,2,494,
83,14100,S8,0.20245008170604706,2,394,
83,14100,S9,0.03333849273622036,2,556,
83,14400,S11,0.3480435013771057,2,532,
83,14400,S13,0.2840411141514778,2,611,
83,14400,S15,0.25466327369213104,2,604,
83,14400,S16,0.03991829231381416,2,602,
83,14400,S3,0.13707031309604645,2,538,
83,14400,S5,0.14655322209000587,2,476,
83,14400,S6,0.28606969118118286,2,574,
83,14400,S7,0.14276685565710068,2,504,
83,14400,S8,0.4574139714241028,2,396,
83,14400,S9,0.0400841198861599,2,558,
83,14700,S11,0.6672622710466385,2,534,
83,14700,S13,0.18560857325792313,2,628,
83,14700,S15,0.23891276866197586,2,611,
83,14700,S16,0.09117738902568817,2,618,
83,14700,S3,0.17726906388998032,2,545,
83,14700,S5,0.283383384346962,2,479,
83,14700,S6,0.25984301418066025,2,577,
83,14700,S7,0.19760923460125923,2,512,
83,14700,S8,0.3480018675327301,2,400,
83,14700,S9,0.09293339028954506,2,562,
83,15000,S11,0.47020483016967773,2,545,
83,15000,S13,0.2268299013376236,2,645,
83,15000,S15,0.26154865324497223,2,624,
83,15000,S16,0.051968786865472794,2,631,
83,15000,S3,0.14047978818416595,2,562,
83,15000,S5,0.10058502107858658,2,496,
83,15000,S6,0.23615355044603348,2,587,
83,15000,S7,0.08166508376598358,2,529,
83,15000,S8,0.2758376896381378,2,417,
83,15000,S9,0.04865037649869919,2,577,
83,15300,S11,0.37207162380218506,2,555,
83,15300,S13,0.1768147498369217,2,656,
83,15300,S15,0.2982730567455292,2,631,
83,15300,S16,0.07099078223109245,2,641,
83,15300,S3,0.11497531086206436,2,579,
83,15300,S5,0.10730581358075142,2,513,
83,15300,S6,0.1927424967288971,2,599,
83,15300,S7,0.0915047638118267,2,542,
83,15300,S8,0.45177727937698364,2,433,
83,15300,S9,0.0374186746776104,2,594,
83,15600,S11,0.28348370641469955,2,571,
83,15600,S13,0.12120944261550903,2,664,
83,15600,S15,0.1710267812013626,2,640,
83,15600,S16,0.02595491986721754,2,658,
83,15600,S3,0.22732670605182648,2,596,
83,15600,S5,0.14806018769741058,2,525,
83,15600,S6,0.1900518387556076,2,601,
83,15600,S7,0.18829543888568878,2,556,
83,15600,S8,0.368828222155571,2,445,
83,15600,S9,0.030006824992597103,2,611,
83,15900,S11,0.38521893322467804,2,573,
83,15900,S13,0.2314160317182541,2,666,
83,15900,S15,0.2194143757224083,2,648,
83,15900,S16,0.057968778535723686,2,670,
83,15900,S3,0.18728499114513397,2,601,
83,15900,S5,0.11157852038741112,2,527,
83,15900,S6,0.21706992387771606,2,607,
83,15900,S7,0.09979650005698204,2,559,
83,15900,S8,0.3127504587173462,2,447,
83,15900,S9,0.027110920287668705,2,619,
83,16200,S11,0.3651486337184906,2,589,
83,16200,S13,0.19905714690685272,2,682,
83,16200,S15,0.1266402043402195,2,657,
83,16200,S16,0.0678100548684597,2,676,
83,16200,S3,0.12473353371024132,2,616,
83,16200,S5,0.08680761978030205,2,535,
83,16200,S6,0.20604901760816574,2,621,
83,16200,S7,0.12244093045592308,2,569,
83,16200,S8,0.2516307681798935,2,449,
83,16200,S9,0.022086947225034237,2,635,
83,16500,S11,1.0738515853881836,2,598,
83,16500,S13,0.19501665234565735,2,699,
83,16500,S15,0.1446063593029976,2,674,
83,16500,S16,0.023484064731746912,2,684,
83,16500,S3,0.1978265792131424,2,633,
83,16500,S5,0.20680423453450203,2,544,
83,16500,S6,0.21648138761520386,2,635,
83,16500,S7,0.08187210187315941,2,586,
83,16500,S8,0.21177100390195847,2,466,
83,16500,S9,0.022051415406167507,2,652,
83,16800,S11,0.3555058091878891,2,610,
83,16800,S13,0.20398660004138947,2,716,
83,16800,S15,0.2121390551328659,2,676,
83,16800,S16,0.0262641329318285,2,694,
83,16800,S3,0.1787690594792366,2,650,
83,16800,S5,0.100554708391428,2,558,
83,16800,S6,0.15768878161907196,2,651,
83,16800,S7,0.12282945215702057,2,603,
83,16800,S8,0.2898593097925186,2,483,
83,16800,S9,0.01997057907283306,2,669,
83,17100,S11,0.2144978865981102,2,624,
83,17100,S13,0.23258854448795319,2,724,
83,17100,S15,0.21981851011514664,2,678,
83,17100,S16,0.037310924381017685,2,708,
83,17100,S3,0.13472925871610641,2,667,
83,17100,S5,0.15454711765050888,2,575,
83,17100,S6,0.1588679924607277,2,668,
83,17100,S7,0.05058491602540016,2,614,
83,17100,S8,0.20679186284542084,2,500,
83,17100,S9,0.04184624366462231,2,675,
83,17400,S11,0.2653331235051155,2,633,
83,17400,S13,0.2654712200164795,2,732,
83,17400,S15,0.2320893481373787,2,681,
83,17400,S16,0.06594767421483994,2,721,
83,17400,S3,0.1064117643982172,2,684,
83,17400,S5,0.08314847387373447,2,587,
83,17400,S6,0.12215261161327362,2,685,
83,17400,S7,0.11804899200797081,2,627,
83,17400,S8,0.2763614133000374,2,507,
83,17400,S9,0.057404772378504276,2,687,
83,17700,S11,0.2539961449801922,2,650,
83,17700,S13,0.21626323461532593,2,749,
83,17700,S15,0.1428438387811184,2,683,
83,17700,S16,0.04670132137835026,2,737,
83,17700,S3,0.09810813888907433,2,701,
83,17700,S5,0.13128453120589256,2,598,
83,17700,S6,0.16712435334920883,2,702,
83,17700,S7,0.27057860791683197,2,643,
83,17700,S8,0.2479463666677475,2,509,
83,17700,S9,0.08384527452290058,2,702,
83,18000,S11,0.38982319831848145,2,667,
83,18000,S13,0.26120053231716156,2,766,
83,18000,S15,0.21702032536268234,2,685,
83,18000,S16,0.01468432554975152,2,745,
83,18000,S3,0.15192759409546852,2,714,
83,18000,S5,0.10707690194249153,2,613,
83,18000,S6,0.11161793023347855,2,719,
83,18000,S7,0.09655951336026192,2,660,
83,18000,S8,0.23829932510852814,2,511,
83,18000,S9,0.06672732532024384,2,710,
83,18300,S11,0.35182522237300873,2,684,
83,18300,S13,0.14179689809679985,2,783,
83,18300,S15,0.27709635347127914,2,697,
83,18300,S16,0.030484230257570744,2,754,
83,18300,S3,0.1328573189675808,2,731,
83,18300,S5,0.11693315953016281,2,630,
83,18300,S6,0.11239787191152573,2,735,
83,18300,S7,0.10416131094098091,2,671,
83,18300,S8,0.3324960172176361,2,517,
83,18300,S9,0.020699957851320505,2,727,
83,18600,S11,0.5102529972791672,2,693,
83,18600,S13,0.22731953859329224,2,800,
83,18600,S15,0.12450545653700829,2,706,
83,18600,S16,0.027071913704276085,2,758,
83,18600,S3,0.09954135119915009,2,748,
83,18600,S5,0.23950200341641903,2,636,
83,18600,S6,0.12138844281435013,2,746,
83,18600,S7,0.09765432216227055,2,674,
83,18600,S8,0.12988746166229248,2,534,
83,18600,S9,0.028939860872924328,2,744,
83,18900,S11,0.44864553213119507,2,710,
83,18900,S13,0.2128412015736103,2,817,
83,18900,S15,0.14945019036531448,2,711,
83,18900,S16,0.03368522226810455,2,773,
83,18900,S3,0.06838971562683582,2,763,
83,18900,S5,0.05777798220515251,2,641,
83,18900,S6,0.1961246132850647,2,757,
83,18900,S7,0.11720282956957817,2,676,
83,18900,S8,0.23635344207286835,2,551,
83,18900,S9,0.052430760115385056,2,759,
83,19200,S11,0.24051593244075775,2,723,
83,19200,S13,0.12140635773539543,2,831,
83,19200,S15,0.1612672097980976,2,718,
83,19200,S16,0.041111962869763374,2,779,
83,19200,S3,0.09730645269155502,2,773,
83,19200,S5,0.07624638453125954,2,648,
83,19200,S6,0.20489327609539032,2,766,
83,19200,S7,0.16199884191155434,2,687,
83,19200,S8,0.1369420513510704,2,565,
83,19200,S9,0.03668996039777994,2,767,
83,19500,S11,0.3232148289680481,2,730,
83,19500,S13,0.29513025283813477,2,848,
83,19500,S15,0.15647251158952713,2,729,
83,19500,S16,0.028388296253979206,2,792,
83,19500,S3,0.04181008040904999,2,790,
83,19500,S5,0.05907892435789108,2,665,
83,19500,S6,0.18030598387122154,2,779,
83,19500,S7,0.06521298736333847,2,701,
83,19500,S8,0.18072381615638733,2,581,
83,19500,S9,0.037996966391801834,2,769,
83,19800,S11,0.41305072605609894,2,733,
83,19800,S13,0.1351572871208191,2,861,
83,19800,S15,0.19742364436388016,2,744,
83,19800,S16,0.025314364582300186,2,809,
83,19800,S3,0.11113336309790611,2,801,
83,19800,S5,0.09305290877819061,2,682,
83,19800,S6,0.16090943664312363,2,785,
83,19800,S7,0.06468276865780354,2,711,
83,19800,S8,0.24586187303066254,2,585,
83,19800,S9,0.016926731914281845,2,776,
83,20100,S11,0.38564246892929077,2,748,
83,20100,S13,0.13691407442092896,2,874,
83,20100,S15,0.2095797285437584,2,752,
83,20100,S16,0.01876286743208766,2,813,
83,20100,S3,0.14807377755641937,2,816,
83,20100,S5,0.10679216682910919,2,699,
83,20100,S6,0.2099626660346985,2,792,
83,20100,S7,0.13438652455806732,2,723,
83,20100,S8,0.20457056909799576,2,602,
83,20100,S9,0.042016888968646526,2,783,
83,20400,S11,0.33324306458234787,2,755,
83,20400,S13,0.22613896429538727,2,891,
83,20400,S15,0.09889788180589676,2,766,
83,20400,S16,0.035867930855602026,2,815,
83,20400,S3,0.19618195667862892,2,818,
83,20400,S5,0.038370680063962936,2,703,
83,20400,S6,0.08836948871612549,2,804,
83,20400,S7,0.06169245019555092,2,726,
83,20400,S8,0.11743102222681046,2,619,
83,20400,S9,0.021390235982835293,2,797,
83,20700,S11,0.24201598018407822,2,771,
83,20700,S13,0.10370296239852905,2,896,
83,20700,S15,0.21493496745824814,2,768,
83,20700,S16,0.02564315591007471,2,818,
83,20700,S3,0.054912544786930084,2,835,
83,20700,S5,0.2272500917315483,2,720,
83,20700,S6,0.13885300233960152,2,812,
83,20700,S7,0.059969400987029076,2,731,
83,20700,S8,0.2187500186264515,2,635,
83,20700,S9,0.02166441548615694,2,811,
83,21000,S11,0.5251184105873108,2,777,
83,21000,S13,0.1970418393611908,2,908,
83,21000,S15,0.17804288864135742,2,772,
83,21000,S16,0.01558099314570427,2,834,
83,21000,S3,0.11300243064761162,2,852,
83,21000,S5,0.0689835250377655,2,737,
83,21000,S6,0.1883949488401413,2,818,
83,21000,S7,0.1460323967039585,2,743,
83,21000,S8,0.09405213221907616,2,651,
83,21000,S9,0.07005349546670914,2,825,
83,21300,S11,0.5859670042991638,2,779,
83,21300,S13,0.12208247929811478,2,916,
83,21300,S15,0.16804684698581696,2,777,
83,21300,S16,0.027359080966562033,2,851,
83,21300,S3,0.08292726427316666,2,869,
83,21300,S5,0.10349173471331596,2,754,
83,21300,S6,0.1374269351363182,2,830,
83,21300,S7,0.06409605592489243,2,757,
83,21300,S8,0.2769342362880707,2,655,
83,21300,S9,0.02762362454086542,2,842,
83,21600,S11,0.2613890916109085,2,795,
83,21600,S13,0.12007177993655205,2,933,
83,21600,S15,0.25483162701129913,2,792,
83,21600,S16,0.027687671594321728,2,868,
83,21600,S3,0.04528423584997654,2,886,
83,21600,S5,0.06290686130523682,2,771,
83,21600,S6,0.19453108310699463,2,847,
83,21600,S7,0.053578116931021214,2,774,
83,21600,S8,0.19665612280368805,2,658,
83,21600,S9,0.17964210361242294,2,846,
83,21900,S11,0.19796438701450825,2,812,
83,21900,S13,0.16689427196979523,2,950,
83,21900,S15,0.08987680822610855,2,796,
83,21900,S16,0.04613329330459237,2,870,
83,21900,S3,0.07533002831041813,2,901,
83,21900,S5,0.05931551940739155,2,784,
83,21900,S6,0.1514589488506317,2,851,
83,21900,S7,0.07909081876277924,2,791,
83,21900,S8,0.11118635535240173,2,671,
83,21900,S9,0.0218289103358984,2,859,
83,22200,S11,1.2879643142223358,2,817,
83,22200,S13,0.3112163469195366,2,965,
83,22200,S15,0.14405135065317154,2,809,
83,22200,S16,0.015687522944062948,2,878,
83,22200,S3,0.11269603483378887,2,914,
83,22200,S5,0.05669735372066498,2,793,
83,22200,S6,0.23103753477334976,2,857,
83,22200,S7,0.05880511552095413,2,795,
83,22200,S8,0.22945307195186615,2,681,
83,22200,S9,0.015380077064037323,2,868,
83,22500,S11,0.7070785984396935,2,830,
83,22500,S13,0.21021176502108574,2,972,
83,22500,S15,0.30721260607242584,2,822,
83,22500,S16,0.03102643322199583,2,886,
83,22500,S3,0.06623656302690506,2,921,
83,22500,S5,0.1811484917998314,2,802,
83,22500,S6,0.12410210818052292,2,865,
83,22500,S7,0.18992359936237335,2,800,
83,22500,S8,0.2382499948143959,2,688,
83,22500,S9,0.016087078489363194,2,872,
83,22800,S11,0.7412851899862289,2,845,
83,22800,S13,0.1869201883673668,2,980,
83,22800,S15,0.2287878394126892,2,834,
83,22800,S16,0.030222355853766203,2,899,
83,22800,S3,0.08481546118855476,2,938,
83,22800,S5,0.07481926307082176,2,814,
83,22800,S6,0.17536511272192,2,882,
83,22800,S7,0.19279207289218903,2,802,
83,22800,S8,0.23625555261969566,2,704,
83,22800,S9,0.17570966109633446,2,884,
83,23100,S11,0.7079825550317764,2,862,
83,23100,S13,0.18201060220599174,2,987,
83,23100,S15,0.24945397675037384,2,851,
83,23100,S16,0.04046966880559921,2,905,
83,23100,S3,0.09395517781376839,2,955,
83,23100,S5,0.2067882902920246,2,826,
83,23100,S6,0.12200522795319557,2,890,
83,23100,S7,0.06062721274793148,2,818,
83,23100,S8,0.16577330976724625,2,706,
83,23100,S9,0.060001056641340256,2,901,
83,23400,S11,0.2806362211704254,2,877,
83,23400,S13,0.06950051710009575,2,1004,
83,23400,S15,0.16888418048620224,2,866,
83,23400,S16,0.01960099791176617,2,919,
83,23400,S3,0.12362208217382431,2,972,
83,23400,S5,0.08002150803804398,2,843,
83,23400,S6,0.24821098893880844,2,902,
83,23400,S7,0.08297008275985718,2,823,
83,23400,S8,0.07566459104418755,2,708,
83,23400,S9,0.029596883803606033,2,916,
83,23700,S11,0.22713098675012589,2,891,
83,23700,S13,0.20925990492105484,2,1016,
83,23700,S15,0.10720633715391159,2,883,
83,23700,S16,0.05944060441106558,2,921,
83,23700,S3,0.08036302402615547,2,983,
83,23700,S5,0.12692571431398392,2,860,
83,23700,S6,0.13822442293167114,2,918,
83,23700,S7,0.041747745126485825,2,838,
83,23700,S8,0.17839085683226585,2,714,
83,23700,S9,0.014098246581852436,2,927,
83,24000,S11,0.23958725482225418,2,908,
83,24000,S13,0.1891927570104599,2,1023,
83,24000,S15,0.20891672000288963,2,886,
83,24000,S16,0.031249896623194218,2,932,
83,24000,S3,0.13264120928943157,2,994,
83,24000,S5,0.04820755310356617,2,875,
83,24000,S6,0.11780466139316559,2,933,
83,24000,S7,0.03380967117846012,2,855,
83,24000,S8,0.18210748210549355,2,728,
83,24000,S9,0.01912004593759775,2,936,
83,24300,S11,0.5018299035727978,2,913,
83,24300,S13,0.1797819882631302,2,1030,
83,24300,S15,0.20664497464895248,2,900,
83,24300,S16,0.023314541205763817,2,949,
83,24300,S3,0.10846228152513504,2,1008,
83,24300,S5,0.14260715246200562,2,888,
83,24300,S6,0.1598236933350563,2,943,
83,24300,S7,0.05695929750800133,2,863,
83,24300,S8,0.1859288103878498,2,730,
83,24300,S9,0.012013746425509453,2,938,
83,24600,S11,0.22520650923252106,2,923,
83,24600,S13,0.11288917437195778,2,1034,
83,24600,S15,0.19575003907084465,2,914,
83,24600,S16,0.010864525567740202,2,958,
83,24600,S3,0.11013967543840408,2,1020,
83,24600,S5,0.05939199775457382,2,899,
83,24600,S6,0.14906790480017662,2,957,
83,24600,S7,0.2103371098637581,2,871,
83,24600,S8,0.18019044026732445,2,740,
83,24600,S9,0.026320017408579588,2,952,
83,24900,S11,0.5336137190461159,2,933,
83,24900,S13,0.17375895380973816,2,1036,
83,24900,S15,0.18667002767324448,2,931,
83,24900,S16,0.00989163899794221,2,962,
83,24900,S3,0.06612204480916262,2,1037,
83,24900,S5,0.10401056334376335,2,916,
83,24900,S6,0.10958499275147915,2,967,
83,24900,S7,0.07051131129264832,2,888,
83,24900,S8,0.07971588522195816,2,750,
83,24900,S9,0.01567103061825037,2,957,
83,25200,S11,1.208889901638031,2,945,
83,25200,S13,0.16713698953390121,2,1042,
83,25200,S15,0.16835633665323257,2,945,
83,25200,S16,0.01805194281041622,2,964,
83,25200,S3,0.12758543714880943,2,1043,
83,25200,S5,0.04952266812324524,2,932,
83,25200,S6,0.09398530051112175,2,982,
83,25200,S7,0.06644326075911522,2,905,
83,25200,S8,0.16554376855492592,2,752,
83,25200,S9,0.008021186804398894,2,969,
83,25500,S11,0.5610430538654327,2,958,
83,25500,S13,0.10898282006382942,2,1051,
83,25500,S15,0.30480150878429413,2,959,
83,25500,S16,0.012642859015613794,2,966,
83,25500,S3,0.06968954391777515,2,1057,
83,25500,S5,0.06469336524605751,2,949,
83,25500,S6,0.08851543068885803,2,999,
83,25500,S7,0.09707880765199661,2,922,
83,25500,S8,0.20025801844894886,2,764,
83,25500,S9,0.02568821143358946,2,986,
83,25800,S11,0.13862675055861473,2,967,
83,25800,S13,0.19078663736581802,2,1066,
83,25800,S15,0.099094919860363,2,976,
83,25800,S16,0.01712821237742901,2,980,
83,25800,S3,0.09320882521569729,2,1070,
83,25800,S5,0.03628352843225002,2,966,
83,25800,S6,0.07758479565382004,2,1004,
83,25800,S7,0.06198406592011452,2,938,
83,25800,S8,0.17358139902353287,2,775,
83,25800,S9,0.0096468236297369,2,998,
83,26100,S11,0.281350277364254,2,977,
83,26100,S13,0.1590733900666237,2,1074,
83,26100,S15,0.09718609042465687,2,993,
83,26100,S16,0.010862085968255997,2,997,
83,26100,S3,0.06587697193026543,2,1080,
83,26100,S5,0.09021839965134859,2,975,
83,26100,S6,0.14864011108875275,2,1013,
83,26100,S7,0.034607416950166225,2,955,
83,26100,S8,0.055052500218153,2,792,
83,26100,S9,0.010319497901946306,2,1005,
83,26400,S11,0.40449071675539017,2,986,
83,26400,S13,0.1300201080739498,2,1087,
83,26400,S15,0.1554630845785141,2,1006,
83,26400,S16,0.013876006472855806,2,1014,
83,26400,S3,0.051908835768699646,2,1093,
83,26400,S5,0.07168899849057198,2,988,
83,26400,S6,0.12282641977071762,2,1029,
83,26400,S7,0.058150142431259155,2,962,
83,26400,S8,0.2959311157464981,2,809,
83,26400,S9,0.012053458718582988,2,1022,
83,26700,S11,0.23429983854293823,2,993,
83,26700,S13,0.11371750012040138,2,1104,
83,26700,S15,0.1361246146261692,2,1019,
83,26700,S16,0.02509048767387867,2,1031,
83,26700,S3,0.07717544957995415,2,1099,
83,26700,S5,0.13459116965532303,2,992,
83,26700,S6,0.12942077964544296,2,1046,
83,26700,S7,0.07469136454164982,2,973,
83,26700,S8,0.2078763097524643,2,825,
83,26700,S9,0.028194191865622997,2,1039,
83,27000,S11,0.2004656419157982,2,1000,
83,27000,S13,0.1330431029200554,2,1117,
83,27000,S15,0.1567491516470909,2,1028,
83,27000,S16,0.011490124743431807,2,1044,
83,27000,S3,0.04124201647937298,2,1106,
83,27000,S5,0.04792844131588936,2,1006,
83,27000,S6,0.14622164890170097,2,1059,
83,27000,S7,0.04952995851635933,2,978,
83,27000,S8,0.19543568789958954,2,827,
83,27000,S9,0.019152531400322914,2,1047,
83,27300,S11,0.27916859090328217,2,1009,
83,27300,S13,0.09907873719930649,2,1124,
83,27300,S15,0.1456245668232441,2,1038,
83,27300,S16,0.010240362025797367,2,1046,
83,27300,S3,0.13707515597343445,2,1109,
83,27300,S5,0.03293399512767792,2,1010,
83,27300,S6,0.093511201441288,2,1071,
83,27300,S7,0.05139745771884918,2,987,
83,27300,S8,0.33308498561382294,2,839,
83,27300,S9,0.014470893424004316,2,1051,
83,27600,S11,0.817951112985611,2,1013,
83,27600,S13,0.0890997014939785,2,1134,
83,27600,S15,0.19757691025733948,2,1042,
83,27600,S16,0.012584324460476637,2,1048,
83,27600,S3,0.10148741118609905,2,1111,
83,27600,S5,0.05501125194132328,2,1019,
83,27600,S6,0.18177679181098938,2,1088,
83,27600,S7,0.05237207002937794,2,995,
83,27600,S8,0.2052217498421669,2,853,
83,27600,S9,0.007946484722197056,2,1064,
83,27900,S11,0.2784285470843315,2,1015,
83,27900,S13,0.11361746490001678,2,1138,
83,27900,S15,0.06369277648627758,2,1044,
83,27900,S16,0.016836865339428186,2,1050,
83,27900,S3,0.04589907079935074,2,1113,
83,27900,S5,0.04819777421653271,2,1029,
83,27900,S6,0.2094605304300785,2,1104,
83,27900,S7,0.06687622144818306,2,999,
83,27900,S8,0.15364287793636322,2,855,
83,27900,S9,0.01371044060215354,2,1081,
83,28200,S11,0.3968905508518219,2,1026,
83,28200,S13,0.066725242882967,2,1140,
83,28200,S15,0.14506161212921143,2,1047,
83,28200,S16,0.008264639880508184,2,1064,
83,28200,S3,0.05069371685385704,2,1116,
83,28200,S5,0.03599886875599623,2,1046,
83,28200,S6,0.13405093550682068,2,1120,
83,28200,S7,0.02418341301381588,2,1012,
83,28200,S8,0.04826229438185692,2,868,
83,28200,S9,0.0685017891228199,2,1093,
83,28500,S11,0.1943323090672493,2,1043,
83,28500,S13,0.08512647449970245,2,1154,
83,28500,S15,0.19638098776340485,2,1058,
83,28500,S16,0.03387296944856644,2,1080,
83,28500,S3,0.033668363466858864,2,1118,
83,28500,S5,0.027229993604123592,2,1063,
83,28500,S6,0.09283338859677315,2,1137,
83,28500,S7,0.03299790248274803,2,1015,
83,28500,S8,0.1778269037604332,2,885,
83,28500,S9,0.03187004383653402,2,1104,
83,28800,S11,0.7387807220220566,2,1053,
83,28800,S13,0.13279900327324867,2,1162,
83,28800,S15,0.13871557265520096,2,1072,
83,28800,S16,0.008416462922468781,2,1093,
83,28800,S3,0.07571152225136757,2,1131,
83,28800,S5,0.03964495286345482,2,1080,
83,28800,S6,0.15283285826444626,2,1147,
83,28800,S7,0.040573746897280216,2,1024,
83,28800,S8,0.03774057701230049,2,898,
83,28800,S9,0.017104610335081816,2,1111,
83,29100,S11,0.7274744510650635,2,1057,
83,29100,S13,0.08795829489827156,2,1170,
83,29100,S15,0.08899872377514839,2,1085,
83,29100,S16,0.010757758747786283,2,1108,
83,29100,S3,0.04201591853052378,2,1139,
83,29100,S5,0.07515277713537216,2,1095,
83,29100,S6,0.10367126017808914,2,1149,
83,29100,S7,0.03462551534175873,2,1034,
83,29100,S8,0.1820632666349411,2,905,
83,29100,S9,0.09323371388018131,2,1126,
83,29400,S11,0.5757184773683548,2,1065,
83,29400,S13,0.11763233691453934,2,1184,
83,29400,S15,0.1548810750246048,2,1093,
83,29400,S16,0.014410390984266996,2,1124,
83,29400,S3,0.07139644771814346,2,1151,
83,29400,S5,0.01871415041387081,2,1102,
83,29400,S6,0.04812345281243324,2,1159,
83,29400,S7,0.08157025463879108,2,1047,
83,29400,S8,0.1802617311477661,2,916,
83,29400,S9,0.005420708330348134,2,1141,
83,29700,S11,0.3307013735175133,2,1071,
83,29700,S13,0.06896823272109032,2,1194,
83,29700,S15,0.15723732858896255,2,1110,
83,29700,S16,0.009077817667275667,2,1136,
83,29700,S3,0.02753117959946394,2,1168,
83,29700,S5,0.17720769811421633,2,1119,
83,29700,S6,0.08729169890284538,2,1161,
83,29700,S7,0.14091093093156815,2,1064,
83,29700,S8,0.27263760566711426,2,926,
83,29700,S9,0.011174944462254643,2,1147,
83,30000,S11,0.14316975697875023,2,1080,
83,30000,S13,0.09779293462634087,2,1211,
83,30000,S15,0.20335835218429565,2,1121,
83,30000,S16,0.03352131647989154,2,1146,
83,30000,S3,0.02871051337569952,2,1185,
83,30000,S5,0.08657479286193848,2,1136,
83,30000,S6,0.05947517603635788,2,1169,
83,30000,S7,0.044142069295048714,2,1077,
83,30000,S8,0.04756309650838375,2,943,
83,30000,S9,0.014871360268443823,2,1158,
83,30300,S11,0.15696526318788528,2,1092,
83,30300,S13,0.09271270036697388,2,1228,
83,30300,S15,0.15834124945104122,2,1125,
83,30300,S16,0.022158928215503693,2,1162,
83,30300,S3,0.03487832099199295,2,1194,
83,30300,S5,0.04587041214108467,2,1153,
83,30300,S6,0.0866684727370739,2,1180,
83,30300,S7,0.041267634369432926,2,1088,
83,30300,S8,0.06134627386927605,2,959,
83,30300,S9,0.00900882389396429,2,1162,
83,30600,S11,0.5130984149873257,2,1102,
83,30600,S13,0.08027007803320885,2,1245,
83,30600,S15,0.13554076850414276,2,1142,
83,30600,S16,0.010245800483971834,2,1174,
83,30600,S3,0.020234269089996815,2,1204,
83,30600,S5,0.1806575432419777,2,1170,
83,30600,S6,0.2537698522210121,2,1182,
83,30600,S7,0.06950436532497406,2,1090,
83,30600,S8,0.16740820556879044,2,963,
83,30600,S9,0.02564732450991869,2,1179,
83,30900,S11,0.252030685544014,2,1119,
83,30900,S13,0.045922188088297844,2,1259,
83,30900,S15,0.25554290413856506,2,1159,
83,30900,S16,0.026449480326846242,2,1187,
83,30900,S3,0.022231971845030785,2,1218,
83,30900,S5,0.030640834011137486,2,1184,
83,30900,S6,0.10472397319972515,2,1191,
83,30900,S7,0.01727432943880558,2,1104,
83,30900,S8,0.15667249262332916,2,972,
83,30900,S9,0.008776708971709013,2,1196,
83,31200,S11,0.12698513269424438,2,1123,
83,31200,S13,0.07999411970376968,2,1272,
83,31200,S15,0.22446221113204956,2,1176,
83,31200,S16,0.012169866356998682,2,1204,
83,31200,S3,0.08637706562876701,2,1223,
83,31200,S5,0.02425837144255638,2,1195,
83,31200,S6,0.0954974889755249,2,1208,
83,31200,S7,0.0676475316286087,2,1121,
83,31200,S8,0.045709334313869476,2,989,
83,31200,S9,0.005622381228022277,2,1213,
83,31500,S11,0.12141578271985054,2,1139,
83,31500,S13,0.07441779971122742,2,1279,
83,31500,S15,0.11277881264686584,2,1192,
83,31500,S16,0.01077350415289402,2,1216,
83,31500,S3,0.10195083916187286,2,1228,
83,31500,S5,0.0482280058786273,2,1205,
83,31500,S6,0.1007293239235878,2,1215,
83,31500,S7,0.02542597521096468,2,1128,
83,31500,S8,0.1949896514415741,2,1006,
83,31500,S9,0.02641425561159849,2,1230,
83,31800,S11,0.2947813346982002,2,1153,
83,31800,S13,0.14154120534658432,2,1285,
83,31800,S15,0.18238644301891327,2,1194,
83,31800,S16,0.0066893810871988535,2,1233,
83,31800,S3,0.04724659211933613,2,1240,
83,31800,S5,0.09613420628011227,2,1219,
83,31800,S6,0.10580627620220184,2,1232,
83,31800,S7,0.04964019916951656,2,1136,
83,31800,S8,0.050051361322402954,2,1017,
83,31800,S9,0.027303384616971016,2,1237,
83,32100,S11,0.1672760397195816,2,1160,
83,32100,S13,0.06312990933656693,2,1302,
83,32100,S15,0.08711870387196541,2,1205,
83,32100,S16,0.022249643690884113,2,1250,
83,32100,S3,0.02612706832587719,2,1257,
83,32100,S5,0.037711236625909805,2,1233,
83,32100,S6,0.08382811211049557,2,1243,
83,32100,S7,0.02598591661080718,2,1147,
83,32100,S8,0.05421151965856552,2,1027,
83,32100,S9,0.0047182285925373435,2,1246,
83,32400,S11,0.7970165237784386,2,1165,
83,32400,S13,0.09865977615118027,2,1319,
83,32400,S15,0.21846264600753784,2,1210,
83,32400,S16,0.011470361612737179,2,1267,
83,32400,S3,0.03153367806226015,2,1274,
83,32400,S5,0.15238004177808762,2,1242,
83,32400,S6,0.052769861184060574,2,1260,
83,32400,S7,0.023037634789943695,2,1151,
83,32400,S8,0.16746683232486248,2,1039,
83,32400,S9,0.013689510989934206,2,1250,
83,32700,S11,0.309245228767395,2,1171,
83,32700,S13,0.040558962151408195,2,1334,
83,32700,S15,0.12564166821539402,2,1225,
83,32700,S16,0.02513417974114418,2,1279,
83,32700,S3,0.07003593817353249,2,1291,
83,32700,S5,0.07179927453398705,2,1259,
83,32700,S6,0.13069424405694008,2,1272,
83,32700,S7,0.018736370839178562,2,1162,
83,32700,S8,0.165622740983963,2,1047,
83,32700,S9,0.02091946080327034,2,1258,
83,33000,S11,0.7984534054994583,2,1177,
83,33000,S13,0.07646227814257145,2,1340,
83,33000,S15,0.08525446429848671,2,1238,
83,33000,S16,0.014242398086935282,2,1291,
83,33000,S3,0.03148109745234251,2,1303,
83,33000,S5,0.02730581909418106,2,1264,
83,33000,S6,0.05787688493728638,2,1278,
83,33000,S7,0.028894654475152493,2,1178,
83,33000,S8,0.04721401259303093,2,1051,
83,33000,S9,0.017109323758631945,2,1274,
83,33300,S11,1.3809894621372223,2,1194,
83,33300,S13,0.07441233098506927,2,1343,
83,33300,S15,0.058791810646653175,2,1254,
83,33300,S16,0.009249886265024543,2,1300,
83,33300,S3,0.06287064403295517,2,1319,
83,33300,S5,0.05954616516828537,2,1272,
83,33300,S6,0.03938005678355694,2,1294,
83,33300,S7,0.03577475622296333,2,1191,
83,33300,S8,0.059444792568683624,2,1058,
83,33300,S9,0.02632698742672801,2,1277,
83,33600,S11,0.6169745624065399,2,1205,
83,33600,S13,0.05229312926530838,2,1359,
83,33600,S15,0.10550176352262497,2,1264,
83,33600,S16,0.010981923900544643,2,1309,
83,33600,S3,0.051160503178834915,2,1333,
83,33600,S5,0.16962449811398983,2,1285,
83,33600,S6,0.06916547659784555,2,1305,
83,33600,S7,0.047030693385750055,2,1207,
83,33600,S8,0.3012348413467407,2,1060,
83,33600,S9,0.013138253707438707,2,1287,
83,33900,S11,0.12221908569335938,2,1209,
83,33900,S13,0.045628705993294716,2,1361,
83,33900,S15,0.1752844974398613,2,1276,
83,33900,S16,0.0060138339176774025,2,1321,
83,33900,S3,0.044749398715794086,2,1339,
83,33900,S5,0.016800926066935062,2,1298,
83,33900,S6,0.05133745353668928,2,1307,
83,33900,S7,0.057284892769530416,2,1218,
83,33900,S8,0.15020889975130558,2,1073,
83,33900,S9,0.03457495290786028,2,1289,
83,34200,S11,0.1589348167181015,2,1223,
83,34200,S13,0.08033480122685432,2,1370,
83,34200,S15,0.042833222076296806,2,1278,
83,34200,S16,0.02677561715245247,2,1333,
83,34200,S3,0.029830852523446083,2,1347,
83,34200,S5,0.15438898652791977,2,1301,
83,34200,S6,0.07815984357148409,2,1320,
83,34200,S7,0.015680640004575253,2,1232,
83,34200,S8,0.08071333728730679,2,1076,
83,34200,S9,0.009537147940136492,2,1291,
83,34500,S11,0.8531020097434521,2,1236,
83,34500,S13,0.07871954888105392,2,1374,
83,34500,S15,0.14625465124845505,2,1280,
83,34500,S16,0.006303612142801285,2,1336,
83,34500,S3,0.033607231453061104,2,1349,
83,34500,S5,0.04219171777367592,2,1309,
83,34500,S6,0.1259375996887684,2,1333,
83,34500,S7,0.018844950944185257,2,1245,
83,34500,S8,0.041773321107029915,2,1089,
83,34500,S9,0.04825701331719756,2,1295,
83,34800,S11,0.3927647992968559,2,1249,
83,34800,S13,0.15596486628055573,2,1386,
83,34800,S15,0.1045999750494957,2,1293,
83,34800,S16,0.010626862058416009,2,1344,
83,34800,S3,0.02658586110919714,2,1353,
83,34800,S5,0.24074481427669525,2,1325,
83,34800,S6,0.09575348906219006,2,1348,
83,34800,S7,0.051918795332312584,2,1249,
83,34800,S8,0.06304223835468292,2,1104,
83,34800,S9,0.013846647227182984,2,1307,
83,35100,S11,0.14170819893479347,2,1262,
83,35100,S13,0.07356655783951283,2,1403,
83,35100,S15,0.15765386819839478,2,1310,
83,35100,S16,0.0067221117205917835,2,1360,
83,35100,S3,0.08539695292711258,2,1370,
83,35100,S5,0.03829940501600504,2,1327,
83,35100,S6,0.06982748582959175,2,1361,
83,35100,S7,0.035534415394067764,2,1261,
83,35100,S8,0.1697896607220173,2,1118,
83,35100,S9,0.0506549789570272,2,1315,
83,35400,S11,0.5999888405203819,2,1272,
83,35400,S13,0.05501306429505348,2,1420,
83,35400,S15,0.1475691795349121,2,1327,
83,35400,S16,0.08252280903980136,2,1367,
83,35400,S3,0.022628778591752052,2,1387,
83,35400,S5,0.1116551011800766,2,1329,
83,35400,S6,0.04292357712984085,2,1378,
83,35400,S7,0.024232834111899137,2,1264,
83,35400,S8,0.15124977752566338,2,1125,
83,35400,S9,0.039994604885578156,2,1332,
83,35700,S11,0.20045588910579681,2,1279,
83,35700,S13,0.2172556146979332,2,1423,
83,35700,S15,0.08372977003455162,2,1329,
83,35700,S16,0.025680023711174726,2,1384,
83,35700,S3,0.02522548008710146,2,1396,
83,35700,S5,0.04757845401763916,2,1345,
83,35700,S6,0.08273839205503464,2,1395,
83,35700,S7,0.023278051055967808,2,1279,
83,35700,S8,0.03828587755560875,2,1140,
83,35700,S9,0.033846703823655844,2,1349,
83,36000,S11,0.15044931322336197,2,1295,
83,36000,S13,0.15762747079133987,2,1433,
83,36000,S15,0.08371354267001152,2,1344,
83,36000,S16,0.006441895850002766,2,1400,
83,36000,S3,0.037335596047341824,2,1410,
83,36000,S5,0.03182082436978817,2,1362,
83,36000,S6,0.1672264039516449,2,1402,
83,36000,S7,0.033358000218868256,2,1290,
83,36000,S8,0.17868509702384472,2,1157,
83,36000,S9,0.03404885157942772,2,1364,
83,36300,S11,0.2564283013343811,2,1308,
83,36300,S13,0.12287349253892899,2,1450,
83,36300,S15,0.17507383972406387,2,1360,
83,36300,S16,0.0928824320435524,2,1417,
83,36300,S3,0.053404152393341064,2,1416,
83,36300,S5,0.025833576917648315,2,1379,
83,36300,S6,0.07794641144573689,2,1414,
83,36300,S7,0.021943751722574234,2,1300,
83,36300,S8,0.03372163325548172,2,1174,
83,36300,S9,0.007767294533550739,2,1381,
83,36600,S11,0.11285767704248428,2,1314,
83,36600,S13,0.11464899033308029,2,1467,
83,36600,S15,0.11740436404943466,2,1366,
83,36600,S16,0.011258024722337723,2,1431,
83,36600,S3,0.03160194866359234,2,1425,
83,36600,S5,0.030230567790567875,2,1384,
83,36600,S6,0.05134381912648678,2,1427,
83,36600,S7,0.05227434262633324,2,1309,
83,36600,S8,0.041522616520524025,2,1191,
83,36600,S9,0.011917849536985159,2,1398,
83,36900,S11,0.16852595657110214,2,1331,
83,36900,S13,0.16783279553055763,2,1484,
83,36900,S15,0.12945519387722015,2,1382,
83,36900,S16,0.01847650366835296,2,1439,
83,36900,S3,0.07175406068563461,2,1438,
83,36900,S5,0.03901482606306672,2,1400,
83,36900,S6,0.11014922708272934,2,1441,
83,36900,S7,0.11840859800577164,2,1325,
83,36900,S8,0.04936790466308594,2,1208,
83,36900,S9,0.006186275975778699,2,1407,
83,37200,S11,0.18636760860681534,2,1348,
83,37200,S13,0.1286621019244194,2,1488,
83,37200,S15,0.09402808547019958,2,1391,
83,37200,S16,0.015330120106227696,2,1454,
83,37200,S3,0.06109518185257912,2,1452,
83,37200,S5,0.04108025133609772,2,1417,
83,37200,S6,0.08187251165509224,2,1453,
83,37200,S7,0.11545029655098915,2,1333,
83,37200,S8,0.1436307169497013,2,1224,
83,37200,S9,0.06933629885315895,2,1415,
83,37500,S11,0.3665330745279789,2,1362,
83,37500,S13,0.12166949734091759,2,1497,
83,37500,S15,0.07713528163731098,2,1393,
83,37500,S16,0.007453171536326408,2,1462,
83,37500,S3,0.03240006882697344,2,1469,
83,37500,S5,0.05581123847514391,2,1430,
83,37500,S6,0.03337828628718853,2,1468,
83,37500,S7,0.11344553902745247,2,1340,
83,37500,S8,0.03408444672822952,2,1226,
83,37500,S9,0.04204265191219747,2,1430,
83,37800,S11,0.24290237575769424,2,1379,
83,37800,S13,0.031940849497914314,2,1514,
83,37800,S15,0.10776806995272636,2,1408,
83,37800,S16,0.00854912493377924,2,1472,
83,37800,S3,0.04253548942506313,2,1486,
83,37800,S5,0.13032566383481026,2,1447,
83,37800,S6,0.07507336605340242,2,1485,
83,37800,S7,0.05080034490674734,2,1342,
83,37800,S8,0.24305297434329987,2,1238,
83,37800,S9,0.007280068704858422,2,1447,
83,38100,S11,0.1498642936348915,2,1386,
83,38100,S13,0.06188543513417244,2,1527,
83,38100,S15,0.11930366978049278,2,1421,
83,38100,S16,0.007054996793158352,2,1474,
83,38100,S3,0.02660916093736887,2,1497,
83,38100,S5,0.03599836491048336,2,1464,
83,38100,S6,0.0400293692946434,2,1494,
83,38100,S7,0.12731787050142884,2,1346,
83,38100,S8,0.0408814512193203,2,1243,
83,38100,S9,0.010570731712505221,2,1464,
83,38400,S11,0.14839310944080353,2,1388,
83,38400,S13,0.05815497040748596,2,1544,
83,38400,S15,0.08459199592471123,2,1438,
83,38400,S16,0.06365965120494366,2,1480,
83,38400,S3,0.06711407843977213,2,1508,
83,38400,S5,0.13665539678186178,2,1481,
83,38400,S6,0.056699469685554504,2,1511,
83,38400,S7,0.04939472582191229,2,1360,
83,38400,S8,0.25994816422462463,2,1253,
83,38400,S9,0.00969730643555522,2,1480,
83,38700,S11,0.1791847050189972,2,1397,
83,38700,S13,0.15654243528842926,2,1559,
83,38700,S15,0.06963189877569675,2,1442,
83,38700,S16,0.00729970820248127,2,1485,
83,38700,S3,0.04413127526640892,2,1515,
83,38700,S5,0.03165349643677473,2,1498,
83,38700,S6,0.08317524008452892,2,1524,
83,38700,S7,0.13812854513525963,2,1377,
83,38700,S8,0.15588466450572014,2,1262,
83,38700,S9,0.006690037029329687,2,1487,
83,39000,S11,0.3660004287958145,2,1408,
83,39000,S13,0.05545507371425629,2,1564,
83,39000,S15,0.35577796399593353,2,1444,
83,39000,S16,0.011470513883978128,2,1489,
83,39000,S3,0.02714415267109871,2,1520,
83,39000,S5,0.01862807758152485,2,1514,
83,39000,S6,0.1481991522014141,2,1527,
83,39000,S7,0.020783000625669956,2,1388,
83,39000,S8,0.14628339186310768,2,1272,
83,39000,S9,0.020717638079077005,2,1491,
83,39300,S11,0.7274715173989534,2,1410,
83,39300,S13,0.25683096051216125,2,1581,
83,39300,S15,0.5948723871260881,2,1446,
83,39300,S16,0.012935971841216087,2,1498,
83,39300,S3,0.027094537392258644,2,1532,
83,39300,S5,0.05373954214155674,2,1517,
83,39300,S6,0.06114383041858673,2,1543,
83,39300,S7,0.040846413001418114,2,1401,
83,39300,S8,0.17365670576691628,2,1274,
83,39300,S9,0.023872637189924717,2,1498,
83,39600,S11,0.4616217464208603,2,1412,
83,39600,S13,0.08477124571800232,2,1593,
83,39600,S15,0.20174779742956161,2,1448,
83,39600,S16,0.0060393986059352756,2,1511,
83,39600,S3,0.029233822599053383,2,1545,
83,39600,S5,0.06349026784300804,2,1532,
83,39600,S6,0.07110081007704139,2,1558,
83,39600,S7,0.020505129359662533,2,1416,
83,39600,S8,0.06367694213986397,2,1285,
83,39600,S9,0.025296442210674286,2,1509,
83,39900,S11,0.6989329606294632,2,1414,
83,39900,S13,0.051132719963788986,2,1595,
83,39900,S15,0.1300780177116394,2,1450,
83,39900,S16,0.007144538452848792,2,1524,
83,39900,S3,0.025357733946293592,2,1549,
83,39900,S5,0.04782046563923359,2,1546,
83,39900,S6,0.05210355203598738,2,1571,
83,39900,S7,0.021919657476246357,2,1420,
83,39900,S8,0.043924639001488686,2,1300,
83,39900,S9,0.010307228658348322,2,1521,
83,40200,S11,0.18982334434986115,2,1424,
83,40200,S13,0.0520566925406456,2,1597,
83,40200,S15,0.13203591853380203,2,1460,
83,40200,S16,0.007116831373423338,2,1541,
83,40200,S3,0.019159740302711725,2,1551,
83,40200,S5,0.03503645118325949,2,1563,
83,40200,S6,0.15332019701600075,2,1581,
83,40200,S7,0.04968211427330971,2,1433,
83,40200,S8,0.02912558615207672,2,1317,
83,40200,S9,0.005839336663484573,2,1527,
83,40500,S11,0.23380349203944206,2,1441,
83,40500,S13,0.07279561273753643,2,1599,
83,40500,S15,0.10402044281363487,2,1473,
83,40500,S16,0.006264209048822522,2,1549,
83,40500,S3,0.02795626036822796,2,1557,
83,40500,S5,0.09695990197360516,2,1580,
83,40500,S6,0.14102043863385916,2,1586,
83,40500,S7,0.05342260003089905,2,1450,
83,40500,S8,0.17901954799890518,2,1331,
83,40500,S9,0.006493458990007639,2,1535,
83,40800,S11,0.16497116908431053,2,1458,
83,40800,S13,0.128972340375185,2,1613,
83,40800,S15,0.19782951846718788,2,1487,
83,40800,S16,0.009653308195993304,2,1565,
83,40800,S3,0.07307308912277222,2,1574,
83,40800,S5,0.020482285413891077,2,1589,
83,40800,S6,0.08376755937933922,2,1597,
83,40800,S7,0.018302548211067915,2,1467,
83,40800,S8,0.1565331593155861,2,1335,
83,40800,S9,0.010619692038744688,2,1551,
83,41100,S11,0.09947969764471054,2,1472,
83,41100,S13,0.0893754381686449,2,1629,
83,41100,S15,0.16251200437545776,2,1504,
83,41100,S16,0.013743313495069742,2,1582,
83,41100,S3,0.12571197375655174,2,1590,
83,41100,S5,0.20006103068590164,2,1591,
83,41100,S6,0.05913291312754154,2,1607,
83,41100,S7,0.013802855275571346,2,1470,
83,41100,S8,0.15672732517123222,2,1338,
83,41100,S9,0.003763016778975725,2,1568,
83,41400,S11,0.244175985455513,2,1487,
83,41400,S13,0.031340062618255615,2,1646,
83,41400,S15,0.04073207639157772,2,1519,
83,41400,S16,0.012825616402551532,2,1599,
83,41400,S3,0.06377855129539967,2,1600,
83,41400,S5,0.41401648987084627,2,1608,
83,41400,S6,0.05915473774075508,2,1613,
83,41400,S7,0.029437999241054058,2,1479,
83,41400,S8,0.13334563188254833,2,1349,
83,41400,S9,0.014014726970344782,2,1585,
83,41700,S11,0.14318187534809113,2,1504,
83,41700,S13,0.06923507899045944,2,1663,
83,41700,S15,0.09142572432756424,2,1523,
83,41700,S16,0.015151943545788527,2,1616,
83,41700,S3,0.026456008199602365,2,1617,
83,41700,S5,0.05332285910844803,2,1612,
83,41700,S6,0.19698622822761536,2,1621,
83,41700,S7,0.017079754266887903,2,1487,
83,41700,S8,0.03682311624288559,2,1353,
83,41700,S9,0.02476497134193778,2,1591,
83,42000,S11,0.5219879597425461,2,1518,
83,42000,S13,0.06096493452787399,2,1675,
83,42000,S15,0.1375562660396099,2,1540,
83,42000,S16,0.006262510782107711,2,1631,
83,42000,S3,0.020989897195249796,2,1632,
83,42000,S5,0.030389262828975916,2,1614,
83,42000,S6,0.05813160724937916,2,1631,
83,42000,S7,0.057887306436896324,2,1498,
83,42000,S8,0.04400045424699783,2,1365,
83,42000,S9,0.015981855569407344,2,1597,
83,42300,S11,0.18971163034439087,2,1520,
83,42300,S13,0.25554104149341583,2,1677,
83,42300,S15,0.08180932700634003,2,1548,
83,42300,S16,0.03129193186759949,2,1648,
83,42300,S3,0.023800028953701258,2,1635,
83,42300,S5,0.04306092066690326,2,1616,
83,42300,S6,0.05652276845648885,2,1646,
83,42300,S7,0.1058400934562087,2,1506,
83,42300,S8,0.035200368613004684,2,1380,
83,42300,S9,0.006097893230617046,2,1606,
83,42600,S11,0.0980338379740715,2,1528,
83,42600,S13,0.047851381823420525,2,1690,
83,42600,S15,0.16207199543714523,2,1559,
83,42600,S16,0.006041389890015125,2,1659,
83,42600,S3,0.02928816992789507,2,1637,
83,42600,S5,0.19826739840209484,2,1624,
83,42600,S6,0.024344690144062042,2,1661,
83,42600,S7,0.015204716008156538,2,1508,
83,42600,S8,0.14349942840635777,2,1387,
83,42600,S9,0.0045513680670410395,2,1608,
83,42900,S11,0.08830496668815613,2,1545,
83,42900,S13,0.0414576381444931,2,1705,
83,42900,S15,0.1501564309000969,2,1575,
83,42900,S16,0.0034478900488466024,2,1668,
83,42900,S3,0.019716158509254456,2,1646,
83,42900,S5,0.029762839898467064,2,1627,
83,42900,S6,0.05851357989013195,2,1678,
83,42900,S7,0.030829702503979206,2,1514,
83,42900,S8,0.12597298063337803,2,1389,
83,42900,S9,0.009375887224450707,2,1610,
83,43200,S11,0.83991564437747,2,1562,
83,43200,S13,0.09805694408714771,2,1713,
83,43200,S15,0.061424532905220985,2,1587,
83,43200,S16,0.00405819364823401,2,1685,
83,43200,S3,0.02644556201994419,2,1663,
83,43200,S5,0.027776552364230156,2,1634,
83,43200,S6,0.18658985942602158,2,1689,
83,43200,S7,0.016705410089343786,2,1531,
83,43200,S8,0.1496143937110901,2,1401,
83,43200,S9,0.008416200987994671,2,1621,
83,43500,S11,0.255874652415514,2,1576,
83,43500,S13,0.038792867213487625,2,1719,
83,43500,S15,0.07710212841629982,2,1604,
83,43500,S16,0.01234596548601985,2,1695,
83,43500,S3,0.009769891621544957,2,1676,
83,43500,S5,0.030159255489706993,2,1637,
83,43500,S6,0.08215039223432541,2,1691,
83,43500,S7,0.021353260148316622,2,1539,
83,43500,S8,0.034144031815230846,2,1416,
83,43500,S9,0.0027912325458601117,2,1638,
83,43800,S11,0.17217213660478592,2,1592,
83,43800,S13,0.02530794683843851,2,1729,
83,43800,S15,0.05737085081636906,2,1618,
83,43800,S16,0.01097315363585949,2,1697,
83,43800,S3,0.014105822890996933,2,1684,
83,43800,S5,0.025101544335484505,2,1653,
83,43800,S6,0.06226422265172005,2,1707,
83,43800,S7,0.014241034863516688,2,1551,
83,43800,S8,0.042745234444737434,2,1433,
83,43800,S9,0.010893222643062472,2,1655,
83,44100,S11,0.1851731538772583,2,1601,
83,44100,S13,0.0408043060451746,2,1735,
83,44100,S15,0.04770058114081621,2,1622,
83,44100,S16,0.003366393968462944,2,1700,
83,44100,S3,0.17608653753995895,2,1686,
83,44100,S5,0.019902211846783757,2,1670,
83,44100,S6,0.04437864571809769,2,1718,
83,44100,S7,0.009619811782613397,2,1560,
83,44100,S8,0.14317011274397373,2,1443,
83,44100,S9,0.018012454733252525,2,1671,
83,44400,S11,0.06997844763100147,2,1605,
83,44400,S13,0.033770217560231686,2,1750,
83,44400,S15,0.08274387940764427,2,1624,
83,44400,S16,0.006781404139474034,2,1710,
83,44400,S3,0.434677641838789,2,1699,
83,44400,S5,0.07930095493793488,2,1672,
83,44400,S6,0.05662900861352682,2,1727,
83,44400,S7,0.027904422022402287,2,1573,
83,44400,S8,0.13670212216675282,2,1459,
83,44400,S9,0.012780212797224522,2,1684,
83,44700,S11,0.49547654390335083,2,1614,
83,44700,S13,0.09609972406178713,2,1760,
83,44700,S15,0.10474402830004692,2,1636,
83,44700,S16,0.011590595822781324,2,1722,
83,44700,S3,0.07020347006618977,2,1711,
83,44700,S5,0.023516688495874405,2,1679,
83,44700,S6,0.058284783735871315,2,1729,
83,44700,S7,0.01946174376644194,2,1586,
83,44700,S8,0.029467422515153885,2,1470,
83,44700,S9,0.013202091213315725,2,1689,
83,45000,S11,0.06665726192295551,2,1624,
83,45000,S13,0.16147265769541264,2,1767,
83,45000,S15,0.07167068682610989,2,1653,
83,45000,S16,0.014020282309502363,2,1729,
83,45000,S3,0.05026739649474621,2,1716,
83,45000,S5,0.06939746998250484,2,1685,
83,45000,S6,0.02370253438130021,2,1731,
83,45000,S7,0.06732786726206541,2,1596,
83,45000,S8,0.15211895108222961,2,1482,
83,45000,S9,0.016290706815198064,2,1698,
83,45300,S11,0.797575369477272,2,1626,
83,45300,S13,0.08603924512863159,2,1772,
83,45300,S15,0.04677617363631725,2,1670,
83,45300,S16,0.009226327762007713,2,1736,
83,45300,S3,0.06867538299411535,2,1733,
83,45300,S5,0.027190708089619875,2,1702,
83,45300,S6,0.052158163860440254,2,1741,
83,45300,S7,0.012544908095151186,2,1598,
83,45300,S8,0.054490480571985245,2,1499,
83,45300,S9,0.003969407669501379,2,1703,
83,45600,S11,0.19725638628005981,2,1628,
83,45600,S13,0.1563318781554699,2,1781,
83,45600,S15,0.04551495146006346,2,1687,
83,45600,S16,0.002689969027414918,2,1753,
83,45600,S3,0.14544984325766563,2,1746,
83,45600,S5,0.01455768570303917,2,1719,
83,45600,S6,0.014281023759394884,2,1757,
83,45600,S7,0.01981275249272585,2,1613,
83,45600,S8,0.14614124223589897,2,1516,
83,45600,S9,0.05774687137454748,2,1719,
83,45900,S11,0.5419836938381195,2,1630,
83,45900,S13,0.03993767686188221,2,1798,
83,45900,S15,0.06258722580969334,2,1701,
83,45900,S16,0.0069749560207128525,2,1760,
83,45900,S3,0.02480511274188757,2,1748,
83,45900,S5,0.5500143766403198,2,1736,
83,45900,S6,0.030830489471554756,2,1774,
83,45900,S7,0.02437299909070134,2,1617,
83,45900,S8,0.02679636888206005,2,1533,
83,45900,S9,0.0206355731934309,2,1736,
83,46200,S11,0.6506163710728288,2,1632,
83,46200,S13,0.050222307443618774,2,1806,
83,46200,S15,0.07047436013817787,2,1713,
83,46200,S16,0.009274889715015888,2,1766,
83,46200,S3,0.02625216217711568,2,1755,
83,46200,S5,0.04052318446338177,2,1753,
83,46200,S6,0.11591091752052307,2,1781,
83,46200,S7,0.01603891048580408,2,1619,
83,46200,S8,0.1351183634251356,2,1541,
83,46200,S9,0.00809232029132545,2,1749,
83,46500,S11,0.0601016990840435,2,1634,
83,46500,S13,0.0390850193798542,2,1814,
83,46500,S15,0.08425283804535866,2,1719,
83,46500,S16,0.011740127112716436,2,1771,
83,46500,S3,0.022653271444141865,2,1772,
83,46500,S5,0.04109285119920969,2,1761,
83,46500,S6,0.027804838959127665,2,1795,
83,46500,S7,0.016450267285108566,2,1628,
83,46500,S8,0.036065369844436646,2,1546,
83,46500,S9,0.006751022534444928,2,1766,
83,46800,S11,0.11928296275436878,2,1641,
83,46800,S13,0.03774768114089966,2,1822,
83,46800,S15,0.07196824438869953,2,1726,
83,46800,S16,0.00546336779370904,2,1787,
83,46800,S3,0.03634933661669493,2,1789,
83,46800,S5,0.022658266127109528,2,1774,
83,46800,S6,0.16169949807226658,2,1812,
83,46800,S7,0.010035519488155842,2,1638,
83,46800,S8,0.13485613465309143,2,1555,
83,46800,S9,0.006461182318162173,2,1783,
83,47100,S11,0.1540921851992607,2,1658,
83,47100,S13,0.09138459153473377,2,1830,
83,47100,S15,0.07916773110628128,2,1735,
83,47100,S16,0.00843030121177435,2,1804,
83,47100,S3,0.039501432329416275,2,1798,
83,47100,S5,0.0162357147783041,2,1791,
83,47100,S6,0.15029088221490383,2,1822,
83,47100,S7,0.008554482366889715,2,1655,
83,47100,S8,0.14020448178052902,2,1559,
83,47100,S9,0.046739895828068256,2,1793,
83,47400,S11,1.72307950258255,2,1667,
83,47400,S13,0.13587802648544312,2,1847,
83,47400,S15,0.07068675011396408,2,1751,
83,47400,S16,0.022650897852145135,2,1821,
83,47400,S3,0.009883650112897158,2,1812,
83,47400,S5,0.07214020006358624,2,1808,
83,47400,S6,0.03581172972917557,2,1835,
83,47400,S7,0.018060405738651752,2,1663,
83,47400,S8,0.13152029737830162,2,1567,
83,47400,S9,0.003351499908603728,2,1795,
83,47700,S11,0.9698441177606583,2,1671,
83,47700,S13,0.05199444852769375,2,1857,
83,47700,S15,0.0717139639891684,2,1757,
83,47700,S16,0.003781461389735341,2,1835,
83,47700,S3,0.010484509402886033,2,1821,
83,47700,S5,0.08950140327215195,2,1813,
83,47700,S6,0.10661609470844269,2,1837,
83,47700,S7,0.013036980293691158,2,1666,
83,47700,S8,0.26779262721538544,2,1571,
83,47700,S9,0.02588704414665699,2,1797,
83,48000,S11,0.05636217538267374,2,1679,
83,48000,S13,0.05090673267841339,2,1874,
83,48000,S15,0.059491975232958794,2,1774,
83,48000,S16,0.019552516285330057,2,1843,
83,48000,S3,0.02815187443047762,2,1838,
83,48000,S5,0.029231922701001167,2,1822,
83,48000,S6,0.10928905569016933,2,1839,
83,48000,S7,0.011336487019434571,2,1676,
83,48000,S8,0.1634501814842224,2,1587,
83,48000,S9,0.0036944346502423286,2,1803,
83,48300,S11,0.060676105320453644,2,1696,
83,48300,S13,0.061407849192619324,2,1891,
83,48300,S15,0.07305404171347618,2,1791,
83,48300,S16,0.01269356207922101,2,1859,
83,48300,S3,0.010882081463932991,2,1855,
83,48300,S5,0.01795471739023924,2,1839,
83,48300,S6,0.059603240340948105,2,1841,
83,48300,S7,0.006987014086917043,2,1692,
83,48300,S8,0.044558992609381676,2,1603,
83,48300,S9,0.012784081511199474,2,1816,
83,48600,S11,0.11041196808218956,2,1711,
83,48600,S13,0.05220746248960495,2,1908,
83,48600,S15,0.041027357801795006,2,1808,
83,48600,S16,0.00404543976765126,2,1866,
83,48600,S3,0.025785652920603752,2,1866,
83,48600,S5,0.01484905555844307,2,1856,
83,48600,S6,0.021090636029839516,2,1858,
83,48600,S7,0.07813886925578117,2,1707,
83,48600,S8,0.03177761472761631,2,1613,
83,48600,S9,0.008216624555643648,2,1831,
83,48900,S11,0.05335189774632454,2,1719,
83,48900,S13,0.02661260962486267,2,1919,
83,48900,S15,0.06290401332080364,2,1813,
83,48900,S16,0.008253741078078747,2,1877,
83,48900,S3,0.012600404676049948,2,1875,
83,48900,S5,0.029162514954805374,2,1873,
83,48900,S6,0.038927793968468904,2,1871,
83,48900,S7,0.007746617775410414,2,1715,
83,48900,S8,0.13030728977173567,2,1630,
83,48900,S9,0.016865573823451996,2,1833,
83,49200,S11,0.10609607398509979,2,1736,
83,49200,S13,0.03060430847108364,2,1933,
83,49200,S15,0.029580796137452126,2,1827,
83,49200,S16,0.08193579688668251,2,1886,
83,49200,S3,0.035062531009316444,2,1891,
83,49200,S5,0.02795175462961197,2,1890,
83,49200,S6,0.11106572300195694,2,1882,
83,49200,S7,0.03168462822213769,2,1729,
83,49200,S8,0.1296344492584467,2,1647,
83,49200,S9,0.044955065473914146,2,1835,
83,49500,S11,0.050323822535574436,2,1753,
83,49500,S13,0.03293990716338158,2,1941,
83,49500,S15,0.05793393589556217,2,1844,
83,49500,S16,0.002935689641162753,2,1902,
83,49500,S3,0.0322310090996325,2,1896,
83,49500,S5,0.012848554644733667,2,1907,
83,49500,S6,0.0739695061929524,2,1892,
83,49500,S7,0.1300423420034349,2,1743,
83,49500,S8,0.03307660296559334,2,1664,
83,49500,S9,0.01133064751047641,2,1846,
83,49800,S11,0.08356276154518127,2,1768,
83,49800,S13,0.0480396393686533,2,1951,
83,49800,S15,0.05886480771005154,2,1854,
83,49800,S16,0.006033454556018114,2,1908,
83,49800,S3,0.008918339153751731,2,1913,
83,49800,S5,0.03466757759451866,2,1924,
83,49800,S6,0.12610479816794395,2,1896,
83,49800,S7,0.06309531070291996,2,1760,
83,49800,S8,0.13145960494875908,2,1681,
83,49800,S9,0.0075845676474273205,2,1863,
83,50100,S11,0.06861234456300735,2,1773,
83,50100,S13,0.043708739802241325,2,1968,
83,50100,S15,0.042769450694322586,2,1864,
83,50100,S16,0.007130401208996773,2,1925,
83,50100,S3,0.010103041306138039,2,1929,
83,50100,S5,0.04629046656191349,2,1941,
83,50100,S6,0.06766362860798836,2,1911,
83,50100,S7,0.014071085955947638,2,1775,
83,50100,S8,0.026847239583730698,2,1698,
83,50100,S9,0.0021250194986350834,2,1876,
83,50400,S11,0.06749046221375465,2,1790,
83,50400,S13,0.03730306914076209,2,1985,
83,50400,S15,0.05981643870472908,2,1880,
83,50400,S16,0.010023770271800458,2,1933,
83,50400,S3,0.026198855601251125,2,1946,
83,50400,S5,0.01746967062354088,2,1950,
83,50400,S6,0.03576321480795741,2,1927,
83,50400,S7,0.02666709804907441,2,1782,
83,50400,S8,0.025646546855568886,2,1715,
83,50400,S9,0.03429129905998707,2,1887,
83,50700,S11,0.8355305176228285,2,1798,
83,50700,S13,0.02595412265509367,2,2002,
83,50700,S15,0.037785327062010765,2,1892,
83,50700,S16,0.00414450909011066,2,1949,
83,50700,S3,0.042684655636548996,2,1958,
83,50700,S5,0.010644074529409409,2,1957,
83,50700,S6,0.07049315795302391,2,1943,
83,50700,S7,0.009081174852326512,2,1788,
83,50700,S8,0.14846918731927872,2,1724,
83,50700,S9,0.0034208778524771333,2,1895,
83,51000,S11,0.1178911104798317,2,1801,
83,51000,S13,0.02752066869288683,2,2019,
83,51000,S15,0.10623269528150558,2,1901,
83,51000,S16,0.008852089522406459,2,1966,
83,51000,S3,0.017794009298086166,2,1968,
83,51000,S5,0.011039298493415117,2,1961,
83,51000,S6,0.07401659712195396,2,1960,
83,51000,S7,0.07524667144753039,2,1801,
83,51000,S8,0.13743602950125933,2,1741,
83,51000,S9,0.005367097386624664,2,1909,
83,51300,S11,0.11175903119146824,2,1812,
83,51300,S13,0.036575816571712494,2,2036,
83,51300,S15,0.06919142045080662,2,1912,
83,51300,S16,0.0069270627573132515,2,1983,
83,51300,S3,0.014957694103941321,2,1979,
83,51300,S5,0.011878365650773048,2,1970,
83,51300,S6,0.06899893144145608,2,1977,
83,51300,S7,0.2005037683993578,2,1818,
83,51300,S8,0.03227015398442745,2,1758,
83,51300,S9,0.005412294063717127,2,1920,
83,51600,S11,0.07601488754153252,2,1828,
83,51600,S13,0.03898485517129302,2,2047,
83,51600,S15,0.0733105493709445,2,1919,
83,51600,S16,0.013065875507891178,2,1995,
83,51600,S3,0.032441273564472795,2,1989,
83,51600,S5,0.014941902365535498,2,1972,
83,51600,S6,0.007150845602154732,2,1994,
83,51600,S7,0.018238876946270466,2,1835,
83,51600,S8,0.04230838268995285,2,1775,
83,51600,S9,0.007770174415782094,2,1936,
83,51900,S11,0.058453152887523174,2,1833,
83,51900,S13,0.03409882262349129,2,2049,
83,51900,S15,0.0657429900020361,2,1921,
83,51900,S16,0.010005053598433733,2,2000,
83,51900,S3,0.009776278398931026,2,1995,
83,51900,S5,0.02050721854902804,2,1985,
83,51900,S6,0.1544141937047243,2,2007,
83,51900,S7,0.010491413879208267,2,1851,
83,51900,S8,0.03629655763506889,2,1786,
83,51900,S9,0.001803260762244463,2,1950,
83,52200,S11,0.4954746216535568,2,1847,
83,52200,S13,0.20924224704504013,2,2062,
83,52200,S15,0.04817631654441357,2,1933,
83,52200,S16,0.029055113438516855,2,2013,
83,52200,S3,0.03580107819288969,2,2006,
83,52200,S5,0.024321593809872866,2,1987,
83,52200,S6,0.049279688857495785,2,2021,
83,52200,S7,0.08008761145174503,2,1863,
83,52200,S8,0.236727274954319,2,1796,
83,52200,S9,0.007227283320389688,2,1958,
83,52500,S11,0.09978161007165909,2,1860,
83,52500,S13,0.22582245152443647,2,2077,
83,52500,S15,0.05641929805278778,2,1950,
83,52500,S16,0.00324551563244313,2,2020,
83,52500,S3,0.022689538076519966,2,2023,
83,52500,S5,0.3105964967980981,2,1996,
83,52500,S6,0.09436904266476631,2,2023,
83,52500,S7,0.08298924472182989,2,1880,
83,52500,S8,0.12244813703000546,2,1800,
83,52500,S9,0.002034184813965112,2,1971,
83,52800,S11,0.08604609966278076,2,1873,
83,52800,S13,0.03404154255986214,2,2090,
83,52800,S15,0.0360486451536417,2,1967,
83,52800,S16,0.007938360213302076,2,2032,
83,52800,S3,0.031213080510497093,2,2040,
83,52800,S5,0.029860480688512325,2,2009,
83,52800,S6,0.06534579303115606,2,2034,
83,52800,S7,0.02933975774794817,2,1897,
83,52800,S8,0.13118506595492363,2,1817,
83,52800,S9,0.017726464197039604,2,1988,
83,53100,S11,0.5558158233761787,2,1890,
83,53100,S13,0.07418909296393394,2,2101,
83,53100,S15,0.03263933211565018,2,1984,
83,53100,S16,0.013322820886969566,2,2043,
83,53100,S3,0.007108061807230115,2,2055,
83,53100,S5,0.009022731566801667,2,2026,
83,53100,S6,0.1278131827712059,2,2051,
83,53100,S7,0.009903489612042904,2,1910,
83,53100,S8,0.1258467175066471,2,1830,
83,53100,S9,0.030699124559760094,2,1991,
83,53400,S11,3.395881175994873,2,1907,
83,53400,S13,0.04674350842833519,2,2118,
83,53400,S15,0.0309668006375432,2,2001,
83,53400,S16,0.01266248058527708,2,2057,
83,53400,S3,0.04203603742644191,2,2062,
83,53400,S5,0.006965799955651164,2,2043,
83,53400,S6,0.0763883562758565,2,2068,
83,53400,S7,0.016559206880629063,2,1921,
83,53400,S8,0.16269640438258648,2,1839,
83,53400,S9,0.008301167748868465,2,2007,
83,53700,S11,0.10569636151194572,2,1924,
83,53700,S13,0.03763257944956422,2,2135,
83,53700,S15,0.06223137676715851,2,2018,
83,53700,S16,0.0043198284693062305,2,2073,
83,53700,S3,0.010127890389412642,2,2079,
83,53700,S5,0.05315961316227913,2,2060,
83,53700,S6,0.022169907577335835,2,2083,
83,53700,S7,0.006472030421718955,2,1935,
83,53700,S8,0.12020564451813698,2,1846,
83,53700,S9,0.006820076261647046,2,2021,
83,54000,S11,0.28839045763015747,2,1939,
83,54000,S13,0.12270918115973473,2,2152,
83,54000,S15,0.04518850054591894,2,2035,
83,54000,S16,0.002396338153630495,2,2090,
83,54000,S3,0.015709000173956156,2,2096,
83,54000,S5,0.019225094467401505,2,2077,
83,54000,S6,0.021390517242252827,2,2092,
83,54000,S7,0.007980816531926394,2,1946,
83,54000,S8,0.10819857008755207,2,1857,
83,54000,S9,0.003356213914230466,2,2023,
83,54300,S11,0.292710617184639,2,1955,
83,54300,S13,0.036492271814495325,2,2169,
83,54300,S15,0.03285595029592514,2,2042,
83,54300,S16,0.004163247183896601,2,2105,
83,54300,S3,0.023001397028565407,2,2113,
83,54300,S5,0.10576871735975146,2,2088,
83,54300,S6,0.1333926059305668,2,2109,
83,54300,S7,0.06068318709731102,2,1959,
83,54300,S8,0.13109972700476646,2,1862,
83,54300,S9,0.003999027889221907,2,2026,
83,54600,S11,0.33937133848667145,2,1970,
83,54600,S13,0.03710344620049,2,2182,
83,54600,S15,0.05256015341728926,2,2048,
83,54600,S16,0.003514571231789887,2,2110,
83,54600,S3,0.022857042029500008,2,2129,
83,54600,S5,0.01474756165407598,2,2090,
83,54600,S6,0.06564624980092049,2,2123,
83,54600,S7,0.015569679206237197,2,1964,
83,54600,S8,0.029767198488116264,2,1876,
83,54600,S9,0.05462361319223419,2,2040,
83,54900,S11,0.1272600619122386,2,1977,
83,54900,S13,0.05014257784932852,2,2184,
83,54900,S15,0.03873715363442898,2,2053,
83,54900,S16,0.005649029277265072,2,2116,
83,54900,S3,0.0073376529035158455,2,2131,
83,54900,S5,0.007211234420537949,2,2094,
83,54900,S6,0.05886384844779968,2,2125,
83,54900,S7,0.007612910587340593,2,1969,
83,54900,S8,0.15146015025675297,2,1878,
83,54900,S9,0.02853957749903202,2,2042,
83,55200,S11,0.9762703999876976,2,1994,
83,55200,S13,0.017578382045030594,2,2198,
83,55200,S15,0.035136766731739044,2,2070,
83,55200,S16,0.002949504414573312,2,2121,
83,55200,S3,0.008815466426312923,2,2146,
83,55200,S5,0.008506823796778917,2,2111,
83,55200,S6,0.07917622663080692,2,2132,
83,55200,S7,0.02497709821909666,2,1982,
83,55200,S8,0.03702556528151035,2,1886,
83,55200,S9,0.028092700988054276,2,2053,
83,55500,S11,0.7615696638822556,2,1996,
83,55500,S13,0.1057957336306572,2,2214,
83,55500,S15,0.030899569392204285,2,2072,
83,55500,S16,0.0025132312439382076,2,2135,
83,55500,S3,0.014654697850346565,2,2150,
83,55500,S5,0.011473181657493114,2,2127,
83,55500,S6,0.046489693224430084,2,2146,
83,55500,S7,0.07585974712856114,2,1984,
83,55500,S8,0.03022330440580845,2,1891,
83,55500,S9,0.003784471657127142,2,2057,
83,55800,S11,0.7726515214890242,2,2007,
83,55800,S13,0.03424329776316881,2,2231,
83,55800,S15,0.05899863503873348,2,2074,
83,55800,S16,0.0047627195017412305,2,2148,
83,55800,S3,0.026027950458228588,2,2156,
83,55800,S5,0.009474257938563824,2,2144,
83,55800,S6,0.022655930370092392,2,2153,
83,55800,S7,0.0048744091764092445,2,1994,
83,55800,S8,0.13381264824420214,2,1903,
83,55800,S9,0.003213045187294483,2,2060,
83,56100,S11,1.6166145093739033,2,2014,
83,56100,S13,0.13647851534187794,2,2248,
83,56100,S15,0.05971548706293106,2,2084,
83,56100,S16,0.031885331496596336,2,2161,
83,56100,S3,0.006315801525488496,2,2168,
83,56100,S5,0.00867182295769453,2,2161,
83,56100,S6,0.03892907942645252,2,2159,
83,56100,S7,0.06437691301107407,2,2007,
83,56100,S8,0.16709714382886887,2,1920,
83,56100,S9,0.005402376176789403,2,2072,
83,56400,S11,0.16295799612998962,2,2029,
83,56400,S13,0.04895060509443283,2,2259,
83,56400,S15,0.017658989410847425,2,2101,
83,56400,S16,0.006135494913905859,2,2163,
83,56400,S3,0.02732171816751361,2,2174,
83,56400,S5,0.040979279670864344,2,2178,
83,56400,S6,0.019577942322939634,2,2162,
83,56400,S7,0.0117683419957757,2,2017,
83,56400,S8,0.1303736325353384,2,1937,
83,56400,S9,0.02179429493844509,2,2089,
83,56700,S11,0.14299598336219788,2,2041,
83,56700,S13,0.029479321092367172,2,2264,
83,56700,S15,0.04483177326619625,2,2118,
83,56700,S16,0.0351276159635745,2,2170,
83,56700,S3,0.016387394163757563,2,2189,
83,56700,S5,0.020449702627956867,2,2188,
83,56700,S6,0.010505726793780923,2,2167,
83,56700,S7,0.006056755548343062,2,2028,
83,56700,S8,0.1348449382930994,2,1951,
83,56700,S9,0.009183584246784449,2,2106,
83,57000,S11,0.28926784731447697,2,2058,
83,57000,S13,0.3929651528596878,2,2266,
83,57000,S15,0.09098551608622074,2,2135,
83,57000,S16,0.002686450257897377,2,2187,
83,57000,S3,0.00758515577763319,2,2195,
83,57000,S5,0.014997523743659258,2,2190,
83,57000,S6,0.1553260162472725,2,2182,
83,57000,S7,0.007613025605678558,2,2045,
83,57000,S8,0.028033982031047344,2,1961,
83,57000,S9,0.008812458254396915,2,2123,
83,57300,S11,0.2190348356962204,2,2067,
83,57300,S13,0.04134907340630889,2,2268,
83,57300,S15,0.07438084483146667,2,2147,
83,57300,S16,0.010713315568864346,2,2196,
83,57300,S3,0.008994567207992077,2,2203,
83,57300,S5,0.015867013949900866,2,2195,
83,57300,S6,0.09628541767597198,2,2193,
83,57300,S7,0.023130545392632484,2,2057,
83,57300,S8,0.11516827903687954,2,1968,
83,57300,S9,0.0025499776529613882,2,2137,
83,57600,S11,0.9042245745658875,2,2070,
83,57600,S13,0.04650358762592077,2,2275,
83,57600,S15,0.11604326218366623,2,2164,
83,57600,S16,0.006484993267804384,2,2204,
83,57600,S3,0.049775177612900734,2,2212,
83,57600,S5,0.008360346546396613,2,2211,
83,57600,S6,0.01975070172920823,2,2203,
83,57600,S7,0.01037159445695579,2,2074,
83,57600,S8,0.02539188601076603,2,1971,
83,57600,S9,0.010420956648886204,2,2154,
83,57900,S11,1.3281633853912354,2,2087,
83,57900,S13,0.035977874882519245,2,2286,
83,57900,S15,0.03241031337529421,2,2179,
83,57900,S16,0.012389884795993567,2,2221,
83,57900,S3,0.0192146897315979,2,2220,
83,57900,S5,0.042239212431013584,2,2224,
83,57900,S6,0.05372659396380186,2,2219,
83,57900,S7,0.009222750784829259,2,2086,
83,57900,S8,0.05317485146224499,2,1983,
83,57900,S9,0.02503345301374793,2,2171,
83,58200,S11,0.18879469484090805,2,2100,
83,58200,S13,0.13979385048151016,2,2302,
83,58200,S15,0.019168944098055363,2,2196,
83,58200,S16,0.030262020649388433,2,2238,
83,58200,S3,0.02329498203471303,2,2233,
83,58200,S5,0.035333807580173016,2,2240,
83,58200,S6,0.04521977435797453,2,2230,
83,58200,S7,0.008451527915894985,2,2103,
83,58200,S8,0.12466825358569622,2,1998,
83,58200,S9,0.0037289165193215013,2,2181,
83,58500,S11,0.1118556410074234,2,2112,
83,58500,S13,0.0276826536282897,2,2319,
83,58500,S15,0.05277453549206257,2,2213,
83,58500,S16,0.004099770099855959,2,2246,
83,58500,S3,0.038889753399416804,2,2248,
83,58500,S5,0.008181652519851923,2,2250,
83,58500,S6,0.12709526345133781,2,2232,
83,58500,S7,0.011727909091860056,2,2120,
83,58500,S8,0.1134965717792511,2,2004,
83,58500,S9,0.003909440361894667,2,2193,
83,58800,S11,0.11517851799726486,2,2121,
83,58800,S13,0.05367312207818031,2,2334,
83,58800,S15,0.03925386816263199,2,2230,
83,58800,S16,0.005600943812169135,2,2248,
83,58800,S3,0.03663255088031292,2,2264,
83,58800,S5,0.026260346174240112,2,2267,
83,58800,S6,0.03595996368676424,2,2240,
83,58800,S7,0.009694325854070485,2,2137,
83,58800,S8,0.1986142098903656,2,2007,
83,58800,S9,0.0038281369488686323,2,2201,
83,59100,S11,0.9147116467356682,2,2134,
83,59100,S13,0.013466747011989355,2,2340,
83,59100,S15,0.050343237817287445,2,2247,
83,59100,S16,0.002957476768642664,2,2250,
83,59100,S3,0.007291085086762905,2,2268,
83,59100,S5,0.11414240300655365,2,2284,
83,59100,S6,0.20330408215522766,2,2249,
83,59100,S7,0.07033064775168896,2,2154,
83,59100,S8,0.03667191416025162,2,2024,
83,59100,S9,0.010645509348250926,2,2218,
83,59400,S11,0.13112324103713036,2,2144,
83,59400,S13,0.028138731140643358,2,2350,
83,59400,S15,0.06233835918828845,2,2260,
83,59400,S16,0.004869767231866717,2,2252,
83,59400,S3,0.012260566931217909,2,2285,
83,59400,S5,0.025898495689034462,2,2294,
83,59400,S6,0.11255646869540215,2,2259,
83,59400,S7,0.04131071176379919,2,2171,
83,59400,S8,0.13208505138754845,2,2039,
83,59400,S9,0.00331406865734607,2,2235,
83,59700,S11,0.14052006974816322,2,2148,
83,59700,S13,0.03683917876332998,2,2360,
83,59700,S15,0.15057695005089045,2,2262,
83,59700,S16,0.00310766720212996,2,2255,
83,59700,S3,0.24369493126869202,2,2302,
83,59700,S5,0.09344321675598621,2,2310,
83,59700,S6,0.16910930164158344,2,2276,
83,59700,S7,0.04195284703746438,2,2183,
83,59700,S8,0.13133193738758564,2,2056,
83,59700,S9,0.027800724317785352,2,2252,
83,60000,S11,0.12180963158607483,2,2157,
83,60000,S13,0.08239015936851501,2,2363,
83,60000,S15,0.042786031030118465,2,2264,
83,60000,S16,0.0022664329735562205,2,2257,
83,60000,S3,0.04434947436675429,2,2318,
83,60000,S5,0.18930167704820633,2,2325,
83,60000,S6,0.12428941391408443,2,2293,
83,60000,S7,0.024673483101651073,2,2189,
83,60000,S8,0.027015668340027332,2,2069,
83,60000,S9,0.01616129488684237,2,2254,
83,60300,S11,0.0988347940146923,2,2162,
83,60300,S13,0.0275086322799325,2,2374,
83,60300,S15,0.029192435555160046,2,2266,
83,60300,S16,0.031101625645533204,2,2259,
83,60300,S3,0.008391208946704865,2,2327,
83,60300,S5,0.025969640351831913,2,2342,
83,60300,S6,0.08526955731213093,2,2300,
83,60300,S7,0.030342990066856146,2,2206,
83,60300,S8,0.030810543335974216,2,2076,
83,60300,S9,0.008420322788879275,2,2260,
83,60600,S11,0.07242532819509506,2,2164,
83,60600,S13,0.03658332210034132,2,2391,
83,60600,S15,0.02308517973870039,2,2269,
83,60600,S16,0.0349278433714062,2,2261,
83,60600,S3,0.019610191695392132,2,2338,
83,60600,S5,0.030112169682979584,2,2349,
83,60600,S6,0.17745080590248108,2,2317,
83,60600,S7,0.016340808011591434,2,2223,
83,60600,S8,0.12573112547397614,2,2087,
83,60600,S9,0.015532474499195814,2,2277,
83,60900,S11,0.10883034020662308,2,2175,
83,60900,S13,0.010299594607204199,2,2408,
83,60900,S15,0.020202559418976307,2,2277,
83,60900,S16,0.0027633103891275823,2,2273,
83,60900,S3,0.0953864585608244,2,2352,
83,60900,S5,0.01996151451021433,2,2365,
83,60900,S6,0.03207898512482643,2,2334,
83,60900,S7,0.00577155570499599,2,2240,
83,60900,S8,0.12907813675701618,2,2101,
83,60900,S9,0.018457462545484304,2,2288,
83,61200,S11,0.08827227726578712,2,2188,
83,61200,S13,0.07294487953186035,2,2425,
83,61200,S15,0.015285627217963338,2,2290,
83,61200,S16,0.004230098216794431,2,2275,
83,61200,S3,0.009816690813750029,2,2368,
83,61200,S5,0.15783623419702053,2,2382,
83,61200,S6,0.01673758402466774,2,2351,
83,61200,S7,0.013657849980518222,2,2257,
83,61200,S8,0.019835403189063072,2,2116,
83,61200,S9,0.005579380784183741,2,2304,
83,61500,S11,0.06145554967224598,2,2197,
83,61500,S13,0.013578561134636402,2,2437,
83,61500,S15,0.030233707278966904,2,2307,
83,61500,S16,0.017384114442393184,2,2278,
83,61500,S3,0.009886268526315689,2,2374,
83,61500,S5,0.06304783560335636,2,2399,
83,61500,S6,0.023107918445020914,2,2362,
83,61500,S7,0.004860434797592461,2,2265,
83,61500,S8,0.025432433001697063,2,2122,
83,61500,S9,0.005381296621635556,2,2319,
83,61800,S11,0.22403221391141415,2,2214,
83,61800,S13,0.016574900597333908,2,2442,
83,61800,S15,0.017576937098056078,2,2315,
83,61800,S16,0.0027538463473320007,2,2289,
83,61800,S3,0.012843645177781582,2,2388,
83,61800,S5,0.04986403975635767,2,2414,
83,61800,S6,0.03345720283687115,2,2377,
83,61800,S7,0.0052665648981928825,2,2282,
83,61800,S8,0.11495184153318405,2,2130,
83,61800,S9,0.011551247909665108,2,2336,
83,62100,S11,0.12173997424542904,2,2225,
83,62100,S13,0.010549281258136034,2,2444,
83,62100,S15,0.026882493868470192,2,2317,
83,62100,S16,0.016501131933182478,2,2292,
83,62100,S3,0.05838875100016594,2,2400,
83,62100,S5,0.013890879694372416,2,2419,
83,62100,S6,0.019014042802155018,2,2379,
83,62100,S7,0.012269266415387392,2,2289,
83,62100,S8,0.11479985900223255,2,2143,
83,62100,S9,0.0015940153389237821,2,2349,
83,62400,S11,0.598629966378212,2,2227,
83,62400,S13,0.0143619398586452,2,2455,
83,62400,S15,0.032883492298424244,2,2327,
83,62400,S16,0.002319196006283164,2,2302,
83,62400,S3,0.03362825233489275,2,2404,
83,62400,S5,0.00934592867270112,2,2423,
83,62400,S6,0.03663040604442358,2,2388,
83,62400,S7,0.007968873658683151,2,2298,
83,62400,S8,0.11845519300550222,2,2149,
83,62400,S9,0.006555972679052502,2,2357,
83,62700,S11,0.15734554827213287,2,2240,
83,62700,S13,0.013302856124937534,2,2470,
83,62700,S15,0.021190041676163673,2,2336,
83,62700,S16,0.005204982124269009,2,2319,
83,62700,S3,0.05416227877140045,2,2419,
83,62700,S5,0.01578207639977336,2,2440,
83,62700,S6,0.042385878041386604,2,2396,
83,62700,S7,0.056321494514122605,2,2310,
83,62700,S8,0.028264109045267105,2,2151,
83,62700,S9,0.0014648744836449623,2,2363,
83,63000,S11,0.1495751179754734,2,2246,
83,63000,S13,0.025362849235534668,2,2476,
83,63000,S15,0.025303886272013187,2,2348,
83,63000,S16,0.0031079320469871163,2,2324,
83,63000,S3,0.005962459137663245,2,2424,
83,63000,S5,0.011781154200434685,2,2452,
83,63000,S6,0.06581896543502808,2,2413,
83,63000,S7,0.0041904650861397386,2,2327,
83,63000,S8,0.023808364756405354,2,2158,
83,63000,S9,0.013900693971663713,2,2366,
83,63300,S11,0.0731628779321909,2,2249,
83,63300,S13,0.03140394762158394,2,2492,
83,63300,S15,0.013243408873677254,2,2365,
83,63300,S16,0.0031527577666565776,2,2335,
83,63300,S3,0.009529793169349432,2,2433,
83,63300,S5,0.008618947118520737,2,2465,
83,63300,S6,0.035071165300905704,2,2427,
83,63300,S7,0.017511951737105846,2,2342,
83,63300,S8,0.03639738820493221,2,2169,
83,63300,S9,0.004119955934584141,2,2368,
83,63600,S11,0.052671441808342934,2,2262,
83,63600,S13,0.01649523014202714,2,2494,
83,63600,S15,0.0162669625133276,2,2378,
83,63600,S16,0.0019664731225930154,2,2344,
83,63600,S3,0.005260463571175933,2,2441,
83,63600,S5,0.02437678538262844,2,2467,
83,63600,S6,0.03449897398240864,2,2444,
83,63600,S7,0.02175421896390617,2,2349,
83,63600,S8,0.11041450500488281,2,2186,
83,63600,S9,0.0024041766300797462,2,2381,
83,63900,S11,0.02030078531242907,2,2270,
83,63900,S13,0.017423654906451702,2,2511,
83,63900,S15,0.022833475843071938,2,2388,
83,63900,S16,0.004758356371894479,2,2349,
83,63900,S3,0.005829189205542207,2,2451,
83,63900,S5,0.06428996473550797,2,2484,
83,63900,S6,0.2541142301633954,2,2461,
83,63900,S7,0.005154515383765101,2,2366,
83,63900,S8,0.026187807321548462,2,2203,
83,63900,S9,0.0027295674080960453,2,2397,
83,64200,S11,0.064362283796072,2,2276,
83,64200,S13,0.012653454672545195,2,2518,
83,64200,S15,0.02948151994496584,2,2405,
83,64200,S16,0.01067784137558192,2,2364,
83,64200,S3,0.007716703461483121,2,2468,
83,64200,S5,0.014515004120767117,2,2493,
83,64200,S6,0.3092911094427109,2,2471,
83,64200,S7,0.0072620881255716085,2,2383,
83,64200,S8,0.02256249077618122,2,2218,
83,64200,S9,0.01964041986502707,2,2414,
83,64500,S11,0.05102350935339928,2,2293,
83,64500,S13,0.01228780671954155,2,2531,
83,64500,S15,0.06533150002360344,2,2422,
83,64500,S16,0.002167086931876838,2,2374,
83,64500,S3,0.010155838448554277,2,2485,
83,64500,S5,0.015341757331043482,2,2510,
83,64500,S6,0.021875316509976983,2,2488,
83,64500,S7,0.009728747420012951,2,2397,
83,64500,S8,0.03466842882335186,2,2233,
83,64500,S9,0.01947807241231203,2,2431,
83,64800,S11,0.16559407114982605,2,2309,
83,64800,S13,0.06735657155513763,2,2542,
83,64800,S15,0.022354036569595337,2,2432,
83,64800,S16,0.0063004756812006235,2,2391,
83,64800,S3,0.01141289935912937,2,2488,
83,64800,S5,0.020613191067241132,2,2520,
83,64800,S6,0.0337701179087162,2,2498,
83,64800,S7,0.0043670490849763155,2,2401,
83,64800,S8,0.12696688435971737,2,2250,
83,64800,S9,0.002359947422519326,2,2439,
83,65100,S11,0.4868521001189947,2,2318,
83,65100,S13,0.013237014412879944,2,2552,
83,65100,S15,0.05532176326960325,2,2435,
83,65100,S16,0.0023023647954687476,2,2408,
83,65100,S3,0.022024640813469887,2,2492,
83,65100,S5,0.05930635379627347,2,2534,
83,65100,S6,0.011362689547240734,2,2515,
83,65100,S7,0.01571515016257763,2,2407,
83,65100,S8,0.03115469589829445,2,2258,
83,65100,S9,0.007406933815218508,2,2443,
83,65400,S11,1.3517847880721092,2,2322,
83,65400,S13,0.027273138985037804,2,2566,
83,65400,S15,0.016193991526961327,2,2443,
83,65400,S16,0.003392116806935519,2,2422,
83,65400,S3,0.007213209755718708,2,2500,
83,65400,S5,0.018898066133260727,2,2537,
83,65400,S6,0.035663200076669455,2,2517,
83,65400,S7,0.05815505888313055,2,2415,
83,65400,S8,0.12769082188606262,2,2260,
83,65400,S9,0.004089490626938641,2,2451,
83,65700,S11,0.10498896613717079,2,2332,
83,65700,S13,0.02022896520793438,2,2577,
83,65700,S15,0.02541523426771164,2,2450,
83,65700,S16,0.012811939872335643,2,2433,
83,65700,S3,0.036494920030236244,2,2507,
83,65700,S5,0.195317592471838,2,2549,
83,65700,S6,0.014796399511396885,2,2523,
83,65700,S7,0.014125585614237934,2,2424,
83,65700,S8,0.02240682765841484,2,2267,
83,65700,S9,0.004040454630739987,2,2458,
83,66000,S11,0.09281373396515846,2,2347,
83,66000,S13,0.09102348983287811,2,2594,
83,66000,S15,0.131888248026371,2,2464,
83,66000,S16,0.0026134707732126117,2,2437,
83,66000,S3,0.013058749260380864,2,2509,
83,66000,S5,0.10693270154297352,2,2560,
83,66000,S6,0.04707111930474639,2,2532,
83,66000,S7,0.011331755900755525,2,2440,
83,66000,S8,0.12831231765449047,2,2270,
83,66000,S9,0.002734243229497224,2,2467,
83,66300,S11,0.08544183522462845,2,2364,
83,66300,S13,0.028137645684182644,2,2610,
83,66300,S15,0.04058568365871906,2,2481,
83,66300,S16,0.01002080540638417,2,2446,
83,66300,S3,0.010935544269159436,2,2523,
83,66300,S5,0.07520007807761431,2,2567,
83,66300,S6,0.029404581524431705,2,2544,
83,66300,S7,0.04146934114396572,2,2442,
83,66300,S8,0.13455656543374062,2,2278,
83,66300,S9,0.001815791125409305,2,2469,
83,66600,S11,0.2225606106221676,2,2381,
83,66600,S13,0.027095585130155087,2,2617,
83,66600,S15,0.03137032454833388,2,2490,
83,66600,S16,0.003871022374369204,2,2448,
83,66600,S3,0.015208871103823185,2,2540,
83,66600,S5,0.008853381033986807,2,2576,
83,66600,S6,0.01849249005317688,2,2556,
83,66600,S7,0.015378631418570876,2,2448,
83,66600,S8,0.11819440964609385,2,2280,
83,66600,S9,0.00521375413518399,2,2479,
83,66900,S11,0.08124293014407158,2,2387,
83,66900,S13,0.020388688892126083,2,2633,
83,66900,S15,0.04231118597090244,2,2492,
83,66900,S16,0.0022686696611344814,2,2457,
83,66900,S3,0.010482987388968468,2,2555,
83,66900,S5,0.01922365021891892,2,2593,
83,66900,S6,0.016610291320830584,2,2563,
83,66900,S7,0.0025473888963460922,2,2450,
83,66900,S8,0.021539132110774517,2,2297,
83,66900,S9,0.0067350673489272594,2,2481,
83,67200,S11,0.05633068084716797,2,2391,
83,67200,S13,0.047512306831777096,2,2645,
83,67200,S15,0.009128917008638382,2,2503,
83,67200,S16,0.024282344616949558,2,2463,
83,67200,S3,0.012499307398684323,2,2571,
83,67200,S5,0.02993733435869217,2,2610,
83,67200,S6,0.03855976462364197,2,2577,
83,67200,S7,0.003421441186219454,2,2452,
83,67200,S8,0.12028355617076159,2,2301,
83,67200,S9,0.002535315230488777,2,2492,
83,67500,S11,1.0142491161823273,2,2403,
83,67500,S13,0.031851375475525856,2,2647,
83,67500,S15,0.020063829608261585,2,2514,
83,67500,S16,0.0017512636841274798,2,2472,
83,67500,S3,0.020913265645503998,2,2588,
83,67500,S5,0.005954488413408399,2,2627,
83,67500,S6,0.11926444992423058,2,2587,
83,67500,S7,0.0035147949820384383,2,2464,
83,67500,S8,0.028252223506569862,2,2311,
83,67500,S9,0.00867141387425363,2,2500,
83,67800,S11,0.6562087163329124,2,2419,
83,67800,S13,0.147763229906559,2,2662,
83,67800,S15,0.07927348837256432,2,2522,
83,67800,S16,0.004213875101413578,2,2483,
83,67800,S3,0.027957225684076548,2,2599,
83,67800,S5,0.07288150861859322,2,2635,
83,67800,S6,0.06868040189146996,2,2589,
83,67800,S7,0.008575463201850653,2,2475,
83,67800,S8,0.13115554302930832,2,2313,
83,67800,S9,0.001966182084288448,2,2508,
83,68100,S11,0.05449577048420906,2,2436,
83,68100,S13,0.018308544997125864,2,2679,
83,68100,S15,0.03913681581616402,2,2535,
83,68100,S16,0.0036476398818194866,2,2500,
83,68100,S3,0.03571843251120299,2,2614,
83,68100,S5,0.005713726626709104,2,2637,
83,68100,S6,0.018668650649487972,2,2591,
83,68100,S7,0.006477374117821455,2,2477,
83,68100,S8,0.1339833214879036,2,2318,
83,68100,S9,0.012452337658032775,2,2520,
83,68400,S11,0.0880006942898035,2,2453,
83,68400,S13,0.027393603464588523,2,2686,
83,68400,S15,0.03337842132896185,2,2552,
83,68400,S16,0.006180308293551207,2,2514,
83,68400,S3,0.007729255594313145,2,2629,
83,68400,S5,0.018613511230796576,2,2654,
83,68400,S6,0.03591418731957674,2,2608,
83,68400,S7,0.03230492677539587,2,2494,
83,68400,S8,0.12216324917972088,2,2335,
83,68400,S9,0.0023902785032987595,2,2528,
83,68700,S11,0.11525025963783264,2,2468,
83,68700,S13,0.009597975760698318,2,2697,
83,68700,S15,0.028955546207726002,2,2569,
83,68700,S16,0.007249932154081762,2,2526,
83,68700,S3,0.012479887343943119,2,2646,
83,68700,S5,0.011993327178061008,2,2661,
83,68700,S6,0.01277615362778306,2,2623,
83,68700,S7,0.007017677184194326,2,2506,
83,68700,S8,0.1150564169511199,2,2352,
83,68700,S9,0.004286806273739785,2,2533,
83,69000,S11,0.30905240029096603,2,2471,
83,69000,S13,0.027636673068627715,2,2705,
83,69000,S15,0.02554386854171753,2,2585,
83,69000,S16,0.01911498187109828,2,2531,
83,69000,S3,0.02332629170268774,2,2653,
83,69000,S5,0.04731273464858532,2,2666,
83,69000,S6,0.05005517229437828,2,2633,
83,69000,S7,0.01771462382748723,2,2519,
83,69000,S8,0.11162923369556665,2,2368,
83,69000,S9,0.0013320379657670856,2,2537,
83,69300,S11,0.08998507261276245,2,2473,
83,69300,S13,0.009431693470105529,2,2714,
83,69300,S15,0.02793454099446535,2,2589,
83,69300,S16,0.002592434990219772,2,2535,
83,69300,S3,0.0035771220573224127,2,2662,
83,69300,S5,0.010084987618029118,2,2673,
83,69300,S6,0.07544746901839972,2,2639,
83,69300,S7,0.02966903941705823,2,2525,
83,69300,S8,0.031209140084683895,2,2372,
83,69300,S9,0.0036471167113631964,2,2541,
83,69600,S11,0.35692706145346165,2,2475,
83,69600,S13,0.0274507412686944,2,2721,
83,69600,S15,0.0472222613170743,2,2606,
83,69600,S16,0.004514892236329615,2,2552,
83,69600,S3,0.039406225085258484,2,2664,
83,69600,S5,0.025149941677227616,2,2678,
83,69600,S6,0.03703242354094982,2,2651,
83,69600,S7,0.007746632443740964,2,2542,
83,69600,S8,0.029419099912047386,2,2389,
83,69600,S9,0.006066302536055446,2,2558,
83,69900,S11,0.6281700953841209,2,2483,
83,69900,S13,0.21514703705906868,2,2737,
83,69900,S15,0.01163267227821052,2,2623,
83,69900,S16,0.0018355448846705258,2,2568,
83,69900,S3,0.007198324892669916,2,2669,
83,69900,S5,0.019680920522660017,2,2689,
83,69900,S6,0.030501628294587135,2,2659,
83,69900,S7,0.005749960779212415,2,2552,
83,69900,S8,0.13288145698606968,2,2406,
83,69900,S9,0.002529742894694209,2,2575,
83,70200,S11,0.17118904180824757,2,2491,
83,70200,S13,0.5658313632011414,2,2751,
83,70200,S15,0.020334442611783743,2,2640,
83,70200,S16,0.01622464240062982,2,2580,
83,70200,S3,0.01287574041634798,2,2686,
83,70200,S5,0.04882650263607502,2,2697,
83,70200,S6,0.06192441168241203,2,2676,
83,70200,S7,0.0023250189842656255,2,2554,
83,70200,S8,0.11154268309473991,2,2414,
83,70200,S9,0.002956935903057456,2,2592,
83,70500,S11,0.02829204499721527,2,2506,
83,70500,S13,0.07181354518979788,2,2765,
83,70500,S15,0.017336695455014706,2,2657,
83,70500,S16,0.0025232553598470986,2,2597,
83,70500,S3,0.010068139992654324,2,2692,
83,70500,S5,0.05830692686140537,2,2708,
83,70500,S6,0.02572103962302208,2,2691,
83,70500,S7,0.009647234750445932,2,2556,
83,70500,S8,0.025628049857914448,2,2416,
83,70500,S9,0.014726296823937446,2,2608,
83,70800,S11,0.04793146904557943,2,2520,
83,70800,S13,0.012745031155645847,2,2773,
83,70800,S15,0.019631694070994854,2,2674,
83,70800,S16,0.0027950647636316717,2,2614,
83,70800,S3,0.010826676618307829,2,2700,
83,70800,S5,0.06076890230178833,2,2721,
83,70800,S6,0.031364536844193935,2,2701,
83,70800,S7,0.008743415237404406,2,2559,
83,70800,S8,0.02834791410714388,2,2420,
83,70800,S9,0.004028882714919746,2,2616,
83,71100,S11,0.03469968028366566,2,2537,
83,71100,S13,0.5679039359092712,2,2775,
83,71100,S15,0.01631051581352949,2,2678,
83,71100,S16,0.010005700751207769,2,2618,
83,71100,S3,0.007677225861698389,2,2702,
83,71100,S5,0.07951249531470239,2,2723,
83,71100,S6,0.03795209480449557,2,2718,
83,71100,S7,0.22682510316371918,2,2565,
83,71100,S8,0.12361920438706875,2,2427,
83,71100,S9,0.006337399361655116,2,2623,
83,71400,S11,0.18032415211200714,2,2554,
83,71400,S13,0.08460991736501455,2,2792,
83,71400,S15,0.00907403975725174,2,2692,
83,71400,S16,0.006800234317779541,2,2624,
83,71400,S3,0.003849103581160307,2,2704,
83,71400,S5,0.011292017996311188,2,2740,
83,71400,S6,0.012193815782666206,2,2735,
83,71400,S7,0.003971052821725607,2,2582,
83,71400,S8,0.11138619109988213,2,2432,
83,71400,S9,0.002989537548273802,2,2640,
83,71700,S11,0.551274549216032,2,2562,
83,71700,S13,0.02487325295805931,2,2809,
83,71700,S15,0.017053377348929644,2,2705,
83,71700,S16,0.005669812206178904,2,2641,
83,71700,S3,0.022395167034119368,2,2719,
83,71700,S5,0.009680567076429725,2,2757,
83,71700,S6,0.03519181255251169,2,2748,
83,71700,S7,0.0032959766685962677,2,2596,
83,71700,S8,0.12496689707040787,2,2448,
83,71700,S9,0.0026860738871619105,2,2653,
83,72000,S11,0.27636125683784485,2,2571,
83,72000,S13,0.02604809496551752,2,2824,
83,72000,S15,0.01627403823658824,2,2716,
83,72000,S16,0.0022627912694588304,2,2653,
83,72000,S3,0.0084125732537359,2,2733,
83,72000,S5,0.023472165688872337,2,2774,
83,72000,S6,0.004810560029000044,2,2760,
83,72000,S7,0.004842375637963414,2,2598,
83,72000,S8,0.11941180378198624,2,2465,
83,72000,S9,0.0029326005023904145,2,2658,
83,72300,S11,0.011474057100713253,2,2583,
83,72300,S13,0.040571657940745354,2,2830,
83,72300,S15,0.01244777673855424,2,2733,
83,72300,S16,0.0016315921675413847,2,2670,
83,72300,S3,0.010520510375499725,2,2750,
83,72300,S5,0.019632827024906874,2,2786,
83,72300,S6,0.026405679062008858,2,2774,
83,72300,S7,0.004657274344936013,2,2611,
83,72300,S8,0.029231996275484562,2,2474,
83,72300,S9,0.002766778809018433,2,2675,
83,72600,S11,0.08195721544325352,2,2596,
83,72600,S13,0.005360831506550312,2,2845,
83,72600,S15,0.020326516591012478,2,2750,
83,72600,S16,0.008589707897044718,2,2684,
83,72600,S3,0.014029907528311014,2,2761,
83,72600,S5,0.009327307809144258,2,2795,
83,72600,S6,0.017226972617208958,2,2781,
83,72600,S7,0.020508817629888654,2,2614,
83,72600,S8,0.11977184470742941,2,2489,
83,72600,S9,0.001819324039388448,2,2683,
83,72900,S11,0.35334060341119766,2,2607,
83,72900,S13,0.02371975500136614,2,2860,
83,72900,S15,0.005822375183925033,2,2767,
83,72900,S16,0.007377551402896643,2,2701,
83,72900,S3,0.012608484830707312,2,2774,
83,72900,S5,0.030023657716810703,2,2810,
83,72900,S6,0.024473462835885584,2,2783,
83,72900,S7,0.018617382738739252,2,2623,
83,72900,S8,0.12008421681821346,2,2500,
83,72900,S9,0.0029290353413671255,2,2687,
83,73200,S11,0.056313347071409225,2,2620,
83,73200,S13,0.0071502686478197575,2,2872,
83,73200,S15,0.011905668303370476,2,2773,
83,73200,S16,0.0017493550549261272,2,2711,
83,73200,S3,0.007300113094970584,2,2791,
83,73200,S5,0.028460497967898846,2,2812,
83,73200,S6,0.03308214759454131,2,2787,
83,73200,S7,0.006861330533865839,2,2640,
83,73200,S8,0.11057691834867,2,2507,
83,73200,S9,0.004058539547258988,2,2689,
83,73500,S11,0.06232172716408968,2,2632,
83,73500,S13,0.018587499856948853,2,2889,
83,73500,S15,0.008049031719565392,2,2788,
83,73500,S16,0.003287465311586857,2,2728,
83,73500,S3,0.003341139294207096,2,2808,
83,73500,S5,0.16021178988739848,2,2814,
83,73500,S6,0.030330646317452192,2,2794,
83,73500,S7,0.0044084154651500285,2,2653,
83,73500,S8,0.11779407598078251,2,2520,
83,73500,S9,0.004502650233916938,2,2701,
83,73800,S11,0.10408010333776474,2,2649,
83,73800,S13,0.02529267966747284,2,2906,
83,73800,S15,0.025748739950358868,2,2805,
83,73800,S16,0.007078452967107296,2,2731,
83,73800,S3,0.0032385175582021475,2,2823,
83,73800,S5,0.0654178187251091,2,2828,
83,73800,S6,0.009777435334399343,2,2805,
83,73800,S7,0.006891478085890412,2,2670,
83,73800,S8,0.11208138056099415,2,2536,
83,73800,S9,0.0036548630450852215,2,2718,
83,74100,S11,0.2140011228621006,2,2666,
83,74100,S13,0.00955552188679576,2,2916,
83,74100,S15,0.018183426465839148,2,2820,
83,74100,S16,0.0025354946264997125,2,2742,
83,74100,S3,0.007320587057620287,2,2827,
83,74100,S5,0.014736401964910328,2,2840,
83,74100,S6,0.023738448042422533,2,2820,
83,74100,S7,0.011600901372730732,2,2687,
83,74100,S8,0.11200484167784452,2,2553,
83,74100,S9,0.0010916476021520793,2,2735,
83,74400,S11,0.06566851772367954,2,2680,
83,74400,S13,0.01266826642677188,2,2933,
83,74400,S15,0.4485972821712494,2,2837,
83,74400,S16,0.0037192924064584076,2,2757,
83,74400,S3,0.03585534170269966,2,2842,
83,74400,S5,0.09517205879092216,2,2843,
83,74400,S6,0.033118994906544685,2,2836,
83,74400,S7,0.1902887374162674,2,2692,
83,74400,S8,0.11134087666869164,2,2561,
83,74400,S9,0.0023769827093929052,2,2752,
83,74700,S11,0.030221816152334213,2,2697,
83,74700,S13,0.08249637857079506,2,2950,
83,74700,S15,0.06380957271903753,2,2852,
83,74700,S16,0.017006294627208263,2,2774,
83,74700,S3,0.025481230346485972,2,2859,
83,74700,S5,0.02418472559656948,2,2853,
83,74700,S6,0.017839555628597736,2,2849,
83,74700,S7,0.02027462236583233,2,2709,
83,74700,S8,0.11289035994559526,2,2576,
83,74700,S9,0.0016946502437349409,2,2768,
83,75000,S11,0.744659312069416,2,2714,
83,75000,S13,0.3143717832863331,2,2955,
83,75000,S15,0.024705085903406143,2,2868,
83,75000,S16,0.0031574020977132022,2,2783,
83,75000,S3,0.01069427968468517,2,2876,
83,75000,S5,0.021989880595356226,2,2861,
83,75000,S6,0.08968138904310763,2,2851,
83,75000,S7,0.012263833312317729,2,2726,
83,75000,S8,0.11977269407361746,2,2593,
83,75000,S9,0.011907064472325146,2,2778,
83,75300,S11,0.0897052250802517,2,2731,
83,75300,S13,0.05938290245831013,2,2969,
83,75300,S15,0.0080102130305022,2,2879,
83,75300,S16,0.001710253767669201,2,2793,
83,75300,S3,0.004322663648054004,2,2893,
83,75300,S5,0.008747723186388612,2,2863,
83,75300,S6,0.20983256958425045,2,2853,
83,75300,S7,0.05577601585537195,2,2735,
83,75300,S8,0.03856307081878185,2,2596,
83,75300,S9,0.0011378837516531348,2,2789,
83,75600,S11,0.02304159104824066,2,2747,
83,75600,S13,0.019105604384094477,2,2972,
83,75600,S15,0.01627767411991954,2,2881,
83,75600,S16,0.0020786430104635656,2,2810,
83,75600,S3,0.0506795474793762,2,2910,
83,75600,S5,0.039958089124411345,2,2871,
83,75600,S6,0.0657862015068531,2,2864,
83,75600,S7,0.017978385323658586,2,2752,
83,75600,S8,0.1125225331634283,2,2599,
83,75600,S9,0.012436987832188606,2,2801,
83,75900,S11,0.01718202419579029,2,2763,
83,75900,S13,0.010863608680665493,2,2980,
83,75900,S15,0.020393761806190014,2,2885,
83,75900,S16,0.0031236627837643027,2,2819,
83,75900,S3,0.031951507553458214,2,2921,
83,75900,S5,0.033413810189813375,2,2883,
83,75900,S6,0.05578584922477603,2,2881,
83,75900,S7,0.0028251618496142328,2,2768,
83,75900,S8,0.18640384823083878,2,2611,
83,75900,S9,0.005449551739729941,2,2814,
83,76200,S11,0.05769109260290861,2,2779,
83,76200,S13,0.03545568324625492,2,2982,
83,76200,S15,0.01229647547006607,2,2901,
83,76200,S16,0.007343857665546238,2,2833,
83,76200,S3,0.025520438328385353,2,2936,
83,76200,S5,0.0052267530700191855,2,2894,
83,76200,S6,0.03415957372635603,2,2897,
83,76200,S7,0.008464581798762083,2,2785,
83,76200,S8,0.12287336587905884,2,2620,
83,76200,S9,0.006443777936510742,2,2831,
83,76500,S11,0.012127599213272333,2,2781,
83,76500,S13,0.04489707574248314,2,2995,
83,76500,S15,0.08555350080132484,2,2917,
83,76500,S16,0.002375703421421349,2,2839,
83,76500,S3,0.002888244460336864,2,2938,
83,76500,S5,0.00850333459675312,2,2896,
83,76500,S6,0.011282247491180897,2,2903,
83,76500,S7,0.03044596896506846,2,2789,
83,76500,S8,0.02237867657095194,2,2622,
83,76500,S9,0.005455562146380544,2,2834,
83,76800,S11,0.03454277291893959,2,2789,
83,76800,S13,0.05568711459636688,2,3010,
83,76800,S15,0.04954556096345186,2,2932,
83,76800,S16,0.0012296944914851338,2,2850,
83,76800,S3,0.007057662354782224,2,2953,
83,76800,S5,0.00428601773455739,2,2903,
83,76800,S6,0.08522844314575195,2,2916,
83,76800,S7,0.0034476699074730277,2,2804,
83,76800,S8,0.10315687768161297,2,2627,
83,76800,S9,0.015314050484448671,2,2840,
83,77100,S11,1.1000710176303983,2,2798,
83,77100,S13,0.024249066598713398,2,3021,
83,77100,S15,0.02500146720558405,2,2934,
83,77100,S16,0.0030491483630612493,2,2852,
83,77100,S3,0.005641669034957886,2,2969,
83,77100,S5,0.009206860093399882,2,2920,
83,77100,S6,0.0440927492454648,2,2918,
83,77100,S7,0.003706991788931191,2,2820,
83,77100,S8,0.18805359303951263,2,2644,
83,77100,S9,0.019501930568367243,2,2850,
83,77400,S11,0.8751741498708725,2,2815,
83,77400,S13,0.014964692760258913,2,3038,
83,77400,S15,0.03836740646511316,2,2951,
83,77400,S16,0.0020815155003219843,2,2867,
83,77400,S3,0.0035960967652499676,2,2982,
83,77400,S5,0.006378378719091415,2,2929,
83,77400,S6,0.053560399916023016,2,2920,
83,77400,S7,0.008516933070495725,2,2833,
83,77400,S8,0.03255413845181465,2,2648,
83,77400,S9,0.01440086355432868,2,2863,
83,77700,S11,0.1308701690286398,2,2832,
83,77700,S13,0.02191646210849285,2,3047,
83,77700,S15,0.04884767159819603,2,2968,
83,77700,S16,0.0078789247199893,2,2884,
83,77700,S3,0.011106401216238737,2,2999,
83,77700,S5,0.0031899946043267846,2,2932,
83,77700,S6,0.1682877205312252,2,2930,
83,77700,S7,0.004822082817554474,2,2839,
83,77700,S8,0.01815569680184126,2,2665,
83,77700,S9,0.00395706039853394,2,2873,
83,78000,S11,0.008419621968641877,2,2846,
83,78000,S13,0.009312415961176157,2,3052,
83,78000,S15,0.01067971857264638,2,2982,
83,78000,S16,0.001846258935984224,2,2901,
83,78000,S3,0.012879298301413655,2,3016,
83,78000,S5,0.03277018782682717,2,2936,
83,78000,S6,0.07399627193808556,2,2943,
83,78000,S7,0.0027287108823657036,2,2841,
83,78000,S8,0.10183065570890903,2,2681,
83,78000,S9,0.002409525972325355,2,2875,
83,78300,S11,0.03460329491645098,2,2863,
83,78300,S13,0.011973682325333357,2,3060,
83,78300,S15,0.02320180367678404,2,2996,
83,78300,S16,0.00227964372606948,2,2915,
83,78300,S3,0.015578846680000424,2,3030,
83,78300,S5,0.004646330256946385,2,2941,
83,78300,S6,0.0194561667740345,2,2955,
83,78300,S7,0.005244114203378558,2,2843,
83,78300,S8,0.10313865914940834,2,2693,
83,78300,S9,0.003042739233933389,2,2877,
83,78600,S11,0.023761467076838017,2,2874,
83,78600,S13,0.011814276687800884,2,3077,
83,78600,S15,0.013367608888074756,2,3007,
83,78600,S16,0.009958986542187631,2,2917,
83,78600,S3,0.011787927243858576,2,3032,
83,78600,S5,0.012299632653594017,2,2952,
83,78600,S6,0.011586882174015045,2,2971,
83,78600,S7,0.0014472342445515096,2,2848,
83,78600,S8,0.15852416306734085,2,2710,
83,78600,S9,0.006454177346313372,2,2879,
83,78900,S11,0.16884066350758076,2,2887,
83,78900,S13,0.01305070472881198,2,3086,
83,78900,S15,0.047499291598796844,2,3019,
83,78900,S16,0.0015536077553406358,2,2925,
83,78900,S3,0.007085547083988786,2,3045,
83,78900,S5,0.024706455413252115,2,2967,
83,78900,S6,0.022846190724521875,2,2984,
83,78900,S7,0.016103831701911986,2,2861,
83,78900,S8,0.02355132158845663,2,2727,
83,78900,S9,0.002978722332045436,2,2895,
83,79200,S11,0.042654827469959855,2,2893,
83,79200,S13,0.07119160145521164,2,3094,
83,79200,S15,0.04243200644850731,2,3025,
83,79200,S16,0.0021444224985316396,2,2942,
83,79200,S3,0.00640738126821816,2,3058,
83,79200,S5,0.004343959270045161,2,2984,
83,79200,S6,0.01918340614065528,2,3000,
83,79200,S7,0.0047336360439658165,2,2868,
83,79200,S8,0.10952389240264893,2,2736,
83,79200,S9,0.001996963517740369,2,2897,
83,79500,S11,0.05251241801306605,2,2901,
83,79500,S13,0.014487293548882008,2,3105,
83,79500,S15,0.004657564917579293,2,3032,
83,79500,S16,0.001600892486749217,2,2959,
83,79500,S3,0.004978033481165767,2,3075,
83,79500,S5,0.018255260540172458,2,2993,
83,79500,S6,0.003889495274052024,2,3011,
83,79500,S7,0.0035389106487855315,2,2880,
83,79500,S8,0.10557503160089254,2,2740,
83,79500,S9,0.022627950413152575,2,2907,
83,79800,S11,0.26316262944601476,2,2918,
83,79800,S13,0.00816367007791996,2,3122,
83,79800,S15,0.008034311700612307,2,3048,
83,79800,S16,0.0070782932452857494,2,2975,
83,79800,S3,0.004515235894359648,2,3092,
83,79800,S5,0.006122066872194409,2,2997,
83,79800,S6,0.031798141775652766,2,3028,
83,79800,S7,0.010883170180022717,2,2897,
83,79800,S8,0.09994524903595448,2,2750,
83,79800,S9,0.0017476416542194784,2,2919,
83,80100,S11,0.07481257058680058,2,2934,
83,80100,S13,0.018302490934729576,2,3124,
83,80100,S15,0.028559262864291668,2,3057,
83,80100,S16,0.006594384554773569,2,2990,
83,80100,S3,0.03294543921947479,2,3107,
83,80100,S5,0.01969046882004477,2,3001,
83,80100,S6,0.021812332794070244,2,3045,
83,80100,S7,0.004671317874453962,2,2901,
83,80100,S8,0.09812395554035902,2,2752,
83,80100,S9,0.0024988281074911356,2,2925,
83,80400,S11,0.667605958878994,2,2943,
83,80400,S13,0.012994940858334303,2,3126,
83,80400,S15,0.016131820622831583,2,3069,
83,80400,S16,0.003367864992469549,2,2994,
83,80400,S3,0.00555862340843305,2,3116,
83,80400,S5,0.004538280889391899,2,3018,
83,80400,S6,0.008882256923243403,2,3062,
83,80400,S7,0.007323035097215325,2,2903,
83,80400,S8,0.10099259205162525,2,2761,
83,80400,S9,0.0021266951225697994,2,2936,
83,80700,S11,0.060256725177168846,2,2955,
83,80700,S13,0.006419108249247074,2,3128,
83,80700,S15,0.009420829825103283,2,3072,
83,80700,S16,0.00828141428064555,2,2998,
83,80700,S3,0.0036481893621385098,2,3131,
83,80700,S5,0.00826338748447597,2,3028,
83,80700,S6,0.07784309983253479,2,3067,
83,80700,S7,0.005693003418855369,2,2906,
83,80700,S8,0.0926284515298903,2,2768,
83,80700,S9,0.005433722515590489,2,2949,
83,81000,S11,0.010966586414724588,2,2972,
83,81000,S13,0.01226529199630022,2,3132,
83,81000,S15,0.04677055776119232,2,3083,
83,81000,S16,0.001540342636872083,2,3005,
83,81000,S3,0.009251713752746582,2,3148,
83,81000,S5,0.01783011481165886,2,3045,
83,81000,S6,0.05471121380105615,2,3072,
83,81000,S7,0.0037653069011867046,2,2911,
83,81000,S8,0.10026979725807905,2,2779,
83,81000,S9,0.006856375257484615,2,2966,
83,81300,S11,0.015433080494403839,2,2981,
83,81300,S13,0.03194477269425988,2,3141,
83,81300,S15,0.011441648937761784,2,3100,
83,81300,S16,0.0015323357656598091,2,3020,
83,81300,S3,0.01179031515493989,2,3155,
83,81300,S5,0.005027133272960782,2,3060,
83,81300,S6,0.008677729638293386,2,3074,
83,81300,S7,0.020034940913319588,2,2916,
83,81300,S8,0.13926691375672817,2,2796,
83,81300,S9,0.010026115225628018,2,2982,
83,81600,S11,0.26546479761600494,2,2998,
83,81600,S13,0.011000378057360649,2,3148,
83,81600,S15,0.08994575496762991,2,3117,
83,81600,S16,0.0013508578995242715,2,3035,
83,81600,S3,0.006184854311868548,2,3162,
83,81600,S5,0.008229556027799845,2,3062,
83,81600,S6,0.03691504895687103,2,3079,
83,81600,S7,0.003818486467935145,2,2925,
83,81600,S8,0.0986687233671546,2,2813,
83,81600,S9,0.004762926924740896,2,2988,
83,81900,S11,0.1445427630096674,2,3012,
83,81900,S13,0.06475422438234091,2,3153,
83,81900,S15,0.10380741208791733,2,3124,
83,81900,S16,0.007584949256852269,2,3046,
83,81900,S3,0.009617852861993015,2,3166,
83,81900,S5,0.0077502119820564985,2,3078,
83,81900,S6,0.027722804807126522,2,3095,
83,81900,S7,0.06302140885964036,2,2939,
83,81900,S8,0.10045731160789728,2,2822,
83,81900,S9,0.023342582397162914,2,2999,
83,82200,S11,0.06979510001838207,2,3024,
83,82200,S13,0.05231550964526832,2,3158,
83,82200,S15,0.028275955468416214,2,3141,
83,82200,S16,0.0017772952560335398,2,3063,
83,82200,S3,0.010205482365563512,2,3168,
83,82200,S5,0.49535709619522095,2,3080,
83,82200,S6,0.01301008160226047,2,3112,
83,82200,S7,0.003924175747670233,2,2956,
83,82200,S8,0.02346203289926052,2,2829,
83,82200,S9,0.00587558641564101,2,3001,
83,82500,S11,0.08135498128831387,2,3041,
83,82500,S13,0.047934290021657944,2,3162,
83,82500,S15,0.004898401675745845,2,3154,
83,82500,S16,0.004910037852823734,2,3072,
83,82500,S3,0.004541018977761269,2,3170,
83,82500,S5,0.39943183853756636,2,3084,
83,82500,S6,0.030582715291529894,2,3126,
83,82500,S7,0.0026983535499311984,2,2973,
83,82500,S8,0.1110179084353149,2,2841,
83,82500,S9,0.006456441595219076,2,3004,
83,82800,S11,0.12639827374368906,2,3058,
83,82800,S13,0.006702761631458998,2,3169,
83,82800,S15,0.028030695859342813,2,3168,
83,82800,S16,0.0016371196252293885,2,3074,
83,82800,S3,0.003744926187209785,2,3174,
83,82800,S5,0.03296678280457854,2,3089,
83,82800,S6,0.0340314363129437,2,3138,
83,82800,S7,0.013702285621548072,2,2990,
83,82800,S8,0.09906674548983574,2,2858,
83,82800,S9,0.0017444980039726943,2,3009,
83,83100,S11,0.19679605402052402,2,3075,
83,83100,S13,0.00693207117728889,2,3175,
83,83100,S15,0.022171707823872566,2,3181,
83,83100,S16,0.03073375392705202,2,3089,
83,83100,S3,0.008996112272143364,2,3183,
83,83100,S5,0.0190473310649395,2,3104,
83,83100,S6,0.008880659006536007,2,3140,
83,83100,S7,0.008061497588641942,2,3005,
83,83100,S8,0.10368010587990284,2,2871,
83,83100,S9,0.002372520975768566,2,3017,
83,83400,S11,0.01895473524928093,2,3089,
83,83400,S13,0.00974432472139597,2,3192,
83,83400,S15,0.024020175565965474,2,3198,
83,83400,S16,0.00312072632368654,2,3101,
83,83400,S3,0.006053812336176634,2,3197,
83,83400,S5,0.021203026175498962,2,3121,
83,83400,S6,0.004526977892965078,2,3142,
83,83400,S7,0.0008791797154117376,2,3022,
83,83400,S8,0.14040379133075476,2,2886,
83,83400,S9,0.0013738538036704995,2,3031,
83,83700,S11,0.06172806164249778,2,3105,
83,83700,S13,0.011932120192795992,2,3209,
83,83700,S15,0.010002373484894633,2,3215,
83,83700,S16,0.0015396849485114217,2,3118,
83,83700,S3,0.01011175219900906,2,3213,
83,83700,S5,0.005225014640018344,2,3138,
83,83700,S6,0.025220424868166447,2,3151,
83,83700,S7,0.014663124922662973,2,3039,
83,83700,S8,0.09769245702773333,2,2903,
83,83700,S9,0.001124613918364048,2,3048,
83,84000,S11,0.37617978639900684,2,3114,
83,84000,S13,0.01253795763477683,2,3212,
83,84000,S15,0.020240170881152153,2,3225,
83,84000,S16,0.0036208974197506905,2,3129,
83,84000,S3,0.0037489255191758275,2,3226,
83,84000,S5,0.013225916773080826,2,3141,
83,84000,S6,0.026993288891389966,2,3162,
83,84000,S7,0.006620681378990412,2,3049,
83,84000,S8,0.0997109292075038,2,2914,
83,84000,S9,0.0010032299323938787,2,3058,
83,84300,S11,0.04044524487107992,2,3128,
83,84300,S13,0.010893158614635468,2,3221,
83,84300,S15,0.012681236141361296,2,3237,
83,84300,S16,0.002799907699227333,2,3146,
83,84300,S3,0.02115914155729115,2,3242,
83,84300,S5,0.025851122452877462,2,3154,
83,84300,S6,0.00945429946295917,2,3179,
83,84300,S7,0.027517675422132015,2,3054,
83,84300,S8,0.10185278952121735,2,2917,
83,84300,S9,0.0033840531250461936,2,3072,
83,84600,S11,0.06926016882061958,2,3145,
83,84600,S13,0.004473126493394375,2,3234,
83,84600,S15,0.019794522784650326,2,3254,
83,84600,S16,0.007382470648735762,2,3163,
83,84600,S3,0.004652869421988726,2,3254,
83,84600,S5,0.23651748895645142,2,3162,
83,84600,S6,0.025519095128402114,2,3196,
83,84600,S7,0.01486480887979269,2,3056,
83,84600,S8,0.025883520487695932,2,2925,
83,84600,S9,0.0018501672893762589,2,3077,
83,84900,S11,0.7495733425021172,2,3155,
83,84900,S13,0.029649880714714527,2,3248,
83,84900,S15,0.011691904859617352,2,3259,
83,84900,S16,0.004489710554480553,2,3180,
83,84900,S3,0.007660513976588845,2,3271,
83,84900,S5,0.029024868039414287,2,3169,
83,84900,S6,0.01883116434328258,2,3213,
83,84900,S7,0.0018839279655367136,2,3067,
83,84900,S8,0.09132277593016624,2,2942,
83,84900,S9,0.0014998361584730446,2,3092,
83,85200,S11,0.10647007171064615,2,3171,
83,85200,S13,0.050028818659484386,2,3265,
83,85200,S15,0.05015338584780693,2,3273,
83,85200,S16,0.0012473523674998432,2,3197,
83,85200,S3,0.008239547372795641,2,3288,
83,85200,S5,0.005789348273538053,2,3186,
83,85200,S6,0.03842615522444248,2,3227,
83,85200,S7,0.029353485442698002,2,3076,
83,85200,S8,0.12125926092267036,2,2959,
83,85200,S9,0.001112309779273346,2,3109,
83,85500,S11,0.04685839079320431,2,3188,
83,85500,S13,0.014034582301974297,2,3282,
83,85500,S15,0.025113222189247608,2,3290,
83,85500,S16,0.0014780477504245937,2,3214,
83,85500,S3,0.003981913789175451,2,3305,
83,85500,S5,0.01132368016988039,2,3202,
83,85500,S6,0.0292204599827528,2,3241,
83,85500,S7,0.048666242277249694,2,3080,
83,85500,S8,0.09572179801762104,2,2976,
83,85500,S9,0.0019654117058962584,2,3123,
83,85800,S11,0.07875414006412029,2,3191,
83,85800,S13,0.0691145658493042,2,3299,
83,85800,S15,0.07008492201566696,2,3307,
83,85800,S16,0.0017219915171153843,2,3231,
83,85800,S3,0.010430709458887577,2,3317,
83,85800,S5,0.009470409713685513,2,3215,
83,85800,S6,0.0032363402424380183,2,3258,
83,85800,S7,0.0014199622091837227,2,3082,
83,85800,S8,0.05107447877526283,2,2985,
83,85800,S9,0.0017202108283527195,2,3140,
83,86100,S11,0.012546696234494448,2,3199,
83,86100,S13,0.03946354705840349,2,3312,
83,86100,S15,0.01574335852637887,2,3316,
83,86100,S16,0.002704308135434985,2,3239,
83,86100,S3,0.009304167237132788,2,3327,
83,86100,S5,0.004887711023911834,2,3226,
83,86100,S6,0.03757297992706299,2,3274,
83,86100,S7,0.009346944571007043,2,3084,
83,86100,S8,0.10236764699220657,2,2996,
83,86100,S9,0.0013225038419477642,2,3157,
83,86400,S11,0.023980003781616688,2,3216,
83,86400,S13,0.005347999162040651,2,3329,
83,86400,S15,0.017890483140945435,2,3328,
83,86400,S16,0.0035571791231632233,2,3251,
83,86400,S3,0.007431456237100065,2,3344,
83,86400,S5,0.07170312199741602,2,3236,
83,86400,S6,0.008583343122154474,2,3290,
83,86400,S7,0.016453306190669537,2,3097,
83,86400,S8,0.063369644805789,2,2998,
83,86400,S9,0.0033713382435962558,2,3172,
