seed,time,node,loss,sgd_steps,total_sgd_steps,details
7,0,a,1.8597581386566162,2,2,
7,0,b,1.821827471256256,2,2,
7,0,c,1.7688507437705994,2,2,
7,0,d,1.7856345176696777,2,2,
7,0,e,1.796581506729126,2,2,
7,0,f,1.8339264392852783,2,2,
7,0,g,1.7721988558769226,2,2,
7,0,h,1.8500813245773315,2,2,
7,0,i,1.8098152875900269,2,2,
7,300,a,1.7955484986305237,2,4,
7,300,b,1.763668417930603,2,4,
7,300,c,1.7794443368911743,2,4,
7,300,d,1.817520022392273,2,4,
7,300,e,1.7751379013061523,2,4,
7,300,f,1.7815245389938354,2,4,
7,300,g,1.8176663517951965,2,4,
7,300,h,1.773486316204071,2,4,
7,300,i,1.7711607217788696,2,4,
7,600,a,1.816957950592041,2,6,
7,600,b,1.7716537714004517,2,6,
7,600,c,1.8019988536834717,2,6,
7,600,d,1.7991052865982056,2,6,
7,600,e,1.729371190071106,2,6,
7,600,f,1.7633678913116455,2,6,
7,600,g,1.7979432940483093,2,6,
7,600,h,1.761070728302002,2,6,
7,600,i,1.81960928440094,2,6,
7,900,a,1.7918204069137573,2,8,
7,900,b,1.7579182386398315,2,8,
7,900,c,1.7850749492645264,2,8,
7,900,d,1.7919143438339233,2,8,
7,900,e,1.7564494013786316,2,8,
7,900,f,1.7453671097755432,2,8,
7,900,g,1.7707791328430176,2,8,
7,900,h,1.7454141974449158,2,8,
7,900,i,1.7783763408660889,2,8,
7,1200,a,1.7894261479377747,2,10,
7,1200,b,1.7791067957878113,2,10,
7,1200,c,1.7516496777534485,2,10,
7,1200,d,1.7467002272605896,2,10,
7,1200,e,1.759517788887024,2,10,
7,1200,f,1.7803025245666504,2,10,
7,1200,g,1.7838621139526367,2,10,
7,1200,h,1.7203513979911804,2,10,
7,1200,i,1.7407560348510742,2,10,
7,1500,a,1.7382528185844421,2,12,
7,1500,b,1.7668468952178955,2,12,
7,1500,c,1.81398344039917,2,12,
7,1500,d,1.8136388659477234,2,12,
7,1500,e,1.7821766138076782,2,12,
7,1500,f,1.831840991973877,2,12,
7,1500,g,1.7588844299316406,2,12,
7,1500,h,1.7227808237075806,2,12,
7,1500,i,1.7435503005981445,2,12,
7,1800,a,1.7506122589111328,2,14,
7,1800,b,1.7389589548110962,2,14,
7,1800,c,1.676585853099823,2,14,
7,1800,d,1.7808818221092224,2,14,
7,1800,e,1.7478761076927185,2,14,
7,1800,f,1.7804165482521057,2,14,
7,1800,g,1.758708655834198,2,14,
7,1800,h,1.7779778242111206,2,14,
7,1800,i,1.73648601770401,2,14,
7,2100,a,1.7344634532928467,2,16,
7,2100,b,1.8100792169570923,2,16,
7,2100,c,1.8171162009239197,2,16,
7,2100,d,1.7311682105064392,2,16,
7,2100,e,1.7646701335906982,2,16,
7,2100,f,1.7519952654838562,2,16,
7,2100,g,1.762652575969696,2,16,
7,2100,h,1.7336341738700867,2,16,
7,2100,i,1.7336469888687134,2,16,
7,2400,a,1.7604734897613525,2,18,
7,2400,b,1.7901964783668518,2,18,
7,2400,c,1.7620142102241516,2,18,
7,2400,d,1.7006890773773193,2,18,
7,2400,e,1.7705158591270447,2,18,
7,2400,f,1.8025010824203491,2,18,
7,2400,g,1.7637425065040588,2,18,
7,2400,h,1.7465645670890808,2,18,
7,2400,i,1.730513334274292,2,18,
7,2700,a,1.7553374767303467,2,20,
7,2700,b,1.7786747813224792,2,20,
7,2700,c,1.7577068209648132,2,20,
7,2700,d,1.7529882192611694,2,20,
7,2700,e,1.7070242762565613,2,20,
7,2700,f,1.7474181056022644,2,20,
7,2700,g,1.7567229270935059,2,20,
7,2700,h,1.761735439300537,2,20,
7,2700,i,1.7386643886566162,2,20,
7,3000,a,1.8015143275260925,2,22,
7,3000,b,1.780618667602539,2,22,
7,3000,c,1.7384431958198547,2,22,
7,3000,d,1.7884395122528076,2,22,
7,3000,e,1.7032644152641296,2,22,
7,3000,f,1.7692012190818787,2,22,
7,3000,g,1.7700868844985962,2,22,
7,3000,h,1.7958993911743164,2,22,
7,3000,i,1.7699443101882935,2,22,
7,3300,a,1.777250051498413,2,24,
7,3300,b,1.7804182171821594,2,24,
7,3300,c,1.753225028514862,2,24,
7,3300,d,1.7643271088600159,2,24,
7,3300,e,1.7229526042938232,2,24,
7,3300,f,1.709943950176239,2,24,
7,3300,g,1.7598850727081299,2,24,
7,3300,h,1.6918184757232666,2,24,
7,3300,i,1.7492399215698242,2,24,
7,3600,a,1.7333936095237732,2,26,
7,3600,b,1.7568497061729431,2,26,
7,3600,c,1.77689927816391,2,26,
7,3600,d,1.7292662858963013,2,26,
7,3600,e,1.7344849109649658,2,26,
7,3600,f,1.746475875377655,2,26,
7,3600,g,1.7358096837997437,2,26,
7,3600,h,1.7733747363090515,2,26,
7,3600,i,1.7489259243011475,2,26,
7,3900,a,1.7101487517356873,2,28,
7,3900,b,1.7810723781585693,2,28,
7,3900,c,1.800887107849121,2,28,
7,3900,d,1.7035836577415466,2,28,
7,3900,e,1.737925410270691,2,28,
7,3900,f,1.7331960201263428,2,28,
7,3900,g,1.6875209212303162,2,28,
7,3900,h,1.7279424667358398,2,28,
7,3900,i,1.7419593334197998,2,28,
7,4200,a,1.6831527948379517,2,30,
7,4200,b,1.7650787234306335,2,30,
7,4200,c,1.7753127217292786,2,30,
7,4200,d,1.7415837049484253,2,30,
7,4200,e,1.7048481702804565,2,30,
7,4200,f,1.7674352526664734,2,30,
7,4200,g,1.7688607573509216,2,30,
7,4200,h,1.7164616584777832,2,30,
7,4200,i,1.7086886167526245,2,30,
7,4500,a,1.684588074684143,2,32,
7,4500,b,1.7243149280548096,2,32,
7,4500,c,1.7394017577171326,2,32,
7,4500,d,1.7346461415290833,2,32,
7,4500,e,1.723777174949646,2,32,
7,4500,f,1.7420699000358582,2,32,
7,4500,g,1.7094401121139526,2,32,
7,4500,h,1.7034507989883423,2,32,
7,4500,i,1.7391724586486816,2,32,
7,4800,a,1.7211814522743225,2,34,
7,4800,b,1.7583789825439453,2,34,
7,4800,c,1.7122716307640076,2,34,
7,4800,d,1.7231605648994446,2,34,
7,4800,e,1.710027813911438,2,34,
7,4800,f,1.7044427394866943,2,34,
7,4800,g,1.7626222968101501,2,34,
7,4800,h,1.7400891780853271,2,34,
7,4800,i,1.665789008140564,2,34,
7,5100,a,1.7087135910987854,2,36,
7,5100,b,1.7165241241455078,2,36,
7,5100,c,1.7844486832618713,2,36,
7,5100,d,1.681359887123108,2,36,
7,5100,e,1.7465683817863464,2,36,
7,5100,f,1.6804456114768982,2,36,
7,5100,g,1.742744266986847,2,36,
7,5100,h,1.6968152523040771,2,36,
7,5100,i,1.6650035381317139,2,36,
7,5400,a,1.677289366722107,2,38,
7,5400,b,1.7605006694793701,2,38,
7,5400,c,1.7668007016181946,2,38,
7,5400,d,1.7306023240089417,2,38,
7,5400,e,1.6797147989273071,2,38,
7,5400,f,1.6945730447769165,2,38,
7,5400,g,1.7068709135055542,2,38,
7,5400,h,1.7448696494102478,2,38,
7,5400,i,1.6697649955749512,2,38,
7,5700,a,1.68451589345932,2,40,
7,5700,b,1.7253177762031555,2,40,
7,5700,c,1.782806634902954,2,40,
7,5700,d,1.6809844374656677,2,40,
7,5700,e,1.663074553012848,2,40,
7,5700,f,1.6845377683639526,2,40,
7,5700,g,1.6475865840911865,2,40,
7,5700,h,1.7616347074508667,2,40,
7,5700,i,1.6866601705551147,2,40,
7,6000,a,1.699422538280487,2,42,
7,6000,b,1.6855186223983765,2,42,
7,6000,c,1.7176086902618408,2,42,
7,6000,d,1.644400179386139,2,42,
7,6000,e,1.7003254294395447,2,42,
7,6000,f,1.722918450832367,2,42,
7,6000,g,1.7359644174575806,2,42,
7,6000,h,1.7073066234588623,2,42,
7,6000,i,1.6985785365104675,2,42,
7,6300,a,1.6463427543640137,2,44,
7,6300,b,1.7471416592597961,2,44,
7,6300,c,1.7209993600845337,2,44,
7,6300,d,1.6654371619224548,2,44,
7,6300,e,1.6987477540969849,2,44,
7,6300,f,1.7461532354354858,2,44,
7,6300,g,1.687750518321991,2,44,
7,6300,h,1.6524999737739563,2,44,
7,6300,i,1.7179396748542786,2,44,
7,6600,a,1.6337042450904846,2,46,
7,6600,b,1.673580527305603,2,46,
7,6600,c,1.7294407486915588,2,46,
7,6600,d,1.705480933189392,2,46,
7,6600,e,1.6271284222602844,2,46,
7,6600,f,1.691605567932129,2,46,
7,6600,g,1.6714171171188354,2,46,
7,6600,h,1.6821558475494385,2,46,
7,6600,i,1.6804935336112976,2,46,
7,6900,a,1.5879265069961548,2,48,
7,6900,b,1.6602448225021362,2,48,
7,6900,c,1.6994088292121887,2,48,
7,6900,d,1.6774622797966003,2,48,
7,6900,e,1.6251737475395203,2,48,
7,6900,f,1.6670170426368713,2,48,
7,6900,g,1.6548075079917908,2,48,
7,6900,h,1.7068249583244324,2,48,
7,6900,i,1.6096163988113403,2,48,
7,7200,a,1.605282962322235,2,50,
7,7200,b,1.6968106031417847,2,50,
7,7200,c,1.746240496635437,2,50,
7,7200,d,1.6674055457115173,2,50,
7,7200,e,1.6873021125793457,2,50,
7,7200,f,1.6633973121643066,2,50,
7,7200,g,1.6711117625236511,2,50,
7,7200,h,1.648043930530548,2,50,
7,7200,i,1.6516492366790771,2,50,
7,7500,a,1.5462021231651306,2,52,
7,7500,b,1.7207281589508057,2,52,
7,7500,c,1.6932396292686462,2,52,
7,7500,d,1.6363142728805542,2,52,
7,7500,e,1.6481643915176392,2,52,
7,7500,f,1.6875489950180054,2,52,
7,7500,g,1.7019372582435608,2,52,
7,7500,h,1.6999945640563965,2,52,
7,7500,i,1.6098147630691528,2,52,
7,7800,a,1.6468111276626587,2,54,
7,7800,b,1.6993794441223145,2,54,
7,7800,c,1.701124906539917,2,54,
7,7800,d,1.6091262698173523,2,54,
7,7800,e,1.6555883288383484,2,54,
7,7800,f,1.6414430737495422,2,54,
7,7800,g,1.6385254263877869,2,54,
7,7800,h,1.6105096936225891,2,54,
7,7800,i,1.6700488924980164,2,54,
7,8100,a,1.6469531655311584,2,56,
7,8100,b,1.6730090975761414,2,56,
7,8100,c,1.72237890958786,2,56,
7,8100,d,1.6490117907524109,2,56,
7,8100,e,1.6535983681678772,2,56,
7,8100,f,1.645610511302948,2,56,
7,8100,g,1.68843412399292,2,56,
7,8100,h,1.6155429482460022,2,56,
7,8100,i,1.6398777961730957,2,56,
7,8400,a,1.6194340586662292,2,58,
7,8400,b,1.6924105882644653,2,58,
7,8400,c,1.6870887875556946,2,58,
7,8400,d,1.5985442996025085,2,58,
7,8400,e,1.663326621055603,2,58,
7,8400,f,1.6245340704917908,2,58,
7,8400,g,1.623011291027069,2,58,
7,8400,h,1.636447250843048,2,58,
7,8400,i,1.6442453265190125,2,58,
7,8700,a,1.5828819274902344,2,60,
7,8700,b,1.6538614630699158,2,60,
7,8700,c,1.7068726420402527,2,60,
7,8700,d,1.580809772014618,2,60,
7,8700,e,1.626067578792572,2,60,
7,8700,f,1.6999061703681946,2,60,
7,8700,g,1.6466304063796997,2,60,
7,8700,h,1.6221805810928345,2,60,
7,8700,i,1.5653292536735535,2,60,
7,9000,a,1.6281898617744446,2,62,
7,9000,b,1.7026515007019043,2,62,
7,9000,c,1.7482306361198425,2,62,
7,9000,d,1.6040211915969849,2,62,
7,9000,e,1.6402499675750732,2,62,
7,9000,f,1.6994937658309937,2,62,
7,9000,g,1.671827793121338,2,62,
7,9000,h,1.5864115357398987,2,62,
7,9000,i,1.5466667413711548,2,62,
7,9300,a,1.6066008806228638,2,64,
7,9300,b,1.6766232252120972,2,64,
7,9300,c,1.6747833490371704,2,64,
7,9300,d,1.641087532043457,2,64,
7,9300,e,1.6578922271728516,2,64,
7,9300,f,1.6686009168624878,2,64,
7,9300,g,1.6834341883659363,2,64,
7,9300,h,1.6288502216339111,2,64,
7,9300,i,1.6505162715911865,2,64,
7,9600,a,1.552899181842804,2,66,
7,9600,b,1.5882657766342163,2,66,
7,9600,c,1.706102728843689,2,66,
7,9600,d,1.6248162984848022,2,66,
7,9600,e,1.656032681465149,2,66,
7,9600,f,1.6676649451255798,2,66,
7,9600,g,1.5661320090293884,2,66,
7,9600,h,1.6328418254852295,2,66,
7,9600,i,1.6542524695396423,2,66,
7,9900,a,1.5853698253631592,2,68,
7,9900,b,1.7070162892341614,2,68,
7,9900,c,1.6128358244895935,2,68,
7,9900,d,1.5628019571304321,2,68,
7,9900,e,1.6545132398605347,2,68,
7,9900,f,1.5816155076026917,2,68,
7,9900,g,1.6587014198303223,2,68,
7,9900,h,1.5566717386245728,2,68,
7,9900,i,1.6338080167770386,2,68,
7,10200,a,1.625460922718048,2,70,
7,10200,b,1.6564944982528687,2,70,
7,10200,c,1.6239554286003113,2,70,
7,10200,d,1.6050339341163635,2,70,
7,10200,e,1.6622859239578247,2,70,
7,10200,f,1.6305752396583557,2,70,
7,10200,g,1.67647123336792,2,70,
7,10200,h,1.5442273020744324,2,70,
7,10200,i,1.598507046699524,2,70,
7,10500,a,1.5638909935951233,2,72,
7,10500,b,1.6670791506767273,2,72,
7,10500,c,1.6741308569908142,2,72,
7,10500,d,1.578468680381775,2,72,
7,10500,e,1.6100274920463562,2,72,
7,10500,f,1.5871250629425049,2,72,
7,10500,g,1.609890639781952,2,72,
7,10500,h,1.6229109168052673,2,72,
7,10500,i,1.5213859677314758,2,72,
7,10800,a,1.5226483345031738,2,74,
7,10800,b,1.6767966151237488,2,74,
7,10800,c,1.6576651334762573,2,74,
7,10800,d,1.528743326663971,2,74,
7,10800,e,1.5335510969161987,2,74,
7,10800,f,1.5905674695968628,2,74,
7,10800,g,1.5420616269111633,2,74,
7,10800,h,1.5945454239845276,2,74,
7,10800,i,1.5545414090156555,2,74,
7,11100,a,1.4912572503089905,2,76,
7,11100,b,1.6587232947349548,2,76,
7,11100,c,1.6641594171524048,2,76,
7,11100,d,1.532585859298706,2,76,
7,11100,e,1.5220947265625,2,76,
7,11100,f,1.5671411752700806,2,76,
7,11100,g,1.6301496624946594,2,76,
7,11100,h,1.5431933403015137,2,76,
7,11100,i,1.5703271627426147,2,76,
7,11400,a,1.5232070088386536,2,78,
7,11400,b,1.674854338169098,2,78,
7,11400,c,1.6036202907562256,2,78,
7,11400,d,1.55947345495224,2,78,
7,11400,e,1.5389165878295898,2,78,
7,11400,f,1.630914032459259,2,78,
7,11400,g,1.5718454122543335,2,78,
7,11400,h,1.5461036562919617,2,78,
7,11400,i,1.5709526538848877,2,78,
7,11700,a,1.4453096985816956,2,80,
7,11700,b,1.6594659090042114,2,80,
7,11700,c,1.631751298904419,2,80,
7,11700,d,1.5028497576713562,2,80,
7,11700,e,1.5391227006912231,2,80,
7,11700,f,1.6103490591049194,2,80,
7,11700,g,1.529050052165985,2,80,
7,11700,h,1.5435697436332703,2,80,
7,11700,i,1.5130886435508728,2,80,
7,12000,a,1.4894816875457764,2,82,
7,12000,b,1.6141543984413147,2,82,
7,12000,c,1.6379161477088928,2,82,
7,12000,d,1.5558371543884277,2,82,
7,12000,e,1.5782710313796997,2,82,
7,12000,f,1.61604243516922,2,82,
7,12000,g,1.6100928783416748,2,82,
7,12000,h,1.5438183546066284,2,82,
7,12000,i,1.5459464192390442,2,82,
7,12300,a,1.5287307500839233,2,84,
7,12300,b,1.6461644172668457,2,84,
7,12300,c,1.5787853002548218,2,84,
7,12300,d,1.6141688227653503,2,84,
7,12300,e,1.540378451347351,2,84,
7,12300,f,1.654748797416687,2,84,
7,12300,g,1.5866456031799316,2,84,
7,12300,h,1.6227902173995972,2,84,
7,12300,i,1.5627699494361877,2,84,
7,12600,a,1.55557382106781,2,86,
7,12600,b,1.6459490656852722,2,86,
7,12600,c,1.5795065760612488,2,86,
7,12600,d,1.5160988569259644,2,86,
7,12600,e,1.4861688017845154,2,86,
7,12600,f,1.6113706827163696,2,86,
7,12600,g,1.5107949376106262,2,86,
7,12600,h,1.5575713515281677,2,86,
7,12600,i,1.5328352451324463,2,86,
7,12900,a,1.5204557180404663,2,88,
7,12900,b,1.5780476927757263,2,88,
7,12900,c,1.5707629919052124,2,88,
7,12900,d,1.531575083732605,2,88,
7,12900,e,1.490812063217163,2,88,
7,12900,f,1.6042139530181885,2,88,
7,12900,g,1.5413067936897278,2,88,
7,12900,h,1.5481154918670654,2,88,
7,12900,i,1.600075602531433,2,88,
7,13200,a,1.4991075992584229,2,90,
7,13200,b,1.6506614685058594,2,90,
7,13200,c,1.697804868221283,2,90,
7,13200,d,1.4743815064430237,2,90,
7,13200,e,1.5290050506591797,2,90,
7,13200,f,1.5710999965667725,2,90,
7,13200,g,1.5936638116836548,2,90,
7,13200,h,1.6272138953208923,2,90,
7,13200,i,1.5667446851730347,2,90,
7,13500,a,1.6694362163543701,2,92,
7,13500,b,1.6434452533721924,2,92,
7,13500,c,1.6334556341171265,2,92,
7,13500,d,1.4457758665084839,2,92,
7,13500,e,1.5612683296203613,2,92,
7,13500,f,1.4996901750564575,2,92,
7,13500,g,1.5413151383399963,2,92,
7,13500,h,1.486604630947113,2,92,
7,13500,i,1.4269603490829468,2,92,
7,13800,a,1.6055024862289429,2,94,
7,13800,b,1.6431148052215576,2,94,
7,13800,c,1.5057656168937683,2,94,
7,13800,d,1.4351998567581177,2,94,
7,13800,e,1.5635889768600464,2,94,
7,13800,f,1.6261687278747559,2,94,
7,13800,g,1.5385217070579529,2,94,
7,13800,h,1.542813777923584,2,94,
7,13800,i,1.562599241733551,2,94,
7,14100,a,1.5574569702148438,2,96,
7,14100,b,1.6656245589256287,2,96,
7,14100,c,1.6277943849563599,2,96,
7,14100,d,1.5592891573905945,2,96,
7,14100,e,1.4559301137924194,2,96,
7,14100,f,1.4924986958503723,2,96,
7,14100,g,1.490298867225647,2,96,
7,14100,h,1.5435293912887573,2,96,
7,14100,i,1.5226041078567505,2,96,
7,14400,a,1.5183018445968628,2,98,
7,14400,b,1.590434491634369,2,98,
7,14400,c,1.5364426374435425,2,98,
7,14400,d,1.476458191871643,2,98,
7,14400,e,1.6242427229881287,2,98,
7,14400,f,1.5786426067352295,2,98,
7,14400,g,1.6159090399742126,2,98,
7,14400,h,1.530566394329071,2,98,
7,14400,i,1.4746553301811218,2,98,
7,14700,a,1.4236491322517395,2,100,
7,14700,b,1.5895349383354187,2,100,
7,14700,c,1.5690844655036926,2,100,
7,14700,d,1.5177606344223022,2,100,
7,14700,e,1.5213298201560974,2,100,
7,14700,f,1.5143271088600159,2,100,
7,14700,g,1.494030237197876,2,100,
7,14700,h,1.539184331893921,2,100,
7,14700,i,1.5614601373672485,2,100,
7,15000,a,1.5187482237815857,2,102,
7,15000,b,1.5774449706077576,2,102,
7,15000,c,1.5727837085723877,2,102,
7,15000,d,1.5211969017982483,2,102,
7,15000,e,1.4093830585479736,2,102,
7,15000,f,1.4810088276863098,2,102,
7,15000,g,1.4407857060432434,2,102,
7,15000,h,1.5164086818695068,2,102,
7,15000,i,1.549229621887207,2,102,
7,15300,a,1.5190498232841492,2,104,
7,15300,b,1.5743062496185303,2,104,
7,15300,c,1.5761504173278809,2,104,
7,15300,d,1.4084928035736084,2,104,
7,15300,e,1.5329368114471436,2,104,
7,15300,f,1.477234125137329,2,104,
7,15300,g,1.4088550209999084,2,104,
7,15300,h,1.5311455130577087,2,104,
7,15300,i,1.4731051325798035,2,104,
7,15600,a,1.4470901489257812,2,106,
7,15600,b,1.5034602880477905,2,106,
7,15600,c,1.4954360127449036,2,106,
7,15600,d,1.4845380187034607,2,106,
7,15600,e,1.4021263718605042,2,106,
7,15600,f,1.5143758654594421,2,106,
7,15600,g,1.560422658920288,2,106,
7,15600,h,1.6303153038024902,2,106,
7,15600,i,1.4416914582252502,2,106,
7,15900,a,1.4129645228385925,2,108,
7,15900,b,1.5836740732192993,2,108,
7,15900,c,1.4727444648742676,2,108,
7,15900,d,1.5062915086746216,2,108,
7,15900,e,1.466524362564087,2,108,
7,15900,f,1.556919515132904,2,108,
7,15900,g,1.4801706671714783,2,108,
7,15900,h,1.4432759881019592,2,108,
7,15900,i,1.4168304204940796,2,108,
7,16200,a,1.470374584197998,2,110,
7,16200,b,1.4915507435798645,2,110,
7,16200,c,1.616794466972351,2,110,
7,16200,d,1.457309365272522,2,110,
7,16200,e,1.5186837911605835,2,110,
7,16200,f,1.5599926114082336,2,110,
7,16200,g,1.568455159664154,2,110,
7,16200,h,1.480318307876587,2,110,
7,16200,i,1.429864525794983,2,110,
7,16500,a,1.4266959428787231,2,112,
7,16500,b,1.5081502795219421,2,112,
7,16500,c,1.5184858441352844,2,112,
7,16500,d,1.434539556503296,2,112,
7,16500,e,1.3776962757110596,2,112,
7,16500,f,1.5297967195510864,2,112,
7,16500,g,1.561065137386322,2,112,
7,16500,h,1.4096719026565552,2,112,
7,16500,i,1.4131066799163818,2,112,
7,16800,a,1.452311933040619,2,114,
7,16800,b,1.5881379842758179,2,114,
7,16800,c,1.47941392660141,2,114,
7,16800,d,1.4098425507545471,2,114,
7,16800,e,1.3796896934509277,2,114,
7,16800,f,1.5110779404640198,2,114,
7,16800,g,1.4866721034049988,2,114,
7,16800,h,1.4778593182563782,2,114,
7,16800,i,1.4555107355117798,2,114,
7,17100,a,1.4443857073783875,2,116,
7,17100,b,1.5072358846664429,2,116,
7,17100,c,1.4532248973846436,2,116,
7,17100,d,1.4662750959396362,2,116,
7,17100,e,1.3901606798171997,2,116,
7,17100,f,1.443902313709259,2,116,
7,17100,g,1.4695172905921936,2,116,
7,17100,h,1.4417912364006042,2,116,
7,17100,i,1.5579968690872192,2,116,
7,17400,a,1.4047196507453918,2,118,
7,17400,b,1.466762363910675,2,118,
7,17400,c,1.568811058998108,2,118,
7,17400,d,1.4745562076568604,2,118,
7,17400,e,1.6340506672859192,2,118,
7,17400,f,1.5347234606742859,2,118,
7,17400,g,1.5064741969108582,2,118,
7,17400,h,1.4293674230575562,2,118,
7,17400,i,1.3844309449195862,2,118,
7,17700,a,1.3845443725585938,2,120,
7,17700,b,1.588056206703186,2,120,
7,17700,c,1.521660029888153,2,120,
7,17700,d,1.3806257843971252,2,120,
7,17700,e,1.4800788164138794,2,120,
7,17700,f,1.5430532693862915,2,120,
7,17700,g,1.3896661400794983,2,120,
7,17700,h,1.5419429540634155,2,120,
7,17700,i,1.4385868310928345,2,120,
7,18000,a,1.3231542110443115,2,122,
7,18000,b,1.5726389288902283,2,122,
7,18000,c,1.4188470244407654,2,122,
7,18000,d,1.3899512887001038,2,122,
7,18000,e,1.398544728755951,2,122,
7,18000,f,1.4289982914924622,2,122,
7,18000,g,1.428832232952118,2,122,
7,18000,h,1.3750705122947693,2,122,
7,18000,i,1.4296754598617554,2,122,
7,18300,a,1.4053158164024353,2,124,
7,18300,b,1.441934049129486,2,124,
7,18300,c,1.5984992980957031,2,124,
7,18300,d,1.3232423067092896,2,124,
7,18300,e,1.467275857925415,2,124,
7,18300,f,1.4309564232826233,2,124,
7,18300,g,1.3850651979446411,2,124,
7,18300,h,1.31289803981781,2,124,
7,18300,i,1.3796669840812683,2,124,
7,18600,a,1.4808276891708374,2,126,
7,18600,b,1.5850625038146973,2,126,
7,18600,c,1.5797643065452576,2,126,
7,18600,d,1.3424066305160522,2,126,
7,18600,e,1.3720051050186157,2,126,
7,18600,f,1.4956807494163513,2,126,
7,18600,g,1.4354127049446106,2,126,
7,18600,h,1.466016709804535,2,126,
7,18600,i,1.4449247121810913,2,126,
7,18900,a,1.3163787722587585,2,128,
7,18900,b,1.4341633915901184,2,128,
7,18900,c,1.5426934957504272,2,128,
7,18900,d,1.3256243467330933,2,128,
7,18900,e,1.399435043334961,2,128,
7,18900,f,1.6133914589881897,2,128,
7,18900,g,1.4706096053123474,2,128,
7,18900,h,1.3566661477088928,2,128,
7,18900,i,1.4877539277076721,2,128,
7,19200,a,1.5130003094673157,2,130,
7,19200,b,1.6180899739265442,2,130,
7,19200,c,1.446189284324646,2,130,
7,19200,d,1.3794061541557312,2,130,
7,19200,e,1.4591132402420044,2,130,
7,19200,f,1.4216960668563843,2,130,
7,19200,g,1.327438473701477,2,130,
7,19200,h,1.4576104879379272,2,130,
7,19200,i,1.4319484233856201,2,130,
7,19500,a,1.3838704228401184,2,132,
7,19500,b,1.495835781097412,2,132,
7,19500,c,1.438928246498108,2,132,
7,19500,d,1.3363869190216064,2,132,
7,19500,e,1.2788118720054626,2,132,
7,19500,f,1.3910574316978455,2,132,
7,19500,g,1.5457206964492798,2,132,
7,19500,h,1.3697612285614014,2,132,
7,19500,i,1.2748422622680664,2,132,
7,19800,a,1.4370957612991333,2,134,
7,19800,b,1.539579153060913,2,134,
7,19800,c,1.6362944841384888,2,134,
7,19800,d,1.4201878309249878,2,134,
7,19800,e,1.3912322521209717,2,134,
7,19800,f,1.4536457061767578,2,134,
7,19800,g,1.4482155442237854,2,134,
7,19800,h,1.6450734734535217,2,134,
7,19800,i,1.442882776260376,2,134,
7,20100,a,1.4114757180213928,2,136,
7,20100,b,1.4859384298324585,2,136,
7,20100,c,1.4738739728927612,2,136,
7,20100,d,1.4175702333450317,2,136,
7,20100,e,1.441171407699585,2,136,
7,20100,f,1.413981854915619,2,136,
7,20100,g,1.3941789865493774,2,136,
7,20100,h,1.394116997718811,2,136,
7,20100,i,1.4803377389907837,2,136,
7,20400,a,1.4449687004089355,2,138,
7,20400,b,1.4676688313484192,2,138,
7,20400,c,1.5144602060317993,2,138,
7,20400,d,1.3854581117630005,2,138,
7,20400,e,1.4589167833328247,2,138,
7,20400,f,1.5563591718673706,2,138,
7,20400,g,1.46951162815094,2,138,
7,20400,h,1.414168119430542,2,138,
7,20400,i,1.2993078231811523,2,138,
7,20700,a,1.4441176652908325,2,140,
7,20700,b,1.4491312503814697,2,140,
7,20700,c,1.4588735103607178,2,140,
7,20700,d,1.3969703912734985,2,140,
7,20700,e,1.3045598268508911,2,140,
7,20700,f,1.384839951992035,2,140,
7,20700,g,1.3516390323638916,2,140,
7,20700,h,1.5013371109962463,2,140,
7,20700,i,1.2613751292228699,2,140,
7,21000,a,1.3064401745796204,2,142,
7,21000,b,1.5716265439987183,2,142,
7,21000,c,1.4027765393257141,2,142,
7,21000,d,1.3849034309387207,2,142,
7,21000,e,1.4596410393714905,2,142,
7,21000,f,1.4804559350013733,2,142,
7,21000,g,1.3682271242141724,2,142,
7,21000,h,1.3709585070610046,2,142,
7,21000,i,1.2986201047897339,2,142,
7,21300,a,1.4170708060264587,2,144,
7,21300,b,1.4571917653083801,2,144,
7,21300,c,1.5439544916152954,2,144,
7,21300,d,1.3350046873092651,2,144,
7,21300,e,1.4128131866455078,2,144,
7,21300,f,1.3551353216171265,2,144,
7,21300,g,1.4676700234413147,2,144,
7,21300,h,1.4464462399482727,2,144,
7,21300,i,1.3446020483970642,2,144,
7,21600,a,1.4321879148483276,2,146,
7,21600,b,1.5717796683311462,2,146,
7,21600,c,1.3994019031524658,2,146,
7,21600,d,1.4774191975593567,2,146,
7,21600,e,1.3641669750213623,2,146,
7,21600,f,1.4831293225288391,2,146,
7,21600,g,1.438341498374939,2,146,
7,21600,h,1.3549501299858093,2,146,
7,21600,i,1.3682605028152466,2,146,
7,21900,a,1.3352872133255005,2,148,
7,21900,b,1.423032283782959,2,148,
7,21900,c,1.4898236393928528,2,148,
7,21900,d,1.4158848524093628,2,148,
7,21900,e,1.4121118187904358,2,148,
7,21900,f,1.3855479955673218,2,148,
7,21900,g,1.3176471590995789,2,148,
7,21900,h,1.4867048859596252,2,148,
7,21900,i,1.2536981701850891,2,148,
7,22200,a,1.3438057899475098,2,150,
7,22200,b,1.3725886344909668,2,150,
7,22200,c,1.4242058992385864,2,150,
7,22200,d,1.364915668964386,2,150,
7,22200,e,1.5065336227416992,2,150,
7,22200,f,1.512496829032898,2,150,
7,22200,g,1.3431999683380127,2,150,
7,22200,h,1.5737341046333313,2,150,
7,22200,i,1.3911035656929016,2,150,
7,22500,a,1.3448050618171692,2,152,
7,22500,b,1.6300578713417053,2,152,
7,22500,c,1.5113570094108582,2,152,
7,22500,d,1.335659921169281,2,152,
7,22500,e,1.5276453495025635,2,152,
7,22500,f,1.297191858291626,2,152,
7,22500,g,1.3534966111183167,2,152,
7,22500,h,1.4259235858917236,2,152,
7,22500,i,1.259229063987732,2,152,
7,22800,a,1.4013046026229858,2,154,
7,22800,b,1.4066879749298096,2,154,
7,22800,c,1.506639838218689,2,154,
7,22800,d,1.388259768486023,2,154,
7,22800,e,1.3939954042434692,2,154,
7,22800,f,1.465688169002533,2,154,
7,22800,g,1.296519696712494,2,154,
7,22800,h,1.318622350692749,2,154,
7,22800,i,1.1604173183441162,2,154,
7,23100,a,1.3371777534484863,2,156,
7,23100,b,1.4492384791374207,2,156,
7,23100,c,1.5698124170303345,2,156,
7,23100,d,1.4092320203781128,2,156,
7,23100,e,1.2854727506637573,2,156,
7,23100,f,1.3651023507118225,2,156,
7,23100,g,1.3939348459243774,2,156,
7,23100,h,1.2969765067100525,2,156,
7,23100,i,1.3855876922607422,2,156,
7,23400,a,1.357125461101532,2,158,
7,23400,b,1.4804694652557373,2,158,
7,23400,c,1.4035100936889648,2,158,
7,23400,d,1.468300223350525,2,158,
7,23400,e,1.280051589012146,2,158,
7,23400,f,1.3008951544761658,2,158,
7,23400,g,1.5895987749099731,2,158,
7,23400,h,1.3239024877548218,2,158,
7,23400,i,1.3460696339607239,2,158,
7,23700,a,1.322479248046875,2,160,
7,23700,b,1.499249517917633,2,160,
7,23700,c,1.5568833947181702,2,160,
7,23700,d,1.2650153636932373,2,160,
7,23700,e,1.4194285869598389,2,160,
7,23700,f,1.4492969512939453,2,160,
7,23700,g,1.4280211925506592,2,160,
7,23700,h,1.2541834115982056,2,160,
7,23700,i,1.2986578941345215,2,160,
7,24000,a,1.363581359386444,2,162,
7,24000,b,1.6097954511642456,2,162,
7,24000,c,1.6088772416114807,2,162,
7,24000,d,1.330353319644928,2,162,
7,24000,e,1.2645264863967896,2,162,
7,24000,f,1.4742549657821655,2,162,
7,24000,g,1.352616548538208,2,162,
7,24000,h,1.2776025533676147,2,162,
7,24000,i,1.257844090461731,2,162,
7,24300,a,1.5459705591201782,2,164,
7,24300,b,1.5787892937660217,2,164,
7,24300,c,1.4803993105888367,2,164,
7,24300,d,1.3447816371917725,2,164,
7,24300,e,1.3361655473709106,2,164,
7,24300,f,1.4733747839927673,2,164,
7,24300,g,1.3183581829071045,2,164,
7,24300,h,1.358841359615326,2,164,
7,24300,i,1.4336599111557007,2,164,
7,24600,a,1.3147015571594238,2,166,
7,24600,b,1.3973285555839539,2,166,
7,24600,c,1.3877980709075928,2,166,
7,24600,d,1.3551962971687317,2,166,
7,24600,e,1.4876104593276978,2,166,
7,24600,f,1.4023209810256958,2,166,
7,24600,g,1.3481265902519226,2,166,
7,24600,h,1.4873748421669006,2,166,
7,24600,i,1.3873347043991089,2,166,
7,24900,a,1.3392534255981445,2,168,
7,24900,b,1.4269415140151978,2,168,
7,24900,c,1.485885500907898,2,168,
7,24900,d,1.4198987483978271,2,168,
7,24900,e,1.2365942001342773,2,168,
7,24900,f,1.3591110706329346,2,168,
7,24900,g,1.390358805656433,2,168,
7,24900,h,1.373309850692749,2,168,
7,24900,i,1.323746383190155,2,168,
7,25200,a,1.2685210704803467,2,170,
7,25200,b,1.4252862930297852,2,170,
7,25200,c,1.4249917268753052,2,170,
7,25200,d,1.3681063652038574,2,170,
7,25200,e,1.3018785119056702,2,170,
7,25200,f,1.4080750942230225,2,170,
7,25200,g,1.442552089691162,2,170,
7,25200,h,1.2083683609962463,2,170,
7,25200,i,1.3216078877449036,2,170,
7,25500,a,1.3035128116607666,2,172,
7,25500,b,1.4115837812423706,2,172,
7,25500,c,1.4497858881950378,2,172,
7,25500,d,1.2705691456794739,2,172,
7,25500,e,1.4289637207984924,2,172,
7,25500,f,1.443444013595581,2,172,
7,25500,g,1.4008631706237793,2,172,
7,25500,h,1.3264265656471252,2,172,
7,25500,i,1.4014649391174316,2,172,
7,25800,a,1.3339184522628784,2,174,
7,25800,b,1.5386511087417603,2,174,
7,25800,c,1.3989091515541077,2,174,
7,25800,d,1.2492901682853699,2,174,
7,25800,e,1.2888092994689941,2,174,
7,25800,f,1.5096644163131714,2,174,
7,25800,g,1.2736577987670898,2,174,
7,25800,h,1.304003119468689,2,174,
7,25800,i,1.3122726082801819,2,174,
7,26100,a,1.332044541835785,2,176,
7,26100,b,1.403466820716858,2,176,
7,26100,c,1.3895059823989868,2,176,
7,26100,d,1.252328336238861,2,176,
7,26100,e,1.3262203931808472,2,176,
7,26100,f,1.379415512084961,2,176,
7,26100,g,1.3879589438438416,2,176,
7,26100,h,1.4034467935562134,2,176,
7,26100,i,1.5017834305763245,2,176,
7,26400,a,1.361160159111023,2,178,
7,26400,b,1.5090281963348389,2,178,
7,26400,c,1.4274704456329346,2,178,
7,26400,d,1.2425146698951721,2,178,
7,26400,e,1.2749486565589905,2,178,
7,26400,f,1.432159960269928,2,178,
7,26400,g,1.4261326789855957,2,178,
7,26400,h,1.3552467823028564,2,178,
7,26400,i,1.3737103343009949,2,178,
7,26700,a,1.6003457903862,2,180,
7,26700,b,1.5014182329177856,2,180,
7,26700,c,1.4534562230110168,2,180,
7,26700,d,1.2081949710845947,2,180,
7,26700,e,1.5999115705490112,2,180,
7,26700,f,1.4684240221977234,2,180,
7,26700,g,1.2432371377944946,2,180,
7,26700,h,1.3231319785118103,2,180,
7,26700,i,1.2988572120666504,2,180,
7,27000,a,1.243614673614502,2,182,
7,27000,b,1.3777821063995361,2,182,
7,27000,c,1.3526636362075806,2,182,
7,27000,d,1.2731208801269531,2,182,
7,27000,e,1.2788959741592407,2,182,
7,27000,f,1.332486629486084,2,182,
7,27000,g,1.3689616918563843,2,182,
7,27000,h,1.3897879123687744,2,182,
7,27000,i,1.2892910242080688,2,182,
7,27300,a,1.2676119804382324,2,184,
7,27300,b,1.4767590165138245,2,184,
7,27300,c,1.401556372642517,2,184,
7,27300,d,1.1875015497207642,2,184,
7,27300,e,1.4150610566139221,2,184,
7,27300,f,1.2872104048728943,2,184,
7,27300,g,1.3401470184326172,2,184,
7,27300,h,1.360975444316864,2,184,
7,27300,i,1.290919303894043,2,184,
7,27600,a,1.284161925315857,2,186,
7,27600,b,1.4067710041999817,2,186,
7,27600,c,1.3746688961982727,2,186,
7,27600,d,1.2230931520462036,2,186,
7,27600,e,1.25591242313385,2,186,
7,27600,f,1.4362707734107971,2,186,
7,27600,g,1.2700049877166748,2,186,
7,27600,h,1.2661420106887817,2,186,
7,27600,i,1.2871491312980652,2,186,
7,27900,a,1.217915117740631,2,188,
7,27900,b,1.3031454682350159,2,188,
7,27900,c,1.3692148923873901,2,188,
7,27900,d,1.326212763786316,2,188,
7,27900,e,1.291398048400879,2,188,
7,27900,f,1.453619360923767,2,188,
7,27900,g,1.4814127087593079,2,188,
7,27900,h,1.443560540676117,2,188,
7,27900,i,1.3198925852775574,2,188,
7,28200,a,1.3086112141609192,2,190,
7,28200,b,1.550741195678711,2,190,
7,28200,c,1.4038864374160767,2,190,
7,28200,d,1.2461216449737549,2,190,
7,28200,e,1.3920167684555054,2,190,
7,28200,f,1.4670388102531433,2,190,
7,28200,g,1.276236891746521,2,190,
7,28200,h,1.232215940952301,2,190,
7,28200,i,1.3006893992424011,2,190,
7,28500,a,1.1340366005897522,2,192,
7,28500,b,1.3773618936538696,2,192,
7,28500,c,1.2837622165679932,2,192,
7,28500,d,1.1998043060302734,2,192,
7,28500,e,1.344965636730194,2,192,
7,28500,f,1.3705999851226807,2,192,
7,28500,g,1.4384709596633911,2,192,
7,28500,h,1.3298585414886475,2,192,
7,28500,i,1.2914374470710754,2,192,
7,28800,a,1.2798471450805664,2,194,
7,28800,b,1.5117149353027344,2,194,
7,28800,c,1.3828494548797607,2,194,
7,28800,d,1.245873749256134,2,194,
7,28800,e,1.4948348999023438,2,194,
7,28800,f,1.391919732093811,2,194,
7,28800,g,1.267240583896637,2,194,
7,28800,h,1.2251490354537964,2,194,
7,28800,i,1.287058711051941,2,194,
7,29100,a,1.2597765922546387,2,196,
7,29100,b,1.4155723452568054,2,196,
7,29100,c,1.5333237648010254,2,196,
7,29100,d,1.380313515663147,2,196,
7,29100,e,1.3908905982971191,2,196,
7,29100,f,1.2376092672348022,2,196,
7,29100,g,1.2042640447616577,2,196,
7,29100,h,1.426378071308136,2,196,
7,29100,i,1.253871202468872,2,196,
7,29400,a,1.2940375804901123,2,198,
7,29400,b,1.4096975326538086,2,198,
7,29400,c,1.400330662727356,2,198,
7,29400,d,1.3828141689300537,2,198,
7,29400,e,1.3020694255828857,2,198,
7,29400,f,1.3761210441589355,2,198,
7,29400,g,1.2619136571884155,2,198,
7,29400,h,1.4096181392669678,2,198,
7,29400,i,1.3835201859474182,2,198,
7,29700,a,1.1792892813682556,2,200,
7,29700,b,1.3655141592025757,2,200,
7,29700,c,1.2780863642692566,2,200,
7,29700,d,1.267500877380371,2,200,
7,29700,e,1.2835437059402466,2,200,
7,29700,f,1.232986569404602,2,200,
7,29700,g,1.3809896111488342,2,200,
7,29700,h,1.1773625612258911,2,200,
7,29700,i,1.300451397895813,2,200,
7,30000,a,1.2299726009368896,2,202,
7,30000,b,1.3370876908302307,2,202,
7,30000,c,1.4805994629859924,2,202,
7,30000,d,1.2364791631698608,2,202,
7,30000,e,1.359030842781067,2,202,
7,30000,f,1.3410027623176575,2,202,
7,30000,g,1.3374704122543335,2,202,
7,30000,h,1.2822750210762024,2,202,
7,30000,i,1.2898380756378174,2,202,
7,30300,a,1.2746421098709106,2,204,
7,30300,b,1.3702998757362366,2,204,
7,30300,c,1.36504727602005,2,204,
7,30300,d,1.3706954717636108,2,204,
7,30300,e,1.5917754173278809,2,204,
7,30300,f,1.3703479766845703,2,204,
7,30300,g,1.2956618070602417,2,204,
7,30300,h,1.3037959933280945,2,204,
7,30300,i,1.227504014968872,2,204,
7,30600,a,1.3775734305381775,2,206,
7,30600,b,1.4303322434425354,2,206,
7,30600,c,1.3716745376586914,2,206,
7,30600,d,1.1837854385375977,2,206,
7,30600,e,1.3144681453704834,2,206,
7,30600,f,1.2401857376098633,2,206,
7,30600,g,1.2011781334877014,2,206,
7,30600,h,1.3293761014938354,2,206,
7,30600,i,1.1375776529312134,2,206,
7,30900,a,1.2602802515029907,2,208,
7,30900,b,1.3805714845657349,2,208,
7,30900,c,1.4997345209121704,2,208,
7,30900,d,1.278087854385376,2,208,
7,30900,e,1.2243586778640747,2,208,
7,30900,f,1.46380615234375,2,208,
7,30900,g,1.2628172636032104,2,208,
7,30900,h,1.2935011982917786,2,208,
7,30900,i,1.234418272972107,2,208,
7,31200,a,1.1996274590492249,2,210,
7,31200,b,1.3816148042678833,2,210,
7,31200,c,1.3145039081573486,2,210,
7,31200,d,1.209704875946045,2,210,
7,31200,e,1.239571213722229,2,210,
7,31200,f,1.4074785709381104,2,210,
7,31200,g,1.5262718200683594,2,210,
7,31200,h,1.307370364665985,2,210,
7,31200,i,1.3146909475326538,2,210,
7,31500,a,1.2446577548980713,2,212,
7,31500,b,1.3752567172050476,2,212,
7,31500,c,1.3229172825813293,2,212,
7,31500,d,1.2581608295440674,2,212,
7,31500,e,1.2068389058113098,2,212,
7,31500,f,1.313516914844513,2,212,
7,31500,g,1.2063941955566406,2,212,
7,31500,h,1.1706907153129578,2,212,
7,31500,i,1.3548120260238647,2,212,
7,31800,a,1.2582114338874817,2,214,
7,31800,b,1.3376857042312622,2,214,
7,31800,c,1.3311672806739807,2,214,
7,31800,d,1.2467235326766968,2,214,
7,31800,e,1.3920025825500488,2,214,
7,31800,f,1.4116166234016418,2,214,
7,31800,g,1.411365568637848,2,214,
7,31800,h,1.289841890335083,2,214,
7,31800,i,1.3197193145751953,2,214,
7,32100,a,1.1825146079063416,2,216,
7,32100,b,1.4856749773025513,2,216,
7,32100,c,1.2811595797538757,2,216,
7,32100,d,1.2711992263793945,2,216,
7,32100,e,1.2126202583312988,2,216,
7,32100,f,1.3693467378616333,2,216,
7,32100,g,1.357911765575409,2,216,
7,32100,h,1.2996221780776978,2,216,
7,32100,i,1.2779093980789185,2,216,
7,32400,a,1.2716299295425415,2,218,
7,32400,b,1.344377875328064,2,218,
7,32400,c,1.3974281549453735,2,218,
7,32400,d,1.266885757446289,2,218,
7,32400,e,1.2666112780570984,2,218,
7,32400,f,1.385581612586975,2,218,
7,32400,g,1.4825236201286316,2,218,
7,32400,h,1.2736202478408813,2,218,
7,32400,i,1.2873021364212036,2,218,
7,32700,a,1.3290516138076782,2,220,
7,32700,b,1.459367036819458,2,220,
7,32700,c,1.279313325881958,2,220,
7,32700,d,1.2062518000602722,2,220,
7,32700,e,1.1661477088928223,2,220,
7,32700,f,1.3628386855125427,2,220,
7,32700,g,1.3827236890792847,2,220,
7,32700,h,1.302935242652893,2,220,
7,32700,i,1.2169215679168701,2,220,
7,33000,a,1.2612195014953613,2,222,
7,33000,b,1.5147757530212402,2,222,
7,33000,c,1.3851984739303589,2,222,
7,33000,d,1.2966465950012207,2,222,
7,33000,e,1.3338984251022339,2,222,
7,33000,f,1.2133866548538208,2,222,
7,33000,g,1.2836927771568298,2,222,
7,33000,h,1.332686722278595,2,222,
7,33000,i,1.3685652613639832,2,222,
7,33300,a,1.3284516334533691,2,224,
7,33300,b,1.3358426094055176,2,224,
7,33300,c,1.3350979685783386,2,224,
7,33300,d,1.298201560974121,2,224,
7,33300,e,1.2723244428634644,2,224,
7,33300,f,1.2420476078987122,2,224,
7,33300,g,1.3169973492622375,2,224,
7,33300,h,1.322625756263733,2,224,
7,33300,i,1.2236871123313904,2,224,
7,33600,a,1.1596055030822754,2,226,
7,33600,b,1.3782662153244019,2,226,
7,33600,c,1.3300163745880127,2,226,
7,33600,d,1.282679259777069,2,226,
7,33600,e,1.427110731601715,2,226,
7,33600,f,1.2159977555274963,2,226,
7,33600,g,1.3419336080551147,2,226,
7,33600,h,1.328778624534607,2,226,
7,33600,i,1.3332418203353882,2,226,
7,33900,a,1.1315333843231201,2,228,
7,33900,b,1.431825339794159,2,228,
7,33900,c,1.337659239768982,2,228,
7,33900,d,1.3067547678947449,2,228,
7,33900,e,1.3471020460128784,2,228,
7,33900,f,1.302003562450409,2,228,
7,33900,g,1.3164587020874023,2,228,
7,33900,h,1.3591298460960388,2,228,
7,33900,i,1.1469004154205322,2,228,
7,34200,a,1.2807876467704773,2,230,
7,34200,b,1.413925588130951,2,230,
7,34200,c,1.3583349585533142,2,230,
7,34200,d,1.1993818283081055,2,230,
7,34200,e,1.244362473487854,2,230,
7,34200,f,1.313807725906372,2,230,
7,34200,g,1.3899568319320679,2,230,
7,34200,h,1.2559228539466858,2,230,
7,34200,i,1.1860874891281128,2,230,
7,34500,a,1.3839992880821228,2,232,
7,34500,b,1.3572420477867126,2,232,
7,34500,c,1.416614055633545,2,232,
7,34500,d,1.2869901657104492,2,232,
7,34500,e,1.3579095602035522,2,232,
7,34500,f,1.4380086064338684,2,232,
7,34500,g,1.2930856347084045,2,232,
7,34500,h,1.2487434148788452,2,232,
7,34500,i,1.2502665519714355,2,232,
7,34800,a,1.2208471894264221,2,234,
7,34800,b,1.3799134492874146,2,234,
7,34800,c,1.250813603401184,2,234,
7,34800,d,1.2337012887001038,2,234,
7,34800,e,1.216225028038025,2,234,
7,34800,f,1.2357200384140015,2,234,
7,34800,g,1.230079174041748,2,234,
7,34800,h,1.2475640773773193,2,234,
7,34800,i,1.2414352893829346,2,234,
7,35100,a,1.2568802237510681,2,236,
7,35100,b,1.4109610319137573,2,236,
7,35100,c,1.3496405482292175,2,236,
7,35100,d,1.2409928441047668,2,236,
7,35100,e,1.22725510597229,2,236,
7,35100,f,1.1792759895324707,2,236,
7,35100,g,1.2157540321350098,2,236,
7,35100,h,1.2236244082450867,2,236,
7,35100,i,1.2173569202423096,2,236,
7,35400,a,1.2291563153266907,2,238,
7,35400,b,1.3560733795166016,2,238,
7,35400,c,1.3259184956550598,2,238,
7,35400,d,1.1561505794525146,2,238,
7,35400,e,1.4074736833572388,2,238,
7,35400,f,1.3130115270614624,2,238,
7,35400,g,1.3304450511932373,2,238,
7,35400,h,1.2936922311782837,2,238,
7,35400,i,1.198229968547821,2,238,
7,35700,a,1.1135061383247375,2,240,
7,35700,b,1.4377940893173218,2,240,
7,35700,c,1.2652102708816528,2,240,
7,35700,d,1.3654890656471252,2,240,
7,35700,e,1.184757113456726,2,240,
7,35700,f,1.3715797662734985,2,240,
7,35700,g,1.3314621448516846,2,240,
7,35700,h,1.3454631567001343,2,240,
7,35700,i,1.097296118736267,2,240,
7,36000,a,1.1247164011001587,2,242,
7,36000,b,1.2035940885543823,2,242,
7,36000,c,1.3231545686721802,2,242,
7,36000,d,1.2530238628387451,2,242,
7,36000,e,1.2043687105178833,2,242,
7,36000,f,1.3759711384773254,2,242,
7,36000,g,1.2490562200546265,2,242,
7,36000,h,1.162734031677246,2,242,
7,36000,i,1.2948387265205383,2,242,
7,36300,a,1.1689260005950928,2,244,
7,36300,b,1.3218477368354797,2,244,
7,36300,c,1.4588384628295898,2,244,
7,36300,d,1.3955483436584473,2,244,
7,36300,e,1.0644567012786865,2,244,
7,36300,f,1.254003643989563,2,244,
7,36300,g,1.354193925857544,2,244,
7,36300,h,1.1214596033096313,2,244,
7,36300,i,1.2888190746307373,2,244,
7,36600,a,1.3194004893302917,2,246,
7,36600,b,1.2041359543800354,2,246,
7,36600,c,1.3078044652938843,2,246,
7,36600,d,1.1689258217811584,2,246,
7,36600,e,1.1627141833305359,2,246,
7,36600,f,1.34149169921875,2,246,
7,36600,g,1.2273463010787964,2,246,
7,36600,h,1.2465107440948486,2,246,
7,36600,i,1.2747867703437805,2,246,
7,36900,a,1.3245148062705994,2,248,
7,36900,b,1.252825379371643,2,248,
7,36900,c,1.3116146326065063,2,248,
7,36900,d,1.3154696226119995,2,248,
7,36900,e,1.2393008470535278,2,248,
7,36900,f,1.286191165447235,2,248,
7,36900,g,1.3834048509597778,2,248,
7,36900,h,1.2216733694076538,2,248,
7,36900,i,1.2299959659576416,2,248,
7,37200,a,1.2466315031051636,2,250,
7,37200,b,1.3884398341178894,2,250,
7,37200,c,1.234405279159546,2,250,
7,37200,d,1.2551447749137878,2,250,
7,37200,e,1.4901949167251587,2,250,
7,37200,f,1.2896860241889954,2,250,
7,37200,g,1.2955231070518494,2,250,
7,37200,h,1.1815646886825562,2,250,
7,37200,i,1.2661900520324707,2,250,
7,37500,a,1.1866204738616943,2,252,
7,37500,b,1.2740477919578552,2,252,
7,37500,c,1.2550477981567383,2,252,
7,37500,d,1.1585177183151245,2,252,
7,37500,e,1.2906290292739868,2,252,
7,37500,f,1.198954701423645,2,252,
7,37500,g,1.1662355661392212,2,252,
7,37500,h,1.1903942823410034,2,252,
7,37500,i,1.20968896150589,2,252,
7,37800,a,1.1945164203643799,2,254,
7,37800,b,1.3339595198631287,2,254,
7,37800,c,1.2211135029792786,2,254,
7,37800,d,1.15217924118042,2,254,
7,37800,e,1.2930251359939575,2,254,
7,37800,f,1.4880255460739136,2,254,
7,37800,g,1.4276376962661743,2,254,
7,37800,h,1.1904669404029846,2,254,
7,37800,i,1.2800743579864502,2,254,
7,38100,a,1.2457913756370544,2,256,
7,38100,b,1.396921992301941,2,256,
7,38100,c,1.2925556898117065,2,256,
7,38100,d,1.2621079683303833,2,256,
7,38100,e,1.2501761317253113,2,256,
7,38100,f,1.286134958267212,2,256,
7,38100,g,1.1669133305549622,2,256,
7,38100,h,1.3144242763519287,2,256,
7,38100,i,1.1818296313285828,2,256,
7,38400,a,1.1903405785560608,2,258,
7,38400,b,1.3129411935806274,2,258,
7,38400,c,1.2249069213867188,2,258,
7,38400,d,1.2216196656227112,2,258,
7,38400,e,1.400239109992981,2,258,
7,38400,f,1.2294235229492188,2,258,
7,38400,g,1.2214224338531494,2,258,
7,38400,h,1.1307534575462341,2,258,
7,38400,i,1.3032273054122925,2,258,
7,38700,a,1.1358906030654907,2,260,
7,38700,b,1.347065806388855,2,260,
7,38700,c,1.4835565090179443,2,260,
7,38700,d,1.1658413410186768,2,260,
7,38700,e,1.3300482034683228,2,260,
7,38700,f,1.3881794810295105,2,260,
7,38700,g,1.3150262832641602,2,260,
7,38700,h,1.2396933436393738,2,260,
7,38700,i,1.2586655616760254,2,260,
7,39000,a,1.1527079939842224,2,262,
7,39000,b,1.3018064498901367,2,262,
7,39000,c,1.3147656321525574,2,262,
7,39000,d,1.2254451513290405,2,262,
7,39000,e,1.1225972175598145,2,262,
7,39000,f,1.331394910812378,2,262,
7,39000,g,1.2042044401168823,2,262,
7,39000,h,1.1319806575775146,2,262,
7,39000,i,1.1215674877166748,2,262,
7,39300,a,1.1342585682868958,2,264,
7,39300,b,1.219824194908142,2,264,
7,39300,c,1.2000399827957153,2,264,
7,39300,d,1.181859016418457,2,264,
7,39300,e,1.213434636592865,2,264,
7,39300,f,1.28322172164917,2,264,
7,39300,g,1.2888940572738647,2,264,
7,39300,h,1.0891361236572266,2,264,
7,39300,i,1.2158434987068176,2,264,
7,39600,a,1.328361988067627,2,266,
7,39600,b,1.2886900901794434,2,266,
7,39600,c,1.343153476715088,2,266,
7,39600,d,1.2191056609153748,2,266,
7,39600,e,1.0432960391044617,2,266,
7,39600,f,1.2108639478683472,2,266,
7,39600,g,1.337819218635559,2,266,
7,39600,h,1.1843674778938293,2,266,
7,39600,i,1.1975452303886414,2,266,
7,39900,a,1.1722110509872437,2,268,
7,39900,b,1.4076606035232544,2,268,
7,39900,c,1.2248581647872925,2,268,
7,39900,d,1.3844979405403137,2,268,
7,39900,e,1.1891885995864868,2,268,
7,39900,f,1.194140374660492,2,268,
7,39900,g,1.2807148098945618,2,268,
7,39900,h,1.212391972541809,2,268,
7,39900,i,1.0949051976203918,2,268,
7,40200,a,1.415009081363678,2,270,
7,40200,b,1.3335390090942383,2,270,
7,40200,c,1.2845678329467773,2,270,
7,40200,d,1.0559281706809998,2,270,
7,40200,e,1.3489611148834229,2,270,
7,40200,f,1.3010408282279968,2,270,
7,40200,g,1.2571887373924255,2,270,
7,40200,h,1.2238061428070068,2,270,
7,40200,i,1.094137966632843,2,270,
7,40500,a,1.2432100176811218,2,272,
7,40500,b,1.414164662361145,2,272,
7,40500,c,1.3666812181472778,2,272,
7,40500,d,1.1007679104804993,2,272,
7,40500,e,1.2759393453598022,2,272,
7,40500,f,1.2218512892723083,2,272,
7,40500,g,1.261265516281128,2,272,
7,40500,h,1.3576244115829468,2,272,
7,40500,i,1.1136993169784546,2,272,
7,40800,a,1.4294488430023193,2,274,
7,40800,b,1.391683578491211,2,274,
7,40800,c,1.2234216928482056,2,274,
7,40800,d,1.251484453678131,2,274,
7,40800,e,1.1670199632644653,2,274,
7,40800,f,1.3026342391967773,2,274,
7,40800,g,1.2347067594528198,2,274,
7,40800,h,1.1243723034858704,2,274,
7,40800,i,1.1383748054504395,2,274,
7,41100,a,1.2151256799697876,2,276,
7,41100,b,1.3975057005882263,2,276,
7,41100,c,1.275307297706604,2,276,
7,41100,d,1.1738134622573853,2,276,
7,41100,e,1.3723233342170715,2,276,
7,41100,f,1.1097702383995056,2,276,
7,41100,g,1.3111213445663452,2,276,
7,41100,h,1.2422983646392822,2,276,
7,41100,i,1.2816550731658936,2,276,
7,41400,a,1.3461822271347046,2,278,
7,41400,b,1.3362947702407837,2,278,
7,41400,c,1.4882258772850037,2,278,
7,41400,d,1.1629789471626282,2,278,
7,41400,e,1.3699951171875,2,278,
7,41400,f,1.3700405359268188,2,278,
7,41400,g,1.2129087448120117,2,278,
7,41400,h,1.2277051210403442,2,278,
7,41400,i,1.437883734703064,2,278,
7,41700,a,1.1718803644180298,2,280,
7,41700,b,1.3127034306526184,2,280,
7,41700,c,1.2562310695648193,2,280,
7,41700,d,1.2200775146484375,2,280,
7,41700,e,1.1103515625,2,280,
7,41700,f,1.173253357410431,2,280,
7,41700,g,1.2943097352981567,2,280,
7,41700,h,1.0774946212768555,2,280,
7,41700,i,1.2110663056373596,2,280,
7,42000,a,1.2293287515640259,2,282,
7,42000,b,1.275687575340271,2,282,
7,42000,c,1.6006576418876648,2,282,
7,42000,d,1.1029887199401855,2,282,
7,42000,e,1.2199892401695251,2,282,
7,42000,f,1.165237545967102,2,282,
7,42000,g,1.3788754343986511,2,282,
7,42000,h,1.2315293550491333,2,282,
7,42000,i,1.1144073605537415,2,282,
7,42300,a,1.2494776844978333,2,284,
7,42300,b,1.2847604751586914,2,284,
7,42300,c,1.1953743696212769,2,284,
7,42300,d,1.0990694761276245,2,284,
7,42300,e,1.1386061310768127,2,284,
7,42300,f,1.239746332168579,2,284,
7,42300,g,1.2848594784736633,2,284,
7,42300,h,1.4162338972091675,2,284,
7,42300,i,1.1886721849441528,2,284,
7,42600,a,1.2963423132896423,2,286,
7,42600,b,1.1261690855026245,2,286,
7,42600,c,1.2291213274002075,2,286,
7,42600,d,1.211179494857788,2,286,
7,42600,e,1.1595957279205322,2,286,
7,42600,f,1.2156027555465698,2,286,
7,42600,g,1.1743489503860474,2,286,
7,42600,h,1.0976850986480713,2,286,
7,42600,i,1.155307948589325,2,286,
7,42900,a,1.0090068876743317,2,288,
7,42900,b,1.400036096572876,2,288,
7,42900,c,1.3733769655227661,2,288,
7,42900,d,1.1186648607254028,2,288,
7,42900,e,1.08962744474411,2,288,
7,42900,f,1.2369136810302734,2,288,
7,42900,g,1.1827842593193054,2,288,
7,42900,h,1.2242044806480408,2,288,
7,42900,i,1.2627625465393066,2,288,
7,43200,a,1.1369360089302063,2,290,
7,43200,b,1.1770257949829102,2,290,
7,43200,c,1.1359822154045105,2,290,
7,43200,d,1.1481203436851501,2,290,
7,43200,e,1.1639697551727295,2,290,
7,43200,f,1.3833447098731995,2,290,
7,43200,g,1.4182108640670776,2,290,
7,43200,h,1.2774056196212769,2,290,
7,43200,i,0.9999870657920837,2,290,
7,43500,a,1.0698245763778687,2,292,
7,43500,b,1.261858582496643,2,292,
7,43500,c,1.3818116188049316,2,292,
7,43500,d,1.2104113101959229,2,292,
7,43500,e,1.038590908050537,2,292,
7,43500,f,1.3953661918640137,2,292,
7,43500,g,1.1402269005775452,2,292,
7,43500,h,1.241292119026184,2,292,
7,43500,i,1.1785700917243958,2,292,
7,43800,a,1.173165202140808,2,294,
7,43800,b,1.3381407856941223,2,294,
7,43800,c,1.3560380935668945,2,294,
7,43800,d,1.1504387855529785,2,294,
7,43800,e,1.140392541885376,2,294,
7,43800,f,1.2776998281478882,2,294,
7,43800,g,1.2158579230308533,2,294,
7,43800,h,1.104500651359558,2,294,
7,43800,i,1.0543096959590912,2,294,
7,44100,a,1.2009083032608032,2,296,
7,44100,b,1.3285041451454163,2,296,
7,44100,c,1.2724578380584717,2,296,
7,44100,d,1.2894238829612732,2,296,
7,44100,e,1.2083837985992432,2,296,
7,44100,f,1.5925590991973877,2,296,
7,44100,g,1.2775065898895264,2,296,
7,44100,h,1.1544885635375977,2,296,
7,44100,i,1.0589876174926758,2,296,
7,44400,a,1.1302526593208313,2,298,
7,44400,b,1.1748589873313904,2,298,
7,44400,c,1.0195527076721191,2,298,
7,44400,d,1.1237513422966003,2,298,
7,44400,e,1.0878037810325623,2,298,
7,44400,f,1.2619683146476746,2,298,
7,44400,g,1.260056734085083,2,298,
7,44400,h,1.34775310754776,2,298,
7,44400,i,1.184504508972168,2,298,
7,44700,a,1.3078899383544922,2,300,
7,44700,b,1.346746563911438,2,300,
7,44700,c,1.2966845631599426,2,300,
7,44700,d,1.2017321586608887,2,300,
7,44700,e,1.1540376543998718,2,300,
7,44700,f,1.2404725551605225,2,300,
7,44700,g,1.1851200461387634,2,300,
7,44700,h,1.1849604845046997,2,300,
7,44700,i,1.0354177951812744,2,300,
7,45000,a,1.1169902086257935,2,302,
7,45000,b,1.2135475873947144,2,302,
7,45000,c,1.2628719806671143,2,302,
7,45000,d,1.0721563696861267,2,302,
7,45000,e,1.2646701335906982,2,302,
7,45000,f,1.2092759013175964,2,302,
7,45000,g,1.1446279883384705,2,302,
7,45000,h,1.1347902417182922,2,302,
7,45000,i,1.2523488402366638,2,302,
7,45300,a,1.2156600952148438,2,304,
7,45300,b,1.3927627205848694,2,304,
7,45300,c,1.1341990232467651,2,304,
7,45300,d,1.2135534286499023,2,304,
7,45300,e,1.2210999727249146,2,304,
7,45300,f,1.0990115404129028,2,304,
7,45300,g,1.2681132555007935,2,304,
7,45300,h,1.1607166528701782,2,304,
7,45300,i,1.1280927062034607,2,304,
7,45600,a,1.2302541136741638,2,306,
7,45600,b,1.3122464418411255,2,306,
7,45600,c,1.4390358924865723,2,306,
7,45600,d,1.1293081641197205,2,306,
7,45600,e,1.0972243547439575,2,306,
7,45600,f,1.276308834552765,2,306,
7,45600,g,1.1320204734802246,2,306,
7,45600,h,1.168290913105011,2,306,
7,45600,i,1.0989482402801514,2,306,
7,45900,a,1.1724181771278381,2,308,
7,45900,b,1.2786277532577515,2,308,
7,45900,c,1.4007477760314941,2,308,
7,45900,d,1.2122550010681152,2,308,
7,45900,e,1.1851332783699036,2,308,
7,45900,f,1.1701434254646301,2,308,
7,45900,g,1.165675699710846,2,308,
7,45900,h,1.114976704120636,2,308,
7,45900,i,1.2778688669204712,2,308,
7,46200,a,1.5128554701805115,2,310,
7,46200,b,1.1728053092956543,2,310,
7,46200,c,1.2680688500404358,2,310,
7,46200,d,1.283918559551239,2,310,
7,46200,e,1.1825077533721924,2,310,
7,46200,f,1.2748461961746216,2,310,
7,46200,g,1.2073305249214172,2,310,
7,46200,h,1.2809176445007324,2,310,
7,46200,i,1.1130693554878235,2,310,
7,46500,a,1.3452956080436707,2,312,
7,46500,b,1.5362839698791504,2,312,
7,46500,c,1.235215425491333,2,312,
7,46500,d,1.2357632517814636,2,312,
7,46500,e,1.345523476600647,2,312,
7,46500,f,1.3238438367843628,2,312,
7,46500,g,1.3965066075325012,2,312,
7,46500,h,1.1870303750038147,2,312,
7,46500,i,1.1398067474365234,2,312,
7,46800,a,1.2385966777801514,2,314,
7,46800,b,1.1827319860458374,2,314,
7,46800,c,1.1989575624465942,2,314,
7,46800,d,1.150831162929535,2,314,
7,46800,e,1.100757658481598,2,314,
7,46800,f,1.1955115795135498,2,314,
7,46800,g,1.1333818435668945,2,314,
7,46800,h,1.0769331455230713,2,314,
7,46800,i,1.1759666204452515,2,314,
7,47100,a,1.2540154457092285,2,316,
7,47100,b,1.2975833415985107,2,316,
7,47100,c,1.3182806968688965,2,316,
7,47100,d,1.1828665733337402,2,316,
7,47100,e,1.4321173429489136,2,316,
7,47100,f,1.276490330696106,2,316,
7,47100,g,1.1118881702423096,2,316,
7,47100,h,1.1483265161514282,2,316,
7,47100,i,1.130687952041626,2,316,
7,47400,a,1.172667682170868,2,318,
7,47400,b,1.3288732171058655,2,318,
7,47400,c,1.3467340469360352,2,318,
7,47400,d,1.0663984715938568,2,318,
7,47400,e,1.3266572952270508,2,318,
7,47400,f,1.1412019729614258,2,318,
7,47400,g,1.2471437454223633,2,318,
7,47400,h,1.2683300375938416,2,318,
7,47400,i,1.2154746651649475,2,318,
7,47700,a,1.079953670501709,2,320,
7,47700,b,1.2457921504974365,2,320,
7,47700,c,1.1484389305114746,2,320,
7,47700,d,1.205221176147461,2,320,
7,47700,e,1.1389100551605225,2,320,
7,47700,f,1.2890169620513916,2,320,
7,47700,g,1.3380005359649658,2,320,
7,47700,h,1.2933349013328552,2,320,
7,47700,i,1.005802869796753,2,320,
7,48000,a,1.0991095304489136,2,322,
7,48000,b,1.2892038822174072,2,322,
7,48000,c,1.1369313597679138,2,322,
7,48000,d,1.173127293586731,2,322,
7,48000,e,1.2908517718315125,2,322,
7,48000,f,1.1084867715835571,2,322,
7,48000,g,1.1770345568656921,2,322,
7,48000,h,1.1138900518417358,2,322,
7,48000,i,1.1278950572013855,2,322,
7,48300,a,1.157897710800171,2,324,
7,48300,b,1.215614140033722,2,324,
7,48300,c,1.2271993160247803,2,324,
7,48300,d,0.9992994368076324,2,324,
7,48300,e,1.2259142398834229,2,324,
7,48300,f,1.1534115672111511,2,324,
7,48300,g,1.1230384707450867,2,324,
7,48300,h,1.2376167178153992,2,324,
7,48300,i,1.1508710980415344,2,324,
7,48600,a,1.097983181476593,2,326,
7,48600,b,1.3233827352523804,2,326,
7,48600,c,1.1156150102615356,2,326,
7,48600,d,1.1673696041107178,2,326,
7,48600,e,1.103873372077942,2,326,
7,48600,f,1.198341727256775,2,326,
7,48600,g,1.2643542885780334,2,326,
7,48600,h,1.0329074263572693,2,326,
7,48600,i,1.1274053454399109,2,326,
7,48900,a,1.04376220703125,2,328,
7,48900,b,1.2995367646217346,2,328,
7,48900,c,1.2628474235534668,2,328,
7,48900,d,1.1096490025520325,2,328,
7,48900,e,1.1709789037704468,2,328,
7,48900,f,1.1235329508781433,2,328,
7,48900,g,1.2715560793876648,2,328,
7,48900,h,1.337714672088623,2,328,
7,48900,i,1.2493212223052979,2,328,
7,49200,a,1.1913347244262695,2,330,
7,49200,b,1.287841796875,2,330,
7,49200,c,1.1775823831558228,2,330,
7,49200,d,1.079854667186737,2,330,
7,49200,e,1.102526843547821,2,330,
7,49200,f,1.1417633295059204,2,330,
7,49200,g,1.2824746370315552,2,330,
7,49200,h,1.0281001031398773,2,330,
7,49200,i,1.0719268321990967,2,330,
7,49500,a,1.0269527435302734,2,332,
7,49500,b,1.2448346018791199,2,332,
7,49500,c,1.24156653881073,2,332,
7,49500,d,1.0989577770233154,2,332,
7,49500,e,1.2613645792007446,2,332,
7,49500,f,1.2506945133209229,2,332,
7,49500,g,1.2028888463974,2,332,
7,49500,h,1.0515371561050415,2,332,
7,49500,i,1.1578534841537476,2,332,
7,49800,a,1.1098650693893433,2,334,
7,49800,b,1.2698227763175964,2,334,
7,49800,c,1.1936488151550293,2,334,
7,49800,d,1.1643635630607605,2,334,
7,49800,e,1.093723177909851,2,334,
7,49800,f,1.1678202152252197,2,334,
7,49800,g,1.1550275087356567,2,334,
7,49800,h,0.8845791220664978,2,334,
7,49800,i,1.1226312518119812,2,334,
7,50100,a,1.2213231921195984,2,336,
7,50100,b,1.108899712562561,2,336,
7,50100,c,1.2310320138931274,2,336,
7,50100,d,1.178073763847351,2,336,
7,50100,e,1.1193960309028625,2,336,
7,50100,f,1.1688067317008972,2,336,
7,50100,g,1.2493827939033508,2,336,
7,50100,h,1.0903474688529968,2,336,
7,50100,i,1.1852134466171265,2,336,
7,50400,a,1.1600677967071533,2,338,
7,50400,b,1.1763566732406616,2,338,
7,50400,c,1.2021585702896118,2,338,
7,50400,d,1.1180601119995117,2,338,
7,50400,e,1.0209494233131409,2,338,
7,50400,f,1.1588144898414612,2,338,
7,50400,g,1.2153400778770447,2,338,
7,50400,h,1.1199941039085388,2,338,
7,50400,i,1.166800618171692,2,338,
7,50700,a,1.0894793272018433,2,340,
7,50700,b,1.1008620262145996,2,340,
7,50700,c,1.2741150259971619,2,340,
7,50700,d,1.0374411344528198,2,340,
7,50700,e,1.0431056022644043,2,340,
7,50700,f,1.0964020490646362,2,340,
7,50700,g,1.0519869327545166,2,340,
7,50700,h,1.1405195593833923,2,340,
7,50700,i,1.2574750781059265,2,340,
7,51000,a,1.0694283545017242,2,342,
7,51000,b,1.1768441200256348,2,342,
7,51000,c,1.108670711517334,2,342,
7,51000,d,1.069982647895813,2,342,
7,51000,e,0.9242539405822754,2,342,
7,51000,f,1.1484484672546387,2,342,
7,51000,g,1.3110369443893433,2,342,
7,51000,h,1.1894373893737793,2,342,
7,51000,i,1.0662286281585693,2,342,
7,51300,a,1.1666347980499268,2,344,
7,51300,b,1.077823281288147,2,344,
7,51300,c,1.1608852744102478,2,344,
7,51300,d,1.3734602332115173,2,344,
7,51300,e,0.9848895072937012,2,344,
7,51300,f,1.3359692096710205,2,344,
7,51300,g,1.279209315776825,2,344,
7,51300,h,1.1611396074295044,2,344,
7,51300,i,1.0339681506156921,2,344,
7,51600,a,1.0826581120491028,2,346,
7,51600,b,1.3364180326461792,2,346,
7,51600,c,1.2777068614959717,2,346,
7,51600,d,1.0649763345718384,2,346,
7,51600,e,1.1667395234107971,2,346,
7,51600,f,1.3078534603118896,2,346,
7,51600,g,1.153111755847931,2,346,
7,51600,h,0.9931584894657135,2,346,
7,51600,i,1.1183695197105408,2,346,
7,51900,a,0.9758630990982056,2,348,
7,51900,b,1.2213245630264282,2,348,
7,51900,c,1.264480710029602,2,348,
7,51900,d,1.0383620262145996,2,348,
7,51900,e,1.328364372253418,2,348,
7,51900,f,1.1034406423568726,2,348,
7,51900,g,1.1997478008270264,2,348,
7,51900,h,1.1890628933906555,2,348,
7,51900,i,1.171792984008789,2,348,
7,52200,a,1.0198522806167603,2,350,
7,52200,b,1.1839369535446167,2,350,
7,52200,c,1.254895806312561,2,350,
7,52200,d,1.1785733103752136,2,350,
7,52200,e,1.152878761291504,2,350,
7,52200,f,1.119107186794281,2,350,
7,52200,g,1.3059977293014526,2,350,
7,52200,h,1.219402015209198,2,350,
7,52200,i,1.03794264793396,2,350,
7,52500,a,1.163208544254303,2,352,
7,52500,b,1.1487104296684265,2,352,
7,52500,c,1.226115643978119,2,352,
7,52500,d,1.1322400867938995,2,352,
7,52500,e,1.0105351209640503,2,352,
7,52500,f,1.1402989029884338,2,352,
7,52500,g,1.1646144390106201,2,352,
7,52500,h,1.1004959344863892,2,352,
7,52500,i,0.9645098149776459,2,352,
7,52800,a,1.2087503671646118,2,354,
7,52800,b,1.2815948724746704,2,354,
7,52800,c,1.3809977769851685,2,354,
7,52800,d,1.1221296787261963,2,354,
7,52800,e,1.2121805846691132,2,354,
7,52800,f,1.1901829242706299,2,354,
7,52800,g,1.2280815839767456,2,354,
7,52800,h,1.1755444407463074,2,354,
7,52800,i,1.1716625094413757,2,354,
7,53100,a,1.1425709128379822,2,356,
7,53100,b,1.1594625115394592,2,356,
7,53100,c,1.1792716979980469,2,356,
7,53100,d,1.1571233570575714,2,356,
7,53100,e,1.055582582950592,2,356,
7,53100,f,1.087881624698639,2,356,
7,53100,g,1.1079586744308472,2,356,
7,53100,h,1.1117783188819885,2,356,
7,53100,i,1.100740671157837,2,356,
7,53400,a,1.180640697479248,2,358,
7,53400,b,1.1123740077018738,2,358,
7,53400,c,1.246422529220581,2,358,
7,53400,d,1.0188219249248505,2,358,
7,53400,e,1.0835945010185242,2,358,
7,53400,f,1.2436394691467285,2,358,
7,53400,g,0.9922023117542267,2,358,
7,53400,h,1.1335268020629883,2,358,
7,53400,i,1.0192970037460327,2,358,
7,53700,a,1.2608169317245483,2,360,
7,53700,b,1.146952748298645,2,360,
7,53700,c,1.1472421884536743,2,360,
7,53700,d,1.123560607433319,2,360,
7,53700,e,1.0978877544403076,2,360,
7,53700,f,1.2280813455581665,2,360,
7,53700,g,1.386851727962494,2,360,
7,53700,h,1.0480878949165344,2,360,
7,53700,i,1.1520195007324219,2,360,
7,54000,a,1.0765668153762817,2,362,
7,54000,b,1.1813157796859741,2,362,
7,54000,c,1.3047388195991516,2,362,
7,54000,d,1.3001751899719238,2,362,
7,54000,e,1.0530327260494232,2,362,
7,54000,f,1.0574530363082886,2,362,
7,54000,g,1.425488531589508,2,362,
7,54000,h,1.0707242488861084,2,362,
7,54000,i,1.1552568674087524,2,362,
7,54300,a,0.981796532869339,2,364,
7,54300,b,1.141007125377655,2,364,
7,54300,c,1.0972678661346436,2,364,
7,54300,d,1.0915310978889465,2,364,
7,54300,e,1.3866114616394043,2,364,
7,54300,f,1.1386243104934692,2,364,
7,54300,g,1.212568461894989,2,364,
7,54300,h,0.9171167314052582,2,364,
7,54300,i,1.1703623533248901,2,364,
7,54600,a,1.0694827139377594,2,366,
7,54600,b,1.110923945903778,2,366,
7,54600,c,1.0763344168663025,2,366,
7,54600,d,1.2287728190422058,2,366,
7,54600,e,1.0010759830474854,2,366,
7,54600,f,1.0738639831542969,2,366,
7,54600,g,1.2280147075653076,2,366,
7,54600,h,1.123457908630371,2,366,
7,54600,i,0.9924975037574768,2,366,
7,54900,a,1.2258840799331665,2,368,
7,54900,b,1.19694584608078,2,368,
7,54900,c,1.2838805317878723,2,368,
7,54900,d,1.2406610250473022,2,368,
7,54900,e,1.0225108861923218,2,368,
7,54900,f,1.2435637712478638,2,368,
7,54900,g,1.0532268285751343,2,368,
7,54900,h,0.9053865373134613,2,368,
7,54900,i,1.0289911925792694,2,368,
7,55200,a,1.207753837108612,2,370,
7,55200,b,1.2915124297142029,2,370,
7,55200,c,1.2198559641838074,2,370,
7,55200,d,1.145656943321228,2,370,
7,55200,e,1.0399449467658997,2,370,
7,55200,f,1.231326162815094,2,370,
7,55200,g,1.0905479788780212,2,370,
7,55200,h,1.180559754371643,2,370,
7,55200,i,1.1311718821525574,2,370,
7,55500,a,1.1011773347854614,2,372,
7,55500,b,1.212520718574524,2,372,
7,55500,c,1.3252503871917725,2,372,
7,55500,d,1.2242411971092224,2,372,
7,55500,e,0.9399663209915161,2,372,
7,55500,f,1.0078915655612946,2,372,
7,55500,g,1.1747119426727295,2,372,
7,55500,h,1.0794046521186829,2,372,
7,55500,i,1.1698710322380066,2,372,
7,55800,a,1.112852156162262,2,374,
7,55800,b,1.3099001049995422,2,374,
7,55800,c,1.1993438005447388,2,374,
7,55800,d,1.274600625038147,2,374,
7,55800,e,1.1344982385635376,2,374,
7,55800,f,1.2021502256393433,2,374,
7,55800,g,1.2953882217407227,2,374,
7,55800,h,1.0516022145748138,2,374,
7,55800,i,0.9758301675319672,2,374,
7,56100,a,1.1887884736061096,2,376,
7,56100,b,1.1983982920646667,2,376,
7,56100,c,1.1926467418670654,2,376,
7,56100,d,1.071068286895752,2,376,
7,56100,e,1.116483449935913,2,376,
7,56100,f,1.1744228601455688,2,376,
7,56100,g,1.1378766298294067,2,376,
7,56100,h,1.1176698207855225,2,376,
7,56100,i,1.0525503158569336,2,376,
7,56400,a,1.0490512549877167,2,378,
7,56400,b,1.0379000306129456,2,378,
7,56400,c,1.1384937167167664,2,378,
7,56400,d,1.0881635546684265,2,378,
7,56400,e,1.0231773257255554,2,378,
7,56400,f,1.0945726037025452,2,378,
7,56400,g,1.1179749965667725,2,378,
7,56400,h,1.0663673877716064,2,378,
7,56400,i,1.144595205783844,2,378,
7,56700,a,0.9367935955524445,2,380,
7,56700,b,1.0160441100597382,2,380,
7,56700,c,1.3999823927879333,2,380,
7,56700,d,1.0354391634464264,2,380,
7,56700,e,1.036889672279358,2,380,
7,56700,f,1.2026257514953613,2,380,
7,56700,g,1.1324504017829895,2,380,
7,56700,h,1.099493384361267,2,380,
7,56700,i,1.1612685918807983,2,380,
7,57000,a,1.3738824129104614,2,382,
7,57000,b,1.0843021869659424,2,382,
7,57000,c,0.9921954870223999,2,382,
7,57000,d,1.1007452011108398,2,382,
7,57000,e,0.992375910282135,2,382,
7,57000,f,1.2770555019378662,2,382,
7,57000,g,0.9805689752101898,2,382,
7,57000,h,1.1440112590789795,2,382,
7,57000,i,1.0458629727363586,2,382,
7,57300,a,1.0407994985580444,2,384,
7,57300,b,1.2489138841629028,2,384,
7,57300,c,1.3068036437034607,2,384,
7,57300,d,1.1043846607208252,2,384,
7,57300,e,1.1008384227752686,2,384,
7,57300,f,0.9936178922653198,2,384,
7,57300,g,1.350039541721344,2,384,
7,57300,h,1.0723821520805359,2,384,
7,57300,i,0.9637991786003113,2,384,
7,57600,a,0.9283412098884583,2,386,
7,57600,b,1.2307983040809631,2,386,
7,57600,c,1.3296322226524353,2,386,
7,57600,d,1.0096729397773743,2,386,
7,57600,e,1.0440118908882141,2,386,
7,57600,f,1.0451359748840332,2,386,
7,57600,g,1.1597706079483032,2,386,
7,57600,h,1.06116384267807,2,386,
7,57600,i,1.118837833404541,2,386,
7,57900,a,1.136722445487976,2,388,
7,57900,b,1.271639347076416,2,388,
7,57900,c,1.042366087436676,2,388,
7,57900,d,0.8787491321563721,2,388,
7,57900,e,1.1989496350288391,2,388,
7,57900,f,1.1041229963302612,2,388,
7,57900,g,1.1506984233856201,2,388,
7,57900,h,0.9356096982955933,2,388,
7,57900,i,0.9873830080032349,2,388,
7,58200,a,1.003628671169281,2,390,
7,58200,b,1.120694100856781,2,390,
7,58200,c,0.9967313706874847,2,390,
7,58200,d,1.0083458423614502,2,390,
7,58200,e,0.9909628629684448,2,390,
7,58200,f,1.1130074262619019,2,390,
7,58200,g,1.105407953262329,2,390,
7,58200,h,0.9030402302742004,2,390,
7,58200,i,1.1840968132019043,2,390,
7,58500,a,1.1302151381969452,2,392,
7,58500,b,0.9393938779830933,2,392,
7,58500,c,1.1139517426490784,2,392,
7,58500,d,1.0153632760047913,2,392,
7,58500,e,1.1226620078086853,2,392,
7,58500,f,1.0978475213050842,2,392,
7,58500,g,1.0902183055877686,2,392,
7,58500,h,0.9849172830581665,2,392,
7,58500,i,1.1880236268043518,2,392,
7,58800,a,1.0693965554237366,2,394,
7,58800,b,1.035569816827774,2,394,
7,58800,c,1.039584219455719,2,394,
7,58800,d,1.1235712170600891,2,394,
7,58800,e,0.8719705939292908,2,394,
7,58800,f,1.1409412622451782,2,394,
7,58800,g,1.1861525774002075,2,394,
7,58800,h,1.0299693942070007,2,394,
7,58800,i,0.9887309670448303,2,394,
7,59100,a,1.3140358924865723,2,396,
7,59100,b,1.1300946772098541,2,396,
7,59100,c,1.0969484150409698,2,396,
7,59100,d,1.135555624961853,2,396,
7,59100,e,0.997880220413208,2,396,
7,59100,f,1.0280053913593292,2,396,
7,59100,g,1.336385190486908,2,396,
7,59100,h,1.0198269486427307,2,396,
7,59100,i,1.0071622729301453,2,396,
7,59400,a,0.9048367142677307,2,398,
7,59400,b,1.1762444376945496,2,398,
7,59400,c,1.2538511157035828,2,398,
7,59400,d,1.2225506901741028,2,398,
7,59400,e,0.8808007836341858,2,398,
7,59400,f,1.1202732920646667,2,398,
7,59400,g,1.0527495741844177,2,398,
7,59400,h,1.074435293674469,2,398,
7,59400,i,0.974024772644043,2,398,
7,59700,a,1.0084132552146912,2,400,
7,59700,b,1.3214147686958313,2,400,
7,59700,c,1.0702010989189148,2,400,
7,59700,d,1.1148993968963623,2,400,
7,59700,e,1.0028795897960663,2,400,
7,59700,f,1.0574802458286285,2,400,
7,59700,g,1.0229065418243408,2,400,
7,59700,h,1.1252110600471497,2,400,
7,59700,i,0.9822151958942413,2,400,
7,60000,a,1.0584983825683594,2,402,
7,60000,b,1.181636095046997,2,402,
7,60000,c,1.1159662306308746,2,402,
7,60000,d,1.0680077373981476,2,402,
7,60000,e,1.1082045435905457,2,402,
7,60000,f,1.0774109959602356,2,402,
7,60000,g,1.1598436832427979,2,402,
7,60000,h,1.0838231444358826,2,402,
7,60000,i,0.9967820644378662,2,402,
7,60300,a,1.061794400215149,2,404,
7,60300,b,0.9911715984344482,2,404,
7,60300,c,1.1939228773117065,2,404,
7,60300,d,0.9897894859313965,2,404,
7,60300,e,0.9611554145812988,2,404,
7,60300,f,0.9899410605430603,2,404,
7,60300,g,1.1154778599739075,2,404,
7,60300,h,0.9599317014217377,2,404,
7,60300,i,0.8776947855949402,2,404,
7,60600,a,1.0389981269836426,2,406,
7,60600,b,1.1934402585029602,2,406,
7,60600,c,0.9951760172843933,2,406,
7,60600,d,1.1040364503860474,2,406,
7,60600,e,1.1471138298511505,2,406,
7,60600,f,1.0408320426940918,2,406,
7,60600,g,1.1844231486320496,2,406,
7,60600,h,1.0823606252670288,2,406,
7,60600,i,1.0509928464889526,2,406,
7,60900,a,1.0818355083465576,2,408,
7,60900,b,1.301787555217743,2,408,
7,60900,c,1.0429836213588715,2,408,
7,60900,d,0.9533165991306305,2,408,
7,60900,e,0.956151008605957,2,408,
7,60900,f,1.1292726397514343,2,408,
7,60900,g,1.1020012497901917,2,408,
7,60900,h,1.1540399193763733,2,408,
7,60900,i,1.0000803470611572,2,408,
7,61200,a,1.2227346301078796,2,410,
7,61200,b,1.260879635810852,2,410,
7,61200,c,1.229510247707367,2,410,
7,61200,d,1.0563245117664337,2,410,
7,61200,e,0.9415317475795746,2,410,
7,61200,f,1.0330550372600555,2,410,
7,61200,g,1.0095742344856262,2,410,
7,61200,h,1.0984247922897339,2,410,
7,61200,i,1.0321829319000244,2,410,
7,61500,a,1.075789362192154,2,412,
7,61500,b,1.0784878730773926,2,412,
7,61500,c,1.3313589096069336,2,412,
7,61500,d,1.0481963157653809,2,412,
7,61500,e,1.0950139164924622,2,412,
7,61500,f,1.0576120615005493,2,412,
7,61500,g,1.018585741519928,2,412,
7,61500,h,1.1353294849395752,2,412,
7,61500,i,1.0969396233558655,2,412,
7,61800,a,1.1001532673835754,2,414,
7,61800,b,1.0333873629570007,2,414,
7,61800,c,1.0614396333694458,2,414,
7,61800,d,0.8740448355674744,2,414,
7,61800,e,1.1056904792785645,2,414,
7,61800,f,1.07957124710083,2,414,
7,61800,g,1.093205451965332,2,414,
7,61800,h,1.009158432483673,2,414,
7,61800,i,1.0726579427719116,2,414,
7,62100,a,1.370888590812683,2,416,
7,62100,b,1.3099125027656555,2,416,
7,62100,c,1.0760574340820312,2,416,
7,62100,d,1.0080012083053589,2,416,
7,62100,e,1.061323881149292,2,416,
7,62100,f,1.177818477153778,2,416,
7,62100,g,1.2339872121810913,2,416,
7,62100,h,0.9201737344264984,2,416,
7,62100,i,0.9957236051559448,2,416,
7,62400,a,1.1789329648017883,2,418,
7,62400,b,1.32672980427742,2,418,
7,62400,c,1.0995746850967407,2,418,
7,62400,d,1.1973022818565369,2,418,
7,62400,e,0.9592027068138123,2,418,
7,62400,f,1.0173288881778717,2,418,
7,62400,g,0.9476623833179474,2,418,
7,62400,h,1.2314607501029968,2,418,
7,62400,i,0.9820641279220581,2,418,
7,62700,a,1.0538442134857178,2,420,
7,62700,b,1.425866723060608,2,420,
7,62700,c,1.0821453332901,2,420,
7,62700,d,1.0370364785194397,2,420,
7,62700,e,1.016213208436966,2,420,
7,62700,f,1.044704258441925,2,420,
7,62700,g,1.1527395248413086,2,420,
7,62700,h,1.0835682153701782,2,420,
7,62700,i,0.9225941896438599,2,420,
7,63000,a,1.2236937284469604,2,422,
7,63000,b,1.1130990982055664,2,422,
7,63000,c,1.2294074892997742,2,422,
7,63000,d,1.2268646955490112,2,422,
7,63000,e,1.1482520699501038,2,422,
7,63000,f,1.1540335416793823,2,422,
7,63000,g,1.0186402201652527,2,422,
7,63000,h,1.24469792842865,2,422,
7,63000,i,0.9268463253974915,2,422,
7,63300,a,1.014554113149643,2,424,
7,63300,b,0.9592916965484619,2,424,
7,63300,c,1.167874813079834,2,424,
7,63300,d,1.0104235410690308,2,424,
7,63300,e,1.0243992805480957,2,424,
7,63300,f,1.1341686844825745,2,424,
7,63300,g,1.2347310781478882,2,424,
7,63300,h,1.0510762333869934,2,424,
7,63300,i,1.1739407181739807,2,424,
7,63600,a,1.1133053302764893,2,426,
7,63600,b,1.0821909010410309,2,426,
7,63600,c,1.0129817724227905,2,426,
7,63600,d,1.1374083757400513,2,426,
7,63600,e,0.9800248146057129,2,426,
7,63600,f,1.005592405796051,2,426,
7,63600,g,0.9558007419109344,2,426,
7,63600,h,1.0645607113838196,2,426,
7,63600,i,1.0179058909416199,2,426,
7,63900,a,1.1053840517997742,2,428,
7,63900,b,1.0850526690483093,2,428,
7,63900,c,1.2370354533195496,2,428,
7,63900,d,1.1469551920890808,2,428,
7,63900,e,1.0344240367412567,2,428,
7,63900,f,0.9159416854381561,2,428,
7,63900,g,1.093665063381195,2,428,
7,63900,h,1.0449054837226868,2,428,
7,63900,i,0.9873604476451874,2,428,
7,64200,a,1.0511467456817627,2,430,
7,64200,b,1.1077890396118164,2,430,
7,64200,c,1.297153353691101,2,430,
7,64200,d,1.1055967211723328,2,430,
7,64200,e,0.9515665769577026,2,430,
7,64200,f,0.9054777920246124,2,430,
7,64200,g,1.1810755729675293,2,430,
7,64200,h,0.9138640761375427,2,430,
7,64200,i,1.0584439039230347,2,430,
7,64500,a,1.0435239374637604,2,432,
7,64500,b,1.118716537952423,2,432,
7,64500,c,1.303547441959381,2,432,
7,64500,d,0.8220103085041046,2,432,
7,64500,e,1.1019604206085205,2,432,
7,64500,f,1.2990226745605469,2,432,
7,64500,g,1.0921361446380615,2,432,
7,64500,h,1.199858009815216,2,432,
7,64500,i,1.0261743664741516,2,432,
7,64800,a,1.0906543731689453,2,434,
7,64800,b,1.1988065242767334,2,434,
7,64800,c,1.433993935585022,2,434,
7,64800,d,1.030549943447113,2,434,
7,64800,e,0.9360465109348297,2,434,
7,64800,f,0.9783226847648621,2,434,
7,64800,g,1.1533986330032349,2,434,
7,64800,h,0.9858095645904541,2,434,
7,64800,i,1.0721333026885986,2,434,
7,65100,a,0.9179019331932068,2,436,
7,65100,b,1.2242547869682312,2,436,
7,65100,c,1.1588716506958008,2,436,
7,65100,d,0.9755952954292297,2,436,
7,65100,e,0.9465678334236145,2,436,
7,65100,f,1.2075316309928894,2,436,
7,65100,g,0.9871950745582581,2,436,
7,65100,h,1.0856972336769104,2,436,
7,65100,i,1.0970237851142883,2,436,
7,65400,a,1.1633374094963074,2,438,
7,65400,b,1.2646915912628174,2,438,
7,65400,c,1.07575923204422,2,438,
7,65400,d,0.972364991903305,2,438,
7,65400,e,0.9110870361328125,2,438,
7,65400,f,1.0057631134986877,2,438,
7,65400,g,1.1243647336959839,2,438,
7,65400,h,0.8439702689647675,2,438,
7,65400,i,1.0665379166603088,2,438,
7,65700,a,1.0600455403327942,2,440,
7,65700,b,0.9747942686080933,2,440,
7,65700,c,1.1421703696250916,2,440,
7,65700,d,1.0336476266384125,2,440,
7,65700,e,1.0063922703266144,2,440,
7,65700,f,1.0392259359359741,2,440,
7,65700,g,1.0366894006729126,2,440,
7,65700,h,0.9551745653152466,2,440,
7,65700,i,0.983884334564209,2,440,
7,66000,a,1.076341062784195,2,442,
7,66000,b,1.2801038026809692,2,442,
7,66000,c,1.0607577562332153,2,442,
7,66000,d,1.0002931654453278,2,442,
7,66000,e,1.0592135787010193,2,442,
7,66000,f,1.0839630365371704,2,442,
7,66000,g,1.2320231199264526,2,442,
7,66000,h,0.961131751537323,2,442,
7,66000,i,1.023832082748413,2,442,
7,66300,a,1.0935083031654358,2,444,
7,66300,b,0.9766982793807983,2,444,
7,66300,c,1.0210723876953125,2,444,
7,66300,d,1.0226040482521057,2,444,
7,66300,e,1.2394456267356873,2,444,
7,66300,f,1.1503888964653015,2,444,
7,66300,g,1.0747528076171875,2,444,
7,66300,h,0.9781044721603394,2,444,
7,66300,i,1.025436282157898,2,444,
7,66600,a,1.0526198148727417,2,446,
7,66600,b,0.9256303310394287,2,446,
7,66600,c,0.9300170838832855,2,446,
7,66600,d,0.870292067527771,2,446,
7,66600,e,0.9198748469352722,2,446,
7,66600,f,1.3156924843788147,2,446,
7,66600,g,1.0816120207309723,2,446,
7,66600,h,0.9203366041183472,2,446,
7,66600,i,1.1664456129074097,2,446,
7,66900,a,1.1376733779907227,2,448,
7,66900,b,1.264094352722168,2,448,
7,66900,c,1.2879703640937805,2,448,
7,66900,d,0.9117229878902435,2,448,
7,66900,e,0.9579450786113739,2,448,
7,66900,f,0.9979770183563232,2,448,
7,66900,g,1.288804054260254,2,448,
7,66900,h,0.9562003910541534,2,448,
7,66900,i,0.9599667191505432,2,448,
7,67200,a,1.2615077495574951,2,450,
7,67200,b,1.0803399682044983,2,450,
7,67200,c,1.03093820810318,2,450,
7,67200,d,0.846916675567627,2,450,
7,67200,e,1.4285261034965515,2,450,
7,67200,f,1.033971220254898,2,450,
7,67200,g,1.2353442311286926,2,450,
7,67200,h,1.097376525402069,2,450,
7,67200,i,0.8877037763595581,2,450,
7,67500,a,1.0553931295871735,2,452,
7,67500,b,1.1301543712615967,2,452,
7,67500,c,1.2117773294448853,2,452,
7,67500,d,0.9243108928203583,2,452,
7,67500,e,1.0333011150360107,2,452,
7,67500,f,1.0030080676078796,2,452,
7,67500,g,1.1479976773262024,2,452,
7,67500,h,1.0470614433288574,2,452,
7,67500,i,1.109780192375183,2,452,
7,67800,a,1.0836143791675568,2,454,
7,67800,b,1.0838685929775238,2,454,
7,67800,c,0.985975444316864,2,454,
7,67800,d,0.9956797361373901,2,454,
7,67800,e,1.1457574367523193,2,454,
7,67800,f,1.0579692721366882,2,454,
7,67800,g,1.0961928963661194,2,454,
7,67800,h,1.1772181987762451,2,454,
7,67800,i,0.9022340774536133,2,454,
7,68100,a,0.915532648563385,2,456,
7,68100,b,1.1099564135074615,2,456,
7,68100,c,1.0646469295024872,2,456,
7,68100,d,0.9639977514743805,2,456,
7,68100,e,1.0026401579380035,2,456,
7,68100,f,1.1711275577545166,2,456,
7,68100,g,1.2239640355110168,2,456,
7,68100,h,0.9333526194095612,2,456,
7,68100,i,0.8594931960105896,2,456,
7,68400,a,1.017173171043396,2,458,
7,68400,b,1.073006808757782,2,458,
7,68400,c,1.1337926387786865,2,458,
7,68400,d,1.1421127319335938,2,458,
7,68400,e,0.8945947289466858,2,458,
7,68400,f,0.8996067047119141,2,458,
7,68400,g,1.3110066652297974,2,458,
7,68400,h,0.8777942359447479,2,458,
7,68400,i,1.0137197375297546,2,458,
7,68700,a,1.1538289785385132,2,460,
7,68700,b,1.0187020301818848,2,460,
7,68700,c,1.0659704208374023,2,460,
7,68700,d,1.0724820494651794,2,460,
7,68700,e,0.9868157207965851,2,460,
7,68700,f,1.1681808233261108,2,460,
7,68700,g,1.4899916052818298,2,460,
7,68700,h,0.8200635612010956,2,460,
7,68700,i,1.0798977613449097,2,460,
7,69000,a,1.1478238105773926,2,462,
7,69000,b,1.0457232594490051,2,462,
7,69000,c,1.1806299686431885,2,462,
7,69000,d,0.915418803691864,2,462,
7,69000,e,1.160438060760498,2,462,
7,69000,f,1.1957402229309082,2,462,
7,69000,g,1.1632922887802124,2,462,
7,69000,h,1.0045002698898315,2,462,
7,69000,i,0.9238499999046326,2,462,
7,69300,a,0.9783724248409271,2,464,
7,69300,b,0.871248871088028,2,464,
7,69300,c,1.1678507030010223,2,464,
7,69300,d,0.9718295931816101,2,464,
7,69300,e,1.016367793083191,2,464,
7,69300,f,0.9586119949817657,2,464,
7,69300,g,1.010889083147049,2,464,
7,69300,h,1.0605107247829437,2,464,
7,69300,i,0.9562931954860687,2,464,
7,69600,a,1.0699379444122314,2,466,
7,69600,b,1.09137761592865,2,466,
7,69600,c,1.151572346687317,2,466,
7,69600,d,0.9834741652011871,2,466,
7,69600,e,0.8980536460876465,2,466,
7,69600,f,1.0604965686798096,2,466,
7,69600,g,1.1538826823234558,2,466,
7,69600,h,1.105564296245575,2,466,
7,69600,i,0.9805094301700592,2,466,
7,69900,a,1.0876653790473938,2,468,
7,69900,b,1.0754014253616333,2,468,
7,69900,c,0.9617471694946289,2,468,
7,69900,d,0.9958128333091736,2,468,
7,69900,e,0.945547491312027,2,468,
7,69900,f,1.1243064403533936,2,468,
7,69900,g,1.024753987789154,2,468,
7,69900,h,0.8723318874835968,2,468,
7,69900,i,0.8614854216575623,2,468,
7,70200,a,1.0161772966384888,2,470,
7,70200,b,0.883316159248352,2,470,
7,70200,c,1.1087133884429932,2,470,
7,70200,d,1.0939224362373352,2,470,
7,70200,e,0.9064341187477112,2,470,
7,70200,f,0.8874123096466064,2,470,
7,70200,g,1.3940051198005676,2,470,
7,70200,h,0.9965345561504364,2,470,
7,70200,i,0.9436575472354889,2,470,
7,70500,a,1.0617517232894897,2,472,
7,70500,b,0.8734641075134277,2,472,
7,70500,c,1.1407987177371979,2,472,
7,70500,d,1.386987328529358,2,472,
7,70500,e,0.9797674119472504,2,472,
7,70500,f,1.1219145059585571,2,472,
7,70500,g,1.1554821729660034,2,472,
7,70500,h,1.0056413412094116,2,472,
7,70500,i,1.0659563541412354,2,472,
7,70800,a,1.0495058298110962,2,474,
7,70800,b,1.014138251543045,2,474,
7,70800,c,1.0105209350585938,2,474,
7,70800,d,1.206477403640747,2,474,
7,70800,e,0.8593944907188416,2,474,
7,70800,f,1.0787052512168884,2,474,
7,70800,g,1.0435148179531097,2,474,
7,70800,h,0.8410490155220032,2,474,
7,70800,i,1.0069054663181305,2,474,
7,71100,a,0.9687913656234741,2,476,
7,71100,b,1.0832622051239014,2,476,
7,71100,c,1.1847453117370605,2,476,
7,71100,d,0.9826059937477112,2,476,
7,71100,e,0.9288143515586853,2,476,
7,71100,f,1.0896756052970886,2,476,
7,71100,g,1.1746469736099243,2,476,
7,71100,h,0.9299373030662537,2,476,
7,71100,i,0.8952398598194122,2,476,
7,71400,a,1.059795081615448,2,478,
7,71400,b,1.0643904209136963,2,478,
7,71400,c,1.1898645162582397,2,478,
7,71400,d,0.8690268397331238,2,478,
7,71400,e,0.9405351877212524,2,478,
7,71400,f,1.039333999156952,2,478,
7,71400,g,1.0538139939308167,2,478,
7,71400,h,1.0487460494041443,2,478,
7,71400,i,0.9701836705207825,2,478,
7,71700,a,1.1730138659477234,2,480,
7,71700,b,1.024024248123169,2,480,
7,71700,c,1.1144458651542664,2,480,
7,71700,d,0.9612129628658295,2,480,
7,71700,e,0.933562695980072,2,480,
7,71700,f,1.134199619293213,2,480,
7,71700,g,1.0010142922401428,2,480,
7,71700,h,0.959708958864212,2,480,
7,71700,i,0.9560481905937195,2,480,
7,72000,a,1.015074610710144,2,482,
7,72000,b,1.095748782157898,2,482,
7,72000,c,1.1815316081047058,2,482,
7,72000,d,1.083430528640747,2,482,
7,72000,e,0.8511705994606018,2,482,
7,72000,f,0.9019766449928284,2,482,
7,72000,g,1.0595049858093262,2,482,
7,72000,h,0.9466791152954102,2,482,
7,72000,i,0.9346729516983032,2,482,
7,72300,a,1.1058025360107422,2,484,
7,72300,b,1.0570248365402222,2,484,
7,72300,c,1.2876142263412476,2,484,
7,72300,d,1.0846824645996094,2,484,
7,72300,e,0.9735468029975891,2,484,
7,72300,f,1.0602434873580933,2,484,
7,72300,g,1.1171834468841553,2,484,
7,72300,h,0.887479305267334,2,484,
7,72300,i,0.935754656791687,2,484,
7,72600,a,0.9630208015441895,2,486,
7,72600,b,1.2804165482521057,2,486,
7,72600,c,1.0163381695747375,2,486,
7,72600,d,0.8831239342689514,2,486,
7,72600,e,0.9855863451957703,2,486,
7,72600,f,1.20969557762146,2,486,
7,72600,g,1.1858465671539307,2,486,
7,72600,h,0.9147797226905823,2,486,
7,72600,i,1.245645523071289,2,486,
7,72900,a,1.0647024512290955,2,488,
7,72900,b,1.0260046422481537,2,488,
7,72900,c,1.5198007822036743,2,488,
7,72900,d,0.9100146889686584,2,488,
7,72900,e,1.0122142732143402,2,488,
7,72900,f,1.0257899165153503,2,488,
7,72900,g,1.0231199264526367,2,488,
7,72900,h,0.9103439450263977,2,488,
7,72900,i,0.8962333500385284,2,488,
7,73200,a,1.1238101124763489,2,490,
7,73200,b,0.9797049164772034,2,490,
7,73200,c,0.9961169362068176,2,490,
7,73200,d,1.0116324722766876,2,490,
7,73200,e,1.0974218845367432,2,490,
7,73200,f,1.0392058789730072,2,490,
7,73200,g,1.114635169506073,2,490,
7,73200,h,0.9852966964244843,2,490,
7,73200,i,0.9080950021743774,2,490,
7,73500,a,1.1580157279968262,2,492,
7,73500,b,1.2927120327949524,2,492,
7,73500,c,1.2751105427742004,2,492,
7,73500,d,0.9297550022602081,2,492,
7,73500,e,0.8874529004096985,2,492,
7,73500,f,1.1091802716255188,2,492,
7,73500,g,1.3335028886795044,2,492,
7,73500,h,1.3535306453704834,2,492,
7,73500,i,0.752338171005249,2,492,
7,73800,a,0.8484169840812683,2,494,
7,73800,b,0.9924806654453278,2,494,
7,73800,c,1.085797905921936,2,494,
7,73800,d,0.9249341487884521,2,494,
7,73800,e,0.9464520812034607,2,494,
7,73800,f,1.0919813513755798,2,494,
7,73800,g,1.1940016448497772,2,494,
7,73800,h,0.9206749498844147,2,494,
7,73800,i,0.9652301669120789,2,494,
7,74100,a,0.9107654094696045,2,496,
7,74100,b,1.0380094051361084,2,496,
7,74100,c,1.1019259691238403,2,496,
7,74100,d,1.0048001408576965,2,496,
7,74100,e,0.8564973771572113,2,496,
7,74100,f,1.0669034123420715,2,496,
7,74100,g,0.9428350031375885,2,496,
7,74100,h,0.9547747075557709,2,496,
7,74100,i,1.0120245814323425,2,496,
7,74400,a,1.091508001089096,2,498,
7,74400,b,1.057439774274826,2,498,
7,74400,c,1.1462968587875366,2,498,
7,74400,d,1.0600200295448303,2,498,
7,74400,e,0.9620694518089294,2,498,
7,74400,f,1.0129366219043732,2,498,
7,74400,g,1.1888328194618225,2,498,
7,74400,h,0.8614183664321899,2,498,
7,74400,i,0.8524363338947296,2,498,
7,74700,a,0.8229626417160034,2,500,
7,74700,b,1.2644323110580444,2,500,
7,74700,c,0.9417606890201569,2,500,
7,74700,d,0.8914603292942047,2,500,
7,74700,e,1.050045132637024,2,500,
7,74700,f,1.1469547152519226,2,500,
7,74700,g,0.9302631914615631,2,500,
7,74700,h,0.9179358184337616,2,500,
7,74700,i,0.9749243259429932,2,500,
7,75000,a,1.0255406498908997,2,502,
7,75000,b,1.0213019847869873,2,502,
7,75000,c,0.9462015926837921,2,502,
7,75000,d,1.133230209350586,2,502,
7,75000,e,0.9653925895690918,2,502,
7,75000,f,0.97126704454422,2,502,
7,75000,g,1.137086033821106,2,502,
7,75000,h,0.7831072509288788,2,502,
7,75000,i,0.8714816570281982,2,502,
7,75300,a,0.92549729347229,2,504,
7,75300,b,1.1417879462242126,2,504,
7,75300,c,1.1325594782829285,2,504,
7,75300,d,0.9885181486606598,2,504,
7,75300,e,1.083461046218872,2,504,
7,75300,f,1.0858458280563354,2,504,
7,75300,g,1.160096824169159,2,504,
7,75300,h,1.2558476328849792,2,504,
7,75300,i,0.9544006586074829,2,504,
7,75600,a,1.0005626380443573,2,506,
7,75600,b,1.0329388082027435,2,506,
7,75600,c,1.1457073390483856,2,506,
7,75600,d,0.9968486130237579,2,506,
7,75600,e,1.175036370754242,2,506,
7,75600,f,1.0016379952430725,2,506,
7,75600,g,1.01333349943161,2,506,
7,75600,h,0.9570440649986267,2,506,
7,75600,i,1.1711272597312927,2,506,
7,75900,a,0.9427879750728607,2,508,
7,75900,b,0.9140641093254089,2,508,
7,75900,c,0.9378294348716736,2,508,
7,75900,d,1.065024971961975,2,508,
7,75900,e,0.9049035310745239,2,508,
7,75900,f,1.1783708333969116,2,508,
7,75900,g,1.052986741065979,2,508,
7,75900,h,0.8862913250923157,2,508,
7,75900,i,1.023610532283783,2,508,
7,76200,a,1.0716516971588135,2,510,
7,76200,b,0.8770817518234253,2,510,
7,76200,c,0.8827076256275177,2,510,
7,76200,d,0.956597775220871,2,510,
7,76200,e,0.8281761407852173,2,510,
7,76200,f,1.1476284265518188,2,510,
7,76200,g,1.053576111793518,2,510,
7,76200,h,0.8563003242015839,2,510,
7,76200,i,1.0362757444381714,2,510,
7,76500,a,1.0710930824279785,2,512,
7,76500,b,0.9793272018432617,2,512,
7,76500,c,1.217048168182373,2,512,
7,76500,d,0.9566746354103088,2,512,
7,76500,e,0.8430915474891663,2,512,
7,76500,f,1.1070263981819153,2,512,
7,76500,g,1.0555551052093506,2,512,
7,76500,h,0.8883171677589417,2,512,
7,76500,i,1.1082808375358582,2,512,
7,76800,a,1.1198690235614777,2,514,
7,76800,b,0.857367753982544,2,514,
7,76800,c,1.0647836923599243,2,514,
7,76800,d,0.9655572175979614,2,514,
7,76800,e,0.8187520503997803,2,514,
7,76800,f,1.0196828544139862,2,514,
7,76800,g,0.9606544971466064,2,514,
7,76800,h,0.8951403796672821,2,514,
7,76800,i,0.9227416515350342,2,514,
7,77100,a,0.946356326341629,2,516,
7,77100,b,1.0767278671264648,2,516,
7,77100,c,1.1623209118843079,2,516,
7,77100,d,1.1703378558158875,2,516,
7,77100,e,1.1846933960914612,2,516,
7,77100,f,0.9607467353343964,2,516,
7,77100,g,1.2843530178070068,2,516,
7,77100,h,0.9421603083610535,2,516,
7,77100,i,0.9481809139251709,2,516,
7,77400,a,0.9878801107406616,2,518,
7,77400,b,0.9941795468330383,2,518,
7,77400,c,1.0202953219413757,2,518,
7,77400,d,1.0006235837936401,2,518,
7,77400,e,1.0461665987968445,2,518,
7,77400,f,0.8083941340446472,2,518,
7,77400,g,1.1395943760871887,2,518,
7,77400,h,0.7712748348712921,2,518,
7,77400,i,0.8658668994903564,2,518,
7,77700,a,1.1148704886436462,2,520,
7,77700,b,1.170846939086914,2,520,
7,77700,c,0.9929477870464325,2,520,
7,77700,d,0.8300036787986755,2,520,
7,77700,e,0.9169628918170929,2,520,
7,77700,f,0.877640038728714,2,520,
7,77700,g,1.1570959687232971,2,520,
7,77700,h,0.992671012878418,2,520,
7,77700,i,0.9476360082626343,2,520,
7,78000,a,0.9284518957138062,2,522,
7,78000,b,1.0923593938350677,2,522,
7,78000,c,1.1154431104660034,2,522,
7,78000,d,0.9098389446735382,2,522,
7,78000,e,0.9267678260803223,2,522,
7,78000,f,0.7978640198707581,2,522,
7,78000,g,0.8964405357837677,2,522,
7,78000,h,0.8207345902919769,2,522,
7,78000,i,1.0052510201931,2,522,
7,78300,a,1.0248275399208069,2,524,
7,78300,b,1.0614740252494812,2,524,
7,78300,c,1.0978910326957703,2,524,
7,78300,d,1.0082480609416962,2,524,
7,78300,e,0.9464297294616699,2,524,
7,78300,f,0.9368957281112671,2,524,
7,78300,g,1.0304353833198547,2,524,
7,78300,h,0.7846516370773315,2,524,
7,78300,i,0.7835623323917389,2,524,
7,78600,a,0.9333345293998718,2,526,
7,78600,b,1.1192428469657898,2,526,
7,78600,c,1.0689142346382141,2,526,
7,78600,d,0.9862908720970154,2,526,
7,78600,e,0.9492442607879639,2,526,
7,78600,f,0.946729302406311,2,526,
7,78600,g,1.0610957145690918,2,526,
7,78600,h,0.8977975845336914,2,526,
7,78600,i,0.8258455991744995,2,526,
7,78900,a,0.973699152469635,2,528,
7,78900,b,1.0766016244888306,2,528,
7,78900,c,1.2467414736747742,2,528,
7,78900,d,0.876856654882431,2,528,
7,78900,e,0.8191118240356445,2,528,
7,78900,f,1.0033799409866333,2,528,
7,78900,g,0.927373081445694,2,528,
7,78900,h,1.0585257411003113,2,528,
7,78900,i,0.9491260051727295,2,528,
7,79200,a,0.8907411396503448,2,530,
7,79200,b,1.2296512722969055,2,530,
7,79200,c,1.055451512336731,2,530,
7,79200,d,0.8816796541213989,2,530,
7,79200,e,1.051817774772644,2,530,
7,79200,f,1.1137009263038635,2,530,
7,79200,g,0.9621213972568512,2,530,
7,79200,h,0.7533215284347534,2,530,
7,79200,i,0.8247020244598389,2,530,
7,79500,a,0.9685536623001099,2,532,
7,79500,b,1.1222196817398071,2,532,
7,79500,c,1.0216266512870789,2,532,
7,79500,d,0.864443302154541,2,532,
7,79500,e,0.7771608233451843,2,532,
7,79500,f,1.0183309316635132,2,532,
7,79500,g,1.0023710131645203,2,532,
7,79500,h,0.9241721332073212,2,532,
7,79500,i,0.9721616804599762,2,532,
7,79800,a,0.9583439230918884,2,534,
7,79800,b,1.1208072900772095,2,534,
7,79800,c,1.2066226601600647,2,534,
7,79800,d,1.0726270079612732,2,534,
7,79800,e,1.0292004942893982,2,534,
7,79800,f,0.8794109225273132,2,534,
7,79800,g,0.980785608291626,2,534,
7,79800,h,0.959915816783905,2,534,
7,79800,i,1.0184982419013977,2,534,
7,80100,a,1.0129042267799377,2,536,
7,80100,b,1.0381559431552887,2,536,
7,80100,c,0.9081767797470093,2,536,
7,80100,d,0.921267181634903,2,536,
7,80100,e,0.8016570806503296,2,536,
7,80100,f,0.8821312189102173,2,536,
7,80100,g,0.9391972422599792,2,536,
7,80100,h,0.868005096912384,2,536,
7,80100,i,1.0884441435337067,2,536,
7,80400,a,1.1255033016204834,2,538,
7,80400,b,1.0384113788604736,2,538,
7,80400,c,1.1264200806617737,2,538,
7,80400,d,1.0549821853637695,2,538,
7,80400,e,0.7598389983177185,2,538,
7,80400,f,0.8062211871147156,2,538,
7,80400,g,1.1071276664733887,2,538,
7,80400,h,1.1085920333862305,2,538,
7,80400,i,0.8795808553695679,2,538,
7,80700,a,1.0589459240436554,2,540,
7,80700,b,1.0881171226501465,2,540,
7,80700,c,1.1491675972938538,2,540,
7,80700,d,0.9139225482940674,2,540,
7,80700,e,0.9724441766738892,2,540,
7,80700,f,0.8542009890079498,2,540,
7,80700,g,1.2124198079109192,2,540,
7,80700,h,0.8608449995517731,2,540,
7,80700,i,0.9710978269577026,2,540,
7,81000,a,0.8132640719413757,2,542,
7,81000,b,1.0483393967151642,2,542,
7,81000,c,1.1512072086334229,2,542,
7,81000,d,0.9651938676834106,2,542,
7,81000,e,0.8751700818538666,2,542,
7,81000,f,0.9323074817657471,2,542,
7,81000,g,0.9164635837078094,2,542,
7,81000,h,0.8556386232376099,2,542,
7,81000,i,0.9352421164512634,2,542,
7,81300,a,1.0028513073921204,2,544,
7,81300,b,1.2671597003936768,2,544,
7,81300,c,1.1161015033721924,2,544,
7,81300,d,0.8997799158096313,2,544,
7,81300,e,0.894816517829895,2,544,
7,81300,f,1.0418910384178162,2,544,
7,81300,g,1.0236300826072693,2,544,
7,81300,h,0.899505227804184,2,544,
7,81300,i,1.0091465711593628,2,544,
7,81600,a,1.0666993260383606,2,546,
7,81600,b,0.9305955767631531,2,546,
7,81600,c,1.2456048727035522,2,546,
7,81600,d,0.8458712697029114,2,546,
7,81600,e,0.977880984544754,2,546,
7,81600,f,0.9326311647891998,2,546,
7,81600,g,1.0795636773109436,2,546,
7,81600,h,0.8563824892044067,2,546,
7,81600,i,0.9449127912521362,2,546,
7,81900,a,1.0880581736564636,2,548,
7,81900,b,0.9165496230125427,2,548,
7,81900,c,1.515988290309906,2,548,
7,81900,d,0.950935423374176,2,548,
7,81900,e,0.8757297098636627,2,548,
7,81900,f,0.8183773756027222,2,548,
7,81900,g,1.0012799501419067,2,548,
7,81900,h,0.9833754003047943,2,548,
7,81900,i,0.8658846914768219,2,548,
7,82200,a,1.081533432006836,2,550,
7,82200,b,1.4000763893127441,2,550,
7,82200,c,1.1087355017662048,2,550,
7,82200,d,1.024781346321106,2,550,
7,82200,e,0.805764377117157,2,550,
7,82200,f,0.9220684766769409,2,550,
7,82200,g,0.9753406047821045,2,550,
7,82200,h,0.8463107943534851,2,550,
7,82200,i,0.8901216685771942,2,550,
7,82500,a,1.131632924079895,2,552,
7,82500,b,0.9752887487411499,2,552,
7,82500,c,1.1607803702354431,2,552,
7,82500,d,0.9476761221885681,2,552,
7,82500,e,1.0349969565868378,2,552,
7,82500,f,0.9802308082580566,2,552,
7,82500,g,1.194472312927246,2,552,
7,82500,h,0.9445052742958069,2,552,
7,82500,i,1.000241070985794,2,552,
7,82800,a,1.1062732934951782,2,554,
7,82800,b,1.1788671016693115,2,554,
7,82800,c,1.2172864079475403,2,554,
7,82800,d,0.9022453427314758,2,554,
7,82800,e,0.7993783950805664,2,554,
7,82800,f,0.9699294567108154,2,554,
7,82800,g,0.8429468870162964,2,554,
7,82800,h,0.8420233130455017,2,554,
7,82800,i,0.9620179533958435,2,554,
7,83100,a,1.0749914050102234,2,556,
7,83100,b,1.5336248874664307,2,556,
7,83100,c,1.1032724380493164,2,556,
7,83100,d,0.8451076745986938,2,556,
7,83100,e,0.9716254472732544,2,556,
7,83100,f,0.997331976890564,2,556,
7,83100,g,1.0362882018089294,2,556,
7,83100,h,0.9051668047904968,2,556,
7,83100,i,0.87422114610672,2,556,
7,83400,a,0.9770329892635345,2,558,
7,83400,b,1.355582058429718,2,558,
7,83400,c,1.0161767601966858,2,558,
7,83400,d,1.142947793006897,2,558,
7,83400,e,0.9838545024394989,2,558,
7,83400,f,0.9813184440135956,2,558,
7,83400,g,0.9375456869602203,2,558,
7,83400,h,0.8776991963386536,2,558,
7,83400,i,0.7940358519554138,2,558,
7,83700,a,1.0971384644508362,2,560,
7,83700,b,1.082777202129364,2,560,
7,83700,c,1.0454060435295105,2,560,
7,83700,d,0.9462814927101135,2,560,
7,83700,e,0.8190876841545105,2,560,
7,83700,f,0.8962866067886353,2,560,
7,83700,g,0.8353787958621979,2,560,
7,83700,h,0.7695594131946564,2,560,
7,83700,i,0.8200921416282654,2,560,
7,84000,a,1.3883596658706665,2,562,
7,84000,b,0.8844417333602905,2,562,
7,84000,c,1.1786160469055176,2,562,
7,84000,d,0.8046074211597443,2,562,
7,84000,e,0.8123222291469574,2,562,
7,84000,f,1.0778809785842896,2,562,
7,84000,g,1.0160400867462158,2,562,
7,84000,h,0.8352903425693512,2,562,
7,84000,i,0.8873430490493774,2,562,
7,84300,a,1.0626661777496338,2,564,
7,84300,b,1.0805293917655945,2,564,
7,84300,c,1.2232533693313599,2,564,
7,84300,d,0.959126889705658,2,564,
7,84300,e,0.9374948143959045,2,564,
7,84300,f,0.8473414182662964,2,564,
7,84300,g,0.8523954153060913,2,564,
7,84300,h,0.8623293042182922,2,564,
7,84300,i,0.7995691895484924,2,564,
7,84600,a,0.9080626964569092,2,566,
7,84600,b,1.0018902719020844,2,566,
7,84600,c,0.898341953754425,2,566,
7,84600,d,0.9192046225070953,2,566,
7,84600,e,0.8368875980377197,2,566,
7,84600,f,1.1862805485725403,2,566,
7,84600,g,1.061032772064209,2,566,
7,84600,h,0.9081355333328247,2,566,
7,84600,i,0.7888779640197754,2,566,
7,84900,a,1.005112737417221,2,568,
7,84900,b,0.8953144550323486,2,568,
7,84900,c,1.110065221786499,2,568,
7,84900,d,0.862726092338562,2,568,
7,84900,e,0.9777418375015259,2,568,
7,84900,f,0.9697914123535156,2,568,
7,84900,g,1.2763961553573608,2,568,
7,84900,h,0.8578826785087585,2,568,
7,84900,i,0.8519088625907898,2,568,
7,85200,a,0.9488118290901184,2,570,
7,85200,b,0.9501515328884125,2,570,
7,85200,c,0.9092397689819336,2,570,
7,85200,d,0.8606307506561279,2,570,
7,85200,e,1.1162839829921722,2,570,
7,85200,f,1.0008625090122223,2,570,
7,85200,g,0.944277822971344,2,570,
7,85200,h,0.8224258720874786,2,570,
7,85200,i,0.8485797941684723,2,570,
7,85500,a,0.9895336925983429,2,572,
7,85500,b,0.9261506199836731,2,572,
7,85500,c,0.9480566382408142,2,572,
7,85500,d,1.1433824300765991,2,572,
7,85500,e,0.8945540189743042,2,572,
7,85500,f,0.9146631360054016,2,572,
7,85500,g,1.018158733844757,2,572,
7,85500,h,0.8330686390399933,2,572,
7,85500,i,0.8220399022102356,2,572,
7,85800,a,1.0215728282928467,2,574,
7,85800,b,1.0593623518943787,2,574,
7,85800,c,1.0750919878482819,2,574,
7,85800,d,1.3107653856277466,2,574,
7,85800,e,0.8967611789703369,2,574,
7,85800,f,0.8431913554668427,2,574,
7,85800,g,0.9000639915466309,2,574,
7,85800,h,0.9075697064399719,2,574,
7,85800,i,0.8848634660243988,2,574,
7,86100,a,1.104127585887909,2,576,
7,86100,b,1.0350157022476196,2,576,
7,86100,c,1.190451443195343,2,576,
7,86100,d,0.9195163249969482,2,576,
7,86100,e,1.003891795873642,2,576,
7,86100,f,0.7210900485515594,2,576,
7,86100,g,1.1665915250778198,2,576,
7,86100,h,0.6776813864707947,2,576,
7,86100,i,0.903124213218689,2,576,
7,86400,a,1.1164277791976929,2,578,
7,86400,b,1.0825214385986328,2,578,
7,86400,c,1.0912513434886932,2,578,
7,86400,d,0.9176529049873352,2,578,
7,86400,e,0.8674427270889282,2,578,
7,86400,f,0.9658750295639038,2,578,
7,86400,g,0.8935433626174927,2,578,
7,86400,h,0.8334150314331055,2,578,
7,86400,i,1.0286493599414825,2,578,
129,0,a,1.8473540544509888,2,2,
129,0,b,1.811236023902893,2,2,
129,0,c,1.7997583746910095,2,2,
129,0,d,1.8130435943603516,2,2,
129,0,e,1.8066732287406921,2,2,
129,0,f,1.8353991508483887,2,2,
129,0,g,1.810715913772583,2,2,
129,0,h,1.805147409439087,2,2,
129,0,i,1.8267672657966614,2,2,
129,300,a,1.7984031438827515,2,4,
129,300,b,1.7747498750686646,2,4,
129,300,c,1.7964365482330322,2,4,
129,300,d,1.8046130537986755,2,4,
129,300,e,1.776735782623291,2,4,
129,300,f,1.7943282723426819,2,4,
129,300,g,1.7865724563598633,2,4,
129,300,h,1.814760684967041,2,4,
129,300,i,1.781666874885559,2,4,
129,600,a,1.826073169708252,2,6,
129,600,b,1.8287231922149658,2,6,
129,600,c,1.811638593673706,2,6,
129,600,d,1.7939356565475464,2,6,
129,600,e,1.7794710993766785,2,6,
129,600,f,1.8151885271072388,2,6,
129,600,g,1.7847615480422974,2,6,
129,600,h,1.8093793988227844,2,6,
129,600,i,1.8406270146369934,2,6,
129,900,a,1.7773380279541016,2,8,
129,900,b,1.8345221281051636,2,8,
129,900,c,1.7709254026412964,2,8,
129,900,d,1.8195365071296692,2,8,
129,900,e,1.8143536448478699,2,8,
129,900,f,1.7765253782272339,2,8,
129,900,g,1.7602214217185974,2,8,
129,900,h,1.7984674572944641,2,8,
129,900,i,1.7847257256507874,2,8,
129,1200,a,1.7734203934669495,2,10,
129,1200,b,1.8066253662109375,2,10,
129,1200,c,1.8027963638305664,2,10,
129,1200,d,1.8418599963188171,2,10,
129,1200,e,1.8114089965820312,2,10,
129,1200,f,1.7908408641815186,2,10,
129,1200,g,1.8393113017082214,2,10,
129,1200,h,1.7898032069206238,2,10,
129,1200,i,1.7476182579994202,2,10,
129,1500,a,1.7487156391143799,2,12,
129,1500,b,1.8149181008338928,2,12,
129,1500,c,1.7759734392166138,2,12,
129,1500,d,1.8042435050010681,2,12,
129,1500,e,1.8032934665679932,2,12,
129,1500,f,1.824319839477539,2,12,
129,1500,g,1.8493710160255432,2,12,
129,1500,h,1.788916826248169,2,12,
129,1500,i,1.8158085346221924,2,12,
129,1800,a,1.7219202518463135,2,14,
129,1800,b,1.8033693432807922,2,14,
129,1800,c,1.77725350856781,2,14,
129,1800,d,1.7985832691192627,2,14,
129,1800,e,1.798384189605713,2,14,
129,1800,f,1.785632848739624,2,14,
129,1800,g,1.7603856325149536,2,14,
129,1800,h,1.7772492170333862,2,14,
129,1800,i,1.7417733073234558,2,14,
129,2100,a,1.778660237789154,2,16,
129,2100,b,1.8049036264419556,2,16,
129,2100,c,1.7811006307601929,2,16,
129,2100,d,1.8198884725570679,2,16,
129,2100,e,1.7591965198516846,2,16,
129,2100,f,1.7616183161735535,2,16,
129,2100,g,1.7840633988380432,2,16,
129,2100,h,1.7924099564552307,2,16,
129,2100,i,1.7907867431640625,2,16,
129,2400,a,1.771024465560913,2,18,
129,2400,b,1.7875407934188843,2,18,
129,2400,c,1.7767471671104431,2,18,
129,2400,d,1.783367097377777,2,18,
129,2400,e,1.791749358177185,2,18,
129,2400,f,1.7720261812210083,2,18,
129,2400,g,1.7789401412010193,2,18,
129,2400,h,1.7644696831703186,2,18,
129,2400,i,1.7453637719154358,2,18,
129,2700,a,1.7680402994155884,2,20,
129,2700,b,1.804633617401123,2,20,
129,2700,c,1.8041366338729858,2,20,
129,2700,d,1.79541015625,2,20,
129,2700,e,1.8036880493164062,2,20,
129,2700,f,1.8228163719177246,2,20,
129,2700,g,1.7607914209365845,2,20,
129,2700,h,1.7919726371765137,2,20,
129,2700,i,1.7841579914093018,2,20,
129,3000,a,1.7741913795471191,2,22,
129,3000,b,1.7793760895729065,2,22,
129,3000,c,1.7363621592521667,2,22,
129,3000,d,1.77687668800354,2,22,
129,3000,e,1.740161418914795,2,22,
129,3000,f,1.7679644227027893,2,22,
129,3000,g,1.7222004532814026,2,22,
129,3000,h,1.8133887648582458,2,22,
129,3000,i,1.7972427606582642,2,22,
129,3300,a,1.7347844243049622,2,24,
129,3300,b,1.7874770760536194,2,24,
129,3300,c,1.7694233059883118,2,24,
129,3300,d,1.743346929550171,2,24,
129,3300,e,1.7718236446380615,2,24,
129,3300,f,1.779461681842804,2,24,
129,3300,g,1.711998462677002,2,24,
129,3300,h,1.7059298753738403,2,24,
129,3300,i,1.7452691793441772,2,24,
129,3600,a,1.7365134358406067,2,26,
129,3600,b,1.7290435433387756,2,26,
129,3600,c,1.7968838214874268,2,26,
129,3600,d,1.7506911754608154,2,26,
129,3600,e,1.7471866607666016,2,26,
129,3600,f,1.7671992182731628,2,26,
129,3600,g,1.739782452583313,2,26,
129,3600,h,1.7665559649467468,2,26,
129,3600,i,1.762576937675476,2,26,
129,3900,a,1.7942529916763306,2,28,
129,3900,b,1.8010453581809998,2,28,
129,3900,c,1.7864408493041992,2,28,
129,3900,d,1.7869102954864502,2,28,
129,3900,e,1.7175238132476807,2,28,
129,3900,f,1.7343860864639282,2,28,
129,3900,g,1.806904911994934,2,28,
129,3900,h,1.7625584602355957,2,28,
129,3900,i,1.6603355407714844,2,28,
129,4200,a,1.7121195793151855,2,30,
129,4200,b,1.7793166637420654,2,30,
129,4200,c,1.7675082087516785,2,30,
129,4200,d,1.7390141487121582,2,30,
129,4200,e,1.724625587463379,2,30,
129,4200,f,1.776096522808075,2,30,
129,4200,g,1.697206735610962,2,30,
129,4200,h,1.739839494228363,2,30,
129,4200,i,1.7060465216636658,2,30,
129,4500,a,1.8167229890823364,2,32,
129,4500,b,1.7424782514572144,2,32,
129,4500,c,1.729923963546753,2,32,
129,4500,d,1.744843602180481,2,32,
129,4500,e,1.7473260760307312,2,32,
129,4500,f,1.7276045083999634,2,32,
129,4500,g,1.8116292357444763,2,32,
129,4500,h,1.778641164302826,2,32,
129,4500,i,1.6992188692092896,2,32,
129,4800,a,1.714922547340393,2,34,
129,4800,b,1.760111153125763,2,34,
129,4800,c,1.7464014291763306,2,34,
129,4800,d,1.7268365621566772,2,34,
129,4800,e,1.7217323780059814,2,34,
129,4800,f,1.7287592887878418,2,34,
129,4800,g,1.755537211894989,2,34,
129,4800,h,1.7379896640777588,2,34,
129,4800,i,1.803352952003479,2,34,
129,5100,a,1.704178273677826,2,36,
129,5100,b,1.727401614189148,2,36,
129,5100,c,1.698968768119812,2,36,
129,5100,d,1.7377862930297852,2,36,
129,5100,e,1.747871220111847,2,36,
129,5100,f,1.7300344109535217,2,36,
129,5100,g,1.783782720565796,2,36,
129,5100,h,1.7177783250808716,2,36,
129,5100,i,1.7151463627815247,2,36,
129,5400,a,1.6535823345184326,2,38,
129,5400,b,1.7173553705215454,2,38,
129,5400,c,1.7344902753829956,2,38,
129,5400,d,1.7158435583114624,2,38,
129,5400,e,1.6934277415275574,2,38,
129,5400,f,1.74392431974411,2,38,
129,5400,g,1.748313069343567,2,38,
129,5400,h,1.7203533053398132,2,38,
129,5400,i,1.703208565711975,2,38,
129,5700,a,1.6483646631240845,2,40,
129,5700,b,1.715364396572113,2,40,
129,5700,c,1.7432200908660889,2,40,
129,5700,d,1.7469236850738525,2,40,
129,5700,e,1.71645587682724,2,40,
129,5700,f,1.7417494058609009,2,40,
129,5700,g,1.7921174764633179,2,40,
129,5700,h,1.6747630834579468,2,40,
129,5700,i,1.7349520921707153,2,40,
129,6000,a,1.731127381324768,2,42,
129,6000,b,1.7319760918617249,2,42,
129,6000,c,1.7410112023353577,2,42,
129,6000,d,1.6746726036071777,2,42,
129,6000,e,1.729698121547699,2,42,
129,6000,f,1.7058491706848145,2,42,
129,6000,g,1.7589626908302307,2,42,
129,6000,h,1.7028470039367676,2,42,
129,6000,i,1.7420305609703064,2,42,
129,6300,a,1.665464460849762,2,44,
129,6300,b,1.7336704730987549,2,44,
129,6300,c,1.7865983247756958,2,44,
129,6300,d,1.6914238333702087,2,44,
129,6300,e,1.7601656913757324,2,44,
129,6300,f,1.6824750304222107,2,44,
129,6300,g,1.7390087842941284,2,44,
129,6300,h,1.7400766611099243,2,44,
129,6300,i,1.7175884246826172,2,44,
129,6600,a,1.6939071416854858,2,46,
129,6600,b,1.7317603826522827,2,46,
129,6600,c,1.7300575971603394,2,46,
129,6600,d,1.710192859172821,2,46,
129,6600,e,1.7015043497085571,2,46,
129,6600,f,1.7103358507156372,2,46,
129,6600,g,1.7325676083564758,2,46,
129,6600,h,1.729034423828125,2,46,
129,6600,i,1.6667986512184143,2,46,
129,6900,a,1.6767609119415283,2,48,
129,6900,b,1.8031917810440063,2,48,
129,6900,c,1.7763729691505432,2,48,
129,6900,d,1.7085044384002686,2,48,
129,6900,e,1.7264167666435242,2,48,
129,6900,f,1.6786572933197021,2,48,
129,6900,g,1.6732735633850098,2,48,
129,6900,h,1.6889870762825012,2,48,
129,6900,i,1.6220935583114624,2,48,
129,7200,a,1.6890650987625122,2,50,
129,7200,b,1.6979320049285889,2,50,
129,7200,c,1.7300154566764832,2,50,
129,7200,d,1.6860339641571045,2,50,
129,7200,e,1.68706876039505,2,50,
129,7200,f,1.710821509361267,2,50,
129,7200,g,1.6609925627708435,2,50,
129,7200,h,1.6527752876281738,2,50,
129,7200,i,1.6674546599388123,2,50,
129,7500,a,1.6531525254249573,2,52,
129,7500,b,1.719577670097351,2,52,
129,7500,c,1.73777174949646,2,52,
129,7500,d,1.6738348007202148,2,52,
129,7500,e,1.6809543371200562,2,52,
129,7500,f,1.7921082377433777,2,52,
129,7500,g,1.7454308867454529,2,52,
129,7500,h,1.7082608938217163,2,52,
129,7500,i,1.687632143497467,2,52,
129,7800,a,1.6591322422027588,2,54,
129,7800,b,1.7323645949363708,2,54,
129,7800,c,1.7164647579193115,2,54,
129,7800,d,1.6128166317939758,2,54,
129,7800,e,1.6820116639137268,2,54,
129,7800,f,1.6830775737762451,2,54,
129,7800,g,1.73209947347641,2,54,
129,7800,h,1.680784285068512,2,54,
129,7800,i,1.6828036308288574,2,54,
129,8100,a,1.6576027870178223,2,56,
129,8100,b,1.7156100869178772,2,56,
129,8100,c,1.6686782240867615,2,56,
129,8100,d,1.6497171521186829,2,56,
129,8100,e,1.6793392896652222,2,56,
129,8100,f,1.6902968883514404,2,56,
129,8100,g,1.682759940624237,2,56,
129,8100,h,1.6915346384048462,2,56,
129,8100,i,1.7134482860565186,2,56,
129,8400,a,1.6763485670089722,2,58,
129,8400,b,1.6589624285697937,2,58,
129,8400,c,1.7270539999008179,2,58,
129,8400,d,1.6485260725021362,2,58,
129,8400,e,1.6683707237243652,2,58,
129,8400,f,1.712931752204895,2,58,
129,8400,g,1.63106369972229,2,58,
129,8400,h,1.6904877424240112,2,58,
129,8400,i,1.679449439048767,2,58,
129,8700,a,1.6493456363677979,2,60,
129,8700,b,1.676695704460144,2,60,
129,8700,c,1.716596782207489,2,60,
129,8700,d,1.5997586250305176,2,60,
129,8700,e,1.706238031387329,2,60,
129,8700,f,1.6929555535316467,2,60,
129,8700,g,1.6651594638824463,2,60,
129,8700,h,1.6700465679168701,2,60,
129,8700,i,1.688965916633606,2,60,
129,9000,a,1.6950328350067139,2,62,
129,9000,b,1.7017360925674438,2,62,
129,9000,c,1.6772332191467285,2,62,
129,9000,d,1.5935187935829163,2,62,
129,9000,e,1.676292359828949,2,62,
129,9000,f,1.7252739667892456,2,62,
129,9000,g,1.7193328142166138,2,62,
129,9000,h,1.6451109647750854,2,62,
129,9000,i,1.5931265354156494,2,62,
129,9300,a,1.673802137374878,2,64,
129,9300,b,1.698129951953888,2,64,
129,9300,c,1.705910325050354,2,64,
129,9300,d,1.6730147004127502,2,64,
129,9300,e,1.709300935268402,2,64,
129,9300,f,1.723401665687561,2,64,
129,9300,g,1.6419384479522705,2,64,
129,9300,h,1.665199100971222,2,64,
129,9300,i,1.6748361587524414,2,64,
129,9600,a,1.619508147239685,2,66,
129,9600,b,1.7322876453399658,2,66,
129,9600,c,1.7477987408638,2,66,
129,9600,d,1.6383879780769348,2,66,
129,9600,e,1.654800295829773,2,66,
129,9600,f,1.694699227809906,2,66,
129,9600,g,1.6727659106254578,2,66,
129,9600,h,1.6208398938179016,2,66,
129,9600,i,1.594210147857666,2,66,
129,9900,a,1.6404113173484802,2,68,
129,9900,b,1.7351087927818298,2,68,
129,9900,c,1.6817941069602966,2,68,
129,9900,d,1.629075825214386,2,68,
129,9900,e,1.6520864367485046,2,68,
129,9900,f,1.655886173248291,2,68,
129,9900,g,1.6585513353347778,2,68,
129,9900,h,1.6652411222457886,2,68,
129,9900,i,1.5947044491767883,2,68,
129,10200,a,1.58191978931427,2,70,
129,10200,b,1.71875,2,70,
129,10200,c,1.6765034794807434,2,70,
129,10200,d,1.6078987121582031,2,70,
129,10200,e,1.5861538648605347,2,70,
129,10200,f,1.588325560092926,2,70,
129,10200,g,1.6725690364837646,2,70,
129,10200,h,1.611368715763092,2,70,
129,10200,i,1.5892539620399475,2,70,
129,10500,a,1.6447035074234009,2,72,
129,10500,b,1.664484441280365,2,72,
129,10500,c,1.7387617826461792,2,72,
129,10500,d,1.627575695514679,2,72,
129,10500,e,1.5950231552124023,2,72,
129,10500,f,1.6692895293235779,2,72,
129,10500,g,1.6266449093818665,2,72,
129,10500,h,1.6295824646949768,2,72,
129,10500,i,1.6090975999832153,2,72,
129,10800,a,1.5775033235549927,2,74,
129,10800,b,1.6972336769104004,2,74,
129,10800,c,1.6627198457717896,2,74,
129,10800,d,1.6494442820549011,2,74,
129,10800,e,1.6185049414634705,2,74,
129,10800,f,1.640571117401123,2,74,
129,10800,g,1.6544915437698364,2,74,
129,10800,h,1.6376211047172546,2,74,
129,10800,i,1.6103376150131226,2,74,
129,11100,a,1.5685402154922485,2,76,
129,11100,b,1.7092196345329285,2,76,
129,11100,c,1.6697184443473816,2,76,
129,11100,d,1.5852354764938354,2,76,
129,11100,e,1.6323454976081848,2,76,
129,11100,f,1.6330495476722717,2,76,
129,11100,g,1.670686960220337,2,76,
129,11100,h,1.61324805021286,2,76,
129,11100,i,1.6502618193626404,2,76,
129,11400,a,1.5714675784111023,2,78,
129,11400,b,1.6899282932281494,2,78,
129,11400,c,1.7492923736572266,2,78,
129,11400,d,1.6017298102378845,2,78,
129,11400,e,1.6362635493278503,2,78,
129,11400,f,1.6068578362464905,2,78,
129,11400,g,1.6899317502975464,2,78,
129,11400,h,1.570891797542572,2,78,
129,11400,i,1.6363261938095093,2,78,
129,11700,a,1.5332778096199036,2,80,
129,11700,b,1.7016559839248657,2,80,
129,11700,c,1.648949921131134,2,80,
129,11700,d,1.5460127592086792,2,80,
129,11700,e,1.5481317639350891,2,80,
129,11700,f,1.6145882606506348,2,80,
129,11700,g,1.5997865796089172,2,80,
129,11700,h,1.637685775756836,2,80,
129,11700,i,1.5828859210014343,2,80,
129,12000,a,1.5858003497123718,2,82,
129,12000,b,1.7302244901657104,2,82,
129,12000,c,1.6537479758262634,2,82,
129,12000,d,1.5847454071044922,2,82,
129,12000,e,1.6295244097709656,2,82,
129,12000,f,1.678112506866455,2,82,
129,12000,g,1.5737743973731995,2,82,
129,12000,h,1.63151353597641,2,82,
129,12000,i,1.646746814250946,2,82,
129,12300,a,1.5454180240631104,2,84,
129,12300,b,1.645989179611206,2,84,
129,12300,c,1.6796704530715942,2,84,
129,12300,d,1.5913569927215576,2,84,
129,12300,e,1.5817240476608276,2,84,
129,12300,f,1.5905895829200745,2,84,
129,12300,g,1.545494794845581,2,84,
129,12300,h,1.6146513223648071,2,84,
129,12300,i,1.559748649597168,2,84,
129,12600,a,1.5221598148345947,2,86,
129,12600,b,1.6068283319473267,2,86,
129,12600,c,1.6983112692832947,2,86,
129,12600,d,1.5513678789138794,2,86,
129,12600,e,1.5915752053260803,2,86,
129,12600,f,1.6460006833076477,2,86,
129,12600,g,1.5784825682640076,2,86,
129,12600,h,1.6030200123786926,2,86,
129,12600,i,1.4771167635917664,2,86,
129,12900,a,1.5765172243118286,2,88,
129,12900,b,1.6369717717170715,2,88,
129,12900,c,1.6389456987380981,2,88,
129,12900,d,1.5772525072097778,2,88,
129,12900,e,1.5700440406799316,2,88,
129,12900,f,1.5351433753967285,2,88,
129,12900,g,1.5651775002479553,2,88,
129,12900,h,1.5738016366958618,2,88,
129,12900,i,1.575875699520111,2,88,
129,13200,a,1.511328101158142,2,90,
129,13200,b,1.6090829372406006,2,90,
129,13200,c,1.63825261592865,2,90,
129,13200,d,1.580487847328186,2,90,
129,13200,e,1.521112322807312,2,90,
129,13200,f,1.624736726284027,2,90,
129,13200,g,1.6224726438522339,2,90,
129,13200,h,1.6103389859199524,2,90,
129,13200,i,1.5951730012893677,2,90,
129,13500,a,1.5464670658111572,2,92,
129,13500,b,1.5897281169891357,2,92,
129,13500,c,1.6425811648368835,2,92,
129,13500,d,1.5323200821876526,2,92,
129,13500,e,1.6009160280227661,2,92,
129,13500,f,1.6211559176445007,2,92,
129,13500,g,1.5973010063171387,2,92,
129,13500,h,1.5813319683074951,2,92,
129,13500,i,1.582692265510559,2,92,
129,13800,a,1.5949221849441528,2,94,
129,13800,b,1.5930155515670776,2,94,
129,13800,c,1.6482582688331604,2,94,
129,13800,d,1.5320773124694824,2,94,
129,13800,e,1.515201210975647,2,94,
129,13800,f,1.6213423013687134,2,94,
129,13800,g,1.578851342201233,2,94,
129,13800,h,1.5289344787597656,2,94,
129,13800,i,1.6003752946853638,2,94,
129,14100,a,1.5728979110717773,2,96,
129,14100,b,1.6050026416778564,2,96,
129,14100,c,1.6072604656219482,2,96,
129,14100,d,1.533328890800476,2,96,
129,14100,e,1.4607834815979004,2,96,
129,14100,f,1.5039213299751282,2,96,
129,14100,g,1.6054543852806091,2,96,
129,14100,h,1.568378508090973,2,96,
129,14100,i,1.5283087491989136,2,96,
129,14400,a,1.547795057296753,2,98,
129,14400,b,1.6482304334640503,2,98,
129,14400,c,1.6535171270370483,2,98,
129,14400,d,1.5088804960250854,2,98,
129,14400,e,1.5597448348999023,2,98,
129,14400,f,1.6433179378509521,2,98,
129,14400,g,1.5772401094436646,2,98,
129,14400,h,1.5084034204483032,2,98,
129,14400,i,1.5559864044189453,2,98,
129,14700,a,1.5365761518478394,2,100,
129,14700,b,1.5854493379592896,2,100,
129,14700,c,1.6083108186721802,2,100,
129,14700,d,1.4705235362052917,2,100,
129,14700,e,1.5593066811561584,2,100,
129,14700,f,1.6142545342445374,2,100,
129,14700,g,1.629408359527588,2,100,
129,14700,h,1.5691798329353333,2,100,
129,14700,i,1.4552323818206787,2,100,
129,15000,a,1.5372421741485596,2,102,
129,15000,b,1.6123122572898865,2,102,
129,15000,c,1.5456275939941406,2,102,
129,15000,d,1.4588249921798706,2,102,
129,15000,e,1.5765603184700012,2,102,
129,15000,f,1.5392436385154724,2,102,
129,15000,g,1.5223162174224854,2,102,
129,15000,h,1.5386070609092712,2,102,
129,15000,i,1.6031171083450317,2,102,
129,15300,a,1.5308793187141418,2,104,
129,15300,b,1.5563468933105469,2,104,
129,15300,c,1.652418851852417,2,104,
129,15300,d,1.453242540359497,2,104,
129,15300,e,1.4719093441963196,2,104,
129,15300,f,1.5806238055229187,2,104,
129,15300,g,1.548146367073059,2,104,
129,15300,h,1.5287484526634216,2,104,
129,15300,i,1.547072172164917,2,104,
129,15600,a,1.4856915473937988,2,106,
129,15600,b,1.649322748184204,2,106,
129,15600,c,1.578878939151764,2,106,
129,15600,d,1.5223265886306763,2,106,
129,15600,e,1.6034858226776123,2,106,
129,15600,f,1.565908670425415,2,106,
129,15600,g,1.5761132836341858,2,106,
129,15600,h,1.5171000957489014,2,106,
129,15600,i,1.6170903444290161,2,106,
129,15900,a,1.5046852827072144,2,108,
129,15900,b,1.5692748427391052,2,108,
129,15900,c,1.6073015928268433,2,108,
129,15900,d,1.6403438448905945,2,108,
129,15900,e,1.4223737120628357,2,108,
129,15900,f,1.5971494317054749,2,108,
129,15900,g,1.4783076643943787,2,108,
129,15900,h,1.4749295115470886,2,108,
129,15900,i,1.5387333631515503,2,108,
129,16200,a,1.5321581959724426,2,110,
129,16200,b,1.519233226776123,2,110,
129,16200,c,1.5314996242523193,2,110,
129,16200,d,1.4500446319580078,2,110,
129,16200,e,1.5523040294647217,2,110,
129,16200,f,1.6134990453720093,2,110,
129,16200,g,1.4968020915985107,2,110,
129,16200,h,1.461209774017334,2,110,
129,16200,i,1.5463197231292725,2,110,
129,16500,a,1.495703935623169,2,112,
129,16500,b,1.6741312742233276,2,112,
129,16500,c,1.5964143872261047,2,112,
129,16500,d,1.5858078002929688,2,112,
129,16500,e,1.5420605540275574,2,112,
129,16500,f,1.5234299898147583,2,112,
129,16500,g,1.6228814721107483,2,112,
129,16500,h,1.4560912251472473,2,112,
129,16500,i,1.5631599426269531,2,112,
129,16800,a,1.4713788628578186,2,114,
129,16800,b,1.5835398435592651,2,114,
129,16800,c,1.5396647453308105,2,114,
129,16800,d,1.507293164730072,2,114,
129,16800,e,1.4722545146942139,2,114,
129,16800,f,1.5938588380813599,2,114,
129,16800,g,1.576344609260559,2,114,
129,16800,h,1.4856569170951843,2,114,
129,16800,i,1.461590588092804,2,114,
129,17100,a,1.4169601202011108,2,116,
129,17100,b,1.4737150073051453,2,116,
129,17100,c,1.5720808506011963,2,116,
129,17100,d,1.4434062242507935,2,116,
129,17100,e,1.5835022926330566,2,116,
129,17100,f,1.566552758216858,2,116,
129,17100,g,1.5036664605140686,2,116,
129,17100,h,1.4468966722488403,2,116,
129,17100,i,1.4137312173843384,2,116,
129,17400,a,1.4162362813949585,2,118,
129,17400,b,1.6484736800193787,2,118,
129,17400,c,1.6058224439620972,2,118,
129,17400,d,1.421596109867096,2,118,
129,17400,e,1.4020673632621765,2,118,
129,17400,f,1.495605707168579,2,118,
129,17400,g,1.541773796081543,2,118,
129,17400,h,1.4552251100540161,2,118,
129,17400,i,1.5628705620765686,2,118,
129,17700,a,1.4584145545959473,2,120,
129,17700,b,1.538464069366455,2,120,
129,17700,c,1.463563084602356,2,120,
129,17700,d,1.4734055399894714,2,120,
129,17700,e,1.4168042540550232,2,120,
129,17700,f,1.4446810483932495,2,120,
129,17700,g,1.48390394449234,2,120,
129,17700,h,1.491519808769226,2,120,
129,17700,i,1.497278869152069,2,120,
129,18000,a,1.4323551654815674,2,122,
129,18000,b,1.5698955059051514,2,122,
129,18000,c,1.5543911457061768,2,122,
129,18000,d,1.517343521118164,2,122,
129,18000,e,1.382612943649292,2,122,
129,18000,f,1.4752368927001953,2,122,
129,18000,g,1.467186987400055,2,122,
129,18000,h,1.4266703128814697,2,122,
129,18000,i,1.5357868075370789,2,122,
129,18300,a,1.5058999061584473,2,124,
129,18300,b,1.530158817768097,2,124,
129,18300,c,1.5418752431869507,2,124,
129,18300,d,1.4925034642219543,2,124,
129,18300,e,1.4480748176574707,2,124,
129,18300,f,1.523911952972412,2,124,
129,18300,g,1.5727595090866089,2,124,
129,18300,h,1.4635990858078003,2,124,
129,18300,i,1.4650012254714966,2,124,
129,18600,a,1.4071052074432373,2,126,
129,18600,b,1.4784631133079529,2,126,
129,18600,c,1.6096252799034119,2,126,
129,18600,d,1.4783440232276917,2,126,
129,18600,e,1.4545078873634338,2,126,
129,18600,f,1.532721996307373,2,126,
129,18600,g,1.4998348355293274,2,126,
129,18600,h,1.5552284717559814,2,126,
129,18600,i,1.5236676335334778,2,126,
129,18900,a,1.441996157169342,2,128,
129,18900,b,1.582611083984375,2,128,
129,18900,c,1.5710382461547852,2,128,
129,18900,d,1.4970592856407166,2,128,
129,18900,e,1.4701590538024902,2,128,
129,18900,f,1.5827808380126953,2,128,
129,18900,g,1.4825249910354614,2,128,
129,18900,h,1.3614627718925476,2,128,
129,18900,i,1.436598300933838,2,128,
129,19200,a,1.4329293370246887,2,130,
129,19200,b,1.6205975413322449,2,130,
129,19200,c,1.5322549939155579,2,130,
129,19200,d,1.508625090122223,2,130,
129,19200,e,1.4795019030570984,2,130,
129,19200,f,1.614883840084076,2,130,
129,19200,g,1.627582609653473,2,130,
129,19200,h,1.540532112121582,2,130,
129,19200,i,1.433896243572235,2,130,
129,19500,a,1.4648032188415527,2,132,
129,19500,b,1.5653736591339111,2,132,
129,19500,c,1.5820428133010864,2,132,
129,19500,d,1.3909906148910522,2,132,
129,19500,e,1.4530973434448242,2,132,
129,19500,f,1.4893903136253357,2,132,
129,19500,g,1.547091543674469,2,132,
129,19500,h,1.4325295686721802,2,132,
129,19500,i,1.4228365421295166,2,132,
129,19800,a,1.413350224494934,2,134,
129,19800,b,1.5477017164230347,2,134,
129,19800,c,1.5386082530021667,2,134,
129,19800,d,1.3308777213096619,2,134,
129,19800,e,1.5044121146202087,2,134,
129,19800,f,1.4812439680099487,2,134,
129,19800,g,1.4749720692634583,2,134,
129,19800,h,1.5366222262382507,2,134,
129,19800,i,1.5167951583862305,2,134,
129,20100,a,1.4301146268844604,2,136,
129,20100,b,1.5388845801353455,2,136,
129,20100,c,1.4688445925712585,2,136,
129,20100,d,1.4140177965164185,2,136,
129,20100,e,1.3803447484970093,2,136,
129,20100,f,1.4899687767028809,2,136,
129,20100,g,1.481056272983551,2,136,
129,20100,h,1.470618724822998,2,136,
129,20100,i,1.4430266618728638,2,136,
129,20400,a,1.4631377458572388,2,138,
129,20400,b,1.4689210057258606,2,138,
129,20400,c,1.5904017686843872,2,138,
129,20400,d,1.4245426654815674,2,138,
129,20400,e,1.365325689315796,2,138,
129,20400,f,1.3759989738464355,2,138,
129,20400,g,1.361305296421051,2,138,
129,20400,h,1.3410502076148987,2,138,
129,20400,i,1.382239043712616,2,138,
129,20700,a,1.3926705121994019,2,140,
129,20700,b,1.5778684616088867,2,140,
129,20700,c,1.6281228065490723,2,140,
129,20700,d,1.4095865488052368,2,140,
129,20700,e,1.5557034611701965,2,140,
129,20700,f,1.469736933708191,2,140,
129,20700,g,1.4910691976547241,2,140,
129,20700,h,1.3846094608306885,2,140,
129,20700,i,1.5268285870552063,2,140,
129,21000,a,1.4825886487960815,2,142,
129,21000,b,1.4824695587158203,2,142,
129,21000,c,1.5012816190719604,2,142,
129,21000,d,1.4257710576057434,2,142,
129,21000,e,1.4357398748397827,2,142,
129,21000,f,1.4308816194534302,2,142,
129,21000,g,1.4654130935668945,2,142,
129,21000,h,1.3730180263519287,2,142,
129,21000,i,1.4464601278305054,2,142,
129,21300,a,1.4008142352104187,2,144,
129,21300,b,1.5132703185081482,2,144,
129,21300,c,1.505746603012085,2,144,
129,21300,d,1.355552077293396,2,144,
129,21300,e,1.4601271152496338,2,144,
129,21300,f,1.5775686502456665,2,144,
129,21300,g,1.407004952430725,2,144,
129,21300,h,1.3881184458732605,2,144,
129,21300,i,1.4253793358802795,2,144,
129,21600,a,1.3664591312408447,2,146,
129,21600,b,1.4510505199432373,2,146,
129,21600,c,1.4383707642555237,2,146,
129,21600,d,1.4543363451957703,2,146,
129,21600,e,1.4048612117767334,2,146,
129,21600,f,1.4963618516921997,2,146,
129,21600,g,1.3671187162399292,2,146,
129,21600,h,1.4117224216461182,2,146,
129,21600,i,1.3894786834716797,2,146,
129,21900,a,1.4986796379089355,2,148,
129,21900,b,1.4576122164726257,2,148,
129,21900,c,1.4863170981407166,2,148,
129,21900,d,1.3512327671051025,2,148,
129,21900,e,1.4309202432632446,2,148,
129,21900,f,1.4147671461105347,2,148,
129,21900,g,1.3210338950157166,2,148,
129,21900,h,1.4332817196846008,2,148,
129,21900,i,1.385974407196045,2,148,
129,22200,a,1.2974709868431091,2,150,
129,22200,b,1.6099137663841248,2,150,
129,22200,c,1.475078284740448,2,150,
129,22200,d,1.4125362634658813,2,150,
129,22200,e,1.2446861267089844,2,150,
129,22200,f,1.484641671180725,2,150,
129,22200,g,1.3503473997116089,2,150,
129,22200,h,1.3431488871574402,2,150,
129,22200,i,1.3925098776817322,2,150,
129,22500,a,1.383493721485138,2,152,
129,22500,b,1.5581642389297485,2,152,
129,22500,c,1.4099090099334717,2,152,
129,22500,d,1.3177701830863953,2,152,
129,22500,e,1.363003432750702,2,152,
129,22500,f,1.4429239630699158,2,152,
129,22500,g,1.404297113418579,2,152,
129,22500,h,1.3490769267082214,2,152,
129,22500,i,1.3123076558113098,2,152,
129,22800,a,1.3674530386924744,2,154,
129,22800,b,1.4495071768760681,2,154,
129,22800,c,1.375722587108612,2,154,
129,22800,d,1.4441061615943909,2,154,
129,22800,e,1.4083972573280334,2,154,
129,22800,f,1.5150489211082458,2,154,
129,22800,g,1.3506442308425903,2,154,
129,22800,h,1.3256548047065735,2,154,
129,22800,i,1.3432872295379639,2,154,
129,23100,a,1.3954126238822937,2,156,
129,23100,b,1.518498718738556,2,156,
129,23100,c,1.434181034564972,2,156,
129,23100,d,1.2964510917663574,2,156,
129,23100,e,1.3769689798355103,2,156,
129,23100,f,1.4042623043060303,2,156,
129,23100,g,1.5199116468429565,2,156,
129,23100,h,1.4207335710525513,2,156,
129,23100,i,1.4015285968780518,2,156,
129,23400,a,1.3856897354125977,2,158,
129,23400,b,1.5162121057510376,2,158,
129,23400,c,1.4334009289741516,2,158,
129,23400,d,1.32603919506073,2,158,
129,23400,e,1.4262483716011047,2,158,
129,23400,f,1.504883885383606,2,158,
129,23400,g,1.4784523844718933,2,158,
129,23400,h,1.6097784042358398,2,158,
129,23400,i,1.3893985748291016,2,158,
129,23700,a,1.3610137701034546,2,160,
129,23700,b,1.4717302322387695,2,160,
129,23700,c,1.5106778740882874,2,160,
129,23700,d,1.4061108827590942,2,160,
129,23700,e,1.3686894178390503,2,160,
129,23700,f,1.4070000648498535,2,160,
129,23700,g,1.497370719909668,2,160,
129,23700,h,1.391844928264618,2,160,
129,23700,i,1.4121781587600708,2,160,
129,24000,a,1.4832749366760254,2,162,
129,24000,b,1.6048633456230164,2,162,
129,24000,c,1.3941539525985718,2,162,
129,24000,d,1.3033983707427979,2,162,
129,24000,e,1.29249906539917,2,162,
129,24000,f,1.4034607410430908,2,162,
129,24000,g,1.399247169494629,2,162,
129,24000,h,1.5136321187019348,2,162,
129,24000,i,1.4340909719467163,2,162,
129,24300,a,1.3589545488357544,2,164,
129,24300,b,1.5198946595191956,2,164,
129,24300,c,1.5032126903533936,2,164,
129,24300,d,1.2953856587409973,2,164,
129,24300,e,1.3362911343574524,2,164,
129,24300,f,1.3719602823257446,2,164,
129,24300,g,1.453511357307434,2,164,
129,24300,h,1.439095914363861,2,164,
129,24300,i,1.3672000169754028,2,164,
129,24600,a,1.322388470172882,2,166,
129,24600,b,1.4517544507980347,2,166,
129,24600,c,1.5362637042999268,2,166,
129,24600,d,1.2427003383636475,2,166,
129,24600,e,1.3287848234176636,2,166,
129,24600,f,1.3407057523727417,2,166,
129,24600,g,1.4355434775352478,2,166,
129,24600,h,1.3419468402862549,2,166,
129,24600,i,1.308480679988861,2,166,
129,24900,a,1.3477146625518799,2,168,
129,24900,b,1.4760240316390991,2,168,
129,24900,c,1.4880963563919067,2,168,
129,24900,d,1.5121093392372131,2,168,
129,24900,e,1.3091744780540466,2,168,
129,24900,f,1.4528376460075378,2,168,
129,24900,g,1.39223974943161,2,168,
129,24900,h,1.5416098237037659,2,168,
129,24900,i,1.3051048517227173,2,168,
129,25200,a,1.3561574816703796,2,170,
129,25200,b,1.3594774007797241,2,170,
129,25200,c,1.5210949182510376,2,170,
129,25200,d,1.365303099155426,2,170,
129,25200,e,1.3869916200637817,2,170,
129,25200,f,1.3441624641418457,2,170,
129,25200,g,1.3101877570152283,2,170,
129,25200,h,1.3439425230026245,2,170,
129,25200,i,1.3786574006080627,2,170,
129,25500,a,1.2983468174934387,2,172,
129,25500,b,1.4110435843467712,2,172,
129,25500,c,1.5918028950691223,2,172,
129,25500,d,1.5009310245513916,2,172,
129,25500,e,1.3365803360939026,2,172,
129,25500,f,1.4282274842262268,2,172,
129,25500,g,1.315415382385254,2,172,
129,25500,h,1.3552247285842896,2,172,
129,25500,i,1.5198968648910522,2,172,
129,25800,a,1.4423532485961914,2,174,
129,25800,b,1.4891341924667358,2,174,
129,25800,c,1.4097650051116943,2,174,
129,25800,d,1.319858968257904,2,174,
129,25800,e,1.428748071193695,2,174,
129,25800,f,1.4798877835273743,2,174,
129,25800,g,1.4140361547470093,2,174,
129,25800,h,1.3547105193138123,2,174,
129,25800,i,1.3209052681922913,2,174,
129,26100,a,1.36990487575531,2,176,
129,26100,b,1.4459035992622375,2,176,
129,26100,c,1.4056315422058105,2,176,
129,26100,d,1.279857099056244,2,176,
129,26100,e,1.2397608160972595,2,176,
129,26100,f,1.4989160299301147,2,176,
129,26100,g,1.3409553170204163,2,176,
129,26100,h,1.3395792841911316,2,176,
129,26100,i,1.3170313835144043,2,176,
129,26400,a,1.3578802943229675,2,178,
129,26400,b,1.4764540791511536,2,178,
129,26400,c,1.4600021839141846,2,178,
129,26400,d,1.352587878704071,2,178,
129,26400,e,1.3550398349761963,2,178,
129,26400,f,1.3561744689941406,2,178,
129,26400,g,1.3086809515953064,2,178,
129,26400,h,1.234046757221222,2,178,
129,26400,i,1.3992644548416138,2,178,
129,26700,a,1.3527454137802124,2,180,
129,26700,b,1.4757448434829712,2,180,
129,26700,c,1.5983286499977112,2,180,
129,26700,d,1.3354461789131165,2,180,
129,26700,e,1.2991020679473877,2,180,
129,26700,f,1.2900727987289429,2,180,
129,26700,g,1.2352800965309143,2,180,
129,26700,h,1.4936820268630981,2,180,
129,26700,i,1.4557316899299622,2,180,
129,27000,a,1.3313252329826355,2,182,
129,27000,b,1.464234471321106,2,182,
129,27000,c,1.4839839935302734,2,182,
129,27000,d,1.3940662741661072,2,182,
129,27000,e,1.2079812288284302,2,182,
129,27000,f,1.4039661884307861,2,182,
129,27000,g,1.3854021430015564,2,182,
129,27000,h,1.3201598525047302,2,182,
129,27000,i,1.3844005465507507,2,182,
129,27300,a,1.523115634918213,2,184,
129,27300,b,1.526691496372223,2,184,
129,27300,c,1.5569133162498474,2,184,
129,27300,d,1.3205726146697998,2,184,
129,27300,e,1.2607819437980652,2,184,
129,27300,f,1.5486814379692078,2,184,
129,27300,g,1.3642274141311646,2,184,
129,27300,h,1.35447096824646,2,184,
129,27300,i,1.2958285212516785,2,184,
129,27600,a,1.352942943572998,2,186,
129,27600,b,1.5047898292541504,2,186,
129,27600,c,1.4348647594451904,2,186,
129,27600,d,1.329860508441925,2,186,
129,27600,e,1.359377682209015,2,186,
129,27600,f,1.337587594985962,2,186,
129,27600,g,1.2831297516822815,2,186,
129,27600,h,1.5474992990493774,2,186,
129,27600,i,1.4758918285369873,2,186,
129,27900,a,1.2875586152076721,2,188,
129,27900,b,1.5067951679229736,2,188,
129,27900,c,1.3537387251853943,2,188,
129,27900,d,1.3396480083465576,2,188,
129,27900,e,1.39182710647583,2,188,
129,27900,f,1.4923776388168335,2,188,
129,27900,g,1.2160354256629944,2,188,
129,27900,h,1.3824692964553833,2,188,
129,27900,i,1.298816740512848,2,188,
129,28200,a,1.3869363069534302,2,190,
129,28200,b,1.4741278886795044,2,190,
129,28200,c,1.4367091655731201,2,190,
129,28200,d,1.2746164202690125,2,190,
129,28200,e,1.3089924454689026,2,190,
129,28200,f,1.4467878341674805,2,190,
129,28200,g,1.2056454420089722,2,190,
129,28200,h,1.3413293361663818,2,190,
129,28200,i,1.2764914631843567,2,190,
129,28500,a,1.329931616783142,2,192,
129,28500,b,1.443436861038208,2,192,
129,28500,c,1.3613321781158447,2,192,
129,28500,d,1.23350989818573,2,192,
129,28500,e,1.4159141778945923,2,192,
129,28500,f,1.5084392428398132,2,192,
129,28500,g,1.3469212055206299,2,192,
129,28500,h,1.302573561668396,2,192,
129,28500,i,1.3497231602668762,2,192,
129,28800,a,1.32470703125,2,194,
129,28800,b,1.3584820628166199,2,194,
129,28800,c,1.3958073258399963,2,194,
129,28800,d,1.3505947589874268,2,194,
129,28800,e,1.4736934900283813,2,194,
129,28800,f,1.566602349281311,2,194,
129,28800,g,1.3174936175346375,2,194,
129,28800,h,1.4630598425865173,2,194,
129,28800,i,1.3236876726150513,2,194,
129,29100,a,1.2660664916038513,2,196,
129,29100,b,1.550357162952423,2,196,
129,29100,c,1.5153672099113464,2,196,
129,29100,d,1.2760364413261414,2,196,
129,29100,e,1.2949168682098389,2,196,
129,29100,f,1.3637189269065857,2,196,
129,29100,g,1.2383022904396057,2,196,
129,29100,h,1.250272512435913,2,196,
129,29100,i,1.3289787769317627,2,196,
129,29400,a,1.3371268510818481,2,198,
129,29400,b,1.410249650478363,2,198,
129,29400,c,1.352961778640747,2,198,
129,29400,d,1.3685578107833862,2,198,
129,29400,e,1.3514007925987244,2,198,
129,29400,f,1.5034493803977966,2,198,
129,29400,g,1.31352299451828,2,198,
129,29400,h,1.3121393322944641,2,198,
129,29400,i,1.2878394722938538,2,198,
129,29700,a,1.2416411638259888,2,200,
129,29700,b,1.4155219197273254,2,200,
129,29700,c,1.2809556722640991,2,200,
129,29700,d,1.3555792570114136,2,200,
129,29700,e,1.2466686367988586,2,200,
129,29700,f,1.4406532049179077,2,200,
129,29700,g,1.1577600240707397,2,200,
129,29700,h,1.341529369354248,2,200,
129,29700,i,1.345741093158722,2,200,
129,30000,a,1.2619478106498718,2,202,
129,30000,b,1.515717089176178,2,202,
129,30000,c,1.3769177198410034,2,202,
129,30000,d,1.3052995800971985,2,202,
129,30000,e,1.392440676689148,2,202,
129,30000,f,1.4066264629364014,2,202,
129,30000,g,1.220413088798523,2,202,
129,30000,h,1.2136544585227966,2,202,
129,30000,i,1.2848503589630127,2,202,
129,30300,a,1.1908115148544312,2,204,
129,30300,b,1.356126070022583,2,204,
129,30300,c,1.3654442429542542,2,204,
129,30300,d,1.3189208507537842,2,204,
129,30300,e,1.3404442071914673,2,204,
129,30300,f,1.4503435492515564,2,204,
129,30300,g,1.3916390538215637,2,204,
129,30300,h,1.456419587135315,2,204,
129,30300,i,1.2993268370628357,2,204,
129,30600,a,1.2963522672653198,2,206,
129,30600,b,1.382117748260498,2,206,
129,30600,c,1.391584038734436,2,206,
129,30600,d,1.2458916902542114,2,206,
129,30600,e,1.2852538228034973,2,206,
129,30600,f,1.3225632905960083,2,206,
129,30600,g,1.3965108394622803,2,206,
129,30600,h,1.3357716798782349,2,206,
129,30600,i,1.27276611328125,2,206,
129,30900,a,1.3363614678382874,2,208,
129,30900,b,1.4522222876548767,2,208,
129,30900,c,1.4357555508613586,2,208,
129,30900,d,1.291584849357605,2,208,
129,30900,e,1.401273787021637,2,208,
129,30900,f,1.3399897813796997,2,208,
129,30900,g,1.3453055620193481,2,208,
129,30900,h,1.488142192363739,2,208,
129,30900,i,1.1994269490242004,2,208,
129,31200,a,1.3272736072540283,2,210,
129,31200,b,1.3463704586029053,2,210,
129,31200,c,1.3799688816070557,2,210,
129,31200,d,1.1916664838790894,2,210,
129,31200,e,1.1845158338546753,2,210,
129,31200,f,1.4390159249305725,2,210,
129,31200,g,1.2794674634933472,2,210,
129,31200,h,1.2660256624221802,2,210,
129,31200,i,1.217041015625,2,210,
129,31500,a,1.2425913214683533,2,212,
129,31500,b,1.3871041536331177,2,212,
129,31500,c,1.6391189694404602,2,212,
129,31500,d,1.231086254119873,2,212,
129,31500,e,1.4363279342651367,2,212,
129,31500,f,1.4387193322181702,2,212,
129,31500,g,1.4240517020225525,2,212,
129,31500,h,1.5196067094802856,2,212,
129,31500,i,1.3118889331817627,2,212,
129,31800,a,1.2927698493003845,2,214,
129,31800,b,1.401075303554535,2,214,
129,31800,c,1.418377161026001,2,214,
129,31800,d,1.2349836826324463,2,214,
129,31800,e,1.424238681793213,2,214,
129,31800,f,1.3008397221565247,2,214,
129,31800,g,1.2936742305755615,2,214,
129,31800,h,1.3527806401252747,2,214,
129,31800,i,1.3835426568984985,2,214,
129,32100,a,1.300054907798767,2,216,
129,32100,b,1.336845576763153,2,216,
129,32100,c,1.4721629619598389,2,216,
129,32100,d,1.1999374628067017,2,216,
129,32100,e,1.261894404888153,2,216,
129,32100,f,1.3448042273521423,2,216,
129,32100,g,1.261933445930481,2,216,
129,32100,h,1.3258305788040161,2,216,
129,32100,i,1.3427983522415161,2,216,
129,32400,a,1.3017133474349976,2,218,
129,32400,b,1.4253658056259155,2,218,
129,32400,c,1.293269693851471,2,218,
129,32400,d,1.206023931503296,2,218,
129,32400,e,1.340675413608551,2,218,
129,32400,f,1.3436114192008972,2,218,
129,32400,g,1.2710992693901062,2,218,
129,32400,h,1.3405578136444092,2,218,
129,32400,i,1.2681466341018677,2,218,
129,32700,a,1.245331346988678,2,220,
129,32700,b,1.3111134767532349,2,220,
129,32700,c,1.319750428199768,2,220,
129,32700,d,1.1633175015449524,2,220,
129,32700,e,1.3644667267799377,2,220,
129,32700,f,1.3647540211677551,2,220,
129,32700,g,1.4364864230155945,2,220,
129,32700,h,1.2672029733657837,2,220,
129,32700,i,1.3832991123199463,2,220,
129,33000,a,1.2067448496818542,2,222,
129,33000,b,1.3519352078437805,2,222,
129,33000,c,1.5948244333267212,2,222,
129,33000,d,1.1961009502410889,2,222,
129,33000,e,1.675306797027588,2,222,
129,33000,f,1.3590036034584045,2,222,
129,33000,g,1.2183456420898438,2,222,
129,33000,h,1.3839187622070312,2,222,
129,33000,i,1.2988661527633667,2,222,
129,33300,a,1.3059304356575012,2,224,
129,33300,b,1.4759917855262756,2,224,
129,33300,c,1.360248327255249,2,224,
129,33300,d,1.2184929847717285,2,224,
129,33300,e,1.3146450519561768,2,224,
129,33300,f,1.3382447957992554,2,224,
129,33300,g,1.4423649907112122,2,224,
129,33300,h,1.3661630749702454,2,224,
129,33300,i,1.1252467036247253,2,224,
129,33600,a,1.3288992643356323,2,226,
129,33600,b,1.3659635186195374,2,226,
129,33600,c,1.4821681380271912,2,226,
129,33600,d,1.3366633653640747,2,226,
129,33600,e,1.3082383275032043,2,226,
129,33600,f,1.5588862299919128,2,226,
129,33600,g,1.1627582907676697,2,226,
129,33600,h,1.3720391988754272,2,226,
129,33600,i,1.3045649528503418,2,226,
129,33900,a,1.237405776977539,2,228,
129,33900,b,1.3030569553375244,2,228,
129,33900,c,1.3681648969650269,2,228,
129,33900,d,1.234023094177246,2,228,
129,33900,e,1.3957162499427795,2,228,
129,33900,f,1.3545026183128357,2,228,
129,33900,g,1.488361418247223,2,228,
129,33900,h,1.238202452659607,2,228,
129,33900,i,1.189084231853485,2,228,
129,34200,a,1.2880412340164185,2,230,
129,34200,b,1.2566370368003845,2,230,
129,34200,c,1.50918048620224,2,230,
129,34200,d,1.3158604502677917,2,230,
129,34200,e,1.397714614868164,2,230,
129,34200,f,1.2774897813796997,2,230,
129,34200,g,1.279477298259735,2,230,
129,34200,h,1.2262847423553467,2,230,
129,34200,i,1.3111310601234436,2,230,
129,34500,a,1.2698971629142761,2,232,
129,34500,b,1.4333523511886597,2,232,
129,34500,c,1.3118370175361633,2,232,
129,34500,d,1.2970860600471497,2,232,
129,34500,e,1.451882243156433,2,232,
129,34500,f,1.3397178649902344,2,232,
129,34500,g,1.3630625009536743,2,232,
129,34500,h,1.3367637991905212,2,232,
129,34500,i,1.2865625619888306,2,232,
129,34800,a,1.5103482007980347,2,234,
129,34800,b,1.5156384706497192,2,234,
129,34800,c,1.2676857709884644,2,234,
129,34800,d,1.3006834983825684,2,234,
129,34800,e,1.2737623453140259,2,234,
129,34800,f,1.406917691230774,2,234,
129,34800,g,1.447508692741394,2,234,
129,34800,h,1.147004246711731,2,234,
129,34800,i,1.2236754298210144,2,234,
129,35100,a,1.3548386693000793,2,236,
129,35100,b,1.3253678679466248,2,236,
129,35100,c,1.4350549578666687,2,236,
129,35100,d,1.3698936700820923,2,236,
129,35100,e,1.3041726350784302,2,236,
129,35100,f,1.1943934559822083,2,236,
129,35100,g,1.2492681741714478,2,236,
129,35100,h,1.3373709321022034,2,236,
129,35100,i,1.3692814111709595,2,236,
129,35400,a,1.2407930493354797,2,238,
129,35400,b,1.4013932943344116,2,238,
129,35400,c,1.3702349066734314,2,238,
129,35400,d,1.407308578491211,2,238,
129,35400,e,1.2771908640861511,2,238,
129,35400,f,1.4079980850219727,2,238,
129,35400,g,1.288848638534546,2,238,
129,35400,h,1.313819944858551,2,238,
129,35400,i,1.3236172795295715,2,238,
129,35700,a,1.36335027217865,2,240,
129,35700,b,1.334382712841034,2,240,
129,35700,c,1.40912526845932,2,240,
129,35700,d,1.3656606674194336,2,240,
129,35700,e,1.2987405061721802,2,240,
129,35700,f,1.4920544624328613,2,240,
129,35700,g,1.2607184052467346,2,240,
129,35700,h,1.297200322151184,2,240,
129,35700,i,1.4511104226112366,2,240,
129,36000,a,1.1822049021720886,2,242,
129,36000,b,1.3964933156967163,2,242,
129,36000,c,1.391533374786377,2,242,
129,36000,d,1.3371413350105286,2,242,
129,36000,e,1.2375470995903015,2,242,
129,36000,f,1.3196687698364258,2,242,
129,36000,g,1.3835830688476562,2,242,
129,36000,h,1.2398885488510132,2,242,
129,36000,i,1.3510171175003052,2,242,
129,36300,a,1.1727988719940186,2,244,
129,36300,b,1.2731212377548218,2,244,
129,36300,c,1.3420897722244263,2,244,
129,36300,d,1.336954414844513,2,244,
129,36300,e,1.264223337173462,2,244,
129,36300,f,1.2854117155075073,2,244,
129,36300,g,1.2161532044410706,2,244,
129,36300,h,1.2824532389640808,2,244,
129,36300,i,1.2604677081108093,2,244,
129,36600,a,1.2932264804840088,2,246,
129,36600,b,1.333305537700653,2,246,
129,36600,c,1.3012847900390625,2,246,
129,36600,d,1.1743490099906921,2,246,
129,36600,e,1.3024532794952393,2,246,
129,36600,f,1.3227746486663818,2,246,
129,36600,g,1.3312579989433289,2,246,
129,36600,h,1.403758466243744,2,246,
129,36600,i,1.279309868812561,2,246,
129,36900,a,1.278022289276123,2,248,
129,36900,b,1.3114237785339355,2,248,
129,36900,c,1.2488989233970642,2,248,
129,36900,d,1.2392454147338867,2,248,
129,36900,e,1.2667004466056824,2,248,
129,36900,f,1.3871398568153381,2,248,
129,36900,g,1.238750696182251,2,248,
129,36900,h,1.3740119338035583,2,248,
129,36900,i,1.2256545424461365,2,248,
129,37200,a,1.3924607634544373,2,250,
129,37200,b,1.2982069849967957,2,250,
129,37200,c,1.325863242149353,2,250,
129,37200,d,1.262241005897522,2,250,
129,37200,e,1.1777929067611694,2,250,
129,37200,f,1.4274531602859497,2,250,
129,37200,g,1.252746045589447,2,250,
129,37200,h,1.2493313550949097,2,250,
129,37200,i,1.2217593789100647,2,250,
129,37500,a,1.2489376664161682,2,252,
129,37500,b,1.3179714679718018,2,252,
129,37500,c,1.3355501294136047,2,252,
129,37500,d,1.210503101348877,2,252,
129,37500,e,1.267372727394104,2,252,
129,37500,f,1.3168066143989563,2,252,
129,37500,g,1.2085257768630981,2,252,
129,37500,h,1.4603514075279236,2,252,
129,37500,i,1.3010637760162354,2,252,
129,37800,a,1.1354991793632507,2,254,
129,37800,b,1.4387236833572388,2,254,
129,37800,c,1.4107328057289124,2,254,
129,37800,d,1.2201059460639954,2,254,
129,37800,e,1.1191172003746033,2,254,
129,37800,f,1.2681472897529602,2,254,
129,37800,g,1.3359017968177795,2,254,
129,37800,h,1.2383278012275696,2,254,
129,37800,i,1.1857777833938599,2,254,
129,38100,a,1.311089277267456,2,256,
129,38100,b,1.307190477848053,2,256,
129,38100,c,1.3527101874351501,2,256,
129,38100,d,1.1102166175842285,2,256,
129,38100,e,1.0867387652397156,2,256,
129,38100,f,1.2741712927818298,2,256,
129,38100,g,1.2384196519851685,2,256,
129,38100,h,1.4406483173370361,2,256,
129,38100,i,1.2060030698776245,2,256,
129,38400,a,1.1289418935775757,2,258,
129,38400,b,1.4127522110939026,2,258,
129,38400,c,1.3953437209129333,2,258,
129,38400,d,1.2081992030143738,2,258,
129,38400,e,1.207213282585144,2,258,
129,38400,f,1.317686378955841,2,258,
129,38400,g,1.192147135734558,2,258,
129,38400,h,1.3341678977012634,2,258,
129,38400,i,1.3572331666946411,2,258,
129,38700,a,1.3253990411758423,2,260,
129,38700,b,1.41604882478714,2,260,
129,38700,c,1.2625542879104614,2,260,
129,38700,d,1.1214183568954468,2,260,
129,38700,e,1.3108851909637451,2,260,
129,38700,f,1.216233491897583,2,260,
129,38700,g,1.449018955230713,2,260,
129,38700,h,1.3410199284553528,2,260,
129,38700,i,1.279631495475769,2,260,
129,39000,a,1.223578155040741,2,262,
129,39000,b,1.3420908451080322,2,262,
129,39000,c,1.4859808087348938,2,262,
129,39000,d,1.3851199746131897,2,262,
129,39000,e,1.355974555015564,2,262,
129,39000,f,1.3081750273704529,2,262,
129,39000,g,1.289908528327942,2,262,
129,39000,h,1.3806576132774353,2,262,
129,39000,i,1.275346040725708,2,262,
129,39300,a,1.3151755928993225,2,264,
129,39300,b,1.265931785106659,2,264,
129,39300,c,1.4249889850616455,2,264,
129,39300,d,1.2636967897415161,2,264,
129,39300,e,1.417910873889923,2,264,
129,39300,f,1.5306304693222046,2,264,
129,39300,g,1.4160476922988892,2,264,
129,39300,h,1.3083866834640503,2,264,
129,39300,i,1.2257689833641052,2,264,
129,39600,a,1.2204022407531738,2,266,
129,39600,b,1.472154974937439,2,266,
129,39600,c,1.3402400016784668,2,266,
129,39600,d,1.2166447043418884,2,266,
129,39600,e,1.23037588596344,2,266,
129,39600,f,1.2707949876785278,2,266,
129,39600,g,1.3423610925674438,2,266,
129,39600,h,1.3099406957626343,2,266,
129,39600,i,1.1985164880752563,2,266,
129,39900,a,1.3093405365943909,2,268,
129,39900,b,1.2488646507263184,2,268,
129,39900,c,1.352212131023407,2,268,
129,39900,d,1.1639907360076904,2,268,
129,39900,e,1.164179503917694,2,268,
129,39900,f,1.3047237396240234,2,268,
129,39900,g,1.3747059106826782,2,268,
129,39900,h,1.2226398587226868,2,268,
129,39900,i,1.4578548073768616,2,268,
129,40200,a,1.236295759677887,2,270,
129,40200,b,1.2697003483772278,2,270,
129,40200,c,1.355169951915741,2,270,
129,40200,d,1.176313877105713,2,270,
129,40200,e,1.3781189918518066,2,270,
129,40200,f,1.3566524386405945,2,270,
129,40200,g,1.3151724934577942,2,270,
129,40200,h,1.1526644229888916,2,270,
129,40200,i,1.3500856757164001,2,270,
129,40500,a,1.2307847142219543,2,272,
129,40500,b,1.3303707242012024,2,272,
129,40500,c,1.4552106857299805,2,272,
129,40500,d,1.374430775642395,2,272,
129,40500,e,1.2503145933151245,2,272,
129,40500,f,1.3461477160453796,2,272,
129,40500,g,1.3254867196083069,2,272,
129,40500,h,1.4279487133026123,2,272,
129,40500,i,1.1814842820167542,2,272,
129,40800,a,1.23779958486557,2,274,
129,40800,b,1.283078670501709,2,274,
129,40800,c,1.3032312393188477,2,274,
129,40800,d,1.2695062160491943,2,274,
129,40800,e,1.1354312300682068,2,274,
129,40800,f,1.2432525157928467,2,274,
129,40800,g,1.2727752923965454,2,274,
129,40800,h,1.3198797106742859,2,274,
129,40800,i,1.23778235912323,2,274,
129,41100,a,1.2341163158416748,2,276,
129,41100,b,1.334201455116272,2,276,
129,41100,c,1.3450637459754944,2,276,
129,41100,d,1.3882583379745483,2,276,
129,41100,e,1.2716741561889648,2,276,
129,41100,f,1.3443055152893066,2,276,
129,41100,g,1.203953742980957,2,276,
129,41100,h,1.1363565325737,2,276,
129,41100,i,1.155699610710144,2,276,
129,41400,a,1.1482426524162292,2,278,
129,41400,b,1.384390115737915,2,278,
129,41400,c,1.4520021677017212,2,278,
129,41400,d,1.2223484516143799,2,278,
129,41400,e,1.3761641383171082,2,278,
129,41400,f,1.252958059310913,2,278,
129,41400,g,1.2652637958526611,2,278,
129,41400,h,1.2030956745147705,2,278,
129,41400,i,1.3592907190322876,2,278,
129,41700,a,1.129350483417511,2,280,
129,41700,b,1.29502934217453,2,280,
129,41700,c,1.2939926981925964,2,280,
129,41700,d,1.1592671871185303,2,280,
129,41700,e,1.2958781123161316,2,280,
129,41700,f,1.2620590925216675,2,280,
129,41700,g,1.3237157464027405,2,280,
129,41700,h,1.2837246656417847,2,280,
129,41700,i,1.385176420211792,2,280,
129,42000,a,1.2749459743499756,2,282,
129,42000,b,1.3842538595199585,2,282,
129,42000,c,1.433026909828186,2,282,
129,42000,d,1.1169661283493042,2,282,
129,42000,e,1.246060848236084,2,282,
129,42000,f,1.3193138241767883,2,282,
129,42000,g,1.241391658782959,2,282,
129,42000,h,1.1269606947898865,2,282,
129,42000,i,1.162789762020111,2,282,
129,42300,a,1.1273735761642456,2,284,
129,42300,b,1.2587983012199402,2,284,
129,42300,c,1.2727068066596985,2,284,
129,42300,d,1.2718660831451416,2,284,
129,42300,e,1.2042969465255737,2,284,
129,42300,f,1.1767743825912476,2,284,
129,42300,g,1.2529287338256836,2,284,
129,42300,h,1.2624288201332092,2,284,
129,42300,i,1.2682726383209229,2,284,
129,42600,a,1.2047622799873352,2,286,
129,42600,b,1.340527892112732,2,286,
129,42600,c,1.2607338428497314,2,286,
129,42600,d,1.2162562012672424,2,286,
129,42600,e,1.175899624824524,2,286,
129,42600,f,1.2667489647865295,2,286,
129,42600,g,1.2755848169326782,2,286,
129,42600,h,1.0660125315189362,2,286,
129,42600,i,1.27161705493927,2,286,
129,42900,a,1.255038321018219,2,288,
129,42900,b,1.3170900344848633,2,288,
129,42900,c,1.3823841214179993,2,288,
129,42900,d,1.1036542654037476,2,288,
129,42900,e,1.1409655213356018,2,288,
129,42900,f,1.409967303276062,2,288,
129,42900,g,1.4416927695274353,2,288,
129,42900,h,1.3315080404281616,2,288,
129,42900,i,1.1102109551429749,2,288,
129,43200,a,1.3196523189544678,2,290,
129,43200,b,1.3778711557388306,2,290,
129,43200,c,1.2612469792366028,2,290,
129,43200,d,1.1993802189826965,2,290,
129,43200,e,1.5163784623146057,2,290,
129,43200,f,1.3687758445739746,2,290,
129,43200,g,1.2026484608650208,2,290,
129,43200,h,1.1404839754104614,2,290,
129,43200,i,1.2116953134536743,2,290,
129,43500,a,1.2958065271377563,2,292,
129,43500,b,1.290368139743805,2,292,
129,43500,c,1.197291076183319,2,292,
129,43500,d,1.1839083433151245,2,292,
129,43500,e,1.100468099117279,2,292,
129,43500,f,1.3392192125320435,2,292,
129,43500,g,1.3215999603271484,2,292,
129,43500,h,1.136653184890747,2,292,
129,43500,i,1.282761812210083,2,292,
129,43800,a,1.221334993839264,2,294,
129,43800,b,1.3113271594047546,2,294,
129,43800,c,1.252887487411499,2,294,
129,43800,d,1.2376109957695007,2,294,
129,43800,e,1.2173745036125183,2,294,
129,43800,f,1.2727478742599487,2,294,
129,43800,g,1.1575655341148376,2,294,
129,43800,h,1.2512367963790894,2,294,
129,43800,i,1.2144489288330078,2,294,
129,44100,a,1.206635296344757,2,296,
129,44100,b,1.373413324356079,2,296,
129,44100,c,1.237489640712738,2,296,
129,44100,d,1.1688189506530762,2,296,
129,44100,e,1.3098215460777283,2,296,
129,44100,f,1.2210718393325806,2,296,
129,44100,g,1.4283369779586792,2,296,
129,44100,h,1.2780084013938904,2,296,
129,44100,i,1.2596800327301025,2,296,
129,44400,a,1.1619028449058533,2,298,
129,44400,b,1.266714632511139,2,298,
129,44400,c,1.315415620803833,2,298,
129,44400,d,1.0711631178855896,2,298,
129,44400,e,1.2920222878456116,2,298,
129,44400,f,1.2599771618843079,2,298,
129,44400,g,1.3504406809806824,2,298,
129,44400,h,1.209192156791687,2,298,
129,44400,i,1.3063873648643494,2,298,
129,44700,a,1.2410835027694702,2,300,
129,44700,b,1.2646798491477966,2,300,
129,44700,c,1.1780096292495728,2,300,
129,44700,d,1.1633549332618713,2,300,
129,44700,e,1.3247889876365662,2,300,
129,44700,f,1.222825527191162,2,300,
129,44700,g,1.2850182056427002,2,300,
129,44700,h,1.273458480834961,2,300,
129,44700,i,1.1481413841247559,2,300,
129,45000,a,1.1612008810043335,2,302,
129,45000,b,1.313991367816925,2,302,
129,45000,c,1.2389076948165894,2,302,
129,45000,d,1.323513388633728,2,302,
129,45000,e,1.1159781217575073,2,302,
129,45000,f,1.2300653457641602,2,302,
129,45000,g,1.2379124164581299,2,302,
129,45000,h,1.19133859872818,2,302,
129,45000,i,1.191038966178894,2,302,
129,45300,a,1.292483150959015,2,304,
129,45300,b,1.4442254900932312,2,304,
129,45300,c,1.2523359060287476,2,304,
129,45300,d,1.4700552821159363,2,304,
129,45300,e,1.3529163599014282,2,304,
129,45300,f,1.2877463102340698,2,304,
129,45300,g,1.3252860307693481,2,304,
129,45300,h,1.299488127231598,2,304,
129,45300,i,1.3850233554840088,2,304,
129,45600,a,1.203979253768921,2,306,
129,45600,b,1.3412950038909912,2,306,
129,45600,c,1.1865578889846802,2,306,
129,45600,d,1.2145037651062012,2,306,
129,45600,e,1.1632283926010132,2,306,
129,45600,f,1.2651764750480652,2,306,
129,45600,g,1.1668902039527893,2,306,
129,45600,h,1.262668490409851,2,306,
129,45600,i,1.2240724563598633,2,306,
129,45900,a,1.1965174674987793,2,308,
129,45900,b,1.3375490307807922,2,308,
129,45900,c,1.4129652976989746,2,308,
129,45900,d,1.180701494216919,2,308,
129,45900,e,1.085606575012207,2,308,
129,45900,f,1.2966045141220093,2,308,
129,45900,g,1.2501514554023743,2,308,
129,45900,h,1.2075484991073608,2,308,
129,45900,i,1.1554909944534302,2,308,
129,46200,a,1.160420298576355,2,310,
129,46200,b,1.2170120477676392,2,310,
129,46200,c,1.2631183862686157,2,310,
129,46200,d,1.1049779057502747,2,310,
129,46200,e,1.2966158986091614,2,310,
129,46200,f,1.1266815066337585,2,310,
129,46200,g,1.2678571939468384,2,310,
129,46200,h,1.1705936193466187,2,310,
129,46200,i,1.145211398601532,2,310,
129,46500,a,1.1635414361953735,2,312,
129,46500,b,1.2738348841667175,2,312,
129,46500,c,1.1912899613380432,2,312,
129,46500,d,1.1230475306510925,2,312,
129,46500,e,1.2826881408691406,2,312,
129,46500,f,1.2238084077835083,2,312,
129,46500,g,1.3222905397415161,2,312,
129,46500,h,1.2787774801254272,2,312,
129,46500,i,1.2340439558029175,2,312,
129,46800,a,1.0502655506134033,2,314,
129,46800,b,1.3426551818847656,2,314,
129,46800,c,1.1408066153526306,2,314,
129,46800,d,1.2667691707611084,2,314,
129,46800,e,1.1699092984199524,2,314,
129,46800,f,1.1877210140228271,2,314,
129,46800,g,1.2855898141860962,2,314,
129,46800,h,1.2474032640457153,2,314,
129,46800,i,1.1681694984436035,2,314,
129,47100,a,1.080730140209198,2,316,
129,47100,b,1.2843292951583862,2,316,
129,47100,c,1.303376317024231,2,316,
129,47100,d,1.1212746500968933,2,316,
129,47100,e,1.1999041438102722,2,316,
129,47100,f,1.1796608567237854,2,316,
129,47100,g,1.178115963935852,2,316,
129,47100,h,1.0894827842712402,2,316,
129,47100,i,1.174195408821106,2,316,
129,47400,a,1.1430565118789673,2,318,
129,47400,b,1.2216294407844543,2,318,
129,47400,c,1.255309820175171,2,318,
129,47400,d,1.2534734010696411,2,318,
129,47400,e,1.2485937476158142,2,318,
129,47400,f,1.240699052810669,2,318,
129,47400,g,1.2386873364448547,2,318,
129,47400,h,1.2303242087364197,2,318,
129,47400,i,1.200268268585205,2,318,
129,47700,a,1.2062147855758667,2,320,
129,47700,b,1.3288282752037048,2,320,
129,47700,c,1.2132153511047363,2,320,
129,47700,d,1.204957127571106,2,320,
129,47700,e,1.4189279675483704,2,320,
129,47700,f,1.2677819728851318,2,320,
129,47700,g,1.3128318190574646,2,320,
129,47700,h,1.1352550983428955,2,320,
129,47700,i,1.1604209542274475,2,320,
129,48000,a,1.2939924597740173,2,322,
129,48000,b,1.506406009197235,2,322,
129,48000,c,1.3515913486480713,2,322,
129,48000,d,1.1208943724632263,2,322,
129,48000,e,1.3260118961334229,2,322,
129,48000,f,1.2867505550384521,2,322,
129,48000,g,1.3451404571533203,2,322,
129,48000,h,1.2667976021766663,2,322,
129,48000,i,1.2451291680335999,2,322,
129,48300,a,1.2961063981056213,2,324,
129,48300,b,1.3048214316368103,2,324,
129,48300,c,1.3989417552947998,2,324,
129,48300,d,1.1242939233779907,2,324,
129,48300,e,1.1381614804267883,2,324,
129,48300,f,1.4071565866470337,2,324,
129,48300,g,1.2343974709510803,2,324,
129,48300,h,1.1242494583129883,2,324,
129,48300,i,1.2286198735237122,2,324,
129,48600,a,1.0814119577407837,2,326,
129,48600,b,1.4032533168792725,2,326,
129,48600,c,1.2481938004493713,2,326,
129,48600,d,1.0883495807647705,2,326,
129,48600,e,1.2526487708091736,2,326,
129,48600,f,1.3308205008506775,2,326,
129,48600,g,1.2457821369171143,2,326,
129,48600,h,1.1126624941825867,2,326,
129,48600,i,1.2722731232643127,2,326,
129,48900,a,1.1227661967277527,2,328,
129,48900,b,1.4891328811645508,2,328,
129,48900,c,1.336643099784851,2,328,
129,48900,d,1.094948410987854,2,328,
129,48900,e,1.1371753215789795,2,328,
129,48900,f,1.3918095827102661,2,328,
129,48900,g,1.2091785073280334,2,328,
129,48900,h,1.2241118550300598,2,328,
129,48900,i,1.1510237455368042,2,328,
129,49200,a,1.2339897155761719,2,330,
129,49200,b,1.3633508682250977,2,330,
129,49200,c,1.2878731489181519,2,330,
129,49200,d,1.1374037861824036,2,330,
129,49200,e,1.2739651203155518,2,330,
129,49200,f,1.270915448665619,2,330,
129,49200,g,1.2594167590141296,2,330,
129,49200,h,1.0830081701278687,2,330,
129,49200,i,1.056685358285904,2,330,
129,49500,a,1.1240596771240234,2,332,
129,49500,b,1.2365230321884155,2,332,
129,49500,c,1.4471633434295654,2,332,
129,49500,d,1.2806975841522217,2,332,
129,49500,e,1.13239324092865,2,332,
129,49500,f,1.3057940006256104,2,332,
129,49500,g,1.3617417216300964,2,332,
129,49500,h,1.0717289447784424,2,332,
129,49500,i,1.0175334513187408,2,332,
129,49800,a,1.2882136106491089,2,334,
129,49800,b,1.1572888493537903,2,334,
129,49800,c,1.234117031097412,2,334,
129,49800,d,1.0540602207183838,2,334,
129,49800,e,1.2235020399093628,2,334,
129,49800,f,1.312563419342041,2,334,
129,49800,g,1.2433624267578125,2,334,
129,49800,h,1.1207547783851624,2,334,
129,49800,i,1.0414897799491882,2,334,
129,50100,a,1.050093412399292,2,336,
129,50100,b,1.3488280177116394,2,336,
129,50100,c,1.352684736251831,2,336,
129,50100,d,1.2361401319503784,2,336,
129,50100,e,1.0168355107307434,2,336,
129,50100,f,1.074633777141571,2,336,
129,50100,g,1.5604689717292786,2,336,
129,50100,h,1.0917344987392426,2,336,
129,50100,i,1.1959325671195984,2,336,
129,50400,a,1.2654985189437866,2,338,
129,50400,b,1.1839163303375244,2,338,
129,50400,c,1.1425971388816833,2,338,
129,50400,d,1.0898465514183044,2,338,
129,50400,e,1.2351651191711426,2,338,
129,50400,f,1.2881683707237244,2,338,
129,50400,g,1.2154853343963623,2,338,
129,50400,h,1.0925350785255432,2,338,
129,50400,i,1.0745863914489746,2,338,
129,50700,a,1.0936781167984009,2,340,
129,50700,b,1.3034308552742004,2,340,
129,50700,c,1.1940414905548096,2,340,
129,50700,d,1.125014841556549,2,340,
129,50700,e,1.2084044814109802,2,340,
129,50700,f,1.151198148727417,2,340,
129,50700,g,1.211839735507965,2,340,
129,50700,h,1.2218788266181946,2,340,
129,50700,i,1.1742140650749207,2,340,
129,51000,a,1.1220893859863281,2,342,
129,51000,b,1.3018972873687744,2,342,
129,51000,c,1.3448240756988525,2,342,
129,51000,d,1.1505612134933472,2,342,
129,51000,e,1.3438602685928345,2,342,
129,51000,f,1.241029441356659,2,342,
129,51000,g,1.1364390850067139,2,342,
129,51000,h,1.0497145652770996,2,342,
129,51000,i,1.2452008128166199,2,342,
129,51300,a,1.2670721411705017,2,344,
129,51300,b,1.242896556854248,2,344,
129,51300,c,1.2164257764816284,2,344,
129,51300,d,1.1604423522949219,2,344,
129,51300,e,1.0896830260753632,2,344,
129,51300,f,1.4249851703643799,2,344,
129,51300,g,1.3722299933433533,2,344,
129,51300,h,1.0798887610435486,2,344,
129,51300,i,1.3188872933387756,2,344,
129,51600,a,1.0528796017169952,2,346,
129,51600,b,1.0646931529045105,2,346,
129,51600,c,1.235231637954712,2,346,
129,51600,d,1.0813854932785034,2,346,
129,51600,e,1.0801098346710205,2,346,
129,51600,f,1.1398450136184692,2,346,
129,51600,g,1.2222545146942139,2,346,
129,51600,h,1.160466492176056,2,346,
129,51600,i,1.2112966775894165,2,346,
129,51900,a,1.1088864207267761,2,348,
129,51900,b,1.1998798847198486,2,348,
129,51900,c,1.2815173864364624,2,348,
129,51900,d,1.1564046740531921,2,348,
129,51900,e,1.1954509615898132,2,348,
129,51900,f,1.2521895170211792,2,348,
129,51900,g,1.2786912322044373,2,348,
129,51900,h,1.112690031528473,2,348,
129,51900,i,1.2162309885025024,2,348,
129,52200,a,1.1092917919158936,2,350,
129,52200,b,1.3609330654144287,2,350,
129,52200,c,1.0934039950370789,2,350,
129,52200,d,1.0791887044906616,2,350,
129,52200,e,1.2132773995399475,2,350,
129,52200,f,1.2718712091445923,2,350,
129,52200,g,1.275808572769165,2,350,
129,52200,h,1.0747140049934387,2,350,
129,52200,i,0.9864903092384338,2,350,
129,52500,a,1.1204808354377747,2,352,
129,52500,b,1.0547799468040466,2,352,
129,52500,c,1.2049285769462585,2,352,
129,52500,d,1.1236357688903809,2,352,
129,52500,e,1.024651050567627,2,352,
129,52500,f,1.3407352566719055,2,352,
129,52500,g,1.1131080985069275,2,352,
129,52500,h,1.1880558133125305,2,352,
129,52500,i,1.2058736085891724,2,352,
129,52800,a,1.1706980466842651,2,354,
129,52800,b,1.260880708694458,2,354,
129,52800,c,1.1532686948776245,2,354,
129,52800,d,1.2630624175071716,2,354,
129,52800,e,1.239472508430481,2,354,
129,52800,f,1.2145987153053284,2,354,
129,52800,g,1.236094355583191,2,354,
129,52800,h,1.144533097743988,2,354,
129,52800,i,1.1587029695510864,2,354,
129,53100,a,1.1492350697517395,2,356,
129,53100,b,1.3200314044952393,2,356,
129,53100,c,1.1678441762924194,2,356,
129,53100,d,1.092023253440857,2,356,
129,53100,e,1.1453357934951782,2,356,
129,53100,f,1.1566816568374634,2,356,
129,53100,g,1.1144016981124878,2,356,
129,53100,h,1.2194345593452454,2,356,
129,53100,i,1.080532968044281,2,356,
129,53400,a,1.0529037117958069,2,358,
129,53400,b,1.199004352092743,2,358,
129,53400,c,1.1945582628250122,2,358,
129,53400,d,1.1770271062850952,2,358,
129,53400,e,1.0866323113441467,2,358,
129,53400,f,1.1456801295280457,2,358,
129,53400,g,1.2048720717430115,2,358,
129,53400,h,1.0450368523597717,2,358,
129,53400,i,1.2123374342918396,2,358,
129,53700,a,1.157451868057251,2,360,
129,53700,b,1.2632543444633484,2,360,
129,53700,c,1.2031933665275574,2,360,
129,53700,d,1.1648199558258057,2,360,
129,53700,e,1.1610906720161438,2,360,
129,53700,f,1.1544164419174194,2,360,
129,53700,g,1.2108798027038574,2,360,
129,53700,h,1.1776033639907837,2,360,
129,53700,i,1.1877707242965698,2,360,
129,54000,a,1.1124085783958435,2,362,
129,54000,b,1.1511291861534119,2,362,
129,54000,c,1.219260811805725,2,362,
129,54000,d,1.1502526998519897,2,362,
129,54000,e,1.1997700333595276,2,362,
129,54000,f,1.071954369544983,2,362,
129,54000,g,1.2356703281402588,2,362,
129,54000,h,1.183007836341858,2,362,
129,54000,i,1.220418393611908,2,362,
129,54300,a,1.0988497734069824,2,364,
129,54300,b,1.1258082389831543,2,364,
129,54300,c,1.2931859493255615,2,364,
129,54300,d,1.209822952747345,2,364,
129,54300,e,1.100279152393341,2,364,
129,54300,f,1.1730562448501587,2,364,
129,54300,g,1.3157187104225159,2,364,
129,54300,h,1.164901852607727,2,364,
129,54300,i,1.0799336433410645,2,364,
129,54600,a,1.130401372909546,2,366,
129,54600,b,1.3120887875556946,2,366,
129,54600,c,1.3875423669815063,2,366,
129,54600,d,1.0125308334827423,2,366,
129,54600,e,1.1436756253242493,2,366,
129,54600,f,1.1826688051223755,2,366,
129,54600,g,1.1750755906105042,2,366,
129,54600,h,1.0263602137565613,2,366,
129,54600,i,1.2181671857833862,2,366,
129,54900,a,1.0850812196731567,2,368,
129,54900,b,1.3445181846618652,2,368,
129,54900,c,1.2165594100952148,2,368,
129,54900,d,1.2625958919525146,2,368,
129,54900,e,1.2449793815612793,2,368,
129,54900,f,1.2331503629684448,2,368,
129,54900,g,1.1879305243492126,2,368,
129,54900,h,1.1400455236434937,2,368,
129,54900,i,1.1016626358032227,2,368,
129,55200,a,1.082006812095642,2,370,
129,55200,b,1.1740527749061584,2,370,
129,55200,c,1.2397336959838867,2,370,
129,55200,d,1.1023269891738892,2,370,
129,55200,e,1.1237851977348328,2,370,
129,55200,f,1.1644424200057983,2,370,
129,55200,g,1.0733751058578491,2,370,
129,55200,h,1.1087102890014648,2,370,
129,55200,i,0.9765763282775879,2,370,
129,55500,a,1.20224928855896,2,372,
129,55500,b,1.2222439050674438,2,372,
129,55500,c,1.249371349811554,2,372,
129,55500,d,1.0688319206237793,2,372,
129,55500,e,1.1850683093070984,2,372,
129,55500,f,1.2021762132644653,2,372,
129,55500,g,1.1026660799980164,2,372,
129,55500,h,1.0455302596092224,2,372,
129,55500,i,1.059319019317627,2,372,
129,55800,a,1.1274942755699158,2,374,
129,55800,b,1.2070075273513794,2,374,
129,55800,c,1.2495530843734741,2,374,
129,55800,d,1.0044764280319214,2,374,
129,55800,e,1.1510632634162903,2,374,
129,55800,f,1.2018107175827026,2,374,
129,55800,g,1.224703073501587,2,374,
129,55800,h,1.0678181648254395,2,374,
129,55800,i,0.9814789295196533,2,374,
129,56100,a,1.3000573515892029,2,376,
129,56100,b,1.1975018978118896,2,376,
129,56100,c,1.2164435982704163,2,376,
129,56100,d,1.081164836883545,2,376,
129,56100,e,1.1562089323997498,2,376,
129,56100,f,1.2174373865127563,2,376,
129,56100,g,1.0219653248786926,2,376,
129,56100,h,0.9450749158859253,2,376,
129,56100,i,0.9449188411235809,2,376,
129,56400,a,1.1475980877876282,2,378,
129,56400,b,1.2806068658828735,2,378,
129,56400,c,1.134937047958374,2,378,
129,56400,d,1.0238346457481384,2,378,
129,56400,e,1.1190258264541626,2,378,
129,56400,f,1.0941897630691528,2,378,
129,56400,g,1.22691410779953,2,378,
129,56400,h,1.1426445245742798,2,378,
129,56400,i,1.0883862376213074,2,378,
129,56700,a,1.0749748349189758,2,380,
129,56700,b,1.0876376330852509,2,380,
129,56700,c,1.2355980277061462,2,380,
129,56700,d,1.0865010023117065,2,380,
129,56700,e,0.9777069091796875,2,380,
129,56700,f,1.1677708625793457,2,380,
129,56700,g,1.0814635157585144,2,380,
129,56700,h,1.1799157857894897,2,380,
129,56700,i,1.095249056816101,2,380,
129,57000,a,1.1250924170017242,2,382,
129,57000,b,1.1635598540306091,2,382,
129,57000,c,1.1555726528167725,2,382,
129,57000,d,1.1723303198814392,2,382,
129,57000,e,1.0964781045913696,2,382,
129,57000,f,1.1499705910682678,2,382,
129,57000,g,1.1947993040084839,2,382,
129,57000,h,1.1355414986610413,2,382,
129,57000,i,1.0114795863628387,2,382,
129,57300,a,1.2189297676086426,2,384,
129,57300,b,1.1728169322013855,2,384,
129,57300,c,1.2113175988197327,2,384,
129,57300,d,1.1514772176742554,2,384,
129,57300,e,1.172870397567749,2,384,
129,57300,f,1.2103531956672668,2,384,
129,57300,g,1.1398906707763672,2,384,
129,57300,h,0.9926154911518097,2,384,
129,57300,i,1.0516610145568848,2,384,
129,57600,a,1.09268319606781,2,386,
129,57600,b,1.2232416868209839,2,386,
129,57600,c,1.2423736453056335,2,386,
129,57600,d,1.0958946347236633,2,386,
129,57600,e,1.1351640224456787,2,386,
129,57600,f,1.0681504905223846,2,386,
129,57600,g,1.0359827876091003,2,386,
129,57600,h,0.7914731502532959,2,386,
129,57600,i,0.9840472340583801,2,386,
129,57900,a,1.1743351519107819,2,388,
129,57900,b,1.1071831583976746,2,388,
129,57900,c,1.1561955213546753,2,388,
129,57900,d,1.03622967004776,2,388,
129,57900,e,1.164013683795929,2,388,
129,57900,f,1.1679142117500305,2,388,
129,57900,g,1.1430984139442444,2,388,
129,57900,h,1.050923764705658,2,388,
129,57900,i,1.1124658584594727,2,388,
129,58200,a,1.2419559955596924,2,390,
129,58200,b,1.26640784740448,2,390,
129,58200,c,1.1949337720870972,2,390,
129,58200,d,1.0733185410499573,2,390,
129,58200,e,1.1465150713920593,2,390,
129,58200,f,1.3418813347816467,2,390,
129,58200,g,1.1305994391441345,2,390,
129,58200,h,1.0557751059532166,2,390,
129,58200,i,1.0165178775787354,2,390,
129,58500,a,1.1105353236198425,2,392,
129,58500,b,1.4356027841567993,2,392,
129,58500,c,1.0880217552185059,2,392,
129,58500,d,1.107639729976654,2,392,
129,58500,e,1.1796067357063293,2,392,
129,58500,f,1.115313172340393,2,392,
129,58500,g,1.1698258519172668,2,392,
129,58500,h,0.956653505563736,2,392,
129,58500,i,1.1267255544662476,2,392,
129,58800,a,1.0956817269325256,2,394,
129,58800,b,1.069999486207962,2,394,
129,58800,c,1.187566339969635,2,394,
129,58800,d,1.1463327407836914,2,394,
129,58800,e,0.967595100402832,2,394,
129,58800,f,1.468907654285431,2,394,
129,58800,g,1.288148283958435,2,394,
129,58800,h,1.154146432876587,2,394,
129,58800,i,1.3634501695632935,2,394,
129,59100,a,1.1051373481750488,2,396,
129,59100,b,1.273087501525879,2,396,
129,59100,c,1.2134134769439697,2,396,
129,59100,d,1.05571049451828,2,396,
129,59100,e,1.0469112992286682,2,396,
129,59100,f,1.2540005445480347,2,396,
129,59100,g,1.1921731233596802,2,396,
129,59100,h,0.9379712343215942,2,396,
129,59100,i,1.1537171602249146,2,396,
129,59400,a,1.1034506559371948,2,398,
129,59400,b,1.1185089349746704,2,398,
129,59400,c,1.258284866809845,2,398,
129,59400,d,1.0717591643333435,2,398,
129,59400,e,1.0140659809112549,2,398,
129,59400,f,1.1996703147888184,2,398,
129,59400,g,1.2044385075569153,2,398,
129,59400,h,1.1115173995494843,2,398,
129,59400,i,1.216445505619049,2,398,
129,59700,a,1.053273320198059,2,400,
129,59700,b,1.231257438659668,2,400,
129,59700,c,1.1788955926895142,2,400,
129,59700,d,1.1358208060264587,2,400,
129,59700,e,1.181222140789032,2,400,
129,59700,f,1.2416493892669678,2,400,
129,59700,g,1.0466985404491425,2,400,
129,59700,h,1.1610714197158813,2,400,
129,59700,i,1.017704963684082,2,400,
129,60000,a,1.088219702243805,2,402,
129,60000,b,1.1432034373283386,2,402,
129,60000,c,1.0686501264572144,2,402,
129,60000,d,1.084221750497818,2,402,
129,60000,e,1.2183665037155151,2,402,
129,60000,f,1.1191236972808838,2,402,
129,60000,g,1.0414745211601257,2,402,
129,60000,h,1.0418435335159302,2,402,
129,60000,i,1.0358376502990723,2,402,
129,60300,a,1.2542881965637207,2,404,
129,60300,b,1.1777734160423279,2,404,
129,60300,c,1.3706713914871216,2,404,
129,60300,d,1.0677610039710999,2,404,
129,60300,e,1.097722053527832,2,404,
129,60300,f,1.1954938173294067,2,404,
129,60300,g,1.087733268737793,2,404,
129,60300,h,1.1786662936210632,2,404,
129,60300,i,1.1548126339912415,2,404,
129,60600,a,0.9713025689125061,2,406,
129,60600,b,1.1108272075653076,2,406,
129,60600,c,1.1441285610198975,2,406,
129,60600,d,1.1500807404518127,2,406,
129,60600,e,1.1163759231567383,2,406,
129,60600,f,1.1495464444160461,2,406,
129,60600,g,1.192402958869934,2,406,
129,60600,h,1.0914952158927917,2,406,
129,60600,i,1.002413660287857,2,406,
129,60900,a,1.1313079595565796,2,408,
129,60900,b,1.2778526544570923,2,408,
129,60900,c,1.049822360277176,2,408,
129,60900,d,1.0324668288230896,2,408,
129,60900,e,0.9468158483505249,2,408,
129,60900,f,1.2072272896766663,2,408,
129,60900,g,1.0747410655021667,2,408,
129,60900,h,1.0292369723320007,2,408,
129,60900,i,1.1396347880363464,2,408,
129,61200,a,1.0028579235076904,2,410,
129,61200,b,1.1959945559501648,2,410,
129,61200,c,1.1721301674842834,2,410,
129,61200,d,1.0622806549072266,2,410,
129,61200,e,1.1761078834533691,2,410,
129,61200,f,1.2181315422058105,2,410,
129,61200,g,1.208224594593048,2,410,
129,61200,h,1.010295033454895,2,410,
129,61200,i,1.1393662691116333,2,410,
129,61500,a,1.1842169165611267,2,412,
129,61500,b,1.28899085521698,2,412,
129,61500,c,1.168764352798462,2,412,
129,61500,d,1.1090614199638367,2,412,
129,61500,e,0.9488431215286255,2,412,
129,61500,f,1.2703560590744019,2,412,
129,61500,g,1.1444334387779236,2,412,
129,61500,h,1.0042738318443298,2,412,
129,61500,i,1.1051701307296753,2,412,
129,61800,a,1.1655388474464417,2,414,
129,61800,b,1.0567222833633423,2,414,
129,61800,c,1.1906754970550537,2,414,
129,61800,d,1.1071505546569824,2,414,
129,61800,e,1.0113436877727509,2,414,
129,61800,f,1.2995685338974,2,414,
129,61800,g,1.0557879209518433,2,414,
129,61800,h,1.0379017293453217,2,414,
129,61800,i,0.976388543844223,2,414,
129,62100,a,1.1957519054412842,2,416,
129,62100,b,1.376465082168579,2,416,
129,62100,c,1.144564688205719,2,416,
129,62100,d,1.195062518119812,2,416,
129,62100,e,0.9023829400539398,2,416,
129,62100,f,1.1801807284355164,2,416,
129,62100,g,1.1173149347305298,2,416,
129,62100,h,1.2374725937843323,2,416,
129,62100,i,1.0651080012321472,2,416,
129,62400,a,1.1637329459190369,2,418,
129,62400,b,1.1133777499198914,2,418,
129,62400,c,1.0990538597106934,2,418,
129,62400,d,1.034228801727295,2,418,
129,62400,e,1.111306756734848,2,418,
129,62400,f,1.1227166056632996,2,418,
129,62400,g,1.1532268524169922,2,418,
129,62400,h,1.1020214557647705,2,418,
129,62400,i,1.029493272304535,2,418,
129,62700,a,1.1494592428207397,2,420,
129,62700,b,1.1425776779651642,2,420,
129,62700,c,1.1014164984226227,2,420,
129,62700,d,1.0844603180885315,2,420,
129,62700,e,1.1048641800880432,2,420,
129,62700,f,1.2060176134109497,2,420,
129,62700,g,1.039298176765442,2,420,
129,62700,h,1.0194965302944183,2,420,
129,62700,i,1.0507180094718933,2,420,
129,63000,a,0.9241980016231537,2,422,
129,63000,b,1.2324382066726685,2,422,
129,63000,c,1.1601014137268066,2,422,
129,63000,d,1.020245909690857,2,422,
129,63000,e,0.9577876925468445,2,422,
129,63000,f,1.1190475225448608,2,422,
129,63000,g,1.2244220972061157,2,422,
129,63000,h,1.0675623416900635,2,422,
129,63000,i,1.0376953482627869,2,422,
129,63300,a,1.1542534530162811,2,424,
129,63300,b,1.2168912291526794,2,424,
129,63300,c,1.0834259986877441,2,424,
129,63300,d,1.05478036403656,2,424,
129,63300,e,0.9567690193653107,2,424,
129,63300,f,1.255605161190033,2,424,
129,63300,g,1.0492751896381378,2,424,
129,63300,h,1.0081462264060974,2,424,
129,63300,i,0.9934434294700623,2,424,
129,63600,a,1.1934274435043335,2,426,
129,63600,b,1.0138348639011383,2,426,
129,63600,c,1.1820231676101685,2,426,
129,63600,d,1.0828984081745148,2,426,
129,63600,e,1.2665014266967773,2,426,
129,63600,f,0.9247627556324005,2,426,
129,63600,g,1.1010091304779053,2,426,
129,63600,h,1.0230737924575806,2,426,
129,63600,i,0.9575902819633484,2,426,
129,63900,a,1.183027744293213,2,428,
129,63900,b,1.0394192934036255,2,428,
129,63900,c,1.197841316461563,2,428,
129,63900,d,1.0344280004501343,2,428,
129,63900,e,1.0958556234836578,2,428,
129,63900,f,1.1693310737609863,2,428,
129,63900,g,1.2533788681030273,2,428,
129,63900,h,1.0837039947509766,2,428,
129,63900,i,1.099594235420227,2,428,
129,64200,a,0.9992871284484863,2,430,
129,64200,b,1.2474846243858337,2,430,
129,64200,c,1.115892767906189,2,430,
129,64200,d,1.008165955543518,2,430,
129,64200,e,1.2697398662567139,2,430,
129,64200,f,1.0504096746444702,2,430,
129,64200,g,1.0556468963623047,2,430,
129,64200,h,0.998616635799408,2,430,
129,64200,i,1.0109040141105652,2,430,
129,64500,a,1.1211804747581482,2,432,
129,64500,b,1.1319022178649902,2,432,
129,64500,c,1.3234765529632568,2,432,
129,64500,d,1.1267932057380676,2,432,
129,64500,e,1.2146602869033813,2,432,
129,64500,f,1.1675257086753845,2,432,
129,64500,g,0.9756264090538025,2,432,
129,64500,h,1.0911967158317566,2,432,
129,64500,i,0.9966463446617126,2,432,
129,64800,a,1.1238192319869995,2,434,
129,64800,b,0.9302076399326324,2,434,
129,64800,c,1.0818060040473938,2,434,
129,64800,d,1.1059234738349915,2,434,
129,64800,e,1.0738508701324463,2,434,
129,64800,f,1.2299314737319946,2,434,
129,64800,g,1.0473357439041138,2,434,
129,64800,h,1.012035757303238,2,434,
129,64800,i,1.1583659648895264,2,434,
129,65100,a,1.3776568174362183,2,436,
129,65100,b,1.1723265647888184,2,436,
129,65100,c,1.0369311273097992,2,436,
129,65100,d,1.0136575102806091,2,436,
129,65100,e,1.0530250072479248,2,436,
129,65100,f,1.0657649040222168,2,436,
129,65100,g,1.2764919996261597,2,436,
129,65100,h,1.0317909121513367,2,436,
129,65100,i,1.0042190849781036,2,436,
129,65400,a,1.127073347568512,2,438,
129,65400,b,1.130978524684906,2,438,
129,65400,c,1.217560887336731,2,438,
129,65400,d,0.9645059704780579,2,438,
129,65400,e,0.8303720057010651,2,438,
129,65400,f,1.028816282749176,2,438,
129,65400,g,0.9951065182685852,2,438,
129,65400,h,1.0830613374710083,2,438,
129,65400,i,1.0790289044380188,2,438,
129,65700,a,1.144139289855957,2,440,
129,65700,b,1.1440374255180359,2,440,
129,65700,c,1.0631852746009827,2,440,
129,65700,d,0.9696107506752014,2,440,
129,65700,e,1.0183556079864502,2,440,
129,65700,f,1.2083983421325684,2,440,
129,65700,g,1.146539568901062,2,440,
129,65700,h,1.2416279315948486,2,440,
129,65700,i,1.0670154690742493,2,440,
129,66000,a,1.1499472856521606,2,442,
129,66000,b,0.9858413636684418,2,442,
129,66000,c,1.20838463306427,2,442,
129,66000,d,1.1380796432495117,2,442,
129,66000,e,1.0197326242923737,2,442,
129,66000,f,1.2456400394439697,2,442,
129,66000,g,0.9698458313941956,2,442,
129,66000,h,1.0674689412117004,2,442,
129,66000,i,1.0646952390670776,2,442,
129,66300,a,1.0746009945869446,2,444,
129,66300,b,1.2255499958992004,2,444,
129,66300,c,1.1896626353263855,2,444,
129,66300,d,1.2432339787483215,2,444,
129,66300,e,0.9556073546409607,2,444,
129,66300,f,0.847061425447464,2,444,
129,66300,g,1.1577560901641846,2,444,
129,66300,h,0.9336767494678497,2,444,
129,66300,i,1.0445955097675323,2,444,
129,66600,a,0.9224447906017303,2,446,
129,66600,b,1.2046421766281128,2,446,
129,66600,c,1.3104718327522278,2,446,
129,66600,d,1.0438069105148315,2,446,
129,66600,e,1.108075588941574,2,446,
129,66600,f,1.0601398050785065,2,446,
129,66600,g,1.1114323139190674,2,446,
129,66600,h,0.9822921752929688,2,446,
129,66600,i,1.0946326851844788,2,446,
129,66900,a,1.0985549092292786,2,448,
129,66900,b,1.1104605197906494,2,448,
129,66900,c,1.3894903063774109,2,448,
129,66900,d,1.1099079251289368,2,448,
129,66900,e,1.086124837398529,2,448,
129,66900,f,1.2768247723579407,2,448,
129,66900,g,1.0509755611419678,2,448,
129,66900,h,0.940207302570343,2,448,
129,66900,i,0.9792962670326233,2,448,
129,67200,a,1.003644347190857,2,450,
129,67200,b,1.1049153804779053,2,450,
129,67200,c,1.0770522356033325,2,450,
129,67200,d,0.9721393287181854,2,450,
129,67200,e,1.160269558429718,2,450,
129,67200,f,1.2602214813232422,2,450,
129,67200,g,1.214046597480774,2,450,
129,67200,h,0.931513249874115,2,450,
129,67200,i,0.8875476717948914,2,450,
129,67500,a,1.248405635356903,2,452,
129,67500,b,1.1019628643989563,2,452,
129,67500,c,1.142350435256958,2,452,
129,67500,d,1.0945260524749756,2,452,
129,67500,e,1.3415681719779968,2,452,
129,67500,f,1.2203177213668823,2,452,
129,67500,g,1.265740692615509,2,452,
129,67500,h,1.0569910407066345,2,452,
129,67500,i,1.140245795249939,2,452,
129,67800,a,1.0810984075069427,2,454,
129,67800,b,1.024712860584259,2,454,
129,67800,c,1.053003877401352,2,454,
129,67800,d,0.9273571372032166,2,454,
129,67800,e,1.0828280746936798,2,454,
129,67800,f,1.0589354634284973,2,454,
129,67800,g,1.1386086642742157,2,454,
129,67800,h,1.0590118765830994,2,454,
129,67800,i,1.0335496664047241,2,454,
129,68100,a,1.1060125827789307,2,456,
129,68100,b,1.0571533143520355,2,456,
129,68100,c,1.0714921951293945,2,456,
129,68100,d,1.1406494975090027,2,456,
129,68100,e,1.0600168704986572,2,456,
129,68100,f,0.8902831971645355,2,456,
129,68100,g,1.1873472929000854,2,456,
129,68100,h,0.954035609960556,2,456,
129,68100,i,1.1100587248802185,2,456,
129,68400,a,0.9925882518291473,2,458,
129,68400,b,0.9853236675262451,2,458,
129,68400,c,1.0837500393390656,2,458,
129,68400,d,1.0384407043457031,2,458,
129,68400,e,1.0255851745605469,2,458,
129,68400,f,1.0325486958026886,2,458,
129,68400,g,1.0330371260643005,2,458,
129,68400,h,0.9738739728927612,2,458,
129,68400,i,0.956889271736145,2,458,
129,68700,a,1.0778900384902954,2,460,
129,68700,b,1.043231040239334,2,460,
129,68700,c,1.111761212348938,2,460,
129,68700,d,1.0278282761573792,2,460,
129,68700,e,1.1955264806747437,2,460,
129,68700,f,1.0385944247245789,2,460,
129,68700,g,1.152176856994629,2,460,
129,68700,h,0.9724578261375427,2,460,
129,68700,i,1.0727531909942627,2,460,
129,69000,a,0.9968634247779846,2,462,
129,69000,b,0.9713765978813171,2,462,
129,69000,c,1.1747450232505798,2,462,
129,69000,d,1.0068119168281555,2,462,
129,69000,e,1.115896224975586,2,462,
129,69000,f,1.2383241653442383,2,462,
129,69000,g,1.1564446687698364,2,462,
129,69000,h,0.9724489450454712,2,462,
129,69000,i,1.1819443702697754,2,462,
129,69300,a,0.9548943936824799,2,464,
129,69300,b,0.9976687431335449,2,464,
129,69300,c,0.9045410454273224,2,464,
129,69300,d,0.9511880278587341,2,464,
129,69300,e,0.9510049819946289,2,464,
129,69300,f,1.079180657863617,2,464,
129,69300,g,1.1376851797103882,2,464,
129,69300,h,0.9976045489311218,2,464,
129,69300,i,1.0307981967926025,2,464,
129,69600,a,1.0527189373970032,2,466,
129,69600,b,0.9665064215660095,2,466,
129,69600,c,1.0229991674423218,2,466,
129,69600,d,1.144389569759369,2,466,
129,69600,e,1.203311026096344,2,466,
129,69600,f,1.1563753485679626,2,466,
129,69600,g,1.1245096921920776,2,466,
129,69600,h,1.1586003303527832,2,466,
129,69600,i,1.061483383178711,2,466,
129,69900,a,0.9465861022472382,2,468,
129,69900,b,1.0093486309051514,2,468,
129,69900,c,1.0164257884025574,2,468,
129,69900,d,1.0595142841339111,2,468,
129,69900,e,0.9040891826152802,2,468,
129,69900,f,1.0216839909553528,2,468,
129,69900,g,1.0395202040672302,2,468,
129,69900,h,0.923280656337738,2,468,
129,69900,i,0.9646000862121582,2,468,
129,70200,a,1.1419014930725098,2,470,
129,70200,b,1.0720904469490051,2,470,
129,70200,c,1.1996113061904907,2,470,
129,70200,d,0.9802649319171906,2,470,
129,70200,e,1.1128821969032288,2,470,
129,70200,f,1.0943365097045898,2,470,
129,70200,g,1.1629003286361694,2,470,
129,70200,h,0.9246888160705566,2,470,
129,70200,i,0.9982686936855316,2,470,
129,70500,a,0.9783733487129211,2,472,
129,70500,b,0.8251010179519653,2,472,
129,70500,c,1.072776436805725,2,472,
129,70500,d,0.9911967217922211,2,472,
129,70500,e,0.8586917817592621,2,472,
129,70500,f,0.9817374646663666,2,472,
129,70500,g,1.1966423392295837,2,472,
129,70500,h,1.1116445064544678,2,472,
129,70500,i,0.9176837503910065,2,472,
129,70800,a,0.952667236328125,2,474,
129,70800,b,0.8424789607524872,2,474,
129,70800,c,1.1368606686592102,2,474,
129,70800,d,1.012376308441162,2,474,
129,70800,e,1.2771503925323486,2,474,
129,70800,f,1.1659389734268188,2,474,
129,70800,g,1.1312458515167236,2,474,
129,70800,h,0.9340732991695404,2,474,
129,70800,i,0.8805786967277527,2,474,
129,71100,a,1.0026240646839142,2,476,
129,71100,b,1.0989108085632324,2,476,
129,71100,c,1.3345437049865723,2,476,
129,71100,d,1.0167579352855682,2,476,
129,71100,e,1.2239480018615723,2,476,
129,71100,f,1.0298771262168884,2,476,
129,71100,g,1.1586799621582031,2,476,
129,71100,h,0.9846071600914001,2,476,
129,71100,i,0.8996863663196564,2,476,
129,71400,a,1.1013262867927551,2,478,
129,71400,b,1.0648114085197449,2,478,
129,71400,c,1.1425591111183167,2,478,
129,71400,d,1.1405272483825684,2,478,
129,71400,e,1.096388339996338,2,478,
129,71400,f,1.1496852040290833,2,478,
129,71400,g,1.0111925601959229,2,478,
129,71400,h,0.9843384623527527,2,478,
129,71400,i,1.0306422114372253,2,478,
129,71700,a,0.9564313888549805,2,480,
129,71700,b,1.1430014967918396,2,480,
129,71700,c,1.1561577320098877,2,480,
129,71700,d,1.1397086381912231,2,480,
129,71700,e,1.1510840356349945,2,480,
129,71700,f,1.0839177370071411,2,480,
129,71700,g,0.9943596720695496,2,480,
129,71700,h,0.7705049812793732,2,480,
129,71700,i,1.0917744636535645,2,480,
129,72000,a,1.2870585322380066,2,482,
129,72000,b,1.1104604005813599,2,482,
129,72000,c,1.0873126983642578,2,482,
129,72000,d,0.9098979830741882,2,482,
129,72000,e,1.163006067276001,2,482,
129,72000,f,0.99172043800354,2,482,
129,72000,g,1.0065071880817413,2,482,
129,72000,h,1.0176646411418915,2,482,
129,72000,i,1.0687247514724731,2,482,
129,72300,a,1.0475781559944153,2,484,
129,72300,b,0.9766338467597961,2,484,
129,72300,c,1.0839787125587463,2,484,
129,72300,d,0.9345389008522034,2,484,
129,72300,e,0.93230339884758,2,484,
129,72300,f,1.1161859631538391,2,484,
129,72300,g,1.1539036631584167,2,484,
129,72300,h,1.0287615656852722,2,484,
129,72300,i,1.0302391648292542,2,484,
129,72600,a,1.083902895450592,2,486,
129,72600,b,0.9741535782814026,2,486,
129,72600,c,1.3028369545936584,2,486,
129,72600,d,1.1229071021080017,2,486,
129,72600,e,1.283474624156952,2,486,
129,72600,f,1.1375046968460083,2,486,
129,72600,g,1.0908006429672241,2,486,
129,72600,h,0.9756080508232117,2,486,
129,72600,i,0.9709075093269348,2,486,
129,72900,a,1.0224795937538147,2,488,
129,72900,b,0.7819508016109467,2,488,
129,72900,c,1.0982037782669067,2,488,
129,72900,d,1.016018271446228,2,488,
129,72900,e,1.080632507801056,2,488,
129,72900,f,1.1466148495674133,2,488,
129,72900,g,1.0778202414512634,2,488,
129,72900,h,1.0169703364372253,2,488,
129,72900,i,0.9956908226013184,2,488,
129,73200,a,1.1285346746444702,2,490,
129,73200,b,1.0470005869865417,2,490,
129,73200,c,1.0169795751571655,2,490,
129,73200,d,1.223479986190796,2,490,
129,73200,e,0.95435431599617,2,490,
129,73200,f,1.1206990480422974,2,490,
129,73200,g,1.0429455637931824,2,490,
129,73200,h,0.8311851620674133,2,490,
129,73200,i,1.1681580543518066,2,490,
129,73500,a,1.0656019449234009,2,492,
129,73500,b,1.4001551866531372,2,492,
129,73500,c,0.9650037288665771,2,492,
129,73500,d,1.021438717842102,2,492,
129,73500,e,1.0067343711853027,2,492,
129,73500,f,1.184193730354309,2,492,
129,73500,g,1.0058830678462982,2,492,
129,73500,h,0.8739941716194153,2,492,
129,73500,i,1.0276351869106293,2,492,
129,73800,a,0.9873595237731934,2,494,
129,73800,b,1.0400846004486084,2,494,
129,73800,c,1.1300508379936218,2,494,
129,73800,d,1.0878180265426636,2,494,
129,73800,e,0.8721283376216888,2,494,
129,73800,f,0.9326266050338745,2,494,
129,73800,g,1.0399936437606812,2,494,
129,73800,h,0.7751582860946655,2,494,
129,73800,i,0.9982931017875671,2,494,
129,74100,a,1.0112977921962738,2,496,
129,74100,b,1.1932904720306396,2,496,
129,74100,c,1.110146939754486,2,496,
129,74100,d,1.1968330144882202,2,496,
129,74100,e,0.8585063517093658,2,496,
129,74100,f,0.94297856092453,2,496,
129,74100,g,0.95588418841362,2,496,
129,74100,h,1.0854157209396362,2,496,
129,74100,i,0.8891260921955109,2,496,
129,74400,a,0.9281662106513977,2,498,
129,74400,b,1.1305959224700928,2,498,
129,74400,c,1.2634354829788208,2,498,
129,74400,d,0.9464559853076935,2,498,
129,74400,e,0.9727947115898132,2,498,
129,74400,f,1.0141250491142273,2,498,
129,74400,g,1.108233094215393,2,498,
129,74400,h,1.1344583928585052,2,498,
129,74400,i,1.0318401753902435,2,498,
129,74700,a,0.9854623973369598,2,500,
129,74700,b,0.9068334400653839,2,500,
129,74700,c,1.207123041152954,2,500,
129,74700,d,0.9528390169143677,2,500,
129,74700,e,1.1302145719528198,2,500,
129,74700,f,1.114253282546997,2,500,
129,74700,g,1.132377028465271,2,500,
129,74700,h,0.8919863700866699,2,500,
129,74700,i,0.981810063123703,2,500,
129,75000,a,1.0014057755470276,2,502,
129,75000,b,1.1410861611366272,2,502,
129,75000,c,1.0879356265068054,2,502,
129,75000,d,1.132118284702301,2,502,
129,75000,e,0.9595855176448822,2,502,
129,75000,f,0.8715049922466278,2,502,
129,75000,g,1.0281935036182404,2,502,
129,75000,h,0.6715600490570068,2,502,
129,75000,i,0.9451186954975128,2,502,
129,75300,a,0.9326165318489075,2,504,
129,75300,b,0.9854937493801117,2,504,
129,75300,c,1.0852791666984558,2,504,
129,75300,d,0.8332558870315552,2,504,
129,75300,e,1.0193697810173035,2,504,
129,75300,f,1.2013092041015625,2,504,
129,75300,g,1.0459299087524414,2,504,
129,75300,h,1.1004174947738647,2,504,
129,75300,i,1.0249722003936768,2,504,
129,75600,a,0.9907483160495758,2,506,
129,75600,b,1.337014615535736,2,506,
129,75600,c,1.085921823978424,2,506,
129,75600,d,0.8921247720718384,2,506,
129,75600,e,0.9235139489173889,2,506,
129,75600,f,1.0661464929580688,2,506,
129,75600,g,1.1016611456871033,2,506,
129,75600,h,1.1568344235420227,2,506,
129,75600,i,1.0985733270645142,2,506,
129,75900,a,0.9247365295886993,2,508,
129,75900,b,1.0217400193214417,2,508,
129,75900,c,1.2815316319465637,2,508,
129,75900,d,1.0134445428848267,2,508,
129,75900,e,0.9598625302314758,2,508,
129,75900,f,1.1852095127105713,2,508,
129,75900,g,1.2802340686321259,2,508,
129,75900,h,0.9913522303104401,2,508,
129,75900,i,0.8861143887042999,2,508,
129,76200,a,1.088989496231079,2,510,
129,76200,b,1.140159249305725,2,510,
129,76200,c,1.074952781200409,2,510,
129,76200,d,1.008192777633667,2,510,
129,76200,e,0.9936546683311462,2,510,
129,76200,f,0.9415364265441895,2,510,
129,76200,g,0.9448451399803162,2,510,
129,76200,h,0.8552899360656738,2,510,
129,76200,i,0.9664481580257416,2,510,
129,76500,a,0.9663824439048767,2,512,
129,76500,b,0.9968348741531372,2,512,
129,76500,c,1.1869925260543823,2,512,
129,76500,d,0.9785759150981903,2,512,
129,76500,e,1.0405489802360535,2,512,
129,76500,f,1.2044070959091187,2,512,
129,76500,g,1.160391926765442,2,512,
129,76500,h,1.0910224318504333,2,512,
129,76500,i,0.9938989281654358,2,512,
129,76800,a,1.1018647253513336,2,514,
129,76800,b,1.07577383518219,2,514,
129,76800,c,1.0524235963821411,2,514,
129,76800,d,0.9990354776382446,2,514,
129,76800,e,0.921209454536438,2,514,
129,76800,f,0.922804057598114,2,514,
129,76800,g,0.9903118014335632,2,514,
129,76800,h,0.949110209941864,2,514,
129,76800,i,0.9366520941257477,2,514,
129,77100,a,1.3153390884399414,2,516,
129,77100,b,1.104013830423355,2,516,
129,77100,c,1.0157035291194916,2,516,
129,77100,d,1.0649506747722626,2,516,
129,77100,e,0.840547651052475,2,516,
129,77100,f,1.0861294865608215,2,516,
129,77100,g,1.0351412892341614,2,516,
129,77100,h,0.8219659924507141,2,516,
129,77100,i,0.9750417470932007,2,516,
129,77400,a,1.0327527523040771,2,518,
129,77400,b,0.9971479773521423,2,518,
129,77400,c,1.040149062871933,2,518,
129,77400,d,1.1239945590496063,2,518,
129,77400,e,1.0599112510681152,2,518,
129,77400,f,1.0295713543891907,2,518,
129,77400,g,1.075844168663025,2,518,
129,77400,h,0.8966495096683502,2,518,
129,77400,i,0.9633245170116425,2,518,
129,77700,a,1.1351755857467651,2,520,
129,77700,b,1.1116783618927002,2,520,
129,77700,c,0.9690608382225037,2,520,
129,77700,d,0.9694519639015198,2,520,
129,77700,e,0.9739953577518463,2,520,
129,77700,f,1.0044714212417603,2,520,
129,77700,g,1.0463797450065613,2,520,
129,77700,h,0.8766545057296753,2,520,
129,77700,i,1.0207693874835968,2,520,
129,78000,a,1.106237530708313,2,522,
129,78000,b,0.9359404742717743,2,522,
129,78000,c,1.0374797582626343,2,522,
129,78000,d,0.839855432510376,2,522,
129,78000,e,0.96536585688591,2,522,
129,78000,f,0.9818463921546936,2,522,
129,78000,g,0.8341972827911377,2,522,
129,78000,h,0.9490489959716797,2,522,
129,78000,i,0.7927567660808563,2,522,
129,78300,a,1.0402336120605469,2,524,
129,78300,b,1.0577164888381958,2,524,
129,78300,c,1.1050705909729004,2,524,
129,78300,d,0.9030027985572815,2,524,
129,78300,e,1.1363391280174255,2,524,
129,78300,f,1.097392499446869,2,524,
129,78300,g,1.0061382055282593,2,524,
129,78300,h,0.9238992035388947,2,524,
129,78300,i,0.999746173620224,2,524,
129,78600,a,0.9941230714321136,2,526,
129,78600,b,0.8858155906200409,2,526,
129,78600,c,1.1508463621139526,2,526,
129,78600,d,1.0014903843402863,2,526,
129,78600,e,0.919960081577301,2,526,
129,78600,f,0.9462469220161438,2,526,
129,78600,g,1.0148399472236633,2,526,
129,78600,h,1.0004805624485016,2,526,
129,78600,i,0.9506567716598511,2,526,
129,78900,a,1.1562392711639404,2,528,
129,78900,b,0.9565115571022034,2,528,
129,78900,c,1.4384099245071411,2,528,
129,78900,d,1.038501501083374,2,528,
129,78900,e,0.9012303948402405,2,528,
129,78900,f,0.9198437631130219,2,528,
129,78900,g,1.2786824703216553,2,528,
129,78900,h,0.8199781179428101,2,528,
129,78900,i,0.9659653306007385,2,528,
129,79200,a,0.9550819396972656,2,530,
129,79200,b,1.1592431664466858,2,530,
129,79200,c,1.2090196013450623,2,530,
129,79200,d,0.8956203460693359,2,530,
129,79200,e,0.9142350852489471,2,530,
129,79200,f,1.0584007501602173,2,530,
129,79200,g,1.2620450258255005,2,530,
129,79200,h,0.9560271203517914,2,530,
129,79200,i,0.7530889809131622,2,530,
129,79500,a,1.0746013522148132,2,532,
129,79500,b,0.9348094463348389,2,532,
129,79500,c,0.8878754377365112,2,532,
129,79500,d,0.9008567929267883,2,532,
129,79500,e,1.0366802513599396,2,532,
129,79500,f,1.0385501384735107,2,532,
129,79500,g,0.9197962284088135,2,532,
129,79500,h,1.033848226070404,2,532,
129,79500,i,0.868144690990448,2,532,
129,79800,a,0.8457210659980774,2,534,
129,79800,b,1.1475094258785248,2,534,
129,79800,c,1.016950786113739,2,534,
129,79800,d,1.028276264667511,2,534,
129,79800,e,0.7726231813430786,2,534,
129,79800,f,0.9719484746456146,2,534,
129,79800,g,0.9315977394580841,2,534,
129,79800,h,0.9051018357276917,2,534,
129,79800,i,0.8344177305698395,2,534,
129,80100,a,1.030537724494934,2,536,
129,80100,b,1.3154988288879395,2,536,
129,80100,c,1.0677984952926636,2,536,
129,80100,d,1.0127758085727692,2,536,
129,80100,e,0.9275995790958405,2,536,
129,80100,f,1.1937404870986938,2,536,
129,80100,g,1.1416824162006378,2,536,
129,80100,h,1.2047008275985718,2,536,
129,80100,i,0.9111087620258331,2,536,
129,80400,a,1.0724135041236877,2,538,
129,80400,b,0.9051279127597809,2,538,
129,80400,c,1.00208181142807,2,538,
129,80400,d,0.9726467132568359,2,538,
129,80400,e,0.9532237350940704,2,538,
129,80400,f,1.2424448728561401,2,538,
129,80400,g,1.1983765959739685,2,538,
129,80400,h,0.9893683195114136,2,538,
129,80400,i,0.9513983130455017,2,538,
129,80700,a,1.0188767313957214,2,540,
129,80700,b,1.202590525150299,2,540,
129,80700,c,1.31794273853302,2,540,
129,80700,d,0.8837853074073792,2,540,
129,80700,e,1.115416705608368,2,540,
129,80700,f,1.036431074142456,2,540,
129,80700,g,1.0136507749557495,2,540,
129,80700,h,0.7780754864215851,2,540,
129,80700,i,0.8654722273349762,2,540,
129,81000,a,1.1327542066574097,2,542,
129,81000,b,1.1468384265899658,2,542,
129,81000,c,1.133983999490738,2,542,
129,81000,d,0.9018774628639221,2,542,
129,81000,e,1.0027838051319122,2,542,
129,81000,f,1.158144325017929,2,542,
129,81000,g,0.9032033979892731,2,542,
129,81000,h,0.994138777256012,2,542,
129,81000,i,0.6911321878433228,2,542,
129,81300,a,1.081838846206665,2,544,
129,81300,b,1.0741468667984009,2,544,
129,81300,c,1.034570038318634,2,544,
129,81300,d,0.8949552178382874,2,544,
129,81300,e,0.9423871636390686,2,544,
129,81300,f,0.8917984962463379,2,544,
129,81300,g,1.4025894403457642,2,544,
129,81300,h,1.045327752828598,2,544,
129,81300,i,0.9860403537750244,2,544,
129,81600,a,0.9740322232246399,2,546,
129,81600,b,0.9777897298336029,2,546,
129,81600,c,1.079577624797821,2,546,
129,81600,d,1.0697050094604492,2,546,
129,81600,e,0.8413622081279755,2,546,
129,81600,f,1.125942349433899,2,546,
129,81600,g,1.0929646492004395,2,546,
129,81600,h,0.858319878578186,2,546,
129,81600,i,0.8770659267902374,2,546,
129,81900,a,1.0777179598808289,2,548,
129,81900,b,0.8602549433708191,2,548,
129,81900,c,0.9085155427455902,2,548,
129,81900,d,0.9657863676548004,2,548,
129,81900,e,0.7338112592697144,2,548,
129,81900,f,1.0465280413627625,2,548,
129,81900,g,1.3096300065517426,2,548,
129,81900,h,0.9539245665073395,2,548,
129,81900,i,0.9950993061065674,2,548,
129,82200,a,0.8846443295478821,2,550,
129,82200,b,1.10141521692276,2,550,
129,82200,c,1.1212316155433655,2,550,
129,82200,d,0.9621395766735077,2,550,
129,82200,e,0.836276113986969,2,550,
129,82200,f,0.8541885614395142,2,550,
129,82200,g,1.157537817955017,2,550,
129,82200,h,0.8930466175079346,2,550,
129,82200,i,0.9870208501815796,2,550,
129,82500,a,1.036316990852356,2,552,
129,82500,b,1.250422716140747,2,552,
129,82500,c,0.9954149425029755,2,552,
129,82500,d,0.8226490318775177,2,552,
129,82500,e,1.067841112613678,2,552,
129,82500,f,0.9708741009235382,2,552,
129,82500,g,1.0373827815055847,2,552,
129,82500,h,0.9570652842521667,2,552,
129,82500,i,0.9334097504615784,2,552,
129,82800,a,0.990839958190918,2,554,
129,82800,b,1.1371597647666931,2,554,
129,82800,c,1.1133900880813599,2,554,
129,82800,d,0.9180940985679626,2,554,
129,82800,e,0.9237992763519287,2,554,
129,82800,f,1.186881959438324,2,554,
129,82800,g,1.0360315144062042,2,554,
129,82800,h,1.034838318824768,2,554,
129,82800,i,0.9005277752876282,2,554,
129,83100,a,0.9840213656425476,2,556,
129,83100,b,1.0348816215991974,2,556,
129,83100,c,1.0776118636131287,2,556,
129,83100,d,1.038501501083374,2,556,
129,83100,e,0.9065418839454651,2,556,
129,83100,f,1.309751570224762,2,556,
129,83100,g,1.1215194165706635,2,556,
129,83100,h,0.8486770987510681,2,556,
129,83100,i,0.948932409286499,2,556,
129,83400,a,1.0148435831069946,2,558,
129,83400,b,0.9432093501091003,2,558,
129,83400,c,1.1417725086212158,2,558,
129,83400,d,0.9371107816696167,2,558,
129,83400,e,0.8949695229530334,2,558,
129,83400,f,1.062547206878662,2,558,
129,83400,g,0.9349893629550934,2,558,
129,83400,h,0.8786115050315857,2,558,
129,83400,i,0.870635986328125,2,558,
129,83700,a,1.150047242641449,2,560,
129,83700,b,1.0372077226638794,2,560,
129,83700,c,1.1496972441673279,2,560,
129,83700,d,0.9138717949390411,2,560,
129,83700,e,0.9189823865890503,2,560,
129,83700,f,0.9182069897651672,2,560,
129,83700,g,1.0362732708454132,2,560,
129,83700,h,0.9018430709838867,2,560,
129,83700,i,1.095600426197052,2,560,
129,84000,a,0.907203197479248,2,562,
129,84000,b,0.9857565760612488,2,562,
129,84000,c,1.2400373220443726,2,562,
129,84000,d,0.9747282266616821,2,562,
129,84000,e,0.9759489297866821,2,562,
129,84000,f,0.9587617218494415,2,562,
129,84000,g,0.9568232297897339,2,562,
129,84000,h,0.8276888132095337,2,562,
129,84000,i,0.9042968153953552,2,562,
129,84300,a,1.1069189310073853,2,564,
129,84300,b,0.9459439516067505,2,564,
129,84300,c,0.9628392159938812,2,564,
129,84300,d,0.9377913773059845,2,564,
129,84300,e,0.929547905921936,2,564,
129,84300,f,0.9035243690013885,2,564,
129,84300,g,0.9786495566368103,2,564,
129,84300,h,1.1140273213386536,2,564,
129,84300,i,0.8402303457260132,2,564,
129,84600,a,0.9858460426330566,2,566,
129,84600,b,1.0131808817386627,2,566,
129,84600,c,1.2077661752700806,2,566,
129,84600,d,0.9173140525817871,2,566,
129,84600,e,0.843856930732727,2,566,
129,84600,f,0.8405798673629761,2,566,
129,84600,g,0.9560064673423767,2,566,
129,84600,h,1.077230304479599,2,566,
129,84600,i,1.0843873620033264,2,566,
129,84900,a,1.004302978515625,2,568,
129,84900,b,0.9179522395133972,2,568,
129,84900,c,1.2534923553466797,2,568,
129,84900,d,0.7937690019607544,2,568,
129,84900,e,0.7942516207695007,2,568,
129,84900,f,1.0034653842449188,2,568,
129,84900,g,1.0786192417144775,2,568,
129,84900,h,0.9270088076591492,2,568,
129,84900,i,1.00403493642807,2,568,
129,85200,a,0.9869734644889832,2,570,
129,85200,b,1.0301661491394043,2,570,
129,85200,c,0.9073008298873901,2,570,
129,85200,d,0.92034912109375,2,570,
129,85200,e,0.9162825644016266,2,570,
129,85200,f,0.9722162485122681,2,570,
129,85200,g,1.111680269241333,2,570,
129,85200,h,1.09820955991745,2,570,
129,85200,i,0.8886243104934692,2,570,
129,85500,a,0.9810107946395874,2,572,
129,85500,b,0.8919685482978821,2,572,
129,85500,c,1.0707932710647583,2,572,
129,85500,d,0.9450089335441589,2,572,
129,85500,e,0.7416143417358398,2,572,
129,85500,f,1.0633924007415771,2,572,
129,85500,g,1.080601453781128,2,572,
129,85500,h,1.141670286655426,2,572,
129,85500,i,0.8463526368141174,2,572,
129,85800,a,1.0870969593524933,2,574,
129,85800,b,0.9832544028759003,2,574,
129,85800,c,0.9399093985557556,2,574,
129,85800,d,0.9449995160102844,2,574,
129,85800,e,0.7496042251586914,2,574,
129,85800,f,1.0741527676582336,2,574,
129,85800,g,0.9531315565109253,2,574,
129,85800,h,0.8730456829071045,2,574,
129,85800,i,0.929318368434906,2,574,
129,86100,a,1.138256549835205,2,576,
129,86100,b,0.8613798022270203,2,576,
129,86100,c,0.930555909872055,2,576,
129,86100,d,0.9412535429000854,2,576,
129,86100,e,0.9446538686752319,2,576,
129,86100,f,1.0063011050224304,2,576,
129,86100,g,1.0834173560142517,2,576,
129,86100,h,0.9886059165000916,2,576,
129,86100,i,1.0269276797771454,2,576,
129,86400,a,1.0516710877418518,2,578,
129,86400,b,1.0060548782348633,2,578,
129,86400,c,1.0927088856697083,2,578,
129,86400,d,0.98453289270401,2,578,
129,86400,e,0.8988852500915527,2,578,
129,86400,f,0.8953732252120972,2,578,
129,86400,g,0.8257890939712524,2,578,
129,86400,h,0.9380855560302734,2,578,
129,86400,i,0.8718809485435486,2,578,
56,0,a,1.8003033995628357,2,2,
56,0,b,1.7942249774932861,2,2,
56,0,c,1.792425274848938,2,2,
56,0,d,1.8421494960784912,2,2,
56,0,e,1.8766666054725647,2,2,
56,0,f,1.8052610158920288,2,2,
56,0,g,1.8635262250900269,2,2,
56,0,h,1.7947579622268677,2,2,
56,0,i,1.7944257855415344,2,2,
56,300,a,1.8312032222747803,2,4,
56,300,b,1.7986689805984497,2,4,
56,300,c,1.774015724658966,2,4,
56,300,d,1.8502439260482788,2,4,
56,300,e,1.8060686588287354,2,4,
56,300,f,1.8457379341125488,2,4,
56,300,g,1.8255223035812378,2,4,
56,300,h,1.7974095344543457,2,4,
56,300,i,1.821178376674652,2,4,
56,600,a,1.8098184466362,2,6,
56,600,b,1.8546101450920105,2,6,
56,600,c,1.8564090728759766,2,6,
56,600,d,1.8397475481033325,2,6,
56,600,e,1.8095062971115112,2,6,
56,600,f,1.850090503692627,2,6,
56,600,g,1.8849896788597107,2,6,
56,600,h,1.7539286613464355,2,6,
56,600,i,1.7611746788024902,2,6,
56,900,a,1.7927287220954895,2,8,
56,900,b,1.830997109413147,2,8,
56,900,c,1.8427180051803589,2,8,
56,900,d,1.7535797953605652,2,8,
56,900,e,1.8210053443908691,2,8,
56,900,f,1.8229660391807556,2,8,
56,900,g,1.7854385375976562,2,8,
56,900,h,1.7713958621025085,2,8,
56,900,i,1.7890524864196777,2,8,
56,1200,a,1.822847306728363,2,10,
56,1200,b,1.7907297015190125,2,10,
56,1200,c,1.8035911917686462,2,10,
56,1200,d,1.8123086094856262,2,10,
56,1200,e,1.8101625442504883,2,10,
56,1200,f,1.7307299375534058,2,10,
56,1200,g,1.795333743095398,2,10,
56,1200,h,1.7276781797409058,2,10,
56,1200,i,1.7522268295288086,2,10,
56,1500,a,1.750686764717102,2,12,
56,1500,b,1.755392611026764,2,12,
56,1500,c,1.7902836799621582,2,12,
56,1500,d,1.74998539686203,2,12,
56,1500,e,1.7618157267570496,2,12,
56,1500,f,1.8035475015640259,2,12,
56,1500,g,1.7444735765457153,2,12,
56,1500,h,1.7485325336456299,2,12,
56,1500,i,1.7716937065124512,2,12,
56,1800,a,1.7464001178741455,2,14,
56,1800,b,1.7523311972618103,2,14,
56,1800,c,1.7442294359207153,2,14,
56,1800,d,1.7572429776191711,2,14,
56,1800,e,1.6999225616455078,2,14,
56,1800,f,1.7979445457458496,2,14,
56,1800,g,1.7336913347244263,2,14,
56,1800,h,1.6808874607086182,2,14,
56,1800,i,1.7225372195243835,2,14,
56,2100,a,1.7915318012237549,2,16,
56,2100,b,1.7586347460746765,2,16,
56,2100,c,1.8295236229896545,2,16,
56,2100,d,1.7727339267730713,2,16,
56,2100,e,1.8141160011291504,2,16,
56,2100,f,1.7525789737701416,2,16,
56,2100,g,1.8352482318878174,2,16,
56,2100,h,1.7173618078231812,2,16,
56,2100,i,1.7370731234550476,2,16,
56,2400,a,1.7903625965118408,2,18,
56,2400,b,1.7780054211616516,2,18,
56,2400,c,1.7629249691963196,2,18,
56,2400,d,1.7963206768035889,2,18,
56,2400,e,1.7566156387329102,2,18,
56,2400,f,1.7086502313613892,2,18,
56,2400,g,1.7240861654281616,2,18,
56,2400,h,1.6970950961112976,2,18,
56,2400,i,1.799950361251831,2,18,
56,2700,a,1.771836519241333,2,20,
56,2700,b,1.7564492225646973,2,20,
56,2700,c,1.767576277256012,2,20,
56,2700,d,1.7133566737174988,2,20,
56,2700,e,1.7500483989715576,2,20,
56,2700,f,1.731056809425354,2,20,
56,2700,g,1.6987378597259521,2,20,
56,2700,h,1.7130647897720337,2,20,
56,2700,i,1.78118497133255,2,20,
56,3000,a,1.7055603861808777,2,22,
56,3000,b,1.72030109167099,2,22,
56,3000,c,1.782198429107666,2,22,
56,3000,d,1.70704585313797,2,22,
56,3000,e,1.7089582085609436,2,22,
56,3000,f,1.7253913879394531,2,22,
56,3000,g,1.683273434638977,2,22,
56,3000,h,1.7150670886039734,2,22,
56,3000,i,1.6919040083885193,2,22,
56,3300,a,1.734067440032959,2,24,
56,3300,b,1.8026124835014343,2,24,
56,3300,c,1.7711779475212097,2,24,
56,3300,d,1.7424710392951965,2,24,
56,3300,e,1.705224871635437,2,24,
56,3300,f,1.78505140542984,2,24,
56,3300,g,1.7481465935707092,2,24,
56,3300,h,1.6896699666976929,2,24,
56,3300,i,1.6635174751281738,2,24,
56,3600,a,1.731252133846283,2,26,
56,3600,b,1.7109653949737549,2,26,
56,3600,c,1.7441411018371582,2,26,
56,3600,d,1.6880239248275757,2,26,
56,3600,e,1.7252681851387024,2,26,
56,3600,f,1.7509364485740662,2,26,
56,3600,g,1.731816291809082,2,26,
56,3600,h,1.71398264169693,2,26,
56,3600,i,1.6695172786712646,2,26,
56,3900,a,1.693745493888855,2,28,
56,3900,b,1.7199741005897522,2,28,
56,3900,c,1.714067816734314,2,28,
56,3900,d,1.6802796125411987,2,28,
56,3900,e,1.7290353775024414,2,28,
56,3900,f,1.7395806908607483,2,28,
56,3900,g,1.7159382700920105,2,28,
56,3900,h,1.677991807460785,2,28,
56,3900,i,1.7160879969596863,2,28,
56,4200,a,1.6380931735038757,2,30,
56,4200,b,1.7919836640357971,2,30,
56,4200,c,1.723996102809906,2,30,
56,4200,d,1.6796589493751526,2,30,
56,4200,e,1.758627474308014,2,30,
56,4200,f,1.717239797115326,2,30,
56,4200,g,1.6856974363327026,2,30,
56,4200,h,1.7245829105377197,2,30,
56,4200,i,1.7010829448699951,2,30,
56,4500,a,1.6820073127746582,2,32,
56,4500,b,1.7101898789405823,2,32,
56,4500,c,1.7196928262710571,2,32,
56,4500,d,1.6899008750915527,2,32,
56,4500,e,1.6341096758842468,2,32,
56,4500,f,1.6922287940979004,2,32,
56,4500,g,1.6861910820007324,2,32,
56,4500,h,1.7280269265174866,2,32,
56,4500,i,1.598855972290039,2,32,
56,4800,a,1.7330227494239807,2,34,
56,4800,b,1.7256068587303162,2,34,
56,4800,c,1.7654441595077515,2,34,
56,4800,d,1.6892236471176147,2,34,
56,4800,e,1.6651748418807983,2,34,
56,4800,f,1.6915446519851685,2,34,
56,4800,g,1.6998825669288635,2,34,
56,4800,h,1.7036188244819641,2,34,
56,4800,i,1.663707196712494,2,34,
56,5100,a,1.6272816061973572,2,36,
56,5100,b,1.7345664501190186,2,36,
56,5100,c,1.7337484955787659,2,36,
56,5100,d,1.6414864659309387,2,36,
56,5100,e,1.655720055103302,2,36,
56,5100,f,1.6738886833190918,2,36,
56,5100,g,1.6417116522789001,2,36,
56,5100,h,1.7172605395317078,2,36,
56,5100,i,1.6668154001235962,2,36,
56,5400,a,1.6159861087799072,2,38,
56,5400,b,1.6990863680839539,2,38,
56,5400,c,1.7116129994392395,2,38,
56,5400,d,1.6955044865608215,2,38,
56,5400,e,1.6564648747444153,2,38,
56,5400,f,1.6968810558319092,2,38,
56,5400,g,1.6830933094024658,2,38,
56,5400,h,1.6493030786514282,2,38,
56,5400,i,1.6656482219696045,2,38,
56,5700,a,1.626083254814148,2,40,
56,5700,b,1.7365407943725586,2,40,
56,5700,c,1.647980272769928,2,40,
56,5700,d,1.6595323085784912,2,40,
56,5700,e,1.639164924621582,2,40,
56,5700,f,1.6328775882720947,2,40,
56,5700,g,1.6214213371276855,2,40,
56,5700,h,1.6227787733078003,2,40,
56,5700,i,1.5869966745376587,2,40,
56,6000,a,1.5961997509002686,2,42,
56,6000,b,1.6967058777809143,2,42,
56,6000,c,1.7334522604942322,2,42,
56,6000,d,1.6631218194961548,2,42,
56,6000,e,1.7009600400924683,2,42,
56,6000,f,1.6498214602470398,2,42,
56,6000,g,1.73219633102417,2,42,
56,6000,h,1.6203647255897522,2,42,
56,6000,i,1.5730773210525513,2,42,
56,6300,a,1.595013439655304,2,44,
56,6300,b,1.6803606152534485,2,44,
56,6300,c,1.6970356702804565,2,44,
56,6300,d,1.6081964373588562,2,44,
56,6300,e,1.6643806099891663,2,44,
56,6300,f,1.613990068435669,2,44,
56,6300,g,1.6784073114395142,2,44,
56,6300,h,1.61697518825531,2,44,
56,6300,i,1.6275629997253418,2,44,
56,6600,a,1.6035234332084656,2,46,
56,6600,b,1.7335029244422913,2,46,
56,6600,c,1.7030047178268433,2,46,
56,6600,d,1.6009470224380493,2,46,
56,6600,e,1.5714265704154968,2,46,
56,6600,f,1.6353421807289124,2,46,
56,6600,g,1.5999253988265991,2,46,
56,6600,h,1.5656099915504456,2,46,
56,6600,i,1.5879363417625427,2,46,
56,6900,a,1.5482677221298218,2,48,
56,6900,b,1.709164798259735,2,48,
56,6900,c,1.700546383857727,2,48,
56,6900,d,1.5855228900909424,2,48,
56,6900,e,1.594494342803955,2,48,
56,6900,f,1.6162335872650146,2,48,
56,6900,g,1.6652803421020508,2,48,
56,6900,h,1.6620019674301147,2,48,
56,6900,i,1.5319283604621887,2,48,
56,7200,a,1.615604281425476,2,50,
56,7200,b,1.685119390487671,2,50,
56,7200,c,1.6688803434371948,2,50,
56,7200,d,1.6172404885292053,2,50,
56,7200,e,1.6408218145370483,2,50,
56,7200,f,1.6115963459014893,2,50,
56,7200,g,1.6123031973838806,2,50,
56,7200,h,1.6788057088851929,2,50,
56,7200,i,1.5781071186065674,2,50,
56,7500,a,1.560533046722412,2,52,
56,7500,b,1.6903575658798218,2,52,
56,7500,c,1.6539105772972107,2,52,
56,7500,d,1.5620272755622864,2,52,
56,7500,e,1.61235111951828,2,52,
56,7500,f,1.6383697390556335,2,52,
56,7500,g,1.6504687666893005,2,52,
56,7500,h,1.6377596855163574,2,52,
56,7500,i,1.6064149141311646,2,52,
56,7800,a,1.5613185167312622,2,54,
56,7800,b,1.7021714448928833,2,54,
56,7800,c,1.7232279777526855,2,54,
56,7800,d,1.5878285765647888,2,54,
56,7800,e,1.6982182264328003,2,54,
56,7800,f,1.5915255546569824,2,54,
56,7800,g,1.6084670424461365,2,54,
56,7800,h,1.554159164428711,2,54,
56,7800,i,1.7217290997505188,2,54,
56,8100,a,1.5982938408851624,2,56,
56,8100,b,1.6856982111930847,2,56,
56,8100,c,1.7600458264350891,2,56,
56,8100,d,1.6974329948425293,2,56,
56,8100,e,1.6518481969833374,2,56,
56,8100,f,1.6151023507118225,2,56,
56,8100,g,1.584790587425232,2,56,
56,8100,h,1.5658252835273743,2,56,
56,8100,i,1.5377840399742126,2,56,
56,8400,a,1.5134714841842651,2,58,
56,8400,b,1.6229852437973022,2,58,
56,8400,c,1.6529040336608887,2,58,
56,8400,d,1.5959795713424683,2,58,
56,8400,e,1.5837332010269165,2,58,
56,8400,f,1.5344939827919006,2,58,
56,8400,g,1.6155457496643066,2,58,
56,8400,h,1.6053252816200256,2,58,
56,8400,i,1.5818650126457214,2,58,
56,8700,a,1.5770025849342346,2,60,
56,8700,b,1.608643889427185,2,60,
56,8700,c,1.5605524778366089,2,60,
56,8700,d,1.6162920594215393,2,60,
56,8700,e,1.5756064057350159,2,60,
56,8700,f,1.5691693425178528,2,60,
56,8700,g,1.6991450786590576,2,60,
56,8700,h,1.5295580625534058,2,60,
56,8700,i,1.5536971688270569,2,60,
56,9000,a,1.5019497275352478,2,62,
56,9000,b,1.6126688718795776,2,62,
56,9000,c,1.6461097598075867,2,62,
56,9000,d,1.5620789527893066,2,62,
56,9000,e,1.5319554209709167,2,62,
56,9000,f,1.5544164776802063,2,62,
56,9000,g,1.5661464929580688,2,62,
56,9000,h,1.547495186328888,2,62,
56,9000,i,1.5615251064300537,2,62,
56,9300,a,1.491761326789856,2,64,
56,9300,b,1.66618013381958,2,64,
56,9300,c,1.6129396557807922,2,64,
56,9300,d,1.618817925453186,2,64,
56,9300,e,1.5496888160705566,2,64,
56,9300,f,1.6246426105499268,2,64,
56,9300,g,1.577256977558136,2,64,
56,9300,h,1.6714043617248535,2,64,
56,9300,i,1.5424065589904785,2,64,
56,9600,a,1.4921651482582092,2,66,
56,9600,b,1.6387590765953064,2,66,
56,9600,c,1.6330261826515198,2,66,
56,9600,d,1.5108697414398193,2,66,
56,9600,e,1.4475167989730835,2,66,
56,9600,f,1.596093773841858,2,66,
56,9600,g,1.6248518228530884,2,66,
56,9600,h,1.496385097503662,2,66,
56,9600,i,1.493208110332489,2,66,
56,9900,a,1.4550443887710571,2,68,
56,9900,b,1.7314825654029846,2,68,
56,9900,c,1.6366612911224365,2,68,
56,9900,d,1.487983226776123,2,68,
56,9900,e,1.5430495142936707,2,68,
56,9900,f,1.5932096242904663,2,68,
56,9900,g,1.5163856744766235,2,68,
56,9900,h,1.5994905829429626,2,68,
56,9900,i,1.5067705512046814,2,68,
56,10200,a,1.5303157567977905,2,70,
56,10200,b,1.6555923223495483,2,70,
56,10200,c,1.6083728075027466,2,70,
56,10200,d,1.6100985407829285,2,70,
56,10200,e,1.4666104316711426,2,70,
56,10200,f,1.5838137865066528,2,70,
56,10200,g,1.5128720998764038,2,70,
56,10200,h,1.6726073622703552,2,70,
56,10200,i,1.5284154415130615,2,70,
56,10500,a,1.4709153175354004,2,72,
56,10500,b,1.528007686138153,2,72,
56,10500,c,1.5842352509498596,2,72,
56,10500,d,1.5026366114616394,2,72,
56,10500,e,1.5715376734733582,2,72,
56,10500,f,1.4828492999076843,2,72,
56,10500,g,1.559938669204712,2,72,
56,10500,h,1.4932316541671753,2,72,
56,10500,i,1.5328805446624756,2,72,
56,10800,a,1.4770731329917908,2,74,
56,10800,b,1.541865050792694,2,74,
56,10800,c,1.6471911072731018,2,74,
56,10800,d,1.5019652843475342,2,74,
56,10800,e,1.538439691066742,2,74,
56,10800,f,1.5532138347625732,2,74,
56,10800,g,1.5587478876113892,2,74,
56,10800,h,1.5114758610725403,2,74,
56,10800,i,1.4394292831420898,2,74,
56,11100,a,1.4977768659591675,2,76,
56,11100,b,1.606789231300354,2,76,
56,11100,c,1.5293166041374207,2,76,
56,11100,d,1.4109340906143188,2,76,
56,11100,e,1.4614523649215698,2,76,
56,11100,f,1.5936138033866882,2,76,
56,11100,g,1.5244997143745422,2,76,
56,11100,h,1.4457488059997559,2,76,
56,11100,i,1.491094172000885,2,76,
56,11400,a,1.4373289346694946,2,78,
56,11400,b,1.7168772220611572,2,78,
56,11400,c,1.5681820511817932,2,78,
56,11400,d,1.4377673268318176,2,78,
56,11400,e,1.5500501990318298,2,78,
56,11400,f,1.6528799533843994,2,78,
56,11400,g,1.5543382167816162,2,78,
56,11400,h,1.5103108286857605,2,78,
56,11400,i,1.4234426021575928,2,78,
56,11700,a,1.5155025124549866,2,80,
56,11700,b,1.589848816394806,2,80,
56,11700,c,1.540122628211975,2,80,
56,11700,d,1.4455154538154602,2,80,
56,11700,e,1.5103201270103455,2,80,
56,11700,f,1.5323765277862549,2,80,
56,11700,g,1.4743319153785706,2,80,
56,11700,h,1.5685219168663025,2,80,
56,11700,i,1.498073160648346,2,80,
56,12000,a,1.4398857355117798,2,82,
56,12000,b,1.6430723667144775,2,82,
56,12000,c,1.533260703086853,2,82,
56,12000,d,1.4242521524429321,2,82,
56,12000,e,1.4994033575057983,2,82,
56,12000,f,1.5233926177024841,2,82,
56,12000,g,1.463826060295105,2,82,
56,12000,h,1.6757345795631409,2,82,
56,12000,i,1.3908536434173584,2,82,
56,12300,a,1.4622242450714111,2,84,
56,12300,b,1.5584766864776611,2,84,
56,12300,c,1.5487006902694702,2,84,
56,12300,d,1.4859617948532104,2,84,
56,12300,e,1.3447927236557007,2,84,
56,12300,f,1.5302643775939941,2,84,
56,12300,g,1.4680105447769165,2,84,
56,12300,h,1.5388301014900208,2,84,
56,12300,i,1.3928704857826233,2,84,
56,12600,a,1.5111882090568542,2,86,
56,12600,b,1.5521021485328674,2,86,
56,12600,c,1.508958101272583,2,86,
56,12600,d,1.525741994380951,2,86,
56,12600,e,1.4879289269447327,2,86,
56,12600,f,1.474636435508728,2,86,
56,12600,g,1.4554229974746704,2,86,
56,12600,h,1.559722900390625,2,86,
56,12600,i,1.4172120094299316,2,86,
56,12900,a,1.4014586806297302,2,88,
56,12900,b,1.546652615070343,2,88,
56,12900,c,1.5548214316368103,2,88,
56,12900,d,1.501741111278534,2,88,
56,12900,e,1.4395759105682373,2,88,
56,12900,f,1.5170995593070984,2,88,
56,12900,g,1.5207221508026123,2,88,
56,12900,h,1.4253868460655212,2,88,
56,12900,i,1.258057177066803,2,88,
56,13200,a,1.5161516070365906,2,90,
56,13200,b,1.6373533010482788,2,90,
56,13200,c,1.4925596714019775,2,90,
56,13200,d,1.4940413236618042,2,90,
56,13200,e,1.5443286299705505,2,90,
56,13200,f,1.4800633788108826,2,90,
56,13200,g,1.5079146027565002,2,90,
56,13200,h,1.4141165018081665,2,90,
56,13200,i,1.5632258653640747,2,90,
56,13500,a,1.443467378616333,2,92,
56,13500,b,1.573182463645935,2,92,
56,13500,c,1.5001283884048462,2,92,
56,13500,d,1.5038033723831177,2,92,
56,13500,e,1.4052133560180664,2,92,
56,13500,f,1.4827489852905273,2,92,
56,13500,g,1.4581524729728699,2,92,
56,13500,h,1.4036735892295837,2,92,
56,13500,i,1.4094159603118896,2,92,
56,13800,a,1.4002900123596191,2,94,
56,13800,b,1.5775411128997803,2,94,
56,13800,c,1.550157070159912,2,94,
56,13800,d,1.4443764090538025,2,94,
56,13800,e,1.4884812235832214,2,94,
56,13800,f,1.4904509782791138,2,94,
56,13800,g,1.568990170955658,2,94,
56,13800,h,1.639162302017212,2,94,
56,13800,i,1.4324551820755005,2,94,
56,14100,a,1.447569489479065,2,96,
56,14100,b,1.633570909500122,2,96,
56,14100,c,1.5900828838348389,2,96,
56,14100,d,1.4112016558647156,2,96,
56,14100,e,1.4754570126533508,2,96,
56,14100,f,1.4283329248428345,2,96,
56,14100,g,1.4690760970115662,2,96,
56,14100,h,1.4011165499687195,2,96,
56,14100,i,1.5433922410011292,2,96,
56,14400,a,1.4359871745109558,2,98,
56,14400,b,1.5338740348815918,2,98,
56,14400,c,1.5510689616203308,2,98,
56,14400,d,1.4680026173591614,2,98,
56,14400,e,1.5553046464920044,2,98,
56,14400,f,1.6368669271469116,2,98,
56,14400,g,1.452078938484192,2,98,
56,14400,h,1.3576555252075195,2,98,
56,14400,i,1.452331006526947,2,98,
56,14700,a,1.380228579044342,2,100,
56,14700,b,1.4979819059371948,2,100,
56,14700,c,1.6072530150413513,2,100,
56,14700,d,1.414792537689209,2,100,
56,14700,e,1.4597722291946411,2,100,
56,14700,f,1.4753469824790955,2,100,
56,14700,g,1.461056411266327,2,100,
56,14700,h,1.3268240094184875,2,100,
56,14700,i,1.620253086090088,2,100,
56,15000,a,1.3032975792884827,2,102,
56,15000,b,1.5319744348526,2,102,
56,15000,c,1.5393456816673279,2,102,
56,15000,d,1.5492960810661316,2,102,
56,15000,e,1.4189390540122986,2,102,
56,15000,f,1.6256367564201355,2,102,
56,15000,g,1.3968480229377747,2,102,
56,15000,h,1.4118225574493408,2,102,
56,15000,i,1.4344522953033447,2,102,
56,15300,a,1.4004409909248352,2,104,
56,15300,b,1.5192584991455078,2,104,
56,15300,c,1.4161940217018127,2,104,
56,15300,d,1.4305940866470337,2,104,
56,15300,e,1.415522813796997,2,104,
56,15300,f,1.4009448289871216,2,104,
56,15300,g,1.4750931859016418,2,104,
56,15300,h,1.4100631475448608,2,104,
56,15300,i,1.5345767736434937,2,104,
56,15600,a,1.2905576825141907,2,106,
56,15600,b,1.5490584969520569,2,106,
56,15600,c,1.4991395473480225,2,106,
56,15600,d,1.4727843403816223,2,106,
56,15600,e,1.3495675921440125,2,106,
56,15600,f,1.52615624666214,2,106,
56,15600,g,1.348528802394867,2,106,
56,15600,h,1.3910883665084839,2,106,
56,15600,i,1.551973819732666,2,106,
56,15900,a,1.3593576550483704,2,108,
56,15900,b,1.602766513824463,2,108,
56,15900,c,1.5017035603523254,2,108,
56,15900,d,1.4405824542045593,2,108,
56,15900,e,1.4079800844192505,2,108,
56,15900,f,1.4953970313072205,2,108,
56,15900,g,1.3806573152542114,2,108,
56,15900,h,1.3868487477302551,2,108,
56,15900,i,1.3646124005317688,2,108,
56,16200,a,1.340779185295105,2,110,
56,16200,b,1.5462568998336792,2,110,
56,16200,c,1.5046216249465942,2,110,
56,16200,d,1.4072728753089905,2,110,
56,16200,e,1.454722821712494,2,110,
56,16200,f,1.4446489810943604,2,110,
56,16200,g,1.3681020140647888,2,110,
56,16200,h,1.3767634630203247,2,110,
56,16200,i,1.41576486825943,2,110,
56,16500,a,1.4439258575439453,2,112,
56,16500,b,1.510631024837494,2,112,
56,16500,c,1.547657310962677,2,112,
56,16500,d,1.405346393585205,2,112,
56,16500,e,1.4342928528785706,2,112,
56,16500,f,1.4426466822624207,2,112,
56,16500,g,1.448954999446869,2,112,
56,16500,h,1.3911514282226562,2,112,
56,16500,i,1.441841959953308,2,112,
56,16800,a,1.4505548477172852,2,114,
56,16800,b,1.4808495044708252,2,114,
56,16800,c,1.6414579153060913,2,114,
56,16800,d,1.3270390033721924,2,114,
56,16800,e,1.398219883441925,2,114,
56,16800,f,1.496114730834961,2,114,
56,16800,g,1.4323219656944275,2,114,
56,16800,h,1.3604328036308289,2,114,
56,16800,i,1.3807563781738281,2,114,
56,17100,a,1.3994791507720947,2,116,
56,17100,b,1.5728914141654968,2,116,
56,17100,c,1.5087189078330994,2,116,
56,17100,d,1.3489954471588135,2,116,
56,17100,e,1.3582468628883362,2,116,
56,17100,f,1.5625301599502563,2,116,
56,17100,g,1.4600715637207031,2,116,
56,17100,h,1.4082178473472595,2,116,
56,17100,i,1.3435890078544617,2,116,
56,17400,a,1.382059931755066,2,118,
56,17400,b,1.4680396914482117,2,118,
56,17400,c,1.5198909044265747,2,118,
56,17400,d,1.4397060871124268,2,118,
56,17400,e,1.4061228036880493,2,118,
56,17400,f,1.4654485583305359,2,118,
56,17400,g,1.3888965845108032,2,118,
56,17400,h,1.5166177153587341,2,118,
56,17400,i,1.39469975233078,2,118,
56,17700,a,1.4478355050086975,2,120,
56,17700,b,1.6397196650505066,2,120,
56,17700,c,1.4281159043312073,2,120,
56,17700,d,1.4724369645118713,2,120,
56,17700,e,1.3949689865112305,2,120,
56,17700,f,1.458481788635254,2,120,
56,17700,g,1.3850340843200684,2,120,
56,17700,h,1.375145673751831,2,120,
56,17700,i,1.3401938676834106,2,120,
56,18000,a,1.4054783582687378,2,122,
56,18000,b,1.4025213718414307,2,122,
56,18000,c,1.5805147886276245,2,122,
56,18000,d,1.3834195137023926,2,122,
56,18000,e,1.3486722707748413,2,122,
56,18000,f,1.4638344049453735,2,122,
56,18000,g,1.409506380558014,2,122,
56,18000,h,1.44411700963974,2,122,
56,18000,i,1.4177698493003845,2,122,
56,18300,a,1.3351120948791504,2,124,
56,18300,b,1.5131494402885437,2,124,
56,18300,c,1.541506052017212,2,124,
56,18300,d,1.4756983518600464,2,124,
56,18300,e,1.4137285947799683,2,124,
56,18300,f,1.4434053897857666,2,124,
56,18300,g,1.3803455233573914,2,124,
56,18300,h,1.3699790835380554,2,124,
56,18300,i,1.241934597492218,2,124,
56,18600,a,1.4970959424972534,2,126,
56,18600,b,1.4190122485160828,2,126,
56,18600,c,1.496383547782898,2,126,
56,18600,d,1.3391415476799011,2,126,
56,18600,e,1.44774729013443,2,126,
56,18600,f,1.4663404822349548,2,126,
56,18600,g,1.4070204496383667,2,126,
56,18600,h,1.3805512189865112,2,126,
56,18600,i,1.3280624747276306,2,126,
56,18900,a,1.3444964289665222,2,128,
56,18900,b,1.5404908657073975,2,128,
56,18900,c,1.6131681203842163,2,128,
56,18900,d,1.2857561111450195,2,128,
56,18900,e,1.335321307182312,2,128,
56,18900,f,1.441899597644806,2,128,
56,18900,g,1.4812355637550354,2,128,
56,18900,h,1.396081566810608,2,128,
56,18900,i,1.2963573336601257,2,128,
56,19200,a,1.3768659830093384,2,130,
56,19200,b,1.5574686527252197,2,130,
56,19200,c,1.5708654522895813,2,130,
56,19200,d,1.389410376548767,2,130,
56,19200,e,1.4299598932266235,2,130,
56,19200,f,1.5228062868118286,2,130,
56,19200,g,1.3602464199066162,2,130,
56,19200,h,1.2812432646751404,2,130,
56,19200,i,1.3606696128845215,2,130,
56,19500,a,1.3245391249656677,2,132,
56,19500,b,1.630074381828308,2,132,
56,19500,c,1.5601928234100342,2,132,
56,19500,d,1.3688442707061768,2,132,
56,19500,e,1.3267964124679565,2,132,
56,19500,f,1.5449284315109253,2,132,
56,19500,g,1.3355857133865356,2,132,
56,19500,h,1.5401314496994019,2,132,
56,19500,i,1.358267903327942,2,132,
56,19800,a,1.36580890417099,2,134,
56,19800,b,1.4343535900115967,2,134,
56,19800,c,1.3786242008209229,2,134,
56,19800,d,1.3709380626678467,2,134,
56,19800,e,1.3488799333572388,2,134,
56,19800,f,1.4556567668914795,2,134,
56,19800,g,1.410845160484314,2,134,
56,19800,h,1.466397225856781,2,134,
56,19800,i,1.445479691028595,2,134,
56,20100,a,1.3579837679862976,2,136,
56,20100,b,1.592373013496399,2,136,
56,20100,c,1.4473835825920105,2,136,
56,20100,d,1.3853802680969238,2,136,
56,20100,e,1.4378406405448914,2,136,
56,20100,f,1.456279993057251,2,136,
56,20100,g,1.323598027229309,2,136,
56,20100,h,1.31513112783432,2,136,
56,20100,i,1.39358788728714,2,136,
56,20400,a,1.3100029230117798,2,138,
56,20400,b,1.5052082538604736,2,138,
56,20400,c,1.489810585975647,2,138,
56,20400,d,1.2982728481292725,2,138,
56,20400,e,1.473752498626709,2,138,
56,20400,f,1.506557822227478,2,138,
56,20400,g,1.3320572972297668,2,138,
56,20400,h,1.4310474395751953,2,138,
56,20400,i,1.2583279013633728,2,138,
56,20700,a,1.360875129699707,2,140,
56,20700,b,1.4802834391593933,2,140,
56,20700,c,1.4044522643089294,2,140,
56,20700,d,1.2386972904205322,2,140,
56,20700,e,1.3080063462257385,2,140,
56,20700,f,1.3005267977714539,2,140,
56,20700,g,1.41452294588089,2,140,
56,20700,h,1.413008213043213,2,140,
56,20700,i,1.3178662657737732,2,140,
56,21000,a,1.3900511264801025,2,142,
56,21000,b,1.4498863816261292,2,142,
56,21000,c,1.371125042438507,2,142,
56,21000,d,1.2131502032279968,2,142,
56,21000,e,1.2647473216056824,2,142,
56,21000,f,1.434222936630249,2,142,
56,21000,g,1.3514360785484314,2,142,
56,21000,h,1.3482380509376526,2,142,
56,21000,i,1.254818081855774,2,142,
56,21300,a,1.4036738276481628,2,144,
56,21300,b,1.446657657623291,2,144,
56,21300,c,1.4496434330940247,2,144,
56,21300,d,1.2432590126991272,2,144,
56,21300,e,1.4433687925338745,2,144,
56,21300,f,1.3701196908950806,2,144,
56,21300,g,1.32476145029068,2,144,
56,21300,h,1.335464894771576,2,144,
56,21300,i,1.1690059900283813,2,144,
56,21600,a,1.3672811388969421,2,146,
56,21600,b,1.5211418271064758,2,146,
56,21600,c,1.6343504190444946,2,146,
56,21600,d,1.4510497450828552,2,146,
56,21600,e,1.3158158659934998,2,146,
56,21600,f,1.4459790587425232,2,146,
56,21600,g,1.588710367679596,2,146,
56,21600,h,1.4002760648727417,2,146,
56,21600,i,1.3483123183250427,2,146,
56,21900,a,1.3097473978996277,2,148,
56,21900,b,1.4994788765907288,2,148,
56,21900,c,1.451015055179596,2,148,
56,21900,d,1.3717420101165771,2,148,
56,21900,e,1.4293963313102722,2,148,
56,21900,f,1.4330931901931763,2,148,
56,21900,g,1.3093169331550598,2,148,
56,21900,h,1.3960368633270264,2,148,
56,21900,i,1.547637701034546,2,148,
56,22200,a,1.3660801649093628,2,150,
56,22200,b,1.5142607688903809,2,150,
56,22200,c,1.4310652017593384,2,150,
56,22200,d,1.4003229141235352,2,150,
56,22200,e,1.261969804763794,2,150,
56,22200,f,1.3839398622512817,2,150,
56,22200,g,1.3797273635864258,2,150,
56,22200,h,1.420047104358673,2,150,
56,22200,i,1.3841543197631836,2,150,
56,22500,a,1.3382484912872314,2,152,
56,22500,b,1.4670836329460144,2,152,
56,22500,c,1.576763927936554,2,152,
56,22500,d,1.6128908395767212,2,152,
56,22500,e,1.4215367436408997,2,152,
56,22500,f,1.359967827796936,2,152,
56,22500,g,1.1156800389289856,2,152,
56,22500,h,1.2926944494247437,2,152,
56,22500,i,1.1520991921424866,2,152,
56,22800,a,1.2673873901367188,2,154,
56,22800,b,1.420859932899475,2,154,
56,22800,c,1.4615031480789185,2,154,
56,22800,d,1.3304221630096436,2,154,
56,22800,e,1.3761706352233887,2,154,
56,22800,f,1.4724925756454468,2,154,
56,22800,g,1.3889643549919128,2,154,
56,22800,h,1.5224117040634155,2,154,
56,22800,i,1.4303483366966248,2,154,
56,23100,a,1.2112327814102173,2,156,
56,23100,b,1.4236851930618286,2,156,
56,23100,c,1.5736852884292603,2,156,
56,23100,d,1.256831705570221,2,156,
56,23100,e,1.2530826330184937,2,156,
56,23100,f,1.538506031036377,2,156,
56,23100,g,1.3587281107902527,2,156,
56,23100,h,1.3408952951431274,2,156,
56,23100,i,1.4994816780090332,2,156,
56,23400,a,1.3141970038414001,2,158,
56,23400,b,1.4030272960662842,2,158,
56,23400,c,1.4608723521232605,2,158,
56,23400,d,1.3208796381950378,2,158,
56,23400,e,1.2761113047599792,2,158,
56,23400,f,1.426967740058899,2,158,
56,23400,g,1.4694690108299255,2,158,
56,23400,h,1.2661621570587158,2,158,
56,23400,i,1.328142523765564,2,158,
56,23700,a,1.5071221590042114,2,160,
56,23700,b,1.4083953499794006,2,160,
56,23700,c,1.450009524822235,2,160,
56,23700,d,1.2720032334327698,2,160,
56,23700,e,1.4536458849906921,2,160,
56,23700,f,1.4284160137176514,2,160,
56,23700,g,1.4069430828094482,2,160,
56,23700,h,1.4163417220115662,2,160,
56,23700,i,1.3361123204231262,2,160,
56,24000,a,1.2698844075202942,2,162,
56,24000,b,1.350095510482788,2,162,
56,24000,c,1.4401145577430725,2,162,
56,24000,d,1.3206191062927246,2,162,
56,24000,e,1.4054370522499084,2,162,
56,24000,f,1.4412385821342468,2,162,
56,24000,g,1.4720534086227417,2,162,
56,24000,h,1.398154377937317,2,162,
56,24000,i,1.3078763484954834,2,162,
56,24300,a,1.3490277528762817,2,164,
56,24300,b,1.3237708806991577,2,164,
56,24300,c,1.3614473938941956,2,164,
56,24300,d,1.3485490083694458,2,164,
56,24300,e,1.420561969280243,2,164,
56,24300,f,1.3896729946136475,2,164,
56,24300,g,1.253377616405487,2,164,
56,24300,h,1.3329532146453857,2,164,
56,24300,i,1.3607988357543945,2,164,
56,24600,a,1.2874704003334045,2,166,
56,24600,b,1.441389799118042,2,166,
56,24600,c,1.4203711152076721,2,166,
56,24600,d,1.4521185159683228,2,166,
56,24600,e,1.473365068435669,2,166,
56,24600,f,1.3556053042411804,2,166,
56,24600,g,1.3000646829605103,2,166,
56,24600,h,1.363932490348816,2,166,
56,24600,i,1.3977974653244019,2,166,
56,24900,a,1.2797475457191467,2,168,
56,24900,b,1.4527878761291504,2,168,
56,24900,c,1.3949938416481018,2,168,
56,24900,d,1.3214790225028992,2,168,
56,24900,e,1.353646159172058,2,168,
56,24900,f,1.3244474530220032,2,168,
56,24900,g,1.3487766981124878,2,168,
56,24900,h,1.3315714001655579,2,168,
56,24900,i,1.287025809288025,2,168,
56,25200,a,1.2948896884918213,2,170,
56,25200,b,1.51136714220047,2,170,
56,25200,c,1.3643256425857544,2,170,
56,25200,d,1.2927821278572083,2,170,
56,25200,e,1.3424724340438843,2,170,
56,25200,f,1.3443766832351685,2,170,
56,25200,g,1.2915655970573425,2,170,
56,25200,h,1.369813621044159,2,170,
56,25200,i,1.3878057599067688,2,170,
56,25500,a,1.258936882019043,2,172,
56,25500,b,1.4002757668495178,2,172,
56,25500,c,1.4293489456176758,2,172,
56,25500,d,1.310836136341095,2,172,
56,25500,e,1.3452321290969849,2,172,
56,25500,f,1.502667486667633,2,172,
56,25500,g,1.2733095288276672,2,172,
56,25500,h,1.3045338988304138,2,172,
56,25500,i,1.2652947902679443,2,172,
56,25800,a,1.2136790752410889,2,174,
56,25800,b,1.5152987837791443,2,174,
56,25800,c,1.4882094264030457,2,174,
56,25800,d,1.1993521451950073,2,174,
56,25800,e,1.4283031225204468,2,174,
56,25800,f,1.3483694791793823,2,174,
56,25800,g,1.4353048205375671,2,174,
56,25800,h,1.4114212393760681,2,174,
56,25800,i,1.3731690049171448,2,174,
56,26100,a,1.3502677083015442,2,176,
56,26100,b,1.3510714769363403,2,176,
56,26100,c,1.4070350527763367,2,176,
56,26100,d,1.3127780556678772,2,176,
56,26100,e,1.411417543888092,2,176,
56,26100,f,1.2325222492218018,2,176,
56,26100,g,1.30511474609375,2,176,
56,26100,h,1.2682664394378662,2,176,
56,26100,i,1.3026992082595825,2,176,
56,26400,a,1.2219861149787903,2,178,
56,26400,b,1.4539613127708435,2,178,
56,26400,c,1.2788578867912292,2,178,
56,26400,d,1.306041657924652,2,178,
56,26400,e,1.3689132928848267,2,178,
56,26400,f,1.455027997493744,2,178,
56,26400,g,1.283877968788147,2,178,
56,26400,h,1.286306619644165,2,178,
56,26400,i,1.4486535787582397,2,178,
56,26700,a,1.4599136114120483,2,180,
56,26700,b,1.4152586460113525,2,180,
56,26700,c,1.2545650601387024,2,180,
56,26700,d,1.2815227508544922,2,180,
56,26700,e,1.3061229586601257,2,180,
56,26700,f,1.3207514882087708,2,180,
56,26700,g,1.4180346727371216,2,180,
56,26700,h,1.5165616273880005,2,180,
56,26700,i,1.3689547181129456,2,180,
56,27000,a,1.2627739310264587,2,182,
56,27000,b,1.4632279872894287,2,182,
56,27000,c,1.2816804647445679,2,182,
56,27000,d,1.3463212251663208,2,182,
56,27000,e,1.2932355999946594,2,182,
56,27000,f,1.2976288795471191,2,182,
56,27000,g,1.35019850730896,2,182,
56,27000,h,1.3801528215408325,2,182,
56,27000,i,1.3507153987884521,2,182,
56,27300,a,1.2485234141349792,2,184,
56,27300,b,1.3833202719688416,2,184,
56,27300,c,1.5046798586845398,2,184,
56,27300,d,1.2834794521331787,2,184,
56,27300,e,1.222628653049469,2,184,
56,27300,f,1.4926317930221558,2,184,
56,27300,g,1.3550891876220703,2,184,
56,27300,h,1.2390592694282532,2,184,
56,27300,i,1.3022683262825012,2,184,
56,27600,a,1.3723915219306946,2,186,
56,27600,b,1.5227720737457275,2,186,
56,27600,c,1.2907114624977112,2,186,
56,27600,d,1.2462393045425415,2,186,
56,27600,e,1.2640005350112915,2,186,
56,27600,f,1.4367325901985168,2,186,
56,27600,g,1.4611801505088806,2,186,
56,27600,h,1.3305417895317078,2,186,
56,27600,i,1.3032044768333435,2,186,
56,27900,a,1.2345930337905884,2,188,
56,27900,b,1.507020652294159,2,188,
56,27900,c,1.456667184829712,2,188,
56,27900,d,1.3154878616333008,2,188,
56,27900,e,1.281899869441986,2,188,
56,27900,f,1.4609350562095642,2,188,
56,27900,g,1.2601088881492615,2,188,
56,27900,h,1.3285144567489624,2,188,
56,27900,i,1.2721339464187622,2,188,
56,28200,a,1.3103978633880615,2,190,
56,28200,b,1.3168882727622986,2,190,
56,28200,c,1.4139750599861145,2,190,
56,28200,d,1.333823800086975,2,190,
56,28200,e,1.3385284543037415,2,190,
56,28200,f,1.2450274229049683,2,190,
56,28200,g,1.3951470851898193,2,190,
56,28200,h,1.2739912271499634,2,190,
56,28200,i,1.3065891861915588,2,190,
56,28500,a,1.1717063188552856,2,192,
56,28500,b,1.2674459218978882,2,192,
56,28500,c,1.260360062122345,2,192,
56,28500,d,1.203817069530487,2,192,
56,28500,e,1.322632074356079,2,192,
56,28500,f,1.3735942840576172,2,192,
56,28500,g,1.4356282353401184,2,192,
56,28500,h,1.2298094630241394,2,192,
56,28500,i,1.3009095191955566,2,192,
56,28800,a,1.206248939037323,2,194,
56,28800,b,1.5114702582359314,2,194,
56,28800,c,1.2661882638931274,2,194,
56,28800,d,1.276453673839569,2,194,
56,28800,e,1.301296055316925,2,194,
56,28800,f,1.3342069387435913,2,194,
56,28800,g,1.3496298789978027,2,194,
56,28800,h,1.1824398040771484,2,194,
56,28800,i,1.3282028436660767,2,194,
56,29100,a,1.250403881072998,2,196,
56,29100,b,1.3530521988868713,2,196,
56,29100,c,1.2156751155853271,2,196,
56,29100,d,1.265608549118042,2,196,
56,29100,e,1.294213056564331,2,196,
56,29100,f,1.27645605802536,2,196,
56,29100,g,1.3919652700424194,2,196,
56,29100,h,1.3768687844276428,2,196,
56,29100,i,1.292116641998291,2,196,
56,29400,a,1.2068723440170288,2,198,
56,29400,b,1.36746084690094,2,198,
56,29400,c,1.354627549648285,2,198,
56,29400,d,1.2963924407958984,2,198,
56,29400,e,1.369686484336853,2,198,
56,29400,f,1.3204026818275452,2,198,
56,29400,g,1.3535165786743164,2,198,
56,29400,h,1.3058555126190186,2,198,
56,29400,i,1.182213008403778,2,198,
56,29700,a,1.2272156476974487,2,200,
56,29700,b,1.3286784887313843,2,200,
56,29700,c,1.263375997543335,2,200,
56,29700,d,1.3146942853927612,2,200,
56,29700,e,1.1579141020774841,2,200,
56,29700,f,1.2342973947525024,2,200,
56,29700,g,1.2319673299789429,2,200,
56,29700,h,1.3263244032859802,2,200,
56,29700,i,1.3736757040023804,2,200,
56,30000,a,1.2591103315353394,2,202,
56,30000,b,1.3650355339050293,2,202,
56,30000,c,1.417422890663147,2,202,
56,30000,d,1.2222411632537842,2,202,
56,30000,e,1.302304208278656,2,202,
56,30000,f,1.2979484796524048,2,202,
56,30000,g,1.267623782157898,2,202,
56,30000,h,1.2370820045471191,2,202,
56,30000,i,1.3356926441192627,2,202,
56,30300,a,1.246222972869873,2,204,
56,30300,b,1.345235526561737,2,204,
56,30300,c,1.3216842412948608,2,204,
56,30300,d,1.1082745790481567,2,204,
56,30300,e,1.3182756900787354,2,204,
56,30300,f,1.2753158807754517,2,204,
56,30300,g,1.2147183418273926,2,204,
56,30300,h,1.297474443912506,2,204,
56,30300,i,1.329061210155487,2,204,
56,30600,a,1.2227154970169067,2,206,
56,30600,b,1.4574711322784424,2,206,
56,30600,c,1.4217725992202759,2,206,
56,30600,d,1.2554014325141907,2,206,
56,30600,e,1.315609335899353,2,206,
56,30600,f,1.3784721493721008,2,206,
56,30600,g,1.1213181018829346,2,206,
56,30600,h,1.2227001786231995,2,206,
56,30600,i,1.4776013493537903,2,206,
56,30900,a,1.3916394114494324,2,208,
56,30900,b,1.479382872581482,2,208,
56,30900,c,1.40205979347229,2,208,
56,30900,d,1.3701928853988647,2,208,
56,30900,e,1.1989264488220215,2,208,
56,30900,f,1.3052771091461182,2,208,
56,30900,g,1.2543081641197205,2,208,
56,30900,h,1.1918598413467407,2,208,
56,30900,i,1.2693496346473694,2,208,
56,31200,a,1.5910989046096802,2,210,
56,31200,b,1.3321336507797241,2,210,
56,31200,c,1.3724023699760437,2,210,
56,31200,d,1.2765082716941833,2,210,
56,31200,e,1.1884939670562744,2,210,
56,31200,f,1.2650499939918518,2,210,
56,31200,g,1.3543303608894348,2,210,
56,31200,h,1.3435202836990356,2,210,
56,31200,i,1.249792456626892,2,210,
56,31500,a,1.3234870433807373,2,212,
56,31500,b,1.5426870584487915,2,212,
56,31500,c,1.3429684042930603,2,212,
56,31500,d,1.3016937375068665,2,212,
56,31500,e,1.2816229462623596,2,212,
56,31500,f,1.2576836943626404,2,212,
56,31500,g,1.135185182094574,2,212,
56,31500,h,1.2968186736106873,2,212,
56,31500,i,1.2213982343673706,2,212,
56,31800,a,1.2449654936790466,2,214,
56,31800,b,1.2595994472503662,2,214,
56,31800,c,1.4523895382881165,2,214,
56,31800,d,1.2857014536857605,2,214,
56,31800,e,1.3771573901176453,2,214,
56,31800,f,1.3353115320205688,2,214,
56,31800,g,1.2453981637954712,2,214,
56,31800,h,1.3924258947372437,2,214,
56,31800,i,1.2412700057029724,2,214,
56,32100,a,1.270365297794342,2,216,
56,32100,b,1.394180417060852,2,216,
56,32100,c,1.3277007341384888,2,216,
56,32100,d,1.1336305737495422,2,216,
56,32100,e,1.4230214357376099,2,216,
56,32100,f,1.4189057350158691,2,216,
56,32100,g,1.2144871950149536,2,216,
56,32100,h,1.3173039555549622,2,216,
56,32100,i,1.1724775433540344,2,216,
56,32400,a,1.1817154288291931,2,218,
56,32400,b,1.434546709060669,2,218,
56,32400,c,1.3177040219306946,2,218,
56,32400,d,1.205698549747467,2,218,
56,32400,e,1.3103200197219849,2,218,
56,32400,f,1.34966242313385,2,218,
56,32400,g,1.3829280138015747,2,218,
56,32400,h,1.3164425492286682,2,218,
56,32400,i,1.273507297039032,2,218,
56,32700,a,1.2238880395889282,2,220,
56,32700,b,1.3740342855453491,2,220,
56,32700,c,1.3615865111351013,2,220,
56,32700,d,1.2479215264320374,2,220,
56,32700,e,1.2524722218513489,2,220,
56,32700,f,1.2946912050247192,2,220,
56,32700,g,1.3360412120819092,2,220,
56,32700,h,1.3086774349212646,2,220,
56,32700,i,1.2887253761291504,2,220,
56,33000,a,1.4195151329040527,2,222,
56,33000,b,1.3845204710960388,2,222,
56,33000,c,1.5135446786880493,2,222,
56,33000,d,1.1007038950920105,2,222,
56,33000,e,1.2739585638046265,2,222,
56,33000,f,1.4737495183944702,2,222,
56,33000,g,1.2590572834014893,2,222,
56,33000,h,1.4658121466636658,2,222,
56,33000,i,1.2287331819534302,2,222,
56,33300,a,1.254522442817688,2,224,
56,33300,b,1.2282769680023193,2,224,
56,33300,c,1.2976992726325989,2,224,
56,33300,d,1.3200957775115967,2,224,
56,33300,e,1.2367971539497375,2,224,
56,33300,f,1.353198528289795,2,224,
56,33300,g,1.2486637830734253,2,224,
56,33300,h,1.2393727898597717,2,224,
56,33300,i,1.2604219913482666,2,224,
56,33600,a,1.2327520251274109,2,226,
56,33600,b,1.40642249584198,2,226,
56,33600,c,1.343162178993225,2,226,
56,33600,d,1.2821770310401917,2,226,
56,33600,e,1.233788251876831,2,226,
56,33600,f,1.4154520630836487,2,226,
56,33600,g,1.2104103565216064,2,226,
56,33600,h,1.3498391509056091,2,226,
56,33600,i,1.1920642256736755,2,226,
56,33900,a,1.4174994230270386,2,228,
56,33900,b,1.3911263942718506,2,228,
56,33900,c,1.2378721833229065,2,228,
56,33900,d,1.4658932089805603,2,228,
56,33900,e,1.3183677792549133,2,228,
56,33900,f,1.4022057056427002,2,228,
56,33900,g,1.262444794178009,2,228,
56,33900,h,1.2829097509384155,2,228,
56,33900,i,1.3467155694961548,2,228,
56,34200,a,1.2026521563529968,2,230,
56,34200,b,1.2122361660003662,2,230,
56,34200,c,1.461822509765625,2,230,
56,34200,d,1.3564528226852417,2,230,
56,34200,e,1.2573206424713135,2,230,
56,34200,f,1.4387301206588745,2,230,
56,34200,g,1.2039424180984497,2,230,
56,34200,h,1.2036476135253906,2,230,
56,34200,i,1.1346250176429749,2,230,
56,34500,a,1.1796602010726929,2,232,
56,34500,b,1.3399516940116882,2,232,
56,34500,c,1.3148053884506226,2,232,
56,34500,d,1.1677456498146057,2,232,
56,34500,e,1.2209472060203552,2,232,
56,34500,f,1.246980905532837,2,232,
56,34500,g,1.4665663838386536,2,232,
56,34500,h,1.1730960607528687,2,232,
56,34500,i,1.3576186895370483,2,232,
56,34800,a,1.382986307144165,2,234,
56,34800,b,1.362018346786499,2,234,
56,34800,c,1.384312391281128,2,234,
56,34800,d,1.1818910837173462,2,234,
56,34800,e,1.191305160522461,2,234,
56,34800,f,1.4484359622001648,2,234,
56,34800,g,1.2420068979263306,2,234,
56,34800,h,1.3625705242156982,2,234,
56,34800,i,1.3015425205230713,2,234,
56,35100,a,1.2866145372390747,2,236,
56,35100,b,1.3041952848434448,2,236,
56,35100,c,1.2119974493980408,2,236,
56,35100,d,1.2119722366333008,2,236,
56,35100,e,1.199637770652771,2,236,
56,35100,f,1.2775543332099915,2,236,
56,35100,g,1.3285558223724365,2,236,
56,35100,h,1.3099082708358765,2,236,
56,35100,i,1.3365779519081116,2,236,
56,35400,a,1.3027576208114624,2,238,
56,35400,b,1.200706422328949,2,238,
56,35400,c,1.3380177021026611,2,238,
56,35400,d,1.2118343710899353,2,238,
56,35400,e,1.2112539410591125,2,238,
56,35400,f,1.3534814715385437,2,238,
56,35400,g,1.139512062072754,2,238,
56,35400,h,1.4665876626968384,2,238,
56,35400,i,1.1879268884658813,2,238,
56,35700,a,1.2159542441368103,2,240,
56,35700,b,1.4326637387275696,2,240,
56,35700,c,1.2672563791275024,2,240,
56,35700,d,1.2621389627456665,2,240,
56,35700,e,1.2911290526390076,2,240,
56,35700,f,1.2961503267288208,2,240,
56,35700,g,1.3651707172393799,2,240,
56,35700,h,1.205215573310852,2,240,
56,35700,i,1.2370612025260925,2,240,
56,36000,a,1.212867796421051,2,242,
56,36000,b,1.2394248247146606,2,242,
56,36000,c,1.2763422131538391,2,242,
56,36000,d,1.29709792137146,2,242,
56,36000,e,1.280777931213379,2,242,
56,36000,f,1.3826247453689575,2,242,
56,36000,g,1.2838755249977112,2,242,
56,36000,h,1.2256940603256226,2,242,
56,36000,i,1.292270541191101,2,242,
56,36300,a,1.3336299061775208,2,244,
56,36300,b,1.326858103275299,2,244,
56,36300,c,1.3811489939689636,2,244,
56,36300,d,1.1623456478118896,2,244,
56,36300,e,1.3073094487190247,2,244,
56,36300,f,1.351967453956604,2,244,
56,36300,g,1.2672303318977356,2,244,
56,36300,h,1.182303547859192,2,244,
56,36300,i,1.486832857131958,2,244,
56,36600,a,1.1702947616577148,2,246,
56,36600,b,1.4320291876792908,2,246,
56,36600,c,1.4990482926368713,2,246,
56,36600,d,1.2977443933486938,2,246,
56,36600,e,1.2688925862312317,2,246,
56,36600,f,1.299380600452423,2,246,
56,36600,g,1.3300039768218994,2,246,
56,36600,h,1.3326811790466309,2,246,
56,36600,i,1.2499308586120605,2,246,
56,36900,a,1.163510799407959,2,248,
56,36900,b,1.3478763699531555,2,248,
56,36900,c,1.3646689653396606,2,248,
56,36900,d,1.1600770354270935,2,248,
56,36900,e,1.3174138069152832,2,248,
56,36900,f,1.2517521977424622,2,248,
56,36900,g,1.2890535593032837,2,248,
56,36900,h,1.3064451217651367,2,248,
56,36900,i,1.31708824634552,2,248,
56,37200,a,1.2902519702911377,2,250,
56,37200,b,1.1908817887306213,2,250,
56,37200,c,1.3591234683990479,2,250,
56,37200,d,1.2237833738327026,2,250,
56,37200,e,1.307792603969574,2,250,
56,37200,f,1.2531424760818481,2,250,
56,37200,g,1.2605243921279907,2,250,
56,37200,h,1.3123475909233093,2,250,
56,37200,i,1.2345547676086426,2,250,
56,37500,a,1.1162210702896118,2,252,
56,37500,b,1.2881213426589966,2,252,
56,37500,c,1.2577294707298279,2,252,
56,37500,d,1.1280101537704468,2,252,
56,37500,e,1.1997509002685547,2,252,
56,37500,f,1.3404845595359802,2,252,
56,37500,g,1.280689775943756,2,252,
56,37500,h,1.324604094028473,2,252,
56,37500,i,1.3798871636390686,2,252,
56,37800,a,1.3489571809768677,2,254,
56,37800,b,1.311881422996521,2,254,
56,37800,c,1.369393527507782,2,254,
56,37800,d,1.282573163509369,2,254,
56,37800,e,1.3158048391342163,2,254,
56,37800,f,1.3928278684616089,2,254,
56,37800,g,1.161459505558014,2,254,
56,37800,h,1.2316660284996033,2,254,
56,37800,i,1.2409237623214722,2,254,
56,38100,a,1.168616771697998,2,256,
56,38100,b,1.2404016852378845,2,256,
56,38100,c,1.2867628335952759,2,256,
56,38100,d,1.2255668640136719,2,256,
56,38100,e,1.2970973253250122,2,256,
56,38100,f,1.399933099746704,2,256,
56,38100,g,1.3195137977600098,2,256,
56,38100,h,1.2171237468719482,2,256,
56,38100,i,1.2652946710586548,2,256,
56,38400,a,1.2741369605064392,2,258,
56,38400,b,1.2604752779006958,2,258,
56,38400,c,1.209076166152954,2,258,
56,38400,d,1.2327687740325928,2,258,
56,38400,e,1.2345634698867798,2,258,
56,38400,f,1.324623942375183,2,258,
56,38400,g,1.2338424921035767,2,258,
56,38400,h,1.3342763781547546,2,258,
56,38400,i,1.0773087739944458,2,258,
56,38700,a,1.2687075734138489,2,260,
56,38700,b,1.4681010246276855,2,260,
56,38700,c,1.1870904564857483,2,260,
56,38700,d,1.2324138879776,2,260,
56,38700,e,1.1447117924690247,2,260,
56,38700,f,1.3806849718093872,2,260,
56,38700,g,1.234778881072998,2,260,
56,38700,h,1.2169654369354248,2,260,
56,38700,i,1.1992809176445007,2,260,
56,39000,a,1.2398382425308228,2,262,
56,39000,b,1.3715956807136536,2,262,
56,39000,c,1.3939778208732605,2,262,
56,39000,d,1.2215909957885742,2,262,
56,39000,e,1.2162899374961853,2,262,
56,39000,f,1.4731968641281128,2,262,
56,39000,g,1.2496837377548218,2,262,
56,39000,h,1.222020447254181,2,262,
56,39000,i,1.3380197286605835,2,262,
56,39300,a,1.1722608804702759,2,264,
56,39300,b,1.2999178767204285,2,264,
56,39300,c,1.313637137413025,2,264,
56,39300,d,1.2775537967681885,2,264,
56,39300,e,1.3448443412780762,2,264,
56,39300,f,1.2719781994819641,2,264,
56,39300,g,1.3913841247558594,2,264,
56,39300,h,1.2954367995262146,2,264,
56,39300,i,1.1874443888664246,2,264,
56,39600,a,1.2300944924354553,2,266,
56,39600,b,1.171606719493866,2,266,
56,39600,c,1.3492168188095093,2,266,
56,39600,d,1.1668639183044434,2,266,
56,39600,e,1.2701147198677063,2,266,
56,39600,f,1.2427663207054138,2,266,
56,39600,g,1.2491267919540405,2,266,
56,39600,h,1.2616604566574097,2,266,
56,39600,i,1.3326724171638489,2,266,
56,39900,a,1.5178416967391968,2,268,
56,39900,b,1.2712852358818054,2,268,
56,39900,c,1.3956491351127625,2,268,
56,39900,d,1.1632888913154602,2,268,
56,39900,e,1.3094475269317627,2,268,
56,39900,f,1.3151235580444336,2,268,
56,39900,g,1.233618140220642,2,268,
56,39900,h,1.2938697338104248,2,268,
56,39900,i,1.2161734104156494,2,268,
56,40200,a,1.232442319393158,2,270,
56,40200,b,1.2902644872665405,2,270,
56,40200,c,1.3680718541145325,2,270,
56,40200,d,1.3505353927612305,2,270,
56,40200,e,1.2360948324203491,2,270,
56,40200,f,1.3225666880607605,2,270,
56,40200,g,1.3261709809303284,2,270,
56,40200,h,1.138526737689972,2,270,
56,40200,i,1.163388967514038,2,270,
56,40500,a,1.2361359000205994,2,272,
56,40500,b,1.2895143628120422,2,272,
56,40500,c,1.236628532409668,2,272,
56,40500,d,1.2499783039093018,2,272,
56,40500,e,1.0904679894447327,2,272,
56,40500,f,1.40809166431427,2,272,
56,40500,g,1.3381553888320923,2,272,
56,40500,h,1.2565189003944397,2,272,
56,40500,i,1.2361900806427002,2,272,
56,40800,a,1.2439475059509277,2,274,
56,40800,b,1.329083800315857,2,274,
56,40800,c,1.2524290084838867,2,274,
56,40800,d,1.3931369185447693,2,274,
56,40800,e,1.1725634932518005,2,274,
56,40800,f,1.2697354555130005,2,274,
56,40800,g,1.258148431777954,2,274,
56,40800,h,1.1533419489860535,2,274,
56,40800,i,1.3416712284088135,2,274,
56,41100,a,1.1111016869544983,2,276,
56,41100,b,1.2641444206237793,2,276,
56,41100,c,1.2663308382034302,2,276,
56,41100,d,1.178795039653778,2,276,
56,41100,e,1.2757729291915894,2,276,
56,41100,f,1.2022598385810852,2,276,
56,41100,g,1.239181399345398,2,276,
56,41100,h,1.2079960107803345,2,276,
56,41100,i,1.0973889231681824,2,276,
56,41400,a,1.1129335165023804,2,278,
56,41400,b,1.2088278532028198,2,278,
56,41400,c,1.2678024768829346,2,278,
56,41400,d,1.1277896761894226,2,278,
56,41400,e,1.2019191980361938,2,278,
56,41400,f,1.3813077211380005,2,278,
56,41400,g,1.2937793731689453,2,278,
56,41400,h,1.2359287738800049,2,278,
56,41400,i,1.2613511681556702,2,278,
56,41700,a,1.213683009147644,2,280,
56,41700,b,1.1322799921035767,2,280,
56,41700,c,1.2027093172073364,2,280,
56,41700,d,1.1427192687988281,2,280,
56,41700,e,1.1846954822540283,2,280,
56,41700,f,1.1596024632453918,2,280,
56,41700,g,1.191827118396759,2,280,
56,41700,h,1.2198011875152588,2,280,
56,41700,i,1.179499089717865,2,280,
56,42000,a,1.209879457950592,2,282,
56,42000,b,1.202861487865448,2,282,
56,42000,c,1.3120659589767456,2,282,
56,42000,d,1.1966005563735962,2,282,
56,42000,e,1.2970123291015625,2,282,
56,42000,f,1.2401565909385681,2,282,
56,42000,g,1.2111165523529053,2,282,
56,42000,h,1.3169649839401245,2,282,
56,42000,i,1.3068665266036987,2,282,
56,42300,a,1.204815685749054,2,284,
56,42300,b,1.2008687257766724,2,284,
56,42300,c,1.2487503290176392,2,284,
56,42300,d,1.1940724849700928,2,284,
56,42300,e,1.1872411966323853,2,284,
56,42300,f,1.2997208833694458,2,284,
56,42300,g,1.2267297506332397,2,284,
56,42300,h,1.2358077764511108,2,284,
56,42300,i,1.1781095266342163,2,284,
56,42600,a,1.2746105790138245,2,286,
56,42600,b,1.2660394310951233,2,286,
56,42600,c,1.248798131942749,2,286,
56,42600,d,1.2549439668655396,2,286,
56,42600,e,1.3322161436080933,2,286,
56,42600,f,1.2727293968200684,2,286,
56,42600,g,1.2180994153022766,2,286,
56,42600,h,1.3027445077896118,2,286,
56,42600,i,1.0875656008720398,2,286,
56,42900,a,1.2319073677062988,2,288,
56,42900,b,1.2730729579925537,2,288,
56,42900,c,1.3963271975517273,2,288,
56,42900,d,1.19161856174469,2,288,
56,42900,e,1.3386576175689697,2,288,
56,42900,f,1.3617976903915405,2,288,
56,42900,g,1.1609642505645752,2,288,
56,42900,h,1.179102897644043,2,288,
56,42900,i,1.1333083510398865,2,288,
56,43200,a,1.2282797694206238,2,290,
56,43200,b,1.1908432245254517,2,290,
56,43200,c,1.1855227947235107,2,290,
56,43200,d,1.1657611727714539,2,290,
56,43200,e,1.2668200731277466,2,290,
56,43200,f,1.2208382487297058,2,290,
56,43200,g,1.295898199081421,2,290,
56,43200,h,1.2685853838920593,2,290,
56,43200,i,1.1741054058074951,2,290,
56,43500,a,1.1491080522537231,2,292,
56,43500,b,1.479739010334015,2,292,
56,43500,c,1.3317293524742126,2,292,
56,43500,d,1.1359151601791382,2,292,
56,43500,e,1.1776756644248962,2,292,
56,43500,f,1.2979713082313538,2,292,
56,43500,g,1.2072314620018005,2,292,
56,43500,h,1.3561033606529236,2,292,
56,43500,i,1.2488107681274414,2,292,
56,43800,a,1.1790900230407715,2,294,
56,43800,b,1.1951466798782349,2,294,
56,43800,c,1.207671880722046,2,294,
56,43800,d,1.1146584749221802,2,294,
56,43800,e,1.1883859634399414,2,294,
56,43800,f,1.2476549744606018,2,294,
56,43800,g,1.21031254529953,2,294,
56,43800,h,1.233074426651001,2,294,
56,43800,i,1.3051020503044128,2,294,
56,44100,a,1.1866554021835327,2,296,
56,44100,b,1.1925231218338013,2,296,
56,44100,c,1.2975207567214966,2,296,
56,44100,d,1.021661400794983,2,296,
56,44100,e,1.2077019214630127,2,296,
56,44100,f,1.2491326332092285,2,296,
56,44100,g,1.289972960948944,2,296,
56,44100,h,1.1629359126091003,2,296,
56,44100,i,1.1904910206794739,2,296,
56,44400,a,1.3013203740119934,2,298,
56,44400,b,1.2291491627693176,2,298,
56,44400,c,1.3015912771224976,2,298,
56,44400,d,1.1498273611068726,2,298,
56,44400,e,1.2053124904632568,2,298,
56,44400,f,1.2548536658287048,2,298,
56,44400,g,1.2792905569076538,2,298,
56,44400,h,1.248299479484558,2,298,
56,44400,i,1.2164202332496643,2,298,
56,44700,a,1.0831351280212402,2,300,
56,44700,b,1.2789294719696045,2,300,
56,44700,c,1.1679507493972778,2,300,
56,44700,d,1.0566975474357605,2,300,
56,44700,e,1.215469241142273,2,300,
56,44700,f,1.389812409877777,2,300,
56,44700,g,1.3299362659454346,2,300,
56,44700,h,1.2429826259613037,2,300,
56,44700,i,1.1445127725601196,2,300,
56,45000,a,1.2408491969108582,2,302,
56,45000,b,1.463232159614563,2,302,
56,45000,c,1.1391229629516602,2,302,
56,45000,d,1.1795734763145447,2,302,
56,45000,e,1.1714555025100708,2,302,
56,45000,f,1.3058336973190308,2,302,
56,45000,g,1.2394249439239502,2,302,
56,45000,h,1.1853058338165283,2,302,
56,45000,i,1.2958144545555115,2,302,
56,45300,a,1.1546603441238403,2,304,
56,45300,b,1.2154645919799805,2,304,
56,45300,c,1.1831445693969727,2,304,
56,45300,d,1.0729598999023438,2,304,
56,45300,e,1.1475127935409546,2,304,
56,45300,f,1.2113701105117798,2,304,
56,45300,g,1.2705597281455994,2,304,
56,45300,h,1.163670539855957,2,304,
56,45300,i,1.3261443376541138,2,304,
56,45600,a,1.1528988480567932,2,306,
56,45600,b,1.2967597246170044,2,306,
56,45600,c,1.433120608329773,2,306,
56,45600,d,1.121737003326416,2,306,
56,45600,e,1.160203993320465,2,306,
56,45600,f,1.281132698059082,2,306,
56,45600,g,1.384708821773529,2,306,
56,45600,h,1.2162192463874817,2,306,
56,45600,i,1.1678801774978638,2,306,
56,45900,a,1.1156057715415955,2,308,
56,45900,b,1.2419017553329468,2,308,
56,45900,c,1.211556315422058,2,308,
56,45900,d,1.2076656222343445,2,308,
56,45900,e,1.4432648420333862,2,308,
56,45900,f,1.1244539022445679,2,308,
56,45900,g,1.3051143288612366,2,308,
56,45900,h,1.3441327214241028,2,308,
56,45900,i,1.2376648783683777,2,308,
56,46200,a,1.1469812393188477,2,310,
56,46200,b,1.3434935212135315,2,310,
56,46200,c,1.3376206755638123,2,310,
56,46200,d,1.320774257183075,2,310,
56,46200,e,1.202554702758789,2,310,
56,46200,f,1.2473777532577515,2,310,
56,46200,g,1.1324537992477417,2,310,
56,46200,h,1.3033666014671326,2,310,
56,46200,i,1.2049874067306519,2,310,
56,46500,a,1.2038509249687195,2,312,
56,46500,b,1.2477365732192993,2,312,
56,46500,c,1.3537865281105042,2,312,
56,46500,d,1.1684772372245789,2,312,
56,46500,e,1.362973153591156,2,312,
56,46500,f,1.3890321254730225,2,312,
56,46500,g,1.164571464061737,2,312,
56,46500,h,1.1958833932876587,2,312,
56,46500,i,1.2370075583457947,2,312,
56,46800,a,1.1280537247657776,2,314,
56,46800,b,1.3556442260742188,2,314,
56,46800,c,1.2931586503982544,2,314,
56,46800,d,1.1814671754837036,2,314,
56,46800,e,1.2845377922058105,2,314,
56,46800,f,1.2608872652053833,2,314,
56,46800,g,1.4560880661010742,2,314,
56,46800,h,1.0641178488731384,2,314,
56,46800,i,1.1456235647201538,2,314,
56,47100,a,1.2724310755729675,2,316,
56,47100,b,1.3784316778182983,2,316,
56,47100,c,1.3252891302108765,2,316,
56,47100,d,1.1450228691101074,2,316,
56,47100,e,1.2002575993537903,2,316,
56,47100,f,1.1603499054908752,2,316,
56,47100,g,1.1630545258522034,2,316,
56,47100,h,1.2283082604408264,2,316,
56,47100,i,1.2421723008155823,2,316,
56,47400,a,1.1485434770584106,2,318,
56,47400,b,1.2856107354164124,2,318,
56,47400,c,1.3219749927520752,2,318,
56,47400,d,1.2483787536621094,2,318,
56,47400,e,1.1658598184585571,2,318,
56,47400,f,1.0876359343528748,2,318,
56,47400,g,1.101134181022644,2,318,
56,47400,h,1.2178679704666138,2,318,
56,47400,i,1.199129045009613,2,318,
56,47700,a,1.240243136882782,2,320,
56,47700,b,1.3145672678947449,2,320,
56,47700,c,1.1367552280426025,2,320,
56,47700,d,1.0897012948989868,2,320,
56,47700,e,1.3519479632377625,2,320,
56,47700,f,1.146787166595459,2,320,
56,47700,g,1.215568482875824,2,320,
56,47700,h,1.21320641040802,2,320,
56,47700,i,1.2504193186759949,2,320,
56,48000,a,1.1019452810287476,2,322,
56,48000,b,1.2034830451011658,2,322,
56,48000,c,1.1738674640655518,2,322,
56,48000,d,1.1972233057022095,2,322,
56,48000,e,1.3415451049804688,2,322,
56,48000,f,1.3486013412475586,2,322,
56,48000,g,1.1182922720909119,2,322,
56,48000,h,1.1450743079185486,2,322,
56,48000,i,1.2089815139770508,2,322,
56,48300,a,1.1504777073860168,2,324,
56,48300,b,1.350353181362152,2,324,
56,48300,c,1.254112720489502,2,324,
56,48300,d,1.1166194677352905,2,324,
56,48300,e,1.2645307779312134,2,324,
56,48300,f,1.3134260177612305,2,324,
56,48300,g,1.2151041626930237,2,324,
56,48300,h,1.163800299167633,2,324,
56,48300,i,1.1380400657653809,2,324,
56,48600,a,1.2706679701805115,2,326,
56,48600,b,1.2199649810791016,2,326,
56,48600,c,1.195173978805542,2,326,
56,48600,d,1.1605046391487122,2,326,
56,48600,e,1.2594484686851501,2,326,
56,48600,f,1.2590507864952087,2,326,
56,48600,g,1.2190228700637817,2,326,
56,48600,h,1.216999888420105,2,326,
56,48600,i,1.261510193347931,2,326,
56,48900,a,1.1319328546524048,2,328,
56,48900,b,1.2427297830581665,2,328,
56,48900,c,1.2656211853027344,2,328,
56,48900,d,1.1256567239761353,2,328,
56,48900,e,1.2791988253593445,2,328,
56,48900,f,1.2148470878601074,2,328,
56,48900,g,1.2622584104537964,2,328,
56,48900,h,1.2059756517410278,2,328,
56,48900,i,1.0607790052890778,2,328,
56,49200,a,1.155873417854309,2,330,
56,49200,b,1.3217312693595886,2,330,
56,49200,c,1.2224891185760498,2,330,
56,49200,d,1.0770078897476196,2,330,
56,49200,e,1.1802425980567932,2,330,
56,49200,f,1.293567180633545,2,330,
56,49200,g,1.1194120645523071,2,330,
56,49200,h,1.149066984653473,2,330,
56,49200,i,1.1230284571647644,2,330,
56,49500,a,1.2260836958885193,2,332,
56,49500,b,1.242681622505188,2,332,
56,49500,c,1.2118737697601318,2,332,
56,49500,d,1.2793712615966797,2,332,
56,49500,e,1.0512648820877075,2,332,
56,49500,f,1.1642603278160095,2,332,
56,49500,g,1.0809060335159302,2,332,
56,49500,h,1.095199465751648,2,332,
56,49500,i,1.147985816001892,2,332,
56,49800,a,1.410340428352356,2,334,
56,49800,b,1.1259803175926208,2,334,
56,49800,c,1.200629472732544,2,334,
56,49800,d,1.1174575090408325,2,334,
56,49800,e,1.2796704769134521,2,334,
56,49800,f,1.304688811302185,2,334,
56,49800,g,1.2545002102851868,2,334,
56,49800,h,1.267159342765808,2,334,
56,49800,i,1.405676782131195,2,334,
56,50100,a,1.1697680950164795,2,336,
56,50100,b,1.2258180379867554,2,336,
56,50100,c,1.2477874755859375,2,336,
56,50100,d,1.247867465019226,2,336,
56,50100,e,1.1925253868103027,2,336,
56,50100,f,1.1486859917640686,2,336,
56,50100,g,1.2890634536743164,2,336,
56,50100,h,1.1476004123687744,2,336,
56,50100,i,1.2788133025169373,2,336,
56,50400,a,1.1622639298439026,2,338,
56,50400,b,1.2929190397262573,2,338,
56,50400,c,1.24794203042984,2,338,
56,50400,d,1.2011967897415161,2,338,
56,50400,e,1.2030037641525269,2,338,
56,50400,f,1.2267763018608093,2,338,
56,50400,g,1.1355842351913452,2,338,
56,50400,h,1.0748887658119202,2,338,
56,50400,i,1.036367952823639,2,338,
56,50700,a,1.1816710233688354,2,340,
56,50700,b,1.2359402179718018,2,340,
56,50700,c,1.2708715200424194,2,340,
56,50700,d,1.1211652159690857,2,340,
56,50700,e,1.1153837442398071,2,340,
56,50700,f,1.1919424533843994,2,340,
56,50700,g,1.1877543330192566,2,340,
56,50700,h,1.1787592768669128,2,340,
56,50700,i,1.1467082500457764,2,340,
56,51000,a,1.1484567523002625,2,342,
56,51000,b,1.1387453079223633,2,342,
56,51000,c,1.224692165851593,2,342,
56,51000,d,1.0445878505706787,2,342,
56,51000,e,1.3285920023918152,2,342,
56,51000,f,1.1085492372512817,2,342,
56,51000,g,1.2032653093338013,2,342,
56,51000,h,1.232176959514618,2,342,
56,51000,i,1.228926420211792,2,342,
56,51300,a,1.1664843559265137,2,344,
56,51300,b,1.211256980895996,2,344,
56,51300,c,1.1619526743888855,2,344,
56,51300,d,1.049223780632019,2,344,
56,51300,e,1.2992783784866333,2,344,
56,51300,f,1.2964931726455688,2,344,
56,51300,g,1.0553200840950012,2,344,
56,51300,h,1.0839559137821198,2,344,
56,51300,i,1.3473023176193237,2,344,
56,51600,a,1.1826707124710083,2,346,
56,51600,b,1.073569416999817,2,346,
56,51600,c,1.2342118620872498,2,346,
56,51600,d,1.12685227394104,2,346,
56,51600,e,1.2651573419570923,2,346,
56,51600,f,1.2188462018966675,2,346,
56,51600,g,1.1439963579177856,2,346,
56,51600,h,1.1301804780960083,2,346,
56,51600,i,1.2585243582725525,2,346,
56,51900,a,1.04641455411911,2,348,
56,51900,b,1.471153974533081,2,348,
56,51900,c,1.2254422903060913,2,348,
56,51900,d,1.0632925033569336,2,348,
56,51900,e,1.287666916847229,2,348,
56,51900,f,1.210366427898407,2,348,
56,51900,g,1.160584032535553,2,348,
56,51900,h,1.1201726794242859,2,348,
56,51900,i,1.2034145593643188,2,348,
56,52200,a,1.143993854522705,2,350,
56,52200,b,1.1723214983940125,2,350,
56,52200,c,1.2376559972763062,2,350,
56,52200,d,1.1230273246765137,2,350,
56,52200,e,1.1396955251693726,2,350,
56,52200,f,1.2719764113426208,2,350,
56,52200,g,1.0393166542053223,2,350,
56,52200,h,1.05534827709198,2,350,
56,52200,i,1.1468122005462646,2,350,
56,52500,a,1.1803354620933533,2,352,
56,52500,b,1.219902515411377,2,352,
56,52500,c,1.2335280776023865,2,352,
56,52500,d,1.0040323138237,2,352,
56,52500,e,1.16463041305542,2,352,
56,52500,f,1.0839118361473083,2,352,
56,52500,g,1.3544554710388184,2,352,
56,52500,h,1.0596375465393066,2,352,
56,52500,i,1.6054325103759766,2,352,
56,52800,a,1.140512764453888,2,354,
56,52800,b,1.243640959262848,2,354,
56,52800,c,1.3189964890480042,2,354,
56,52800,d,1.0190346240997314,2,354,
56,52800,e,1.0458685755729675,2,354,
56,52800,f,1.053777277469635,2,354,
56,52800,g,1.173788070678711,2,354,
56,52800,h,1.3740500211715698,2,354,
56,52800,i,1.0522874593734741,2,354,
56,53100,a,1.220231294631958,2,356,
56,53100,b,1.292117416858673,2,356,
56,53100,c,1.1394284963607788,2,356,
56,53100,d,1.0284249484539032,2,356,
56,53100,e,1.1130642890930176,2,356,
56,53100,f,1.045687198638916,2,356,
56,53100,g,1.235352337360382,2,356,
56,53100,h,1.1290738582611084,2,356,
56,53100,i,1.1035006642341614,2,356,
56,53400,a,1.2495672702789307,2,358,
56,53400,b,1.2282362580299377,2,358,
56,53400,c,1.4377426505088806,2,358,
56,53400,d,1.191107451915741,2,358,
56,53400,e,1.0759679675102234,2,358,
56,53400,f,1.2280535697937012,2,358,
56,53400,g,1.1589921116828918,2,358,
56,53400,h,1.3191670179367065,2,358,
56,53400,i,1.2084511518478394,2,358,
56,53700,a,1.0781949758529663,2,360,
56,53700,b,1.0709332823753357,2,360,
56,53700,c,1.2190579771995544,2,360,
56,53700,d,1.1806656122207642,2,360,
56,53700,e,1.1134249567985535,2,360,
56,53700,f,1.1533260345458984,2,360,
56,53700,g,1.0793238878250122,2,360,
56,53700,h,1.1408812403678894,2,360,
56,53700,i,1.1840420961380005,2,360,
56,54000,a,1.1349101662635803,2,362,
56,54000,b,1.2879409193992615,2,362,
56,54000,c,1.2789835333824158,2,362,
56,54000,d,1.298827588558197,2,362,
56,54000,e,0.9466831684112549,2,362,
56,54000,f,1.2108341455459595,2,362,
56,54000,g,1.2219871282577515,2,362,
56,54000,h,1.1775445938110352,2,362,
56,54000,i,1.0973618626594543,2,362,
56,54300,a,1.026544213294983,2,364,
56,54300,b,1.1574307084083557,2,364,
56,54300,c,1.110503911972046,2,364,
56,54300,d,1.036251813173294,2,364,
56,54300,e,1.2422266006469727,2,364,
56,54300,f,1.1591695547103882,2,364,
56,54300,g,1.3162208795547485,2,364,
56,54300,h,1.2149428129196167,2,364,
56,54300,i,1.1349675059318542,2,364,
56,54600,a,1.1946539282798767,2,366,
56,54600,b,1.3313450813293457,2,366,
56,54600,c,1.2272047996520996,2,366,
56,54600,d,1.1338248252868652,2,366,
56,54600,e,1.065658450126648,2,366,
56,54600,f,1.1198369264602661,2,366,
56,54600,g,1.2656179070472717,2,366,
56,54600,h,1.0901223421096802,2,366,
56,54600,i,1.1570961475372314,2,366,
56,54900,a,1.0350209474563599,2,368,
56,54900,b,1.206474244594574,2,368,
56,54900,c,1.2497262358665466,2,368,
56,54900,d,1.0518260598182678,2,368,
56,54900,e,1.0802252888679504,2,368,
56,54900,f,1.0409977436065674,2,368,
56,54900,g,1.0441163182258606,2,368,
56,54900,h,1.0353761911392212,2,368,
56,54900,i,1.1708276271820068,2,368,
56,55200,a,1.1134844422340393,2,370,
56,55200,b,1.1547256112098694,2,370,
56,55200,c,1.2160447835922241,2,370,
56,55200,d,1.1413498520851135,2,370,
56,55200,e,1.0911117792129517,2,370,
56,55200,f,1.0765019655227661,2,370,
56,55200,g,1.3028542399406433,2,370,
56,55200,h,1.2099553942680359,2,370,
56,55200,i,1.1823307871818542,2,370,
56,55500,a,1.121027946472168,2,372,
56,55500,b,1.1331192255020142,2,372,
56,55500,c,1.2892664670944214,2,372,
56,55500,d,1.15183687210083,2,372,
56,55500,e,1.3009863495826721,2,372,
56,55500,f,1.442214548587799,2,372,
56,55500,g,1.112368881702423,2,372,
56,55500,h,0.9303423166275024,2,372,
56,55500,i,1.0784173607826233,2,372,
56,55800,a,1.1097915172576904,2,374,
56,55800,b,1.1384451985359192,2,374,
56,55800,c,1.0636659264564514,2,374,
56,55800,d,1.1854554414749146,2,374,
56,55800,e,1.2565199136734009,2,374,
56,55800,f,1.0968369841575623,2,374,
56,55800,g,1.0853180289268494,2,374,
56,55800,h,1.0460960865020752,2,374,
56,55800,i,1.2506082653999329,2,374,
56,56100,a,1.1767452359199524,2,376,
56,56100,b,1.1658950448036194,2,376,
56,56100,c,1.1430245637893677,2,376,
56,56100,d,1.1370247602462769,2,376,
56,56100,e,1.2133691310882568,2,376,
56,56100,f,1.1931710243225098,2,376,
56,56100,g,1.0718747973442078,2,376,
56,56100,h,1.211035430431366,2,376,
56,56100,i,1.0886191129684448,2,376,
56,56400,a,1.0810692012310028,2,378,
56,56400,b,1.1212271451950073,2,378,
56,56400,c,1.106408715248108,2,378,
56,56400,d,1.0687172412872314,2,378,
56,56400,e,1.2639959454536438,2,378,
56,56400,f,1.2325085401535034,2,378,
56,56400,g,1.1784672737121582,2,378,
56,56400,h,1.0967894196510315,2,378,
56,56400,i,1.227889060974121,2,378,
56,56700,a,1.460768699645996,2,380,
56,56700,b,1.28776615858078,2,380,
56,56700,c,1.122875690460205,2,380,
56,56700,d,1.1340529918670654,2,380,
56,56700,e,1.0526039004325867,2,380,
56,56700,f,1.2473226189613342,2,380,
56,56700,g,1.0426243543624878,2,380,
56,56700,h,0.977548211812973,2,380,
56,56700,i,1.0702158212661743,2,380,
56,57000,a,1.0381870865821838,2,382,
56,57000,b,1.1859406232833862,2,382,
56,57000,c,1.1374784708023071,2,382,
56,57000,d,1.158833533525467,2,382,
56,57000,e,1.3961542844772339,2,382,
56,57000,f,1.0838868618011475,2,382,
56,57000,g,1.1783950328826904,2,382,
56,57000,h,1.1243550777435303,2,382,
56,57000,i,1.1057578921318054,2,382,
56,57300,a,1.1408007144927979,2,384,
56,57300,b,1.2375916242599487,2,384,
56,57300,c,1.164803683757782,2,384,
56,57300,d,1.0894623398780823,2,384,
56,57300,e,1.2140666842460632,2,384,
56,57300,f,1.1448431015014648,2,384,
56,57300,g,1.2575539946556091,2,384,
56,57300,h,0.982917845249176,2,384,
56,57300,i,1.0009347200393677,2,384,
56,57600,a,1.0726356506347656,2,386,
56,57600,b,1.100767195224762,2,386,
56,57600,c,1.2477807998657227,2,386,
56,57600,d,1.1100066304206848,2,386,
56,57600,e,0.971758633852005,2,386,
56,57600,f,1.171745240688324,2,386,
56,57600,g,1.1708370447158813,2,386,
56,57600,h,1.1427706480026245,2,386,
56,57600,i,1.129189372062683,2,386,
56,57900,a,1.019925594329834,2,388,
56,57900,b,1.149090051651001,2,388,
56,57900,c,1.1024629473686218,2,388,
56,57900,d,1.0918445587158203,2,388,
56,57900,e,1.1372008323669434,2,388,
56,57900,f,1.2457687258720398,2,388,
56,57900,g,1.0670583248138428,2,388,
56,57900,h,1.0183938145637512,2,388,
56,57900,i,1.1014626920223236,2,388,
56,58200,a,1.2485744953155518,2,390,
56,58200,b,1.0463299751281738,2,390,
56,58200,c,1.4104351997375488,2,390,
56,58200,d,1.1638320684432983,2,390,
56,58200,e,0.9813809394836426,2,390,
56,58200,f,1.0715518593788147,2,390,
56,58200,g,1.2456281781196594,2,390,
56,58200,h,1.1993426084518433,2,390,
56,58200,i,1.0982950329780579,2,390,
56,58500,a,1.0280658602714539,2,392,
56,58500,b,1.181359887123108,2,392,
56,58500,c,1.2590693235397339,2,392,
56,58500,d,1.0408351421356201,2,392,
56,58500,e,1.3169310688972473,2,392,
56,58500,f,1.0435990691184998,2,392,
56,58500,g,1.1348336338996887,2,392,
56,58500,h,1.0038628578186035,2,392,
56,58500,i,1.3020015358924866,2,392,
56,58800,a,1.1029227375984192,2,394,
56,58800,b,1.3931815028190613,2,394,
56,58800,c,1.1423973441123962,2,394,
56,58800,d,1.0050614774227142,2,394,
56,58800,e,1.0162977874279022,2,394,
56,58800,f,1.6023324728012085,2,394,
56,58800,g,1.0827012062072754,2,394,
56,58800,h,1.0934451818466187,2,394,
56,58800,i,1.1478084027767181,2,394,
56,59100,a,1.0771406292915344,2,396,
56,59100,b,1.0600261688232422,2,396,
56,59100,c,1.3548009395599365,2,396,
56,59100,d,1.1337007880210876,2,396,
56,59100,e,1.1272685527801514,2,396,
56,59100,f,1.1795457601547241,2,396,
56,59100,g,1.0199160277843475,2,396,
56,59100,h,1.2128841876983643,2,396,
56,59100,i,1.0767477750778198,2,396,
56,59400,a,1.205219328403473,2,398,
56,59400,b,1.0652953386306763,2,398,
56,59400,c,1.1104888916015625,2,398,
56,59400,d,1.1180712282657623,2,398,
56,59400,e,1.0047602355480194,2,398,
56,59400,f,1.1344317197799683,2,398,
56,59400,g,1.1711591482162476,2,398,
56,59400,h,1.0738840401172638,2,398,
56,59400,i,1.0420448184013367,2,398,
56,59700,a,1.136100709438324,2,400,
56,59700,b,1.1968319416046143,2,400,
56,59700,c,1.200271189212799,2,400,
56,59700,d,1.1446173191070557,2,400,
56,59700,e,0.9901924729347229,2,400,
56,59700,f,1.0335940718650818,2,400,
56,59700,g,1.118969738483429,2,400,
56,59700,h,1.2532688975334167,2,400,
56,59700,i,0.9910412430763245,2,400,
56,60000,a,1.2409847974777222,2,402,
56,60000,b,1.1884926557540894,2,402,
56,60000,c,1.386445701122284,2,402,
56,60000,d,1.000354290008545,2,402,
56,60000,e,1.1689829230308533,2,402,
56,60000,f,1.1429099440574646,2,402,
56,60000,g,1.1430917978286743,2,402,
56,60000,h,1.0330049991607666,2,402,
56,60000,i,1.1143865585327148,2,402,
56,60300,a,1.1759705543518066,2,404,
56,60300,b,1.1594526767730713,2,404,
56,60300,c,1.2372999787330627,2,404,
56,60300,d,1.3171991109848022,2,404,
56,60300,e,1.0908113718032837,2,404,
56,60300,f,1.2660622596740723,2,404,
56,60300,g,1.2069887518882751,2,404,
56,60300,h,0.9640152454376221,2,404,
56,60300,i,1.2176840901374817,2,404,
56,60600,a,1.0431565046310425,2,406,
56,60600,b,1.0971630215644836,2,406,
56,60600,c,1.1931129097938538,2,406,
56,60600,d,1.119535207748413,2,406,
56,60600,e,0.9768839776515961,2,406,
56,60600,f,1.049355149269104,2,406,
56,60600,g,1.4367804527282715,2,406,
56,60600,h,1.077319711446762,2,406,
56,60600,i,1.3089689016342163,2,406,
56,60900,a,1.203597068786621,2,408,
56,60900,b,1.3455063104629517,2,408,
56,60900,c,1.0198654532432556,2,408,
56,60900,d,0.9831675887107849,2,408,
56,60900,e,1.0472002029418945,2,408,
56,60900,f,1.2004824876785278,2,408,
56,60900,g,1.3232324123382568,2,408,
56,60900,h,1.1422324776649475,2,408,
56,60900,i,1.4288389682769775,2,408,
56,61200,a,1.1571711897850037,2,410,
56,61200,b,1.1134047508239746,2,410,
56,61200,c,1.0382579565048218,2,410,
56,61200,d,1.3137397170066833,2,410,
56,61200,e,1.204135537147522,2,410,
56,61200,f,1.0510101914405823,2,410,
56,61200,g,1.0448096096515656,2,410,
56,61200,h,1.0724984407424927,2,410,
56,61200,i,1.1055784821510315,2,410,
56,61500,a,1.1827999949455261,2,412,
56,61500,b,1.0900837779045105,2,412,
56,61500,c,1.1684073209762573,2,412,
56,61500,d,1.1916568279266357,2,412,
56,61500,e,0.9740692377090454,2,412,
56,61500,f,1.1259654760360718,2,412,
56,61500,g,0.9752724170684814,2,412,
56,61500,h,1.245241641998291,2,412,
56,61500,i,1.0545923113822937,2,412,
56,61800,a,1.1307194828987122,2,414,
56,61800,b,1.1346868872642517,2,414,
56,61800,c,1.357456088066101,2,414,
56,61800,d,1.0386399626731873,2,414,
56,61800,e,1.1236894130706787,2,414,
56,61800,f,1.213896632194519,2,414,
56,61800,g,1.0579131245613098,2,414,
56,61800,h,1.0333268642425537,2,414,
56,61800,i,1.2284740209579468,2,414,
56,62100,a,1.2478141784667969,2,416,
56,62100,b,1.1958708763122559,2,416,
56,62100,c,1.0853727459907532,2,416,
56,62100,d,0.9653148651123047,2,416,
56,62100,e,1.100919246673584,2,416,
56,62100,f,1.133534163236618,2,416,
56,62100,g,1.1290609240531921,2,416,
56,62100,h,1.077305793762207,2,416,
56,62100,i,1.1376229524612427,2,416,
56,62400,a,1.0885568857192993,2,418,
56,62400,b,1.0402154326438904,2,418,
56,62400,c,1.214921772480011,2,418,
56,62400,d,1.2095896005630493,2,418,
56,62400,e,0.955064058303833,2,418,
56,62400,f,1.257487416267395,2,418,
56,62400,g,1.049661934375763,2,418,
56,62400,h,1.0861214101314545,2,418,
56,62400,i,1.0519497394561768,2,418,
56,62700,a,1.4491827487945557,2,420,
56,62700,b,1.2201743125915527,2,420,
56,62700,c,0.9667102992534637,2,420,
56,62700,d,1.1645798683166504,2,420,
56,62700,e,0.9467548131942749,2,420,
56,62700,f,1.2619035840034485,2,420,
56,62700,g,1.0521222352981567,2,420,
56,62700,h,1.2486390471458435,2,420,
56,62700,i,1.0805289149284363,2,420,
56,63000,a,1.1221960186958313,2,422,
56,63000,b,1.0458124876022339,2,422,
56,63000,c,1.1409103572368622,2,422,
56,63000,d,1.1004604697227478,2,422,
56,63000,e,1.2096355557441711,2,422,
56,63000,f,1.23175710439682,2,422,
56,63000,g,1.0414373278617859,2,422,
56,63000,h,0.9811777770519257,2,422,
56,63000,i,1.1002272963523865,2,422,
56,63300,a,1.031171202659607,2,424,
56,63300,b,1.0349798798561096,2,424,
56,63300,c,1.1367645263671875,2,424,
56,63300,d,1.0996769070625305,2,424,
56,63300,e,0.9978798925876617,2,424,
56,63300,f,1.1124154925346375,2,424,
56,63300,g,1.0911094546318054,2,424,
56,63300,h,1.0642207264900208,2,424,
56,63300,i,1.1446893811225891,2,424,
56,63600,a,0.9739751219749451,2,426,
56,63600,b,1.3003461360931396,2,426,
56,63600,c,1.1340981721878052,2,426,
56,63600,d,1.055712729692459,2,426,
56,63600,e,1.026448667049408,2,426,
56,63600,f,1.0439091920852661,2,426,
56,63600,g,1.0617186427116394,2,426,
56,63600,h,0.936601996421814,2,426,
56,63600,i,0.9765999019145966,2,426,
56,63900,a,1.1223931312561035,2,428,
56,63900,b,1.1953083872795105,2,428,
56,63900,c,1.1980491280555725,2,428,
56,63900,d,1.0405131578445435,2,428,
56,63900,e,1.2101743817329407,2,428,
56,63900,f,1.1132463812828064,2,428,
56,63900,g,1.1254602670669556,2,428,
56,63900,h,0.9448859691619873,2,428,
56,63900,i,1.0238393545150757,2,428,
56,64200,a,1.101668357849121,2,430,
56,64200,b,1.0918020606040955,2,430,
56,64200,c,1.133106768131256,2,430,
56,64200,d,1.0274089574813843,2,430,
56,64200,e,0.8731281161308289,2,430,
56,64200,f,0.9725713431835175,2,430,
56,64200,g,1.1566730737686157,2,430,
56,64200,h,1.1782162189483643,2,430,
56,64200,i,1.0190380811691284,2,430,
56,64500,a,1.0464893579483032,2,432,
56,64500,b,1.1872511506080627,2,432,
56,64500,c,1.3444188833236694,2,432,
56,64500,d,1.1186475157737732,2,432,
56,64500,e,1.053505778312683,2,432,
56,64500,f,1.052108645439148,2,432,
56,64500,g,1.1159825921058655,2,432,
56,64500,h,0.8691228926181793,2,432,
56,64500,i,0.9796150624752045,2,432,
56,64800,a,1.1731033325195312,2,434,
56,64800,b,1.108977198600769,2,434,
56,64800,c,1.5252182483673096,2,434,
56,64800,d,1.1349306404590607,2,434,
56,64800,e,0.9829058051109314,2,434,
56,64800,f,1.0129491686820984,2,434,
56,64800,g,1.2678747177124023,2,434,
56,64800,h,1.1188172101974487,2,434,
56,64800,i,1.1228161454200745,2,434,
56,65100,a,1.0775630474090576,2,436,
56,65100,b,1.1458826065063477,2,436,
56,65100,c,1.2002128958702087,2,436,
56,65100,d,1.277032196521759,2,436,
56,65100,e,1.0498162508010864,2,436,
56,65100,f,1.237123429775238,2,436,
56,65100,g,1.1034223437309265,2,436,
56,65100,h,0.8738378286361694,2,436,
56,65100,i,1.1944920420646667,2,436,
56,65400,a,1.0358536839485168,2,438,
56,65400,b,1.124845027923584,2,438,
56,65400,c,1.1686058044433594,2,438,
56,65400,d,0.9620391726493835,2,438,
56,65400,e,1.1343331933021545,2,438,
56,65400,f,1.109513521194458,2,438,
56,65400,g,1.2834872007369995,2,438,
56,65400,h,0.9869912564754486,2,438,
56,65400,i,1.035710096359253,2,438,
56,65700,a,1.130840241909027,2,440,
56,65700,b,0.9999048113822937,2,440,
56,65700,c,1.1385849714279175,2,440,
56,65700,d,1.0241155624389648,2,440,
56,65700,e,1.2221794724464417,2,440,
56,65700,f,1.1287842988967896,2,440,
56,65700,g,1.117014765739441,2,440,
56,65700,h,0.9174297451972961,2,440,
56,65700,i,0.949447512626648,2,440,
56,66000,a,1.1307315826416016,2,442,
56,66000,b,1.1701668202877045,2,442,
56,66000,c,1.1293768882751465,2,442,
56,66000,d,1.0222196280956268,2,442,
56,66000,e,1.0535357296466827,2,442,
56,66000,f,1.0217115879058838,2,442,
56,66000,g,1.2548444271087646,2,442,
56,66000,h,1.0203831791877747,2,442,
56,66000,i,1.0471884906291962,2,442,
56,66300,a,1.0195718705654144,2,444,
56,66300,b,1.2359194159507751,2,444,
56,66300,c,1.1784202456474304,2,444,
56,66300,d,1.1343063116073608,2,444,
56,66300,e,0.9730404615402222,2,444,
56,66300,f,1.0927292108535767,2,444,
56,66300,g,1.1197298765182495,2,444,
56,66300,h,1.108890175819397,2,444,
56,66300,i,1.0231133997440338,2,444,
56,66600,a,1.1315267086029053,2,446,
56,66600,b,1.2360140085220337,2,446,
56,66600,c,1.1703765988349915,2,446,
56,66600,d,0.9777624607086182,2,446,
56,66600,e,1.2063510417938232,2,446,
56,66600,f,1.3041915893554688,2,446,
56,66600,g,1.1280123591423035,2,446,
56,66600,h,0.9279219210147858,2,446,
56,66600,i,1.1396070718765259,2,446,
56,66900,a,1.0748363733291626,2,448,
56,66900,b,1.1384204030036926,2,448,
56,66900,c,1.0161397457122803,2,448,
56,66900,d,1.0037573277950287,2,448,
56,66900,e,0.9399888515472412,2,448,
56,66900,f,1.1259642839431763,2,448,
56,66900,g,1.0092827081680298,2,448,
56,66900,h,0.9279437959194183,2,448,
56,66900,i,0.9195716381072998,2,448,
56,67200,a,1.0052044987678528,2,450,
56,67200,b,1.0965362787246704,2,450,
56,67200,c,1.3444896340370178,2,450,
56,67200,d,1.026710331439972,2,450,
56,67200,e,0.8806329071521759,2,450,
56,67200,f,1.1992110013961792,2,450,
56,67200,g,1.2409910559654236,2,450,
56,67200,h,1.0880113244056702,2,450,
56,67200,i,0.953239232301712,2,450,
56,67500,a,1.1868335604667664,2,452,
56,67500,b,1.148296296596527,2,452,
56,67500,c,1.1475861072540283,2,452,
56,67500,d,0.9449256658554077,2,452,
56,67500,e,0.8596817553043365,2,452,
56,67500,f,1.2363154292106628,2,452,
56,67500,g,1.0426487028598785,2,452,
56,67500,h,1.0219799280166626,2,452,
56,67500,i,0.964043140411377,2,452,
56,67800,a,1.1882725954055786,2,454,
56,67800,b,1.1730210185050964,2,454,
56,67800,c,1.1575708985328674,2,454,
56,67800,d,1.0801710188388824,2,454,
56,67800,e,0.9838341772556305,2,454,
56,67800,f,1.2399367690086365,2,454,
56,67800,g,1.1298192739486694,2,454,
56,67800,h,0.8973775506019592,2,454,
56,67800,i,1.0148451030254364,2,454,
56,68100,a,1.0278255343437195,2,456,
56,68100,b,1.2070357501506805,2,456,
56,68100,c,1.1148818135261536,2,456,
56,68100,d,0.9746931493282318,2,456,
56,68100,e,0.9990114569664001,2,456,
56,68100,f,1.046127587556839,2,456,
56,68100,g,1.0242884755134583,2,456,
56,68100,h,1.0043003559112549,2,456,
56,68100,i,1.0721190869808197,2,456,
56,68400,a,0.9557616114616394,2,458,
56,68400,b,1.008892834186554,2,458,
56,68400,c,1.24433171749115,2,458,
56,68400,d,0.9911180138587952,2,458,
56,68400,e,0.9927027523517609,2,458,
56,68400,f,0.9634815454483032,2,458,
56,68400,g,1.0515788793563843,2,458,
56,68400,h,0.9743752479553223,2,458,
56,68400,i,0.8954608142375946,2,458,
56,68700,a,1.0925081968307495,2,460,
56,68700,b,1.1469004154205322,2,460,
56,68700,c,1.292709767818451,2,460,
56,68700,d,1.0002846121788025,2,460,
56,68700,e,0.9188945591449738,2,460,
56,68700,f,1.2659117579460144,2,460,
56,68700,g,1.114047348499298,2,460,
56,68700,h,1.1480180025100708,2,460,
56,68700,i,1.1390450596809387,2,460,
56,69000,a,1.0300058722496033,2,462,
56,69000,b,1.3868052959442139,2,462,
56,69000,c,1.2316353917121887,2,462,
56,69000,d,1.0772947072982788,2,462,
56,69000,e,0.9915433526039124,2,462,
56,69000,f,0.9697434902191162,2,462,
56,69000,g,1.0760027468204498,2,462,
56,69000,h,0.9481709599494934,2,462,
56,69000,i,0.986831933259964,2,462,
56,69300,a,1.0516231656074524,2,464,
56,69300,b,1.0236719846725464,2,464,
56,69300,c,1.0113462209701538,2,464,
56,69300,d,1.0636394321918488,2,464,
56,69300,e,1.0079811811447144,2,464,
56,69300,f,1.1673402786254883,2,464,
56,69300,g,1.1711705327033997,2,464,
56,69300,h,0.9940375089645386,2,464,
56,69300,i,1.0023007988929749,2,464,
56,69600,a,1.125873863697052,2,466,
56,69600,b,0.9402107894420624,2,466,
56,69600,c,1.0368539094924927,2,466,
56,69600,d,1.0847731530666351,2,466,
56,69600,e,1.1705112159252167,2,466,
56,69600,f,1.0488865077495575,2,466,
56,69600,g,1.018782138824463,2,466,
56,69600,h,1.080848753452301,2,466,
56,69600,i,0.9059549570083618,2,466,
56,69900,a,1.155546247959137,2,468,
56,69900,b,1.0716301202774048,2,468,
56,69900,c,1.1605339050292969,2,468,
56,69900,d,1.0112640261650085,2,468,
56,69900,e,1.0132852494716644,2,468,
56,69900,f,1.2241401076316833,2,468,
56,69900,g,1.091906189918518,2,468,
56,69900,h,0.8358291983604431,2,468,
56,69900,i,1.0314918756484985,2,468,
56,70200,a,0.9215727150440216,2,470,
56,70200,b,1.1171084642410278,2,470,
56,70200,c,0.978941023349762,2,470,
56,70200,d,0.992278516292572,2,470,
56,70200,e,1.1010279655456543,2,470,
56,70200,f,1.1449819803237915,2,470,
56,70200,g,1.2185959815979004,2,470,
56,70200,h,0.9187221825122833,2,470,
56,70200,i,1.1508671641349792,2,470,
56,70500,a,0.9901866316795349,2,472,
56,70500,b,0.9861482381820679,2,472,
56,70500,c,0.9666138291358948,2,472,
56,70500,d,0.9251438975334167,2,472,
56,70500,e,0.9377136826515198,2,472,
56,70500,f,1.0867862105369568,2,472,
56,70500,g,1.1838863492012024,2,472,
56,70500,h,0.9990962743759155,2,472,
56,70500,i,1.0936601161956787,2,472,
56,70800,a,0.951042115688324,2,474,
56,70800,b,1.0529526472091675,2,474,
56,70800,c,1.0144188404083252,2,474,
56,70800,d,0.9863159656524658,2,474,
56,70800,e,1.0540446043014526,2,474,
56,70800,f,0.9312470853328705,2,474,
56,70800,g,1.045052945613861,2,474,
56,70800,h,1.0977516174316406,2,474,
56,70800,i,0.9364487528800964,2,474,
56,71100,a,1.115655541419983,2,476,
56,71100,b,0.971080869436264,2,476,
56,71100,c,1.2724798321723938,2,476,
56,71100,d,1.0284799337387085,2,476,
56,71100,e,0.9606410264968872,2,476,
56,71100,f,1.1184418201446533,2,476,
56,71100,g,1.1812604665756226,2,476,
56,71100,h,0.953305572271347,2,476,
56,71100,i,0.9820029139518738,2,476,
56,71400,a,1.0060904622077942,2,478,
56,71400,b,1.174043595790863,2,478,
56,71400,c,1.074793815612793,2,478,
56,71400,d,0.9305959641933441,2,478,
56,71400,e,1.0068227052688599,2,478,
56,71400,f,1.1564338207244873,2,478,
56,71400,g,0.9481947422027588,2,478,
56,71400,h,1.0788212418556213,2,478,
56,71400,i,0.9885395765304565,2,478,
56,71700,a,1.037030577659607,2,480,
56,71700,b,1.0330339670181274,2,480,
56,71700,c,1.1177220940589905,2,480,
56,71700,d,0.9935266375541687,2,480,
56,71700,e,1.0835526585578918,2,480,
56,71700,f,1.0030678808689117,2,480,
56,71700,g,1.0897273123264313,2,480,
56,71700,h,0.9749834835529327,2,480,
56,71700,i,1.0533697605133057,2,480,
56,72000,a,0.9300457835197449,2,482,
56,72000,b,1.064904272556305,2,482,
56,72000,c,1.0797536969184875,2,482,
56,72000,d,0.9447433948516846,2,482,
56,72000,e,1.184655785560608,2,482,
56,72000,f,1.0757511854171753,2,482,
56,72000,g,1.1720365583896637,2,482,
56,72000,h,0.8405890762805939,2,482,
56,72000,i,0.9242481589317322,2,482,
56,72300,a,1.0956720113754272,2,484,
56,72300,b,1.1060736179351807,2,484,
56,72300,c,0.9685027599334717,2,484,
56,72300,d,0.9648225903511047,2,484,
56,72300,e,1.1598799228668213,2,484,
56,72300,f,1.0821826756000519,2,484,
56,72300,g,1.0334019660949707,2,484,
56,72300,h,0.9249103665351868,2,484,
56,72300,i,0.8830308318138123,2,484,
56,72600,a,1.0326694250106812,2,486,
56,72600,b,1.0275476276874542,2,486,
56,72600,c,1.204626202583313,2,486,
56,72600,d,0.9312620759010315,2,486,
56,72600,e,1.0374619960784912,2,486,
56,72600,f,1.1952974200248718,2,486,
56,72600,g,1.1811102032661438,2,486,
56,72600,h,0.8970653116703033,2,486,
56,72600,i,0.9356663823127747,2,486,
56,72900,a,0.9954696595668793,2,488,
56,72900,b,1.114074468612671,2,488,
56,72900,c,1.0689069628715515,2,488,
56,72900,d,0.8560824394226074,2,488,
56,72900,e,1.2461588382720947,2,488,
56,72900,f,1.06987065076828,2,488,
56,72900,g,1.0988329648971558,2,488,
56,72900,h,0.8059085607528687,2,488,
56,72900,i,1.05573171377182,2,488,
56,73200,a,1.074388861656189,2,490,
56,73200,b,0.9250896871089935,2,490,
56,73200,c,1.316742718219757,2,490,
56,73200,d,0.9530113935470581,2,490,
56,73200,e,0.9992534518241882,2,490,
56,73200,f,0.8945508599281311,2,490,
56,73200,g,1.0721784830093384,2,490,
56,73200,h,0.8290606141090393,2,490,
56,73200,i,1.0574568510055542,2,490,
56,73500,a,1.1337999105453491,2,492,
56,73500,b,1.0009792149066925,2,492,
56,73500,c,1.1253390908241272,2,492,
56,73500,d,0.8694985210895538,2,492,
56,73500,e,0.9168958365917206,2,492,
56,73500,f,1.0397530496120453,2,492,
56,73500,g,1.056423842906952,2,492,
56,73500,h,1.0472589135169983,2,492,
56,73500,i,0.9213690161705017,2,492,
56,73800,a,0.948399692773819,2,494,
56,73800,b,1.2276256680488586,2,494,
56,73800,c,1.0682922005653381,2,494,
56,73800,d,0.9721202552318573,2,494,
56,73800,e,1.2761945724487305,2,494,
56,73800,f,0.866534948348999,2,494,
56,73800,g,1.0265211164951324,2,494,
56,73800,h,0.7499460279941559,2,494,
56,73800,i,1.0838862657546997,2,494,
56,74100,a,1.0871207118034363,2,496,
56,74100,b,1.016128957271576,2,496,
56,74100,c,0.9594937562942505,2,496,
56,74100,d,0.9346634745597839,2,496,
56,74100,e,1.0812403559684753,2,496,
56,74100,f,1.0013709366321564,2,496,
56,74100,g,0.9704612493515015,2,496,
56,74100,h,0.9005412459373474,2,496,
56,74100,i,0.9050628542900085,2,496,
56,74400,a,0.9168900549411774,2,498,
56,74400,b,1.3048185110092163,2,498,
56,74400,c,0.9763380289077759,2,498,
56,74400,d,1.0761105418205261,2,498,
56,74400,e,1.0032207071781158,2,498,
56,74400,f,0.9874468445777893,2,498,
56,74400,g,1.0296689569950104,2,498,
56,74400,h,1.095059484243393,2,498,
56,74400,i,1.137083649635315,2,498,
56,74700,a,0.9747008085250854,2,500,
56,74700,b,1.2333341836929321,2,500,
56,74700,c,0.9664783477783203,2,500,
56,74700,d,1.0537142157554626,2,500,
56,74700,e,1.157509446144104,2,500,
56,74700,f,1.1112322807312012,2,500,
56,74700,g,0.9294528663158417,2,500,
56,74700,h,0.9103448390960693,2,500,
56,74700,i,1.016654372215271,2,500,
56,75000,a,1.0703862309455872,2,502,
56,75000,b,1.0037877559661865,2,502,
56,75000,c,1.1268462538719177,2,502,
56,75000,d,0.8907169103622437,2,502,
56,75000,e,0.9222148656845093,2,502,
56,75000,f,1.0125837326049805,2,502,
56,75000,g,1.2069959044456482,2,502,
56,75000,h,0.9593224227428436,2,502,
56,75000,i,0.8450790643692017,2,502,
56,75300,a,1.0370518565177917,2,504,
56,75300,b,1.0129263401031494,2,504,
56,75300,c,1.0604485273361206,2,504,
56,75300,d,0.9932328462600708,2,504,
56,75300,e,0.9092294573783875,2,504,
56,75300,f,1.0554507970809937,2,504,
56,75300,g,1.1430009603500366,2,504,
56,75300,h,0.9612071812152863,2,504,
56,75300,i,0.9107595682144165,2,504,
56,75600,a,1.0828766226768494,2,506,
56,75600,b,1.0113495886325836,2,506,
56,75600,c,0.9883873164653778,2,506,
56,75600,d,1.143576741218567,2,506,
56,75600,e,0.839787095785141,2,506,
56,75600,f,0.9884998500347137,2,506,
56,75600,g,1.1904555559158325,2,506,
56,75600,h,0.9266952872276306,2,506,
56,75600,i,0.9420024454593658,2,506,
56,75900,a,1.0550196766853333,2,508,
56,75900,b,1.1079570651054382,2,508,
56,75900,c,1.124914824962616,2,508,
56,75900,d,0.9705997109413147,2,508,
56,75900,e,0.9393765330314636,2,508,
56,75900,f,1.135955810546875,2,508,
56,75900,g,0.9493181109428406,2,508,
56,75900,h,1.0057964026927948,2,508,
56,75900,i,0.9721548557281494,2,508,
56,76200,a,1.0994898676872253,2,510,
56,76200,b,1.079891324043274,2,510,
56,76200,c,0.9717318713665009,2,510,
56,76200,d,0.7763389945030212,2,510,
56,76200,e,0.8577901721000671,2,510,
56,76200,f,1.1206339597702026,2,510,
56,76200,g,1.0130299031734467,2,510,
56,76200,h,0.9138250946998596,2,510,
56,76200,i,0.9865322411060333,2,510,
56,76500,a,0.9707476198673248,2,512,
56,76500,b,1.183255672454834,2,512,
56,76500,c,0.9394926428794861,2,512,
56,76500,d,0.9506005942821503,2,512,
56,76500,e,0.9906156957149506,2,512,
56,76500,f,1.0178672075271606,2,512,
56,76500,g,0.9618113040924072,2,512,
56,76500,h,0.9609460234642029,2,512,
56,76500,i,1.0070012509822845,2,512,
56,76800,a,0.9189470410346985,2,514,
56,76800,b,1.035670518875122,2,514,
56,76800,c,1.1462262868881226,2,514,
56,76800,d,0.8986667394638062,2,514,
56,76800,e,0.8831651210784912,2,514,
56,76800,f,1.1019183993339539,2,514,
56,76800,g,1.0332428216934204,2,514,
56,76800,h,1.061415582895279,2,514,
56,76800,i,1.1032048463821411,2,514,
56,77100,a,1.0885900259017944,2,516,
56,77100,b,1.0926522612571716,2,516,
56,77100,c,1.1586798429489136,2,516,
56,77100,d,0.9478836357593536,2,516,
56,77100,e,0.8496646583080292,2,516,
56,77100,f,0.9064217507839203,2,516,
56,77100,g,0.9960691630840302,2,516,
56,77100,h,0.9175270199775696,2,516,
56,77100,i,0.9123431742191315,2,516,
56,77400,a,1.0702099204063416,2,518,
56,77400,b,0.9456674456596375,2,518,
56,77400,c,0.988185703754425,2,518,
56,77400,d,0.9543938040733337,2,518,
56,77400,e,0.9563573002815247,2,518,
56,77400,f,0.957086980342865,2,518,
56,77400,g,0.9625584185123444,2,518,
56,77400,h,1.0568674206733704,2,518,
56,77400,i,0.8694703578948975,2,518,
56,77700,a,1.2114514112472534,2,520,
56,77700,b,1.1096294820308685,2,520,
56,77700,c,0.9743062257766724,2,520,
56,77700,d,0.9552845358848572,2,520,
56,77700,e,0.8892945647239685,2,520,
56,77700,f,1.0356546342372894,2,520,
56,77700,g,1.083382785320282,2,520,
56,77700,h,0.9834596812725067,2,520,
56,77700,i,1.0437574982643127,2,520,
56,78000,a,1.0163815021514893,2,522,
56,78000,b,1.084329903125763,2,522,
56,78000,c,1.0107685029506683,2,522,
56,78000,d,1.0354384779930115,2,522,
56,78000,e,1.0223500728607178,2,522,
56,78000,f,1.0291853547096252,2,522,
56,78000,g,1.0510878562927246,2,522,
56,78000,h,1.0319159030914307,2,522,
56,78000,i,0.9927647709846497,2,522,
56,78300,a,0.9974744319915771,2,524,
56,78300,b,1.0701741874217987,2,524,
56,78300,c,1.142501950263977,2,524,
56,78300,d,0.8446927964687347,2,524,
56,78300,e,0.8665651082992554,2,524,
56,78300,f,1.0602213740348816,2,524,
56,78300,g,0.940720409154892,2,524,
56,78300,h,0.912259042263031,2,524,
56,78300,i,1.0176042914390564,2,524,
56,78600,a,1.0494829416275024,2,526,
56,78600,b,1.0567430257797241,2,526,
56,78600,c,1.1202071905136108,2,526,
56,78600,d,1.077452927827835,2,526,
56,78600,e,0.8878815770149231,2,526,
56,78600,f,0.8929965496063232,2,526,
56,78600,g,1.0999023616313934,2,526,
56,78600,h,0.9424428641796112,2,526,
56,78600,i,1.0684881210327148,2,526,
56,78900,a,0.9900528490543365,2,528,
56,78900,b,1.0556575655937195,2,528,
56,78900,c,0.937394380569458,2,528,
56,78900,d,0.9981352984905243,2,528,
56,78900,e,0.9699996709823608,2,528,
56,78900,f,1.0159090757369995,2,528,
56,78900,g,1.006659984588623,2,528,
56,78900,h,0.8260898292064667,2,528,
56,78900,i,0.9180900156497955,2,528,
56,79200,a,0.9316087961196899,2,530,
56,79200,b,1.0685757398605347,2,530,
56,79200,c,1.0124508142471313,2,530,
56,79200,d,0.9248557388782501,2,530,
56,79200,e,0.7933146357536316,2,530,
56,79200,f,0.8990934491157532,2,530,
56,79200,g,1.137475073337555,2,530,
56,79200,h,0.8725065886974335,2,530,
56,79200,i,1.0964101552963257,2,530,
56,79500,a,0.9617280960083008,2,532,
56,79500,b,0.8930377066135406,2,532,
56,79500,c,1.0128504037857056,2,532,
56,79500,d,0.8540745377540588,2,532,
56,79500,e,0.7935535907745361,2,532,
56,79500,f,1.0505882501602173,2,532,
56,79500,g,0.9197413921356201,2,532,
56,79500,h,0.9680426120758057,2,532,
56,79500,i,0.9112719595432281,2,532,
56,79800,a,0.9954330325126648,2,534,
56,79800,b,0.8544997870922089,2,534,
56,79800,c,1.0100769996643066,2,534,
56,79800,d,0.9886422753334045,2,534,
56,79800,e,0.8683226108551025,2,534,
56,79800,f,1.1512881517410278,2,534,
56,79800,g,1.026524007320404,2,534,
56,79800,h,0.6846912205219269,2,534,
56,79800,i,1.044617921113968,2,534,
56,80100,a,1.0900553464889526,2,536,
56,80100,b,0.9702603220939636,2,536,
56,80100,c,1.0873817801475525,2,536,
56,80100,d,1.0770142078399658,2,536,
56,80100,e,0.9221107363700867,2,536,
56,80100,f,1.1798545122146606,2,536,
56,80100,g,1.2023475170135498,2,536,
56,80100,h,0.7650930285453796,2,536,
56,80100,i,0.8968566060066223,2,536,
56,80400,a,0.9437170624732971,2,538,
56,80400,b,0.9635734558105469,2,538,
56,80400,c,1.0230587422847748,2,538,
56,80400,d,0.9871663451194763,2,538,
56,80400,e,0.8222179710865021,2,538,
56,80400,f,0.9812500774860382,2,538,
56,80400,g,0.9421516060829163,2,538,
56,80400,h,1.1504462957382202,2,538,
56,80400,i,1.0549618005752563,2,538,
56,80700,a,1.0805647373199463,2,540,
56,80700,b,0.8662339448928833,2,540,
56,80700,c,1.0769389867782593,2,540,
56,80700,d,1.111205518245697,2,540,
56,80700,e,0.9956749379634857,2,540,
56,80700,f,1.1417996883392334,2,540,
56,80700,g,1.1488841772079468,2,540,
56,80700,h,0.9279063940048218,2,540,
56,80700,i,1.0612521767616272,2,540,
56,81000,a,0.9183875024318695,2,542,
56,81000,b,1.284610390663147,2,542,
56,81000,c,1.088037371635437,2,542,
56,81000,d,0.8377638459205627,2,542,
56,81000,e,0.9565129280090332,2,542,
56,81000,f,1.0385758876800537,2,542,
56,81000,g,1.1921221613883972,2,542,
56,81000,h,0.9939802885055542,2,542,
56,81000,i,1.0263131856918335,2,542,
56,81300,a,0.9288397133350372,2,544,
56,81300,b,1.0672607719898224,2,544,
56,81300,c,1.0027365684509277,2,544,
56,81300,d,0.9587513208389282,2,544,
56,81300,e,0.9284316897392273,2,544,
56,81300,f,0.8962922990322113,2,544,
56,81300,g,0.8560163378715515,2,544,
56,81300,h,1.0493612587451935,2,544,
56,81300,i,0.9308792352676392,2,544,
56,81600,a,0.8837328851222992,2,546,
56,81600,b,0.862779051065445,2,546,
56,81600,c,1.0825401544570923,2,546,
56,81600,d,0.8358580768108368,2,546,
56,81600,e,1.1205826699733734,2,546,
56,81600,f,1.0884336829185486,2,546,
56,81600,g,0.850507527589798,2,546,
56,81600,h,0.7979028224945068,2,546,
56,81600,i,0.7606794834136963,2,546,
56,81900,a,0.96056267619133,2,548,
56,81900,b,0.7552030682563782,2,548,
56,81900,c,0.9378992319107056,2,548,
56,81900,d,0.9331709444522858,2,548,
56,81900,e,0.9059163331985474,2,548,
56,81900,f,1.1566972732543945,2,548,
56,81900,g,0.9193304181098938,2,548,
56,81900,h,0.9143703579902649,2,548,
56,81900,i,0.7862467169761658,2,548,
56,82200,a,0.8003538548946381,2,550,
56,82200,b,0.8713650107383728,2,550,
56,82200,c,1.0391131043434143,2,550,
56,82200,d,0.9150973856449127,2,550,
56,82200,e,0.9267948865890503,2,550,
56,82200,f,0.8446595966815948,2,550,
56,82200,g,0.9422906339168549,2,550,
56,82200,h,0.7824456691741943,2,550,
56,82200,i,0.9407481849193573,2,550,
56,82500,a,1.0374984741210938,2,552,
56,82500,b,0.9764373898506165,2,552,
56,82500,c,0.9403560161590576,2,552,
56,82500,d,0.9762769043445587,2,552,
56,82500,e,0.9263715147972107,2,552,
56,82500,f,0.88039430975914,2,552,
56,82500,g,1.0186165869235992,2,552,
56,82500,h,0.9747408032417297,2,552,
56,82500,i,0.8777247369289398,2,552,
56,82800,a,0.8794533014297485,2,554,
56,82800,b,1.0055289566516876,2,554,
56,82800,c,1.089754581451416,2,554,
56,82800,d,1.0963259935379028,2,554,
56,82800,e,0.8231814503669739,2,554,
56,82800,f,0.9570498466491699,2,554,
56,82800,g,1.0752976536750793,2,554,
56,82800,h,0.9279981851577759,2,554,
56,82800,i,1.0968899428844452,2,554,
56,83100,a,0.929272323846817,2,556,
56,83100,b,1.1751872897148132,2,556,
56,83100,c,0.9046415090560913,2,556,
56,83100,d,0.9061615467071533,2,556,
56,83100,e,1.0789877772331238,2,556,
56,83100,f,0.9994629621505737,2,556,
56,83100,g,1.2766497135162354,2,556,
56,83100,h,0.8408940732479095,2,556,
56,83100,i,0.9222426116466522,2,556,
56,83400,a,0.9110331237316132,2,558,
56,83400,b,0.9754080176353455,2,558,
56,83400,c,1.142681360244751,2,558,
56,83400,d,0.8115919530391693,2,558,
56,83400,e,0.9337098002433777,2,558,
56,83400,f,1.1422501802444458,2,558,
56,83400,g,0.9542545676231384,2,558,
56,83400,h,0.6730512380599976,2,558,
56,83400,i,0.851096898317337,2,558,
56,83700,a,0.9611483514308929,2,560,
56,83700,b,1.0071783661842346,2,560,
56,83700,c,1.111126720905304,2,560,
56,83700,d,0.8596236705780029,2,560,
56,83700,e,0.9145072102546692,2,560,
56,83700,f,0.9993793368339539,2,560,
56,83700,g,1.0593781471252441,2,560,
56,83700,h,0.8466149568557739,2,560,
56,83700,i,0.9005113840103149,2,560,
56,84000,a,1.0760491490364075,2,562,
56,84000,b,1.0846894681453705,2,562,
56,84000,c,1.2313933968544006,2,562,
56,84000,d,0.9325718879699707,2,562,
56,84000,e,0.9349608421325684,2,562,
56,84000,f,0.9562242031097412,2,562,
56,84000,g,0.999682605266571,2,562,
56,84000,h,0.8293541967868805,2,562,
56,84000,i,0.9779213666915894,2,562,
56,84300,a,0.8409571349620819,2,564,
56,84300,b,1.2189933061599731,2,564,
56,84300,c,1.1400549411773682,2,564,
56,84300,d,0.7957493662834167,2,564,
56,84300,e,0.7777892351150513,2,564,
56,84300,f,0.8147802352905273,2,564,
56,84300,g,1.210272341966629,2,564,
56,84300,h,0.8835585713386536,2,564,
56,84300,i,0.9020527303218842,2,564,
56,84600,a,0.9263854622840881,2,566,
56,84600,b,0.8985214531421661,2,566,
56,84600,c,1.1184675097465515,2,566,
56,84600,d,0.9011149406433105,2,566,
56,84600,e,0.7920084297657013,2,566,
56,84600,f,1.0642678141593933,2,566,
56,84600,g,0.9350612461566925,2,566,
56,84600,h,0.8581408262252808,2,566,
56,84600,i,0.905283123254776,2,566,
56,84900,a,0.8977000713348389,2,568,
56,84900,b,0.8478518128395081,2,568,
56,84900,c,1.038704514503479,2,568,
56,84900,d,0.8753352761268616,2,568,
56,84900,e,0.9408559799194336,2,568,
56,84900,f,0.9281306862831116,2,568,
56,84900,g,0.9414544105529785,2,568,
56,84900,h,0.869701623916626,2,568,
56,84900,i,0.9494909048080444,2,568,
56,85200,a,0.9903065860271454,2,570,
56,85200,b,0.9466958940029144,2,570,
56,85200,c,1.0990455150604248,2,570,
56,85200,d,0.9747732281684875,2,570,
56,85200,e,0.8088670074939728,2,570,
56,85200,f,0.9790796935558319,2,570,
56,85200,g,1.0755621790885925,2,570,
56,85200,h,1.06923246383667,2,570,
56,85200,i,0.8953807651996613,2,570,
56,85500,a,0.9133508801460266,2,572,
56,85500,b,0.9457899630069733,2,572,
56,85500,c,0.9029561281204224,2,572,
56,85500,d,0.9527117013931274,2,572,
56,85500,e,1.0338907539844513,2,572,
56,85500,f,1.081813097000122,2,572,
56,85500,g,0.9391467273235321,2,572,
56,85500,h,0.7727801203727722,2,572,
56,85500,i,0.9969637989997864,2,572,
56,85800,a,0.9262526631355286,2,574,
56,85800,b,1.0447999238967896,2,574,
56,85800,c,1.1252776980400085,2,574,
56,85800,d,0.9353223145008087,2,574,
56,85800,e,0.8004182577133179,2,574,
56,85800,f,0.9587926268577576,2,574,
56,85800,g,0.9668673574924469,2,574,
56,85800,h,0.7334567308425903,2,574,
56,85800,i,0.8573436737060547,2,574,
56,86100,a,1.062109261751175,2,576,
56,86100,b,0.968794047832489,2,576,
56,86100,c,1.229707419872284,2,576,
56,86100,d,1.033157229423523,2,576,
56,86100,e,0.715943455696106,2,576,
56,86100,f,1.1371930837631226,2,576,
56,86100,g,0.8808197975158691,2,576,
56,86100,h,0.8799011707305908,2,576,
56,86100,i,1.0219252109527588,2,576,
56,86400,a,0.9406029284000397,2,578,
56,86400,b,0.9765487015247345,2,578,
56,86400,c,1.0854207873344421,2,578,
56,86400,d,0.9322649836540222,2,578,
56,86400,e,0.7506451904773712,2,578,
56,86400,f,1.0480350852012634,2,578,
56,86400,g,0.8907616138458252,2,578,
56,86400,h,0.7473586797714233,2,578,
56,86400,i,0.9671567380428314,2,578,
83,0,a,1.8359460234642029,2,2,
83,0,b,1.8167940378189087,2,2,
83,0,c,1.8067539930343628,2,2,
83,0,d,1.8360312581062317,2,2,
83,0,e,1.8176721930503845,2,2,
83,0,f,1.8292340636253357,2,2,
83,0,g,1.8102306127548218,2,2,
83,0,h,1.7909566164016724,2,2,
83,0,i,1.8382118940353394,2,2,
83,300,a,1.7937198281288147,2,4,
83,300,b,1.814902901649475,2,4,
83,300,c,1.8164722323417664,2,4,
83,300,d,1.7974014282226562,2,4,
83,300,e,1.7952141165733337,2,4,
83,300,f,1.8119328022003174,2,4,
83,300,g,1.8500707149505615,2,4,
83,300,h,1.7773091197013855,2,4,
83,300,i,1.8228466510772705,2,4,
83,600,a,1.8004246950149536,2,6,
83,600,b,1.8013240694999695,2,6,
83,600,c,1.78823721408844,2,6,
83,600,d,1.8066784739494324,2,6,
83,600,e,1.7800527811050415,2,6,
83,600,f,1.790237545967102,2,6,
83,600,g,1.773715078830719,2,6,
83,600,h,1.7607812285423279,2,6,
83,600,i,1.8034771084785461,2,6,
83,900,a,1.7818198204040527,2,8,
83,900,b,1.7757190465927124,2,8,
83,900,c,1.796767771244049,2,8,
83,900,d,1.8077530264854431,2,8,
83,900,e,1.7888649702072144,2,8,
83,900,f,1.7712056636810303,2,8,
83,900,g,1.8044793605804443,2,8,
83,900,h,1.7403537034988403,2,8,
83,900,i,1.7993687391281128,2,8,
83,1200,a,1.7846046686172485,2,10,
83,1200,b,1.823642611503601,2,10,
83,1200,c,1.7897119522094727,2,10,
83,1200,d,1.7851404547691345,2,10,
83,1200,e,1.7389204502105713,2,10,
83,1200,f,1.7994835376739502,2,10,
83,1200,g,1.7966455221176147,2,10,
83,1200,h,1.734286367893219,2,10,
83,1200,i,1.7770183086395264,2,10,
83,1500,a,1.77530437707901,2,12,
83,1500,b,1.7886537909507751,2,12,
83,1500,c,1.8258434534072876,2,12,
83,1500,d,1.7645322680473328,2,12,
83,1500,e,1.741992473602295,2,12,
83,1500,f,1.7871609926223755,2,12,
83,1500,g,1.7565129399299622,2,12,
83,1500,h,1.696585476398468,2,12,
83,1500,i,1.7844727039337158,2,12,
83,1800,a,1.774291455745697,2,14,
83,1800,b,1.7782788276672363,2,14,
83,1800,c,1.81150484085083,2,14,
83,1800,d,1.7911617159843445,2,14,
83,1800,e,1.7693321704864502,2,14,
83,1800,f,1.7934425473213196,2,14,
83,1800,g,1.8042485117912292,2,14,
83,1800,h,1.7549763917922974,2,14,
83,1800,i,1.7597692012786865,2,14,
83,2100,a,1.7845049500465393,2,16,
83,2100,b,1.783262848854065,2,16,
83,2100,c,1.7846785187721252,2,16,
83,2100,d,1.743972361087799,2,16,
83,2100,e,1.754927396774292,2,16,
83,2100,f,1.789085328578949,2,16,
83,2100,g,1.7613515257835388,2,16,
83,2100,h,1.7370933294296265,2,16,
83,2100,i,1.7648560404777527,2,16,
83,2400,a,1.7690567374229431,2,18,
83,2400,b,1.7985051274299622,2,18,
83,2400,c,1.8118541240692139,2,18,
83,2400,d,1.742730736732483,2,18,
83,2400,e,1.7875865697860718,2,18,
83,2400,f,1.7729105949401855,2,18,
83,2400,g,1.7464683055877686,2,18,
83,2400,h,1.7214219570159912,2,18,
83,2400,i,1.7552560567855835,2,18,
83,2700,a,1.7563735246658325,2,20,
83,2700,b,1.8064439296722412,2,20,
83,2700,c,1.785481035709381,2,20,
83,2700,d,1.7530975341796875,2,20,
83,2700,e,1.7144096493721008,2,20,
83,2700,f,1.7517777681350708,2,20,
83,2700,g,1.7804570198059082,2,20,
83,2700,h,1.7868831753730774,2,20,
83,2700,i,1.7455160021781921,2,20,
83,3000,a,1.7476900815963745,2,22,
83,3000,b,1.7848987579345703,2,22,
83,3000,c,1.7889351844787598,2,22,
83,3000,d,1.7518866062164307,2,22,
83,3000,e,1.727658748626709,2,22,
83,3000,f,1.7612103819847107,2,22,
83,3000,g,1.7645373940467834,2,22,
83,3000,h,1.7809224724769592,2,22,
83,3000,i,1.7301537990570068,2,22,
83,3300,a,1.733195960521698,2,24,
83,3300,b,1.754661500453949,2,24,
83,3300,c,1.7949298620224,2,24,
83,3300,d,1.7208518981933594,2,24,
83,3300,e,1.73124361038208,2,24,
83,3300,f,1.7761708498001099,2,24,
83,3300,g,1.7804452180862427,2,24,
83,3300,h,1.721999704837799,2,24,
83,3300,i,1.7566247582435608,2,24,
83,3600,a,1.7332757711410522,2,26,
83,3600,b,1.769740879535675,2,26,
83,3600,c,1.7689783573150635,2,26,
83,3600,d,1.7111551761627197,2,26,
83,3600,e,1.7576562762260437,2,26,
83,3600,f,1.7455940246582031,2,26,
83,3600,g,1.743712067604065,2,26,
83,3600,h,1.7052361369132996,2,26,
83,3600,i,1.725809395313263,2,26,
83,3900,a,1.7203605771064758,2,28,
83,3900,b,1.7670305371284485,2,28,
83,3900,c,1.7810335755348206,2,28,
83,3900,d,1.7121202945709229,2,28,
83,3900,e,1.7321280241012573,2,28,
83,3900,f,1.7674024105072021,2,28,
83,3900,g,1.7442007064819336,2,28,
83,3900,h,1.7161754369735718,2,28,
83,3900,i,1.7561891078948975,2,28,
83,4200,a,1.7332146763801575,2,30,
83,4200,b,1.7629278898239136,2,30,
83,4200,c,1.7924436330795288,2,30,
83,4200,d,1.7125086188316345,2,30,
83,4200,e,1.7577317953109741,2,30,
83,4200,f,1.7706153392791748,2,30,
83,4200,g,1.716639518737793,2,30,
83,4200,h,1.7276906371116638,2,30,
83,4200,i,1.717314898967743,2,30,
83,4500,a,1.703395962715149,2,32,
83,4500,b,1.7595292329788208,2,32,
83,4500,c,1.774843692779541,2,32,
83,4500,d,1.6947603821754456,2,32,
83,4500,e,1.7277483940124512,2,32,
83,4500,f,1.7428180575370789,2,32,
83,4500,g,1.7095950841903687,2,32,
83,4500,h,1.6912147998809814,2,32,
83,4500,i,1.701839804649353,2,32,
83,4800,a,1.7067397832870483,2,34,
83,4800,b,1.7784762978553772,2,34,
83,4800,c,1.740886151790619,2,34,
83,4800,d,1.6892262697219849,2,34,
83,4800,e,1.7026156187057495,2,34,
83,4800,f,1.7181396484375,2,34,
83,4800,g,1.736869215965271,2,34,
83,4800,h,1.7168689966201782,2,34,
83,4800,i,1.7104939222335815,2,34,
83,5100,a,1.7125318050384521,2,36,
83,5100,b,1.762008547782898,2,36,
83,5100,c,1.7463947534561157,2,36,
83,5100,d,1.6746922135353088,2,36,
83,5100,e,1.7084484100341797,2,36,
83,5100,f,1.7461318373680115,2,36,
83,5100,g,1.7117441892623901,2,36,
83,5100,h,1.6805538535118103,2,36,
83,5100,i,1.6653201580047607,2,36,
83,5400,a,1.6680830717086792,2,38,
83,5400,b,1.7366710901260376,2,38,
83,5400,c,1.7260180711746216,2,38,
83,5400,d,1.7030760645866394,2,38,
83,5400,e,1.6778000593185425,2,38,
83,5400,f,1.722020149230957,2,38,
83,5400,g,1.6807628273963928,2,38,
83,5400,h,1.7092286348342896,2,38,
83,5400,i,1.7249881029129028,2,38,
83,5700,a,1.682487964630127,2,40,
83,5700,b,1.7387748956680298,2,40,
83,5700,c,1.7492769956588745,2,40,
83,5700,d,1.6607473492622375,2,40,
83,5700,e,1.673034429550171,2,40,
83,5700,f,1.7466523051261902,2,40,
83,5700,g,1.6707651615142822,2,40,
83,5700,h,1.6548553705215454,2,40,
83,5700,i,1.6909500360488892,2,40,
83,6000,a,1.6899259686470032,2,42,
83,6000,b,1.7333847880363464,2,42,
83,6000,c,1.74601811170578,2,42,
83,6000,d,1.6511915922164917,2,42,
83,6000,e,1.7231529355049133,2,42,
83,6000,f,1.7161083221435547,2,42,
83,6000,g,1.673922061920166,2,42,
83,6000,h,1.750733196735382,2,42,
83,6000,i,1.6411247253417969,2,42,
83,6300,a,1.7100309133529663,2,44,
83,6300,b,1.7661526799201965,2,44,
83,6300,c,1.7155040502548218,2,44,
83,6300,d,1.638929545879364,2,44,
83,6300,e,1.6717355251312256,2,44,
83,6300,f,1.701598584651947,2,44,
83,6300,g,1.6929391622543335,2,44,
83,6300,h,1.7122671604156494,2,44,
83,6300,i,1.6790263652801514,2,44,
83,6600,a,1.6362947225570679,2,46,
83,6600,b,1.7631816267967224,2,46,
83,6600,c,1.7266564965248108,2,46,
83,6600,d,1.650934100151062,2,46,
83,6600,e,1.638448417186737,2,46,
83,6600,f,1.7437353730201721,2,46,
83,6600,g,1.6971842050552368,2,46,
83,6600,h,1.6615827679634094,2,46,
83,6600,i,1.6009321212768555,2,46,
83,6900,a,1.6716718673706055,2,48,
83,6900,b,1.7731100916862488,2,48,
83,6900,c,1.7316033840179443,2,48,
83,6900,d,1.7003899812698364,2,48,
83,6900,e,1.6447967290878296,2,48,
83,6900,f,1.7182261943817139,2,48,
83,6900,g,1.7251405119895935,2,48,
83,6900,h,1.6560932993888855,2,48,
83,6900,i,1.64510840177536,2,48,
83,7200,a,1.6729100346565247,2,50,
83,7200,b,1.719849944114685,2,50,
83,7200,c,1.7192152738571167,2,50,
83,7200,d,1.6513490676879883,2,50,
83,7200,e,1.6499520540237427,2,50,
83,7200,f,1.6645218133926392,2,50,
83,7200,g,1.6970783472061157,2,50,
83,7200,h,1.6955788135528564,2,50,
83,7200,i,1.6897709369659424,2,50,
83,7500,a,1.6774307489395142,2,52,
83,7500,b,1.7300145626068115,2,52,
83,7500,c,1.6802151203155518,2,52,
83,7500,d,1.6566479802131653,2,52,
83,7500,e,1.563876986503601,2,52,
83,7500,f,1.7016092538833618,2,52,
83,7500,g,1.6071539521217346,2,52,
83,7500,h,1.6824551224708557,2,52,
83,7500,i,1.5973848700523376,2,52,
83,7800,a,1.6162760257720947,2,54,
83,7800,b,1.7122243642807007,2,54,
83,7800,c,1.7147406339645386,2,54,
83,7800,d,1.7043445110321045,2,54,
83,7800,e,1.639732301235199,2,54,
83,7800,f,1.6396161317825317,2,54,
83,7800,g,1.6186755895614624,2,54,
83,7800,h,1.6853742599487305,2,54,
83,7800,i,1.6126999258995056,2,54,
83,8100,a,1.691187560558319,2,56,
83,8100,b,1.7359228134155273,2,56,
83,8100,c,1.6220383644104004,2,56,
83,8100,d,1.6410675048828125,2,56,
83,8100,e,1.6770675778388977,2,56,
83,8100,f,1.6913954019546509,2,56,
83,8100,g,1.6402336359024048,2,56,
83,8100,h,1.6153622269630432,2,56,
83,8100,i,1.5936284065246582,2,56,
83,8400,a,1.6327773332595825,2,58,
83,8400,b,1.7178895473480225,2,58,
83,8400,c,1.7035548090934753,2,58,
83,8400,d,1.5999130010604858,2,58,
83,8400,e,1.5904903411865234,2,58,
83,8400,f,1.6666062474250793,2,58,
83,8400,g,1.6075813174247742,2,58,
83,8400,h,1.6713690757751465,2,58,
83,8400,i,1.5981236100196838,2,58,
83,8700,a,1.6020341515541077,2,60,
83,8700,b,1.7521091103553772,2,60,
83,8700,c,1.68558669090271,2,60,
83,8700,d,1.6191444396972656,2,60,
83,8700,e,1.5995638370513916,2,60,
83,8700,f,1.6975257396697998,2,60,
83,8700,g,1.6905367970466614,2,60,
83,8700,h,1.6179757118225098,2,60,
83,8700,i,1.6125493049621582,2,60,
83,9000,a,1.6376773715019226,2,62,
83,9000,b,1.7195841073989868,2,62,
83,9000,c,1.66408371925354,2,62,
83,9000,d,1.6076866388320923,2,62,
83,9000,e,1.6170321702957153,2,62,
83,9000,f,1.6363772749900818,2,62,
83,9000,g,1.642027497291565,2,62,
83,9000,h,1.525622308254242,2,62,
83,9000,i,1.6561409831047058,2,62,
83,9300,a,1.5949588418006897,2,64,
83,9300,b,1.6912302374839783,2,64,
83,9300,c,1.7420844435691833,2,64,
83,9300,d,1.5940577983856201,2,64,
83,9300,e,1.6187081933021545,2,64,
83,9300,f,1.6443756222724915,2,64,
83,9300,g,1.6409947872161865,2,64,
83,9300,h,1.6627085208892822,2,64,
83,9300,i,1.634223461151123,2,64,
83,9600,a,1.6021903157234192,2,66,
83,9600,b,1.711121141910553,2,66,
83,9600,c,1.7389456033706665,2,66,
83,9600,d,1.5994036197662354,2,66,
83,9600,e,1.6019696593284607,2,66,
83,9600,f,1.6555655598640442,2,66,
83,9600,g,1.6172035932540894,2,66,
83,9600,h,1.6704131364822388,2,66,
83,9600,i,1.6284812092781067,2,66,
83,9900,a,1.5816043615341187,2,68,
83,9900,b,1.6935165524482727,2,68,
83,9900,c,1.7343782186508179,2,68,
83,9900,d,1.5625989437103271,2,68,
83,9900,e,1.6314322352409363,2,68,
83,9900,f,1.5854579210281372,2,68,
83,9900,g,1.5806607604026794,2,68,
83,9900,h,1.5920895338058472,2,68,
83,9900,i,1.6522021889686584,2,68,
83,10200,a,1.5831120014190674,2,70,
83,10200,b,1.7647528052330017,2,70,
83,10200,c,1.6065073609352112,2,70,
83,10200,d,1.5263230204582214,2,70,
83,10200,e,1.4925976991653442,2,70,
83,10200,f,1.611637532711029,2,70,
83,10200,g,1.5711339116096497,2,70,
83,10200,h,1.5621789693832397,2,70,
83,10200,i,1.5788158774375916,2,70,
83,10500,a,1.6057845950126648,2,72,
83,10500,b,1.7002073526382446,2,72,
83,10500,c,1.6862092018127441,2,72,
83,10500,d,1.5579599142074585,2,72,
83,10500,e,1.6306843757629395,2,72,
83,10500,f,1.6288047432899475,2,72,
83,10500,g,1.6230377554893494,2,72,
83,10500,h,1.6073724031448364,2,72,
83,10500,i,1.550764799118042,2,72,
83,10800,a,1.704225778579712,2,74,
83,10800,b,1.6695196032524109,2,74,
83,10800,c,1.6560812592506409,2,74,
83,10800,d,1.6136085987091064,2,74,
83,10800,e,1.6419904232025146,2,74,
83,10800,f,1.63077712059021,2,74,
83,10800,g,1.5967589020729065,2,74,
83,10800,h,1.527908444404602,2,74,
83,10800,i,1.5596577525138855,2,74,
83,11100,a,1.5106195211410522,2,76,
83,11100,b,1.6732419729232788,2,76,
83,11100,c,1.7048472166061401,2,76,
83,11100,d,1.537467360496521,2,76,
83,11100,e,1.581348478794098,2,76,
83,11100,f,1.6775617599487305,2,76,
83,11100,g,1.6055800914764404,2,76,
83,11100,h,1.5391060709953308,2,76,
83,11100,i,1.5761678218841553,2,76,
83,11400,a,1.6016919016838074,2,78,
83,11400,b,1.7291409969329834,2,78,
83,11400,c,1.6201189160346985,2,78,
83,11400,d,1.5268871784210205,2,78,
83,11400,e,1.507091999053955,2,78,
83,11400,f,1.6485064029693604,2,78,
83,11400,g,1.5354722738265991,2,78,
83,11400,h,1.532838523387909,2,78,
83,11400,i,1.6294057965278625,2,78,
83,11700,a,1.5741435885429382,2,80,
83,11700,b,1.6893935203552246,2,80,
83,11700,c,1.7026358246803284,2,80,
83,11700,d,1.5512133836746216,2,80,
83,11700,e,1.5176962614059448,2,80,
83,11700,f,1.4790231585502625,2,80,
83,11700,g,1.5099070072174072,2,80,
83,11700,h,1.4831090569496155,2,80,
83,11700,i,1.439656138420105,2,80,
83,12000,a,1.5305817127227783,2,82,
83,12000,b,1.6950469613075256,2,82,
83,12000,c,1.7055388689041138,2,82,
83,12000,d,1.4721861481666565,2,82,
83,12000,e,1.5998761653900146,2,82,
83,12000,f,1.613826036453247,2,82,
83,12000,g,1.521748960018158,2,82,
83,12000,h,1.577672004699707,2,82,
83,12000,i,1.4804449081420898,2,82,
83,12300,a,1.589415431022644,2,84,
83,12300,b,1.6700974106788635,2,84,
83,12300,c,1.6752479076385498,2,84,
83,12300,d,1.4957759380340576,2,84,
83,12300,e,1.5737281441688538,2,84,
83,12300,f,1.571064054965973,2,84,
83,12300,g,1.4459139704704285,2,84,
83,12300,h,1.5507243871688843,2,84,
83,12300,i,1.474560260772705,2,84,
83,12600,a,1.4844349026679993,2,86,
83,12600,b,1.627732276916504,2,86,
83,12600,c,1.6329960227012634,2,86,
83,12600,d,1.5551241040229797,2,86,
83,12600,e,1.4682515859603882,2,86,
83,12600,f,1.5543612241744995,2,86,
83,12600,g,1.4976170063018799,2,86,
83,12600,h,1.558056354522705,2,86,
83,12600,i,1.565121591091156,2,86,
83,12900,a,1.513553500175476,2,88,
83,12900,b,1.59149968624115,2,88,
83,12900,c,1.6601442098617554,2,88,
83,12900,d,1.5537317395210266,2,88,
83,12900,e,1.5815403461456299,2,88,
83,12900,f,1.6241910457611084,2,88,
83,12900,g,1.569061279296875,2,88,
83,12900,h,1.5244084000587463,2,88,
83,12900,i,1.394929051399231,2,88,
83,13200,a,1.5032585859298706,2,90,
83,13200,b,1.6694236993789673,2,90,
83,13200,c,1.6546372175216675,2,90,
83,13200,d,1.4662714004516602,2,90,
83,13200,e,1.4489284753799438,2,90,
83,13200,f,1.5599520206451416,2,90,
83,13200,g,1.4968854784965515,2,90,
83,13200,h,1.5681690573692322,2,90,
83,13200,i,1.5055601596832275,2,90,
83,13500,a,1.4311103820800781,2,92,
83,13500,b,1.5796206593513489,2,92,
83,13500,c,1.6098650693893433,2,92,
83,13500,d,1.5314422249794006,2,92,
83,13500,e,1.47763991355896,2,92,
83,13500,f,1.4853160977363586,2,92,
83,13500,g,1.4714564681053162,2,92,
83,13500,h,1.561202585697174,2,92,
83,13500,i,1.520691692829132,2,92,
83,13800,a,1.5419611930847168,2,94,
83,13800,b,1.576291799545288,2,94,
83,13800,c,1.6041616797447205,2,94,
83,13800,d,1.469683587551117,2,94,
83,13800,e,1.5539604425430298,2,94,
83,13800,f,1.6379061937332153,2,94,
83,13800,g,1.4055198431015015,2,94,
83,13800,h,1.5274013876914978,2,94,
83,13800,i,1.5110426545143127,2,94,
83,14100,a,1.5201838612556458,2,96,
83,14100,b,1.5197367072105408,2,96,
83,14100,c,1.545381247997284,2,96,
83,14100,d,1.525141954421997,2,96,
83,14100,e,1.544175148010254,2,96,
83,14100,f,1.556483805179596,2,96,
83,14100,g,1.5500617623329163,2,96,
83,14100,h,1.4733878374099731,2,96,
83,14100,i,1.5117380619049072,2,96,
83,14400,a,1.4103171229362488,2,98,
83,14400,b,1.54629385471344,2,98,
83,14400,c,1.5295607447624207,2,98,
83,14400,d,1.541429042816162,2,98,
83,14400,e,1.5277098417282104,2,98,
83,14400,f,1.5848907232284546,2,98,
83,14400,g,1.4382163286209106,2,98,
83,14400,h,1.4444714188575745,2,98,
83,14400,i,1.6133006811141968,2,98,
83,14700,a,1.4535152912139893,2,100,
83,14700,b,1.6241948008537292,2,100,
83,14700,c,1.655574917793274,2,100,
83,14700,d,1.533895194530487,2,100,
83,14700,e,1.6129015684127808,2,100,
83,14700,f,1.5997613072395325,2,100,
83,14700,g,1.3780073523521423,2,100,
83,14700,h,1.5066385865211487,2,100,
83,14700,i,1.4042540788650513,2,100,
83,15000,a,1.5926048755645752,2,102,
83,15000,b,1.686549961566925,2,102,
83,15000,c,1.557354986667633,2,102,
83,15000,d,1.5116716623306274,2,102,
83,15000,e,1.5146973133087158,2,102,
83,15000,f,1.5457486510276794,2,102,
83,15000,g,1.4562088251113892,2,102,
83,15000,h,1.4454997777938843,2,102,
83,15000,i,1.4199763536453247,2,102,
83,15300,a,1.4997659921646118,2,104,
83,15300,b,1.5040862560272217,2,104,
83,15300,c,1.5868881344795227,2,104,
83,15300,d,1.4437685012817383,2,104,
83,15300,e,1.4772666692733765,2,104,
83,15300,f,1.5457267761230469,2,104,
83,15300,g,1.4553310871124268,2,104,
83,15300,h,1.6124904155731201,2,104,
83,15300,i,1.4770245552062988,2,104,
83,15600,a,1.412455439567566,2,106,
83,15600,b,1.5011098384857178,2,106,
83,15600,c,1.6781154870986938,2,106,
83,15600,d,1.4741367101669312,2,106,
83,15600,e,1.445471167564392,2,106,
83,15600,f,1.5405818223953247,2,106,
83,15600,g,1.4611895084381104,2,106,
83,15600,h,1.5534996390342712,2,106,
83,15600,i,1.4215644598007202,2,106,
83,15900,a,1.471057415008545,2,108,
83,15900,b,1.5278474688529968,2,108,
83,15900,c,1.5555269718170166,2,108,
83,15900,d,1.4300167560577393,2,108,
83,15900,e,1.516678512096405,2,108,
83,15900,f,1.51949143409729,2,108,
83,15900,g,1.5967872738838196,2,108,
83,15900,h,1.5371169447898865,2,108,
83,15900,i,1.4529101252555847,2,108,
83,16200,a,1.5947059392929077,2,110,
83,16200,b,1.5969814658164978,2,110,
83,16200,c,1.5546943545341492,2,110,
83,16200,d,1.4577180743217468,2,110,
83,16200,e,1.3306940197944641,2,110,
83,16200,f,1.5964796543121338,2,110,
83,16200,g,1.3436191082000732,2,110,
83,16200,h,1.5142694115638733,2,110,
83,16200,i,1.5212818384170532,2,110,
83,16500,a,1.444407343864441,2,112,
83,16500,b,1.5629884004592896,2,112,
83,16500,c,1.6279181241989136,2,112,
83,16500,d,1.3789361119270325,2,112,
83,16500,e,1.5099502801895142,2,112,
83,16500,f,1.4682857394218445,2,112,
83,16500,g,1.4300370812416077,2,112,
83,16500,h,1.6379636526107788,2,112,
83,16500,i,1.4921894073486328,2,112,
83,16800,a,1.4208945035934448,2,114,
83,16800,b,1.7214093208312988,2,114,
83,16800,c,1.5598273277282715,2,114,
83,16800,d,1.5054675340652466,2,114,
83,16800,e,1.465437650680542,2,114,
83,16800,f,1.5408485531806946,2,114,
83,16800,g,1.412170648574829,2,114,
83,16800,h,1.5182210206985474,2,114,
83,16800,i,1.4786056280136108,2,114,
83,17100,a,1.4680358171463013,2,116,
83,17100,b,1.6017475724220276,2,116,
83,17100,c,1.5503392219543457,2,116,
83,17100,d,1.455152153968811,2,116,
83,17100,e,1.365939974784851,2,116,
83,17100,f,1.5724401473999023,2,116,
83,17100,g,1.510113537311554,2,116,
83,17100,h,1.484096646308899,2,116,
83,17100,i,1.3861379623413086,2,116,
83,17400,a,1.5779045820236206,2,118,
83,17400,b,1.5979050397872925,2,118,
83,17400,c,1.6832135915756226,2,118,
83,17400,d,1.3538657426834106,2,118,
83,17400,e,1.420672059059143,2,118,
83,17400,f,1.5423266887664795,2,118,
83,17400,g,1.466788113117218,2,118,
83,17400,h,1.4752240777015686,2,118,
83,17400,i,1.403211236000061,2,118,
83,17700,a,1.3905068039894104,2,120,
83,17700,b,1.6040812730789185,2,120,
83,17700,c,1.5713785290718079,2,120,
83,17700,d,1.4506070017814636,2,120,
83,17700,e,1.4185032844543457,2,120,
83,17700,f,1.5891807675361633,2,120,
83,17700,g,1.4508637189865112,2,120,
83,17700,h,1.4985476732254028,2,120,
83,17700,i,1.518288016319275,2,120,
83,18000,a,1.3502644896507263,2,122,
83,18000,b,1.618814766407013,2,122,
83,18000,c,1.5944958925247192,2,122,
83,18000,d,1.5170356631278992,2,122,
83,18000,e,1.4898439645767212,2,122,
83,18000,f,1.6286355257034302,2,122,
83,18000,g,1.5034703612327576,2,122,
83,18000,h,1.4040126204490662,2,122,
83,18000,i,1.5216014385223389,2,122,
83,18300,a,1.5862510800361633,2,124,
83,18300,b,1.4989367723464966,2,124,
83,18300,c,1.5562392473220825,2,124,
83,18300,d,1.4508102536201477,2,124,
83,18300,e,1.4409204125404358,2,124,
83,18300,f,1.5025127530097961,2,124,
83,18300,g,1.3972943425178528,2,124,
83,18300,h,1.4138304591178894,2,124,
83,18300,i,1.4211997985839844,2,124,
83,18600,a,1.3898959159851074,2,126,
83,18600,b,1.6110268831253052,2,126,
83,18600,c,1.5030064582824707,2,126,
83,18600,d,1.4337670803070068,2,126,
83,18600,e,1.4855353832244873,2,126,
83,18600,f,1.4802078604698181,2,126,
83,18600,g,1.479672908782959,2,126,
83,18600,h,1.4739950895309448,2,126,
83,18600,i,1.4134737849235535,2,126,
83,18900,a,1.4406681656837463,2,128,
83,18900,b,1.4834448099136353,2,128,
83,18900,c,1.6246985793113708,2,128,
83,18900,d,1.4340546131134033,2,128,
83,18900,e,1.4517441987991333,2,128,
83,18900,f,1.5887651443481445,2,128,
83,18900,g,1.5086429119110107,2,128,
83,18900,h,1.3959143161773682,2,128,
83,18900,i,1.308971643447876,2,128,
83,19200,a,1.4430301785469055,2,130,
83,19200,b,1.4891852140426636,2,130,
83,19200,c,1.6873974800109863,2,130,
83,19200,d,1.387181580066681,2,130,
83,19200,e,1.3469457626342773,2,130,
83,19200,f,1.4817686080932617,2,130,
83,19200,g,1.3913383483886719,2,130,
83,19200,h,1.5071434378623962,2,130,
83,19200,i,1.3896793127059937,2,130,
83,19500,a,1.3646594285964966,2,132,
83,19500,b,1.392576813697815,2,132,
83,19500,c,1.5946100950241089,2,132,
83,19500,d,1.379165530204773,2,132,
83,19500,e,1.3074691891670227,2,132,
83,19500,f,1.559325397014618,2,132,
83,19500,g,1.507071614265442,2,132,
83,19500,h,1.4538108110427856,2,132,
83,19500,i,1.606122374534607,2,132,
83,19800,a,1.469084084033966,2,134,
83,19800,b,1.5686601996421814,2,134,
83,19800,c,1.5344588160514832,2,134,
83,19800,d,1.3906080722808838,2,134,
83,19800,e,1.3721949458122253,2,134,
83,19800,f,1.5160149931907654,2,134,
83,19800,g,1.4279478192329407,2,134,
83,19800,h,1.5009031891822815,2,134,
83,19800,i,1.4182764291763306,2,134,
83,20100,a,1.3443281650543213,2,136,
83,20100,b,1.5864858627319336,2,136,
83,20100,c,1.524155080318451,2,136,
83,20100,d,1.3371077179908752,2,136,
83,20100,e,1.4396753907203674,2,136,
83,20100,f,1.4534893035888672,2,136,
83,20100,g,1.469627559185028,2,136,
83,20100,h,1.4976719617843628,2,136,
83,20100,i,1.3855079412460327,2,136,
83,20400,a,1.3633408546447754,2,138,
83,20400,b,1.6598647832870483,2,138,
83,20400,c,1.359929621219635,2,138,
83,20400,d,1.3444610238075256,2,138,
83,20400,e,1.3926277160644531,2,138,
83,20400,f,1.5602464079856873,2,138,
83,20400,g,1.618858814239502,2,138,
83,20400,h,1.393308401107788,2,138,
83,20400,i,1.5147912502288818,2,138,
83,20700,a,1.3532296419143677,2,140,
83,20700,b,1.5577126741409302,2,140,
83,20700,c,1.5675477385520935,2,140,
83,20700,d,1.4039450287818909,2,140,
83,20700,e,1.491776466369629,2,140,
83,20700,f,1.4211519360542297,2,140,
83,20700,g,1.575225055217743,2,140,
83,20700,h,1.4030624628067017,2,140,
83,20700,i,1.4451179504394531,2,140,
83,21000,a,1.4489704370498657,2,142,
83,21000,b,1.6327547430992126,2,142,
83,21000,c,1.4544899463653564,2,142,
83,21000,d,1.3808714151382446,2,142,
83,21000,e,1.2620473504066467,2,142,
83,21000,f,1.386741578578949,2,142,
83,21000,g,1.4840944409370422,2,142,
83,21000,h,1.373490810394287,2,142,
83,21000,i,1.400892198085785,2,142,
83,21300,a,1.4210230112075806,2,144,
83,21300,b,1.4950573444366455,2,144,
83,21300,c,1.4793305397033691,2,144,
83,21300,d,1.3953577280044556,2,144,
83,21300,e,1.2214094400405884,2,144,
83,21300,f,1.5527448654174805,2,144,
83,21300,g,1.4377147555351257,2,144,
83,21300,h,1.4239251613616943,2,144,
83,21300,i,1.5164105892181396,2,144,
83,21600,a,1.3383397459983826,2,146,
83,21600,b,1.4239295721054077,2,146,
83,21600,c,1.4166221022605896,2,146,
83,21600,d,1.4248126149177551,2,146,
83,21600,e,1.346121370792389,2,146,
83,21600,f,1.504205048084259,2,146,
83,21600,g,1.3864611983299255,2,146,
83,21600,h,1.467994213104248,2,146,
83,21600,i,1.4532214403152466,2,146,
83,21900,a,1.3220527172088623,2,148,
83,21900,b,1.605790615081787,2,148,
83,21900,c,1.4094621539115906,2,148,
83,21900,d,1.4293267726898193,2,148,
83,21900,e,1.4413646459579468,2,148,
83,21900,f,1.4918874502182007,2,148,
83,21900,g,1.4137569069862366,2,148,
83,21900,h,1.41416597366333,2,148,
83,21900,i,1.4122471809387207,2,148,
83,22200,a,1.3846460580825806,2,150,
83,22200,b,1.450860619544983,2,150,
83,22200,c,1.5175034403800964,2,150,
83,22200,d,1.305026888847351,2,150,
83,22200,e,1.3157212734222412,2,150,
83,22200,f,1.5243308544158936,2,150,
83,22200,g,1.4655826687812805,2,150,
83,22200,h,1.3021034598350525,2,150,
83,22200,i,1.3901352882385254,2,150,
83,22500,a,1.4004307985305786,2,152,
83,22500,b,1.5296877026557922,2,152,
83,22500,c,1.423218846321106,2,152,
83,22500,d,1.2783715724945068,2,152,
83,22500,e,1.339443862438202,2,152,
83,22500,f,1.4941052198410034,2,152,
83,22500,g,1.39143306016922,2,152,
83,22500,h,1.4893452525138855,2,152,
83,22500,i,1.3166162967681885,2,152,
83,22800,a,1.3159982562065125,2,154,
83,22800,b,1.4741860628128052,2,154,
83,22800,c,1.4554928541183472,2,154,
83,22800,d,1.3444049954414368,2,154,
83,22800,e,1.3575428128242493,2,154,
83,22800,f,1.378710687160492,2,154,
83,22800,g,1.449368953704834,2,154,
83,22800,h,1.3919737935066223,2,154,
83,22800,i,1.406211793422699,2,154,
83,23100,a,1.5036505460739136,2,156,
83,23100,b,1.6804198026657104,2,156,
83,23100,c,1.4811564683914185,2,156,
83,23100,d,1.3839914798736572,2,156,
83,23100,e,1.356984794139862,2,156,
83,23100,f,1.4345718026161194,2,156,
83,23100,g,1.343403697013855,2,156,
83,23100,h,1.4258528351783752,2,156,
83,23100,i,1.2964003086090088,2,156,
83,23400,a,1.2691901922225952,2,158,
83,23400,b,1.5049883127212524,2,158,
83,23400,c,1.4429856538772583,2,158,
83,23400,d,1.318007469177246,2,158,
83,23400,e,1.3463075757026672,2,158,
83,23400,f,1.3789259791374207,2,158,
83,23400,g,1.511158049106598,2,158,
83,23400,h,1.2944567799568176,2,158,
83,23400,i,1.3420647382736206,2,158,
83,23700,a,1.4188060760498047,2,160,
83,23700,b,1.5538124442100525,2,160,
83,23700,c,1.349722146987915,2,160,
83,23700,d,1.2834727764129639,2,160,
83,23700,e,1.335635006427765,2,160,
83,23700,f,1.5405813455581665,2,160,
83,23700,g,1.4229210019111633,2,160,
83,23700,h,1.326433777809143,2,160,
83,23700,i,1.4097687005996704,2,160,
83,24000,a,1.3472457528114319,2,162,
83,24000,b,1.4340695142745972,2,162,
83,24000,c,1.4868855476379395,2,162,
83,24000,d,1.276528000831604,2,162,
83,24000,e,1.4435398578643799,2,162,
83,24000,f,1.355624496936798,2,162,
83,24000,g,1.3805946111679077,2,162,
83,24000,h,1.3905621767044067,2,162,
83,24000,i,1.4925463199615479,2,162,
83,24300,a,1.3289840817451477,2,164,
83,24300,b,1.492974042892456,2,164,
83,24300,c,1.5004097819328308,2,164,
83,24300,d,1.266436219215393,2,164,
83,24300,e,1.422687292098999,2,164,
83,24300,f,1.428642451763153,2,164,
83,24300,g,1.3189115524291992,2,164,
83,24300,h,1.3327735662460327,2,164,
83,24300,i,1.6761147379875183,2,164,
83,24600,a,1.299608826637268,2,166,
83,24600,b,1.504442572593689,2,166,
83,24600,c,1.5487287640571594,2,166,
83,24600,d,1.3089849948883057,2,166,
83,24600,e,1.3181233406066895,2,166,
83,24600,f,1.448887050151825,2,166,
83,24600,g,1.373549997806549,2,166,
83,24600,h,1.3512750267982483,2,166,
83,24600,i,1.3343777656555176,2,166,
83,24900,a,1.544688642024994,2,168,
83,24900,b,1.4783641695976257,2,168,
83,24900,c,1.5654122829437256,2,168,
83,24900,d,1.2747990489006042,2,168,
83,24900,e,1.4058157801628113,2,168,
83,24900,f,1.3905240297317505,2,168,
83,24900,g,1.3744654655456543,2,168,
83,24900,h,1.3167558312416077,2,168,
83,24900,i,1.3307949900627136,2,168,
83,25200,a,1.378692626953125,2,170,
83,25200,b,1.4354979991912842,2,170,
83,25200,c,1.4036695957183838,2,170,
83,25200,d,1.3121182322502136,2,170,
83,25200,e,1.343660831451416,2,170,
83,25200,f,1.4707133769989014,2,170,
83,25200,g,1.4491283893585205,2,170,
83,25200,h,1.3505802154541016,2,170,
83,25200,i,1.2540414333343506,2,170,
83,25500,a,1.5738621950149536,2,172,
83,25500,b,1.463226854801178,2,172,
83,25500,c,1.521800935268402,2,172,
83,25500,d,1.2727115154266357,2,172,
83,25500,e,1.3428117632865906,2,172,
83,25500,f,1.3677817583084106,2,172,
83,25500,g,1.3933603167533875,2,172,
83,25500,h,1.3802440762519836,2,172,
83,25500,i,1.3404940366744995,2,172,
83,25800,a,1.2595337629318237,2,174,
83,25800,b,1.5588644742965698,2,174,
83,25800,c,1.523323893547058,2,174,
83,25800,d,1.3598016500473022,2,174,
83,25800,e,1.411666750907898,2,174,
83,25800,f,1.3421112298965454,2,174,
83,25800,g,1.3885303139686584,2,174,
83,25800,h,1.405737280845642,2,174,
83,25800,i,1.4736314415931702,2,174,
83,26100,a,1.43926340341568,2,176,
83,26100,b,1.4892497658729553,2,176,
83,26100,c,1.5043665170669556,2,176,
83,26100,d,1.3192303776741028,2,176,
83,26100,e,1.2631168365478516,2,176,
83,26100,f,1.485759198665619,2,176,
83,26100,g,1.3568276166915894,2,176,
83,26100,h,1.208775520324707,2,176,
83,26100,i,1.3626708388328552,2,176,
83,26400,a,1.4053511023521423,2,178,
83,26400,b,1.4253011345863342,2,178,
83,26400,c,1.5306525826454163,2,178,
83,26400,d,1.3777676224708557,2,178,
83,26400,e,1.3998961448669434,2,178,
83,26400,f,1.3299438953399658,2,178,
83,26400,g,1.2783105373382568,2,178,
83,26400,h,1.2748517394065857,2,178,
83,26400,i,1.2956873178482056,2,178,
83,26700,a,1.345030665397644,2,180,
83,26700,b,1.4398192167282104,2,180,
83,26700,c,1.4707108736038208,2,180,
83,26700,d,1.4157648086547852,2,180,
83,26700,e,1.3950007557868958,2,180,
83,26700,f,1.3720173835754395,2,180,
83,26700,g,1.415658712387085,2,180,
83,26700,h,1.3318272233009338,2,180,
83,26700,i,1.6601475477218628,2,180,
83,27000,a,1.331461489200592,2,182,
83,27000,b,1.4898805022239685,2,182,
83,27000,c,1.4547210335731506,2,182,
83,27000,d,1.3961618542671204,2,182,
83,27000,e,1.3169718384742737,2,182,
83,27000,f,1.456586241722107,2,182,
83,27000,g,1.4757067561149597,2,182,
83,27000,h,1.3011080026626587,2,182,
83,27000,i,1.3916911482810974,2,182,
83,27300,a,1.3337593078613281,2,184,
83,27300,b,1.5961855053901672,2,184,
83,27300,c,1.5307121276855469,2,184,
83,27300,d,1.3208719491958618,2,184,
83,27300,e,1.3317906856536865,2,184,
83,27300,f,1.3305479288101196,2,184,
83,27300,g,1.3736788630485535,2,184,
83,27300,h,1.2864335179328918,2,184,
83,27300,i,1.3625908493995667,2,184,
83,27600,a,1.2274267077445984,2,186,
83,27600,b,1.5063567161560059,2,186,
83,27600,c,1.5345678925514221,2,186,
83,27600,d,1.208279550075531,2,186,
83,27600,e,1.2725327014923096,2,186,
83,27600,f,1.490573763847351,2,186,
83,27600,g,1.3562496900558472,2,186,
83,27600,h,1.413957417011261,2,186,
83,27600,i,1.29546719789505,2,186,
83,27900,a,1.4652327299118042,2,188,
83,27900,b,1.5212647914886475,2,188,
83,27900,c,1.4527372121810913,2,188,
83,27900,d,1.4180949330329895,2,188,
83,27900,e,1.3842405676841736,2,188,
83,27900,f,1.398611307144165,2,188,
83,27900,g,1.3636119365692139,2,188,
83,27900,h,1.3053187131881714,2,188,
83,27900,i,1.2978754043579102,2,188,
83,28200,a,1.3476393222808838,2,190,
83,28200,b,1.4719089269638062,2,190,
83,28200,c,1.4446749091148376,2,190,
83,28200,d,1.2936031222343445,2,190,
83,28200,e,1.2812576293945312,2,190,
83,28200,f,1.2669920325279236,2,190,
83,28200,g,1.2382249236106873,2,190,
83,28200,h,1.2298640608787537,2,190,
83,28200,i,1.2756214141845703,2,190,
83,28500,a,1.399922251701355,2,192,
83,28500,b,1.5834936499595642,2,192,
83,28500,c,1.3417609930038452,2,192,
83,28500,d,1.2996800541877747,2,192,
83,28500,e,1.3521633744239807,2,192,
83,28500,f,1.5478264689445496,2,192,
83,28500,g,1.3097380995750427,2,192,
83,28500,h,1.251838743686676,2,192,
83,28500,i,1.2377750277519226,2,192,
83,28800,a,1.3034801483154297,2,194,
83,28800,b,1.47919100522995,2,194,
83,28800,c,1.4745999574661255,2,194,
83,28800,d,1.4449992775917053,2,194,
83,28800,e,1.391758382320404,2,194,
83,28800,f,1.3487817645072937,2,194,
83,28800,g,1.4150978326797485,2,194,
83,28800,h,1.4341562986373901,2,194,
83,28800,i,1.3672770261764526,2,194,
83,29100,a,1.31951504945755,2,196,
83,29100,b,1.4320135712623596,2,196,
83,29100,c,1.5643282532691956,2,196,
83,29100,d,1.3494133949279785,2,196,
83,29100,e,1.235404133796692,2,196,
83,29100,f,1.3220744729042053,2,196,
83,29100,g,1.4144749641418457,2,196,
83,29100,h,1.3693839311599731,2,196,
83,29100,i,1.3278318047523499,2,196,
83,29400,a,1.3855066299438477,2,198,
83,29400,b,1.474159300327301,2,198,
83,29400,c,1.3876423239707947,2,198,
83,29400,d,1.250027596950531,2,198,
83,29400,e,1.2519336938858032,2,198,
83,29400,f,1.3543015718460083,2,198,
83,29400,g,1.343772053718567,2,198,
83,29400,h,1.458682656288147,2,198,
83,29400,i,1.2322036027908325,2,198,
83,29700,a,1.429377555847168,2,200,
83,29700,b,1.4629566073417664,2,200,
83,29700,c,1.352528989315033,2,200,
83,29700,d,1.4014976024627686,2,200,
83,29700,e,1.3686109781265259,2,200,
83,29700,f,1.3567943572998047,2,200,
83,29700,g,1.319367229938507,2,200,
83,29700,h,1.3158569931983948,2,200,
83,29700,i,1.3610625267028809,2,200,
83,30000,a,1.3360575437545776,2,202,
83,30000,b,1.5435386300086975,2,202,
83,30000,c,1.4371284246444702,2,202,
83,30000,d,1.3904070854187012,2,202,
83,30000,e,1.2509754300117493,2,202,
83,30000,f,1.3222908973693848,2,202,
83,30000,g,1.3330516815185547,2,202,
83,30000,h,1.4784775972366333,2,202,
83,30000,i,1.2462735176086426,2,202,
83,30300,a,1.2733272314071655,2,204,
83,30300,b,1.3918192982673645,2,204,
83,30300,c,1.3771296739578247,2,204,
83,30300,d,1.2340273261070251,2,204,
83,30300,e,1.361402988433838,2,204,
83,30300,f,1.5053165555000305,2,204,
83,30300,g,1.2395657300949097,2,204,
83,30300,h,1.201908826828003,2,204,
83,30300,i,1.4183589816093445,2,204,
83,30600,a,1.255927860736847,2,206,
83,30600,b,1.3261329531669617,2,206,
83,30600,c,1.379241943359375,2,206,
83,30600,d,1.3452945351600647,2,206,
83,30600,e,1.234227478504181,2,206,
83,30600,f,1.4593573808670044,2,206,
83,30600,g,1.3974860906600952,2,206,
83,30600,h,1.326293408870697,2,206,
83,30600,i,1.2833965420722961,2,206,
83,30900,a,1.2571083307266235,2,208,
83,30900,b,1.5000092387199402,2,208,
83,30900,c,1.3329257369041443,2,208,
83,30900,d,1.1933547258377075,2,208,
83,30900,e,1.3293831944465637,2,208,
83,30900,f,1.2597684860229492,2,208,
83,30900,g,1.3095245957374573,2,208,
83,30900,h,1.2782673835754395,2,208,
83,30900,i,1.3477797508239746,2,208,
83,31200,a,1.3653621673583984,2,210,
83,31200,b,1.4909738898277283,2,210,
83,31200,c,1.4265355467796326,2,210,
83,31200,d,1.276070475578308,2,210,
83,31200,e,1.4595550298690796,2,210,
83,31200,f,1.3339101672172546,2,210,
83,31200,g,1.1684996485710144,2,210,
83,31200,h,1.3994131088256836,2,210,
83,31200,i,1.225088119506836,2,210,
83,31500,a,1.2401376366615295,2,212,
83,31500,b,1.382849931716919,2,212,
83,31500,c,1.3319383263587952,2,212,
83,31500,d,1.2154788374900818,2,212,
83,31500,e,1.2786545753479004,2,212,
83,31500,f,1.364166021347046,2,212,
83,31500,g,1.3714826107025146,2,212,
83,31500,h,1.428140103816986,2,212,
83,31500,i,1.2393980026245117,2,212,
83,31800,a,1.3036208152770996,2,214,
83,31800,b,1.4066547751426697,2,214,
83,31800,c,1.4353934526443481,2,214,
83,31800,d,1.1613256931304932,2,214,
83,31800,e,1.2897769212722778,2,214,
83,31800,f,1.2975408434867859,2,214,
83,31800,g,1.3199511170387268,2,214,
83,31800,h,1.4185734987258911,2,214,
83,31800,i,1.326200783252716,2,214,
83,32100,a,1.4078941941261292,2,216,
83,32100,b,1.3821896314620972,2,216,
83,32100,c,1.440457820892334,2,216,
83,32100,d,1.283693790435791,2,216,
83,32100,e,1.3288822174072266,2,216,
83,32100,f,1.4397724270820618,2,216,
83,32100,g,1.324791431427002,2,216,
83,32100,h,1.3108471632003784,2,216,
83,32100,i,1.1621273756027222,2,216,
83,32400,a,1.2685787081718445,2,218,
83,32400,b,1.6485571265220642,2,218,
83,32400,c,1.4126421213150024,2,218,
83,32400,d,1.269775152206421,2,218,
83,32400,e,1.2462676763534546,2,218,
83,32400,f,1.420712172985077,2,218,
83,32400,g,1.3235517144203186,2,218,
83,32400,h,1.3035171627998352,2,218,
83,32400,i,1.237259030342102,2,218,
83,32700,a,1.3220241069793701,2,220,
83,32700,b,1.4167738556861877,2,220,
83,32700,c,1.450832188129425,2,220,
83,32700,d,1.3544341325759888,2,220,
83,32700,e,1.1982839107513428,2,220,
83,32700,f,1.4563243389129639,2,220,
83,32700,g,1.3797595500946045,2,220,
83,32700,h,1.3801815509796143,2,220,
83,32700,i,1.2546725869178772,2,220,
83,33000,a,1.3669846653938293,2,222,
83,33000,b,1.3385160565376282,2,222,
83,33000,c,1.3494333624839783,2,222,
83,33000,d,1.3073132038116455,2,222,
83,33000,e,1.277554452419281,2,222,
83,33000,f,1.2639798521995544,2,222,
83,33000,g,1.3123074173927307,2,222,
83,33000,h,1.4049948453903198,2,222,
83,33000,i,1.259413480758667,2,222,
83,33300,a,1.331208348274231,2,224,
83,33300,b,1.4953933358192444,2,224,
83,33300,c,1.4186335802078247,2,224,
83,33300,d,1.2974854707717896,2,224,
83,33300,e,1.2634140849113464,2,224,
83,33300,f,1.3198660016059875,2,224,
83,33300,g,1.3263579607009888,2,224,
83,33300,h,1.3681412935256958,2,224,
83,33300,i,1.3756351470947266,2,224,
83,33600,a,1.4388874769210815,2,226,
83,33600,b,1.4966306686401367,2,226,
83,33600,c,1.3001078963279724,2,226,
83,33600,d,1.2802882194519043,2,226,
83,33600,e,1.3153815269470215,2,226,
83,33600,f,1.4928049445152283,2,226,
83,33600,g,1.4267994165420532,2,226,
83,33600,h,1.5204733610153198,2,226,
83,33600,i,1.2389950156211853,2,226,
83,33900,a,1.1779781579971313,2,228,
83,33900,b,1.5759575366973877,2,228,
83,33900,c,1.358630657196045,2,228,
83,33900,d,1.2938313484191895,2,228,
83,33900,e,1.2668357491493225,2,228,
83,33900,f,1.3543144464492798,2,228,
83,33900,g,1.2880569696426392,2,228,
83,33900,h,1.2746703624725342,2,228,
83,33900,i,1.319722056388855,2,228,
83,34200,a,1.2575678825378418,2,230,
83,34200,b,1.4280282258987427,2,230,
83,34200,c,1.3918724060058594,2,230,
83,34200,d,1.3810562491416931,2,230,
83,34200,e,1.378013014793396,2,230,
83,34200,f,1.3150355815887451,2,230,
83,34200,g,1.3897190690040588,2,230,
83,34200,h,1.2180646657943726,2,230,
83,34200,i,1.4263706803321838,2,230,
83,34500,a,1.4166432619094849,2,232,
83,34500,b,1.5513352155685425,2,232,
83,34500,c,1.4753949642181396,2,232,
83,34500,d,1.289099633693695,2,232,
83,34500,e,1.2587320804595947,2,232,
83,34500,f,1.3474144339561462,2,232,
83,34500,g,1.3883532881736755,2,232,
83,34500,h,1.1794984936714172,2,232,
83,34500,i,1.282649040222168,2,232,
83,34800,a,1.3641762137413025,2,234,
83,34800,b,1.4369202256202698,2,234,
83,34800,c,1.2861977815628052,2,234,
83,34800,d,1.2415788769721985,2,234,
83,34800,e,1.3685253262519836,2,234,
83,34800,f,1.3620187044143677,2,234,
83,34800,g,1.2884318828582764,2,234,
83,34800,h,1.1677821278572083,2,234,
83,34800,i,1.2835530042648315,2,234,
83,35100,a,1.3091133832931519,2,236,
83,35100,b,1.5045399069786072,2,236,
83,35100,c,1.487220287322998,2,236,
83,35100,d,1.2146954536437988,2,236,
83,35100,e,1.364463448524475,2,236,
83,35100,f,1.4457237720489502,2,236,
83,35100,g,1.3626874685287476,2,236,
83,35100,h,1.160886824131012,2,236,
83,35100,i,1.197508692741394,2,236,
83,35400,a,1.4279335141181946,2,238,
83,35400,b,1.4518296122550964,2,238,
83,35400,c,1.3678107261657715,2,238,
83,35400,d,1.2555439472198486,2,238,
83,35400,e,1.2067999839782715,2,238,
83,35400,f,1.336179256439209,2,238,
83,35400,g,1.3032986521720886,2,238,
83,35400,h,1.3401779532432556,2,238,
83,35400,i,1.3546950817108154,2,238,
83,35700,a,1.1649084091186523,2,240,
83,35700,b,1.4946041107177734,2,240,
83,35700,c,1.619733452796936,2,240,
83,35700,d,1.3175522685050964,2,240,
83,35700,e,1.4349563717842102,2,240,
83,35700,f,1.5320864915847778,2,240,
83,35700,g,1.3622612953186035,2,240,
83,35700,h,1.405553162097931,2,240,
83,35700,i,1.293669581413269,2,240,
83,36000,a,1.382741928100586,2,242,
83,36000,b,1.4774914383888245,2,242,
83,36000,c,1.4237224459648132,2,242,
83,36000,d,1.2885973453521729,2,242,
83,36000,e,1.29243803024292,2,242,
83,36000,f,1.2937246561050415,2,242,
83,36000,g,1.316214919090271,2,242,
83,36000,h,1.2363929152488708,2,242,
83,36000,i,1.352494239807129,2,242,
83,36300,a,1.3550796508789062,2,244,
83,36300,b,1.450682818889618,2,244,
83,36300,c,1.3678529262542725,2,244,
83,36300,d,1.26353120803833,2,244,
83,36300,e,1.3287166357040405,2,244,
83,36300,f,1.4546117782592773,2,244,
83,36300,g,1.4552745819091797,2,244,
83,36300,h,1.28500235080719,2,244,
83,36300,i,1.2934746742248535,2,244,
83,36600,a,1.2605053186416626,2,246,
83,36600,b,1.2380520701408386,2,246,
83,36600,c,1.3313744068145752,2,246,
83,36600,d,1.167353630065918,2,246,
83,36600,e,1.3542014360427856,2,246,
83,36600,f,1.3433622121810913,2,246,
83,36600,g,1.3023627996444702,2,246,
83,36600,h,1.3422496914863586,2,246,
83,36600,i,1.2520369291305542,2,246,
83,36900,a,1.3638723492622375,2,248,
83,36900,b,1.6180900931358337,2,248,
83,36900,c,1.3537041544914246,2,248,
83,36900,d,1.2937442064285278,2,248,
83,36900,e,1.2562536001205444,2,248,
83,36900,f,1.2906368970870972,2,248,
83,36900,g,1.2617939710617065,2,248,
83,36900,h,1.281854510307312,2,248,
83,36900,i,1.365598738193512,2,248,
83,37200,a,1.1933441758155823,2,250,
83,37200,b,1.4398666620254517,2,250,
83,37200,c,1.2770346403121948,2,250,
83,37200,d,1.3320083618164062,2,250,
83,37200,e,1.1803138256072998,2,250,
83,37200,f,1.5394796133041382,2,250,
83,37200,g,1.3575119376182556,2,250,
83,37200,h,1.3127850890159607,2,250,
83,37200,i,1.2212960720062256,2,250,
83,37500,a,1.3104190826416016,2,252,
83,37500,b,1.412613868713379,2,252,
83,37500,c,1.3936412930488586,2,252,
83,37500,d,1.2541903257369995,2,252,
83,37500,e,1.311135470867157,2,252,
83,37500,f,1.3653093576431274,2,252,
83,37500,g,1.3119440078735352,2,252,
83,37500,h,1.1976664066314697,2,252,
83,37500,i,1.3340909481048584,2,252,
83,37800,a,1.3897782564163208,2,254,
83,37800,b,1.338695764541626,2,254,
83,37800,c,1.3385050296783447,2,254,
83,37800,d,1.5120927095413208,2,254,
83,37800,e,1.2735321521759033,2,254,
83,37800,f,1.412472903728485,2,254,
83,37800,g,1.3360270857810974,2,254,
83,37800,h,1.2872216701507568,2,254,
83,37800,i,1.344493806362152,2,254,
83,38100,a,1.2429747581481934,2,256,
83,38100,b,1.3806514143943787,2,256,
83,38100,c,1.4564111828804016,2,256,
83,38100,d,1.2519786357879639,2,256,
83,38100,e,1.2890167832374573,2,256,
83,38100,f,1.3979089260101318,2,256,
83,38100,g,1.271206021308899,2,256,
83,38100,h,1.486918330192566,2,256,
83,38100,i,1.3525317907333374,2,256,
83,38400,a,1.408588945865631,2,258,
83,38400,b,1.5274245738983154,2,258,
83,38400,c,1.357268512248993,2,258,
83,38400,d,1.19649338722229,2,258,
83,38400,e,1.212991178035736,2,258,
83,38400,f,1.2506494522094727,2,258,
83,38400,g,1.3425754308700562,2,258,
83,38400,h,1.4335553050041199,2,258,
83,38400,i,1.40389084815979,2,258,
83,38700,a,1.3190361261367798,2,260,
83,38700,b,1.538341462612152,2,260,
83,38700,c,1.4875574707984924,2,260,
83,38700,d,1.275766372680664,2,260,
83,38700,e,1.3408854603767395,2,260,
83,38700,f,1.245643973350525,2,260,
83,38700,g,1.1849362254142761,2,260,
83,38700,h,1.366430640220642,2,260,
83,38700,i,1.1643208265304565,2,260,
83,39000,a,1.20652574300766,2,262,
83,39000,b,1.5415948629379272,2,262,
83,39000,c,1.2731319665908813,2,262,
83,39000,d,1.1718398332595825,2,262,
83,39000,e,1.341473937034607,2,262,
83,39000,f,1.3250638842582703,2,262,
83,39000,g,1.2540276050567627,2,262,
83,39000,h,1.3232659697532654,2,262,
83,39000,i,1.2953148484230042,2,262,
83,39300,a,1.3858000040054321,2,264,
83,39300,b,1.4266526699066162,2,264,
83,39300,c,1.5327775478363037,2,264,
83,39300,d,1.2402242422103882,2,264,
83,39300,e,1.304603099822998,2,264,
83,39300,f,1.5642784237861633,2,264,
83,39300,g,1.3372204303741455,2,264,
83,39300,h,1.2638790607452393,2,264,
83,39300,i,1.2385145425796509,2,264,
83,39600,a,1.2757005095481873,2,266,
83,39600,b,1.504022479057312,2,266,
83,39600,c,1.4165214896202087,2,266,
83,39600,d,1.2430354356765747,2,266,
83,39600,e,1.194358468055725,2,266,
83,39600,f,1.5787859559059143,2,266,
83,39600,g,1.226099669933319,2,266,
83,39600,h,1.3151464462280273,2,266,
83,39600,i,1.204068899154663,2,266,
83,39900,a,1.1984877586364746,2,268,
83,39900,b,1.3140209913253784,2,268,
83,39900,c,1.2774657607078552,2,268,
83,39900,d,1.340248167514801,2,268,
83,39900,e,1.2723362445831299,2,268,
83,39900,f,1.4259017705917358,2,268,
83,39900,g,1.312928020954132,2,268,
83,39900,h,1.2319979071617126,2,268,
83,39900,i,1.202379047870636,2,268,
83,40200,a,1.2017762064933777,2,270,
83,40200,b,1.4463045597076416,2,270,
83,40200,c,1.3679702281951904,2,270,
83,40200,d,1.1045964360237122,2,270,
83,40200,e,1.1325876712799072,2,270,
83,40200,f,1.212989330291748,2,270,
83,40200,g,1.2134267687797546,2,270,
83,40200,h,1.363203227519989,2,270,
83,40200,i,1.2608582377433777,2,270,
83,40500,a,1.234008252620697,2,272,
83,40500,b,1.489968478679657,2,272,
83,40500,c,1.4029054641723633,2,272,
83,40500,d,1.2888102531433105,2,272,
83,40500,e,1.2363820672035217,2,272,
83,40500,f,1.3323797583580017,2,272,
83,40500,g,1.430026650428772,2,272,
83,40500,h,1.3784044981002808,2,272,
83,40500,i,1.1752886772155762,2,272,
83,40800,a,1.1902261972427368,2,274,
83,40800,b,1.4169309735298157,2,274,
83,40800,c,1.2703266739845276,2,274,
83,40800,d,1.2293214797973633,2,274,
83,40800,e,1.113118290901184,2,274,
83,40800,f,1.2747721672058105,2,274,
83,40800,g,1.2010775804519653,2,274,
83,40800,h,1.240818738937378,2,274,
83,40800,i,1.2145267128944397,2,274,
83,41100,a,1.404028594493866,2,276,
83,41100,b,1.3692878484725952,2,276,
83,41100,c,1.2728611826896667,2,276,
83,41100,d,1.247721791267395,2,276,
83,41100,e,1.285513997077942,2,276,
83,41100,f,1.3141484260559082,2,276,
83,41100,g,1.3814641237258911,2,276,
83,41100,h,1.4416168928146362,2,276,
83,41100,i,1.3175342082977295,2,276,
83,41400,a,1.1927821636199951,2,278,
83,41400,b,1.4728724360466003,2,278,
83,41400,c,1.3533454537391663,2,278,
83,41400,d,1.142660915851593,2,278,
83,41400,e,1.2037075757980347,2,278,
83,41400,f,1.2869407534599304,2,278,
83,41400,g,1.382778525352478,2,278,
83,41400,h,1.2927342653274536,2,278,
83,41400,i,1.312436282634735,2,278,
83,41700,a,1.2825064063072205,2,280,
83,41700,b,1.409191370010376,2,280,
83,41700,c,1.2708622217178345,2,280,
83,41700,d,1.2753291130065918,2,280,
83,41700,e,1.2135862112045288,2,280,
83,41700,f,1.3717434406280518,2,280,
83,41700,g,1.3510454893112183,2,280,
83,41700,h,1.2425126433372498,2,280,
83,41700,i,1.270556926727295,2,280,
83,42000,a,1.4441604614257812,2,282,
83,42000,b,1.363556981086731,2,282,
83,42000,c,1.4459245800971985,2,282,
83,42000,d,1.3784928917884827,2,282,
83,42000,e,1.4979521036148071,2,282,
83,42000,f,1.4128870368003845,2,282,
83,42000,g,1.262872576713562,2,282,
83,42000,h,1.3038787841796875,2,282,
83,42000,i,1.2832021713256836,2,282,
83,42300,a,1.2147220373153687,2,284,
83,42300,b,1.3852618336677551,2,284,
83,42300,c,1.3605607748031616,2,284,
83,42300,d,1.2093181014060974,2,284,
83,42300,e,1.1591782569885254,2,284,
83,42300,f,1.3276209831237793,2,284,
83,42300,g,1.337451696395874,2,284,
83,42300,h,1.1819514632225037,2,284,
83,42300,i,1.275806725025177,2,284,
83,42600,a,1.2611379027366638,2,286,
83,42600,b,1.4140565991401672,2,286,
83,42600,c,1.4869388937950134,2,286,
83,42600,d,1.2040424942970276,2,286,
83,42600,e,1.3107669353485107,2,286,
83,42600,f,1.324457049369812,2,286,
83,42600,g,1.3532142639160156,2,286,
83,42600,h,1.1798001527786255,2,286,
83,42600,i,1.2417885661125183,2,286,
83,42900,a,1.2643340826034546,2,288,
83,42900,b,1.2930210828781128,2,288,
83,42900,c,1.3380948901176453,2,288,
83,42900,d,1.1443231105804443,2,288,
83,42900,e,1.3535088300704956,2,288,
83,42900,f,1.4231942296028137,2,288,
83,42900,g,1.3124713897705078,2,288,
83,42900,h,1.256009042263031,2,288,
83,42900,i,1.2375266551971436,2,288,
83,43200,a,1.3122450113296509,2,290,
83,43200,b,1.358352780342102,2,290,
83,43200,c,1.4453551173210144,2,290,
83,43200,d,1.2959107160568237,2,290,
83,43200,e,1.3508100509643555,2,290,
83,43200,f,1.3458544611930847,2,290,
83,43200,g,1.265550971031189,2,290,
83,43200,h,1.1425528526306152,2,290,
83,43200,i,1.3030871748924255,2,290,
83,43500,a,1.3759058117866516,2,292,
83,43500,b,1.4030926823616028,2,292,
83,43500,c,1.3574986457824707,2,292,
83,43500,d,1.2589772939682007,2,292,
83,43500,e,1.3835945129394531,2,292,
83,43500,f,1.36287522315979,2,292,
83,43500,g,1.139322280883789,2,292,
83,43500,h,1.2690521478652954,2,292,
83,43500,i,1.2305813431739807,2,292,
83,43800,a,1.1183286309242249,2,294,
83,43800,b,1.4914007186889648,2,294,
83,43800,c,1.2968598008155823,2,294,
83,43800,d,1.147966593503952,2,294,
83,43800,e,1.3060321807861328,2,294,
83,43800,f,1.3111329078674316,2,294,
83,43800,g,1.2775609493255615,2,294,
83,43800,h,1.2492570877075195,2,294,
83,43800,i,1.2775560021400452,2,294,
83,44100,a,1.116576910018921,2,296,
83,44100,b,1.4113308787345886,2,296,
83,44100,c,1.3559761047363281,2,296,
83,44100,d,1.1589550375938416,2,296,
83,44100,e,1.181431233882904,2,296,
83,44100,f,1.525791049003601,2,296,
83,44100,g,1.2745366096496582,2,296,
83,44100,h,1.1684250831604004,2,296,
83,44100,i,1.374900460243225,2,296,
83,44400,a,1.271587610244751,2,298,
83,44400,b,1.347002387046814,2,298,
83,44400,c,1.3855522871017456,2,298,
83,44400,d,1.1767354011535645,2,298,
83,44400,e,1.4788601994514465,2,298,
83,44400,f,1.3078165650367737,2,298,
83,44400,g,1.2692508697509766,2,298,
83,44400,h,1.2202311754226685,2,298,
83,44400,i,1.2325060367584229,2,298,
83,44700,a,1.291778802871704,2,300,
83,44700,b,1.456004559993744,2,300,
83,44700,c,1.3766656517982483,2,300,
83,44700,d,1.1155349016189575,2,300,
83,44700,e,1.396414577960968,2,300,
83,44700,f,1.2783570289611816,2,300,
83,44700,g,1.263299822807312,2,300,
83,44700,h,1.233752429485321,2,300,
83,44700,i,1.1227856278419495,2,300,
83,45000,a,1.3502123355865479,2,302,
83,45000,b,1.3312056064605713,2,302,
83,45000,c,1.4501518607139587,2,302,
83,45000,d,1.2505157589912415,2,302,
83,45000,e,1.126305878162384,2,302,
83,45000,f,1.2918370962142944,2,302,
83,45000,g,1.2970290780067444,2,302,
83,45000,h,1.22898530960083,2,302,
83,45000,i,1.177184820175171,2,302,
83,45300,a,1.3214164972305298,2,304,
83,45300,b,1.5365810990333557,2,304,
83,45300,c,1.2958492636680603,2,304,
83,45300,d,1.179324984550476,2,304,
83,45300,e,1.2294955253601074,2,304,
83,45300,f,1.2994889616966248,2,304,
83,45300,g,1.405169665813446,2,304,
83,45300,h,1.2122598886489868,2,304,
83,45300,i,1.1720325350761414,2,304,
83,45600,a,1.3287127614021301,2,306,
83,45600,b,1.4277788996696472,2,306,
83,45600,c,1.2980409264564514,2,306,
83,45600,d,1.2148698568344116,2,306,
83,45600,e,1.2031795978546143,2,306,
83,45600,f,1.4358205795288086,2,306,
83,45600,g,1.302682340145111,2,306,
83,45600,h,1.1107648611068726,2,306,
83,45600,i,1.247852623462677,2,306,
83,45900,a,1.1386526226997375,2,308,
83,45900,b,1.3290035128593445,2,308,
83,45900,c,1.403111219406128,2,308,
83,45900,d,1.226408302783966,2,308,
83,45900,e,1.1710649728775024,2,308,
83,45900,f,1.2453740239143372,2,308,
83,45900,g,1.1939489841461182,2,308,
83,45900,h,1.3119323253631592,2,308,
83,45900,i,1.3160510063171387,2,308,
83,46200,a,1.304732084274292,2,310,
83,46200,b,1.4227689504623413,2,310,
83,46200,c,1.2504444122314453,2,310,
83,46200,d,1.1990309357643127,2,310,
83,46200,e,1.4300842881202698,2,310,
83,46200,f,1.2830188274383545,2,310,
83,46200,g,1.3021779656410217,2,310,
83,46200,h,1.2332069277763367,2,310,
83,46200,i,1.2430418729782104,2,310,
83,46500,a,1.2294552326202393,2,312,
83,46500,b,1.4282728433609009,2,312,
83,46500,c,1.501242995262146,2,312,
83,46500,d,1.3229047060012817,2,312,
83,46500,e,1.1519250273704529,2,312,
83,46500,f,1.5802883505821228,2,312,
83,46500,g,1.290009617805481,2,312,
83,46500,h,1.1225768327713013,2,312,
83,46500,i,1.191293478012085,2,312,
83,46800,a,1.3381651639938354,2,314,
83,46800,b,1.5424508452415466,2,314,
83,46800,c,1.2446584105491638,2,314,
83,46800,d,1.182456374168396,2,314,
83,46800,e,1.2458757758140564,2,314,
83,46800,f,1.3357564210891724,2,314,
83,46800,g,1.3979591131210327,2,314,
83,46800,h,1.313059389591217,2,314,
83,46800,i,1.2012474536895752,2,314,
83,47100,a,1.1623685956001282,2,316,
83,47100,b,1.2277578711509705,2,316,
83,47100,c,1.4314897060394287,2,316,
83,47100,d,1.0870738625526428,2,316,
83,47100,e,1.1241328120231628,2,316,
83,47100,f,1.356860876083374,2,316,
83,47100,g,1.1691879034042358,2,316,
83,47100,h,1.2644182443618774,2,316,
83,47100,i,1.1395176649093628,2,316,
83,47400,a,1.2632285952568054,2,318,
83,47400,b,1.4096301794052124,2,318,
83,47400,c,1.2975504994392395,2,318,
83,47400,d,1.1904296875,2,318,
83,47400,e,1.3067456483840942,2,318,
83,47400,f,1.327130675315857,2,318,
83,47400,g,1.2726320028305054,2,318,
83,47400,h,1.1328648328781128,2,318,
83,47400,i,1.1880159378051758,2,318,
83,47700,a,1.1864686608314514,2,320,
83,47700,b,1.4771528840065002,2,320,
83,47700,c,1.5326804518699646,2,320,
83,47700,d,1.2185618877410889,2,320,
83,47700,e,1.2050976753234863,2,320,
83,47700,f,1.2734076976776123,2,320,
83,47700,g,1.141772210597992,2,320,
83,47700,h,1.1809759736061096,2,320,
83,47700,i,1.455862283706665,2,320,
83,48000,a,1.1430242657661438,2,322,
83,48000,b,1.3043547868728638,2,322,
83,48000,c,1.3762851357460022,2,322,
83,48000,d,1.2025210857391357,2,322,
83,48000,e,1.1557199358940125,2,322,
83,48000,f,1.2771939039230347,2,322,
83,48000,g,1.2935592532157898,2,322,
83,48000,h,1.3178859949111938,2,322,
83,48000,i,1.1405579447746277,2,322,
83,48300,a,1.3606250882148743,2,324,
83,48300,b,1.3548336625099182,2,324,
83,48300,c,1.3882808685302734,2,324,
83,48300,d,1.334198236465454,2,324,
83,48300,e,1.144389271736145,2,324,
83,48300,f,1.2925541996955872,2,324,
83,48300,g,1.1652832627296448,2,324,
83,48300,h,1.1775155663490295,2,324,
83,48300,i,1.125400722026825,2,324,
83,48600,a,1.184709072113037,2,326,
83,48600,b,1.409860074520111,2,326,
83,48600,c,1.4063365459442139,2,326,
83,48600,d,1.0873852372169495,2,326,
83,48600,e,1.5628966689109802,2,326,
83,48600,f,1.2189316749572754,2,326,
83,48600,g,1.2574743032455444,2,326,
83,48600,h,1.1880757808685303,2,326,
83,48600,i,1.369655728340149,2,326,
83,48900,a,1.3825984001159668,2,328,
83,48900,b,1.3991347551345825,2,328,
83,48900,c,1.283459484577179,2,328,
83,48900,d,1.2463380098342896,2,328,
83,48900,e,1.3451000452041626,2,328,
83,48900,f,1.4479001760482788,2,328,
83,48900,g,1.4429446458816528,2,328,
83,48900,h,1.179031789302826,2,328,
83,48900,i,1.1824120879173279,2,328,
83,49200,a,1.2706876397132874,2,330,
83,49200,b,1.3708208203315735,2,330,
83,49200,c,1.2846437692642212,2,330,
83,49200,d,1.1063678860664368,2,330,
83,49200,e,1.2715466618537903,2,330,
83,49200,f,1.162388801574707,2,330,
83,49200,g,1.4472154378890991,2,330,
83,49200,h,1.3695362210273743,2,330,
83,49200,i,1.302500605583191,2,330,
83,49500,a,1.1164495348930359,2,332,
83,49500,b,1.5065876245498657,2,332,
83,49500,c,1.1919983625411987,2,332,
83,49500,d,1.2048311233520508,2,332,
83,49500,e,1.2075164914131165,2,332,
83,49500,f,1.2261897325515747,2,332,
83,49500,g,1.1380863189697266,2,332,
83,49500,h,1.0825690031051636,2,332,
83,49500,i,1.211660921573639,2,332,
83,49800,a,1.4076392650604248,2,334,
83,49800,b,1.3602811098098755,2,334,
83,49800,c,1.2036199569702148,2,334,
83,49800,d,1.0977026224136353,2,334,
83,49800,e,1.2570045590400696,2,334,
83,49800,f,1.2733396291732788,2,334,
83,49800,g,1.2881293296813965,2,334,
83,49800,h,1.1909381747245789,2,334,
83,49800,i,1.2221410870552063,2,334,
83,50100,a,1.1631711721420288,2,336,
83,50100,b,1.3724628686904907,2,336,
83,50100,c,1.3802066445350647,2,336,
83,50100,d,1.1480108499526978,2,336,
83,50100,e,1.3676552176475525,2,336,
83,50100,f,1.4678751826286316,2,336,
83,50100,g,1.2991455793380737,2,336,
83,50100,h,1.2166292667388916,2,336,
83,50100,i,1.2828533053398132,2,336,
83,50400,a,1.2215478420257568,2,338,
83,50400,b,1.411738634109497,2,338,
83,50400,c,1.2795134782791138,2,338,
83,50400,d,1.2548025250434875,2,338,
83,50400,e,1.1963805556297302,2,338,
83,50400,f,1.2644548416137695,2,338,
83,50400,g,1.3696312308311462,2,338,
83,50400,h,1.1748088002204895,2,338,
83,50400,i,1.1615172028541565,2,338,
83,50700,a,1.2093520760536194,2,340,
83,50700,b,1.3821295499801636,2,340,
83,50700,c,1.350792109966278,2,340,
83,50700,d,1.1297230124473572,2,340,
83,50700,e,1.2829808592796326,2,340,
83,50700,f,1.2670174837112427,2,340,
83,50700,g,1.1995788216590881,2,340,
83,50700,h,1.1841193437576294,2,340,
83,50700,i,1.336304485797882,2,340,
83,51000,a,1.2748443484306335,2,342,
83,51000,b,1.6052899956703186,2,342,
83,51000,c,1.4544302225112915,2,342,
83,51000,d,1.2474708557128906,2,342,
83,51000,e,1.1963403224945068,2,342,
83,51000,f,1.413107991218567,2,342,
83,51000,g,1.0824735164642334,2,342,
83,51000,h,1.2523733973503113,2,342,
83,51000,i,1.409283459186554,2,342,
83,51300,a,1.3152841329574585,2,344,
83,51300,b,1.409748911857605,2,344,
83,51300,c,1.5894221663475037,2,344,
83,51300,d,1.1905672550201416,2,344,
83,51300,e,1.2603927850723267,2,344,
83,51300,f,1.3222489953041077,2,344,
83,51300,g,1.1956517100334167,2,344,
83,51300,h,1.3333301544189453,2,344,
83,51300,i,1.2205464243888855,2,344,
83,51600,a,1.349911093711853,2,346,
83,51600,b,1.3255054354667664,2,346,
83,51600,c,1.5417863130569458,2,346,
83,51600,d,1.2457038164138794,2,346,
83,51600,e,1.1441435813903809,2,346,
83,51600,f,1.2249274253845215,2,346,
83,51600,g,1.1726129055023193,2,346,
83,51600,h,1.225602149963379,2,346,
83,51600,i,1.2692389488220215,2,346,
83,51900,a,1.2715572118759155,2,348,
83,51900,b,1.350913405418396,2,348,
83,51900,c,1.3998701572418213,2,348,
83,51900,d,1.3504512310028076,2,348,
83,51900,e,1.3910231590270996,2,348,
83,51900,f,1.3912005424499512,2,348,
83,51900,g,1.2258724570274353,2,348,
83,51900,h,1.058214545249939,2,348,
83,51900,i,1.2387011647224426,2,348,
83,52200,a,1.2061913013458252,2,350,
83,52200,b,1.4524285793304443,2,350,
83,52200,c,1.4332621693611145,2,350,
83,52200,d,1.3486093282699585,2,350,
83,52200,e,1.2445961236953735,2,350,
83,52200,f,1.1799728870391846,2,350,
83,52200,g,1.176432728767395,2,350,
83,52200,h,1.1105691194534302,2,350,
83,52200,i,1.2523648738861084,2,350,
83,52500,a,1.181361436843872,2,352,
83,52500,b,1.4411452412605286,2,352,
83,52500,c,1.2557108402252197,2,352,
83,52500,d,1.0758152604103088,2,352,
83,52500,e,1.255413293838501,2,352,
83,52500,f,1.4370542764663696,2,352,
83,52500,g,1.165411353111267,2,352,
83,52500,h,1.2505935430526733,2,352,
83,52500,i,1.1923291683197021,2,352,
83,52800,a,1.2059757709503174,2,354,
83,52800,b,1.3675255179405212,2,354,
83,52800,c,1.2576713562011719,2,354,
83,52800,d,1.2171000838279724,2,354,
83,52800,e,1.1554495096206665,2,354,
83,52800,f,1.362841248512268,2,354,
83,52800,g,1.2795209288597107,2,354,
83,52800,h,1.3430111408233643,2,354,
83,52800,i,1.1495628356933594,2,354,
83,53100,a,1.1311142444610596,2,356,
83,53100,b,1.4065433144569397,2,356,
83,53100,c,1.3369471430778503,2,356,
83,53100,d,1.0856247544288635,2,356,
83,53100,e,1.2957363724708557,2,356,
83,53100,f,1.20098215341568,2,356,
83,53100,g,1.3283151388168335,2,356,
83,53100,h,1.1136457920074463,2,356,
83,53100,i,1.2164302468299866,2,356,
83,53400,a,1.2009010314941406,2,358,
83,53400,b,1.3826919198036194,2,358,
83,53400,c,1.326118528842926,2,358,
83,53400,d,1.2045512199401855,2,358,
83,53400,e,1.3450533747673035,2,358,
83,53400,f,1.2378920316696167,2,358,
83,53400,g,1.2975784540176392,2,358,
83,53400,h,1.3159945011138916,2,358,
83,53400,i,1.2160522937774658,2,358,
83,53700,a,1.2225522994995117,2,360,
83,53700,b,1.393058717250824,2,360,
83,53700,c,1.386520504951477,2,360,
83,53700,d,1.1494045853614807,2,360,
83,53700,e,1.085232138633728,2,360,
83,53700,f,1.1533808708190918,2,360,
83,53700,g,1.1666192412376404,2,360,
83,53700,h,1.1920251846313477,2,360,
83,53700,i,1.3254274725914001,2,360,
83,54000,a,1.2390304207801819,2,362,
83,54000,b,1.2687048316001892,2,362,
83,54000,c,1.3137587308883667,2,362,
83,54000,d,1.2134965658187866,2,362,
83,54000,e,1.1382955312728882,2,362,
83,54000,f,1.2509325742721558,2,362,
83,54000,g,1.2792993783950806,2,362,
83,54000,h,1.1624574661254883,2,362,
83,54000,i,1.06500244140625,2,362,
83,54300,a,1.375603973865509,2,364,
83,54300,b,1.3905094861984253,2,364,
83,54300,c,1.4013318419456482,2,364,
83,54300,d,1.0860750377178192,2,364,
83,54300,e,1.1475297808647156,2,364,
83,54300,f,1.2741447687149048,2,364,
83,54300,g,1.229866087436676,2,364,
83,54300,h,1.0925057530403137,2,364,
83,54300,i,1.1593055725097656,2,364,
83,54600,a,1.2556626200675964,2,366,
83,54600,b,1.2992770671844482,2,366,
83,54600,c,1.2505148649215698,2,366,
83,54600,d,1.1452059745788574,2,366,
83,54600,e,1.2521191239356995,2,366,
83,54600,f,1.12850683927536,2,366,
83,54600,g,1.306503176689148,2,366,
83,54600,h,1.1687821745872498,2,366,
83,54600,i,1.1828969717025757,2,366,
83,54900,a,1.2115305662155151,2,368,
83,54900,b,1.2686079144477844,2,368,
83,54900,c,1.31971675157547,2,368,
83,54900,d,1.0995607376098633,2,368,
83,54900,e,1.2960331439971924,2,368,
83,54900,f,1.402593195438385,2,368,
83,54900,g,1.351342797279358,2,368,
83,54900,h,1.116435170173645,2,368,
83,54900,i,1.2621768712997437,2,368,
83,55200,a,1.136472761631012,2,370,
83,55200,b,1.2599298357963562,2,370,
83,55200,c,1.1817297339439392,2,370,
83,55200,d,1.016322135925293,2,370,
83,55200,e,1.1870001554489136,2,370,
83,55200,f,1.2817796468734741,2,370,
83,55200,g,1.2861081957817078,2,370,
83,55200,h,1.3642398118972778,2,370,
83,55200,i,1.0758171677589417,2,370,
83,55500,a,1.3516405820846558,2,372,
83,55500,b,1.3738012313842773,2,372,
83,55500,c,1.3843165636062622,2,372,
83,55500,d,1.1976575255393982,2,372,
83,55500,e,1.220872163772583,2,372,
83,55500,f,1.3768137693405151,2,372,
83,55500,g,1.1024506092071533,2,372,
83,55500,h,1.1327815055847168,2,372,
83,55500,i,1.4433401823043823,2,372,
83,55800,a,1.1449666619300842,2,374,
83,55800,b,1.2724943161010742,2,374,
83,55800,c,1.241041123867035,2,374,
83,55800,d,1.352802574634552,2,374,
83,55800,e,1.1000004410743713,2,374,
83,55800,f,1.1912246942520142,2,374,
83,55800,g,1.2319815754890442,2,374,
83,55800,h,1.2133843898773193,2,374,
83,55800,i,1.1708793640136719,2,374,
83,56100,a,1.3379355072975159,2,376,
83,56100,b,1.3145560026168823,2,376,
83,56100,c,1.3324278593063354,2,376,
83,56100,d,1.141941487789154,2,376,
83,56100,e,1.1725045442581177,2,376,
83,56100,f,1.206974744796753,2,376,
83,56100,g,1.1722232103347778,2,376,
83,56100,h,1.1763167977333069,2,376,
83,56100,i,1.1838561296463013,2,376,
83,56400,a,1.2583041787147522,2,378,
83,56400,b,1.2346374988555908,2,378,
83,56400,c,1.3974956274032593,2,378,
83,56400,d,1.144713044166565,2,378,
83,56400,e,1.2632622122764587,2,378,
83,56400,f,1.2487489581108093,2,378,
83,56400,g,1.2624595165252686,2,378,
83,56400,h,1.1440079808235168,2,378,
83,56400,i,1.4427125453948975,2,378,
83,56700,a,1.2132965922355652,2,380,
83,56700,b,1.2395906448364258,2,380,
83,56700,c,1.2896599173545837,2,380,
83,56700,d,1.053463876247406,2,380,
83,56700,e,1.1911723613739014,2,380,
83,56700,f,1.2924575209617615,2,380,
83,56700,g,1.2451401948928833,2,380,
83,56700,h,1.3449979424476624,2,380,
83,56700,i,1.174532413482666,2,380,
83,57000,a,1.1324488520622253,2,382,
83,57000,b,1.254378318786621,2,382,
83,57000,c,1.3258056044578552,2,382,
83,57000,d,1.092632532119751,2,382,
83,57000,e,1.1781893968582153,2,382,
83,57000,f,1.3414037227630615,2,382,
83,57000,g,1.3592210412025452,2,382,
83,57000,h,1.1583836078643799,2,382,
83,57000,i,1.2236816883087158,2,382,
83,57300,a,1.1456785202026367,2,384,
83,57300,b,1.3855961561203003,2,384,
83,57300,c,1.2182933688163757,2,384,
83,57300,d,1.1388698816299438,2,384,
83,57300,e,1.1547118425369263,2,384,
83,57300,f,1.5220667123794556,2,384,
83,57300,g,1.2491047978401184,2,384,
83,57300,h,1.2498583793640137,2,384,
83,57300,i,1.3648860454559326,2,384,
83,57600,a,1.2625820636749268,2,386,
83,57600,b,1.2019855380058289,2,386,
83,57600,c,1.2501913905143738,2,386,
83,57600,d,1.079986035823822,2,386,
83,57600,e,1.2247737646102905,2,386,
83,57600,f,1.3151946067810059,2,386,
83,57600,g,1.2144100666046143,2,386,
83,57600,h,1.1425585746765137,2,386,
83,57600,i,1.2336253225803375,2,386,
83,57900,a,1.2653616070747375,2,388,
83,57900,b,1.3768712282180786,2,388,
83,57900,c,1.2030173540115356,2,388,
83,57900,d,1.0585586428642273,2,388,
83,57900,e,1.2068184614181519,2,388,
83,57900,f,1.3185256123542786,2,388,
83,57900,g,1.2202588319778442,2,388,
83,57900,h,1.2086514830589294,2,388,
83,57900,i,1.1206130981445312,2,388,
83,58200,a,1.1799983978271484,2,390,
83,58200,b,1.2886409163475037,2,390,
83,58200,c,1.2374804615974426,2,390,
83,58200,d,1.1318888068199158,2,390,
83,58200,e,1.1045076847076416,2,390,
83,58200,f,1.3218241930007935,2,390,
83,58200,g,1.1241441369056702,2,390,
83,58200,h,1.1624770760536194,2,390,
83,58200,i,1.2494539022445679,2,390,
83,58500,a,1.1186305284500122,2,392,
83,58500,b,1.3042374849319458,2,392,
83,58500,c,1.2251081466674805,2,392,
83,58500,d,1.1282583475112915,2,392,
83,58500,e,1.199950933456421,2,392,
83,58500,f,1.1660431623458862,2,392,
83,58500,g,1.1379860043525696,2,392,
83,58500,h,1.1995363235473633,2,392,
83,58500,i,1.1675537824630737,2,392,
83,58800,a,1.2347849011421204,2,394,
83,58800,b,1.5034139752388,2,394,
83,58800,c,1.2433692812919617,2,394,
83,58800,d,1.1470184922218323,2,394,
83,58800,e,1.1376608610153198,2,394,
83,58800,f,1.3074232935905457,2,394,
83,58800,g,1.0756930112838745,2,394,
83,58800,h,1.1607931852340698,2,394,
83,58800,i,1.2498394846916199,2,394,
83,59100,a,1.3931490182876587,2,396,
83,59100,b,1.4073632955551147,2,396,
83,59100,c,1.289115071296692,2,396,
83,59100,d,1.1681092381477356,2,396,
83,59100,e,1.1963000297546387,2,396,
83,59100,f,1.1262205243110657,2,396,
83,59100,g,1.3472098112106323,2,396,
83,59100,h,1.1839847564697266,2,396,
83,59100,i,1.1299745440483093,2,396,
83,59400,a,1.3022852540016174,2,398,
83,59400,b,1.5360074043273926,2,398,
83,59400,c,1.253608226776123,2,398,
83,59400,d,1.1443744897842407,2,398,
83,59400,e,1.0865463018417358,2,398,
83,59400,f,1.2966188788414001,2,398,
83,59400,g,1.2750080227851868,2,398,
83,59400,h,1.2220996618270874,2,398,
83,59400,i,1.121415376663208,2,398,
83,59700,a,1.2483345866203308,2,400,
83,59700,b,1.401009440422058,2,400,
83,59700,c,1.2835294008255005,2,400,
83,59700,d,1.03561133146286,2,400,
83,59700,e,1.1742796897888184,2,400,
83,59700,f,1.13768869638443,2,400,
83,59700,g,1.2703872323036194,2,400,
83,59700,h,1.1827632188796997,2,400,
83,59700,i,1.1780678033828735,2,400,
83,60000,a,1.157273292541504,2,402,
83,60000,b,1.2116787433624268,2,402,
83,60000,c,1.377306580543518,2,402,
83,60000,d,1.2460896372795105,2,402,
83,60000,e,1.2157966494560242,2,402,
83,60000,f,1.4951589703559875,2,402,
83,60000,g,1.1853207349777222,2,402,
83,60000,h,1.0777264833450317,2,402,
83,60000,i,1.1812891960144043,2,402,
83,60300,a,1.1142783761024475,2,404,
83,60300,b,1.3399033546447754,2,404,
83,60300,c,1.2250328660011292,2,404,
83,60300,d,1.416153907775879,2,404,
83,60300,e,1.1360114216804504,2,404,
83,60300,f,1.1551446318626404,2,404,
83,60300,g,1.2755494117736816,2,404,
83,60300,h,1.2464991211891174,2,404,
83,60300,i,1.250834882259369,2,404,
83,60600,a,1.2466580271720886,2,406,
83,60600,b,1.2537950277328491,2,406,
83,60600,c,1.468413233757019,2,406,
83,60600,d,1.0818599462509155,2,406,
83,60600,e,1.1043811440467834,2,406,
83,60600,f,1.327242136001587,2,406,
83,60600,g,1.2631784677505493,2,406,
83,60600,h,1.11467444896698,2,406,
83,60600,i,1.1755114793777466,2,406,
83,60900,a,1.165477991104126,2,408,
83,60900,b,1.3031171560287476,2,408,
83,60900,c,1.2195466756820679,2,408,
83,60900,d,1.2895773649215698,2,408,
83,60900,e,1.1873248219490051,2,408,
83,60900,f,1.235589861869812,2,408,
83,60900,g,1.2801095247268677,2,408,
83,60900,h,1.2596393823623657,2,408,
83,60900,i,1.1854378581047058,2,408,
83,61200,a,1.1504008173942566,2,410,
83,61200,b,1.2182102799415588,2,410,
83,61200,c,1.237147331237793,2,410,
83,61200,d,1.1757996082305908,2,410,
83,61200,e,1.1971650123596191,2,410,
83,61200,f,1.2392750978469849,2,410,
83,61200,g,1.135059416294098,2,410,
83,61200,h,1.1612898707389832,2,410,
83,61200,i,1.109275460243225,2,410,
83,61500,a,1.186923623085022,2,412,
83,61500,b,1.4006757140159607,2,412,
83,61500,c,1.1679432392120361,2,412,
83,61500,d,1.1560787558555603,2,412,
83,61500,e,1.1205521821975708,2,412,
83,61500,f,1.1978886723518372,2,412,
83,61500,g,1.0459318161010742,2,412,
83,61500,h,1.2259666323661804,2,412,
83,61500,i,1.1147907972335815,2,412,
83,61800,a,1.1996535658836365,2,414,
83,61800,b,1.2301573753356934,2,414,
83,61800,c,1.2532532215118408,2,414,
83,61800,d,1.2003728151321411,2,414,
83,61800,e,1.1870965957641602,2,414,
83,61800,f,1.1526368856430054,2,414,
83,61800,g,1.2255005240440369,2,414,
83,61800,h,1.038352131843567,2,414,
83,61800,i,1.1524046659469604,2,414,
83,62100,a,1.3330233097076416,2,416,
83,62100,b,1.2781651020050049,2,416,
83,62100,c,1.349329650402069,2,416,
83,62100,d,1.0517970323562622,2,416,
83,62100,e,1.1466683149337769,2,416,
83,62100,f,1.0226683616638184,2,416,
83,62100,g,1.4735541939735413,2,416,
83,62100,h,1.6523799896240234,2,416,
83,62100,i,1.153184413909912,2,416,
83,62400,a,1.2072715759277344,2,418,
83,62400,b,1.1868096590042114,2,418,
83,62400,c,1.2473987340927124,2,418,
83,62400,d,1.111724615097046,2,418,
83,62400,e,1.1791911125183105,2,418,
83,62400,f,1.3789681196212769,2,418,
83,62400,g,1.1786197423934937,2,418,
83,62400,h,1.0596289038658142,2,418,
83,62400,i,1.1641690731048584,2,418,
83,62700,a,1.1737635731697083,2,420,
83,62700,b,1.3722373247146606,2,420,
83,62700,c,1.4206676483154297,2,420,
83,62700,d,1.1197311878204346,2,420,
83,62700,e,1.3720610737800598,2,420,
83,62700,f,1.1991198062896729,2,420,
83,62700,g,1.4078931212425232,2,420,
83,62700,h,1.0261569321155548,2,420,
83,62700,i,1.1530954837799072,2,420,
83,63000,a,1.2832852602005005,2,422,
83,63000,b,1.2387639284133911,2,422,
83,63000,c,1.3727037906646729,2,422,
83,63000,d,1.1072235107421875,2,422,
83,63000,e,1.1512653827667236,2,422,
83,63000,f,1.1665168404579163,2,422,
83,63000,g,1.1085007786750793,2,422,
83,63000,h,1.0573357343673706,2,422,
83,63000,i,1.219813883304596,2,422,
83,63300,a,1.0860295593738556,2,424,
83,63300,b,1.344091773033142,2,424,
83,63300,c,1.3832093477249146,2,424,
83,63300,d,1.1971023678779602,2,424,
83,63300,e,1.2719972133636475,2,424,
83,63300,f,1.1498975157737732,2,424,
83,63300,g,0.9703185558319092,2,424,
83,63300,h,1.127763032913208,2,424,
83,63300,i,1.1987099051475525,2,424,
83,63600,a,1.164750874042511,2,426,
83,63600,b,1.253939688205719,2,426,
83,63600,c,1.2600247263908386,2,426,
83,63600,d,1.2103630304336548,2,426,
83,63600,e,1.1864922642707825,2,426,
83,63600,f,1.2297633290290833,2,426,
83,63600,g,1.2638616561889648,2,426,
83,63600,h,1.2752355337142944,2,426,
83,63600,i,1.0924381017684937,2,426,
83,63900,a,1.2193421721458435,2,428,
83,63900,b,1.2805798053741455,2,428,
83,63900,c,1.3988229632377625,2,428,
83,63900,d,1.0604000687599182,2,428,
83,63900,e,1.1108055710792542,2,428,
83,63900,f,1.0410276651382446,2,428,
83,63900,g,1.2309515476226807,2,428,
83,63900,h,1.0807927250862122,2,428,
83,63900,i,1.154132604598999,2,428,
83,64200,a,1.1443309783935547,2,430,
83,64200,b,1.230454683303833,2,430,
83,64200,c,1.3862570524215698,2,430,
83,64200,d,1.2033337354660034,2,430,
83,64200,e,1.0719544291496277,2,430,
83,64200,f,1.2543644905090332,2,430,
83,64200,g,1.2479333877563477,2,430,
83,64200,h,1.125653088092804,2,430,
83,64200,i,1.1594232320785522,2,430,
83,64500,a,1.1724912524223328,2,432,
83,64500,b,1.416733205318451,2,432,
83,64500,c,1.1995739936828613,2,432,
83,64500,d,1.0562243461608887,2,432,
83,64500,e,1.1043697595596313,2,432,
83,64500,f,1.19339257478714,2,432,
83,64500,g,1.1577316522598267,2,432,
83,64500,h,1.0428951978683472,2,432,
83,64500,i,1.3113345503807068,2,432,
83,64800,a,1.218751311302185,2,434,
83,64800,b,1.333984613418579,2,434,
83,64800,c,1.1487458944320679,2,434,
83,64800,d,1.1734667420387268,2,434,
83,64800,e,1.1785972714424133,2,434,
83,64800,f,1.2777615189552307,2,434,
83,64800,g,1.3325431942939758,2,434,
83,64800,h,1.0953003764152527,2,434,
83,64800,i,1.3267104029655457,2,434,
83,65100,a,1.3364668488502502,2,436,
83,65100,b,1.3496759533882141,2,436,
83,65100,c,1.2594987154006958,2,436,
83,65100,d,1.430648386478424,2,436,
83,65100,e,1.1122298836708069,2,436,
83,65100,f,1.2039944529533386,2,436,
83,65100,g,1.1728292107582092,2,436,
83,65100,h,1.1045501828193665,2,436,
83,65100,i,1.240204632282257,2,436,
83,65400,a,1.1020992994308472,2,438,
83,65400,b,1.367445707321167,2,438,
83,65400,c,1.279294192790985,2,438,
83,65400,d,1.0048807263374329,2,438,
83,65400,e,1.1545955538749695,2,438,
83,65400,f,1.3303545713424683,2,438,
83,65400,g,1.3335309028625488,2,438,
83,65400,h,1.1732818484306335,2,438,
83,65400,i,1.073445200920105,2,438,
83,65700,a,1.1090108156204224,2,440,
83,65700,b,1.3477551937103271,2,440,
83,65700,c,1.3976711630821228,2,440,
83,65700,d,1.052322804927826,2,440,
83,65700,e,1.1070306301116943,2,440,
83,65700,f,1.1715642809867859,2,440,
83,65700,g,1.1482380032539368,2,440,
83,65700,h,1.0426310896873474,2,440,
83,65700,i,1.3554782271385193,2,440,
83,66000,a,1.2600252032279968,2,442,
83,66000,b,1.3973290920257568,2,442,
83,66000,c,1.2559609413146973,2,442,
83,66000,d,1.5637139081954956,2,442,
83,66000,e,1.2312848567962646,2,442,
83,66000,f,1.4504719972610474,2,442,
83,66000,g,1.1171873211860657,2,442,
83,66000,h,1.1144517660140991,2,442,
83,66000,i,1.1489830017089844,2,442,
83,66300,a,1.083380103111267,2,444,
83,66300,b,1.3174973130226135,2,444,
83,66300,c,1.2582386136054993,2,444,
83,66300,d,1.1457018852233887,2,444,
83,66300,e,1.3453899025917053,2,444,
83,66300,f,1.3765240907669067,2,444,
83,66300,g,1.166070580482483,2,444,
83,66300,h,1.0907120108604431,2,444,
83,66300,i,1.2086331844329834,2,444,
83,66600,a,1.336220145225525,2,446,
83,66600,b,1.333988070487976,2,446,
83,66600,c,1.3457223773002625,2,446,
83,66600,d,1.176955223083496,2,446,
83,66600,e,1.4039486646652222,2,446,
83,66600,f,1.2339506149291992,2,446,
83,66600,g,1.0778843760490417,2,446,
83,66600,h,1.2822815775871277,2,446,
83,66600,i,1.2970533967018127,2,446,
83,66900,a,1.327834129333496,2,448,
83,66900,b,1.3481225967407227,2,448,
83,66900,c,1.2289918661117554,2,448,
83,66900,d,1.2688570618629456,2,448,
83,66900,e,0.9516701400279999,2,448,
83,66900,f,1.3131959438323975,2,448,
83,66900,g,1.284440517425537,2,448,
83,66900,h,1.1407239437103271,2,448,
83,66900,i,1.1833151876926422,2,448,
83,67200,a,1.0939571857452393,2,450,
83,67200,b,1.442458987236023,2,450,
83,67200,c,1.3165621757507324,2,450,
83,67200,d,1.2125011086463928,2,450,
83,67200,e,1.162538766860962,2,450,
83,67200,f,1.27181077003479,2,450,
83,67200,g,1.1440152525901794,2,450,
83,67200,h,1.059304654598236,2,450,
83,67200,i,1.2538429498672485,2,450,
83,67500,a,1.203640103340149,2,452,
83,67500,b,1.294048547744751,2,452,
83,67500,c,1.2943867444992065,2,452,
83,67500,d,1.2077431678771973,2,452,
83,67500,e,1.0525752305984497,2,452,
83,67500,f,1.2754497528076172,2,452,
83,67500,g,1.2477988004684448,2,452,
83,67500,h,1.0473978519439697,2,452,
83,67500,i,1.2389787435531616,2,452,
83,67800,a,1.133960485458374,2,454,
83,67800,b,1.262622892856598,2,454,
83,67800,c,1.1759034395217896,2,454,
83,67800,d,1.0646220445632935,2,454,
83,67800,e,1.0368632078170776,2,454,
83,67800,f,1.0995391011238098,2,454,
83,67800,g,1.226994276046753,2,454,
83,67800,h,1.0296173691749573,2,454,
83,67800,i,1.3066892623901367,2,454,
83,68100,a,1.126928448677063,2,456,
83,68100,b,1.097607433795929,2,456,
83,68100,c,1.2000370621681213,2,456,
83,68100,d,1.2877059578895569,2,456,
83,68100,e,1.137377679347992,2,456,
83,68100,f,1.2014962434768677,2,456,
83,68100,g,1.1110135912895203,2,456,
83,68100,h,1.1116653680801392,2,456,
83,68100,i,1.3019728064537048,2,456,
83,68400,a,1.244599997997284,2,458,
83,68400,b,1.3302795886993408,2,458,
83,68400,c,1.4292622804641724,2,458,
83,68400,d,1.1525962948799133,2,458,
83,68400,e,1.0479565262794495,2,458,
83,68400,f,1.1867554187774658,2,458,
83,68400,g,1.1896742582321167,2,458,
83,68400,h,1.3009885549545288,2,458,
83,68400,i,1.1622610092163086,2,458,
83,68700,a,1.1174757480621338,2,460,
83,68700,b,1.1859904527664185,2,460,
83,68700,c,1.4665104150772095,2,460,
83,68700,d,1.086288332939148,2,460,
83,68700,e,1.0655066967010498,2,460,
83,68700,f,1.2630471587181091,2,460,
83,68700,g,1.2271682024002075,2,460,
83,68700,h,1.0810486674308777,2,460,
83,68700,i,1.2215348482131958,2,460,
83,69000,a,1.4220748543739319,2,462,
83,69000,b,1.1625696420669556,2,462,
83,69000,c,1.3405138850212097,2,462,
83,69000,d,1.054985523223877,2,462,
83,69000,e,1.2723517417907715,2,462,
83,69000,f,1.508785903453827,2,462,
83,69000,g,1.085385799407959,2,462,
83,69000,h,1.2010705471038818,2,462,
83,69000,i,1.150073528289795,2,462,
83,69300,a,1.1254332661628723,2,464,
83,69300,b,1.3413966298103333,2,464,
83,69300,c,1.31955885887146,2,464,
83,69300,d,1.1321321725845337,2,464,
83,69300,e,1.0556052327156067,2,464,
83,69300,f,1.1302176117897034,2,464,
83,69300,g,1.1125995814800262,2,464,
83,69300,h,1.1341895461082458,2,464,
83,69300,i,1.247182309627533,2,464,
83,69600,a,1.138068675994873,2,466,
83,69600,b,1.2471638917922974,2,466,
83,69600,c,1.22697252035141,2,466,
83,69600,d,0.9233810305595398,2,466,
83,69600,e,1.3716609477996826,2,466,
83,69600,f,1.1721929609775543,2,466,
83,69600,g,1.3533660173416138,2,466,
83,69600,h,1.1757075786590576,2,466,
83,69600,i,1.3048210740089417,2,466,
83,69900,a,1.072270393371582,2,468,
83,69900,b,1.2171084880828857,2,468,
83,69900,c,1.2902159690856934,2,468,
83,69900,d,1.0653827786445618,2,468,
83,69900,e,1.1774054169654846,2,468,
83,69900,f,1.268690586090088,2,468,
83,69900,g,0.9622559547424316,2,468,
83,69900,h,1.1454775929450989,2,468,
83,69900,i,1.0952603220939636,2,468,
83,70200,a,1.1431387066841125,2,470,
83,70200,b,1.22203528881073,2,470,
83,70200,c,1.4006686210632324,2,470,
83,70200,d,1.0638227462768555,2,470,
83,70200,e,1.0614193677902222,2,470,
83,70200,f,1.1663756370544434,2,470,
83,70200,g,1.4100344777107239,2,470,
83,70200,h,1.210480511188507,2,470,
83,70200,i,1.089830994606018,2,470,
83,70500,a,1.2259947061538696,2,472,
83,70500,b,1.3414981365203857,2,472,
83,70500,c,1.656393587589264,2,472,
83,70500,d,1.0656261444091797,2,472,
83,70500,e,0.9997134208679199,2,472,
83,70500,f,1.2643240690231323,2,472,
83,70500,g,1.1095136404037476,2,472,
83,70500,h,1.3080370426177979,2,472,
83,70500,i,1.0796934366226196,2,472,
83,70800,a,1.2058469653129578,2,474,
83,70800,b,1.2067234516143799,2,474,
83,70800,c,1.2958393096923828,2,474,
83,70800,d,1.0357633829116821,2,474,
83,70800,e,1.1171926259994507,2,474,
83,70800,f,1.1821575164794922,2,474,
83,70800,g,1.096683531999588,2,474,
83,70800,h,1.153107762336731,2,474,
83,70800,i,1.0972475409507751,2,474,
83,71100,a,1.1285444498062134,2,476,
83,71100,b,1.2053463459014893,2,476,
83,71100,c,1.3026421070098877,2,476,
83,71100,d,1.4000614285469055,2,476,
83,71100,e,1.1284860968589783,2,476,
83,71100,f,1.1983942985534668,2,476,
83,71100,g,1.2015817165374756,2,476,
83,71100,h,1.1103118658065796,2,476,
83,71100,i,1.3184528350830078,2,476,
83,71400,a,1.0863183736801147,2,478,
83,71400,b,1.4386781454086304,2,478,
83,71400,c,1.2658287286758423,2,478,
83,71400,d,1.1081676483154297,2,478,
83,71400,e,0.9002909064292908,2,478,
83,71400,f,1.2258689999580383,2,478,
83,71400,g,0.9123830497264862,2,478,
83,71400,h,1.1387680768966675,2,478,
83,71400,i,1.0262498557567596,2,478,
83,71700,a,1.3358113765716553,2,480,
83,71700,b,1.514032781124115,2,480,
83,71700,c,1.1690709590911865,2,480,
83,71700,d,1.0451641976833344,2,480,
83,71700,e,1.102926254272461,2,480,
83,71700,f,1.300121784210205,2,480,
83,71700,g,1.064096748828888,2,480,
83,71700,h,1.1797731518745422,2,480,
83,71700,i,1.0913533568382263,2,480,
83,72000,a,1.2085109949111938,2,482,
83,72000,b,1.3239281177520752,2,482,
83,72000,c,1.2440974712371826,2,482,
83,72000,d,1.0950243473052979,2,482,
83,72000,e,0.8785972893238068,2,482,
83,72000,f,0.9776248931884766,2,482,
83,72000,g,1.0863656997680664,2,482,
83,72000,h,1.003395289182663,2,482,
83,72000,i,1.1013104915618896,2,482,
83,72300,a,1.136569619178772,2,484,
83,72300,b,1.13472318649292,2,484,
83,72300,c,1.2698880434036255,2,484,
83,72300,d,1.082544982433319,2,484,
83,72300,e,1.1514683365821838,2,484,
83,72300,f,1.3168208003044128,2,484,
83,72300,g,1.094548225402832,2,484,
83,72300,h,1.0915697813034058,2,484,
83,72300,i,1.1180447936058044,2,484,
83,72600,a,1.127728819847107,2,486,
83,72600,b,1.2275956273078918,2,486,
83,72600,c,1.3967308402061462,2,486,
83,72600,d,1.0152881145477295,2,486,
83,72600,e,1.0557596683502197,2,486,
83,72600,f,1.2474313974380493,2,486,
83,72600,g,1.1350595951080322,2,486,
83,72600,h,1.20350980758667,2,486,
83,72600,i,0.9982773661613464,2,486,
83,72900,a,1.2345966696739197,2,488,
83,72900,b,1.2648515105247498,2,488,
83,72900,c,1.1652228832244873,2,488,
83,72900,d,1.1065083742141724,2,488,
83,72900,e,1.185429334640503,2,488,
83,72900,f,1.266472339630127,2,488,
83,72900,g,1.2089018821716309,2,488,
83,72900,h,1.1034117937088013,2,488,
83,72900,i,1.036363661289215,2,488,
83,73200,a,1.076531171798706,2,490,
83,73200,b,1.2391469478607178,2,490,
83,73200,c,1.2199615836143494,2,490,
83,73200,d,1.032576858997345,2,490,
83,73200,e,1.103072464466095,2,490,
83,73200,f,1.28756582736969,2,490,
83,73200,g,1.0812720656394958,2,490,
83,73200,h,0.8537141680717468,2,490,
83,73200,i,1.0476919412612915,2,490,
83,73500,a,1.1294714212417603,2,492,
83,73500,b,1.1956111788749695,2,492,
83,73500,c,1.2181497812271118,2,492,
83,73500,d,1.058540940284729,2,492,
83,73500,e,1.0294729173183441,2,492,
83,73500,f,1.0529218316078186,2,492,
83,73500,g,1.2295688390731812,2,492,
83,73500,h,1.203337848186493,2,492,
83,73500,i,1.1571734547615051,2,492,
83,73800,a,1.2566243410110474,2,494,
83,73800,b,1.1414560675621033,2,494,
83,73800,c,1.2454039454460144,2,494,
83,73800,d,1.0963659286499023,2,494,
83,73800,e,1.1656845808029175,2,494,
83,73800,f,1.2021124362945557,2,494,
83,73800,g,1.1370201110839844,2,494,
83,73800,h,1.0755271017551422,2,494,
83,73800,i,1.0562242567539215,2,494,
83,74100,a,1.094588279724121,2,496,
83,74100,b,1.2085129022598267,2,496,
83,74100,c,1.0969831347465515,2,496,
83,74100,d,1.030092477798462,2,496,
83,74100,e,1.0582688450813293,2,496,
83,74100,f,1.081614911556244,2,496,
83,74100,g,1.1074708104133606,2,496,
83,74100,h,1.1661186218261719,2,496,
83,74100,i,1.131836473941803,2,496,
83,74400,a,1.1690542697906494,2,498,
83,74400,b,1.183603286743164,2,498,
83,74400,c,1.1528122425079346,2,498,
83,74400,d,1.0475306808948517,2,498,
83,74400,e,1.0903763175010681,2,498,
83,74400,f,1.054595410823822,2,498,
83,74400,g,1.2993126511573792,2,498,
83,74400,h,1.0836197137832642,2,498,
83,74400,i,1.174599826335907,2,498,
83,74700,a,1.0836943984031677,2,500,
83,74700,b,1.2478132843971252,2,500,
83,74700,c,1.259605348110199,2,500,
83,74700,d,1.0764501690864563,2,500,
83,74700,e,1.11214941740036,2,500,
83,74700,f,1.164231538772583,2,500,
83,74700,g,0.9855043888092041,2,500,
83,74700,h,0.9584547877311707,2,500,
83,74700,i,1.1210834383964539,2,500,
83,75000,a,1.0779055953025818,2,502,
83,75000,b,1.373138189315796,2,502,
83,75000,c,1.1666542291641235,2,502,
83,75000,d,0.9808963537216187,2,502,
83,75000,e,1.119880735874176,2,502,
83,75000,f,1.1554266214370728,2,502,
83,75000,g,1.1430072784423828,2,502,
83,75000,h,0.9929446578025818,2,502,
83,75000,i,1.0796636939048767,2,502,
83,75300,a,1.473095953464508,2,504,
83,75300,b,1.287354826927185,2,504,
83,75300,c,1.2197355031967163,2,504,
83,75300,d,0.9689066708087921,2,504,
83,75300,e,0.9905194044113159,2,504,
83,75300,f,1.0538563132286072,2,504,
83,75300,g,1.0200428366661072,2,504,
83,75300,h,1.1093540787696838,2,504,
83,75300,i,1.1474695205688477,2,504,
83,75600,a,1.0878161787986755,2,506,
83,75600,b,1.1736266016960144,2,506,
83,75600,c,1.1286893486976624,2,506,
83,75600,d,0.9420261681079865,2,506,
83,75600,e,1.4415499567985535,2,506,
83,75600,f,1.0531423091888428,2,506,
83,75600,g,1.1445627808570862,2,506,
83,75600,h,1.0696420073509216,2,506,
83,75600,i,1.1424146890640259,2,506,
83,75900,a,1.3372368216514587,2,508,
83,75900,b,1.4495108127593994,2,508,
83,75900,c,1.2954529523849487,2,508,
83,75900,d,1.2887898087501526,2,508,
83,75900,e,1.0471790134906769,2,508,
83,75900,f,1.1063130497932434,2,508,
83,75900,g,1.1630775928497314,2,508,
83,75900,h,1.0253424048423767,2,508,
83,75900,i,1.1078872084617615,2,508,
83,76200,a,1.0797646045684814,2,510,
83,76200,b,1.1081547737121582,2,510,
83,76200,c,1.2897130250930786,2,510,
83,76200,d,1.1748247146606445,2,510,
83,76200,e,1.1709237098693848,2,510,
83,76200,f,1.0422043204307556,2,510,
83,76200,g,1.2415922284126282,2,510,
83,76200,h,1.0402733087539673,2,510,
83,76200,i,1.136131227016449,2,510,
83,76500,a,1.2856166362762451,2,512,
83,76500,b,1.194314181804657,2,512,
83,76500,c,1.364742636680603,2,512,
83,76500,d,0.9506576061248779,2,512,
83,76500,e,1.1588760316371918,2,512,
83,76500,f,1.237091839313507,2,512,
83,76500,g,1.015227198600769,2,512,
83,76500,h,1.0646960139274597,2,512,
83,76500,i,1.025693118572235,2,512,
83,76800,a,1.1176792979240417,2,514,
83,76800,b,1.278258740901947,2,514,
83,76800,c,1.1859689354896545,2,514,
83,76800,d,1.3921772241592407,2,514,
83,76800,e,0.9535605311393738,2,514,
83,76800,f,1.1091931462287903,2,514,
83,76800,g,1.102111577987671,2,514,
83,76800,h,1.0576744079589844,2,514,
83,76800,i,1.14028799533844,2,514,
83,77100,a,1.0448815822601318,2,516,
83,77100,b,1.1005996465682983,2,516,
83,77100,c,1.1788180768489838,2,516,
83,77100,d,1.0751617550849915,2,516,
83,77100,e,0.9990340769290924,2,516,
83,77100,f,1.0735154449939728,2,516,
83,77100,g,1.7779407501220703,2,516,
83,77100,h,1.0709692239761353,2,516,
83,77100,i,1.001685470342636,2,516,
83,77400,a,1.0484769940376282,2,518,
83,77400,b,1.2006410956382751,2,518,
83,77400,c,1.3833152055740356,2,518,
83,77400,d,0.9879930913448334,2,518,
83,77400,e,1.1301641464233398,2,518,
83,77400,f,1.1465125679969788,2,518,
83,77400,g,1.2040863633155823,2,518,
83,77400,h,1.0806360244750977,2,518,
83,77400,i,1.0438286662101746,2,518,
83,77700,a,1.259222388267517,2,520,
83,77700,b,1.2988219857215881,2,520,
83,77700,c,1.3145262002944946,2,520,
83,77700,d,0.9376543164253235,2,520,
83,77700,e,1.183694839477539,2,520,
83,77700,f,1.0560539364814758,2,520,
83,77700,g,1.1116366982460022,2,520,
83,77700,h,1.0473054647445679,2,520,
83,77700,i,1.0902786254882812,2,520,
83,78000,a,1.063597023487091,2,522,
83,78000,b,1.4198728203773499,2,522,
83,78000,c,1.4301643371582031,2,522,
83,78000,d,1.048503339290619,2,522,
83,78000,e,1.1263583302497864,2,522,
83,78000,f,1.4346155524253845,2,522,
83,78000,g,1.1785507202148438,2,522,
83,78000,h,1.0428189635276794,2,522,
83,78000,i,1.1519880294799805,2,522,
83,78300,a,1.0213834643363953,2,524,
83,78300,b,1.1903830170631409,2,524,
83,78300,c,1.121449589729309,2,524,
83,78300,d,1.303504765033722,2,524,
83,78300,e,1.1329193711280823,2,524,
83,78300,f,0.9910290539264679,2,524,
83,78300,g,1.121216744184494,2,524,
83,78300,h,0.9666406512260437,2,524,
83,78300,i,0.9782292246818542,2,524,
83,78600,a,1.0422003865242004,2,526,
83,78600,b,1.2846999764442444,2,526,
83,78600,c,1.1114757061004639,2,526,
83,78600,d,0.9429419338703156,2,526,
83,78600,e,1.079721748828888,2,526,
83,78600,f,1.1208246946334839,2,526,
83,78600,g,1.1234570741653442,2,526,
83,78600,h,0.9036226868629456,2,526,
83,78600,i,1.0298757553100586,2,526,
83,78900,a,1.081691712141037,2,528,
83,78900,b,1.1861569285392761,2,528,
83,78900,c,1.1954607963562012,2,528,
83,78900,d,1.0216088891029358,2,528,
83,78900,e,0.9727746546268463,2,528,
83,78900,f,1.195338785648346,2,528,
83,78900,g,1.3455612659454346,2,528,
83,78900,h,1.0575270354747772,2,528,
83,78900,i,0.922414243221283,2,528,
83,79200,a,1.041109412908554,2,530,
83,79200,b,1.2005202770233154,2,530,
83,79200,c,1.2671629786491394,2,530,
83,79200,d,1.0008909702301025,2,530,
83,79200,e,0.9932631254196167,2,530,
83,79200,f,1.2571721076965332,2,530,
83,79200,g,1.3030038475990295,2,530,
83,79200,h,0.9735632836818695,2,530,
83,79200,i,1.1950234770774841,2,530,
83,79500,a,1.2101293802261353,2,532,
83,79500,b,1.41096830368042,2,532,
83,79500,c,1.1271851658821106,2,532,
83,79500,d,1.0297922492027283,2,532,
83,79500,e,1.0905155539512634,2,532,
83,79500,f,1.183712363243103,2,532,
83,79500,g,1.426284372806549,2,532,
83,79500,h,0.9394335746765137,2,532,
83,79500,i,1.0919556021690369,2,532,
83,79800,a,0.9791109561920166,2,534,
83,79800,b,1.3094143271446228,2,534,
83,79800,c,1.1376293301582336,2,534,
83,79800,d,1.1288725137710571,2,534,
83,79800,e,1.2889583110809326,2,534,
83,79800,f,1.1798712015151978,2,534,
83,79800,g,1.2432905435562134,2,534,
83,79800,h,1.1079890727996826,2,534,
83,79800,i,1.0582217574119568,2,534,
83,80100,a,1.137712836265564,2,536,
83,80100,b,1.214495837688446,2,536,
83,80100,c,1.2677261233329773,2,536,
83,80100,d,1.0402637124061584,2,536,
83,80100,e,1.0336764454841614,2,536,
83,80100,f,1.0798428654670715,2,536,
83,80100,g,1.0379770994186401,2,536,
83,80100,h,1.04514878988266,2,536,
83,80100,i,1.0821687281131744,2,536,
83,80400,a,1.1247671842575073,2,538,
83,80400,b,1.0674068331718445,2,538,
83,80400,c,1.4058105945587158,2,538,
83,80400,d,1.0342264771461487,2,538,
83,80400,e,0.9639339447021484,2,538,
83,80400,f,1.0210207104682922,2,538,
83,80400,g,1.137054681777954,2,538,
83,80400,h,1.0227962136268616,2,538,
83,80400,i,1.0494544804096222,2,538,
83,80700,a,1.1081141531467438,2,540,
83,80700,b,1.1205532550811768,2,540,
83,80700,c,1.1791573762893677,2,540,
83,80700,d,0.8737432956695557,2,540,
83,80700,e,1.0113143920898438,2,540,
83,80700,f,1.162227213382721,2,540,
83,80700,g,1.125460922718048,2,540,
83,80700,h,1.2398546934127808,2,540,
83,80700,i,1.0739718675613403,2,540,
83,81000,a,1.087539792060852,2,542,
83,81000,b,1.4228989481925964,2,542,
83,81000,c,1.187193214893341,2,542,
83,81000,d,0.9833189845085144,2,542,
83,81000,e,1.0611171126365662,2,542,
83,81000,f,1.0732093155384064,2,542,
83,81000,g,1.1248565316200256,2,542,
83,81000,h,1.0010437965393066,2,542,
83,81000,i,1.0478354096412659,2,542,
83,81300,a,1.0489654541015625,2,544,
83,81300,b,1.3788712620735168,2,544,
83,81300,c,1.251637876033783,2,544,
83,81300,d,1.0611751675605774,2,544,
83,81300,e,1.2218981385231018,2,544,
83,81300,f,1.1165885925292969,2,544,
83,81300,g,1.006196767091751,2,544,
83,81300,h,0.9204531908035278,2,544,
83,81300,i,0.9721630811691284,2,544,
83,81600,a,1.1036866903305054,2,546,
83,81600,b,1.1741764545440674,2,546,
83,81600,c,1.0115588903427124,2,546,
83,81600,d,1.0051603615283966,2,546,
83,81600,e,0.9368537664413452,2,546,
83,81600,f,0.9557324647903442,2,546,
83,81600,g,1.1876142621040344,2,546,
83,81600,h,1.029248297214508,2,546,
83,81600,i,1.210419774055481,2,546,
83,81900,a,1.142109453678131,2,548,
83,81900,b,1.171184003353119,2,548,
83,81900,c,1.100419521331787,2,548,
83,81900,d,1.1200268268585205,2,548,
83,81900,e,0.9276138842105865,2,548,
83,81900,f,1.1644253134727478,2,548,
83,81900,g,0.8564559519290924,2,548,
83,81900,h,0.8686352670192719,2,548,
83,81900,i,1.0037590861320496,2,548,
83,82200,a,1.1509299874305725,2,550,
83,82200,b,1.2157685160636902,2,550,
83,82200,c,1.2219275832176208,2,550,
83,82200,d,0.9313565492630005,2,550,
83,82200,e,1.0486403703689575,2,550,
83,82200,f,0.98212531208992,2,550,
83,82200,g,0.9765391945838928,2,550,
83,82200,h,0.8695589303970337,2,550,
83,82200,i,1.055618405342102,2,550,
83,82500,a,1.0936614871025085,2,552,
83,82500,b,1.1273646354675293,2,552,
83,82500,c,1.127950668334961,2,552,
83,82500,d,1.1464210748672485,2,552,
83,82500,e,0.9282584488391876,2,552,
83,82500,f,1.1120679378509521,2,552,
83,82500,g,1.0787319540977478,2,552,
83,82500,h,0.9563449919223785,2,552,
83,82500,i,1.0139735341072083,2,552,
83,82800,a,1.1882525086402893,2,554,
83,82800,b,1.0871877670288086,2,554,
83,82800,c,1.224513590335846,2,554,
83,82800,d,0.9018867015838623,2,554,
83,82800,e,1.1455252170562744,2,554,
83,82800,f,0.9248297214508057,2,554,
83,82800,g,1.1148261427879333,2,554,
83,82800,h,0.8923142850399017,2,554,
83,82800,i,0.9758114218711853,2,554,
83,83100,a,1.1764228343963623,2,556,
83,83100,b,1.1444259881973267,2,556,
83,83100,c,1.2518181800842285,2,556,
83,83100,d,1.0106385350227356,2,556,
83,83100,e,1.2823001146316528,2,556,
83,83100,f,1.0795250535011292,2,556,
83,83100,g,1.0350497364997864,2,556,
83,83100,h,0.7815548777580261,2,556,
83,83100,i,1.0114649534225464,2,556,
83,83400,a,1.2419482469558716,2,558,
83,83400,b,0.9650514125823975,2,558,
83,83400,c,1.1565322279930115,2,558,
83,83400,d,1.0860357880592346,2,558,
83,83400,e,1.133222222328186,2,558,
83,83400,f,1.253008782863617,2,558,
83,83400,g,1.0952317118644714,2,558,
83,83400,h,1.071461796760559,2,558,
83,83400,i,0.9694186449050903,2,558,
83,83700,a,1.074999451637268,2,560,
83,83700,b,1.079463541507721,2,560,
83,83700,c,1.1584776043891907,2,560,
83,83700,d,1.1623568534851074,2,560,
83,83700,e,0.9671003222465515,2,560,
83,83700,f,1.08457151055336,2,560,
83,83700,g,1.1854807138442993,2,560,
83,83700,h,1.0552178025245667,2,560,
83,83700,i,1.0284186601638794,2,560,
83,84000,a,1.1759252548217773,2,562,
83,84000,b,1.022711157798767,2,562,
83,84000,c,1.3067727088928223,2,562,
83,84000,d,0.8606913983821869,2,562,
83,84000,e,0.9439880549907684,2,562,
83,84000,f,1.190792977809906,2,562,
83,84000,g,1.0388150811195374,2,562,
83,84000,h,1.0564891695976257,2,562,
83,84000,i,0.8855957686901093,2,562,
83,84300,a,1.1882601976394653,2,564,
83,84300,b,1.1822890043258667,2,564,
83,84300,c,1.1258383393287659,2,564,
83,84300,d,1.050751268863678,2,564,
83,84300,e,0.9129800200462341,2,564,
83,84300,f,0.9757428169250488,2,564,
83,84300,g,1.0623279809951782,2,564,
83,84300,h,1.0025050342082977,2,564,
83,84300,i,1.010461002588272,2,564,
83,84600,a,1.0723292827606201,2,566,
83,84600,b,1.263063132762909,2,566,
83,84600,c,1.1873250007629395,2,566,
83,84600,d,0.94339320063591,2,566,
83,84600,e,1.1369565725326538,2,566,
83,84600,f,0.994379073381424,2,566,
83,84600,g,1.1230891942977905,2,566,
83,84600,h,1.0340343117713928,2,566,
83,84600,i,0.9979534447193146,2,566,
83,84900,a,1.2655352354049683,2,568,
83,84900,b,1.122216820716858,2,568,
83,84900,c,1.2539816498756409,2,568,
83,84900,d,0.9269300699234009,2,568,
83,84900,e,1.0244483053684235,2,568,
83,84900,f,1.0905507802963257,2,568,
83,84900,g,1.1045439839363098,2,568,
83,84900,h,0.9707198739051819,2,568,
83,84900,i,1.0306611061096191,2,568,
83,85200,a,1.1281565427780151,2,570,
83,85200,b,1.1869010925292969,2,570,
83,85200,c,1.4366254806518555,2,570,
83,85200,d,0.9245105981826782,2,570,
83,85200,e,0.8854421675205231,2,570,
83,85200,f,0.9967437982559204,2,570,
83,85200,g,0.9673417806625366,2,570,
83,85200,h,0.9657255411148071,2,570,
83,85200,i,1.038624107837677,2,570,
83,85500,a,1.0951144099235535,2,572,
83,85500,b,1.1140873432159424,2,572,
83,85500,c,1.1315867900848389,2,572,
83,85500,d,1.043246567249298,2,572,
83,85500,e,1.0817155241966248,2,572,
83,85500,f,0.9382270574569702,2,572,
83,85500,g,1.213765263557434,2,572,
83,85500,h,0.9947924613952637,2,572,
83,85500,i,1.0087118744850159,2,572,
83,85800,a,1.1790580749511719,2,574,
83,85800,b,1.2311450242996216,2,574,
83,85800,c,1.3277584314346313,2,574,
83,85800,d,1.1157344579696655,2,574,
83,85800,e,0.8903045952320099,2,574,
83,85800,f,1.1556317806243896,2,574,
83,85800,g,1.2244493961334229,2,574,
83,85800,h,1.0617557168006897,2,574,
83,85800,i,1.0873799920082092,2,574,
83,86100,a,1.0573706328868866,2,576,
83,86100,b,1.176741600036621,2,576,
83,86100,c,1.4247238039970398,2,576,
83,86100,d,1.148900032043457,2,576,
83,86100,e,0.8717561662197113,2,576,
83,86100,f,1.0762103199958801,2,576,
83,86100,g,0.9881504774093628,2,576,
83,86100,h,0.9346268773078918,2,576,
83,86100,i,0.9444146156311035,2,576,
83,86400,a,1.0205380320549011,2,578,
83,86400,b,1.101149082183838,2,578,
83,86400,c,0.9848473072052002,2,578,
83,86400,d,0.9456252455711365,2,578,
83,86400,e,0.7963517904281616,2,578,
83,86400,f,0.930279552936554,2,578,
83,86400,g,1.0094083845615387,2,578,
83,86400,h,0.83028843998909,2,578,
83,86400,i,1.1910095810890198,2,578,
